  0
SECTION
  2
HEADER
  9
$ANGBASE
  50
0.0
  9
$ANGDIR
  70
1
  9
$MEASUREMENT
  70
0
  0
ENDSEC
  0
SECTION
  2
TABLES
  0
TABLE
  2
LTYPE
  70
4
  0
LTYPE
  5
40F
  2
CONTINUOUS
  70
0
  3
Solid line
  72
65
  73
0
  40
0.0
  0
LTYPE
  5
410
  2
DASHDOT
 70
0
  3
Dash Dot ____ _ ____ _
 72
65
 73
4
 40
2.0
 49
1.25
 49
-0.25
 49
0.25
 49
-0.25
  0
LTYPE
  5
411
  2
DASHED
 70
0
  3
Dashed __ __ __ __ __
 72
65
 73
2
 40
0.75
 49
0.5
 49
-0.25
  0
LTYPE
  5
43B
  2
DOTTED
 70
0
  3
Dotted .  .  .  .
 72
65
 73
2
 40
0.2
 49
0.0
 49
-0.2
  0
ENDTAB
  0
TABLE
  2
STYLE
  70
4
  0
STYLE
  2
KICAD
  70
0
  40
0
  41
1
  42
1
  50
0
  71
0
  3
isocp.shx
  0
STYLE
  2
KICADB
  70
0
  40
0
  41
1
  42
1
  50
0
  71
0
  3
isocp.shx
  0
STYLE
  2
KICADI
  70
0
  40
0
  41
1
  42
1
  50
15
  71
0
  3
isocp.shx
  0
STYLE
  2
KICADBI
  70
0
  40
0
  41
1
  42
1
  50
15
  71
0
  3
isocp.shx
  0
ENDTAB
  0
TABLE
  2
LAYER
  70
1
  0
LAYER
  2
BLACK
  70
0
  62
7
  6
CONTINUOUS
  0
ENDTAB
  0
ENDSEC
  0
SECTION
  2
ENTITIES
0
LINE
8
BLACK
6
CONTINUOUS
10
-1.6439548818897638
20
1.5320252362204725
11
-1.6438568897637795
21
1.5319846456692914
0
LINE
8
BLACK
6
CONTINUOUS
10
-1.6438568897637795
20
1.5319846456692914
11
-1.6437510629921259
21
1.5319771259842518
0
LINE
8
BLACK
6
CONTINUOUS
10
-1.6437510629921259
20
1.5319771259842518
11
-1.6432104330708661
21
1.5317702362204724
0
LINE
8
BLACK
6
CONTINUOUS
10
-1.6432104330708661
20
1.5317702362204724
11
-1.639460905511811
21
1.5298954724409448
0
LINE
8
BLACK
6
CONTINUOUS
10
-1.639460905511811
20
1.5298954724409448
11
-1.6392129133858266
21
1.5297394094488188
0
LINE
8
BLACK
6
CONTINUOUS
10
-1.6392129133858266
20
1.5297394094488188
11
-1.6391409448818897
21
1.5297095669291338
0
LINE
8
BLACK
6
CONTINUOUS
10
-1.6391409448818897
20
1.5297095669291338
11
-1.63906
21
1.5296431102362205
0
LINE
8
BLACK
6
CONTINUOUS
10
-1.63906
20
1.5296431102362205
11
-1.6389710236220472
21
1.5295871259842519
0
LINE
8
BLACK
6
CONTINUOUS
10
-1.6389710236220472
20
1.5295871259842519
11
-1.6389198818897637
21
1.5295281496062991
0
LINE
8
BLACK
6
CONTINUOUS
10
-1.6389198818897637
20
1.5295281496062991
11
-1.6386935039370079
21
1.5293423622047244
0
LINE
8
BLACK
6
CONTINUOUS
10
-1.6386935039370079
20
1.5293423622047244
11
-1.6370318897637794
21
1.527680748031496
0
LINE
8
BLACK
6
CONTINUOUS
10
-1.6370318897637794
20
1.527680748031496
11
-1.635370275590551
21
1.5293423622047244
0
LINE
8
BLACK
6
CONTINUOUS
10
-1.635370275590551
20
1.5293423622047244
11
-1.635143937007874
21
1.5295281496062991
0
LINE
8
BLACK
6
CONTINUOUS
10
-1.635143937007874
20
1.5295281496062991
11
-1.6350927559055117
21
1.5295871259842519
0
LINE
8
BLACK
6
CONTINUOUS
10
-1.6350927559055117
20
1.5295871259842519
11
-1.6350038188976377
21
1.5296431102362205
0
LINE
8
BLACK
6
CONTINUOUS
10
-1.6350038188976377
20
1.5296431102362205
11
-1.6349228346456692
21
1.5297095669291338
0
LINE
8
BLACK
6
CONTINUOUS
10
-1.6349228346456692
20
1.5297095669291338
11
-1.634850905511811
21
1.5297394094488188
0
LINE
8
BLACK
6
CONTINUOUS
10
-1.634850905511811
20
1.5297394094488188
11
-1.6346028740157479
21
1.5298954724409448
0
LINE
8
BLACK
6
CONTINUOUS
10
-1.6346028740157479
20
1.5298954724409448
11
-1.6308533464566928
21
1.5317702362204724
0
LINE
8
BLACK
6
CONTINUOUS
10
-1.6308533464566928
20
1.5317702362204724
11
-1.6303127559055117
21
1.5319771259842518
0
LINE
8
BLACK
6
CONTINUOUS
10
-1.6303127559055117
20
1.5319771259842518
11
-1.6302068897637796
21
1.5319846850393701
0
LINE
8
BLACK
6
CONTINUOUS
10
-1.6302068897637796
20
1.5319846850393701
11
-1.6301088976377953
21
1.5320252362204725
0
LINE
8
BLACK
6
CONTINUOUS
10
-1.6301088976377953
20
1.5320252362204725
11
-1.6295328346456692
21
1.5320819685039371
0
LINE
8
BLACK
6
CONTINUOUS
10
-1.6295328346456692
20
1.5320819685039371
11
-1.622033779527559
21
1.5320819685039371
0
LINE
8
BLACK
6
CONTINUOUS
10
-1.622033779527559
20
1.5320819685039371
11
-1.6214577165354331
21
1.5320252362204725
0
LINE
8
BLACK
6
CONTINUOUS
10
-1.6214577165354331
20
1.5320252362204725
11
-1.6213597244094489
21
1.5319846456692914
0
LINE
8
BLACK
6
CONTINUOUS
10
-1.6213597244094489
20
1.5319846456692914
11
-1.6212538976377953
21
1.5319771259842518
0
LINE
8
BLACK
6
CONTINUOUS
10
-1.6212538976377953
20
1.5319771259842518
11
-1.6207132677165355
21
1.5317702362204724
0
LINE
8
BLACK
6
CONTINUOUS
10
-1.6207132677165355
20
1.5317702362204724
11
-1.6169637401574803
21
1.5298954724409448
0
LINE
8
BLACK
6
CONTINUOUS
10
-1.6169637401574803
20
1.5298954724409448
11
-1.6167158661417322
21
1.5297394488188976
0
LINE
8
BLACK
6
CONTINUOUS
10
-1.6167158661417322
20
1.5297394488188976
11
-1.6166438188976378
21
1.5297096062992126
0
LINE
8
BLACK
6
CONTINUOUS
10
-1.6166438188976378
20
1.5297096062992126
11
-1.6165627952755905
21
1.5296431102362205
0
LINE
8
BLACK
6
CONTINUOUS
10
-1.6165627952755905
20
1.5296431102362205
11
-1.6164738582677165
21
1.5295871259842519
0
LINE
8
BLACK
6
CONTINUOUS
10
-1.6164738582677165
20
1.5295871259842519
11
-1.616422716535433
21
1.5295281496062991
0
LINE
8
BLACK
6
CONTINUOUS
10
-1.616422716535433
20
1.5295281496062991
11
-1.6161963779527559
21
1.5293424015748032
0
LINE
8
BLACK
6
CONTINUOUS
10
-1.6161963779527559
20
1.5293424015748032
11
-1.6143215748031496
21
1.5274676377952756
0
LINE
8
BLACK
6
CONTINUOUS
10
-1.6143215748031496
20
1.5274676377952756
11
-1.6141358267716535
21
1.5272412992125983
0
LINE
8
BLACK
6
CONTINUOUS
10
-1.6141358267716535
20
1.5272412992125983
11
-1.6140767716535434
21
1.5271900787401576
0
LINE
8
BLACK
6
CONTINUOUS
10
-1.6140767716535434
20
1.5271900787401576
11
-1.6140207874015748
21
1.5271011417322835
0
LINE
8
BLACK
6
CONTINUOUS
10
-1.6140207874015748
20
1.5271011417322835
11
-1.6139543307086615
21
1.5270201574803148
0
LINE
8
BLACK
6
CONTINUOUS
10
-1.6139543307086615
20
1.5270201574803148
11
-1.613924527559055
21
1.5269482283464566
0
LINE
8
BLACK
6
CONTINUOUS
10
-1.613924527559055
20
1.5269482283464566
11
-1.6137684251968503
21
1.5267001968503937
0
LINE
8
BLACK
6
CONTINUOUS
10
-1.6137684251968503
20
1.5267001968503937
11
-1.6118936614173227
21
1.5229506692913386
0
LINE
8
BLACK
6
CONTINUOUS
10
-1.6118936614173227
20
1.5229506692913386
11
-1.6116867716535432
21
1.5224100787401575
0
LINE
8
BLACK
6
CONTINUOUS
10
-1.6116867716535432
20
1.5224100787401575
11
-1.6116792519685039
21
1.5223042125984252
0
LINE
8
BLACK
6
CONTINUOUS
10
-1.6116792519685039
20
1.5223042125984252
11
-1.6116386614173228
21
1.5222062204724409
0
LINE
8
BLACK
6
CONTINUOUS
10
-1.6116386614173228
20
1.5222062204724409
11
-1.6115819291338582
21
1.5216301574803148
0
LINE
8
BLACK
6
CONTINUOUS
10
-1.6115819291338582
20
1.5216301574803148
11
-1.6115819291338582
21
1.5141311023622046
0
LINE
8
BLACK
6
CONTINUOUS
10
-1.6115819291338582
20
1.5141311023622046
11
-1.6116386614173228
21
1.5135550393700787
0
LINE
8
BLACK
6
CONTINUOUS
10
-1.6116386614173228
20
1.5135550393700787
11
-1.6116792519685039
21
1.5134570866141732
0
LINE
8
BLACK
6
CONTINUOUS
10
-1.6116792519685039
20
1.5134570866141732
11
-1.6116867716535432
21
1.5133511811023621
0
LINE
8
BLACK
6
CONTINUOUS
10
-1.6116867716535432
20
1.5133511811023621
11
-1.6118936614173227
21
1.5128105905511811
0
LINE
8
BLACK
6
CONTINUOUS
10
-1.6118936614173227
20
1.5128105905511811
11
-1.6137684251968503
21
1.5090610629921259
0
LINE
8
BLACK
6
CONTINUOUS
10
-1.6137684251968503
20
1.5090610629921259
11
-1.613924527559055
21
1.5088130708661418
0
LINE
8
BLACK
6
CONTINUOUS
10
-1.613924527559055
20
1.5088130708661418
11
-1.6139543307086615
21
1.5087411023622046
0
LINE
8
BLACK
6
CONTINUOUS
10
-1.6139543307086615
20
1.5087411023622046
11
-1.6140207874015748
21
1.5086601574803149
0
LINE
8
BLACK
6
CONTINUOUS
10
-1.6140207874015748
20
1.5086601574803149
11
-1.6140767716535434
21
1.5085711811023621
0
LINE
8
BLACK
6
CONTINUOUS
10
-1.6140767716535434
20
1.5085711811023621
11
-1.6141358267716535
21
1.5085199999999999
0
LINE
8
BLACK
6
CONTINUOUS
10
-1.6141358267716535
20
1.5085199999999999
11
-1.6143215748031496
21
1.508293622047244
0
LINE
8
BLACK
6
CONTINUOUS
10
-1.6143215748031496
20
1.508293622047244
11
-1.6161963779527559
21
1.5064188582677165
0
LINE
8
BLACK
6
CONTINUOUS
10
-1.6161963779527559
20
1.5064188582677165
11
-1.616422716535433
21
1.5062331496062993
0
LINE
8
BLACK
6
CONTINUOUS
10
-1.616422716535433
20
1.5062331496062993
11
-1.6164738582677165
21
1.5061741338582677
0
LINE
8
BLACK
6
CONTINUOUS
10
-1.6164738582677165
20
1.5061741338582677
11
-1.6165627952755905
21
1.5061181889763779
0
LINE
8
BLACK
6
CONTINUOUS
10
-1.6165627952755905
20
1.5061181889763779
11
-1.6166438188976378
21
1.5060516535433071
0
LINE
8
BLACK
6
CONTINUOUS
10
-1.6166438188976378
20
1.5060516535433071
11
-1.6167158661417322
21
1.5060218503937008
0
LINE
8
BLACK
6
CONTINUOUS
10
-1.6167158661417322
20
1.5060218503937008
11
-1.6169637401574803
21
1.5058657874015748
0
LINE
8
BLACK
6
CONTINUOUS
10
-1.6169637401574803
20
1.5058657874015748
11
-1.6207132677165355
21
1.5039910236220473
0
LINE
8
BLACK
6
CONTINUOUS
10
-1.6207132677165355
20
1.5039910236220473
11
-1.6212538976377953
21
1.5037841338582676
0
LINE
8
BLACK
6
CONTINUOUS
10
-1.6212538976377953
20
1.5037841338582676
11
-1.6213597244094489
21
1.503776653543307
0
LINE
8
BLACK
6
CONTINUOUS
10
-1.6213597244094489
20
1.503776653543307
11
-1.6214577165354331
21
1.5037360236220472
0
LINE
8
BLACK
6
CONTINUOUS
10
-1.6214577165354331
20
1.5037360236220472
11
-1.622033779527559
21
1.5036792913385826
0
LINE
8
BLACK
6
CONTINUOUS
10
-1.622033779527559
20
1.5036792913385826
11
-1.6295328346456692
21
1.5036792913385826
0
LINE
8
BLACK
6
CONTINUOUS
10
-1.6295328346456692
20
1.5036792913385826
11
-1.6301088976377953
21
1.5037360236220472
0
LINE
8
BLACK
6
CONTINUOUS
10
-1.6301088976377953
20
1.5037360236220472
11
-1.6302068897637796
21
1.5037766141732283
0
LINE
8
BLACK
6
CONTINUOUS
10
-1.6302068897637796
20
1.5037766141732283
11
-1.6303127559055117
21
1.5037841338582676
0
LINE
8
BLACK
6
CONTINUOUS
10
-1.6303127559055117
20
1.5037841338582676
11
-1.6308533464566928
21
1.5039910236220473
0
LINE
8
BLACK
6
CONTINUOUS
10
-1.6308533464566928
20
1.5039910236220473
11
-1.6346028740157479
21
1.5058657874015748
0
LINE
8
BLACK
6
CONTINUOUS
10
-1.6346028740157479
20
1.5058657874015748
11
-1.634850905511811
21
1.5060218897637796
0
LINE
8
BLACK
6
CONTINUOUS
10
-1.634850905511811
20
1.5060218897637796
11
-1.6349228346456692
21
1.5060516929133858
0
LINE
8
BLACK
6
CONTINUOUS
10
-1.6349228346456692
20
1.5060516929133858
11
-1.6350038188976377
21
1.5061181889763779
0
LINE
8
BLACK
6
CONTINUOUS
10
-1.6350038188976377
20
1.5061181889763779
11
-1.6350927559055117
21
1.5061741338582677
0
LINE
8
BLACK
6
CONTINUOUS
10
-1.6350927559055117
20
1.5061741338582677
11
-1.635143937007874
21
1.5062331496062993
0
LINE
8
BLACK
6
CONTINUOUS
10
-1.635143937007874
20
1.5062331496062993
11
-1.635370275590551
21
1.5064188976377952
0
LINE
8
BLACK
6
CONTINUOUS
10
-1.635370275590551
20
1.5064188976377952
11
-1.6370318897637794
21
1.5080805118110236
0
LINE
8
BLACK
6
CONTINUOUS
10
-1.6370318897637794
20
1.5080805118110236
11
-1.6386935039370079
21
1.5064188976377952
0
LINE
8
BLACK
6
CONTINUOUS
10
-1.6386935039370079
20
1.5064188976377952
11
-1.6389198818897637
21
1.5062331496062993
0
LINE
8
BLACK
6
CONTINUOUS
10
-1.6389198818897637
20
1.5062331496062993
11
-1.6389710236220472
21
1.5061741338582677
0
LINE
8
BLACK
6
CONTINUOUS
10
-1.6389710236220472
20
1.5061741338582677
11
-1.63906
21
1.5061181889763779
0
LINE
8
BLACK
6
CONTINUOUS
10
-1.63906
20
1.5061181889763779
11
-1.6391409448818897
21
1.5060516929133858
0
LINE
8
BLACK
6
CONTINUOUS
10
-1.6391409448818897
20
1.5060516929133858
11
-1.6392129133858266
21
1.5060218897637796
0
LINE
8
BLACK
6
CONTINUOUS
10
-1.6392129133858266
20
1.5060218897637796
11
-1.639460905511811
21
1.5058657874015748
0
LINE
8
BLACK
6
CONTINUOUS
10
-1.639460905511811
20
1.5058657874015748
11
-1.6432104330708661
21
1.5039910236220473
0
LINE
8
BLACK
6
CONTINUOUS
10
-1.6432104330708661
20
1.5039910236220473
11
-1.6437510629921259
21
1.5037841338582676
0
LINE
8
BLACK
6
CONTINUOUS
10
-1.6437510629921259
20
1.5037841338582676
11
-1.6438568897637795
21
1.503776653543307
0
LINE
8
BLACK
6
CONTINUOUS
10
-1.6438568897637795
20
1.503776653543307
11
-1.6439548818897638
21
1.5037360236220472
0
LINE
8
BLACK
6
CONTINUOUS
10
-1.6439548818897638
20
1.5037360236220472
11
-1.6445309448818897
21
1.5036792913385826
0
LINE
8
BLACK
6
CONTINUOUS
10
-1.6445309448818897
20
1.5036792913385826
11
-1.6464057086614172
21
1.5036792913385826
0
LINE
8
BLACK
6
CONTINUOUS
10
-1.6464057086614172
20
1.5036792913385826
11
-1.6469817716535433
21
1.5037360236220472
0
LINE
8
BLACK
6
CONTINUOUS
10
-1.6469817716535433
20
1.5037360236220472
11
-1.6470797637795276
21
1.5037766141732283
0
LINE
8
BLACK
6
CONTINUOUS
10
-1.6470797637795276
20
1.5037766141732283
11
-1.6471856299212597
21
1.5037841338582676
0
LINE
8
BLACK
6
CONTINUOUS
10
-1.6471856299212597
20
1.5037841338582676
11
-1.647726220472441
21
1.5039910236220473
0
LINE
8
BLACK
6
CONTINUOUS
10
-1.647726220472441
20
1.5039910236220473
11
-1.6514757480314961
21
1.5058657874015748
0
LINE
8
BLACK
6
CONTINUOUS
10
-1.6514757480314961
20
1.5058657874015748
11
-1.651723779527559
21
1.5060218897637796
0
LINE
8
BLACK
6
CONTINUOUS
10
-1.651723779527559
20
1.5060218897637796
11
-1.6517957086614172
21
1.5060516929133858
0
LINE
8
BLACK
6
CONTINUOUS
10
-1.6517957086614172
20
1.5060516929133858
11
-1.6518766929133857
21
1.5061181889763779
0
LINE
8
BLACK
6
CONTINUOUS
10
-1.6518766929133857
20
1.5061181889763779
11
-1.6519656299212597
21
1.5061741338582677
0
LINE
8
BLACK
6
CONTINUOUS
10
-1.6519656299212597
20
1.5061741338582677
11
-1.652016811023622
21
1.5062331496062993
0
LINE
8
BLACK
6
CONTINUOUS
10
-1.652016811023622
20
1.5062331496062993
11
-1.6522431496062993
21
1.5064188976377952
0
LINE
8
BLACK
6
CONTINUOUS
10
-1.6522431496062993
20
1.5064188976377952
11
-1.6541179133858268
21
1.5082936614173228
0
LINE
8
BLACK
6
CONTINUOUS
10
-1.6541179133858268
20
1.5082936614173228
11
-1.6543037007874015
21
1.5085200393700786
0
LINE
8
BLACK
6
CONTINUOUS
10
-1.6543037007874015
20
1.5085200393700786
11
-1.6543626771653543
21
1.5085711811023621
0
LINE
8
BLACK
6
CONTINUOUS
10
-1.6543626771653543
20
1.5085711811023621
11
-1.6544186614173229
21
1.5086601574803149
0
LINE
8
BLACK
6
CONTINUOUS
10
-1.6544186614173229
20
1.5086601574803149
11
-1.6544851181102362
21
1.5087411023622046
0
LINE
8
BLACK
6
CONTINUOUS
10
-1.6544851181102362
20
1.5087411023622046
11
-1.6545149606299212
21
1.5088130708661418
0
LINE
8
BLACK
6
CONTINUOUS
10
-1.6545149606299212
20
1.5088130708661418
11
-1.6546710236220472
21
1.5090610629921259
0
LINE
8
BLACK
6
CONTINUOUS
10
-1.6546710236220472
20
1.5090610629921259
11
-1.6565457874015748
21
1.5128105905511811
0
LINE
8
BLACK
6
CONTINUOUS
10
-1.6565457874015748
20
1.5128105905511811
11
-1.6567526771653542
21
1.5133512204724409
0
LINE
8
BLACK
6
CONTINUOUS
10
-1.6567526771653542
20
1.5133512204724409
11
-1.6567601968503938
21
1.5134570472440945
0
LINE
8
BLACK
6
CONTINUOUS
10
-1.6567601968503938
20
1.5134570472440945
11
-1.6568007874015747
21
1.5135550393700787
0
LINE
8
BLACK
6
CONTINUOUS
10
-1.6568007874015747
20
1.5135550393700787
11
-1.6568575196850392
21
1.5141311023622046
0
LINE
8
BLACK
6
CONTINUOUS
10
-1.6568575196850392
20
1.5141311023622046
11
-1.6568575196850392
21
1.5216301574803148
0
LINE
8
BLACK
6
CONTINUOUS
10
-1.6568575196850392
20
1.5216301574803148
11
-1.6568007874015747
21
1.5222062204724409
0
LINE
8
BLACK
6
CONTINUOUS
10
-1.6568007874015747
20
1.5222062204724409
11
-1.6567601968503938
21
1.5223042519685039
0
LINE
8
BLACK
6
CONTINUOUS
10
-1.6567601968503938
20
1.5223042519685039
11
-1.6567526771653542
21
1.5224100393700788
0
LINE
8
BLACK
6
CONTINUOUS
10
-1.6567526771653542
20
1.5224100393700788
11
-1.6565457874015748
21
1.5229506692913386
0
LINE
8
BLACK
6
CONTINUOUS
10
-1.6565457874015748
20
1.5229506692913386
11
-1.6546710236220472
21
1.5267001968503937
0
LINE
8
BLACK
6
CONTINUOUS
10
-1.6546710236220472
20
1.5267001968503937
11
-1.6545149606299212
21
1.5269482283464566
0
LINE
8
BLACK
6
CONTINUOUS
10
-1.6545149606299212
20
1.5269482283464566
11
-1.6544851181102362
21
1.5270201574803148
0
LINE
8
BLACK
6
CONTINUOUS
10
-1.6544851181102362
20
1.5270201574803148
11
-1.6544186614173229
21
1.5271011417322835
0
LINE
8
BLACK
6
CONTINUOUS
10
-1.6544186614173229
20
1.5271011417322835
11
-1.6543626771653543
21
1.5271900787401576
0
LINE
8
BLACK
6
CONTINUOUS
10
-1.6543626771653543
20
1.5271900787401576
11
-1.6543037007874015
21
1.5272412598425196
0
LINE
8
BLACK
6
CONTINUOUS
10
-1.6543037007874015
20
1.5272412598425196
11
-1.6541179133858268
21
1.5274675984251969
0
LINE
8
BLACK
6
CONTINUOUS
10
-1.6541179133858268
20
1.5274675984251969
11
-1.6522431496062993
21
1.5293423622047244
0
LINE
8
BLACK
6
CONTINUOUS
10
-1.6522431496062993
20
1.5293423622047244
11
-1.652016811023622
21
1.5295281496062991
0
LINE
8
BLACK
6
CONTINUOUS
10
-1.652016811023622
20
1.5295281496062991
11
-1.6519656299212597
21
1.5295871259842519
0
LINE
8
BLACK
6
CONTINUOUS
10
-1.6519656299212597
20
1.5295871259842519
11
-1.6518766929133857
21
1.5296431102362205
0
LINE
8
BLACK
6
CONTINUOUS
10
-1.6518766929133857
20
1.5296431102362205
11
-1.6517957086614172
21
1.5297095669291338
0
LINE
8
BLACK
6
CONTINUOUS
10
-1.6517957086614172
20
1.5297095669291338
11
-1.651723779527559
21
1.5297394094488188
0
LINE
8
BLACK
6
CONTINUOUS
10
-1.651723779527559
20
1.5297394094488188
11
-1.6514757480314961
21
1.5298954724409448
0
LINE
8
BLACK
6
CONTINUOUS
10
-1.6514757480314961
20
1.5298954724409448
11
-1.647726220472441
21
1.5317702362204724
0
LINE
8
BLACK
6
CONTINUOUS
10
-1.647726220472441
20
1.5317702362204724
11
-1.6471856299212597
21
1.5319771259842518
0
LINE
8
BLACK
6
CONTINUOUS
10
-1.6471856299212597
20
1.5319771259842518
11
-1.6470797637795276
21
1.5319846850393701
0
LINE
8
BLACK
6
CONTINUOUS
10
-1.6470797637795276
20
1.5319846850393701
11
-1.6469817716535433
21
1.5320252362204725
0
LINE
8
BLACK
6
CONTINUOUS
10
-1.6469817716535433
20
1.5320252362204725
11
-1.6464057086614172
21
1.5320819685039371
0
LINE
8
BLACK
6
CONTINUOUS
10
-1.6464057086614172
20
1.5320819685039371
11
-1.6445309448818897
21
1.5320819685039371
0
LINE
8
BLACK
6
CONTINUOUS
10
-1.6445309448818897
20
1.5320819685039371
11
-1.6439548818897638
21
1.5320252362204725
0
LINE
8
BLACK
6
CONTINUOUS
10
-1.6484061417322835
20
1.5248277165354331
11
-1.6496032677165353
21
1.5236305905511811
0
LINE
8
BLACK
6
CONTINUOUS
10
-1.6496032677165353
20
1.5236305905511811
11
-1.6509520078740156
21
1.5209331102362205
0
LINE
8
BLACK
6
CONTINUOUS
10
-1.6509520078740156
20
1.5209331102362205
11
-1.6509520078740156
21
1.5148281496062992
0
LINE
8
BLACK
6
CONTINUOUS
10
-1.6509520078740156
20
1.5148281496062992
11
-1.6496032677165353
21
1.5121306692913385
0
LINE
8
BLACK
6
CONTINUOUS
10
-1.6496032677165353
20
1.5121306692913385
11
-1.6484061417322835
21
1.5109335433070865
0
LINE
8
BLACK
6
CONTINUOUS
10
-1.6484061417322835
20
1.5109335433070865
11
-1.6457086614173229
21
1.5095848031496062
0
LINE
8
BLACK
6
CONTINUOUS
10
-1.6457086614173229
20
1.5095848031496062
11
-1.6452279921259843
21
1.5095848031496062
0
LINE
8
BLACK
6
CONTINUOUS
10
-1.6452279921259843
20
1.5095848031496062
11
-1.6425305118110236
21
1.5109335433070865
0
LINE
8
BLACK
6
CONTINUOUS
10
-1.6425305118110236
20
1.5109335433070865
11
-1.6413333858267716
21
1.5121306692913385
0
LINE
8
BLACK
6
CONTINUOUS
10
-1.6413333858267716
20
1.5121306692913385
11
-1.6399846456692913
21
1.5148281496062992
0
LINE
8
BLACK
6
CONTINUOUS
10
-1.6399846456692913
20
1.5148281496062992
11
-1.6399846456692913
21
1.5209331102362205
0
LINE
8
BLACK
6
CONTINUOUS
10
-1.6399846456692913
20
1.5209331102362205
11
-1.6413333858267716
21
1.5236305905511811
0
LINE
8
BLACK
6
CONTINUOUS
10
-1.6413333858267716
20
1.5236305905511811
11
-1.6425305118110236
21
1.5248277165354331
0
LINE
8
BLACK
6
CONTINUOUS
10
-1.6425305118110236
20
1.5248277165354331
11
-1.6452279921259843
21
1.5261764566929132
0
LINE
8
BLACK
6
CONTINUOUS
10
-1.6452279921259843
20
1.5261764566929132
11
-1.6457086614173229
21
1.5261764566929132
0
LINE
8
BLACK
6
CONTINUOUS
10
-1.6457086614173229
20
1.5261764566929132
11
-1.6484061417322835
21
1.5248277165354331
0
LINE
8
BLACK
6
CONTINUOUS
10
-1.6315332677165355
20
1.5248277165354331
11
-1.6327303937007873
21
1.5236305905511811
0
LINE
8
BLACK
6
CONTINUOUS
10
-1.6327303937007873
20
1.5236305905511811
11
-1.6340791338582676
21
1.5209331102362205
0
LINE
8
BLACK
6
CONTINUOUS
10
-1.6340791338582676
20
1.5209331102362205
11
-1.6340791338582676
21
1.5148281496062992
0
LINE
8
BLACK
6
CONTINUOUS
10
-1.6340791338582676
20
1.5148281496062992
11
-1.6327303937007873
21
1.5121306692913385
0
LINE
8
BLACK
6
CONTINUOUS
10
-1.6327303937007873
20
1.5121306692913385
11
-1.6315332677165355
21
1.5109335433070865
0
LINE
8
BLACK
6
CONTINUOUS
10
-1.6315332677165355
20
1.5109335433070865
11
-1.6288357874015749
21
1.5095848031496062
0
LINE
8
BLACK
6
CONTINUOUS
10
-1.6288357874015749
20
1.5095848031496062
11
-1.6227308267716536
21
1.5095848031496062
0
LINE
8
BLACK
6
CONTINUOUS
10
-1.6227308267716536
20
1.5095848031496062
11
-1.6200333464566929
21
1.5109335826771653
0
LINE
8
BLACK
6
CONTINUOUS
10
-1.6200333464566929
20
1.5109335826771653
11
-1.6188361811023622
21
1.5121307086614173
0
LINE
8
BLACK
6
CONTINUOUS
10
-1.6188361811023622
20
1.5121307086614173
11
-1.6174874409448818
21
1.5148281496062992
0
LINE
8
BLACK
6
CONTINUOUS
10
-1.6174874409448818
20
1.5148281496062992
11
-1.6174874409448818
21
1.5209331102362205
0
LINE
8
BLACK
6
CONTINUOUS
10
-1.6174874409448818
20
1.5209331102362205
11
-1.6188361811023622
21
1.5236305905511811
0
LINE
8
BLACK
6
CONTINUOUS
10
-1.6188361811023622
20
1.5236305905511811
11
-1.6200333464566929
21
1.5248277165354331
0
LINE
8
BLACK
6
CONTINUOUS
10
-1.6200333464566929
20
1.5248277165354331
11
-1.6227308267716536
21
1.5261764566929132
0
LINE
8
BLACK
6
CONTINUOUS
10
-1.6227308267716536
20
1.5261764566929132
11
-1.6288357874015749
21
1.5261764566929132
0
LINE
8
BLACK
6
CONTINUOUS
10
-1.6288357874015749
20
1.5261764566929132
11
-1.6315332677165355
21
1.5248277165354331
0
LINE
8
BLACK
6
CONTINUOUS
10
-1.6128942125984251
20
1.5690796456692913
11
-1.6120795669291339
21
1.568265
0
LINE
8
BLACK
6
CONTINUOUS
10
-1.6120795669291339
20
1.568265
11
-1.6116386614173228
21
1.567200590551181
0
LINE
8
BLACK
6
CONTINUOUS
10
-1.6116386614173228
20
1.567200590551181
11
-1.6115819291338582
21
1.5666245275590551
0
LINE
8
BLACK
6
CONTINUOUS
10
-1.6115819291338582
20
1.5666245275590551
11
-1.6115819291338582
21
1.5441273622047245
0
LINE
8
BLACK
6
CONTINUOUS
10
-1.6115819291338582
20
1.5441273622047245
11
-1.6116386614173228
21
1.5435512992125984
0
LINE
8
BLACK
6
CONTINUOUS
10
-1.6116386614173228
20
1.5435512992125984
11
-1.6120795669291339
21
1.5424868897637796
0
LINE
8
BLACK
6
CONTINUOUS
10
-1.6120795669291339
20
1.5424868897637796
11
-1.6128942125984251
21
1.5416722440944881
0
LINE
8
BLACK
6
CONTINUOUS
10
-1.6128942125984251
20
1.5416722440944881
11
-1.6139586220472442
21
1.541231338582677
0
LINE
8
BLACK
6
CONTINUOUS
10
-1.6139586220472442
20
1.541231338582677
11
-1.6151107480314961
21
1.541231338582677
0
LINE
8
BLACK
6
CONTINUOUS
10
-1.6151107480314961
20
1.541231338582677
11
-1.6161751574803149
21
1.5416722440944881
0
LINE
8
BLACK
6
CONTINUOUS
10
-1.6161751574803149
20
1.5416722440944881
11
-1.6169898031496062
21
1.5424868897637796
0
LINE
8
BLACK
6
CONTINUOUS
10
-1.6169898031496062
20
1.5424868897637796
11
-1.6174307086614172
21
1.5435512992125984
0
LINE
8
BLACK
6
CONTINUOUS
10
-1.6174307086614172
20
1.5435512992125984
11
-1.6174874409448818
21
1.5441273622047245
0
LINE
8
BLACK
6
CONTINUOUS
10
-1.6174874409448818
20
1.5441273622047245
11
-1.6174874409448818
21
1.552423188976378
0
LINE
8
BLACK
6
CONTINUOUS
10
-1.6174874409448818
20
1.552423188976378
11
-1.6449014173228347
21
1.552423188976378
0
LINE
8
BLACK
6
CONTINUOUS
10
-1.6449014173228347
20
1.552423188976378
11
-1.642443031496063
21
1.5499648031496063
0
LINE
8
BLACK
6
CONTINUOUS
10
-1.642443031496063
20
1.5499648031496063
11
-1.6422572047244095
21
1.5497384251968505
0
LINE
8
BLACK
6
CONTINUOUS
10
-1.6422572047244095
20
1.5497384251968505
11
-1.6421982677165354
21
1.549687283464567
0
LINE
8
BLACK
6
CONTINUOUS
10
-1.6421982677165354
20
1.549687283464567
11
-1.6421424015748032
21
1.5495985433070867
0
LINE
8
BLACK
6
CONTINUOUS
10
-1.6421424015748032
20
1.5495985433070867
11
-1.6420757874015748
21
1.5495173622047245
0
LINE
8
BLACK
6
CONTINUOUS
10
-1.6420757874015748
20
1.5495173622047245
11
-1.6420459448818898
21
1.5494452362204725
0
LINE
8
BLACK
6
CONTINUOUS
10
-1.6420459448818898
20
1.5494452362204725
11
-1.6418899212598426
21
1.5491974015748031
0
LINE
8
BLACK
6
CONTINUOUS
10
-1.6418899212598426
20
1.5491974015748031
11
-1.640015157480315
21
1.545447874015748
0
LINE
8
BLACK
6
CONTINUOUS
10
-1.640015157480315
20
1.545447874015748
11
-1.6398082677165353
21
1.544907283464567
0
LINE
8
BLACK
6
CONTINUOUS
10
-1.6398082677165353
20
1.544907283464567
11
-1.6397266141732283
21
1.5437580708661418
0
LINE
8
BLACK
6
CONTINUOUS
10
-1.6397266141732283
20
1.5437580708661418
11
-1.6400909448818897
21
1.5426650787401575
0
LINE
8
BLACK
6
CONTINUOUS
10
-1.6400909448818897
20
1.5426650787401575
11
-1.6408457874015747
21
1.5417947244094488
0
LINE
8
BLACK
6
CONTINUOUS
10
-1.6408457874015747
20
1.5417947244094488
11
-1.6418762992125984
21
1.5412794488188977
0
LINE
8
BLACK
6
CONTINUOUS
10
-1.6418762992125984
20
1.5412794488188977
11
-1.6430255118110235
21
1.5411977952755904
0
LINE
8
BLACK
6
CONTINUOUS
10
-1.6430255118110235
20
1.5411977952755904
11
-1.6441184645669291
21
1.541562125984252
0
LINE
8
BLACK
6
CONTINUOUS
10
-1.6441184645669291
20
1.541562125984252
11
-1.6449888582677166
21
1.5423169685039371
0
LINE
8
BLACK
6
CONTINUOUS
10
-1.6449888582677166
20
1.5423169685039371
11
-1.6452972047244094
21
1.5428068503937007
0
LINE
8
BLACK
6
CONTINUOUS
10
-1.6452972047244094
20
1.5428068503937007
11
-1.6469576771653542
21
1.5461277952755905
0
LINE
8
BLACK
6
CONTINUOUS
10
-1.6469576771653542
20
1.5461277952755905
11
-1.650161653543307
21
1.5493317716535433
0
LINE
8
BLACK
6
CONTINUOUS
10
-1.650161653543307
20
1.5493317716535433
11
-1.6555426771653543
21
1.552919094488189
0
LINE
8
BLACK
6
CONTINUOUS
10
-1.6555426771653543
20
1.552919094488189
11
-1.6555443700787402
21
1.5529204724409449
0
LINE
8
BLACK
6
CONTINUOUS
10
-1.6555443700787402
20
1.5529204724409449
11
-1.6555452362204723
21
1.5529208267716534
0
LINE
8
BLACK
6
CONTINUOUS
10
-1.6555452362204723
20
1.5529208267716534
11
-1.6555472834645668
21
1.5529228740157479
0
LINE
8
BLACK
6
CONTINUOUS
10
-1.6555472834645668
20
1.5529228740157479
11
-1.6559905118110236
21
1.5532858661417321
0
LINE
8
BLACK
6
CONTINUOUS
10
-1.6559905118110236
20
1.5532858661417321
11
-1.6561531889763779
21
1.553528779527559
0
LINE
8
BLACK
6
CONTINUOUS
10
-1.6561531889763779
20
1.553528779527559
11
-1.6563598818897638
21
1.5537354724409449
0
LINE
8
BLACK
6
CONTINUOUS
10
-1.6563598818897638
20
1.5537354724409449
11
-1.6564706299212597
21
1.5540027952755906
0
LINE
8
BLACK
6
CONTINUOUS
10
-1.6564706299212597
20
1.5540027952755906
11
-1.6566315748031495
21
1.5542431496062992
0
LINE
8
BLACK
6
CONTINUOUS
10
-1.6566315748031495
20
1.5542431496062992
11
-1.6566889370078739
21
1.5545298031496062
0
LINE
8
BLACK
6
CONTINUOUS
10
-1.6566889370078739
20
1.5545298031496062
11
-1.6568007874015747
21
1.5547998818897637
0
LINE
8
BLACK
6
CONTINUOUS
10
-1.6568007874015747
20
1.5547998818897637
11
-1.6568007874015747
21
1.5550892125984253
0
LINE
8
BLACK
6
CONTINUOUS
10
-1.6568007874015747
20
1.5550892125984253
11
-1.6568575196850392
21
1.5553728346456692
0
LINE
8
BLACK
6
CONTINUOUS
10
-1.6568575196850392
20
1.5553728346456692
11
-1.6568007874015747
21
1.5556596456692913
0
LINE
8
BLACK
6
CONTINUOUS
10
-1.6568007874015747
20
1.5556596456692913
11
-1.6568007874015747
21
1.5559520078740157
0
LINE
8
BLACK
6
CONTINUOUS
10
-1.6568007874015747
20
1.5559520078740157
11
-1.6566900787401575
21
1.5562192913385826
0
LINE
8
BLACK
6
CONTINUOUS
10
-1.6566900787401575
20
1.5562192913385826
11
-1.656633937007874
21
1.5565030708661416
0
LINE
8
BLACK
6
CONTINUOUS
10
-1.656633937007874
20
1.5565030708661416
11
-1.6564717716535433
21
1.5567463385826772
0
LINE
8
BLACK
6
CONTINUOUS
10
-1.6564717716535433
20
1.5567463385826772
11
-1.6563598818897638
21
1.5570164173228347
0
LINE
8
BLACK
6
CONTINUOUS
10
-1.6563598818897638
20
1.5570164173228347
11
-1.6561553543307086
21
1.5572209842519684
0
LINE
8
BLACK
6
CONTINUOUS
10
-1.6561553543307086
20
1.5572209842519684
11
-1.6559948425196851
21
1.5574616929133858
0
LINE
8
BLACK
6
CONTINUOUS
10
-1.6559948425196851
20
1.5574616929133858
11
-1.655751968503937
21
1.5576243700787402
0
LINE
8
BLACK
6
CONTINUOUS
10
-1.655751968503937
20
1.5576243700787402
11
-1.6555452362204723
21
1.5578310629921259
0
LINE
8
BLACK
6
CONTINUOUS
10
-1.6555452362204723
20
1.5578310629921259
11
-1.6552779527559054
21
1.5579418110236221
0
LINE
8
BLACK
6
CONTINUOUS
10
-1.6552779527559054
20
1.5579418110236221
11
-1.6550375590551181
21
1.5581027559055118
0
LINE
8
BLACK
6
CONTINUOUS
10
-1.6550375590551181
20
1.5581027559055118
11
-1.6547509448818898
21
1.5581601181102362
0
LINE
8
BLACK
6
CONTINUOUS
10
-1.6547509448818898
20
1.5581601181102362
11
-1.6544808267716535
21
1.558271968503937
0
LINE
8
BLACK
6
CONTINUOUS
10
-1.6544808267716535
20
1.558271968503937
11
-1.6539109055118111
21
1.5583281102362205
0
LINE
8
BLACK
6
CONTINUOUS
10
-1.6539109055118111
20
1.5583281102362205
11
-1.653907874015748
21
1.5583287007874016
0
LINE
8
BLACK
6
CONTINUOUS
10
-1.653907874015748
20
1.5583287007874016
11
-1.6539068503937007
21
1.5583285039370078
0
LINE
8
BLACK
6
CONTINUOUS
10
-1.6539068503937007
20
1.5583285039370078
11
-1.6539047637795274
21
1.5583287007874016
0
LINE
8
BLACK
6
CONTINUOUS
10
-1.6539047637795274
20
1.5583287007874016
11
-1.6174874409448818
21
1.5583287007874016
0
LINE
8
BLACK
6
CONTINUOUS
10
-1.6174874409448818
20
1.5583287007874016
11
-1.6174874409448818
21
1.5666245275590551
0
LINE
8
BLACK
6
CONTINUOUS
10
-1.6174874409448818
20
1.5666245275590551
11
-1.6174307086614172
21
1.567200590551181
0
LINE
8
BLACK
6
CONTINUOUS
10
-1.6174307086614172
20
1.567200590551181
11
-1.6169898031496062
21
1.568265
0
LINE
8
BLACK
6
CONTINUOUS
10
-1.6169898031496062
20
1.568265
11
-1.6161751574803149
21
1.5690796456692913
0
LINE
8
BLACK
6
CONTINUOUS
10
-1.6161751574803149
20
1.5690796456692913
11
-1.6151107480314961
21
1.5695205511811023
0
LINE
8
BLACK
6
CONTINUOUS
10
-1.6151107480314961
20
1.5695205511811023
11
-1.6139586220472442
21
1.5695205511811023
0
LINE
8
BLACK
6
CONTINUOUS
10
-1.6139586220472442
20
1.5695205511811023
11
-1.6128942125984251
21
1.5690796456692913
0
LINE
8
BLACK
6
CONTINUOUS
10
-1.6147690551181102
20
1.5878273622047243
11
-1.6147689763779527
21
1.5878273228346456
0
LINE
8
BLACK
6
CONTINUOUS
10
-1.6147689763779527
20
1.5878273228346456
11
-1.6143215354330709
21
1.5874601181102361
0
LINE
8
BLACK
6
CONTINUOUS
10
-1.6143215354330709
20
1.5874601181102361
11
-1.6124467716535433
21
1.5855853543307086
0
LINE
8
BLACK
6
CONTINUOUS
10
-1.6124467716535433
20
1.5855853543307086
11
-1.6120795669291339
21
1.5851379133858268
0
LINE
8
BLACK
6
CONTINUOUS
10
-1.6120795669291339
20
1.5851379133858268
11
-1.6119379921259842
21
1.5847961417322833
0
LINE
8
BLACK
6
CONTINUOUS
10
-1.6119379921259842
20
1.5847961417322833
11
-1.6116386614173228
21
1.584073464566929
0
LINE
8
BLACK
6
CONTINUOUS
10
-1.6116386614173228
20
1.584073464566929
11
-1.6116386614173228
21
1.5829213779527558
0
LINE
8
BLACK
6
CONTINUOUS
10
-1.6116386614173228
20
1.5829213779527558
11
-1.6120795669291339
21
1.581856968503937
0
LINE
8
BLACK
6
CONTINUOUS
10
-1.6120795669291339
20
1.581856968503937
11
-1.6124467716535433
21
1.5814095275590552
0
LINE
8
BLACK
6
CONTINUOUS
10
-1.6124467716535433
20
1.5814095275590552
11
-1.6143215354330709
21
1.5795347637795276
0
LINE
8
BLACK
6
CONTINUOUS
10
-1.6143215354330709
20
1.5795347637795276
11
-1.6147689763779527
21
1.579167559055118
0
LINE
8
BLACK
6
CONTINUOUS
10
-1.6147689763779527
20
1.579167559055118
11
-1.6158333858267717
21
1.5787266535433071
0
LINE
8
BLACK
6
CONTINUOUS
10
-1.6158333858267717
20
1.5787266535433071
11
-1.6169854724409449
21
1.5787266535433071
0
LINE
8
BLACK
6
CONTINUOUS
10
-1.6169854724409449
20
1.5787266535433071
11
-1.6180498818897637
21
1.5791675196850394
0
LINE
8
BLACK
6
CONTINUOUS
10
-1.6180498818897637
20
1.5791675196850394
11
-1.6184973622047243
21
1.5795347637795276
0
LINE
8
BLACK
6
CONTINUOUS
10
-1.6184973622047243
20
1.5795347637795276
11
-1.6203721259842518
21
1.5814094881889764
0
LINE
8
BLACK
6
CONTINUOUS
10
-1.6203721259842518
20
1.5814094881889764
11
-1.62073937007874
21
1.581856968503937
0
LINE
8
BLACK
6
CONTINUOUS
10
-1.62073937007874
20
1.581856968503937
11
-1.6207394094488188
21
1.5818570078740157
0
LINE
8
BLACK
6
CONTINUOUS
10
-1.6207394094488188
20
1.5818570078740157
11
-1.6211802755905511
21
1.5829214173228345
0
LINE
8
BLACK
6
CONTINUOUS
10
-1.6211802755905511
20
1.5829214173228345
11
-1.6211802755905511
21
1.5840735039370077
0
LINE
8
BLACK
6
CONTINUOUS
10
-1.6211802755905511
20
1.5840735039370077
11
-1.6208809448818897
21
1.5847961417322833
0
LINE
8
BLACK
6
CONTINUOUS
10
-1.6208809448818897
20
1.5847961417322833
11
-1.6207394094488188
21
1.585137874015748
0
LINE
8
BLACK
6
CONTINUOUS
10
-1.6207394094488188
20
1.585137874015748
11
-1.62073937007874
21
1.5851379133858268
0
LINE
8
BLACK
6
CONTINUOUS
10
-1.62073937007874
20
1.5851379133858268
11
-1.6203721259842518
21
1.5855853937007873
0
LINE
8
BLACK
6
CONTINUOUS
10
-1.6203721259842518
20
1.5855853937007873
11
-1.6184973622047243
21
1.5874601181102361
0
LINE
8
BLACK
6
CONTINUOUS
10
-1.6184973622047243
20
1.5874601181102361
11
-1.6180498818897637
21
1.5878273622047243
0
LINE
8
BLACK
6
CONTINUOUS
10
-1.6180498818897637
20
1.5878273622047243
11
-1.6169854724409449
21
1.5882682283464566
0
LINE
8
BLACK
6
CONTINUOUS
10
-1.6169854724409449
20
1.5882682283464566
11
-1.6158333858267717
21
1.5882682283464566
0
LINE
8
BLACK
6
CONTINUOUS
10
-1.6158333858267717
20
1.5882682283464566
11
-1.6147690551181102
21
1.5878273622047243
0
LINE
8
BLACK
6
CONTINUOUS
10
-1.6423646456692913
20
1.6257915354330708
11
-1.6422868897637795
21
1.6257970472440944
0
LINE
8
BLACK
6
CONTINUOUS
10
-1.6422868897637795
20
1.6257970472440944
11
-1.6421846456692912
21
1.6257738188976378
0
LINE
8
BLACK
6
CONTINUOUS
10
-1.6421846456692912
20
1.6257738188976378
11
-1.6420801181102362
21
1.6257635039370077
0
LINE
8
BLACK
6
CONTINUOUS
10
-1.6420801181102362
20
1.6257635039370077
11
-1.642008031496063
21
1.6257336614173228
0
LINE
8
BLACK
6
CONTINUOUS
10
-1.642008031496063
20
1.6257336614173228
11
-1.6417224409448818
21
1.6256687007874016
0
LINE
8
BLACK
6
CONTINUOUS
10
-1.6417224409448818
20
1.6256687007874016
11
-1.6360981496062992
21
1.623793937007874
0
LINE
8
BLACK
6
CONTINUOUS
10
-1.6360981496062992
20
1.623793937007874
11
-1.6355696062992127
21
1.6235579527559054
0
LINE
8
BLACK
6
CONTINUOUS
10
-1.6355696062992127
20
1.6235579527559054
11
-1.6354894881889763
21
1.6234884645669292
0
LINE
8
BLACK
6
CONTINUOUS
10
-1.6354894881889763
20
1.6234884645669292
11
-1.6353914173228346
21
1.6234478346456693
0
LINE
8
BLACK
6
CONTINUOUS
10
-1.6353914173228346
20
1.6234478346456693
11
-1.6349439763779527
21
1.6230806299212599
0
LINE
8
BLACK
6
CONTINUOUS
10
-1.6349439763779527
20
1.6230806299212599
11
-1.6174874409448818
21
1.6056241338582677
0
LINE
8
BLACK
6
CONTINUOUS
10
-1.6174874409448818
20
1.6056241338582677
11
-1.6174874409448818
21
1.6228674803149605
0
LINE
8
BLACK
6
CONTINUOUS
10
-1.6174874409448818
20
1.6228674803149605
11
-1.6174307086614172
21
1.6234435433070866
0
LINE
8
BLACK
6
CONTINUOUS
10
-1.6174307086614172
20
1.6234435433070866
11
-1.6169898031496062
21
1.6245079527559054
0
LINE
8
BLACK
6
CONTINUOUS
10
-1.6169898031496062
20
1.6245079527559054
11
-1.6161751574803149
21
1.6253225984251969
0
LINE
8
BLACK
6
CONTINUOUS
10
-1.6161751574803149
20
1.6253225984251969
11
-1.6151107480314961
21
1.6257635039370077
0
LINE
8
BLACK
6
CONTINUOUS
10
-1.6151107480314961
20
1.6257635039370077
11
-1.6139586220472442
21
1.6257635039370077
0
LINE
8
BLACK
6
CONTINUOUS
10
-1.6139586220472442
20
1.6257635039370077
11
-1.6128942125984251
21
1.6253225984251969
0
LINE
8
BLACK
6
CONTINUOUS
10
-1.6128942125984251
20
1.6253225984251969
11
-1.6120795669291339
21
1.6245079527559054
0
LINE
8
BLACK
6
CONTINUOUS
10
-1.6120795669291339
20
1.6245079527559054
11
-1.6116386614173228
21
1.6234435433070866
0
LINE
8
BLACK
6
CONTINUOUS
10
-1.6116386614173228
20
1.6234435433070866
11
-1.6115819291338582
21
1.6228674803149605
0
LINE
8
BLACK
6
CONTINUOUS
10
-1.6115819291338582
20
1.6228674803149605
11
-1.6115819291338582
21
1.5984955511811023
0
LINE
8
BLACK
6
CONTINUOUS
10
-1.6115819291338582
20
1.5984955511811023
11
-1.6116386614173228
21
1.5979194881889764
0
LINE
8
BLACK
6
CONTINUOUS
10
-1.6116386614173228
20
1.5979194881889764
11
-1.6117677952755904
21
1.5976077559055117
0
LINE
8
BLACK
6
CONTINUOUS
10
-1.6117677952755904
20
1.5976077559055117
11
-1.6120795275590551
21
1.5968550787401574
0
LINE
8
BLACK
6
CONTINUOUS
10
-1.6120795275590551
20
1.5968550787401574
11
-1.6128942125984251
21
1.5960404330708662
0
LINE
8
BLACK
6
CONTINUOUS
10
-1.6128942125984251
20
1.5960404330708662
11
-1.6139586220472442
21
1.5955995275590551
0
LINE
8
BLACK
6
CONTINUOUS
10
-1.6139586220472442
20
1.5955995275590551
11
-1.6151107086614174
21
1.5955995275590551
0
LINE
8
BLACK
6
CONTINUOUS
10
-1.6151107086614174
20
1.5955995275590551
11
-1.6151107480314961
21
1.5955995275590551
0
LINE
8
BLACK
6
CONTINUOUS
10
-1.6151107480314961
20
1.5955995275590551
11
-1.6154225196850394
21
1.5957286614173227
0
LINE
8
BLACK
6
CONTINUOUS
10
-1.6154225196850394
20
1.5957286614173227
11
-1.6161751574803149
21
1.5960403937007874
0
LINE
8
BLACK
6
CONTINUOUS
10
-1.6161751574803149
20
1.5960403937007874
11
-1.6166225984251967
21
1.5964076377952756
0
LINE
8
BLACK
6
CONTINUOUS
10
-1.6166225984251967
20
1.5964076377952756
11
-1.6386269291338582
21
1.6184119291338583
0
LINE
8
BLACK
6
CONTINUOUS
10
-1.6386269291338582
20
1.6184119291338583
11
-1.6431353149606298
21
1.6199147244094487
0
LINE
8
BLACK
6
CONTINUOUS
10
-1.6431353149606298
20
1.6199147244094487
11
-1.6457086614173229
21
1.6199147244094487
0
LINE
8
BLACK
6
CONTINUOUS
10
-1.6457086614173229
20
1.6199147244094487
11
-1.6484061417322835
21
1.6185659842519684
0
LINE
8
BLACK
6
CONTINUOUS
10
-1.6484061417322835
20
1.6185659842519684
11
-1.6496032677165353
21
1.6173688582677166
0
LINE
8
BLACK
6
CONTINUOUS
10
-1.6496032677165353
20
1.6173688582677166
11
-1.6509520078740156
21
1.6146713779527559
0
LINE
8
BLACK
6
CONTINUOUS
10
-1.6509520078740156
20
1.6146713779527559
11
-1.6509520078740156
21
1.6066916535433071
0
LINE
8
BLACK
6
CONTINUOUS
10
-1.6509520078740156
20
1.6066916535433071
11
-1.6496032677165353
21
1.6039941732283465
0
LINE
8
BLACK
6
CONTINUOUS
10
-1.6496032677165353
20
1.6039941732283465
11
-1.6480673228346456
21
1.6024582283464566
0
LINE
8
BLACK
6
CONTINUOUS
10
-1.6480673228346456
20
1.6024582283464566
11
-1.6477001181102362
21
1.6020107874015748
0
LINE
8
BLACK
6
CONTINUOUS
10
-1.6477001181102362
20
1.6020107874015748
11
-1.6472592125984251
21
1.600946377952756
0
LINE
8
BLACK
6
CONTINUOUS
10
-1.6472592125984251
20
1.600946377952756
11
-1.6472592125984251
21
1.5997942913385825
0
LINE
8
BLACK
6
CONTINUOUS
10
-1.6472592125984251
20
1.5997942913385825
11
-1.6477001181102362
21
1.5987298818897637
0
LINE
8
BLACK
6
CONTINUOUS
10
-1.6477001181102362
20
1.5987298818897637
11
-1.6485148031496062
21
1.5979151968503937
0
LINE
8
BLACK
6
CONTINUOUS
10
-1.6485148031496062
20
1.5979151968503937
11
-1.6495792125984252
21
1.5974742913385827
0
LINE
8
BLACK
6
CONTINUOUS
10
-1.6495792125984252
20
1.5974742913385827
11
-1.6507312992125984
21
1.5974742913385827
0
LINE
8
BLACK
6
CONTINUOUS
10
-1.6507312992125984
20
1.5974742913385827
11
-1.6517957086614172
21
1.5979151968503937
0
LINE
8
BLACK
6
CONTINUOUS
10
-1.6517957086614172
20
1.5979151968503937
11
-1.6522431496062993
21
1.5982824015748032
0
LINE
8
BLACK
6
CONTINUOUS
10
-1.6522431496062993
20
1.5982824015748032
11
-1.6541179133858268
21
1.6001571653543307
0
LINE
8
BLACK
6
CONTINUOUS
10
-1.6541179133858268
20
1.6001571653543307
11
-1.6543037007874015
21
1.6003835433070865
0
LINE
8
BLACK
6
CONTINUOUS
10
-1.6543037007874015
20
1.6003835433070865
11
-1.6543626771653543
21
1.60043468503937
0
LINE
8
BLACK
6
CONTINUOUS
10
-1.6543626771653543
20
1.60043468503937
11
-1.6544186614173229
21
1.6005236614173228
0
LINE
8
BLACK
6
CONTINUOUS
10
-1.6544186614173229
20
1.6005236614173228
11
-1.6544851181102362
21
1.6006046062992125
0
LINE
8
BLACK
6
CONTINUOUS
10
-1.6544851181102362
20
1.6006046062992125
11
-1.6545149606299212
21
1.6006765748031495
0
LINE
8
BLACK
6
CONTINUOUS
10
-1.6545149606299212
20
1.6006765748031495
11
-1.6546710236220472
21
1.6009245669291339
0
LINE
8
BLACK
6
CONTINUOUS
10
-1.6546710236220472
20
1.6009245669291339
11
-1.6565457874015748
21
1.604674094488189
0
LINE
8
BLACK
6
CONTINUOUS
10
-1.6565457874015748
20
1.604674094488189
11
-1.6567526771653542
21
1.6052147244094488
0
LINE
8
BLACK
6
CONTINUOUS
10
-1.6567526771653542
20
1.6052147244094488
11
-1.6567601968503938
21
1.6053205511811024
0
LINE
8
BLACK
6
CONTINUOUS
10
-1.6567601968503938
20
1.6053205511811024
11
-1.6568007874015747
21
1.6054185433070867
0
LINE
8
BLACK
6
CONTINUOUS
10
-1.6568007874015747
20
1.6054185433070867
11
-1.6568575196850392
21
1.6059946062992125
0
LINE
8
BLACK
6
CONTINUOUS
10
-1.6568575196850392
20
1.6059946062992125
11
-1.6568575196850392
21
1.6153684251968503
0
LINE
8
BLACK
6
CONTINUOUS
10
-1.6568575196850392
20
1.6153684251968503
11
-1.6568007874015747
21
1.6159444881889764
0
LINE
8
BLACK
6
CONTINUOUS
10
-1.6568007874015747
20
1.6159444881889764
11
-1.6567601968503938
21
1.6160425196850394
0
LINE
8
BLACK
6
CONTINUOUS
10
-1.6567601968503938
20
1.6160425196850394
11
-1.6567526771653542
21
1.6161483070866141
0
LINE
8
BLACK
6
CONTINUOUS
10
-1.6567526771653542
20
1.6161483070866141
11
-1.6565457874015748
21
1.6166889370078741
0
LINE
8
BLACK
6
CONTINUOUS
10
-1.6565457874015748
20
1.6166889370078741
11
-1.6546710236220472
21
1.6204384645669292
0
LINE
8
BLACK
6
CONTINUOUS
10
-1.6546710236220472
20
1.6204384645669292
11
-1.6545149606299212
21
1.6206864960629921
0
LINE
8
BLACK
6
CONTINUOUS
10
-1.6545149606299212
20
1.6206864960629921
11
-1.6544851181102362
21
1.6207584251968503
0
LINE
8
BLACK
6
CONTINUOUS
10
-1.6544851181102362
20
1.6207584251968503
11
-1.6544186614173229
21
1.6208394094488188
0
LINE
8
BLACK
6
CONTINUOUS
10
-1.6544186614173229
20
1.6208394094488188
11
-1.6543626771653543
21
1.6209283464566928
0
LINE
8
BLACK
6
CONTINUOUS
10
-1.6543626771653543
20
1.6209283464566928
11
-1.6543037007874015
21
1.6209795275590551
0
LINE
8
BLACK
6
CONTINUOUS
10
-1.6543037007874015
20
1.6209795275590551
11
-1.6541179133858268
21
1.6212058661417323
0
LINE
8
BLACK
6
CONTINUOUS
10
-1.6541179133858268
20
1.6212058661417323
11
-1.6522431496062993
21
1.6230806299212599
0
LINE
8
BLACK
6
CONTINUOUS
10
-1.6522431496062993
20
1.6230806299212599
11
-1.652016811023622
21
1.6232664173228346
0
LINE
8
BLACK
6
CONTINUOUS
10
-1.652016811023622
20
1.6232664173228346
11
-1.6519656299212597
21
1.6233253937007874
0
LINE
8
BLACK
6
CONTINUOUS
10
-1.6519656299212597
20
1.6233253937007874
11
-1.6518766929133857
21
1.6233813779527559
0
LINE
8
BLACK
6
CONTINUOUS
10
-1.6518766929133857
20
1.6233813779527559
11
-1.6517957086614172
21
1.6234478346456693
0
LINE
8
BLACK
6
CONTINUOUS
10
-1.6517957086614172
20
1.6234478346456693
11
-1.651723779527559
21
1.6234776771653543
0
LINE
8
BLACK
6
CONTINUOUS
10
-1.651723779527559
20
1.6234776771653543
11
-1.6514757480314961
21
1.6236337401574803
0
LINE
8
BLACK
6
CONTINUOUS
10
-1.6514757480314961
20
1.6236337401574803
11
-1.647726220472441
21
1.6255085039370079
0
LINE
8
BLACK
6
CONTINUOUS
10
-1.647726220472441
20
1.6255085039370079
11
-1.6471856299212597
21
1.6257153937007873
0
LINE
8
BLACK
6
CONTINUOUS
10
-1.6471856299212597
20
1.6257153937007873
11
-1.6470797637795276
21
1.6257229527559054
0
LINE
8
BLACK
6
CONTINUOUS
10
-1.6470797637795276
20
1.6257229527559054
11
-1.6469817716535433
21
1.6257635039370077
0
LINE
8
BLACK
6
CONTINUOUS
10
-1.6469817716535433
20
1.6257635039370077
11
-1.6464057086614172
21
1.6258202362204723
0
LINE
8
BLACK
6
CONTINUOUS
10
-1.6464057086614172
20
1.6258202362204723
11
-1.6426561811023621
21
1.6258202362204723
0
LINE
8
BLACK
6
CONTINUOUS
10
-1.6426561811023621
20
1.6258202362204723
11
-1.6423646456692913
21
1.6257915354330708
0
LINE
8
BLACK
6
CONTINUOUS
10
-1.6439548818897638
20
1.6632588188976378
11
-1.6438568897637795
21
1.6632182283464567
0
LINE
8
BLACK
6
CONTINUOUS
10
-1.6438568897637795
20
1.6632182283464567
11
-1.6437510629921259
21
1.6632107086614172
0
LINE
8
BLACK
6
CONTINUOUS
10
-1.6437510629921259
20
1.6632107086614172
11
-1.6432104330708661
21
1.6630038188976377
0
LINE
8
BLACK
6
CONTINUOUS
10
-1.6432104330708661
20
1.6630038188976377
11
-1.639460905511811
21
1.6611290551181102
0
LINE
8
BLACK
6
CONTINUOUS
10
-1.639460905511811
20
1.6611290551181102
11
-1.6392129133858266
21
1.6609729921259841
0
LINE
8
BLACK
6
CONTINUOUS
10
-1.6392129133858266
20
1.6609729921259841
11
-1.6391409448818897
21
1.6609431496062992
0
LINE
8
BLACK
6
CONTINUOUS
10
-1.6391409448818897
20
1.6609431496062992
11
-1.63906
21
1.6608766929133858
0
LINE
8
BLACK
6
CONTINUOUS
10
-1.63906
20
1.6608766929133858
11
-1.6389710236220472
21
1.6608207086614173
0
LINE
8
BLACK
6
CONTINUOUS
10
-1.6389710236220472
20
1.6608207086614173
11
-1.6389198818897637
21
1.6607617322834645
0
LINE
8
BLACK
6
CONTINUOUS
10
-1.6389198818897637
20
1.6607617322834645
11
-1.6386935039370079
21
1.6605759448818898
0
LINE
8
BLACK
6
CONTINUOUS
10
-1.6386935039370079
20
1.6605759448818898
11
-1.6370318897637794
21
1.6589143307086613
0
LINE
8
BLACK
6
CONTINUOUS
10
-1.6370318897637794
20
1.6589143307086613
11
-1.635370275590551
21
1.6605759448818898
0
LINE
8
BLACK
6
CONTINUOUS
10
-1.635370275590551
20
1.6605759448818898
11
-1.635143937007874
21
1.6607617322834645
0
LINE
8
BLACK
6
CONTINUOUS
10
-1.635143937007874
20
1.6607617322834645
11
-1.6350927559055117
21
1.6608207086614173
0
LINE
8
BLACK
6
CONTINUOUS
10
-1.6350927559055117
20
1.6608207086614173
11
-1.6350038188976377
21
1.6608766929133858
0
LINE
8
BLACK
6
CONTINUOUS
10
-1.6350038188976377
20
1.6608766929133858
11
-1.6349228346456692
21
1.6609431496062992
0
LINE
8
BLACK
6
CONTINUOUS
10
-1.6349228346456692
20
1.6609431496062992
11
-1.634850905511811
21
1.6609729921259841
0
LINE
8
BLACK
6
CONTINUOUS
10
-1.634850905511811
20
1.6609729921259841
11
-1.6346028740157479
21
1.6611290551181102
0
LINE
8
BLACK
6
CONTINUOUS
10
-1.6346028740157479
20
1.6611290551181102
11
-1.6308533464566928
21
1.6630038188976377
0
LINE
8
BLACK
6
CONTINUOUS
10
-1.6308533464566928
20
1.6630038188976377
11
-1.6303127559055117
21
1.6632107086614172
0
LINE
8
BLACK
6
CONTINUOUS
10
-1.6303127559055117
20
1.6632107086614172
11
-1.6302068897637796
21
1.6632182677165355
0
LINE
8
BLACK
6
CONTINUOUS
10
-1.6302068897637796
20
1.6632182677165355
11
-1.6301088976377953
21
1.6632588188976378
0
LINE
8
BLACK
6
CONTINUOUS
10
-1.6301088976377953
20
1.6632588188976378
11
-1.6295328346456692
21
1.6633155511811024
0
LINE
8
BLACK
6
CONTINUOUS
10
-1.6295328346456692
20
1.6633155511811024
11
-1.622033779527559
21
1.6633155511811024
0
LINE
8
BLACK
6
CONTINUOUS
10
-1.622033779527559
20
1.6633155511811024
11
-1.6214577165354331
21
1.6632588188976378
0
LINE
8
BLACK
6
CONTINUOUS
10
-1.6214577165354331
20
1.6632588188976378
11
-1.6213597244094489
21
1.6632182283464567
0
LINE
8
BLACK
6
CONTINUOUS
10
-1.6213597244094489
20
1.6632182283464567
11
-1.6212538976377953
21
1.6632107086614172
0
LINE
8
BLACK
6
CONTINUOUS
10
-1.6212538976377953
20
1.6632107086614172
11
-1.6207132677165355
21
1.6630038188976377
0
LINE
8
BLACK
6
CONTINUOUS
10
-1.6207132677165355
20
1.6630038188976377
11
-1.6169637401574803
21
1.6611290551181102
0
LINE
8
BLACK
6
CONTINUOUS
10
-1.6169637401574803
20
1.6611290551181102
11
-1.6167158661417322
21
1.6609730314960629
0
LINE
8
BLACK
6
CONTINUOUS
10
-1.6167158661417322
20
1.6609730314960629
11
-1.6166438188976378
21
1.6609431889763779
0
LINE
8
BLACK
6
CONTINUOUS
10
-1.6166438188976378
20
1.6609431889763779
11
-1.6165627952755905
21
1.6608766929133858
0
LINE
8
BLACK
6
CONTINUOUS
10
-1.6165627952755905
20
1.6608766929133858
11
-1.6164738582677165
21
1.6608207086614173
0
LINE
8
BLACK
6
CONTINUOUS
10
-1.6164738582677165
20
1.6608207086614173
11
-1.616422716535433
21
1.6607617322834645
0
LINE
8
BLACK
6
CONTINUOUS
10
-1.616422716535433
20
1.6607617322834645
11
-1.6161963779527559
21
1.6605759842519685
0
LINE
8
BLACK
6
CONTINUOUS
10
-1.6161963779527559
20
1.6605759842519685
11
-1.6143215748031496
21
1.658701220472441
0
LINE
8
BLACK
6
CONTINUOUS
10
-1.6143215748031496
20
1.658701220472441
11
-1.6141358267716535
21
1.6584748818897637
0
LINE
8
BLACK
6
CONTINUOUS
10
-1.6141358267716535
20
1.6584748818897637
11
-1.6140767716535434
21
1.6584236614173229
0
LINE
8
BLACK
6
CONTINUOUS
10
-1.6140767716535434
20
1.6584236614173229
11
-1.6140207874015748
21
1.6583347244094488
0
LINE
8
BLACK
6
CONTINUOUS
10
-1.6140207874015748
20
1.6583347244094488
11
-1.6139543307086615
21
1.6582537401574802
0
LINE
8
BLACK
6
CONTINUOUS
10
-1.6139543307086615
20
1.6582537401574802
11
-1.613924527559055
21
1.6581818110236219
0
LINE
8
BLACK
6
CONTINUOUS
10
-1.613924527559055
20
1.6581818110236219
11
-1.6137684251968503
21
1.657933779527559
0
LINE
8
BLACK
6
CONTINUOUS
10
-1.6137684251968503
20
1.657933779527559
11
-1.6118936614173227
21
1.6541842519685039
0
LINE
8
BLACK
6
CONTINUOUS
10
-1.6118936614173227
20
1.6541842519685039
11
-1.6116867716535432
21
1.6536436614173229
0
LINE
8
BLACK
6
CONTINUOUS
10
-1.6116867716535432
20
1.6536436614173229
11
-1.6116792519685039
21
1.6535377952755905
0
LINE
8
BLACK
6
CONTINUOUS
10
-1.6116792519685039
20
1.6535377952755905
11
-1.6116386614173228
21
1.6534398031496063
0
LINE
8
BLACK
6
CONTINUOUS
10
-1.6116386614173228
20
1.6534398031496063
11
-1.6115819291338582
21
1.6528637401574804
0
LINE
8
BLACK
6
CONTINUOUS
10
-1.6115819291338582
20
1.6528637401574804
11
-1.6115819291338582
21
1.6453646850393699
0
LINE
8
BLACK
6
CONTINUOUS
10
-1.6115819291338582
20
1.6453646850393699
11
-1.6116386614173228
21
1.6447886220472441
0
LINE
8
BLACK
6
CONTINUOUS
10
-1.6116386614173228
20
1.6447886220472441
11
-1.6116792519685039
21
1.6446906692913386
0
LINE
8
BLACK
6
CONTINUOUS
10
-1.6116792519685039
20
1.6446906692913386
11
-1.6116867716535432
21
1.6445847637795274
0
LINE
8
BLACK
6
CONTINUOUS
10
-1.6116867716535432
20
1.6445847637795274
11
-1.6118936614173227
21
1.6440441732283464
0
LINE
8
BLACK
6
CONTINUOUS
10
-1.6118936614173227
20
1.6440441732283464
11
-1.6137684251968503
21
1.6402946456692913
0
LINE
8
BLACK
6
CONTINUOUS
10
-1.6137684251968503
20
1.6402946456692913
11
-1.613924527559055
21
1.6400466535433071
0
LINE
8
BLACK
6
CONTINUOUS
10
-1.613924527559055
20
1.6400466535433071
11
-1.6139543307086615
21
1.6399746850393699
0
LINE
8
BLACK
6
CONTINUOUS
10
-1.6139543307086615
20
1.6399746850393699
11
-1.6140207874015748
21
1.6398937401574802
0
LINE
8
BLACK
6
CONTINUOUS
10
-1.6140207874015748
20
1.6398937401574802
11
-1.6140767716535434
21
1.6398047637795274
0
LINE
8
BLACK
6
CONTINUOUS
10
-1.6140767716535434
20
1.6398047637795274
11
-1.6141358267716535
21
1.6397535826771654
0
LINE
8
BLACK
6
CONTINUOUS
10
-1.6141358267716535
20
1.6397535826771654
11
-1.6143215748031496
21
1.6395272047244094
0
LINE
8
BLACK
6
CONTINUOUS
10
-1.6143215748031496
20
1.6395272047244094
11
-1.6161963779527559
21
1.6376524409448818
0
LINE
8
BLACK
6
CONTINUOUS
10
-1.6161963779527559
20
1.6376524409448818
11
-1.616422716535433
21
1.6374667322834646
0
LINE
8
BLACK
6
CONTINUOUS
10
-1.616422716535433
20
1.6374667322834646
11
-1.6164738582677165
21
1.637407716535433
0
LINE
8
BLACK
6
CONTINUOUS
10
-1.6164738582677165
20
1.637407716535433
11
-1.6165627952755905
21
1.6373517716535433
0
LINE
8
BLACK
6
CONTINUOUS
10
-1.6165627952755905
20
1.6373517716535433
11
-1.6166438188976378
21
1.6372852362204724
0
LINE
8
BLACK
6
CONTINUOUS
10
-1.6166438188976378
20
1.6372852362204724
11
-1.6167158661417322
21
1.6372554330708662
0
LINE
8
BLACK
6
CONTINUOUS
10
-1.6167158661417322
20
1.6372554330708662
11
-1.6169637401574803
21
1.6370993700787402
0
LINE
8
BLACK
6
CONTINUOUS
10
-1.6169637401574803
20
1.6370993700787402
11
-1.6207132677165355
21
1.6352246062992126
0
LINE
8
BLACK
6
CONTINUOUS
10
-1.6207132677165355
20
1.6352246062992126
11
-1.6212538976377953
21
1.6350177165354329
0
LINE
8
BLACK
6
CONTINUOUS
10
-1.6212538976377953
20
1.6350177165354329
11
-1.6213597244094489
21
1.6350102362204724
0
LINE
8
BLACK
6
CONTINUOUS
10
-1.6213597244094489
20
1.6350102362204724
11
-1.6214577165354331
21
1.6349696062992125
0
LINE
8
BLACK
6
CONTINUOUS
10
-1.6214577165354331
20
1.6349696062992125
11
-1.622033779527559
21
1.6349128740157479
0
LINE
8
BLACK
6
CONTINUOUS
10
-1.622033779527559
20
1.6349128740157479
11
-1.6295328346456692
21
1.6349128740157479
0
LINE
8
BLACK
6
CONTINUOUS
10
-1.6295328346456692
20
1.6349128740157479
11
-1.6301088976377953
21
1.6349696062992125
0
LINE
8
BLACK
6
CONTINUOUS
10
-1.6301088976377953
20
1.6349696062992125
11
-1.6302068897637796
21
1.6350101968503936
0
LINE
8
BLACK
6
CONTINUOUS
10
-1.6302068897637796
20
1.6350101968503936
11
-1.6303127559055117
21
1.6350177165354329
0
LINE
8
BLACK
6
CONTINUOUS
10
-1.6303127559055117
20
1.6350177165354329
11
-1.6308533464566928
21
1.6352246062992126
0
LINE
8
BLACK
6
CONTINUOUS
10
-1.6308533464566928
20
1.6352246062992126
11
-1.6346028740157479
21
1.6370993700787402
0
LINE
8
BLACK
6
CONTINUOUS
10
-1.6346028740157479
20
1.6370993700787402
11
-1.634850905511811
21
1.6372554724409449
0
LINE
8
BLACK
6
CONTINUOUS
10
-1.634850905511811
20
1.6372554724409449
11
-1.6349228346456692
21
1.6372852755905511
0
LINE
8
BLACK
6
CONTINUOUS
10
-1.6349228346456692
20
1.6372852755905511
11
-1.6350038188976377
21
1.6373517716535433
0
LINE
8
BLACK
6
CONTINUOUS
10
-1.6350038188976377
20
1.6373517716535433
11
-1.6350927559055117
21
1.637407716535433
0
LINE
8
BLACK
6
CONTINUOUS
10
-1.6350927559055117
20
1.637407716535433
11
-1.635143937007874
21
1.6374667322834646
0
LINE
8
BLACK
6
CONTINUOUS
10
-1.635143937007874
20
1.6374667322834646
11
-1.635370275590551
21
1.6376524803149606
0
LINE
8
BLACK
6
CONTINUOUS
10
-1.635370275590551
20
1.6376524803149606
11
-1.6370318897637794
21
1.639314094488189
0
LINE
8
BLACK
6
CONTINUOUS
10
-1.6370318897637794
20
1.639314094488189
11
-1.6386935039370079
21
1.6376524803149606
0
LINE
8
BLACK
6
CONTINUOUS
10
-1.6386935039370079
20
1.6376524803149606
11
-1.6389198818897637
21
1.6374667322834646
0
LINE
8
BLACK
6
CONTINUOUS
10
-1.6389198818897637
20
1.6374667322834646
11
-1.6389710236220472
21
1.637407716535433
0
LINE
8
BLACK
6
CONTINUOUS
10
-1.6389710236220472
20
1.637407716535433
11
-1.63906
21
1.6373517716535433
0
LINE
8
BLACK
6
CONTINUOUS
10
-1.63906
20
1.6373517716535433
11
-1.6391409448818897
21
1.6372852755905511
0
LINE
8
BLACK
6
CONTINUOUS
10
-1.6391409448818897
20
1.6372852755905511
11
-1.6392129133858266
21
1.6372554724409449
0
LINE
8
BLACK
6
CONTINUOUS
10
-1.6392129133858266
20
1.6372554724409449
11
-1.639460905511811
21
1.6370993700787402
0
LINE
8
BLACK
6
CONTINUOUS
10
-1.639460905511811
20
1.6370993700787402
11
-1.6432104330708661
21
1.6352246062992126
0
LINE
8
BLACK
6
CONTINUOUS
10
-1.6432104330708661
20
1.6352246062992126
11
-1.6437510629921259
21
1.6350177165354329
0
LINE
8
BLACK
6
CONTINUOUS
10
-1.6437510629921259
20
1.6350177165354329
11
-1.6438568897637795
21
1.6350102362204724
0
LINE
8
BLACK
6
CONTINUOUS
10
-1.6438568897637795
20
1.6350102362204724
11
-1.6439548818897638
21
1.6349696062992125
0
LINE
8
BLACK
6
CONTINUOUS
10
-1.6439548818897638
20
1.6349696062992125
11
-1.6445309448818897
21
1.6349128740157479
0
LINE
8
BLACK
6
CONTINUOUS
10
-1.6445309448818897
20
1.6349128740157479
11
-1.6464057086614172
21
1.6349128740157479
0
LINE
8
BLACK
6
CONTINUOUS
10
-1.6464057086614172
20
1.6349128740157479
11
-1.6469817716535433
21
1.6349696062992125
0
LINE
8
BLACK
6
CONTINUOUS
10
-1.6469817716535433
20
1.6349696062992125
11
-1.6470797637795276
21
1.6350101968503936
0
LINE
8
BLACK
6
CONTINUOUS
10
-1.6470797637795276
20
1.6350101968503936
11
-1.6471856299212597
21
1.6350177165354329
0
LINE
8
BLACK
6
CONTINUOUS
10
-1.6471856299212597
20
1.6350177165354329
11
-1.647726220472441
21
1.6352246062992126
0
LINE
8
BLACK
6
CONTINUOUS
10
-1.647726220472441
20
1.6352246062992126
11
-1.6514757480314961
21
1.6370993700787402
0
LINE
8
BLACK
6
CONTINUOUS
10
-1.6514757480314961
20
1.6370993700787402
11
-1.651723779527559
21
1.6372554724409449
0
LINE
8
BLACK
6
CONTINUOUS
10
-1.651723779527559
20
1.6372554724409449
11
-1.6517957086614172
21
1.6372852755905511
0
LINE
8
BLACK
6
CONTINUOUS
10
-1.6517957086614172
20
1.6372852755905511
11
-1.6518766929133857
21
1.6373517716535433
0
LINE
8
BLACK
6
CONTINUOUS
10
-1.6518766929133857
20
1.6373517716535433
11
-1.6519656299212597
21
1.637407716535433
0
LINE
8
BLACK
6
CONTINUOUS
10
-1.6519656299212597
20
1.637407716535433
11
-1.652016811023622
21
1.6374667322834646
0
LINE
8
BLACK
6
CONTINUOUS
10
-1.652016811023622
20
1.6374667322834646
11
-1.6522431496062993
21
1.6376524803149606
0
LINE
8
BLACK
6
CONTINUOUS
10
-1.6522431496062993
20
1.6376524803149606
11
-1.6541179133858268
21
1.6395272440944881
0
LINE
8
BLACK
6
CONTINUOUS
10
-1.6541179133858268
20
1.6395272440944881
11
-1.6543037007874015
21
1.639753622047244
0
LINE
8
BLACK
6
CONTINUOUS
10
-1.6543037007874015
20
1.639753622047244
11
-1.6543626771653543
21
1.6398047637795274
0
LINE
8
BLACK
6
CONTINUOUS
10
-1.6543626771653543
20
1.6398047637795274
11
-1.6544186614173229
21
1.6398937401574802
0
LINE
8
BLACK
6
CONTINUOUS
10
-1.6544186614173229
20
1.6398937401574802
11
-1.6544851181102362
21
1.6399746850393699
0
LINE
8
BLACK
6
CONTINUOUS
10
-1.6544851181102362
20
1.6399746850393699
11
-1.6545149606299212
21
1.6400466535433071
0
LINE
8
BLACK
6
CONTINUOUS
10
-1.6545149606299212
20
1.6400466535433071
11
-1.6546710236220472
21
1.6402946456692913
0
LINE
8
BLACK
6
CONTINUOUS
10
-1.6546710236220472
20
1.6402946456692913
11
-1.6565457874015748
21
1.6440441732283464
0
LINE
8
BLACK
6
CONTINUOUS
10
-1.6565457874015748
20
1.6440441732283464
11
-1.6567526771653542
21
1.6445848031496062
0
LINE
8
BLACK
6
CONTINUOUS
10
-1.6567526771653542
20
1.6445848031496062
11
-1.6567601968503938
21
1.6446906299212598
0
LINE
8
BLACK
6
CONTINUOUS
10
-1.6567601968503938
20
1.6446906299212598
11
-1.6568007874015747
21
1.6447886220472441
0
LINE
8
BLACK
6
CONTINUOUS
10
-1.6568007874015747
20
1.6447886220472441
11
-1.6568575196850392
21
1.6453646850393699
0
LINE
8
BLACK
6
CONTINUOUS
10
-1.6568575196850392
20
1.6453646850393699
11
-1.6568575196850392
21
1.6528637401574804
0
LINE
8
BLACK
6
CONTINUOUS
10
-1.6568575196850392
20
1.6528637401574804
11
-1.6568007874015747
21
1.6534398031496063
0
LINE
8
BLACK
6
CONTINUOUS
10
-1.6568007874015747
20
1.6534398031496063
11
-1.6567601968503938
21
1.6535378346456693
0
LINE
8
BLACK
6
CONTINUOUS
10
-1.6567601968503938
20
1.6535378346456693
11
-1.6567526771653542
21
1.6536436220472441
0
LINE
8
BLACK
6
CONTINUOUS
10
-1.6567526771653542
20
1.6536436220472441
11
-1.6565457874015748
21
1.6541842519685039
0
LINE
8
BLACK
6
CONTINUOUS
10
-1.6565457874015748
20
1.6541842519685039
11
-1.6546710236220472
21
1.657933779527559
0
LINE
8
BLACK
6
CONTINUOUS
10
-1.6546710236220472
20
1.657933779527559
11
-1.6545149606299212
21
1.6581818110236219
0
LINE
8
BLACK
6
CONTINUOUS
10
-1.6545149606299212
20
1.6581818110236219
11
-1.6544851181102362
21
1.6582537401574802
0
LINE
8
BLACK
6
CONTINUOUS
10
-1.6544851181102362
20
1.6582537401574802
11
-1.6544186614173229
21
1.6583347244094488
0
LINE
8
BLACK
6
CONTINUOUS
10
-1.6544186614173229
20
1.6583347244094488
11
-1.6543626771653543
21
1.6584236614173229
0
LINE
8
BLACK
6
CONTINUOUS
10
-1.6543626771653543
20
1.6584236614173229
11
-1.6543037007874015
21
1.6584748425196849
0
LINE
8
BLACK
6
CONTINUOUS
10
-1.6543037007874015
20
1.6584748425196849
11
-1.6541179133858268
21
1.6587011811023622
0
LINE
8
BLACK
6
CONTINUOUS
10
-1.6541179133858268
20
1.6587011811023622
11
-1.6522431496062993
21
1.6605759448818898
0
LINE
8
BLACK
6
CONTINUOUS
10
-1.6522431496062993
20
1.6605759448818898
11
-1.652016811023622
21
1.6607617322834645
0
LINE
8
BLACK
6
CONTINUOUS
10
-1.652016811023622
20
1.6607617322834645
11
-1.6519656299212597
21
1.6608207086614173
0
LINE
8
BLACK
6
CONTINUOUS
10
-1.6519656299212597
20
1.6608207086614173
11
-1.6518766929133857
21
1.6608766929133858
0
LINE
8
BLACK
6
CONTINUOUS
10
-1.6518766929133857
20
1.6608766929133858
11
-1.6517957086614172
21
1.6609431496062992
0
LINE
8
BLACK
6
CONTINUOUS
10
-1.6517957086614172
20
1.6609431496062992
11
-1.651723779527559
21
1.6609729921259841
0
LINE
8
BLACK
6
CONTINUOUS
10
-1.651723779527559
20
1.6609729921259841
11
-1.6514757480314961
21
1.6611290551181102
0
LINE
8
BLACK
6
CONTINUOUS
10
-1.6514757480314961
20
1.6611290551181102
11
-1.647726220472441
21
1.6630038188976377
0
LINE
8
BLACK
6
CONTINUOUS
10
-1.647726220472441
20
1.6630038188976377
11
-1.6471856299212597
21
1.6632107086614172
0
LINE
8
BLACK
6
CONTINUOUS
10
-1.6471856299212597
20
1.6632107086614172
11
-1.6470797637795276
21
1.6632182677165355
0
LINE
8
BLACK
6
CONTINUOUS
10
-1.6470797637795276
20
1.6632182677165355
11
-1.6469817716535433
21
1.6632588188976378
0
LINE
8
BLACK
6
CONTINUOUS
10
-1.6469817716535433
20
1.6632588188976378
11
-1.6464057086614172
21
1.6633155511811024
0
LINE
8
BLACK
6
CONTINUOUS
10
-1.6464057086614172
20
1.6633155511811024
11
-1.6445309448818897
21
1.6633155511811024
0
LINE
8
BLACK
6
CONTINUOUS
10
-1.6445309448818897
20
1.6633155511811024
11
-1.6439548818897638
21
1.6632588188976378
0
LINE
8
BLACK
6
CONTINUOUS
10
-1.6484061417322835
20
1.6560612992125985
11
-1.6496032677165353
21
1.6548641732283464
0
LINE
8
BLACK
6
CONTINUOUS
10
-1.6496032677165353
20
1.6548641732283464
11
-1.6509520078740156
21
1.6521666929133858
0
LINE
8
BLACK
6
CONTINUOUS
10
-1.6509520078740156
20
1.6521666929133858
11
-1.6509520078740156
21
1.6460617322834645
0
LINE
8
BLACK
6
CONTINUOUS
10
-1.6509520078740156
20
1.6460617322834645
11
-1.6496032677165353
21
1.6433642519685039
0
LINE
8
BLACK
6
CONTINUOUS
10
-1.6496032677165353
20
1.6433642519685039
11
-1.6484061417322835
21
1.6421671259842519
0
LINE
8
BLACK
6
CONTINUOUS
10
-1.6484061417322835
20
1.6421671259842519
11
-1.6457086614173229
21
1.6408183858267715
0
LINE
8
BLACK
6
CONTINUOUS
10
-1.6457086614173229
20
1.6408183858267715
11
-1.6452279921259843
21
1.6408183858267715
0
LINE
8
BLACK
6
CONTINUOUS
10
-1.6452279921259843
20
1.6408183858267715
11
-1.6425305118110236
21
1.6421671259842519
0
LINE
8
BLACK
6
CONTINUOUS
10
-1.6425305118110236
20
1.6421671259842519
11
-1.6413333858267716
21
1.6433642519685039
0
LINE
8
BLACK
6
CONTINUOUS
10
-1.6413333858267716
20
1.6433642519685039
11
-1.6399846456692913
21
1.6460617322834645
0
LINE
8
BLACK
6
CONTINUOUS
10
-1.6399846456692913
20
1.6460617322834645
11
-1.6399846456692913
21
1.6521666929133858
0
LINE
8
BLACK
6
CONTINUOUS
10
-1.6399846456692913
20
1.6521666929133858
11
-1.6413333858267716
21
1.6548641732283464
0
LINE
8
BLACK
6
CONTINUOUS
10
-1.6413333858267716
20
1.6548641732283464
11
-1.6425305118110236
21
1.6560612992125985
0
LINE
8
BLACK
6
CONTINUOUS
10
-1.6425305118110236
20
1.6560612992125985
11
-1.6452279921259843
21
1.6574100393700788
0
LINE
8
BLACK
6
CONTINUOUS
10
-1.6452279921259843
20
1.6574100393700788
11
-1.6457086614173229
21
1.6574100393700788
0
LINE
8
BLACK
6
CONTINUOUS
10
-1.6457086614173229
20
1.6574100393700788
11
-1.6484061417322835
21
1.6560612992125985
0
LINE
8
BLACK
6
CONTINUOUS
10
-1.6315332677165355
20
1.6560612992125985
11
-1.6327303937007873
21
1.6548641732283464
0
LINE
8
BLACK
6
CONTINUOUS
10
-1.6327303937007873
20
1.6548641732283464
11
-1.6340791338582676
21
1.6521666929133858
0
LINE
8
BLACK
6
CONTINUOUS
10
-1.6340791338582676
20
1.6521666929133858
11
-1.6340791338582676
21
1.6460617322834645
0
LINE
8
BLACK
6
CONTINUOUS
10
-1.6340791338582676
20
1.6460617322834645
11
-1.6327303937007873
21
1.6433642519685039
0
LINE
8
BLACK
6
CONTINUOUS
10
-1.6327303937007873
20
1.6433642519685039
11
-1.6315332677165355
21
1.6421671259842519
0
LINE
8
BLACK
6
CONTINUOUS
10
-1.6315332677165355
20
1.6421671259842519
11
-1.6288357874015749
21
1.6408183858267715
0
LINE
8
BLACK
6
CONTINUOUS
10
-1.6288357874015749
20
1.6408183858267715
11
-1.6227308267716536
21
1.6408183858267715
0
LINE
8
BLACK
6
CONTINUOUS
10
-1.6227308267716536
20
1.6408183858267715
11
-1.6200333464566929
21
1.6421671653543306
0
LINE
8
BLACK
6
CONTINUOUS
10
-1.6200333464566929
20
1.6421671653543306
11
-1.6188361811023622
21
1.6433642913385826
0
LINE
8
BLACK
6
CONTINUOUS
10
-1.6188361811023622
20
1.6433642913385826
11
-1.6174874409448818
21
1.6460617322834645
0
LINE
8
BLACK
6
CONTINUOUS
10
-1.6174874409448818
20
1.6460617322834645
11
-1.6174874409448818
21
1.6521666929133858
0
LINE
8
BLACK
6
CONTINUOUS
10
-1.6174874409448818
20
1.6521666929133858
11
-1.6188361811023622
21
1.6548641732283464
0
LINE
8
BLACK
6
CONTINUOUS
10
-1.6188361811023622
20
1.6548641732283464
11
-1.6200333464566929
21
1.6560612992125985
0
LINE
8
BLACK
6
CONTINUOUS
10
-1.6200333464566929
20
1.6560612992125985
11
-1.6227308267716536
21
1.6574100393700788
0
LINE
8
BLACK
6
CONTINUOUS
10
-1.6227308267716536
20
1.6574100393700788
11
-1.6288357874015749
21
1.6574100393700788
0
LINE
8
BLACK
6
CONTINUOUS
10
-1.6288357874015749
20
1.6574100393700788
11
-1.6315332677165355
21
1.6560612992125985
0
LINE
8
BLACK
6
CONTINUOUS
10
-1.6294323228346457
20
1.7008009842519685
11
-1.6293892913385826
21
1.7008073622047244
0
LINE
8
BLACK
6
CONTINUOUS
10
-1.6293892913385826
20
1.7008073622047244
11
-1.6291738188976377
21
1.7007755118110235
0
LINE
8
BLACK
6
CONTINUOUS
10
-1.6291738188976377
20
1.7007755118110235
11
-1.6289567716535434
21
1.7007541338582677
0
LINE
8
BLACK
6
CONTINUOUS
10
-1.6289567716535434
20
1.7007541338582677
11
-1.6289165748031496
21
1.7007375196850394
0
LINE
8
BLACK
6
CONTINUOUS
10
-1.6289165748031496
20
1.7007375196850394
11
-1.6288166929133858
21
1.7007227165354331
0
LINE
8
BLACK
6
CONTINUOUS
10
-1.6288166929133858
20
1.7007227165354331
11
-1.6213176377952756
21
1.6988479527559055
0
LINE
8
BLACK
6
CONTINUOUS
10
-1.6213176377952756
20
1.6988479527559055
11
-1.621275157480315
21
1.6988327952755906
0
LINE
8
BLACK
6
CONTINUOUS
10
-1.621275157480315
20
1.6988327952755906
11
-1.6212538976377953
21
1.6988312598425197
0
LINE
8
BLACK
6
CONTINUOUS
10
-1.6212538976377953
20
1.6988312598425197
11
-1.6210144881889763
21
1.6987396456692914
0
LINE
8
BLACK
6
CONTINUOUS
10
-1.6210144881889763
20
1.6987396456692914
11
-1.6207725196850393
21
1.6986531889763778
0
LINE
8
BLACK
6
CONTINUOUS
10
-1.6207725196850393
20
1.6986531889763778
11
-1.6207553937007875
21
1.6986405118110235
0
LINE
8
BLACK
6
CONTINUOUS
10
-1.6207553937007875
20
1.6986405118110235
11
-1.6207132677165355
21
1.69862437007874
0
LINE
8
BLACK
6
CONTINUOUS
10
-1.6207132677165355
20
1.69862437007874
11
-1.6169637401574803
21
1.6967496062992125
0
LINE
8
BLACK
6
CONTINUOUS
10
-1.6169637401574803
20
1.6967496062992125
11
-1.6167158661417322
21
1.6965935826771654
0
LINE
8
BLACK
6
CONTINUOUS
10
-1.6167158661417322
20
1.6965935826771654
11
-1.6166438188976378
21
1.6965637401574802
0
LINE
8
BLACK
6
CONTINUOUS
10
-1.6166438188976378
20
1.6965637401574802
11
-1.6165627952755905
21
1.6964972440944881
0
LINE
8
BLACK
6
CONTINUOUS
10
-1.6165627952755905
20
1.6964972440944881
11
-1.6164738582677165
21
1.6964412598425196
0
LINE
8
BLACK
6
CONTINUOUS
10
-1.6164738582677165
20
1.6964412598425196
11
-1.616422716535433
21
1.696382283464567
0
LINE
8
BLACK
6
CONTINUOUS
10
-1.616422716535433
20
1.696382283464567
11
-1.6161963779527559
21
1.6961965354330708
0
LINE
8
BLACK
6
CONTINUOUS
10
-1.6161963779527559
20
1.6961965354330708
11
-1.6143215748031496
21
1.6943217716535433
0
LINE
8
BLACK
6
CONTINUOUS
10
-1.6143215748031496
20
1.6943217716535433
11
-1.6141358267716535
21
1.6940954330708662
0
LINE
8
BLACK
6
CONTINUOUS
10
-1.6141358267716535
20
1.6940954330708662
11
-1.6140767716535434
21
1.6940442125984252
0
LINE
8
BLACK
6
CONTINUOUS
10
-1.6140767716535434
20
1.6940442125984252
11
-1.6140207874015748
21
1.6939552755905511
0
LINE
8
BLACK
6
CONTINUOUS
10
-1.6140207874015748
20
1.6939552755905511
11
-1.6139543307086615
21
1.6938742913385827
0
LINE
8
BLACK
6
CONTINUOUS
10
-1.6139543307086615
20
1.6938742913385827
11
-1.613924527559055
21
1.6938023622047245
0
LINE
8
BLACK
6
CONTINUOUS
10
-1.613924527559055
20
1.6938023622047245
11
-1.6137684251968503
21
1.6935543307086613
0
LINE
8
BLACK
6
CONTINUOUS
10
-1.6137684251968503
20
1.6935543307086613
11
-1.6118936614173227
21
1.6898048031496062
0
LINE
8
BLACK
6
CONTINUOUS
10
-1.6118936614173227
20
1.6898048031496062
11
-1.6116867716535432
21
1.6892642125984252
0
LINE
8
BLACK
6
CONTINUOUS
10
-1.6116867716535432
20
1.6892642125984252
11
-1.6116792519685039
21
1.6891583464566928
0
LINE
8
BLACK
6
CONTINUOUS
10
-1.6116792519685039
20
1.6891583464566928
11
-1.6116386614173228
21
1.6890603543307086
0
LINE
8
BLACK
6
CONTINUOUS
10
-1.6116386614173228
20
1.6890603543307086
11
-1.6115819291338582
21
1.6884842913385827
0
LINE
8
BLACK
6
CONTINUOUS
10
-1.6115819291338582
20
1.6884842913385827
11
-1.6115819291338582
21
1.6847347637795276
0
LINE
8
BLACK
6
CONTINUOUS
10
-1.6115819291338582
20
1.6847347637795276
11
-1.6116386614173228
21
1.6841587007874015
0
LINE
8
BLACK
6
CONTINUOUS
10
-1.6116386614173228
20
1.6841587007874015
11
-1.6116792519685039
21
1.684060748031496
0
LINE
8
BLACK
6
CONTINUOUS
10
-1.6116792519685039
20
1.684060748031496
11
-1.6116867716535432
21
1.6839548425196851
0
LINE
8
BLACK
6
CONTINUOUS
10
-1.6116867716535432
20
1.6839548425196851
11
-1.6118936614173227
21
1.6834142519685038
0
LINE
8
BLACK
6
CONTINUOUS
10
-1.6118936614173227
20
1.6834142519685038
11
-1.6137684251968503
21
1.6796647244094487
0
LINE
8
BLACK
6
CONTINUOUS
10
-1.6137684251968503
20
1.6796647244094487
11
-1.613924527559055
21
1.6794167322834646
0
LINE
8
BLACK
6
CONTINUOUS
10
-1.613924527559055
20
1.6794167322834646
11
-1.6139543307086615
21
1.6793447637795276
0
LINE
8
BLACK
6
CONTINUOUS
10
-1.6139543307086615
20
1.6793447637795276
11
-1.6140207874015748
21
1.6792638188976377
0
LINE
8
BLACK
6
CONTINUOUS
10
-1.6140207874015748
20
1.6792638188976377
11
-1.6140767716535434
21
1.6791748425196851
0
LINE
8
BLACK
6
CONTINUOUS
10
-1.6140767716535434
20
1.6791748425196851
11
-1.6141358267716535
21
1.6791236614173228
0
LINE
8
BLACK
6
CONTINUOUS
10
-1.6141358267716535
20
1.6791236614173228
11
-1.6143215748031496
21
1.6788972834645668
0
LINE
8
BLACK
6
CONTINUOUS
10
-1.6143215748031496
20
1.6788972834645668
11
-1.6161963779527559
21
1.6770225196850392
0
LINE
8
BLACK
6
CONTINUOUS
10
-1.6161963779527559
20
1.6770225196850392
11
-1.616422716535433
21
1.676836811023622
0
LINE
8
BLACK
6
CONTINUOUS
10
-1.616422716535433
20
1.676836811023622
11
-1.6164738582677165
21
1.6767777952755905
0
LINE
8
BLACK
6
CONTINUOUS
10
-1.6164738582677165
20
1.6767777952755905
11
-1.6165627952755905
21
1.6767218503937007
0
LINE
8
BLACK
6
CONTINUOUS
10
-1.6165627952755905
20
1.6767218503937007
11
-1.6166438188976378
21
1.6766553149606298
0
LINE
8
BLACK
6
CONTINUOUS
10
-1.6166438188976378
20
1.6766553149606298
11
-1.6167158661417322
21
1.6766255118110236
0
LINE
8
BLACK
6
CONTINUOUS
10
-1.6167158661417322
20
1.6766255118110236
11
-1.6169637401574803
21
1.6764694488188976
0
LINE
8
BLACK
6
CONTINUOUS
10
-1.6169637401574803
20
1.6764694488188976
11
-1.6207132677165355
21
1.67459468503937
0
LINE
8
BLACK
6
CONTINUOUS
10
-1.6207132677165355
20
1.67459468503937
11
-1.6207553937007875
21
1.6745785826771653
0
LINE
8
BLACK
6
CONTINUOUS
10
-1.6207553937007875
20
1.6745785826771653
11
-1.6207725196850393
21
1.6745658661417322
0
LINE
8
BLACK
6
CONTINUOUS
10
-1.6207725196850393
20
1.6745658661417322
11
-1.6210144881889763
21
1.6744794488188977
0
LINE
8
BLACK
6
CONTINUOUS
10
-1.6210144881889763
20
1.6744794488188977
11
-1.6212538976377953
21
1.6743877952755906
0
LINE
8
BLACK
6
CONTINUOUS
10
-1.6212538976377953
20
1.6743877952755906
11
-1.621275157480315
21
1.6743862992125984
0
LINE
8
BLACK
6
CONTINUOUS
10
-1.621275157480315
20
1.6743862992125984
11
-1.6213176377952756
21
1.6743711023622048
0
LINE
8
BLACK
6
CONTINUOUS
10
-1.6213176377952756
20
1.6743711023622048
11
-1.6288166929133858
21
1.6724963385826772
0
LINE
8
BLACK
6
CONTINUOUS
10
-1.6288166929133858
20
1.6724963385826772
11
-1.6289165748031496
21
1.6724815748031496
0
LINE
8
BLACK
6
CONTINUOUS
10
-1.6289165748031496
20
1.6724815748031496
11
-1.6289567716535434
21
1.6724649212598426
0
LINE
8
BLACK
6
CONTINUOUS
10
-1.6289567716535434
20
1.6724649212598426
11
-1.6291738188976377
21
1.6724435826771653
0
LINE
8
BLACK
6
CONTINUOUS
10
-1.6291738188976377
20
1.6724435826771653
11
-1.6293892913385826
21
1.6724116929133859
0
LINE
8
BLACK
6
CONTINUOUS
10
-1.6293892913385826
20
1.6724116929133859
11
-1.6294323228346457
21
1.6724181102362203
0
LINE
8
BLACK
6
CONTINUOUS
10
-1.6294323228346457
20
1.6724181102362203
11
-1.6295328346456692
21
1.672408188976378
0
LINE
8
BLACK
6
CONTINUOUS
10
-1.6295328346456692
20
1.672408188976378
11
-1.638906653543307
21
1.672408188976378
0
LINE
8
BLACK
6
CONTINUOUS
10
-1.638906653543307
20
1.672408188976378
11
-1.6390072047244093
21
1.6724181102362203
0
LINE
8
BLACK
6
CONTINUOUS
10
-1.6390072047244093
20
1.6724181102362203
11
-1.6390501968503937
21
1.6724116929133859
0
LINE
8
BLACK
6
CONTINUOUS
10
-1.6390501968503937
20
1.6724116929133859
11
-1.6392657086614173
21
1.6724435826771653
0
LINE
8
BLACK
6
CONTINUOUS
10
-1.6392657086614173
20
1.6724435826771653
11
-1.6394827165354331
21
1.6724649212598426
0
LINE
8
BLACK
6
CONTINUOUS
10
-1.6394827165354331
20
1.6724649212598426
11
-1.6395229527559054
21
1.6724815748031496
0
LINE
8
BLACK
6
CONTINUOUS
10
-1.6395229527559054
20
1.6724815748031496
11
-1.6396227952755904
21
1.6724963385826772
0
LINE
8
BLACK
6
CONTINUOUS
10
-1.6396227952755904
20
1.6724963385826772
11
-1.6471218503937008
21
1.6743711023622048
0
LINE
8
BLACK
6
CONTINUOUS
10
-1.6471218503937008
20
1.6743711023622048
11
-1.6471643700787402
21
1.6743862992125984
0
LINE
8
BLACK
6
CONTINUOUS
10
-1.6471643700787402
20
1.6743862992125984
11
-1.6471856299212597
21
1.6743877952755906
0
LINE
8
BLACK
6
CONTINUOUS
10
-1.6471856299212597
20
1.6743877952755906
11
-1.6474253937007874
21
1.6744795669291339
0
LINE
8
BLACK
6
CONTINUOUS
10
-1.6474253937007874
20
1.6744795669291339
11
-1.6476669685039369
21
1.6745658661417322
0
LINE
8
BLACK
6
CONTINUOUS
10
-1.6476669685039369
20
1.6745658661417322
11
-1.6476841338582677
21
1.6745785826771653
0
LINE
8
BLACK
6
CONTINUOUS
10
-1.6476841338582677
20
1.6745785826771653
11
-1.647726220472441
21
1.67459468503937
0
LINE
8
BLACK
6
CONTINUOUS
10
-1.647726220472441
20
1.67459468503937
11
-1.6514757480314961
21
1.6764694488188976
0
LINE
8
BLACK
6
CONTINUOUS
10
-1.6514757480314961
20
1.6764694488188976
11
-1.651723779527559
21
1.6766255511811023
0
LINE
8
BLACK
6
CONTINUOUS
10
-1.651723779527559
20
1.6766255511811023
11
-1.6517957086614172
21
1.6766553543307086
0
LINE
8
BLACK
6
CONTINUOUS
10
-1.6517957086614172
20
1.6766553543307086
11
-1.6518766929133857
21
1.6767218503937007
0
LINE
8
BLACK
6
CONTINUOUS
10
-1.6518766929133857
20
1.6767218503937007
11
-1.6519656299212597
21
1.6767777952755905
0
LINE
8
BLACK
6
CONTINUOUS
10
-1.6519656299212597
20
1.6767777952755905
11
-1.652016811023622
21
1.676836811023622
0
LINE
8
BLACK
6
CONTINUOUS
10
-1.652016811023622
20
1.676836811023622
11
-1.6522431496062993
21
1.677022559055118
0
LINE
8
BLACK
6
CONTINUOUS
10
-1.6522431496062993
20
1.677022559055118
11
-1.6541179133858268
21
1.6788973228346455
0
LINE
8
BLACK
6
CONTINUOUS
10
-1.6541179133858268
20
1.6788973228346455
11
-1.6543037007874015
21
1.6791237007874016
0
LINE
8
BLACK
6
CONTINUOUS
10
-1.6543037007874015
20
1.6791237007874016
11
-1.6543626771653543
21
1.6791748425196851
0
LINE
8
BLACK
6
CONTINUOUS
10
-1.6543626771653543
20
1.6791748425196851
11
-1.6544186614173229
21
1.6792638188976377
0
LINE
8
BLACK
6
CONTINUOUS
10
-1.6544186614173229
20
1.6792638188976377
11
-1.6544851181102362
21
1.6793447637795276
0
LINE
8
BLACK
6
CONTINUOUS
10
-1.6544851181102362
20
1.6793447637795276
11
-1.6545149606299212
21
1.6794167322834646
0
LINE
8
BLACK
6
CONTINUOUS
10
-1.6545149606299212
20
1.6794167322834646
11
-1.6546710236220472
21
1.6796647244094487
0
LINE
8
BLACK
6
CONTINUOUS
10
-1.6546710236220472
20
1.6796647244094487
11
-1.6565457874015748
21
1.6834142519685038
0
LINE
8
BLACK
6
CONTINUOUS
10
-1.6565457874015748
20
1.6834142519685038
11
-1.6567526771653542
21
1.6839548818897638
0
LINE
8
BLACK
6
CONTINUOUS
10
-1.6567526771653542
20
1.6839548818897638
11
-1.6567601968503938
21
1.6840607086614172
0
LINE
8
BLACK
6
CONTINUOUS
10
-1.6567601968503938
20
1.6840607086614172
11
-1.6568007874015747
21
1.6841587007874015
0
LINE
8
BLACK
6
CONTINUOUS
10
-1.6568007874015747
20
1.6841587007874015
11
-1.6568575196850392
21
1.6847347637795276
0
LINE
8
BLACK
6
CONTINUOUS
10
-1.6568575196850392
20
1.6847347637795276
11
-1.6568575196850392
21
1.6884842913385827
0
LINE
8
BLACK
6
CONTINUOUS
10
-1.6568575196850392
20
1.6884842913385827
11
-1.6568007874015747
21
1.6890603543307086
0
LINE
8
BLACK
6
CONTINUOUS
10
-1.6568007874015747
20
1.6890603543307086
11
-1.6567601968503938
21
1.6891583858267716
0
LINE
8
BLACK
6
CONTINUOUS
10
-1.6567601968503938
20
1.6891583858267716
11
-1.6567526771653542
21
1.6892641732283464
0
LINE
8
BLACK
6
CONTINUOUS
10
-1.6567526771653542
20
1.6892641732283464
11
-1.6565457874015748
21
1.6898048031496062
0
LINE
8
BLACK
6
CONTINUOUS
10
-1.6565457874015748
20
1.6898048031496062
11
-1.6546710236220472
21
1.6935543307086613
0
LINE
8
BLACK
6
CONTINUOUS
10
-1.6546710236220472
20
1.6935543307086613
11
-1.6545149606299212
21
1.6938023622047245
0
LINE
8
BLACK
6
CONTINUOUS
10
-1.6545149606299212
20
1.6938023622047245
11
-1.6544851181102362
21
1.6938742913385827
0
LINE
8
BLACK
6
CONTINUOUS
10
-1.6544851181102362
20
1.6938742913385827
11
-1.6544186614173229
21
1.6939552755905511
0
LINE
8
BLACK
6
CONTINUOUS
10
-1.6544186614173229
20
1.6939552755905511
11
-1.6543626771653543
21
1.6940442125984252
0
LINE
8
BLACK
6
CONTINUOUS
10
-1.6543626771653543
20
1.6940442125984252
11
-1.6543037007874015
21
1.6940953937007874
0
LINE
8
BLACK
6
CONTINUOUS
10
-1.6543037007874015
20
1.6940953937007874
11
-1.6541179133858268
21
1.6943217322834645
0
LINE
8
BLACK
6
CONTINUOUS
10
-1.6541179133858268
20
1.6943217322834645
11
-1.6522431496062993
21
1.6961964960629921
0
LINE
8
BLACK
6
CONTINUOUS
10
-1.6522431496062993
20
1.6961964960629921
11
-1.652016811023622
21
1.696382283464567
0
LINE
8
BLACK
6
CONTINUOUS
10
-1.652016811023622
20
1.696382283464567
11
-1.6519656299212597
21
1.6964412598425196
0
LINE
8
BLACK
6
CONTINUOUS
10
-1.6519656299212597
20
1.6964412598425196
11
-1.6518766929133857
21
1.6964972440944881
0
LINE
8
BLACK
6
CONTINUOUS
10
-1.6518766929133857
20
1.6964972440944881
11
-1.6517957086614172
21
1.6965637007874015
0
LINE
8
BLACK
6
CONTINUOUS
10
-1.6517957086614172
20
1.6965637007874015
11
-1.651723779527559
21
1.6965935433070867
0
LINE
8
BLACK
6
CONTINUOUS
10
-1.651723779527559
20
1.6965935433070867
11
-1.6514757480314961
21
1.6967496062992125
0
LINE
8
BLACK
6
CONTINUOUS
10
-1.6514757480314961
20
1.6967496062992125
11
-1.647726220472441
21
1.69862437007874
0
LINE
8
BLACK
6
CONTINUOUS
10
-1.647726220472441
20
1.69862437007874
11
-1.6476841338582677
21
1.6986405118110235
0
LINE
8
BLACK
6
CONTINUOUS
10
-1.6476841338582677
20
1.6986405118110235
11
-1.6476669685039369
21
1.6986531889763778
0
LINE
8
BLACK
6
CONTINUOUS
10
-1.6476669685039369
20
1.6986531889763778
11
-1.6474253937007874
21
1.6987395275590551
0
LINE
8
BLACK
6
CONTINUOUS
10
-1.6474253937007874
20
1.6987395275590551
11
-1.6471856299212597
21
1.6988312598425197
0
LINE
8
BLACK
6
CONTINUOUS
10
-1.6471856299212597
20
1.6988312598425197
11
-1.6471643700787402
21
1.6988327952755906
0
LINE
8
BLACK
6
CONTINUOUS
10
-1.6471643700787402
20
1.6988327952755906
11
-1.6471218503937008
21
1.6988479527559055
0
LINE
8
BLACK
6
CONTINUOUS
10
-1.6471218503937008
20
1.6988479527559055
11
-1.6396227952755904
21
1.7007227165354331
0
LINE
8
BLACK
6
CONTINUOUS
10
-1.6396227952755904
20
1.7007227165354331
11
-1.6395229527559054
21
1.7007375196850394
0
LINE
8
BLACK
6
CONTINUOUS
10
-1.6395229527559054
20
1.7007375196850394
11
-1.6394827165354331
21
1.7007541338582677
0
LINE
8
BLACK
6
CONTINUOUS
10
-1.6394827165354331
20
1.7007541338582677
11
-1.6392657086614173
21
1.7007755118110235
0
LINE
8
BLACK
6
CONTINUOUS
10
-1.6392657086614173
20
1.7007755118110235
11
-1.6390501968503937
21
1.7008073622047244
0
LINE
8
BLACK
6
CONTINUOUS
10
-1.6390501968503937
20
1.7008073622047244
11
-1.6390072047244093
21
1.7008009842519685
0
LINE
8
BLACK
6
CONTINUOUS
10
-1.6390072047244093
20
1.7008009842519685
11
-1.638906653543307
21
1.7008108661417323
0
LINE
8
BLACK
6
CONTINUOUS
10
-1.638906653543307
20
1.7008108661417323
11
-1.6295328346456692
21
1.7008108661417323
0
LINE
8
BLACK
6
CONTINUOUS
10
-1.6295328346456692
20
1.7008108661417323
11
-1.6294323228346457
21
1.7008009842519685
0
LINE
8
BLACK
6
CONTINUOUS
10
-1.6453751574803148
20
1.6931973622047243
11
-1.6484061417322835
21
1.6916818503937008
0
LINE
8
BLACK
6
CONTINUOUS
10
-1.6484061417322835
20
1.6916818503937008
11
-1.6496032677165353
21
1.6904847244094487
0
LINE
8
BLACK
6
CONTINUOUS
10
-1.6496032677165353
20
1.6904847244094487
11
-1.6509520078740156
21
1.6877872440944881
0
LINE
8
BLACK
6
CONTINUOUS
10
-1.6509520078740156
20
1.6877872440944881
11
-1.6509520078740156
21
1.6854318110236219
0
LINE
8
BLACK
6
CONTINUOUS
10
-1.6509520078740156
20
1.6854318110236219
11
-1.6496032677165353
21
1.6827343307086613
0
LINE
8
BLACK
6
CONTINUOUS
10
-1.6496032677165353
20
1.6827343307086613
11
-1.6484061417322835
21
1.6815372047244095
0
LINE
8
BLACK
6
CONTINUOUS
10
-1.6484061417322835
20
1.6815372047244095
11
-1.6453751574803148
21
1.6800217322834645
0
LINE
8
BLACK
6
CONTINUOUS
10
-1.6453751574803148
20
1.6800217322834645
11
-1.6385431102362205
21
1.6783137007874016
0
LINE
8
BLACK
6
CONTINUOUS
10
-1.6385431102362205
20
1.6783137007874016
11
-1.6298963779527558
21
1.6783137007874016
0
LINE
8
BLACK
6
CONTINUOUS
10
-1.6298963779527558
20
1.6783137007874016
11
-1.6230643307086614
21
1.6800217322834645
0
LINE
8
BLACK
6
CONTINUOUS
10
-1.6230643307086614
20
1.6800217322834645
11
-1.6200333464566929
21
1.6815372440944882
0
LINE
8
BLACK
6
CONTINUOUS
10
-1.6200333464566929
20
1.6815372440944882
11
-1.6188361811023622
21
1.68273437007874
0
LINE
8
BLACK
6
CONTINUOUS
10
-1.6188361811023622
20
1.68273437007874
11
-1.6174874409448818
21
1.6854318110236219
0
LINE
8
BLACK
6
CONTINUOUS
10
-1.6174874409448818
20
1.6854318110236219
11
-1.6174874409448818
21
1.6877872440944881
0
LINE
8
BLACK
6
CONTINUOUS
10
-1.6174874409448818
20
1.6877872440944881
11
-1.6188361811023622
21
1.6904847244094487
0
LINE
8
BLACK
6
CONTINUOUS
10
-1.6188361811023622
20
1.6904847244094487
11
-1.6200333464566929
21
1.6916818503937008
0
LINE
8
BLACK
6
CONTINUOUS
10
-1.6200333464566929
20
1.6916818503937008
11
-1.6230643307086614
21
1.6931973622047243
0
LINE
8
BLACK
6
CONTINUOUS
10
-1.6230643307086614
20
1.6931973622047243
11
-1.6298963779527558
21
1.6949053543307087
0
LINE
8
BLACK
6
CONTINUOUS
10
-1.6298963779527558
20
1.6949053543307087
11
-1.6385431102362205
21
1.6949053543307087
0
LINE
8
BLACK
6
CONTINUOUS
10
-1.6385431102362205
20
1.6949053543307087
11
-1.6453751574803148
21
1.6931973622047243
0
LINE
8
BLACK
6
CONTINUOUS
10
-1.6294323228346457
20
1.7382962992125983
11
-1.6293892913385826
21
1.7383026771653542
0
LINE
8
BLACK
6
CONTINUOUS
10
-1.6293892913385826
20
1.7383026771653542
11
-1.6291738188976377
21
1.7382708267716536
0
LINE
8
BLACK
6
CONTINUOUS
10
-1.6291738188976377
20
1.7382708267716536
11
-1.6289567716535434
21
1.7382494488188975
0
LINE
8
BLACK
6
CONTINUOUS
10
-1.6289567716535434
20
1.7382494488188975
11
-1.6289165748031496
21
1.7382328346456692
0
LINE
8
BLACK
6
CONTINUOUS
10
-1.6289165748031496
20
1.7382328346456692
11
-1.6288166929133858
21
1.7382180314960629
0
LINE
8
BLACK
6
CONTINUOUS
10
-1.6288166929133858
20
1.7382180314960629
11
-1.6213176377952756
21
1.7363432677165354
0
LINE
8
BLACK
6
CONTINUOUS
10
-1.6213176377952756
20
1.7363432677165354
11
-1.621275157480315
21
1.7363281102362205
0
LINE
8
BLACK
6
CONTINUOUS
10
-1.621275157480315
20
1.7363281102362205
11
-1.6212538976377953
21
1.7363265748031496
0
LINE
8
BLACK
6
CONTINUOUS
10
-1.6212538976377953
20
1.7363265748031496
11
-1.6210144881889763
21
1.7362349606299212
0
LINE
8
BLACK
6
CONTINUOUS
10
-1.6210144881889763
20
1.7362349606299212
11
-1.6207725196850393
21
1.7361485039370079
0
LINE
8
BLACK
6
CONTINUOUS
10
-1.6207725196850393
20
1.7361485039370079
11
-1.6207553937007875
21
1.7361358267716536
0
LINE
8
BLACK
6
CONTINUOUS
10
-1.6207553937007875
20
1.7361358267716536
11
-1.6207132677165355
21
1.7361196850393701
0
LINE
8
BLACK
6
CONTINUOUS
10
-1.6207132677165355
20
1.7361196850393701
11
-1.6169637401574803
21
1.7342449212598425
0
LINE
8
BLACK
6
CONTINUOUS
10
-1.6169637401574803
20
1.7342449212598425
11
-1.6167158661417322
21
1.7340888976377953
0
LINE
8
BLACK
6
CONTINUOUS
10
-1.6167158661417322
20
1.7340888976377953
11
-1.6166438188976378
21
1.7340590551181101
0
LINE
8
BLACK
6
CONTINUOUS
10
-1.6166438188976378
20
1.7340590551181101
11
-1.6165627952755905
21
1.7339925590551182
0
LINE
8
BLACK
6
CONTINUOUS
10
-1.6165627952755905
20
1.7339925590551182
11
-1.6164738582677165
21
1.7339365748031497
0
LINE
8
BLACK
6
CONTINUOUS
10
-1.6164738582677165
20
1.7339365748031497
11
-1.616422716535433
21
1.7338775984251968
0
LINE
8
BLACK
6
CONTINUOUS
10
-1.616422716535433
20
1.7338775984251968
11
-1.6161963779527559
21
1.7336918503937007
0
LINE
8
BLACK
6
CONTINUOUS
10
-1.6161963779527559
20
1.7336918503937007
11
-1.6143215748031496
21
1.7318170866141731
0
LINE
8
BLACK
6
CONTINUOUS
10
-1.6143215748031496
20
1.7318170866141731
11
-1.6141358267716535
21
1.731590748031496
0
LINE
8
BLACK
6
CONTINUOUS
10
-1.6141358267716535
20
1.731590748031496
11
-1.6140767716535434
21
1.731539527559055
0
LINE
8
BLACK
6
CONTINUOUS
10
-1.6140767716535434
20
1.731539527559055
11
-1.6140207874015748
21
1.731450590551181
0
LINE
8
BLACK
6
CONTINUOUS
10
-1.6140207874015748
20
1.731450590551181
11
-1.6139543307086615
21
1.7313696062992125
0
LINE
8
BLACK
6
CONTINUOUS
10
-1.6139543307086615
20
1.7313696062992125
11
-1.613924527559055
21
1.7312976771653543
0
LINE
8
BLACK
6
CONTINUOUS
10
-1.613924527559055
20
1.7312976771653543
11
-1.6137684251968503
21
1.7310496456692912
0
LINE
8
BLACK
6
CONTINUOUS
10
-1.6137684251968503
20
1.7310496456692912
11
-1.6118936614173227
21
1.7273001181102361
0
LINE
8
BLACK
6
CONTINUOUS
10
-1.6118936614173227
20
1.7273001181102361
11
-1.6116867716535432
21
1.726759527559055
0
LINE
8
BLACK
6
CONTINUOUS
10
-1.6116867716535432
20
1.726759527559055
11
-1.6116792519685039
21
1.7266536614173229
0
LINE
8
BLACK
6
CONTINUOUS
10
-1.6116792519685039
20
1.7266536614173229
11
-1.6116386614173228
21
1.7265556692913386
0
LINE
8
BLACK
6
CONTINUOUS
10
-1.6116386614173228
20
1.7265556692913386
11
-1.6115819291338582
21
1.7259796062992125
0
LINE
8
BLACK
6
CONTINUOUS
10
-1.6115819291338582
20
1.7259796062992125
11
-1.6115819291338582
21
1.7222300787401574
0
LINE
8
BLACK
6
CONTINUOUS
10
-1.6115819291338582
20
1.7222300787401574
11
-1.6116386614173228
21
1.7216540157480316
0
LINE
8
BLACK
6
CONTINUOUS
10
-1.6116386614173228
20
1.7216540157480316
11
-1.6116792519685039
21
1.721556062992126
0
LINE
8
BLACK
6
CONTINUOUS
10
-1.6116792519685039
20
1.721556062992126
11
-1.6116867716535432
21
1.7214501574803149
0
LINE
8
BLACK
6
CONTINUOUS
10
-1.6116867716535432
20
1.7214501574803149
11
-1.6118936614173227
21
1.7209095669291339
0
LINE
8
BLACK
6
CONTINUOUS
10
-1.6118936614173227
20
1.7209095669291339
11
-1.6137684251968503
21
1.7171600393700788
0
LINE
8
BLACK
6
CONTINUOUS
10
-1.6137684251968503
20
1.7171600393700788
11
-1.613924527559055
21
1.7169120472440944
0
LINE
8
BLACK
6
CONTINUOUS
10
-1.613924527559055
20
1.7169120472440944
11
-1.6139543307086615
21
1.7168400787401574
0
LINE
8
BLACK
6
CONTINUOUS
10
-1.6139543307086615
20
1.7168400787401574
11
-1.6140207874015748
21
1.7167591338582677
0
LINE
8
BLACK
6
CONTINUOUS
10
-1.6140207874015748
20
1.7167591338582677
11
-1.6140767716535434
21
1.7166701574803149
0
LINE
8
BLACK
6
CONTINUOUS
10
-1.6140767716535434
20
1.7166701574803149
11
-1.6141358267716535
21
1.7166189763779527
0
LINE
8
BLACK
6
CONTINUOUS
10
-1.6141358267716535
20
1.7166189763779527
11
-1.6143215748031496
21
1.7163925984251969
0
LINE
8
BLACK
6
CONTINUOUS
10
-1.6143215748031496
20
1.7163925984251969
11
-1.6161963779527559
21
1.7145178346456693
0
LINE
8
BLACK
6
CONTINUOUS
10
-1.6161963779527559
20
1.7145178346456693
11
-1.616422716535433
21
1.7143321259842519
0
LINE
8
BLACK
6
CONTINUOUS
10
-1.616422716535433
20
1.7143321259842519
11
-1.6164738582677165
21
1.7142731102362205
0
LINE
8
BLACK
6
CONTINUOUS
10
-1.6164738582677165
20
1.7142731102362205
11
-1.6165627952755905
21
1.7142171653543308
0
LINE
8
BLACK
6
CONTINUOUS
10
-1.6165627952755905
20
1.7142171653543308
11
-1.6166438188976378
21
1.7141506299212599
0
LINE
8
BLACK
6
CONTINUOUS
10
-1.6166438188976378
20
1.7141506299212599
11
-1.6167158661417322
21
1.7141208267716534
0
LINE
8
BLACK
6
CONTINUOUS
10
-1.6167158661417322
20
1.7141208267716534
11
-1.6169637401574803
21
1.7139647637795274
0
LINE
8
BLACK
6
CONTINUOUS
10
-1.6169637401574803
20
1.7139647637795274
11
-1.6207132677165355
21
1.7120899999999999
0
LINE
8
BLACK
6
CONTINUOUS
10
-1.6207132677165355
20
1.7120899999999999
11
-1.6207553937007875
21
1.7120738976377952
0
LINE
8
BLACK
6
CONTINUOUS
10
-1.6207553937007875
20
1.7120738976377952
11
-1.6207725196850393
21
1.7120611811023623
0
LINE
8
BLACK
6
CONTINUOUS
10
-1.6207725196850393
20
1.7120611811023623
11
-1.6210144881889763
21
1.7119747637795275
0
LINE
8
BLACK
6
CONTINUOUS
10
-1.6210144881889763
20
1.7119747637795275
11
-1.6212538976377953
21
1.7118831102362204
0
LINE
8
BLACK
6
CONTINUOUS
10
-1.6212538976377953
20
1.7118831102362204
11
-1.621275157480315
21
1.7118816141732283
0
LINE
8
BLACK
6
CONTINUOUS
10
-1.621275157480315
20
1.7118816141732283
11
-1.6213176377952756
21
1.7118664173228346
0
LINE
8
BLACK
6
CONTINUOUS
10
-1.6213176377952756
20
1.7118664173228346
11
-1.6288166929133858
21
1.7099916535433071
0
LINE
8
BLACK
6
CONTINUOUS
10
-1.6288166929133858
20
1.7099916535433071
11
-1.6289165748031496
21
1.7099768897637795
0
LINE
8
BLACK
6
CONTINUOUS
10
-1.6289165748031496
20
1.7099768897637795
11
-1.6289567716535434
21
1.7099602362204724
0
LINE
8
BLACK
6
CONTINUOUS
10
-1.6289567716535434
20
1.7099602362204724
11
-1.6291738188976377
21
1.7099388976377952
0
LINE
8
BLACK
6
CONTINUOUS
10
-1.6291738188976377
20
1.7099388976377952
11
-1.6293892913385826
21
1.7099070078740157
0
LINE
8
BLACK
6
CONTINUOUS
10
-1.6293892913385826
20
1.7099070078740157
11
-1.6294323228346457
21
1.7099134251968504
0
LINE
8
BLACK
6
CONTINUOUS
10
-1.6294323228346457
20
1.7099134251968504
11
-1.6295328346456692
21
1.7099035039370079
0
LINE
8
BLACK
6
CONTINUOUS
10
-1.6295328346456692
20
1.7099035039370079
11
-1.638906653543307
21
1.7099035039370079
0
LINE
8
BLACK
6
CONTINUOUS
10
-1.638906653543307
20
1.7099035039370079
11
-1.6390072047244093
21
1.7099134251968504
0
LINE
8
BLACK
6
CONTINUOUS
10
-1.6390072047244093
20
1.7099134251968504
11
-1.6390501968503937
21
1.7099070078740157
0
LINE
8
BLACK
6
CONTINUOUS
10
-1.6390501968503937
20
1.7099070078740157
11
-1.6392657086614173
21
1.7099388976377952
0
LINE
8
BLACK
6
CONTINUOUS
10
-1.6392657086614173
20
1.7099388976377952
11
-1.6394827165354331
21
1.7099602362204724
0
LINE
8
BLACK
6
CONTINUOUS
10
-1.6394827165354331
20
1.7099602362204724
11
-1.6395229527559054
21
1.7099768897637795
0
LINE
8
BLACK
6
CONTINUOUS
10
-1.6395229527559054
20
1.7099768897637795
11
-1.6396227952755904
21
1.7099916535433071
0
LINE
8
BLACK
6
CONTINUOUS
10
-1.6396227952755904
20
1.7099916535433071
11
-1.6471218503937008
21
1.7118664173228346
0
LINE
8
BLACK
6
CONTINUOUS
10
-1.6471218503937008
20
1.7118664173228346
11
-1.6471643700787402
21
1.7118816141732283
0
LINE
8
BLACK
6
CONTINUOUS
10
-1.6471643700787402
20
1.7118816141732283
11
-1.6471856299212597
21
1.7118831102362204
0
LINE
8
BLACK
6
CONTINUOUS
10
-1.6471856299212597
20
1.7118831102362204
11
-1.6474253937007874
21
1.7119748818897638
0
LINE
8
BLACK
6
CONTINUOUS
10
-1.6474253937007874
20
1.7119748818897638
11
-1.6476669685039369
21
1.7120611811023623
0
LINE
8
BLACK
6
CONTINUOUS
10
-1.6476669685039369
20
1.7120611811023623
11
-1.6476841338582677
21
1.7120738976377952
0
LINE
8
BLACK
6
CONTINUOUS
10
-1.6476841338582677
20
1.7120738976377952
11
-1.647726220472441
21
1.7120899999999999
0
LINE
8
BLACK
6
CONTINUOUS
10
-1.647726220472441
20
1.7120899999999999
11
-1.6514757480314961
21
1.7139647637795274
0
LINE
8
BLACK
6
CONTINUOUS
10
-1.6514757480314961
20
1.7139647637795274
11
-1.651723779527559
21
1.7141208661417322
0
LINE
8
BLACK
6
CONTINUOUS
10
-1.651723779527559
20
1.7141208661417322
11
-1.6517957086614172
21
1.7141506692913386
0
LINE
8
BLACK
6
CONTINUOUS
10
-1.6517957086614172
20
1.7141506692913386
11
-1.6518766929133857
21
1.7142171653543308
0
LINE
8
BLACK
6
CONTINUOUS
10
-1.6518766929133857
20
1.7142171653543308
11
-1.6519656299212597
21
1.7142731102362205
0
LINE
8
BLACK
6
CONTINUOUS
10
-1.6519656299212597
20
1.7142731102362205
11
-1.652016811023622
21
1.7143321259842519
0
LINE
8
BLACK
6
CONTINUOUS
10
-1.652016811023622
20
1.7143321259842519
11
-1.6522431496062993
21
1.7145178740157481
0
LINE
8
BLACK
6
CONTINUOUS
10
-1.6522431496062993
20
1.7145178740157481
11
-1.6541179133858268
21
1.7163926377952756
0
LINE
8
BLACK
6
CONTINUOUS
10
-1.6541179133858268
20
1.7163926377952756
11
-1.6543037007874015
21
1.7166190157480314
0
LINE
8
BLACK
6
CONTINUOUS
10
-1.6543037007874015
20
1.7166190157480314
11
-1.6543626771653543
21
1.7166701574803149
0
LINE
8
BLACK
6
CONTINUOUS
10
-1.6543626771653543
20
1.7166701574803149
11
-1.6544186614173229
21
1.7167591338582677
0
LINE
8
BLACK
6
CONTINUOUS
10
-1.6544186614173229
20
1.7167591338582677
11
-1.6544851181102362
21
1.7168400787401574
0
LINE
8
BLACK
6
CONTINUOUS
10
-1.6544851181102362
20
1.7168400787401574
11
-1.6545149606299212
21
1.7169120472440944
0
LINE
8
BLACK
6
CONTINUOUS
10
-1.6545149606299212
20
1.7169120472440944
11
-1.6546710236220472
21
1.7171600393700788
0
LINE
8
BLACK
6
CONTINUOUS
10
-1.6546710236220472
20
1.7171600393700788
11
-1.6565457874015748
21
1.7209095669291339
0
LINE
8
BLACK
6
CONTINUOUS
10
-1.6565457874015748
20
1.7209095669291339
11
-1.6567526771653542
21
1.7214501968503937
0
LINE
8
BLACK
6
CONTINUOUS
10
-1.6567526771653542
20
1.7214501968503937
11
-1.6567601968503938
21
1.7215560236220473
0
LINE
8
BLACK
6
CONTINUOUS
10
-1.6567601968503938
20
1.7215560236220473
11
-1.6568007874015747
21
1.7216540157480316
0
LINE
8
BLACK
6
CONTINUOUS
10
-1.6568007874015747
20
1.7216540157480316
11
-1.6568575196850392
21
1.7222300787401574
0
LINE
8
BLACK
6
CONTINUOUS
10
-1.6568575196850392
20
1.7222300787401574
11
-1.6568575196850392
21
1.7259796062992125
0
LINE
8
BLACK
6
CONTINUOUS
10
-1.6568575196850392
20
1.7259796062992125
11
-1.6568007874015747
21
1.7265556692913386
0
LINE
8
BLACK
6
CONTINUOUS
10
-1.6568007874015747
20
1.7265556692913386
11
-1.6567601968503938
21
1.7266537007874014
0
LINE
8
BLACK
6
CONTINUOUS
10
-1.6567601968503938
20
1.7266537007874014
11
-1.6567526771653542
21
1.7267594881889763
0
LINE
8
BLACK
6
CONTINUOUS
10
-1.6567526771653542
20
1.7267594881889763
11
-1.6565457874015748
21
1.7273001181102361
0
LINE
8
BLACK
6
CONTINUOUS
10
-1.6565457874015748
20
1.7273001181102361
11
-1.6546710236220472
21
1.7310496456692912
0
LINE
8
BLACK
6
CONTINUOUS
10
-1.6546710236220472
20
1.7310496456692912
11
-1.6545149606299212
21
1.7312976771653543
0
LINE
8
BLACK
6
CONTINUOUS
10
-1.6545149606299212
20
1.7312976771653543
11
-1.6544851181102362
21
1.7313696062992125
0
LINE
8
BLACK
6
CONTINUOUS
10
-1.6544851181102362
20
1.7313696062992125
11
-1.6544186614173229
21
1.731450590551181
0
LINE
8
BLACK
6
CONTINUOUS
10
-1.6544186614173229
20
1.731450590551181
11
-1.6543626771653543
21
1.731539527559055
0
LINE
8
BLACK
6
CONTINUOUS
10
-1.6543626771653543
20
1.731539527559055
11
-1.6543037007874015
21
1.7315907086614173
0
LINE
8
BLACK
6
CONTINUOUS
10
-1.6543037007874015
20
1.7315907086614173
11
-1.6541179133858268
21
1.7318170472440944
0
LINE
8
BLACK
6
CONTINUOUS
10
-1.6541179133858268
20
1.7318170472440944
11
-1.6522431496062993
21
1.7336918110236219
0
LINE
8
BLACK
6
CONTINUOUS
10
-1.6522431496062993
20
1.7336918110236219
11
-1.652016811023622
21
1.7338775984251968
0
LINE
8
BLACK
6
CONTINUOUS
10
-1.652016811023622
20
1.7338775984251968
11
-1.6519656299212597
21
1.7339365748031497
0
LINE
8
BLACK
6
CONTINUOUS
10
-1.6519656299212597
20
1.7339365748031497
11
-1.6518766929133857
21
1.7339925590551182
0
LINE
8
BLACK
6
CONTINUOUS
10
-1.6518766929133857
20
1.7339925590551182
11
-1.6517957086614172
21
1.7340590157480316
0
LINE
8
BLACK
6
CONTINUOUS
10
-1.6517957086614172
20
1.7340590157480316
11
-1.651723779527559
21
1.7340888582677165
0
LINE
8
BLACK
6
CONTINUOUS
10
-1.651723779527559
20
1.7340888582677165
11
-1.6514757480314961
21
1.7342449212598425
0
LINE
8
BLACK
6
CONTINUOUS
10
-1.6514757480314961
20
1.7342449212598425
11
-1.647726220472441
21
1.7361196850393701
0
LINE
8
BLACK
6
CONTINUOUS
10
-1.647726220472441
20
1.7361196850393701
11
-1.6476841338582677
21
1.7361358267716536
0
LINE
8
BLACK
6
CONTINUOUS
10
-1.6476841338582677
20
1.7361358267716536
11
-1.6476669685039369
21
1.7361485039370079
0
LINE
8
BLACK
6
CONTINUOUS
10
-1.6476669685039369
20
1.7361485039370079
11
-1.6474253937007874
21
1.736234842519685
0
LINE
8
BLACK
6
CONTINUOUS
10
-1.6474253937007874
20
1.736234842519685
11
-1.6471856299212597
21
1.7363265748031496
0
LINE
8
BLACK
6
CONTINUOUS
10
-1.6471856299212597
20
1.7363265748031496
11
-1.6471643700787402
21
1.7363281102362205
0
LINE
8
BLACK
6
CONTINUOUS
10
-1.6471643700787402
20
1.7363281102362205
11
-1.6471218503937008
21
1.7363432677165354
0
LINE
8
BLACK
6
CONTINUOUS
10
-1.6471218503937008
20
1.7363432677165354
11
-1.6396227952755904
21
1.7382180314960629
0
LINE
8
BLACK
6
CONTINUOUS
10
-1.6396227952755904
20
1.7382180314960629
11
-1.6395229527559054
21
1.7382328346456692
0
LINE
8
BLACK
6
CONTINUOUS
10
-1.6395229527559054
20
1.7382328346456692
11
-1.6394827165354331
21
1.7382494488188975
0
LINE
8
BLACK
6
CONTINUOUS
10
-1.6394827165354331
20
1.7382494488188975
11
-1.6392657086614173
21
1.7382708267716536
0
LINE
8
BLACK
6
CONTINUOUS
10
-1.6392657086614173
20
1.7382708267716536
11
-1.6390501968503937
21
1.7383026771653542
0
LINE
8
BLACK
6
CONTINUOUS
10
-1.6390501968503937
20
1.7383026771653542
11
-1.6390072047244093
21
1.7382962992125983
0
LINE
8
BLACK
6
CONTINUOUS
10
-1.6390072047244093
20
1.7382962992125983
11
-1.638906653543307
21
1.7383061811023621
0
LINE
8
BLACK
6
CONTINUOUS
10
-1.638906653543307
20
1.7383061811023621
11
-1.6295328346456692
21
1.7383061811023621
0
LINE
8
BLACK
6
CONTINUOUS
10
-1.6295328346456692
20
1.7383061811023621
11
-1.6294323228346457
21
1.7382962992125983
0
LINE
8
BLACK
6
CONTINUOUS
10
-1.6453751574803148
20
1.7306926771653544
11
-1.6484061417322835
21
1.7291771653543306
0
LINE
8
BLACK
6
CONTINUOUS
10
-1.6484061417322835
20
1.7291771653543306
11
-1.6496032677165353
21
1.7279800393700786
0
LINE
8
BLACK
6
CONTINUOUS
10
-1.6496032677165353
20
1.7279800393700786
11
-1.6509520078740156
21
1.7252825590551182
0
LINE
8
BLACK
6
CONTINUOUS
10
-1.6509520078740156
20
1.7252825590551182
11
-1.6509520078740156
21
1.722927125984252
0
LINE
8
BLACK
6
CONTINUOUS
10
-1.6509520078740156
20
1.722927125984252
11
-1.6496032677165353
21
1.7202296456692914
0
LINE
8
BLACK
6
CONTINUOUS
10
-1.6496032677165353
20
1.7202296456692914
11
-1.6484061417322835
21
1.7190325196850393
0
LINE
8
BLACK
6
CONTINUOUS
10
-1.6484061417322835
20
1.7190325196850393
11
-1.6453751574803148
21
1.7175170472440944
0
LINE
8
BLACK
6
CONTINUOUS
10
-1.6453751574803148
20
1.7175170472440944
11
-1.6385431102362205
21
1.7158090157480315
0
LINE
8
BLACK
6
CONTINUOUS
10
-1.6385431102362205
20
1.7158090157480315
11
-1.6298963779527558
21
1.7158090157480315
0
LINE
8
BLACK
6
CONTINUOUS
10
-1.6298963779527558
20
1.7158090157480315
11
-1.6230643307086614
21
1.7175170472440944
0
LINE
8
BLACK
6
CONTINUOUS
10
-1.6230643307086614
20
1.7175170472440944
11
-1.6200333464566929
21
1.7190325590551181
0
LINE
8
BLACK
6
CONTINUOUS
10
-1.6200333464566929
20
1.7190325590551181
11
-1.6188361811023622
21
1.7202296850393701
0
LINE
8
BLACK
6
CONTINUOUS
10
-1.6188361811023622
20
1.7202296850393701
11
-1.6174874409448818
21
1.722927125984252
0
LINE
8
BLACK
6
CONTINUOUS
10
-1.6174874409448818
20
1.722927125984252
11
-1.6174874409448818
21
1.7252825590551182
0
LINE
8
BLACK
6
CONTINUOUS
10
-1.6174874409448818
20
1.7252825590551182
11
-1.6188361811023622
21
1.7279800393700786
0
LINE
8
BLACK
6
CONTINUOUS
10
-1.6188361811023622
20
1.7279800393700786
11
-1.6200333464566929
21
1.7291771653543306
0
LINE
8
BLACK
6
CONTINUOUS
10
-1.6200333464566929
20
1.7291771653543306
11
-1.6230643307086614
21
1.7306926771653544
0
LINE
8
BLACK
6
CONTINUOUS
10
-1.6230643307086614
20
1.7306926771653544
11
-1.6298963779527558
21
1.7324006692913385
0
LINE
8
BLACK
6
CONTINUOUS
10
-1.6298963779527558
20
1.7324006692913385
11
-1.6385431102362205
21
1.7324006692913385
0
LINE
8
BLACK
6
CONTINUOUS
10
-1.6385431102362205
20
1.7324006692913385
11
-1.6453751574803148
21
1.7306926771653544
0
LINE
8
BLACK
6
CONTINUOUS
10
-1.6139586220472442
20
1.8188644094488189
11
-1.6128942125984251
21
1.8184235039370078
0
LINE
8
BLACK
6
CONTINUOUS
10
-1.6128942125984251
20
1.8184235039370078
11
-1.6120795669291339
21
1.8176088582677166
0
LINE
8
BLACK
6
CONTINUOUS
10
-1.6120795669291339
20
1.8176088582677166
11
-1.6116386614173228
21
1.8165444488188975
0
LINE
8
BLACK
6
CONTINUOUS
10
-1.6116386614173228
20
1.8165444488188975
11
-1.6116386614173228
21
1.8153923228346456
0
LINE
8
BLACK
6
CONTINUOUS
10
-1.6116386614173228
20
1.8153923228346456
11
-1.6120795669291339
21
1.8143279133858268
0
LINE
8
BLACK
6
CONTINUOUS
10
-1.6120795669291339
20
1.8143279133858268
11
-1.6128942125984251
21
1.8135132677165353
0
LINE
8
BLACK
6
CONTINUOUS
10
-1.6128942125984251
20
1.8135132677165353
11
-1.6139586220472442
21
1.8130723622047245
0
LINE
8
BLACK
6
CONTINUOUS
10
-1.6139586220472442
20
1.8130723622047245
11
-1.61453468503937
21
1.8130156299212599
0
LINE
8
BLACK
6
CONTINUOUS
10
-1.61453468503937
20
1.8130156299212599
11
-1.6344600787401575
21
1.8130156299212599
0
LINE
8
BLACK
6
CONTINUOUS
10
-1.6344600787401575
20
1.8130156299212599
11
-1.6367058267716534
21
1.8118927952755906
0
LINE
8
BLACK
6
CONTINUOUS
10
-1.6367058267716534
20
1.8118927952755906
11
-1.6378286614173228
21
1.8096470472440944
0
LINE
8
BLACK
6
CONTINUOUS
10
-1.6378286614173228
20
1.8096470472440944
11
-1.6378286614173228
21
1.8054168110236219
0
LINE
8
BLACK
6
CONTINUOUS
10
-1.6378286614173228
20
1.8054168110236219
11
-1.6367058267716534
21
1.8031711023622048
0
LINE
8
BLACK
6
CONTINUOUS
10
-1.6367058267716534
20
1.8031711023622048
11
-1.6344600787401575
21
1.8020482283464567
0
LINE
8
BLACK
6
CONTINUOUS
10
-1.6344600787401575
20
1.8020482283464567
11
-1.61453468503937
21
1.8020482283464567
0
LINE
8
BLACK
6
CONTINUOUS
10
-1.61453468503937
20
1.8020482283464567
11
-1.6139586220472442
21
1.8019914960629921
0
LINE
8
BLACK
6
CONTINUOUS
10
-1.6139586220472442
20
1.8019914960629921
11
-1.6128942125984251
21
1.8015505905511811
0
LINE
8
BLACK
6
CONTINUOUS
10
-1.6128942125984251
20
1.8015505905511811
11
-1.6120795669291339
21
1.8007359448818898
0
LINE
8
BLACK
6
CONTINUOUS
10
-1.6120795669291339
20
1.8007359448818898
11
-1.6116386614173228
21
1.7996715354330708
0
LINE
8
BLACK
6
CONTINUOUS
10
-1.6116386614173228
20
1.7996715354330708
11
-1.6116386614173228
21
1.7985194094488188
0
LINE
8
BLACK
6
CONTINUOUS
10
-1.6116386614173228
20
1.7985194094488188
11
-1.6120795669291339
21
1.797455
0
LINE
8
BLACK
6
CONTINUOUS
10
-1.6120795669291339
20
1.797455
11
-1.6128942125984251
21
1.7966403543307086
0
LINE
8
BLACK
6
CONTINUOUS
10
-1.6128942125984251
20
1.7966403543307086
11
-1.6139586220472442
21
1.7961994488188977
0
LINE
8
BLACK
6
CONTINUOUS
10
-1.6139586220472442
20
1.7961994488188977
11
-1.61453468503937
21
1.7961427165354331
0
LINE
8
BLACK
6
CONTINUOUS
10
-1.61453468503937
20
1.7961427165354331
11
-1.6344600787401575
21
1.7961427165354331
0
LINE
8
BLACK
6
CONTINUOUS
10
-1.6344600787401575
20
1.7961427165354331
11
-1.6367058267716534
21
1.7950198818897638
0
LINE
8
BLACK
6
CONTINUOUS
10
-1.6367058267716534
20
1.7950198818897638
11
-1.6378286614173228
21
1.7927741338582677
0
LINE
8
BLACK
6
CONTINUOUS
10
-1.6378286614173228
20
1.7927741338582677
11
-1.6378286614173228
21
1.788543937007874
0
LINE
8
BLACK
6
CONTINUOUS
10
-1.6378286614173228
20
1.788543937007874
11
-1.6364799212598424
21
1.7858464566929133
0
LINE
8
BLACK
6
CONTINUOUS
10
-1.6364799212598424
20
1.7858464566929133
11
-1.6358088188976379
21
1.7851753543307087
0
LINE
8
BLACK
6
CONTINUOUS
10
-1.6358088188976379
20
1.7851753543307087
11
-1.61453468503937
21
1.7851753543307087
0
LINE
8
BLACK
6
CONTINUOUS
10
-1.61453468503937
20
1.7851753543307087
11
-1.6139586220472442
21
1.7851186220472441
0
LINE
8
BLACK
6
CONTINUOUS
10
-1.6139586220472442
20
1.7851186220472441
11
-1.6128942125984251
21
1.7846777165354331
0
LINE
8
BLACK
6
CONTINUOUS
10
-1.6128942125984251
20
1.7846777165354331
11
-1.6120795669291339
21
1.7838630708661416
0
LINE
8
BLACK
6
CONTINUOUS
10
-1.6120795669291339
20
1.7838630708661416
11
-1.6116386614173228
21
1.7827986614173228
0
LINE
8
BLACK
6
CONTINUOUS
10
-1.6116386614173228
20
1.7827986614173228
11
-1.6116386614173228
21
1.7816465354330708
0
LINE
8
BLACK
6
CONTINUOUS
10
-1.6116386614173228
20
1.7816465354330708
11
-1.6120795669291339
21
1.780582125984252
0
LINE
8
BLACK
6
CONTINUOUS
10
-1.6120795669291339
20
1.780582125984252
11
-1.6128942125984251
21
1.7797674803149606
0
LINE
8
BLACK
6
CONTINUOUS
10
-1.6128942125984251
20
1.7797674803149606
11
-1.6139586220472442
21
1.7793265748031495
0
LINE
8
BLACK
6
CONTINUOUS
10
-1.6139586220472442
20
1.7793265748031495
11
-1.61453468503937
21
1.7792698425196849
0
LINE
8
BLACK
6
CONTINUOUS
10
-1.61453468503937
20
1.7792698425196849
11
-1.6407814173228346
21
1.7792698425196849
0
LINE
8
BLACK
6
CONTINUOUS
10
-1.6407814173228346
20
1.7792698425196849
11
-1.6413574803149606
21
1.7793265748031495
0
LINE
8
BLACK
6
CONTINUOUS
10
-1.6413574803149606
20
1.7793265748031495
11
-1.6424218897637795
21
1.7797674803149606
0
LINE
8
BLACK
6
CONTINUOUS
10
-1.6424218897637795
20
1.7797674803149606
11
-1.6432365354330709
21
1.780582125984252
0
LINE
8
BLACK
6
CONTINUOUS
10
-1.6432365354330709
20
1.780582125984252
11
-1.6436774409448818
21
1.7816465354330708
0
LINE
8
BLACK
6
CONTINUOUS
10
-1.6436774409448818
20
1.7816465354330708
11
-1.6436774409448818
21
1.7827986614173228
0
LINE
8
BLACK
6
CONTINUOUS
10
-1.6436774409448818
20
1.7827986614173228
11
-1.6432365354330709
21
1.7838630708661416
0
LINE
8
BLACK
6
CONTINUOUS
10
-1.6432365354330709
20
1.7838630708661416
11
-1.6424727165354331
21
1.7846269291338581
0
LINE
8
BLACK
6
CONTINUOUS
10
-1.6424727165354331
20
1.7846269291338581
11
-1.6434224409448819
21
1.7865263779527558
0
LINE
8
BLACK
6
CONTINUOUS
10
-1.6434224409448819
20
1.7865263779527558
11
-1.6436293307086614
21
1.7870670078740156
0
LINE
8
BLACK
6
CONTINUOUS
10
-1.6436293307086614
20
1.7870670078740156
11
-1.6436368503937007
21
1.7871728346456692
0
LINE
8
BLACK
6
CONTINUOUS
10
-1.6436368503937007
20
1.7871728346456692
11
-1.6436774409448818
21
1.7872708267716535
0
LINE
8
BLACK
6
CONTINUOUS
10
-1.6436774409448818
20
1.7872708267716535
11
-1.6437341732283464
21
1.7878468897637796
0
LINE
8
BLACK
6
CONTINUOUS
10
-1.6437341732283464
20
1.7878468897637796
11
-1.6437341732283464
21
1.7934711811023623
0
LINE
8
BLACK
6
CONTINUOUS
10
-1.6437341732283464
20
1.7934711811023623
11
-1.6436774409448818
21
1.7940472440944881
0
LINE
8
BLACK
6
CONTINUOUS
10
-1.6436774409448818
20
1.7940472440944881
11
-1.6436368503937007
21
1.7941452755905511
0
LINE
8
BLACK
6
CONTINUOUS
10
-1.6436368503937007
20
1.7941452755905511
11
-1.6436293307086614
21
1.794251062992126
0
LINE
8
BLACK
6
CONTINUOUS
10
-1.6436293307086614
20
1.794251062992126
11
-1.6434224409448819
21
1.7947916929133858
0
LINE
8
BLACK
6
CONTINUOUS
10
-1.6434224409448819
20
1.7947916929133858
11
-1.6415476771653543
21
1.7985412204724409
0
LINE
8
BLACK
6
CONTINUOUS
10
-1.6415476771653543
20
1.7985412204724409
11
-1.6414870472440946
21
1.7986375984251968
0
LINE
8
BLACK
6
CONTINUOUS
10
-1.6414870472440946
20
1.7986375984251968
11
-1.6414718897637794
21
1.7986829921259841
0
LINE
8
BLACK
6
CONTINUOUS
10
-1.6414718897637794
20
1.7986829921259841
11
-1.6414228740157479
21
1.7987395669291337
0
LINE
8
BLACK
6
CONTINUOUS
10
-1.6414228740157479
20
1.7987395669291337
11
-1.6412393307086615
21
1.7990311023622048
0
LINE
8
BLACK
6
CONTINUOUS
10
-1.6412393307086615
20
1.7990311023622048
11
-1.6411651181102362
21
1.7990954724409449
0
LINE
8
BLACK
6
CONTINUOUS
10
-1.6411651181102362
20
1.7990954724409449
11
-1.6412393307086615
21
1.7991598425196851
0
LINE
8
BLACK
6
CONTINUOUS
10
-1.6412393307086615
20
1.7991598425196851
11
-1.6414228740157479
21
1.7994514173228346
0
LINE
8
BLACK
6
CONTINUOUS
10
-1.6414228740157479
20
1.7994514173228346
11
-1.6414718897637794
21
1.7995079527559055
0
LINE
8
BLACK
6
CONTINUOUS
10
-1.6414718897637794
20
1.7995079527559055
11
-1.6414870472440946
21
1.7995533858267716
0
LINE
8
BLACK
6
CONTINUOUS
10
-1.6414870472440946
20
1.7995533858267716
11
-1.6415476771653543
21
1.7996497244094487
0
LINE
8
BLACK
6
CONTINUOUS
10
-1.6415476771653543
20
1.7996497244094487
11
-1.6434224409448819
21
1.8033992519685038
0
LINE
8
BLACK
6
CONTINUOUS
10
-1.6434224409448819
20
1.8033992519685038
11
-1.6436293307086614
21
1.8039398818897638
0
LINE
8
BLACK
6
CONTINUOUS
10
-1.6436293307086614
20
1.8039398818897638
11
-1.6436368503937007
21
1.8040457086614172
0
LINE
8
BLACK
6
CONTINUOUS
10
-1.6436368503937007
20
1.8040457086614172
11
-1.6436774409448818
21
1.8041437007874015
0
LINE
8
BLACK
6
CONTINUOUS
10
-1.6436774409448818
20
1.8041437007874015
11
-1.6437341732283464
21
1.8047197637795276
0
LINE
8
BLACK
6
CONTINUOUS
10
-1.6437341732283464
20
1.8047197637795276
11
-1.6437341732283464
21
1.8103440551181103
0
LINE
8
BLACK
6
CONTINUOUS
10
-1.6437341732283464
20
1.8103440551181103
11
-1.6436774409448818
21
1.8109201181102361
0
LINE
8
BLACK
6
CONTINUOUS
10
-1.6436774409448818
20
1.8109201181102361
11
-1.6436368503937007
21
1.8110181496062991
0
LINE
8
BLACK
6
CONTINUOUS
10
-1.6436368503937007
20
1.8110181496062991
11
-1.6436293307086614
21
1.811123937007874
0
LINE
8
BLACK
6
CONTINUOUS
10
-1.6436293307086614
20
1.811123937007874
11
-1.6434224409448819
21
1.8116645669291338
0
LINE
8
BLACK
6
CONTINUOUS
10
-1.6434224409448819
20
1.8116645669291338
11
-1.6415476771653543
21
1.8154141338582677
0
LINE
8
BLACK
6
CONTINUOUS
10
-1.6415476771653543
20
1.8154141338582677
11
-1.6414870472440946
21
1.8155104724409448
0
LINE
8
BLACK
6
CONTINUOUS
10
-1.6414870472440946
20
1.8155104724409448
11
-1.6414718897637794
21
1.8155559055118109
0
LINE
8
BLACK
6
CONTINUOUS
10
-1.6414718897637794
20
1.8155559055118109
11
-1.6414228346456692
21
1.8156125196850392
0
LINE
8
BLACK
6
CONTINUOUS
10
-1.6414228346456692
20
1.8156125196850392
11
-1.6412393307086615
21
1.8159039763779528
0
LINE
8
BLACK
6
CONTINUOUS
10
-1.6412393307086615
20
1.8159039763779528
11
-1.6409597244094487
21
1.8161464960629921
0
LINE
8
BLACK
6
CONTINUOUS
10
-1.6409597244094487
20
1.8161464960629921
11
-1.6407170472440944
21
1.8164262992125983
0
LINE
8
BLACK
6
CONTINUOUS
10
-1.6407170472440944
20
1.8164262992125983
11
-1.6404255118110236
21
1.816609842519685
0
LINE
8
BLACK
6
CONTINUOUS
10
-1.6404255118110236
20
1.816609842519685
11
-1.640368937007874
21
1.8166588582677166
0
LINE
8
BLACK
6
CONTINUOUS
10
-1.640368937007874
20
1.8166588582677166
11
-1.6403235433070866
21
1.8166740157480314
0
LINE
8
BLACK
6
CONTINUOUS
10
-1.6403235433070866
20
1.8166740157480314
11
-1.6402271653543308
21
1.8167346456692912
0
LINE
8
BLACK
6
CONTINUOUS
10
-1.6402271653543308
20
1.8167346456692912
11
-1.6364776377952757
21
1.8186094094488188
0
LINE
8
BLACK
6
CONTINUOUS
10
-1.6364776377952757
20
1.8186094094488188
11
-1.6359370472440944
21
1.8188162992125985
0
LINE
8
BLACK
6
CONTINUOUS
10
-1.6359370472440944
20
1.8188162992125985
11
-1.6358311811023623
21
1.8188238582677165
0
LINE
8
BLACK
6
CONTINUOUS
10
-1.6358311811023623
20
1.8188238582677165
11
-1.635733188976378
21
1.8188644094488189
0
LINE
8
BLACK
6
CONTINUOUS
10
-1.635733188976378
20
1.8188644094488189
11
-1.6351571259842519
21
1.8189211417322835
0
LINE
8
BLACK
6
CONTINUOUS
10
-1.6351571259842519
20
1.8189211417322835
11
-1.61453468503937
21
1.8189211417322835
0
LINE
8
BLACK
6
CONTINUOUS
10
-1.61453468503937
20
1.8189211417322835
11
-1.6139586220472442
21
1.8188644094488189
0
LINE
8
BLACK
6
CONTINUOUS
10
-1.6139586220472442
20
1.8713578346456692
11
-1.6128942125984251
21
1.8709169291338583
0
LINE
8
BLACK
6
CONTINUOUS
10
-1.6128942125984251
20
1.8709169291338583
11
-1.6120795669291339
21
1.8701022834645669
0
LINE
8
BLACK
6
CONTINUOUS
10
-1.6120795669291339
20
1.8701022834645669
11
-1.6116386614173228
21
1.8690378740157481
0
LINE
8
BLACK
6
CONTINUOUS
10
-1.6116386614173228
20
1.8690378740157481
11
-1.6116386614173228
21
1.8678857480314961
0
LINE
8
BLACK
6
CONTINUOUS
10
-1.6116386614173228
20
1.8678857480314961
11
-1.6120795669291339
21
1.8668213385826771
0
LINE
8
BLACK
6
CONTINUOUS
10
-1.6120795669291339
20
1.8668213385826771
11
-1.6128942125984251
21
1.8660066929133858
0
LINE
8
BLACK
6
CONTINUOUS
10
-1.6128942125984251
20
1.8660066929133858
11
-1.6139586220472442
21
1.8655657874015747
0
LINE
8
BLACK
6
CONTINUOUS
10
-1.6139586220472442
20
1.8655657874015747
11
-1.61453468503937
21
1.8655090551181102
0
LINE
8
BLACK
6
CONTINUOUS
10
-1.61453468503937
20
1.8655090551181102
11
-1.6344600787401575
21
1.8655090551181102
0
LINE
8
BLACK
6
CONTINUOUS
10
-1.6344600787401575
20
1.8655090551181102
11
-1.6367058267716534
21
1.8643862204724408
0
LINE
8
BLACK
6
CONTINUOUS
10
-1.6367058267716534
20
1.8643862204724408
11
-1.6378286614173228
21
1.8621404724409449
0
LINE
8
BLACK
6
CONTINUOUS
10
-1.6378286614173228
20
1.8621404724409449
11
-1.6378286614173228
21
1.8579102362204725
0
LINE
8
BLACK
6
CONTINUOUS
10
-1.6378286614173228
20
1.8579102362204725
11
-1.6367058267716534
21
1.8556645275590551
0
LINE
8
BLACK
6
CONTINUOUS
10
-1.6367058267716534
20
1.8556645275590551
11
-1.6344600787401575
21
1.854541653543307
0
LINE
8
BLACK
6
CONTINUOUS
10
-1.6344600787401575
20
1.854541653543307
11
-1.61453468503937
21
1.854541653543307
0
LINE
8
BLACK
6
CONTINUOUS
10
-1.61453468503937
20
1.854541653543307
11
-1.6139586220472442
21
1.8544849212598424
0
LINE
8
BLACK
6
CONTINUOUS
10
-1.6139586220472442
20
1.8544849212598424
11
-1.6128942125984251
21
1.8540440157480313
0
LINE
8
BLACK
6
CONTINUOUS
10
-1.6128942125984251
20
1.8540440157480313
11
-1.6120795669291339
21
1.8532293700787401
0
LINE
8
BLACK
6
CONTINUOUS
10
-1.6120795669291339
20
1.8532293700787401
11
-1.6116386614173228
21
1.8521649606299213
0
LINE
8
BLACK
6
CONTINUOUS
10
-1.6116386614173228
20
1.8521649606299213
11
-1.6116386614173228
21
1.8510128346456693
0
LINE
8
BLACK
6
CONTINUOUS
10
-1.6116386614173228
20
1.8510128346456693
11
-1.6120795669291339
21
1.8499484251968503
0
LINE
8
BLACK
6
CONTINUOUS
10
-1.6120795669291339
20
1.8499484251968503
11
-1.6128942125984251
21
1.8491337795275591
0
LINE
8
BLACK
6
CONTINUOUS
10
-1.6128942125984251
20
1.8491337795275591
11
-1.6139586220472442
21
1.848692874015748
0
LINE
8
BLACK
6
CONTINUOUS
10
-1.6139586220472442
20
1.848692874015748
11
-1.61453468503937
21
1.8486361417322834
0
LINE
8
BLACK
6
CONTINUOUS
10
-1.61453468503937
20
1.8486361417322834
11
-1.6344600787401575
21
1.8486361417322834
0
LINE
8
BLACK
6
CONTINUOUS
10
-1.6344600787401575
20
1.8486361417322834
11
-1.6367058267716534
21
1.8475133070866141
0
LINE
8
BLACK
6
CONTINUOUS
10
-1.6367058267716534
20
1.8475133070866141
11
-1.6378286614173228
21
1.845267559055118
0
LINE
8
BLACK
6
CONTINUOUS
10
-1.6378286614173228
20
1.845267559055118
11
-1.6378286614173228
21
1.8410373622047245
0
LINE
8
BLACK
6
CONTINUOUS
10
-1.6378286614173228
20
1.8410373622047245
11
-1.6364799212598424
21
1.8383398818897638
0
LINE
8
BLACK
6
CONTINUOUS
10
-1.6364799212598424
20
1.8383398818897638
11
-1.6358088188976379
21
1.837668779527559
0
LINE
8
BLACK
6
CONTINUOUS
10
-1.6358088188976379
20
1.837668779527559
11
-1.61453468503937
21
1.837668779527559
0
LINE
8
BLACK
6
CONTINUOUS
10
-1.61453468503937
20
1.837668779527559
11
-1.6139586220472442
21
1.8376120472440944
0
LINE
8
BLACK
6
CONTINUOUS
10
-1.6139586220472442
20
1.8376120472440944
11
-1.6128942125984251
21
1.8371711417322834
0
LINE
8
BLACK
6
CONTINUOUS
10
-1.6128942125984251
20
1.8371711417322834
11
-1.6120795669291339
21
1.8363564960629921
0
LINE
8
BLACK
6
CONTINUOUS
10
-1.6120795669291339
20
1.8363564960629921
11
-1.6116386614173228
21
1.8352920866141731
0
LINE
8
BLACK
6
CONTINUOUS
10
-1.6116386614173228
20
1.8352920866141731
11
-1.6116386614173228
21
1.8341399606299211
0
LINE
8
BLACK
6
CONTINUOUS
10
-1.6116386614173228
20
1.8341399606299211
11
-1.6120795669291339
21
1.8330755511811023
0
LINE
8
BLACK
6
CONTINUOUS
10
-1.6120795669291339
20
1.8330755511811023
11
-1.6128942125984251
21
1.8322609055118111
0
LINE
8
BLACK
6
CONTINUOUS
10
-1.6128942125984251
20
1.8322609055118111
11
-1.6139586220472442
21
1.83182
0
LINE
8
BLACK
6
CONTINUOUS
10
-1.6139586220472442
20
1.83182
11
-1.61453468503937
21
1.8317632677165354
0
LINE
8
BLACK
6
CONTINUOUS
10
-1.61453468503937
20
1.8317632677165354
11
-1.6407814173228346
21
1.8317632677165354
0
LINE
8
BLACK
6
CONTINUOUS
10
-1.6407814173228346
20
1.8317632677165354
11
-1.6413574803149606
21
1.83182
0
LINE
8
BLACK
6
CONTINUOUS
10
-1.6413574803149606
20
1.83182
11
-1.6424218897637795
21
1.8322609055118111
0
LINE
8
BLACK
6
CONTINUOUS
10
-1.6424218897637795
20
1.8322609055118111
11
-1.6432365354330709
21
1.8330755511811023
0
LINE
8
BLACK
6
CONTINUOUS
10
-1.6432365354330709
20
1.8330755511811023
11
-1.6436774409448818
21
1.8341399606299211
0
LINE
8
BLACK
6
CONTINUOUS
10
-1.6436774409448818
20
1.8341399606299211
11
-1.6436774409448818
21
1.8352920866141731
0
LINE
8
BLACK
6
CONTINUOUS
10
-1.6436774409448818
20
1.8352920866141731
11
-1.6432365354330709
21
1.8363564960629921
0
LINE
8
BLACK
6
CONTINUOUS
10
-1.6432365354330709
20
1.8363564960629921
11
-1.6424727165354331
21
1.8371203543307086
0
LINE
8
BLACK
6
CONTINUOUS
10
-1.6424727165354331
20
1.8371203543307086
11
-1.6434224409448819
21
1.8390198031496063
0
LINE
8
BLACK
6
CONTINUOUS
10
-1.6434224409448819
20
1.8390198031496063
11
-1.6436293307086614
21
1.8395604330708661
0
LINE
8
BLACK
6
CONTINUOUS
10
-1.6436293307086614
20
1.8395604330708661
11
-1.6436368503937007
21
1.8396662598425197
0
LINE
8
BLACK
6
CONTINUOUS
10
-1.6436368503937007
20
1.8396662598425197
11
-1.6436774409448818
21
1.8397642519685038
0
LINE
8
BLACK
6
CONTINUOUS
10
-1.6436774409448818
20
1.8397642519685038
11
-1.6437341732283464
21
1.8403403149606299
0
LINE
8
BLACK
6
CONTINUOUS
10
-1.6437341732283464
20
1.8403403149606299
11
-1.6437341732283464
21
1.8459646062992126
0
LINE
8
BLACK
6
CONTINUOUS
10
-1.6437341732283464
20
1.8459646062992126
11
-1.6436774409448818
21
1.8465406692913386
0
LINE
8
BLACK
6
CONTINUOUS
10
-1.6436774409448818
20
1.8465406692913386
11
-1.6436368503937007
21
1.8466387007874014
0
LINE
8
BLACK
6
CONTINUOUS
10
-1.6436368503937007
20
1.8466387007874014
11
-1.6436293307086614
21
1.8467444881889763
0
LINE
8
BLACK
6
CONTINUOUS
10
-1.6436293307086614
20
1.8467444881889763
11
-1.6434224409448819
21
1.8472851181102361
0
LINE
8
BLACK
6
CONTINUOUS
10
-1.6434224409448819
20
1.8472851181102361
11
-1.6415476771653543
21
1.8510346456692912
0
LINE
8
BLACK
6
CONTINUOUS
10
-1.6415476771653543
20
1.8510346456692912
11
-1.6414870472440946
21
1.8511310236220473
0
LINE
8
BLACK
6
CONTINUOUS
10
-1.6414870472440946
20
1.8511310236220473
11
-1.6414718897637794
21
1.8511764173228347
0
LINE
8
BLACK
6
CONTINUOUS
10
-1.6414718897637794
20
1.8511764173228347
11
-1.6414228740157479
21
1.8512329921259842
0
LINE
8
BLACK
6
CONTINUOUS
10
-1.6414228740157479
20
1.8512329921259842
11
-1.6412393307086615
21
1.8515245275590551
0
LINE
8
BLACK
6
CONTINUOUS
10
-1.6412393307086615
20
1.8515245275590551
11
-1.6411651181102362
21
1.8515888976377952
0
LINE
8
BLACK
6
CONTINUOUS
10
-1.6411651181102362
20
1.8515888976377952
11
-1.6412393307086615
21
1.8516532677165354
0
LINE
8
BLACK
6
CONTINUOUS
10
-1.6412393307086615
20
1.8516532677165354
11
-1.6414228740157479
21
1.8519448425196849
0
LINE
8
BLACK
6
CONTINUOUS
10
-1.6414228740157479
20
1.8519448425196849
11
-1.6414718897637794
21
1.8520013779527558
0
LINE
8
BLACK
6
CONTINUOUS
10
-1.6414718897637794
20
1.8520013779527558
11
-1.6414870472440946
21
1.8520468110236219
0
LINE
8
BLACK
6
CONTINUOUS
10
-1.6414870472440946
20
1.8520468110236219
11
-1.6415476771653543
21
1.8521431496062992
0
LINE
8
BLACK
6
CONTINUOUS
10
-1.6415476771653543
20
1.8521431496062992
11
-1.6434224409448819
21
1.8558926771653543
0
LINE
8
BLACK
6
CONTINUOUS
10
-1.6434224409448819
20
1.8558926771653543
11
-1.6436293307086614
21
1.8564333070866141
0
LINE
8
BLACK
6
CONTINUOUS
10
-1.6436293307086614
20
1.8564333070866141
11
-1.6436368503937007
21
1.8565391338582677
0
LINE
8
BLACK
6
CONTINUOUS
10
-1.6436368503937007
20
1.8565391338582677
11
-1.6436774409448818
21
1.856637125984252
0
LINE
8
BLACK
6
CONTINUOUS
10
-1.6436774409448818
20
1.856637125984252
11
-1.6437341732283464
21
1.8572131889763779
0
LINE
8
BLACK
6
CONTINUOUS
10
-1.6437341732283464
20
1.8572131889763779
11
-1.6437341732283464
21
1.8628374803149605
0
LINE
8
BLACK
6
CONTINUOUS
10
-1.6437341732283464
20
1.8628374803149605
11
-1.6436774409448818
21
1.8634135433070866
0
LINE
8
BLACK
6
CONTINUOUS
10
-1.6436774409448818
20
1.8634135433070866
11
-1.6436368503937007
21
1.8635115748031497
0
LINE
8
BLACK
6
CONTINUOUS
10
-1.6436368503937007
20
1.8635115748031497
11
-1.6436293307086614
21
1.8636173622047243
0
LINE
8
BLACK
6
CONTINUOUS
10
-1.6436293307086614
20
1.8636173622047243
11
-1.6434224409448819
21
1.8641579921259843
0
LINE
8
BLACK
6
CONTINUOUS
10
-1.6434224409448819
20
1.8641579921259843
11
-1.6415476771653543
21
1.867907559055118
0
LINE
8
BLACK
6
CONTINUOUS
10
-1.6415476771653543
20
1.867907559055118
11
-1.6414870472440946
21
1.8680038976377953
0
LINE
8
BLACK
6
CONTINUOUS
10
-1.6414870472440946
20
1.8680038976377953
11
-1.6414718897637794
21
1.8680493307086614
0
LINE
8
BLACK
6
CONTINUOUS
10
-1.6414718897637794
20
1.8680493307086614
11
-1.6414228346456692
21
1.8681059448818897
0
LINE
8
BLACK
6
CONTINUOUS
10
-1.6414228346456692
20
1.8681059448818897
11
-1.6412393307086615
21
1.8683974015748031
0
LINE
8
BLACK
6
CONTINUOUS
10
-1.6412393307086615
20
1.8683974015748031
11
-1.6409597244094487
21
1.8686399212598426
0
LINE
8
BLACK
6
CONTINUOUS
10
-1.6409597244094487
20
1.8686399212598426
11
-1.6407170472440944
21
1.8689197244094489
0
LINE
8
BLACK
6
CONTINUOUS
10
-1.6407170472440944
20
1.8689197244094489
11
-1.6404255118110236
21
1.8691032677165353
0
LINE
8
BLACK
6
CONTINUOUS
10
-1.6404255118110236
20
1.8691032677165353
11
-1.640368937007874
21
1.8691522834645669
0
LINE
8
BLACK
6
CONTINUOUS
10
-1.640368937007874
20
1.8691522834645669
11
-1.6403235433070866
21
1.8691674409448817
0
LINE
8
BLACK
6
CONTINUOUS
10
-1.6403235433070866
20
1.8691674409448817
11
-1.6402271653543308
21
1.8692280708661417
0
LINE
8
BLACK
6
CONTINUOUS
10
-1.6402271653543308
20
1.8692280708661417
11
-1.6364776377952757
21
1.8711028346456693
0
LINE
8
BLACK
6
CONTINUOUS
10
-1.6364776377952757
20
1.8711028346456693
11
-1.6359370472440944
21
1.8713097244094488
0
LINE
8
BLACK
6
CONTINUOUS
10
-1.6359370472440944
20
1.8713097244094488
11
-1.6358311811023623
21
1.8713172834645668
0
LINE
8
BLACK
6
CONTINUOUS
10
-1.6358311811023623
20
1.8713172834645668
11
-1.635733188976378
21
1.8713578346456692
0
LINE
8
BLACK
6
CONTINUOUS
10
-1.635733188976378
20
1.8713578346456692
11
-1.6351571259842519
21
1.8714145669291338
0
LINE
8
BLACK
6
CONTINUOUS
10
-1.6351571259842519
20
1.8714145669291338
11
-1.61453468503937
21
1.8714145669291338
0
LINE
8
BLACK
6
CONTINUOUS
10
-1.61453468503937
20
1.8714145669291338
11
-1.6139586220472442
21
1.8713578346456692
0
LINE
8
BLACK
6
CONTINUOUS
10
-1.4472451181102362
20
1.5320252362204725
11
-1.4471471259842519
21
1.5319846456692914
0
LINE
8
BLACK
6
CONTINUOUS
10
-1.4471471259842519
20
1.5319846456692914
11
-1.4470412992125985
21
1.5319771259842518
0
LINE
8
BLACK
6
CONTINUOUS
10
-1.4470412992125985
20
1.5319771259842518
11
-1.4465006692913385
21
1.5317702362204724
0
LINE
8
BLACK
6
CONTINUOUS
10
-1.4465006692913385
20
1.5317702362204724
11
-1.4427511417322834
21
1.5298954724409448
0
LINE
8
BLACK
6
CONTINUOUS
10
-1.4427511417322834
20
1.5298954724409448
11
-1.4425032677165355
21
1.5297394488188976
0
LINE
8
BLACK
6
CONTINUOUS
10
-1.4425032677165355
20
1.5297394488188976
11
-1.442431220472441
21
1.5297096062992126
0
LINE
8
BLACK
6
CONTINUOUS
10
-1.442431220472441
20
1.5297096062992126
11
-1.4423501968503936
21
1.5296431102362205
0
LINE
8
BLACK
6
CONTINUOUS
10
-1.4423501968503936
20
1.5296431102362205
11
-1.4422612598425197
21
1.5295871259842519
0
LINE
8
BLACK
6
CONTINUOUS
10
-1.4422612598425197
20
1.5295871259842519
11
-1.4422101181102362
21
1.5295281496062991
0
LINE
8
BLACK
6
CONTINUOUS
10
-1.4422101181102362
20
1.5295281496062991
11
-1.441983779527559
21
1.5293424015748032
0
LINE
8
BLACK
6
CONTINUOUS
10
-1.441983779527559
20
1.5293424015748032
11
-1.4401089763779527
21
1.5274676377952756
0
LINE
8
BLACK
6
CONTINUOUS
10
-1.4401089763779527
20
1.5274676377952756
11
-1.4399232283464567
21
1.5272412992125983
0
LINE
8
BLACK
6
CONTINUOUS
10
-1.4399232283464567
20
1.5272412992125983
11
-1.4398641732283464
21
1.5271900787401576
0
LINE
8
BLACK
6
CONTINUOUS
10
-1.4398641732283464
20
1.5271900787401576
11
-1.4398081889763779
21
1.5271011417322835
0
LINE
8
BLACK
6
CONTINUOUS
10
-1.4398081889763779
20
1.5271011417322835
11
-1.4397417322834645
21
1.5270201574803148
0
LINE
8
BLACK
6
CONTINUOUS
10
-1.4397417322834645
20
1.5270201574803148
11
-1.4397119291338583
21
1.5269482283464566
0
LINE
8
BLACK
6
CONTINUOUS
10
-1.4397119291338583
20
1.5269482283464566
11
-1.4395558267716535
21
1.5267001968503937
0
LINE
8
BLACK
6
CONTINUOUS
10
-1.4395558267716535
20
1.5267001968503937
11
-1.4376810629921259
21
1.5229506692913386
0
LINE
8
BLACK
6
CONTINUOUS
10
-1.4376810629921259
20
1.5229506692913386
11
-1.4374741732283465
21
1.5224100787401575
0
LINE
8
BLACK
6
CONTINUOUS
10
-1.4374741732283465
20
1.5224100787401575
11
-1.4374666535433072
21
1.5223042125984252
0
LINE
8
BLACK
6
CONTINUOUS
10
-1.4374666535433072
20
1.5223042125984252
11
-1.4374260629921261
21
1.5222062204724409
0
LINE
8
BLACK
6
CONTINUOUS
10
-1.4374260629921261
20
1.5222062204724409
11
-1.4373693307086615
21
1.5216301574803148
0
LINE
8
BLACK
6
CONTINUOUS
10
-1.4373693307086615
20
1.5216301574803148
11
-1.4373693307086615
21
1.5141311023622046
0
LINE
8
BLACK
6
CONTINUOUS
10
-1.4373693307086615
20
1.5141311023622046
11
-1.4374260629921261
21
1.5135550393700787
0
LINE
8
BLACK
6
CONTINUOUS
10
-1.4374260629921261
20
1.5135550393700787
11
-1.4374666535433072
21
1.5134570866141732
0
LINE
8
BLACK
6
CONTINUOUS
10
-1.4374666535433072
20
1.5134570866141732
11
-1.4374741732283465
21
1.5133511811023621
0
LINE
8
BLACK
6
CONTINUOUS
10
-1.4374741732283465
20
1.5133511811023621
11
-1.4376810629921259
21
1.5128105905511811
0
LINE
8
BLACK
6
CONTINUOUS
10
-1.4376810629921259
20
1.5128105905511811
11
-1.4395558267716535
21
1.5090610629921259
0
LINE
8
BLACK
6
CONTINUOUS
10
-1.4395558267716535
20
1.5090610629921259
11
-1.4397119291338583
21
1.5088130708661418
0
LINE
8
BLACK
6
CONTINUOUS
10
-1.4397119291338583
20
1.5088130708661418
11
-1.4397417322834645
21
1.5087411023622046
0
LINE
8
BLACK
6
CONTINUOUS
10
-1.4397417322834645
20
1.5087411023622046
11
-1.4398081889763779
21
1.5086601574803149
0
LINE
8
BLACK
6
CONTINUOUS
10
-1.4398081889763779
20
1.5086601574803149
11
-1.4398641732283464
21
1.5085711811023621
0
LINE
8
BLACK
6
CONTINUOUS
10
-1.4398641732283464
20
1.5085711811023621
11
-1.4399232283464567
21
1.5085199999999999
0
LINE
8
BLACK
6
CONTINUOUS
10
-1.4399232283464567
20
1.5085199999999999
11
-1.4401089763779527
21
1.508293622047244
0
LINE
8
BLACK
6
CONTINUOUS
10
-1.4401089763779527
20
1.508293622047244
11
-1.441983779527559
21
1.5064188582677165
0
LINE
8
BLACK
6
CONTINUOUS
10
-1.441983779527559
20
1.5064188582677165
11
-1.4422101181102362
21
1.5062331496062993
0
LINE
8
BLACK
6
CONTINUOUS
10
-1.4422101181102362
20
1.5062331496062993
11
-1.4422612598425197
21
1.5061741338582677
0
LINE
8
BLACK
6
CONTINUOUS
10
-1.4422612598425197
20
1.5061741338582677
11
-1.4423501968503936
21
1.5061181889763779
0
LINE
8
BLACK
6
CONTINUOUS
10
-1.4423501968503936
20
1.5061181889763779
11
-1.442431220472441
21
1.5060516535433071
0
LINE
8
BLACK
6
CONTINUOUS
10
-1.442431220472441
20
1.5060516535433071
11
-1.4425032677165355
21
1.5060218503937008
0
LINE
8
BLACK
6
CONTINUOUS
10
-1.4425032677165355
20
1.5060218503937008
11
-1.4427511417322834
21
1.5058657874015748
0
LINE
8
BLACK
6
CONTINUOUS
10
-1.4427511417322834
20
1.5058657874015748
11
-1.4465006692913385
21
1.5039910236220473
0
LINE
8
BLACK
6
CONTINUOUS
10
-1.4465006692913385
20
1.5039910236220473
11
-1.4470412992125985
21
1.5037841338582676
0
LINE
8
BLACK
6
CONTINUOUS
10
-1.4470412992125985
20
1.5037841338582676
11
-1.4471471259842519
21
1.503776653543307
0
LINE
8
BLACK
6
CONTINUOUS
10
-1.4471471259842519
20
1.503776653543307
11
-1.4472451181102362
21
1.5037360236220472
0
LINE
8
BLACK
6
CONTINUOUS
10
-1.4472451181102362
20
1.5037360236220472
11
-1.4478211811023622
21
1.5036792913385826
0
LINE
8
BLACK
6
CONTINUOUS
10
-1.4478211811023622
20
1.5036792913385826
11
-1.4628192913385827
21
1.5036792913385826
0
LINE
8
BLACK
6
CONTINUOUS
10
-1.4628192913385827
20
1.5036792913385826
11
-1.462919842519685
21
1.5036892125984251
0
LINE
8
BLACK
6
CONTINUOUS
10
-1.462919842519685
20
1.5036892125984251
11
-1.4629628346456693
21
1.5036827952755905
0
LINE
8
BLACK
6
CONTINUOUS
10
-1.4629628346456693
20
1.5036827952755905
11
-1.463178346456693
21
1.5037146850393701
0
LINE
8
BLACK
6
CONTINUOUS
10
-1.463178346456693
20
1.5037146850393701
11
-1.4633953543307086
21
1.5037360236220472
0
LINE
8
BLACK
6
CONTINUOUS
10
-1.4633953543307086
20
1.5037360236220472
11
-1.4634355905511811
21
1.5037526771653542
0
LINE
8
BLACK
6
CONTINUOUS
10
-1.4634355905511811
20
1.5037526771653542
11
-1.4635354330708661
21
1.5037674409448818
0
LINE
8
BLACK
6
CONTINUOUS
10
-1.4635354330708661
20
1.5037674409448818
11
-1.4710344881889763
21
1.5056422047244093
0
LINE
8
BLACK
6
CONTINUOUS
10
-1.4710344881889763
20
1.5056422047244093
11
-1.4713740157480315
21
1.5057635433070866
0
LINE
8
BLACK
6
CONTINUOUS
10
-1.4713740157480315
20
1.5057635433070866
11
-1.4714454330708662
21
1.5057776377952756
0
LINE
8
BLACK
6
CONTINUOUS
10
-1.4714454330708662
20
1.5057776377952756
11
-1.4715102362204724
21
1.5058122047244094
0
LINE
8
BLACK
6
CONTINUOUS
10
-1.4715102362204724
20
1.5058122047244094
11
-1.4715796062992126
21
1.505836968503937
0
LINE
8
BLACK
6
CONTINUOUS
10
-1.4715796062992126
20
1.505836968503937
11
-1.4716383464566929
21
1.5058805118110237
0
LINE
8
BLACK
6
CONTINUOUS
10
-1.4716383464566929
20
1.5058805118110237
11
-1.471956220472441
21
1.5060499606299211
0
LINE
8
BLACK
6
CONTINUOUS
10
-1.471956220472441
20
1.5060499606299211
11
-1.4775805511811024
21
1.5097994881889762
0
LINE
8
BLACK
6
CONTINUOUS
10
-1.4775805511811024
20
1.5097994881889762
11
-1.4775822440944881
21
1.5098008661417321
0
LINE
8
BLACK
6
CONTINUOUS
10
-1.4775822440944881
20
1.5098008661417321
11
-1.4775831102362205
21
1.5098012204724409
0
LINE
8
BLACK
6
CONTINUOUS
10
-1.4775831102362205
20
1.5098012204724409
11
-1.4777984251968503
21
1.5099779527559054
0
LINE
8
BLACK
6
CONTINUOUS
10
-1.4777984251968503
20
1.5099779527559054
11
-1.4780283858267715
21
1.5101662598425196
0
LINE
8
BLACK
6
CONTINUOUS
10
-1.4780283858267715
20
1.5101662598425196
11
-1.4780289763779528
21
1.510167125984252
0
LINE
8
BLACK
6
CONTINUOUS
10
-1.4780289763779528
20
1.510167125984252
11
-1.4780305511811023
21
1.5101684251968504
0
LINE
8
BLACK
6
CONTINUOUS
10
-1.4780305511811023
20
1.5101684251968504
11
-1.4799053149606298
21
1.5120431889763779
0
LINE
8
BLACK
6
CONTINUOUS
10
-1.4799053149606298
20
1.5120431889763779
11
-1.4800911023622048
21
1.5122695669291337
0
LINE
8
BLACK
6
CONTINUOUS
10
-1.4800911023622048
20
1.5122695669291337
11
-1.4801500787401574
21
1.5123207086614172
0
LINE
8
BLACK
6
CONTINUOUS
10
-1.4801500787401574
20
1.5123207086614172
11
-1.4802060629921259
21
1.51240968503937
0
LINE
8
BLACK
6
CONTINUOUS
10
-1.4802060629921259
20
1.51240968503937
11
-1.4802725196850393
21
1.5124906299212597
0
LINE
8
BLACK
6
CONTINUOUS
10
-1.4802725196850393
20
1.5124906299212597
11
-1.4803023622047244
21
1.5125625984251969
0
LINE
8
BLACK
6
CONTINUOUS
10
-1.4803023622047244
20
1.5125625984251969
11
-1.4804584251968504
21
1.5128105905511811
0
LINE
8
BLACK
6
CONTINUOUS
10
-1.4804584251968504
20
1.5128105905511811
11
-1.482333188976378
21
1.5165601181102362
0
LINE
8
BLACK
6
CONTINUOUS
10
-1.482333188976378
20
1.5165601181102362
11
-1.4825400787401575
21
1.517100748031496
0
LINE
8
BLACK
6
CONTINUOUS
10
-1.4825400787401575
20
1.517100748031496
11
-1.4825475984251968
21
1.5172065748031496
0
LINE
8
BLACK
6
CONTINUOUS
10
-1.4825475984251968
20
1.5172065748031496
11
-1.4825881889763779
21
1.5173045669291338
0
LINE
8
BLACK
6
CONTINUOUS
10
-1.4825881889763779
20
1.5173045669291338
11
-1.4826449212598425
21
1.5178806299212597
0
LINE
8
BLACK
6
CONTINUOUS
10
-1.4826449212598425
20
1.5178806299212597
11
-1.4826449212598425
21
1.5253796850393699
0
LINE
8
BLACK
6
CONTINUOUS
10
-1.4826449212598425
20
1.5253796850393699
11
-1.4825881889763779
21
1.525955748031496
0
LINE
8
BLACK
6
CONTINUOUS
10
-1.4825881889763779
20
1.525955748031496
11
-1.4821472834645668
21
1.5270201574803148
0
LINE
8
BLACK
6
CONTINUOUS
10
-1.4821472834645668
20
1.5270201574803148
11
-1.4813326377952756
21
1.5278348031496063
0
LINE
8
BLACK
6
CONTINUOUS
10
-1.4813326377952756
20
1.5278348031496063
11
-1.4802682283464565
21
1.5282757086614174
0
LINE
8
BLACK
6
CONTINUOUS
10
-1.4802682283464565
20
1.5282757086614174
11
-1.4791161023622046
21
1.5282757086614174
0
LINE
8
BLACK
6
CONTINUOUS
10
-1.4791161023622046
20
1.5282757086614174
11
-1.4780516929133858
21
1.5278348031496063
0
LINE
8
BLACK
6
CONTINUOUS
10
-1.4780516929133858
20
1.5278348031496063
11
-1.4772370472440945
21
1.5270201574803148
0
LINE
8
BLACK
6
CONTINUOUS
10
-1.4772370472440945
20
1.5270201574803148
11
-1.4767961417322835
21
1.525955748031496
0
LINE
8
BLACK
6
CONTINUOUS
10
-1.4767961417322835
20
1.525955748031496
11
-1.4767394094488189
21
1.5253796850393699
0
LINE
8
BLACK
6
CONTINUOUS
10
-1.4767394094488189
20
1.5253796850393699
11
-1.4767394094488189
21
1.5185776771653543
0
LINE
8
BLACK
6
CONTINUOUS
10
-1.4767394094488189
20
1.5185776771653543
11
-1.4753906692913386
21
1.5158801968503937
0
LINE
8
BLACK
6
CONTINUOUS
10
-1.4753906692913386
20
1.5158801968503937
11
-1.4740615354330708
21
1.5145510629921259
0
LINE
8
BLACK
6
CONTINUOUS
10
-1.4740615354330708
20
1.5145510629921259
11
-1.4691059842519685
21
1.5112473622047244
0
LINE
8
BLACK
6
CONTINUOUS
10
-1.4691059842519685
20
1.5112473622047244
11
-1.4661888188976377
21
1.5105180708661416
0
LINE
8
BLACK
6
CONTINUOUS
10
-1.4661888188976377
20
1.5105180708661416
11
-1.4673350787401573
21
1.5128105905511811
0
LINE
8
BLACK
6
CONTINUOUS
10
-1.4673350787401573
20
1.5128105905511811
11
-1.467541968503937
21
1.5133512204724409
0
LINE
8
BLACK
6
CONTINUOUS
10
-1.467541968503937
20
1.5133512204724409
11
-1.4675494881889763
21
1.5134570472440945
0
LINE
8
BLACK
6
CONTINUOUS
10
-1.4675494881889763
20
1.5134570472440945
11
-1.4675900787401575
21
1.5135550393700787
0
LINE
8
BLACK
6
CONTINUOUS
10
-1.4675900787401575
20
1.5135550393700787
11
-1.467646811023622
21
1.5141311023622046
0
LINE
8
BLACK
6
CONTINUOUS
10
-1.467646811023622
20
1.5141311023622046
11
-1.467646811023622
21
1.5216301574803148
0
LINE
8
BLACK
6
CONTINUOUS
10
-1.467646811023622
20
1.5216301574803148
11
-1.4675900787401575
21
1.5222062204724409
0
LINE
8
BLACK
6
CONTINUOUS
10
-1.4675900787401575
20
1.5222062204724409
11
-1.4675494881889763
21
1.5223042519685039
0
LINE
8
BLACK
6
CONTINUOUS
10
-1.4675494881889763
20
1.5223042519685039
11
-1.467541968503937
21
1.5224100393700788
0
LINE
8
BLACK
6
CONTINUOUS
10
-1.467541968503937
20
1.5224100393700788
11
-1.4673350787401573
21
1.5229506692913386
0
LINE
8
BLACK
6
CONTINUOUS
10
-1.4673350787401573
20
1.5229506692913386
11
-1.4654603149606298
21
1.5267001968503937
0
LINE
8
BLACK
6
CONTINUOUS
10
-1.4654603149606298
20
1.5267001968503937
11
-1.465304251968504
21
1.5269482283464566
0
LINE
8
BLACK
6
CONTINUOUS
10
-1.465304251968504
20
1.5269482283464566
11
-1.4652744094488188
21
1.5270201574803148
0
LINE
8
BLACK
6
CONTINUOUS
10
-1.4652744094488188
20
1.5270201574803148
11
-1.4652079527559054
21
1.5271011417322835
0
LINE
8
BLACK
6
CONTINUOUS
10
-1.4652079527559054
20
1.5271011417322835
11
-1.4651519685039369
21
1.5271900787401576
0
LINE
8
BLACK
6
CONTINUOUS
10
-1.4651519685039369
20
1.5271900787401576
11
-1.4650929921259843
21
1.5272412598425196
0
LINE
8
BLACK
6
CONTINUOUS
10
-1.4650929921259843
20
1.5272412598425196
11
-1.4649072047244094
21
1.5274675984251969
0
LINE
8
BLACK
6
CONTINUOUS
10
-1.4649072047244094
20
1.5274675984251969
11
-1.4630324409448818
21
1.5293423622047244
0
LINE
8
BLACK
6
CONTINUOUS
10
-1.4630324409448818
20
1.5293423622047244
11
-1.4628061023622048
21
1.5295281496062991
0
LINE
8
BLACK
6
CONTINUOUS
10
-1.4628061023622048
20
1.5295281496062991
11
-1.4627549212598425
21
1.5295871259842519
0
LINE
8
BLACK
6
CONTINUOUS
10
-1.4627549212598425
20
1.5295871259842519
11
-1.4626659842519685
21
1.5296431102362205
0
LINE
8
BLACK
6
CONTINUOUS
10
-1.4626659842519685
20
1.5296431102362205
11
-1.462585
21
1.5297095669291338
0
LINE
8
BLACK
6
CONTINUOUS
10
-1.462585
20
1.5297095669291338
11
-1.4625130708661418
21
1.5297394094488188
0
LINE
8
BLACK
6
CONTINUOUS
10
-1.4625130708661418
20
1.5297394094488188
11
-1.4622650393700787
21
1.5298954724409448
0
LINE
8
BLACK
6
CONTINUOUS
10
-1.4622650393700787
20
1.5298954724409448
11
-1.4585155118110236
21
1.5317702362204724
0
LINE
8
BLACK
6
CONTINUOUS
10
-1.4585155118110236
20
1.5317702362204724
11
-1.4579749212598425
21
1.5319771259842518
0
LINE
8
BLACK
6
CONTINUOUS
10
-1.4579749212598425
20
1.5319771259842518
11
-1.4578690551181102
21
1.5319846850393701
0
LINE
8
BLACK
6
CONTINUOUS
10
-1.4578690551181102
20
1.5319846850393701
11
-1.4577710629921259
21
1.5320252362204725
0
LINE
8
BLACK
6
CONTINUOUS
10
-1.4577710629921259
20
1.5320252362204725
11
-1.457195
21
1.5320819685039371
0
LINE
8
BLACK
6
CONTINUOUS
10
-1.457195
20
1.5320819685039371
11
-1.4478211811023622
21
1.5320819685039371
0
LINE
8
BLACK
6
CONTINUOUS
10
-1.4478211811023622
20
1.5320819685039371
11
-1.4472451181102362
21
1.5320252362204725
0
LINE
8
BLACK
6
CONTINUOUS
10
-1.4591954330708661
20
1.5248277165354331
11
-1.4603925590551181
21
1.5236305905511811
0
LINE
8
BLACK
6
CONTINUOUS
10
-1.4603925590551181
20
1.5236305905511811
11
-1.4617412992125984
21
1.5209331102362205
0
LINE
8
BLACK
6
CONTINUOUS
10
-1.4617412992125984
20
1.5209331102362205
11
-1.4617412992125984
21
1.5148281496062992
0
LINE
8
BLACK
6
CONTINUOUS
10
-1.4617412992125984
20
1.5148281496062992
11
-1.4603925590551181
21
1.5121306692913385
0
LINE
8
BLACK
6
CONTINUOUS
10
-1.4603925590551181
20
1.5121306692913385
11
-1.4591954330708661
21
1.5109335433070865
0
LINE
8
BLACK
6
CONTINUOUS
10
-1.4591954330708661
20
1.5109335433070865
11
-1.4564979527559054
21
1.5095848031496062
0
LINE
8
BLACK
6
CONTINUOUS
10
-1.4564979527559054
20
1.5095848031496062
11
-1.4485182283464566
21
1.5095848031496062
0
LINE
8
BLACK
6
CONTINUOUS
10
-1.4485182283464566
20
1.5095848031496062
11
-1.445820748031496
21
1.5109335826771653
0
LINE
8
BLACK
6
CONTINUOUS
10
-1.445820748031496
20
1.5109335826771653
11
-1.4446235826771654
21
1.5121307086614173
0
LINE
8
BLACK
6
CONTINUOUS
10
-1.4446235826771654
20
1.5121307086614173
11
-1.4432748425196851
21
1.5148281496062992
0
LINE
8
BLACK
6
CONTINUOUS
10
-1.4432748425196851
20
1.5148281496062992
11
-1.4432748425196851
21
1.5209331102362205
0
LINE
8
BLACK
6
CONTINUOUS
10
-1.4432748425196851
20
1.5209331102362205
11
-1.4446235826771654
21
1.5236305905511811
0
LINE
8
BLACK
6
CONTINUOUS
10
-1.4446235826771654
20
1.5236305905511811
11
-1.445820748031496
21
1.5248277165354331
0
LINE
8
BLACK
6
CONTINUOUS
10
-1.445820748031496
20
1.5248277165354331
11
-1.4485182283464566
21
1.5261764566929132
0
LINE
8
BLACK
6
CONTINUOUS
10
-1.4485182283464566
20
1.5261764566929132
11
-1.4564979527559054
21
1.5261764566929132
0
LINE
8
BLACK
6
CONTINUOUS
10
-1.4564979527559054
20
1.5261764566929132
11
-1.4591954330708661
21
1.5248277165354331
0
LINE
8
BLACK
6
CONTINUOUS
10
-1.4552197244094487
20
1.5695674015748031
11
-1.4551766929133858
21
1.5695737795275591
0
LINE
8
BLACK
6
CONTINUOUS
10
-1.4551766929133858
20
1.5695737795275591
11
-1.4549612204724409
21
1.5695419291338581
0
LINE
8
BLACK
6
CONTINUOUS
10
-1.4549612204724409
20
1.5695419291338581
11
-1.4547441732283464
21
1.5695205511811023
0
LINE
8
BLACK
6
CONTINUOUS
10
-1.4547441732283464
20
1.5695205511811023
11
-1.4547039763779528
21
1.5695039370078741
0
LINE
8
BLACK
6
CONTINUOUS
10
-1.4547039763779528
20
1.5695039370078741
11
-1.4546040944881888
21
1.5694891338582677
0
LINE
8
BLACK
6
CONTINUOUS
10
-1.4546040944881888
20
1.5694891338582677
11
-1.4471050393700786
21
1.5676143700787402
0
LINE
8
BLACK
6
CONTINUOUS
10
-1.4471050393700786
20
1.5676143700787402
11
-1.447062559055118
21
1.5675992125984251
0
LINE
8
BLACK
6
CONTINUOUS
10
-1.447062559055118
20
1.5675992125984251
11
-1.4470412992125985
21
1.5675976771653544
0
LINE
8
BLACK
6
CONTINUOUS
10
-1.4470412992125985
20
1.5675976771653544
11
-1.4468018897637795
21
1.567506062992126
0
LINE
8
BLACK
6
CONTINUOUS
10
-1.4468018897637795
20
1.567506062992126
11
-1.4465599212598426
21
1.5674196062992125
0
LINE
8
BLACK
6
CONTINUOUS
10
-1.4465599212598426
20
1.5674196062992125
11
-1.4465427952755905
21
1.5674069291338582
0
LINE
8
BLACK
6
CONTINUOUS
10
-1.4465427952755905
20
1.5674069291338582
11
-1.4465006692913385
21
1.5673907874015747
0
LINE
8
BLACK
6
CONTINUOUS
10
-1.4465006692913385
20
1.5673907874015747
11
-1.4427511417322834
21
1.5655160236220471
0
LINE
8
BLACK
6
CONTINUOUS
10
-1.4427511417322834
20
1.5655160236220471
11
-1.4425032677165355
21
1.5653599999999999
0
LINE
8
BLACK
6
CONTINUOUS
10
-1.4425032677165355
20
1.5653599999999999
11
-1.442431220472441
21
1.5653301574803149
0
LINE
8
BLACK
6
CONTINUOUS
10
-1.442431220472441
20
1.5653301574803149
11
-1.4423501968503936
21
1.5652636614173228
0
LINE
8
BLACK
6
CONTINUOUS
10
-1.4423501968503936
20
1.5652636614173228
11
-1.4422612598425197
21
1.5652076771653542
0
LINE
8
BLACK
6
CONTINUOUS
10
-1.4422612598425197
20
1.5652076771653542
11
-1.4422101181102362
21
1.5651487007874016
0
LINE
8
BLACK
6
CONTINUOUS
10
-1.4422101181102362
20
1.5651487007874016
11
-1.441983779527559
21
1.5649629527559055
0
LINE
8
BLACK
6
CONTINUOUS
10
-1.441983779527559
20
1.5649629527559055
11
-1.4401089763779527
21
1.5630881889763779
0
LINE
8
BLACK
6
CONTINUOUS
10
-1.4401089763779527
20
1.5630881889763779
11
-1.4399232283464567
21
1.5628618503937008
0
LINE
8
BLACK
6
CONTINUOUS
10
-1.4399232283464567
20
1.5628618503937008
11
-1.4398641732283464
21
1.5628106299212599
0
LINE
8
BLACK
6
CONTINUOUS
10
-1.4398641732283464
20
1.5628106299212599
11
-1.4398081889763779
21
1.5627216929133858
0
LINE
8
BLACK
6
CONTINUOUS
10
-1.4398081889763779
20
1.5627216929133858
11
-1.4397417322834645
21
1.5626407086614174
0
LINE
8
BLACK
6
CONTINUOUS
10
-1.4397417322834645
20
1.5626407086614174
11
-1.4397119291338583
21
1.5625687795275591
0
LINE
8
BLACK
6
CONTINUOUS
10
-1.4397119291338583
20
1.5625687795275591
11
-1.4395558267716535
21
1.562320748031496
0
LINE
8
BLACK
6
CONTINUOUS
10
-1.4395558267716535
20
1.562320748031496
11
-1.4376810629921259
21
1.5585712204724409
0
LINE
8
BLACK
6
CONTINUOUS
10
-1.4376810629921259
20
1.5585712204724409
11
-1.4374741732283465
21
1.5580306299212598
0
LINE
8
BLACK
6
CONTINUOUS
10
-1.4374741732283465
20
1.5580306299212598
11
-1.4374666535433072
21
1.5579247637795275
0
LINE
8
BLACK
6
CONTINUOUS
10
-1.4374666535433072
20
1.5579247637795275
11
-1.4374260629921261
21
1.5578267716535432
0
LINE
8
BLACK
6
CONTINUOUS
10
-1.4374260629921261
20
1.5578267716535432
11
-1.4373693307086615
21
1.5572507086614173
0
LINE
8
BLACK
6
CONTINUOUS
10
-1.4373693307086615
20
1.5572507086614173
11
-1.4373693307086615
21
1.5535011811023622
0
LINE
8
BLACK
6
CONTINUOUS
10
-1.4373693307086615
20
1.5535011811023622
11
-1.4374260629921261
21
1.5529251181102361
0
LINE
8
BLACK
6
CONTINUOUS
10
-1.4374260629921261
20
1.5529251181102361
11
-1.4374666535433072
21
1.5528271653543306
0
LINE
8
BLACK
6
CONTINUOUS
10
-1.4374666535433072
20
1.5528271653543306
11
-1.4374741732283465
21
1.5527212598425197
0
LINE
8
BLACK
6
CONTINUOUS
10
-1.4374741732283465
20
1.5527212598425197
11
-1.4376810629921259
21
1.5521806692913385
0
LINE
8
BLACK
6
CONTINUOUS
10
-1.4376810629921259
20
1.5521806692913385
11
-1.4395558267716535
21
1.5484311417322834
0
LINE
8
BLACK
6
CONTINUOUS
10
-1.4395558267716535
20
1.5484311417322834
11
-1.4397119291338583
21
1.5481831496062992
0
LINE
8
BLACK
6
CONTINUOUS
10
-1.4397119291338583
20
1.5481831496062992
11
-1.4397417322834645
21
1.5481111811023622
0
LINE
8
BLACK
6
CONTINUOUS
10
-1.4397417322834645
20
1.5481111811023622
11
-1.4398081889763779
21
1.5480302362204723
0
LINE
8
BLACK
6
CONTINUOUS
10
-1.4398081889763779
20
1.5480302362204723
11
-1.4398641732283464
21
1.5479412598425197
0
LINE
8
BLACK
6
CONTINUOUS
10
-1.4398641732283464
20
1.5479412598425197
11
-1.4399232283464567
21
1.5478900787401575
0
LINE
8
BLACK
6
CONTINUOUS
10
-1.4399232283464567
20
1.5478900787401575
11
-1.4401089763779527
21
1.5476637007874015
0
LINE
8
BLACK
6
CONTINUOUS
10
-1.4401089763779527
20
1.5476637007874015
11
-1.441983779527559
21
1.5457889370078739
0
LINE
8
BLACK
6
CONTINUOUS
10
-1.441983779527559
20
1.5457889370078739
11
-1.4422101181102362
21
1.5456032283464567
0
LINE
8
BLACK
6
CONTINUOUS
10
-1.4422101181102362
20
1.5456032283464567
11
-1.4422612598425197
21
1.5455442125984251
0
LINE
8
BLACK
6
CONTINUOUS
10
-1.4422612598425197
20
1.5455442125984251
11
-1.4423501968503936
21
1.5454882677165354
0
LINE
8
BLACK
6
CONTINUOUS
10
-1.4423501968503936
20
1.5454882677165354
11
-1.442431220472441
21
1.5454217322834645
0
LINE
8
BLACK
6
CONTINUOUS
10
-1.442431220472441
20
1.5454217322834645
11
-1.4425032677165355
21
1.5453919291338583
0
LINE
8
BLACK
6
CONTINUOUS
10
-1.4425032677165355
20
1.5453919291338583
11
-1.4427511417322834
21
1.5452358661417323
0
LINE
8
BLACK
6
CONTINUOUS
10
-1.4427511417322834
20
1.5452358661417323
11
-1.4465006692913385
21
1.5433611023622047
0
LINE
8
BLACK
6
CONTINUOUS
10
-1.4465006692913385
20
1.5433611023622047
11
-1.4465427952755905
21
1.543345
0
LINE
8
BLACK
6
CONTINUOUS
10
-1.4465427952755905
20
1.543345
11
-1.4465599212598426
21
1.5433322834645669
0
LINE
8
BLACK
6
CONTINUOUS
10
-1.4465599212598426
20
1.5433322834645669
11
-1.4468018897637795
21
1.5432458661417323
0
LINE
8
BLACK
6
CONTINUOUS
10
-1.4468018897637795
20
1.5432458661417323
11
-1.4470412992125985
21
1.5431542125984252
0
LINE
8
BLACK
6
CONTINUOUS
10
-1.4470412992125985
20
1.5431542125984252
11
-1.447062559055118
21
1.5431527165354331
0
LINE
8
BLACK
6
CONTINUOUS
10
-1.447062559055118
20
1.5431527165354331
11
-1.4471050393700786
21
1.5431375196850394
0
LINE
8
BLACK
6
CONTINUOUS
10
-1.4471050393700786
20
1.5431375196850394
11
-1.4546040944881888
21
1.5412627559055119
0
LINE
8
BLACK
6
CONTINUOUS
10
-1.4546040944881888
20
1.5412627559055119
11
-1.4547039763779528
21
1.5412479921259843
0
LINE
8
BLACK
6
CONTINUOUS
10
-1.4547039763779528
20
1.5412479921259843
11
-1.4547441732283464
21
1.541231338582677
0
LINE
8
BLACK
6
CONTINUOUS
10
-1.4547441732283464
20
1.541231338582677
11
-1.4549612204724409
21
1.54121
0
LINE
8
BLACK
6
CONTINUOUS
10
-1.4549612204724409
20
1.54121
11
-1.4551766929133858
21
1.5411781102362205
0
LINE
8
BLACK
6
CONTINUOUS
10
-1.4551766929133858
20
1.5411781102362205
11
-1.4552197244094487
21
1.541184527559055
0
LINE
8
BLACK
6
CONTINUOUS
10
-1.4552197244094487
20
1.541184527559055
11
-1.4553202362204725
21
1.5411746062992127
0
LINE
8
BLACK
6
CONTINUOUS
10
-1.4553202362204725
20
1.5411746062992127
11
-1.4646940551181102
21
1.5411746062992127
0
LINE
8
BLACK
6
CONTINUOUS
10
-1.4646940551181102
20
1.5411746062992127
11
-1.4647946062992125
21
1.541184527559055
0
LINE
8
BLACK
6
CONTINUOUS
10
-1.4647946062992125
20
1.541184527559055
11
-1.4648375984251969
21
1.5411781102362205
0
LINE
8
BLACK
6
CONTINUOUS
10
-1.4648375984251969
20
1.5411781102362205
11
-1.4650531102362205
21
1.54121
0
LINE
8
BLACK
6
CONTINUOUS
10
-1.4650531102362205
20
1.54121
11
-1.4652701181102361
21
1.541231338582677
0
LINE
8
BLACK
6
CONTINUOUS
10
-1.4652701181102361
20
1.541231338582677
11
-1.4653103543307087
21
1.5412479921259843
0
LINE
8
BLACK
6
CONTINUOUS
10
-1.4653103543307087
20
1.5412479921259843
11
-1.4654101968503936
21
1.5412627559055119
0
LINE
8
BLACK
6
CONTINUOUS
10
-1.4654101968503936
20
1.5412627559055119
11
-1.4729092519685039
21
1.5431375196850394
0
LINE
8
BLACK
6
CONTINUOUS
10
-1.4729092519685039
20
1.5431375196850394
11
-1.4729517716535432
21
1.5431527165354331
0
LINE
8
BLACK
6
CONTINUOUS
10
-1.4729517716535432
20
1.5431527165354331
11
-1.472973031496063
21
1.5431542125984252
0
LINE
8
BLACK
6
CONTINUOUS
10
-1.472973031496063
20
1.5431542125984252
11
-1.4732127952755905
21
1.5432459842519686
0
LINE
8
BLACK
6
CONTINUOUS
10
-1.4732127952755905
20
1.5432459842519686
11
-1.4734543700787401
21
1.5433322834645669
0
LINE
8
BLACK
6
CONTINUOUS
10
-1.4734543700787401
20
1.5433322834645669
11
-1.4734715354330707
21
1.543345
0
LINE
8
BLACK
6
CONTINUOUS
10
-1.4734715354330707
20
1.543345
11
-1.473513622047244
21
1.5433611023622047
0
LINE
8
BLACK
6
CONTINUOUS
10
-1.473513622047244
20
1.5433611023622047
11
-1.4772631496062991
21
1.5452358661417323
0
LINE
8
BLACK
6
CONTINUOUS
10
-1.4772631496062991
20
1.5452358661417323
11
-1.4775111811023622
21
1.545391968503937
0
LINE
8
BLACK
6
CONTINUOUS
10
-1.4775111811023622
20
1.545391968503937
11
-1.4775831102362205
21
1.5454217716535432
0
LINE
8
BLACK
6
CONTINUOUS
10
-1.4775831102362205
20
1.5454217716535432
11
-1.4776640944881889
21
1.5454882677165354
0
LINE
8
BLACK
6
CONTINUOUS
10
-1.4776640944881889
20
1.5454882677165354
11
-1.477753031496063
21
1.5455442125984251
0
LINE
8
BLACK
6
CONTINUOUS
10
-1.477753031496063
20
1.5455442125984251
11
-1.4778042125984252
21
1.5456032283464567
0
LINE
8
BLACK
6
CONTINUOUS
10
-1.4778042125984252
20
1.5456032283464567
11
-1.4780305511811023
21
1.5457889763779527
0
LINE
8
BLACK
6
CONTINUOUS
10
-1.4780305511811023
20
1.5457889763779527
11
-1.4799053149606298
21
1.5476637401574802
0
LINE
8
BLACK
6
CONTINUOUS
10
-1.4799053149606298
20
1.5476637401574802
11
-1.4800911023622048
21
1.5478901181102362
0
LINE
8
BLACK
6
CONTINUOUS
10
-1.4800911023622048
20
1.5478901181102362
11
-1.4801500787401574
21
1.5479412598425197
0
LINE
8
BLACK
6
CONTINUOUS
10
-1.4801500787401574
20
1.5479412598425197
11
-1.4802060629921259
21
1.5480302362204723
0
LINE
8
BLACK
6
CONTINUOUS
10
-1.4802060629921259
20
1.5480302362204723
11
-1.4802725196850393
21
1.5481111811023622
0
LINE
8
BLACK
6
CONTINUOUS
10
-1.4802725196850393
20
1.5481111811023622
11
-1.4803023622047244
21
1.5481831496062992
0
LINE
8
BLACK
6
CONTINUOUS
10
-1.4803023622047244
20
1.5481831496062992
11
-1.4804584251968504
21
1.5484311417322834
0
LINE
8
BLACK
6
CONTINUOUS
10
-1.4804584251968504
20
1.5484311417322834
11
-1.482333188976378
21
1.5521806692913385
0
LINE
8
BLACK
6
CONTINUOUS
10
-1.482333188976378
20
1.5521806692913385
11
-1.4825400787401575
21
1.5527212992125985
0
LINE
8
BLACK
6
CONTINUOUS
10
-1.4825400787401575
20
1.5527212992125985
11
-1.4825475984251968
21
1.5528271259842519
0
LINE
8
BLACK
6
CONTINUOUS
10
-1.4825475984251968
20
1.5528271259842519
11
-1.4825881889763779
21
1.5529251181102361
0
LINE
8
BLACK
6
CONTINUOUS
10
-1.4825881889763779
20
1.5529251181102361
11
-1.4826449212598425
21
1.5535011811023622
0
LINE
8
BLACK
6
CONTINUOUS
10
-1.4826449212598425
20
1.5535011811023622
11
-1.4826449212598425
21
1.5572507086614173
0
LINE
8
BLACK
6
CONTINUOUS
10
-1.4826449212598425
20
1.5572507086614173
11
-1.4825881889763779
21
1.5578267716535432
0
LINE
8
BLACK
6
CONTINUOUS
10
-1.4825881889763779
20
1.5578267716535432
11
-1.4825475984251968
21
1.5579248031496062
0
LINE
8
BLACK
6
CONTINUOUS
10
-1.4825475984251968
20
1.5579248031496062
11
-1.4825400787401575
21
1.5580305905511811
0
LINE
8
BLACK
6
CONTINUOUS
10
-1.4825400787401575
20
1.5580305905511811
11
-1.482333188976378
21
1.5585712204724409
0
LINE
8
BLACK
6
CONTINUOUS
10
-1.482333188976378
20
1.5585712204724409
11
-1.4804584251968504
21
1.562320748031496
0
LINE
8
BLACK
6
CONTINUOUS
10
-1.4804584251968504
20
1.562320748031496
11
-1.4803023622047244
21
1.5625687795275591
0
LINE
8
BLACK
6
CONTINUOUS
10
-1.4803023622047244
20
1.5625687795275591
11
-1.4802725196850393
21
1.5626407086614174
0
LINE
8
BLACK
6
CONTINUOUS
10
-1.4802725196850393
20
1.5626407086614174
11
-1.4802060629921259
21
1.5627216929133858
0
LINE
8
BLACK
6
CONTINUOUS
10
-1.4802060629921259
20
1.5627216929133858
11
-1.4801500787401574
21
1.5628106299212599
0
LINE
8
BLACK
6
CONTINUOUS
10
-1.4801500787401574
20
1.5628106299212599
11
-1.4800911023622048
21
1.5628618110236221
0
LINE
8
BLACK
6
CONTINUOUS
10
-1.4800911023622048
20
1.5628618110236221
11
-1.4799053149606298
21
1.5630881496062992
0
LINE
8
BLACK
6
CONTINUOUS
10
-1.4799053149606298
20
1.5630881496062992
11
-1.4780305511811023
21
1.5649629133858267
0
LINE
8
BLACK
6
CONTINUOUS
10
-1.4780305511811023
20
1.5649629133858267
11
-1.4778042125984252
21
1.5651487007874016
0
LINE
8
BLACK
6
CONTINUOUS
10
-1.4778042125984252
20
1.5651487007874016
11
-1.477753031496063
21
1.5652076771653542
0
LINE
8
BLACK
6
CONTINUOUS
10
-1.477753031496063
20
1.5652076771653542
11
-1.4776640944881889
21
1.5652636614173228
0
LINE
8
BLACK
6
CONTINUOUS
10
-1.4776640944881889
20
1.5652636614173228
11
-1.4775831102362205
21
1.5653301181102361
0
LINE
8
BLACK
6
CONTINUOUS
10
-1.4775831102362205
20
1.5653301181102361
11
-1.4775111811023622
21
1.5653599606299213
0
LINE
8
BLACK
6
CONTINUOUS
10
-1.4775111811023622
20
1.5653599606299213
11
-1.4772631496062991
21
1.5655160236220471
0
LINE
8
BLACK
6
CONTINUOUS
10
-1.4772631496062991
20
1.5655160236220471
11
-1.473513622047244
21
1.5673907874015747
0
LINE
8
BLACK
6
CONTINUOUS
10
-1.473513622047244
20
1.5673907874015747
11
-1.4734715354330707
21
1.5674069291338582
0
LINE
8
BLACK
6
CONTINUOUS
10
-1.4734715354330707
20
1.5674069291338582
11
-1.4734543700787401
21
1.5674196062992125
0
LINE
8
BLACK
6
CONTINUOUS
10
-1.4734543700787401
20
1.5674196062992125
11
-1.4732127952755905
21
1.5675059448818898
0
LINE
8
BLACK
6
CONTINUOUS
10
-1.4732127952755905
20
1.5675059448818898
11
-1.472973031496063
21
1.5675976771653544
0
LINE
8
BLACK
6
CONTINUOUS
10
-1.472973031496063
20
1.5675976771653544
11
-1.4729517716535432
21
1.5675992125984251
0
LINE
8
BLACK
6
CONTINUOUS
10
-1.4729517716535432
20
1.5675992125984251
11
-1.4729092519685039
21
1.5676143700787402
0
LINE
8
BLACK
6
CONTINUOUS
10
-1.4729092519685039
20
1.5676143700787402
11
-1.4654101968503936
21
1.5694891338582677
0
LINE
8
BLACK
6
CONTINUOUS
10
-1.4654101968503936
20
1.5694891338582677
11
-1.4653103543307087
21
1.5695039370078741
0
LINE
8
BLACK
6
CONTINUOUS
10
-1.4653103543307087
20
1.5695039370078741
11
-1.4652701181102361
21
1.5695205511811023
0
LINE
8
BLACK
6
CONTINUOUS
10
-1.4652701181102361
20
1.5695205511811023
11
-1.4650531102362205
21
1.5695419291338581
0
LINE
8
BLACK
6
CONTINUOUS
10
-1.4650531102362205
20
1.5695419291338581
11
-1.4648375984251969
21
1.5695737795275591
0
LINE
8
BLACK
6
CONTINUOUS
10
-1.4648375984251969
20
1.5695737795275591
11
-1.4647946062992125
21
1.5695674015748031
0
LINE
8
BLACK
6
CONTINUOUS
10
-1.4647946062992125
20
1.5695674015748031
11
-1.4646940551181102
21
1.5695772834645669
0
LINE
8
BLACK
6
CONTINUOUS
10
-1.4646940551181102
20
1.5695772834645669
11
-1.4553202362204725
21
1.5695772834645669
0
LINE
8
BLACK
6
CONTINUOUS
10
-1.4553202362204725
20
1.5695772834645669
11
-1.4552197244094487
21
1.5695674015748031
0
LINE
8
BLACK
6
CONTINUOUS
10
-1.4711625590551181
20
1.5619637795275589
11
-1.4741935433070865
21
1.5604482677165354
0
LINE
8
BLACK
6
CONTINUOUS
10
-1.4741935433070865
20
1.5604482677165354
11
-1.4753906692913386
21
1.5592511417322834
0
LINE
8
BLACK
6
CONTINUOUS
10
-1.4753906692913386
20
1.5592511417322834
11
-1.4767394094488189
21
1.5565536614173228
0
LINE
8
BLACK
6
CONTINUOUS
10
-1.4767394094488189
20
1.5565536614173228
11
-1.4767394094488189
21
1.5541982283464566
0
LINE
8
BLACK
6
CONTINUOUS
10
-1.4767394094488189
20
1.5541982283464566
11
-1.4753906692913386
21
1.551500748031496
0
LINE
8
BLACK
6
CONTINUOUS
10
-1.4753906692913386
20
1.551500748031496
11
-1.4741935433070865
21
1.5503036220472441
0
LINE
8
BLACK
6
CONTINUOUS
10
-1.4741935433070865
20
1.5503036220472441
11
-1.4711625590551181
21
1.5487881496062992
0
LINE
8
BLACK
6
CONTINUOUS
10
-1.4711625590551181
20
1.5487881496062992
11
-1.4643305118110237
21
1.5470801181102363
0
LINE
8
BLACK
6
CONTINUOUS
10
-1.4643305118110237
20
1.5470801181102363
11
-1.455683779527559
21
1.5470801181102363
0
LINE
8
BLACK
6
CONTINUOUS
10
-1.455683779527559
20
1.5470801181102363
11
-1.4488517322834646
21
1.5487881496062992
0
LINE
8
BLACK
6
CONTINUOUS
10
-1.4488517322834646
20
1.5487881496062992
11
-1.445820748031496
21
1.5503036614173229
0
LINE
8
BLACK
6
CONTINUOUS
10
-1.445820748031496
20
1.5503036614173229
11
-1.4446235826771654
21
1.5515007874015747
0
LINE
8
BLACK
6
CONTINUOUS
10
-1.4446235826771654
20
1.5515007874015747
11
-1.4432748425196851
21
1.5541982283464566
0
LINE
8
BLACK
6
CONTINUOUS
10
-1.4432748425196851
20
1.5541982283464566
11
-1.4432748425196851
21
1.5565536614173228
0
LINE
8
BLACK
6
CONTINUOUS
10
-1.4432748425196851
20
1.5565536614173228
11
-1.4446235826771654
21
1.5592511417322834
0
LINE
8
BLACK
6
CONTINUOUS
10
-1.4446235826771654
20
1.5592511417322834
11
-1.445820748031496
21
1.5604482677165354
0
LINE
8
BLACK
6
CONTINUOUS
10
-1.445820748031496
20
1.5604482677165354
11
-1.4488517322834646
21
1.5619637795275589
0
LINE
8
BLACK
6
CONTINUOUS
10
-1.4488517322834646
20
1.5619637795275589
11
-1.455683779527559
21
1.5636717716535433
0
LINE
8
BLACK
6
CONTINUOUS
10
-1.455683779527559
20
1.5636717716535433
11
-1.4643305118110237
21
1.5636717716535433
0
LINE
8
BLACK
6
CONTINUOUS
10
-1.4643305118110237
20
1.5636717716535433
11
-1.4711625590551181
21
1.5619637795275589
0
LINE
8
BLACK
6
CONTINUOUS
10
-1.4405564566929134
20
1.5878273622047243
11
-1.4405563779527559
21
1.5878273228346456
0
LINE
8
BLACK
6
CONTINUOUS
10
-1.4405563779527559
20
1.5878273228346456
11
-1.4401089370078739
21
1.5874601181102361
0
LINE
8
BLACK
6
CONTINUOUS
10
-1.4401089370078739
20
1.5874601181102361
11
-1.4382341732283463
21
1.5855853543307086
0
LINE
8
BLACK
6
CONTINUOUS
10
-1.4382341732283463
20
1.5855853543307086
11
-1.4378669685039369
21
1.5851379133858268
0
LINE
8
BLACK
6
CONTINUOUS
10
-1.4378669685039369
20
1.5851379133858268
11
-1.4377253937007874
21
1.5847961417322833
0
LINE
8
BLACK
6
CONTINUOUS
10
-1.4377253937007874
20
1.5847961417322833
11
-1.4374260629921261
21
1.584073464566929
0
LINE
8
BLACK
6
CONTINUOUS
10
-1.4374260629921261
20
1.584073464566929
11
-1.4374260629921261
21
1.5829213779527558
0
LINE
8
BLACK
6
CONTINUOUS
10
-1.4374260629921261
20
1.5829213779527558
11
-1.4378669685039369
21
1.581856968503937
0
LINE
8
BLACK
6
CONTINUOUS
10
-1.4378669685039369
20
1.581856968503937
11
-1.4382341732283463
21
1.5814095275590552
0
LINE
8
BLACK
6
CONTINUOUS
10
-1.4382341732283463
20
1.5814095275590552
11
-1.4401089370078739
21
1.5795347637795276
0
LINE
8
BLACK
6
CONTINUOUS
10
-1.4401089370078739
20
1.5795347637795276
11
-1.4405563779527559
21
1.579167559055118
0
LINE
8
BLACK
6
CONTINUOUS
10
-1.4405563779527559
20
1.579167559055118
11
-1.4416207874015747
21
1.5787266535433071
0
LINE
8
BLACK
6
CONTINUOUS
10
-1.4416207874015747
20
1.5787266535433071
11
-1.4427728740157479
21
1.5787266535433071
0
LINE
8
BLACK
6
CONTINUOUS
10
-1.4427728740157479
20
1.5787266535433071
11
-1.443837283464567
21
1.5791675196850394
0
LINE
8
BLACK
6
CONTINUOUS
10
-1.443837283464567
20
1.5791675196850394
11
-1.4442847637795275
21
1.5795347637795276
0
LINE
8
BLACK
6
CONTINUOUS
10
-1.4442847637795275
20
1.5795347637795276
11
-1.4461595275590551
21
1.5814094881889764
0
LINE
8
BLACK
6
CONTINUOUS
10
-1.4461595275590551
20
1.5814094881889764
11
-1.4465267716535433
21
1.581856968503937
0
LINE
8
BLACK
6
CONTINUOUS
10
-1.4465267716535433
20
1.581856968503937
11
-1.446526811023622
21
1.5818570078740157
0
LINE
8
BLACK
6
CONTINUOUS
10
-1.446526811023622
20
1.5818570078740157
11
-1.4469676771653543
21
1.5829214173228345
0
LINE
8
BLACK
6
CONTINUOUS
10
-1.4469676771653543
20
1.5829214173228345
11
-1.4469676771653543
21
1.5840735039370077
0
LINE
8
BLACK
6
CONTINUOUS
10
-1.4469676771653543
20
1.5840735039370077
11
-1.446668346456693
21
1.5847961417322833
0
LINE
8
BLACK
6
CONTINUOUS
10
-1.446668346456693
20
1.5847961417322833
11
-1.446526811023622
21
1.585137874015748
0
LINE
8
BLACK
6
CONTINUOUS
10
-1.446526811023622
20
1.585137874015748
11
-1.4465267716535433
21
1.5851379133858268
0
LINE
8
BLACK
6
CONTINUOUS
10
-1.4465267716535433
20
1.5851379133858268
11
-1.4461595275590551
21
1.5855853937007873
0
LINE
8
BLACK
6
CONTINUOUS
10
-1.4461595275590551
20
1.5855853937007873
11
-1.4442847637795275
21
1.5874601181102361
0
LINE
8
BLACK
6
CONTINUOUS
10
-1.4442847637795275
20
1.5874601181102361
11
-1.443837283464567
21
1.5878273622047243
0
LINE
8
BLACK
6
CONTINUOUS
10
-1.443837283464567
20
1.5878273622047243
11
-1.4427728740157479
21
1.5882682283464566
0
LINE
8
BLACK
6
CONTINUOUS
10
-1.4427728740157479
20
1.5882682283464566
11
-1.4416207874015747
21
1.5882682283464566
0
LINE
8
BLACK
6
CONTINUOUS
10
-1.4416207874015747
20
1.5882682283464566
11
-1.4405564566929134
21
1.5878273622047243
0
LINE
8
BLACK
6
CONTINUOUS
10
-1.4570944881889762
20
1.6258103543307085
11
-1.4570514566929134
21
1.6258167322834645
0
LINE
8
BLACK
6
CONTINUOUS
10
-1.4570514566929134
20
1.6258167322834645
11
-1.4568359842519685
21
1.6257848818897638
0
LINE
8
BLACK
6
CONTINUOUS
10
-1.4568359842519685
20
1.6257848818897638
11
-1.4566189370078739
21
1.6257635039370077
0
LINE
8
BLACK
6
CONTINUOUS
10
-1.4566189370078739
20
1.6257635039370077
11
-1.4565787401574803
21
1.6257468897637795
0
LINE
8
BLACK
6
CONTINUOUS
10
-1.4565787401574803
20
1.6257468897637795
11
-1.4564788582677164
21
1.6257320866141731
0
LINE
8
BLACK
6
CONTINUOUS
10
-1.4564788582677164
20
1.6257320866141731
11
-1.4489798031496062
21
1.6238573228346456
0
LINE
8
BLACK
6
CONTINUOUS
10
-1.4489798031496062
20
1.6238573228346456
11
-1.4486403543307087
21
1.623736062992126
0
LINE
8
BLACK
6
CONTINUOUS
10
-1.4486403543307087
20
1.623736062992126
11
-1.4485688188976378
21
1.6237218897637795
0
LINE
8
BLACK
6
CONTINUOUS
10
-1.4485688188976378
20
1.6237218897637795
11
-1.4485039763779528
21
1.6236873228346456
0
LINE
8
BLACK
6
CONTINUOUS
10
-1.4485039763779528
20
1.6236873228346456
11
-1.4484346850393701
21
1.6236625590551181
0
LINE
8
BLACK
6
CONTINUOUS
10
-1.4484346850393701
20
1.6236625590551181
11
-1.4483761023622046
21
1.6236191338582677
0
LINE
8
BLACK
6
CONTINUOUS
10
-1.4483761023622046
20
1.6236191338582677
11
-1.4480580314960629
21
1.6234495669291338
0
LINE
8
BLACK
6
CONTINUOUS
10
-1.4480580314960629
20
1.6234495669291338
11
-1.4424337401574803
21
1.6197000393700787
0
LINE
8
BLACK
6
CONTINUOUS
10
-1.4424337401574803
20
1.6197000393700787
11
-1.4424321653543306
21
1.6196987401574803
0
LINE
8
BLACK
6
CONTINUOUS
10
-1.4424321653543306
20
1.6196987401574803
11
-1.442431220472441
21
1.619698346456693
0
LINE
8
BLACK
6
CONTINUOUS
10
-1.442431220472441
20
1.619698346456693
11
-1.4422116929133857
21
1.6195181889763779
0
LINE
8
BLACK
6
CONTINUOUS
10
-1.4422116929133857
20
1.6195181889763779
11
-1.4419859055118109
21
1.6193332677165353
0
LINE
8
BLACK
6
CONTINUOUS
10
-1.4419859055118109
20
1.6193332677165353
11
-1.4419853543307086
21
1.6193324409448819
0
LINE
8
BLACK
6
CONTINUOUS
10
-1.4419853543307086
20
1.6193324409448819
11
-1.441983779527559
21
1.6193311417322833
0
LINE
8
BLACK
6
CONTINUOUS
10
-1.441983779527559
20
1.6193311417322833
11
-1.4401089763779527
21
1.6174563779527558
0
LINE
8
BLACK
6
CONTINUOUS
10
-1.4401089763779527
20
1.6174563779527558
11
-1.4399232283464567
21
1.6172300393700787
0
LINE
8
BLACK
6
CONTINUOUS
10
-1.4399232283464567
20
1.6172300393700787
11
-1.4398641732283464
21
1.6171788188976377
0
LINE
8
BLACK
6
CONTINUOUS
10
-1.4398641732283464
20
1.6171788188976377
11
-1.4398081889763779
21
1.6170898818897637
0
LINE
8
BLACK
6
CONTINUOUS
10
-1.4398081889763779
20
1.6170898818897637
11
-1.4397417322834645
21
1.6170088976377952
0
LINE
8
BLACK
6
CONTINUOUS
10
-1.4397417322834645
20
1.6170088976377952
11
-1.4397119291338583
21
1.616936968503937
0
LINE
8
BLACK
6
CONTINUOUS
10
-1.4397119291338583
20
1.616936968503937
11
-1.4395558267716535
21
1.6166889370078741
0
LINE
8
BLACK
6
CONTINUOUS
10
-1.4395558267716535
20
1.6166889370078741
11
-1.4376810629921259
21
1.6129394094488188
0
LINE
8
BLACK
6
CONTINUOUS
10
-1.4376810629921259
20
1.6129394094488188
11
-1.4374741732283465
21
1.6123988188976377
0
LINE
8
BLACK
6
CONTINUOUS
10
-1.4374741732283465
20
1.6123988188976377
11
-1.4374666535433072
21
1.6122929527559056
0
LINE
8
BLACK
6
CONTINUOUS
10
-1.4374666535433072
20
1.6122929527559056
11
-1.4374260629921261
21
1.6121949606299213
0
LINE
8
BLACK
6
CONTINUOUS
10
-1.4374260629921261
20
1.6121949606299213
11
-1.4373693307086615
21
1.6116188976377952
0
LINE
8
BLACK
6
CONTINUOUS
10
-1.4373693307086615
20
1.6116188976377952
11
-1.4373693307086615
21
1.604119842519685
0
LINE
8
BLACK
6
CONTINUOUS
10
-1.4373693307086615
20
1.604119842519685
11
-1.4374260629921261
21
1.6035437795275591
0
LINE
8
BLACK
6
CONTINUOUS
10
-1.4374260629921261
20
1.6035437795275591
11
-1.4378669685039369
21
1.6024793700787401
0
LINE
8
BLACK
6
CONTINUOUS
10
-1.4378669685039369
20
1.6024793700787401
11
-1.4386816141732284
21
1.6016647244094488
0
LINE
8
BLACK
6
CONTINUOUS
10
-1.4386816141732284
20
1.6016647244094488
11
-1.4397460236220472
21
1.6012238188976378
0
LINE
8
BLACK
6
CONTINUOUS
10
-1.4397460236220472
20
1.6012238188976378
11
-1.4408981496062991
21
1.6012238188976378
0
LINE
8
BLACK
6
CONTINUOUS
10
-1.4408981496062991
20
1.6012238188976378
11
-1.4419625590551182
21
1.6016647244094488
0
LINE
8
BLACK
6
CONTINUOUS
10
-1.4419625590551182
20
1.6016647244094488
11
-1.4427772047244094
21
1.6024793700787401
0
LINE
8
BLACK
6
CONTINUOUS
10
-1.4427772047244094
20
1.6024793700787401
11
-1.4432181102362205
21
1.6035437795275591
0
LINE
8
BLACK
6
CONTINUOUS
10
-1.4432181102362205
20
1.6035437795275591
11
-1.4432748425196851
21
1.604119842519685
0
LINE
8
BLACK
6
CONTINUOUS
10
-1.4432748425196851
20
1.604119842519685
11
-1.4432748425196851
21
1.6109218503937008
0
LINE
8
BLACK
6
CONTINUOUS
10
-1.4432748425196851
20
1.6109218503937008
11
-1.4446235826771654
21
1.6136193307086615
0
LINE
8
BLACK
6
CONTINUOUS
10
-1.4446235826771654
20
1.6136193307086615
11
-1.4459528346456691
21
1.6149485433070865
0
LINE
8
BLACK
6
CONTINUOUS
10
-1.4459528346456691
20
1.6149485433070865
11
-1.4509083070866142
21
1.6182521653543307
0
LINE
8
BLACK
6
CONTINUOUS
10
-1.4509083070866142
20
1.6182521653543307
11
-1.453825472440945
21
1.6189814566929133
0
LINE
8
BLACK
6
CONTINUOUS
10
-1.453825472440945
20
1.6189814566929133
11
-1.4526792125984251
21
1.6166889370078741
0
LINE
8
BLACK
6
CONTINUOUS
10
-1.4526792125984251
20
1.6166889370078741
11
-1.4524723228346457
21
1.6161483464566928
0
LINE
8
BLACK
6
CONTINUOUS
10
-1.4524723228346457
20
1.6161483464566928
11
-1.4524648031496064
21
1.6160424803149607
0
LINE
8
BLACK
6
CONTINUOUS
10
-1.4524648031496064
20
1.6160424803149607
11
-1.4524242125984252
21
1.6159444881889764
0
LINE
8
BLACK
6
CONTINUOUS
10
-1.4524242125984252
20
1.6159444881889764
11
-1.4523674803149607
21
1.6153684251968503
0
LINE
8
BLACK
6
CONTINUOUS
10
-1.4523674803149607
20
1.6153684251968503
11
-1.4523674803149607
21
1.6078693700787401
0
LINE
8
BLACK
6
CONTINUOUS
10
-1.4523674803149607
20
1.6078693700787401
11
-1.4524242125984252
21
1.6072933070866142
0
LINE
8
BLACK
6
CONTINUOUS
10
-1.4524242125984252
20
1.6072933070866142
11
-1.4524648031496064
21
1.6071953543307087
0
LINE
8
BLACK
6
CONTINUOUS
10
-1.4524648031496064
20
1.6071953543307087
11
-1.4524723228346457
21
1.6070894488188976
0
LINE
8
BLACK
6
CONTINUOUS
10
-1.4524723228346457
20
1.6070894488188976
11
-1.4526792125984251
21
1.6065488582677165
0
LINE
8
BLACK
6
CONTINUOUS
10
-1.4526792125984251
20
1.6065488582677165
11
-1.4545539763779527
21
1.6027993307086614
0
LINE
8
BLACK
6
CONTINUOUS
10
-1.4545539763779527
20
1.6027993307086614
11
-1.4547100787401575
21
1.6025513385826771
0
LINE
8
BLACK
6
CONTINUOUS
10
-1.4547100787401575
20
1.6025513385826771
11
-1.4547398818897637
21
1.6024793700787401
0
LINE
8
BLACK
6
CONTINUOUS
10
-1.4547398818897637
20
1.6024793700787401
11
-1.4548063779527558
21
1.6023984251968504
0
LINE
8
BLACK
6
CONTINUOUS
10
-1.4548063779527558
20
1.6023984251968504
11
-1.4548623228346456
21
1.6023094488188976
0
LINE
8
BLACK
6
CONTINUOUS
10
-1.4548623228346456
20
1.6023094488188976
11
-1.4549213385826771
21
1.6022583070866141
0
LINE
8
BLACK
6
CONTINUOUS
10
-1.4549213385826771
20
1.6022583070866141
11
-1.4551070866141731
21
1.6020319291338583
0
LINE
8
BLACK
6
CONTINUOUS
10
-1.4551070866141731
20
1.6020319291338583
11
-1.4569818503937007
21
1.6001571653543307
0
LINE
8
BLACK
6
CONTINUOUS
10
-1.4569818503937007
20
1.6001571653543307
11
-1.4572082283464567
21
1.5999714173228345
0
LINE
8
BLACK
6
CONTINUOUS
10
-1.4572082283464567
20
1.5999714173228345
11
-1.4572593700787402
21
1.5999124015748032
0
LINE
8
BLACK
6
CONTINUOUS
10
-1.4572593700787402
20
1.5999124015748032
11
-1.457348346456693
21
1.5998564566929134
0
LINE
8
BLACK
6
CONTINUOUS
10
-1.457348346456693
20
1.5998564566929134
11
-1.4574292913385827
21
1.5997899606299213
0
LINE
8
BLACK
6
CONTINUOUS
10
-1.4574292913385827
20
1.5997899606299213
11
-1.4575012598425197
21
1.5997601574803149
0
LINE
8
BLACK
6
CONTINUOUS
10
-1.4575012598425197
20
1.5997601574803149
11
-1.4577492519685038
21
1.5996040551181101
0
LINE
8
BLACK
6
CONTINUOUS
10
-1.4577492519685038
20
1.5996040551181101
11
-1.4614987795275589
21
1.5977292913385825
0
LINE
8
BLACK
6
CONTINUOUS
10
-1.4614987795275589
20
1.5977292913385825
11
-1.4620394094488189
21
1.5975224015748031
0
LINE
8
BLACK
6
CONTINUOUS
10
-1.4620394094488189
20
1.5975224015748031
11
-1.4621452362204723
21
1.5975149212598425
0
LINE
8
BLACK
6
CONTINUOUS
10
-1.4621452362204723
20
1.5975149212598425
11
-1.4622432283464566
21
1.5974742913385827
0
LINE
8
BLACK
6
CONTINUOUS
10
-1.4622432283464566
20
1.5974742913385827
11
-1.4628192913385827
21
1.5974175590551181
0
LINE
8
BLACK
6
CONTINUOUS
10
-1.4628192913385827
20
1.5974175590551181
11
-1.4721931102362205
21
1.5974175590551181
0
LINE
8
BLACK
6
CONTINUOUS
10
-1.4721931102362205
20
1.5974175590551181
11
-1.4727691732283463
21
1.5974742913385827
0
LINE
8
BLACK
6
CONTINUOUS
10
-1.4727691732283463
20
1.5974742913385827
11
-1.4728671653543306
21
1.5975148818897638
0
LINE
8
BLACK
6
CONTINUOUS
10
-1.4728671653543306
20
1.5975148818897638
11
-1.472973031496063
21
1.5975224015748031
0
LINE
8
BLACK
6
CONTINUOUS
10
-1.472973031496063
20
1.5975224015748031
11
-1.473513622047244
21
1.5977292913385825
0
LINE
8
BLACK
6
CONTINUOUS
10
-1.473513622047244
20
1.5977292913385825
11
-1.4772631496062991
21
1.5996040551181101
0
LINE
8
BLACK
6
CONTINUOUS
10
-1.4772631496062991
20
1.5996040551181101
11
-1.4775111811023622
21
1.5997601574803149
0
LINE
8
BLACK
6
CONTINUOUS
10
-1.4775111811023622
20
1.5997601574803149
11
-1.4775831102362205
21
1.5997899606299213
0
LINE
8
BLACK
6
CONTINUOUS
10
-1.4775831102362205
20
1.5997899606299213
11
-1.4776640944881889
21
1.5998564566929134
0
LINE
8
BLACK
6
CONTINUOUS
10
-1.4776640944881889
20
1.5998564566929134
11
-1.477753031496063
21
1.5999124015748032
0
LINE
8
BLACK
6
CONTINUOUS
10
-1.477753031496063
20
1.5999124015748032
11
-1.4778042125984252
21
1.5999714173228345
0
LINE
8
BLACK
6
CONTINUOUS
10
-1.4778042125984252
20
1.5999714173228345
11
-1.4780305511811023
21
1.6001571653543307
0
LINE
8
BLACK
6
CONTINUOUS
10
-1.4780305511811023
20
1.6001571653543307
11
-1.4799053149606298
21
1.6020319291338583
0
LINE
8
BLACK
6
CONTINUOUS
10
-1.4799053149606298
20
1.6020319291338583
11
-1.4800911023622048
21
1.6022583070866141
0
LINE
8
BLACK
6
CONTINUOUS
10
-1.4800911023622048
20
1.6022583070866141
11
-1.4801500787401574
21
1.6023094488188976
0
LINE
8
BLACK
6
CONTINUOUS
10
-1.4801500787401574
20
1.6023094488188976
11
-1.4802060629921259
21
1.6023984251968504
0
LINE
8
BLACK
6
CONTINUOUS
10
-1.4802060629921259
20
1.6023984251968504
11
-1.4802725196850393
21
1.6024793700787401
0
LINE
8
BLACK
6
CONTINUOUS
10
-1.4802725196850393
20
1.6024793700787401
11
-1.4803023622047244
21
1.6025513385826771
0
LINE
8
BLACK
6
CONTINUOUS
10
-1.4803023622047244
20
1.6025513385826771
11
-1.4804584251968504
21
1.6027993307086614
0
LINE
8
BLACK
6
CONTINUOUS
10
-1.4804584251968504
20
1.6027993307086614
11
-1.482333188976378
21
1.6065488582677165
0
LINE
8
BLACK
6
CONTINUOUS
10
-1.482333188976378
20
1.6065488582677165
11
-1.4825400787401575
21
1.6070894881889763
0
LINE
8
BLACK
6
CONTINUOUS
10
-1.4825400787401575
20
1.6070894881889763
11
-1.4825475984251968
21
1.60719531496063
0
LINE
8
BLACK
6
CONTINUOUS
10
-1.4825475984251968
20
1.60719531496063
11
-1.4825881889763779
21
1.6072933070866142
0
LINE
8
BLACK
6
CONTINUOUS
10
-1.4825881889763779
20
1.6072933070866142
11
-1.4826449212598425
21
1.6078693700787401
0
LINE
8
BLACK
6
CONTINUOUS
10
-1.4826449212598425
20
1.6078693700787401
11
-1.4826449212598425
21
1.6153684251968503
0
LINE
8
BLACK
6
CONTINUOUS
10
-1.4826449212598425
20
1.6153684251968503
11
-1.4825881889763779
21
1.6159444881889764
0
LINE
8
BLACK
6
CONTINUOUS
10
-1.4825881889763779
20
1.6159444881889764
11
-1.4825475984251968
21
1.6160425196850394
0
LINE
8
BLACK
6
CONTINUOUS
10
-1.4825475984251968
20
1.6160425196850394
11
-1.4825400787401575
21
1.6161483070866141
0
LINE
8
BLACK
6
CONTINUOUS
10
-1.4825400787401575
20
1.6161483070866141
11
-1.482333188976378
21
1.6166889370078741
0
LINE
8
BLACK
6
CONTINUOUS
10
-1.482333188976378
20
1.6166889370078741
11
-1.4804584251968504
21
1.6204384645669292
0
LINE
8
BLACK
6
CONTINUOUS
10
-1.4804584251968504
20
1.6204384645669292
11
-1.4803023622047244
21
1.6206864960629921
0
LINE
8
BLACK
6
CONTINUOUS
10
-1.4803023622047244
20
1.6206864960629921
11
-1.4802725196850393
21
1.6207584251968503
0
LINE
8
BLACK
6
CONTINUOUS
10
-1.4802725196850393
20
1.6207584251968503
11
-1.4802060629921259
21
1.6208394094488188
0
LINE
8
BLACK
6
CONTINUOUS
10
-1.4802060629921259
20
1.6208394094488188
11
-1.4801500787401574
21
1.6209283464566928
0
LINE
8
BLACK
6
CONTINUOUS
10
-1.4801500787401574
20
1.6209283464566928
11
-1.4800911023622048
21
1.6209795275590551
0
LINE
8
BLACK
6
CONTINUOUS
10
-1.4800911023622048
20
1.6209795275590551
11
-1.4799053149606298
21
1.6212058661417323
0
LINE
8
BLACK
6
CONTINUOUS
10
-1.4799053149606298
20
1.6212058661417323
11
-1.4780305511811023
21
1.6230806299212599
0
LINE
8
BLACK
6
CONTINUOUS
10
-1.4780305511811023
20
1.6230806299212599
11
-1.4778042125984252
21
1.6232664173228346
0
LINE
8
BLACK
6
CONTINUOUS
10
-1.4778042125984252
20
1.6232664173228346
11
-1.477753031496063
21
1.6233253937007874
0
LINE
8
BLACK
6
CONTINUOUS
10
-1.477753031496063
20
1.6233253937007874
11
-1.4776640944881889
21
1.6233813779527559
0
LINE
8
BLACK
6
CONTINUOUS
10
-1.4776640944881889
20
1.6233813779527559
11
-1.4775831102362205
21
1.6234478346456693
0
LINE
8
BLACK
6
CONTINUOUS
10
-1.4775831102362205
20
1.6234478346456693
11
-1.4775111811023622
21
1.6234776771653543
0
LINE
8
BLACK
6
CONTINUOUS
10
-1.4775111811023622
20
1.6234776771653543
11
-1.4772631496062991
21
1.6236337401574803
0
LINE
8
BLACK
6
CONTINUOUS
10
-1.4772631496062991
20
1.6236337401574803
11
-1.473513622047244
21
1.6255085039370079
0
LINE
8
BLACK
6
CONTINUOUS
10
-1.473513622047244
20
1.6255085039370079
11
-1.472973031496063
21
1.6257153937007873
0
LINE
8
BLACK
6
CONTINUOUS
10
-1.472973031496063
20
1.6257153937007873
11
-1.4728671653543306
21
1.6257229527559054
0
LINE
8
BLACK
6
CONTINUOUS
10
-1.4728671653543306
20
1.6257229527559054
11
-1.4727691732283463
21
1.6257635039370077
0
LINE
8
BLACK
6
CONTINUOUS
10
-1.4727691732283463
20
1.6257635039370077
11
-1.4721931102362205
21
1.6258202362204723
0
LINE
8
BLACK
6
CONTINUOUS
10
-1.4721931102362205
20
1.6258202362204723
11
-1.457195
21
1.6258202362204723
0
LINE
8
BLACK
6
CONTINUOUS
10
-1.457195
20
1.6258202362204723
11
-1.4570944881889762
21
1.6258103543307085
0
LINE
8
BLACK
6
CONTINUOUS
10
-1.4741935433070865
20
1.6185659842519684
11
-1.4753906692913386
21
1.6173688582677166
0
LINE
8
BLACK
6
CONTINUOUS
10
-1.4753906692913386
20
1.6173688582677166
11
-1.4767394094488189
21
1.6146713779527559
0
LINE
8
BLACK
6
CONTINUOUS
10
-1.4767394094488189
20
1.6146713779527559
11
-1.4767394094488189
21
1.6085664173228347
0
LINE
8
BLACK
6
CONTINUOUS
10
-1.4767394094488189
20
1.6085664173228347
11
-1.4753906692913386
21
1.605868937007874
0
LINE
8
BLACK
6
CONTINUOUS
10
-1.4753906692913386
20
1.605868937007874
11
-1.4741935433070865
21
1.604671811023622
0
LINE
8
BLACK
6
CONTINUOUS
10
-1.4741935433070865
20
1.604671811023622
11
-1.4714960629921259
21
1.6033230708661417
0
LINE
8
BLACK
6
CONTINUOUS
10
-1.4714960629921259
20
1.6033230708661417
11
-1.463516338582677
21
1.6033230708661417
0
LINE
8
BLACK
6
CONTINUOUS
10
-1.463516338582677
20
1.6033230708661417
11
-1.4608188582677164
21
1.604671811023622
0
LINE
8
BLACK
6
CONTINUOUS
10
-1.4608188582677164
20
1.604671811023622
11
-1.4596217322834646
21
1.605868937007874
0
LINE
8
BLACK
6
CONTINUOUS
10
-1.4596217322834646
20
1.605868937007874
11
-1.4582729921259843
21
1.6085664173228347
0
LINE
8
BLACK
6
CONTINUOUS
10
-1.4582729921259843
20
1.6085664173228347
11
-1.4582729921259843
21
1.6146713779527559
0
LINE
8
BLACK
6
CONTINUOUS
10
-1.4582729921259843
20
1.6146713779527559
11
-1.4596217322834646
21
1.6173688582677166
0
LINE
8
BLACK
6
CONTINUOUS
10
-1.4596217322834646
20
1.6173688582677166
11
-1.4608188582677164
21
1.6185659842519684
0
LINE
8
BLACK
6
CONTINUOUS
10
-1.4608188582677164
20
1.6185659842519684
11
-1.463516338582677
21
1.6199147244094487
0
LINE
8
BLACK
6
CONTINUOUS
10
-1.463516338582677
20
1.6199147244094487
11
-1.4714960629921259
21
1.6199147244094487
0
LINE
8
BLACK
6
CONTINUOUS
10
-1.4714960629921259
20
1.6199147244094487
11
-1.4741935433070865
21
1.6185659842519684
0
LINE
8
BLACK
6
CONTINUOUS
10
-1.4472451181102362
20
1.6632588188976378
11
-1.4471471259842519
21
1.6632182283464567
0
LINE
8
BLACK
6
CONTINUOUS
10
-1.4471471259842519
20
1.6632182283464567
11
-1.4470412992125985
21
1.6632107086614172
0
LINE
8
BLACK
6
CONTINUOUS
10
-1.4470412992125985
20
1.6632107086614172
11
-1.4465006692913385
21
1.6630038188976377
0
LINE
8
BLACK
6
CONTINUOUS
10
-1.4465006692913385
20
1.6630038188976377
11
-1.4427511417322834
21
1.6611290551181102
0
LINE
8
BLACK
6
CONTINUOUS
10
-1.4427511417322834
20
1.6611290551181102
11
-1.4425032677165355
21
1.6609730314960629
0
LINE
8
BLACK
6
CONTINUOUS
10
-1.4425032677165355
20
1.6609730314960629
11
-1.442431220472441
21
1.6609431889763779
0
LINE
8
BLACK
6
CONTINUOUS
10
-1.442431220472441
20
1.6609431889763779
11
-1.4423501968503936
21
1.6608766929133858
0
LINE
8
BLACK
6
CONTINUOUS
10
-1.4423501968503936
20
1.6608766929133858
11
-1.4422612598425197
21
1.6608207086614173
0
LINE
8
BLACK
6
CONTINUOUS
10
-1.4422612598425197
20
1.6608207086614173
11
-1.4422101181102362
21
1.6607617322834645
0
LINE
8
BLACK
6
CONTINUOUS
10
-1.4422101181102362
20
1.6607617322834645
11
-1.441983779527559
21
1.6605759842519685
0
LINE
8
BLACK
6
CONTINUOUS
10
-1.441983779527559
20
1.6605759842519685
11
-1.4401089763779527
21
1.658701220472441
0
LINE
8
BLACK
6
CONTINUOUS
10
-1.4401089763779527
20
1.658701220472441
11
-1.4399232283464567
21
1.6584748818897637
0
LINE
8
BLACK
6
CONTINUOUS
10
-1.4399232283464567
20
1.6584748818897637
11
-1.4398641732283464
21
1.6584236614173229
0
LINE
8
BLACK
6
CONTINUOUS
10
-1.4398641732283464
20
1.6584236614173229
11
-1.4398081889763779
21
1.6583347244094488
0
LINE
8
BLACK
6
CONTINUOUS
10
-1.4398081889763779
20
1.6583347244094488
11
-1.4397417322834645
21
1.6582537401574802
0
LINE
8
BLACK
6
CONTINUOUS
10
-1.4397417322834645
20
1.6582537401574802
11
-1.4397119291338583
21
1.6581818110236219
0
LINE
8
BLACK
6
CONTINUOUS
10
-1.4397119291338583
20
1.6581818110236219
11
-1.4395558267716535
21
1.657933779527559
0
LINE
8
BLACK
6
CONTINUOUS
10
-1.4395558267716535
20
1.657933779527559
11
-1.4376810629921259
21
1.6541842519685039
0
LINE
8
BLACK
6
CONTINUOUS
10
-1.4376810629921259
20
1.6541842519685039
11
-1.4374741732283465
21
1.6536436614173229
0
LINE
8
BLACK
6
CONTINUOUS
10
-1.4374741732283465
20
1.6536436614173229
11
-1.4374666535433072
21
1.6535377952755905
0
LINE
8
BLACK
6
CONTINUOUS
10
-1.4374666535433072
20
1.6535377952755905
11
-1.4374260629921261
21
1.6534398031496063
0
LINE
8
BLACK
6
CONTINUOUS
10
-1.4374260629921261
20
1.6534398031496063
11
-1.4373693307086615
21
1.6528637401574804
0
LINE
8
BLACK
6
CONTINUOUS
10
-1.4373693307086615
20
1.6528637401574804
11
-1.4373693307086615
21
1.6453646850393699
0
LINE
8
BLACK
6
CONTINUOUS
10
-1.4373693307086615
20
1.6453646850393699
11
-1.4374260629921261
21
1.6447886220472441
0
LINE
8
BLACK
6
CONTINUOUS
10
-1.4374260629921261
20
1.6447886220472441
11
-1.4374666535433072
21
1.6446906692913386
0
LINE
8
BLACK
6
CONTINUOUS
10
-1.4374666535433072
20
1.6446906692913386
11
-1.4374741732283465
21
1.6445847637795274
0
LINE
8
BLACK
6
CONTINUOUS
10
-1.4374741732283465
20
1.6445847637795274
11
-1.4376810629921259
21
1.6440441732283464
0
LINE
8
BLACK
6
CONTINUOUS
10
-1.4376810629921259
20
1.6440441732283464
11
-1.4395558267716535
21
1.6402946456692913
0
LINE
8
BLACK
6
CONTINUOUS
10
-1.4395558267716535
20
1.6402946456692913
11
-1.4397119291338583
21
1.6400466535433071
0
LINE
8
BLACK
6
CONTINUOUS
10
-1.4397119291338583
20
1.6400466535433071
11
-1.4397417322834645
21
1.6399746850393699
0
LINE
8
BLACK
6
CONTINUOUS
10
-1.4397417322834645
20
1.6399746850393699
11
-1.4398081889763779
21
1.6398937401574802
0
LINE
8
BLACK
6
CONTINUOUS
10
-1.4398081889763779
20
1.6398937401574802
11
-1.4398641732283464
21
1.6398047637795274
0
LINE
8
BLACK
6
CONTINUOUS
10
-1.4398641732283464
20
1.6398047637795274
11
-1.4399232283464567
21
1.6397535826771654
0
LINE
8
BLACK
6
CONTINUOUS
10
-1.4399232283464567
20
1.6397535826771654
11
-1.4401089763779527
21
1.6395272047244094
0
LINE
8
BLACK
6
CONTINUOUS
10
-1.4401089763779527
20
1.6395272047244094
11
-1.441983779527559
21
1.6376524409448818
0
LINE
8
BLACK
6
CONTINUOUS
10
-1.441983779527559
20
1.6376524409448818
11
-1.4422101181102362
21
1.6374667322834646
0
LINE
8
BLACK
6
CONTINUOUS
10
-1.4422101181102362
20
1.6374667322834646
11
-1.4422612598425197
21
1.637407716535433
0
LINE
8
BLACK
6
CONTINUOUS
10
-1.4422612598425197
20
1.637407716535433
11
-1.4423501968503936
21
1.6373517716535433
0
LINE
8
BLACK
6
CONTINUOUS
10
-1.4423501968503936
20
1.6373517716535433
11
-1.442431220472441
21
1.6372852362204724
0
LINE
8
BLACK
6
CONTINUOUS
10
-1.442431220472441
20
1.6372852362204724
11
-1.4425032677165355
21
1.6372554330708662
0
LINE
8
BLACK
6
CONTINUOUS
10
-1.4425032677165355
20
1.6372554330708662
11
-1.4427511417322834
21
1.6370993700787402
0
LINE
8
BLACK
6
CONTINUOUS
10
-1.4427511417322834
20
1.6370993700787402
11
-1.4465006692913385
21
1.6352246062992126
0
LINE
8
BLACK
6
CONTINUOUS
10
-1.4465006692913385
20
1.6352246062992126
11
-1.4470412992125985
21
1.6350177165354329
0
LINE
8
BLACK
6
CONTINUOUS
10
-1.4470412992125985
20
1.6350177165354329
11
-1.4471471259842519
21
1.6350102362204724
0
LINE
8
BLACK
6
CONTINUOUS
10
-1.4471471259842519
20
1.6350102362204724
11
-1.4472451181102362
21
1.6349696062992125
0
LINE
8
BLACK
6
CONTINUOUS
10
-1.4472451181102362
20
1.6349696062992125
11
-1.4478211811023622
21
1.6349128740157479
0
LINE
8
BLACK
6
CONTINUOUS
10
-1.4478211811023622
20
1.6349128740157479
11
-1.4628192913385827
21
1.6349128740157479
0
LINE
8
BLACK
6
CONTINUOUS
10
-1.4628192913385827
20
1.6349128740157479
11
-1.462919842519685
21
1.6349227952755905
0
LINE
8
BLACK
6
CONTINUOUS
10
-1.462919842519685
20
1.6349227952755905
11
-1.4629628346456693
21
1.6349163779527558
0
LINE
8
BLACK
6
CONTINUOUS
10
-1.4629628346456693
20
1.6349163779527558
11
-1.463178346456693
21
1.6349482677165355
0
LINE
8
BLACK
6
CONTINUOUS
10
-1.463178346456693
20
1.6349482677165355
11
-1.4633953543307086
21
1.6349696062992125
0
LINE
8
BLACK
6
CONTINUOUS
10
-1.4633953543307086
20
1.6349696062992125
11
-1.4634355905511811
21
1.6349862598425196
0
LINE
8
BLACK
6
CONTINUOUS
10
-1.4634355905511811
20
1.6349862598425196
11
-1.4635354330708661
21
1.6350010236220471
0
LINE
8
BLACK
6
CONTINUOUS
10
-1.4635354330708661
20
1.6350010236220471
11
-1.4710344881889763
21
1.6368757874015747
0
LINE
8
BLACK
6
CONTINUOUS
10
-1.4710344881889763
20
1.6368757874015747
11
-1.4713740157480315
21
1.636997125984252
0
LINE
8
BLACK
6
CONTINUOUS
10
-1.4713740157480315
20
1.636997125984252
11
-1.4714454330708662
21
1.637011220472441
0
LINE
8
BLACK
6
CONTINUOUS
10
-1.4714454330708662
20
1.637011220472441
11
-1.4715102362204724
21
1.6370457874015747
0
LINE
8
BLACK
6
CONTINUOUS
10
-1.4715102362204724
20
1.6370457874015747
11
-1.4715796062992126
21
1.6370705511811023
0
LINE
8
BLACK
6
CONTINUOUS
10
-1.4715796062992126
20
1.6370705511811023
11
-1.4716383464566929
21
1.637114094488189
0
LINE
8
BLACK
6
CONTINUOUS
10
-1.4716383464566929
20
1.637114094488189
11
-1.471956220472441
21
1.6372835433070865
0
LINE
8
BLACK
6
CONTINUOUS
10
-1.471956220472441
20
1.6372835433070865
11
-1.4775805511811024
21
1.6410330708661416
0
LINE
8
BLACK
6
CONTINUOUS
10
-1.4775805511811024
20
1.6410330708661416
11
-1.4775822440944881
21
1.6410344488188977
0
LINE
8
BLACK
6
CONTINUOUS
10
-1.4775822440944881
20
1.6410344488188977
11
-1.4775831102362205
21
1.6410348031496063
0
LINE
8
BLACK
6
CONTINUOUS
10
-1.4775831102362205
20
1.6410348031496063
11
-1.4777984251968503
21
1.6412115354330707
0
LINE
8
BLACK
6
CONTINUOUS
10
-1.4777984251968503
20
1.6412115354330707
11
-1.4780283858267715
21
1.641399842519685
0
LINE
8
BLACK
6
CONTINUOUS
10
-1.4780283858267715
20
1.641399842519685
11
-1.4780289763779528
21
1.6414007086614173
0
LINE
8
BLACK
6
CONTINUOUS
10
-1.4780289763779528
20
1.6414007086614173
11
-1.4780305511811023
21
1.6414020078740157
0
LINE
8
BLACK
6
CONTINUOUS
10
-1.4780305511811023
20
1.6414020078740157
11
-1.4799053149606298
21
1.6432767716535432
0
LINE
8
BLACK
6
CONTINUOUS
10
-1.4799053149606298
20
1.6432767716535432
11
-1.4800911023622048
21
1.6435031496062993
0
LINE
8
BLACK
6
CONTINUOUS
10
-1.4800911023622048
20
1.6435031496062993
11
-1.4801500787401574
21
1.6435542913385826
0
LINE
8
BLACK
6
CONTINUOUS
10
-1.4801500787401574
20
1.6435542913385826
11
-1.4802060629921259
21
1.6436432677165353
0
LINE
8
BLACK
6
CONTINUOUS
10
-1.4802060629921259
20
1.6436432677165353
11
-1.4802725196850393
21
1.643724212598425
0
LINE
8
BLACK
6
CONTINUOUS
10
-1.4802725196850393
20
1.643724212598425
11
-1.4803023622047244
21
1.6437961811023623
0
LINE
8
BLACK
6
CONTINUOUS
10
-1.4803023622047244
20
1.6437961811023623
11
-1.4804584251968504
21
1.6440441732283464
0
LINE
8
BLACK
6
CONTINUOUS
10
-1.4804584251968504
20
1.6440441732283464
11
-1.482333188976378
21
1.6477937007874015
0
LINE
8
BLACK
6
CONTINUOUS
10
-1.482333188976378
20
1.6477937007874015
11
-1.4825400787401575
21
1.6483343307086613
0
LINE
8
BLACK
6
CONTINUOUS
10
-1.4825400787401575
20
1.6483343307086613
11
-1.4825475984251968
21
1.6484401574803149
0
LINE
8
BLACK
6
CONTINUOUS
10
-1.4825475984251968
20
1.6484401574803149
11
-1.4825881889763779
21
1.6485381496062992
0
LINE
8
BLACK
6
CONTINUOUS
10
-1.4825881889763779
20
1.6485381496062992
11
-1.4826449212598425
21
1.6491142125984251
0
LINE
8
BLACK
6
CONTINUOUS
10
-1.4826449212598425
20
1.6491142125984251
11
-1.4826449212598425
21
1.6566132677165355
0
LINE
8
BLACK
6
CONTINUOUS
10
-1.4826449212598425
20
1.6566132677165355
11
-1.4825881889763779
21
1.6571893307086614
0
LINE
8
BLACK
6
CONTINUOUS
10
-1.4825881889763779
20
1.6571893307086614
11
-1.4821472834645668
21
1.6582537401574802
0
LINE
8
BLACK
6
CONTINUOUS
10
-1.4821472834645668
20
1.6582537401574802
11
-1.4813326377952756
21
1.6590683858267716
0
LINE
8
BLACK
6
CONTINUOUS
10
-1.4813326377952756
20
1.6590683858267716
11
-1.4802682283464565
21
1.6595092913385827
0
LINE
8
BLACK
6
CONTINUOUS
10
-1.4802682283464565
20
1.6595092913385827
11
-1.4791161023622046
21
1.6595092913385827
0
LINE
8
BLACK
6
CONTINUOUS
10
-1.4791161023622046
20
1.6595092913385827
11
-1.4780516929133858
21
1.6590683858267716
0
LINE
8
BLACK
6
CONTINUOUS
10
-1.4780516929133858
20
1.6590683858267716
11
-1.4772370472440945
21
1.6582537401574802
0
LINE
8
BLACK
6
CONTINUOUS
10
-1.4772370472440945
20
1.6582537401574802
11
-1.4767961417322835
21
1.6571893307086614
0
LINE
8
BLACK
6
CONTINUOUS
10
-1.4767961417322835
20
1.6571893307086614
11
-1.4767394094488189
21
1.6566132677165355
0
LINE
8
BLACK
6
CONTINUOUS
10
-1.4767394094488189
20
1.6566132677165355
11
-1.4767394094488189
21
1.6498112598425196
0
LINE
8
BLACK
6
CONTINUOUS
10
-1.4767394094488189
20
1.6498112598425196
11
-1.4753906692913386
21
1.647113779527559
0
LINE
8
BLACK
6
CONTINUOUS
10
-1.4753906692913386
20
1.647113779527559
11
-1.4740615354330708
21
1.6457846456692913
0
LINE
8
BLACK
6
CONTINUOUS
10
-1.4740615354330708
20
1.6457846456692913
11
-1.4691059842519685
21
1.6424809448818898
0
LINE
8
BLACK
6
CONTINUOUS
10
-1.4691059842519685
20
1.6424809448818898
11
-1.4661888188976377
21
1.641751653543307
0
LINE
8
BLACK
6
CONTINUOUS
10
-1.4661888188976377
20
1.641751653543307
11
-1.4673350787401573
21
1.6440441732283464
0
LINE
8
BLACK
6
CONTINUOUS
10
-1.4673350787401573
20
1.6440441732283464
11
-1.467541968503937
21
1.6445848031496062
0
LINE
8
BLACK
6
CONTINUOUS
10
-1.467541968503937
20
1.6445848031496062
11
-1.4675494881889763
21
1.6446906299212598
0
LINE
8
BLACK
6
CONTINUOUS
10
-1.4675494881889763
20
1.6446906299212598
11
-1.4675900787401575
21
1.6447886220472441
0
LINE
8
BLACK
6
CONTINUOUS
10
-1.4675900787401575
20
1.6447886220472441
11
-1.467646811023622
21
1.6453646850393699
0
LINE
8
BLACK
6
CONTINUOUS
10
-1.467646811023622
20
1.6453646850393699
11
-1.467646811023622
21
1.6528637401574804
0
LINE
8
BLACK
6
CONTINUOUS
10
-1.467646811023622
20
1.6528637401574804
11
-1.4675900787401575
21
1.6534398031496063
0
LINE
8
BLACK
6
CONTINUOUS
10
-1.4675900787401575
20
1.6534398031496063
11
-1.4675494881889763
21
1.6535378346456693
0
LINE
8
BLACK
6
CONTINUOUS
10
-1.4675494881889763
20
1.6535378346456693
11
-1.467541968503937
21
1.6536436220472441
0
LINE
8
BLACK
6
CONTINUOUS
10
-1.467541968503937
20
1.6536436220472441
11
-1.4673350787401573
21
1.6541842519685039
0
LINE
8
BLACK
6
CONTINUOUS
10
-1.4673350787401573
20
1.6541842519685039
11
-1.4654603149606298
21
1.657933779527559
0
LINE
8
BLACK
6
CONTINUOUS
10
-1.4654603149606298
20
1.657933779527559
11
-1.465304251968504
21
1.6581818110236219
0
LINE
8
BLACK
6
CONTINUOUS
10
-1.465304251968504
20
1.6581818110236219
11
-1.4652744094488188
21
1.6582537401574802
0
LINE
8
BLACK
6
CONTINUOUS
10
-1.4652744094488188
20
1.6582537401574802
11
-1.4652079527559054
21
1.6583347244094488
0
LINE
8
BLACK
6
CONTINUOUS
10
-1.4652079527559054
20
1.6583347244094488
11
-1.4651519685039369
21
1.6584236614173229
0
LINE
8
BLACK
6
CONTINUOUS
10
-1.4651519685039369
20
1.6584236614173229
11
-1.4650929921259843
21
1.6584748425196849
0
LINE
8
BLACK
6
CONTINUOUS
10
-1.4650929921259843
20
1.6584748425196849
11
-1.4649072047244094
21
1.6587011811023622
0
LINE
8
BLACK
6
CONTINUOUS
10
-1.4649072047244094
20
1.6587011811023622
11
-1.4630324409448818
21
1.6605759448818898
0
LINE
8
BLACK
6
CONTINUOUS
10
-1.4630324409448818
20
1.6605759448818898
11
-1.4628061023622048
21
1.6607617322834645
0
LINE
8
BLACK
6
CONTINUOUS
10
-1.4628061023622048
20
1.6607617322834645
11
-1.4627549212598425
21
1.6608207086614173
0
LINE
8
BLACK
6
CONTINUOUS
10
-1.4627549212598425
20
1.6608207086614173
11
-1.4626659842519685
21
1.6608766929133858
0
LINE
8
BLACK
6
CONTINUOUS
10
-1.4626659842519685
20
1.6608766929133858
11
-1.462585
21
1.6609431496062992
0
LINE
8
BLACK
6
CONTINUOUS
10
-1.462585
20
1.6609431496062992
11
-1.4625130708661418
21
1.6609729921259841
0
LINE
8
BLACK
6
CONTINUOUS
10
-1.4625130708661418
20
1.6609729921259841
11
-1.4622650393700787
21
1.6611290551181102
0
LINE
8
BLACK
6
CONTINUOUS
10
-1.4622650393700787
20
1.6611290551181102
11
-1.4585155118110236
21
1.6630038188976377
0
LINE
8
BLACK
6
CONTINUOUS
10
-1.4585155118110236
20
1.6630038188976377
11
-1.4579749212598425
21
1.6632107086614172
0
LINE
8
BLACK
6
CONTINUOUS
10
-1.4579749212598425
20
1.6632107086614172
11
-1.4578690551181102
21
1.6632182677165355
0
LINE
8
BLACK
6
CONTINUOUS
10
-1.4578690551181102
20
1.6632182677165355
11
-1.4577710629921259
21
1.6632588188976378
0
LINE
8
BLACK
6
CONTINUOUS
10
-1.4577710629921259
20
1.6632588188976378
11
-1.457195
21
1.6633155511811024
0
LINE
8
BLACK
6
CONTINUOUS
10
-1.457195
20
1.6633155511811024
11
-1.4478211811023622
21
1.6633155511811024
0
LINE
8
BLACK
6
CONTINUOUS
10
-1.4478211811023622
20
1.6633155511811024
11
-1.4472451181102362
21
1.6632588188976378
0
LINE
8
BLACK
6
CONTINUOUS
10
-1.4591954330708661
20
1.6560612992125985
11
-1.4603925590551181
21
1.6548641732283464
0
LINE
8
BLACK
6
CONTINUOUS
10
-1.4603925590551181
20
1.6548641732283464
11
-1.4617412992125984
21
1.6521666929133858
0
LINE
8
BLACK
6
CONTINUOUS
10
-1.4617412992125984
20
1.6521666929133858
11
-1.4617412992125984
21
1.6460617322834645
0
LINE
8
BLACK
6
CONTINUOUS
10
-1.4617412992125984
20
1.6460617322834645
11
-1.4603925590551181
21
1.6433642519685039
0
LINE
8
BLACK
6
CONTINUOUS
10
-1.4603925590551181
20
1.6433642519685039
11
-1.4591954330708661
21
1.6421671259842519
0
LINE
8
BLACK
6
CONTINUOUS
10
-1.4591954330708661
20
1.6421671259842519
11
-1.4564979527559054
21
1.6408183858267715
0
LINE
8
BLACK
6
CONTINUOUS
10
-1.4564979527559054
20
1.6408183858267715
11
-1.4485182283464566
21
1.6408183858267715
0
LINE
8
BLACK
6
CONTINUOUS
10
-1.4485182283464566
20
1.6408183858267715
11
-1.445820748031496
21
1.6421671653543306
0
LINE
8
BLACK
6
CONTINUOUS
10
-1.445820748031496
20
1.6421671653543306
11
-1.4446235826771654
21
1.6433642913385826
0
LINE
8
BLACK
6
CONTINUOUS
10
-1.4446235826771654
20
1.6433642913385826
11
-1.4432748425196851
21
1.6460617322834645
0
LINE
8
BLACK
6
CONTINUOUS
10
-1.4432748425196851
20
1.6460617322834645
11
-1.4432748425196851
21
1.6521666929133858
0
LINE
8
BLACK
6
CONTINUOUS
10
-1.4432748425196851
20
1.6521666929133858
11
-1.4446235826771654
21
1.6548641732283464
0
LINE
8
BLACK
6
CONTINUOUS
10
-1.4446235826771654
20
1.6548641732283464
11
-1.445820748031496
21
1.6560612992125985
0
LINE
8
BLACK
6
CONTINUOUS
10
-1.445820748031496
20
1.6560612992125985
11
-1.4485182283464566
21
1.6574100393700788
0
LINE
8
BLACK
6
CONTINUOUS
10
-1.4485182283464566
20
1.6574100393700788
11
-1.4564979527559054
21
1.6574100393700788
0
LINE
8
BLACK
6
CONTINUOUS
10
-1.4564979527559054
20
1.6574100393700788
11
-1.4591954330708661
21
1.6560612992125985
0
LINE
8
BLACK
6
CONTINUOUS
10
-1.4552197244094487
20
1.7008009842519685
11
-1.4551766929133858
21
1.7008073622047244
0
LINE
8
BLACK
6
CONTINUOUS
10
-1.4551766929133858
20
1.7008073622047244
11
-1.4549612204724409
21
1.7007755118110235
0
LINE
8
BLACK
6
CONTINUOUS
10
-1.4549612204724409
20
1.7007755118110235
11
-1.4547441732283464
21
1.7007541338582677
0
LINE
8
BLACK
6
CONTINUOUS
10
-1.4547441732283464
20
1.7007541338582677
11
-1.4547039763779528
21
1.7007375196850394
0
LINE
8
BLACK
6
CONTINUOUS
10
-1.4547039763779528
20
1.7007375196850394
11
-1.4546040944881888
21
1.7007227165354331
0
LINE
8
BLACK
6
CONTINUOUS
10
-1.4546040944881888
20
1.7007227165354331
11
-1.4471050393700786
21
1.6988479527559055
0
LINE
8
BLACK
6
CONTINUOUS
10
-1.4471050393700786
20
1.6988479527559055
11
-1.447062559055118
21
1.6988327952755906
0
LINE
8
BLACK
6
CONTINUOUS
10
-1.447062559055118
20
1.6988327952755906
11
-1.4470412992125985
21
1.6988312598425197
0
LINE
8
BLACK
6
CONTINUOUS
10
-1.4470412992125985
20
1.6988312598425197
11
-1.4468018897637795
21
1.6987396456692914
0
LINE
8
BLACK
6
CONTINUOUS
10
-1.4468018897637795
20
1.6987396456692914
11
-1.4465599212598426
21
1.6986531889763778
0
LINE
8
BLACK
6
CONTINUOUS
10
-1.4465599212598426
20
1.6986531889763778
11
-1.4465427952755905
21
1.6986405118110235
0
LINE
8
BLACK
6
CONTINUOUS
10
-1.4465427952755905
20
1.6986405118110235
11
-1.4465006692913385
21
1.69862437007874
0
LINE
8
BLACK
6
CONTINUOUS
10
-1.4465006692913385
20
1.69862437007874
11
-1.4427511417322834
21
1.6967496062992125
0
LINE
8
BLACK
6
CONTINUOUS
10
-1.4427511417322834
20
1.6967496062992125
11
-1.4425032677165355
21
1.6965935826771654
0
LINE
8
BLACK
6
CONTINUOUS
10
-1.4425032677165355
20
1.6965935826771654
11
-1.442431220472441
21
1.6965637401574802
0
LINE
8
BLACK
6
CONTINUOUS
10
-1.442431220472441
20
1.6965637401574802
11
-1.4423501968503936
21
1.6964972440944881
0
LINE
8
BLACK
6
CONTINUOUS
10
-1.4423501968503936
20
1.6964972440944881
11
-1.4422612598425197
21
1.6964412598425196
0
LINE
8
BLACK
6
CONTINUOUS
10
-1.4422612598425197
20
1.6964412598425196
11
-1.4422101181102362
21
1.696382283464567
0
LINE
8
BLACK
6
CONTINUOUS
10
-1.4422101181102362
20
1.696382283464567
11
-1.441983779527559
21
1.6961965354330708
0
LINE
8
BLACK
6
CONTINUOUS
10
-1.441983779527559
20
1.6961965354330708
11
-1.4401089763779527
21
1.6943217716535433
0
LINE
8
BLACK
6
CONTINUOUS
10
-1.4401089763779527
20
1.6943217716535433
11
-1.4399232283464567
21
1.6940954330708662
0
LINE
8
BLACK
6
CONTINUOUS
10
-1.4399232283464567
20
1.6940954330708662
11
-1.4398641732283464
21
1.6940442125984252
0
LINE
8
BLACK
6
CONTINUOUS
10
-1.4398641732283464
20
1.6940442125984252
11
-1.4398081889763779
21
1.6939552755905511
0
LINE
8
BLACK
6
CONTINUOUS
10
-1.4398081889763779
20
1.6939552755905511
11
-1.4397417322834645
21
1.6938742913385827
0
LINE
8
BLACK
6
CONTINUOUS
10
-1.4397417322834645
20
1.6938742913385827
11
-1.4397119291338583
21
1.6938023622047245
0
LINE
8
BLACK
6
CONTINUOUS
10
-1.4397119291338583
20
1.6938023622047245
11
-1.4395558267716535
21
1.6935543307086613
0
LINE
8
BLACK
6
CONTINUOUS
10
-1.4395558267716535
20
1.6935543307086613
11
-1.4376810629921259
21
1.6898048031496062
0
LINE
8
BLACK
6
CONTINUOUS
10
-1.4376810629921259
20
1.6898048031496062
11
-1.4374741732283465
21
1.6892642125984252
0
LINE
8
BLACK
6
CONTINUOUS
10
-1.4374741732283465
20
1.6892642125984252
11
-1.4374666535433072
21
1.6891583464566928
0
LINE
8
BLACK
6
CONTINUOUS
10
-1.4374666535433072
20
1.6891583464566928
11
-1.4374260629921261
21
1.6890603543307086
0
LINE
8
BLACK
6
CONTINUOUS
10
-1.4374260629921261
20
1.6890603543307086
11
-1.4373693307086615
21
1.6884842913385827
0
LINE
8
BLACK
6
CONTINUOUS
10
-1.4373693307086615
20
1.6884842913385827
11
-1.4373693307086615
21
1.6847347637795276
0
LINE
8
BLACK
6
CONTINUOUS
10
-1.4373693307086615
20
1.6847347637795276
11
-1.4374260629921261
21
1.6841587007874015
0
LINE
8
BLACK
6
CONTINUOUS
10
-1.4374260629921261
20
1.6841587007874015
11
-1.4374666535433072
21
1.684060748031496
0
LINE
8
BLACK
6
CONTINUOUS
10
-1.4374666535433072
20
1.684060748031496
11
-1.4374741732283465
21
1.6839548425196851
0
LINE
8
BLACK
6
CONTINUOUS
10
-1.4374741732283465
20
1.6839548425196851
11
-1.4376810629921259
21
1.6834142519685038
0
LINE
8
BLACK
6
CONTINUOUS
10
-1.4376810629921259
20
1.6834142519685038
11
-1.4395558267716535
21
1.6796647244094487
0
LINE
8
BLACK
6
CONTINUOUS
10
-1.4395558267716535
20
1.6796647244094487
11
-1.4397119291338583
21
1.6794167322834646
0
LINE
8
BLACK
6
CONTINUOUS
10
-1.4397119291338583
20
1.6794167322834646
11
-1.4397417322834645
21
1.6793447637795276
0
LINE
8
BLACK
6
CONTINUOUS
10
-1.4397417322834645
20
1.6793447637795276
11
-1.4398081889763779
21
1.6792638188976377
0
LINE
8
BLACK
6
CONTINUOUS
10
-1.4398081889763779
20
1.6792638188976377
11
-1.4398641732283464
21
1.6791748425196851
0
LINE
8
BLACK
6
CONTINUOUS
10
-1.4398641732283464
20
1.6791748425196851
11
-1.4399232283464567
21
1.6791236614173228
0
LINE
8
BLACK
6
CONTINUOUS
10
-1.4399232283464567
20
1.6791236614173228
11
-1.4401089763779527
21
1.6788972834645668
0
LINE
8
BLACK
6
CONTINUOUS
10
-1.4401089763779527
20
1.6788972834645668
11
-1.441983779527559
21
1.6770225196850392
0
LINE
8
BLACK
6
CONTINUOUS
10
-1.441983779527559
20
1.6770225196850392
11
-1.4422101181102362
21
1.676836811023622
0
LINE
8
BLACK
6
CONTINUOUS
10
-1.4422101181102362
20
1.676836811023622
11
-1.4422612598425197
21
1.6767777952755905
0
LINE
8
BLACK
6
CONTINUOUS
10
-1.4422612598425197
20
1.6767777952755905
11
-1.4423501968503936
21
1.6767218503937007
0
LINE
8
BLACK
6
CONTINUOUS
10
-1.4423501968503936
20
1.6767218503937007
11
-1.442431220472441
21
1.6766553149606298
0
LINE
8
BLACK
6
CONTINUOUS
10
-1.442431220472441
20
1.6766553149606298
11
-1.4425032677165355
21
1.6766255118110236
0
LINE
8
BLACK
6
CONTINUOUS
10
-1.4425032677165355
20
1.6766255118110236
11
-1.4427511417322834
21
1.6764694488188976
0
LINE
8
BLACK
6
CONTINUOUS
10
-1.4427511417322834
20
1.6764694488188976
11
-1.4465006692913385
21
1.67459468503937
0
LINE
8
BLACK
6
CONTINUOUS
10
-1.4465006692913385
20
1.67459468503937
11
-1.4465427952755905
21
1.6745785826771653
0
LINE
8
BLACK
6
CONTINUOUS
10
-1.4465427952755905
20
1.6745785826771653
11
-1.4465599212598426
21
1.6745658661417322
0
LINE
8
BLACK
6
CONTINUOUS
10
-1.4465599212598426
20
1.6745658661417322
11
-1.4468018897637795
21
1.6744794488188977
0
LINE
8
BLACK
6
CONTINUOUS
10
-1.4468018897637795
20
1.6744794488188977
11
-1.4470412992125985
21
1.6743877952755906
0
LINE
8
BLACK
6
CONTINUOUS
10
-1.4470412992125985
20
1.6743877952755906
11
-1.447062559055118
21
1.6743862992125984
0
LINE
8
BLACK
6
CONTINUOUS
10
-1.447062559055118
20
1.6743862992125984
11
-1.4471050393700786
21
1.6743711023622048
0
LINE
8
BLACK
6
CONTINUOUS
10
-1.4471050393700786
20
1.6743711023622048
11
-1.4546040944881888
21
1.6724963385826772
0
LINE
8
BLACK
6
CONTINUOUS
10
-1.4546040944881888
20
1.6724963385826772
11
-1.4547039763779528
21
1.6724815748031496
0
LINE
8
BLACK
6
CONTINUOUS
10
-1.4547039763779528
20
1.6724815748031496
11
-1.4547441732283464
21
1.6724649212598426
0
LINE
8
BLACK
6
CONTINUOUS
10
-1.4547441732283464
20
1.6724649212598426
11
-1.4549612204724409
21
1.6724435826771653
0
LINE
8
BLACK
6
CONTINUOUS
10
-1.4549612204724409
20
1.6724435826771653
11
-1.4551766929133858
21
1.6724116929133859
0
LINE
8
BLACK
6
CONTINUOUS
10
-1.4551766929133858
20
1.6724116929133859
11
-1.4552197244094487
21
1.6724181102362203
0
LINE
8
BLACK
6
CONTINUOUS
10
-1.4552197244094487
20
1.6724181102362203
11
-1.4553202362204725
21
1.672408188976378
0
LINE
8
BLACK
6
CONTINUOUS
10
-1.4553202362204725
20
1.672408188976378
11
-1.4646940551181102
21
1.672408188976378
0
LINE
8
BLACK
6
CONTINUOUS
10
-1.4646940551181102
20
1.672408188976378
11
-1.4647946062992125
21
1.6724181102362203
0
LINE
8
BLACK
6
CONTINUOUS
10
-1.4647946062992125
20
1.6724181102362203
11
-1.4648375984251969
21
1.6724116929133859
0
LINE
8
BLACK
6
CONTINUOUS
10
-1.4648375984251969
20
1.6724116929133859
11
-1.4650531102362205
21
1.6724435826771653
0
LINE
8
BLACK
6
CONTINUOUS
10
-1.4650531102362205
20
1.6724435826771653
11
-1.4652701181102361
21
1.6724649212598426
0
LINE
8
BLACK
6
CONTINUOUS
10
-1.4652701181102361
20
1.6724649212598426
11
-1.4653103543307087
21
1.6724815748031496
0
LINE
8
BLACK
6
CONTINUOUS
10
-1.4653103543307087
20
1.6724815748031496
11
-1.4654101968503936
21
1.6724963385826772
0
LINE
8
BLACK
6
CONTINUOUS
10
-1.4654101968503936
20
1.6724963385826772
11
-1.4729092519685039
21
1.6743711023622048
0
LINE
8
BLACK
6
CONTINUOUS
10
-1.4729092519685039
20
1.6743711023622048
11
-1.4729517716535432
21
1.6743862992125984
0
LINE
8
BLACK
6
CONTINUOUS
10
-1.4729517716535432
20
1.6743862992125984
11
-1.472973031496063
21
1.6743877952755906
0
LINE
8
BLACK
6
CONTINUOUS
10
-1.472973031496063
20
1.6743877952755906
11
-1.4732127952755905
21
1.6744795669291339
0
LINE
8
BLACK
6
CONTINUOUS
10
-1.4732127952755905
20
1.6744795669291339
11
-1.4734543700787401
21
1.6745658661417322
0
LINE
8
BLACK
6
CONTINUOUS
10
-1.4734543700787401
20
1.6745658661417322
11
-1.4734715354330707
21
1.6745785826771653
0
LINE
8
BLACK
6
CONTINUOUS
10
-1.4734715354330707
20
1.6745785826771653
11
-1.473513622047244
21
1.67459468503937
0
LINE
8
BLACK
6
CONTINUOUS
10
-1.473513622047244
20
1.67459468503937
11
-1.4772631496062991
21
1.6764694488188976
0
LINE
8
BLACK
6
CONTINUOUS
10
-1.4772631496062991
20
1.6764694488188976
11
-1.4775111811023622
21
1.6766255511811023
0
LINE
8
BLACK
6
CONTINUOUS
10
-1.4775111811023622
20
1.6766255511811023
11
-1.4775831102362205
21
1.6766553543307086
0
LINE
8
BLACK
6
CONTINUOUS
10
-1.4775831102362205
20
1.6766553543307086
11
-1.4776640944881889
21
1.6767218503937007
0
LINE
8
BLACK
6
CONTINUOUS
10
-1.4776640944881889
20
1.6767218503937007
11
-1.477753031496063
21
1.6767777952755905
0
LINE
8
BLACK
6
CONTINUOUS
10
-1.477753031496063
20
1.6767777952755905
11
-1.4778042125984252
21
1.676836811023622
0
LINE
8
BLACK
6
CONTINUOUS
10
-1.4778042125984252
20
1.676836811023622
11
-1.4780305511811023
21
1.677022559055118
0
LINE
8
BLACK
6
CONTINUOUS
10
-1.4780305511811023
20
1.677022559055118
11
-1.4799053149606298
21
1.6788973228346455
0
LINE
8
BLACK
6
CONTINUOUS
10
-1.4799053149606298
20
1.6788973228346455
11
-1.4800911023622048
21
1.6791237007874016
0
LINE
8
BLACK
6
CONTINUOUS
10
-1.4800911023622048
20
1.6791237007874016
11
-1.4801500787401574
21
1.6791748425196851
0
LINE
8
BLACK
6
CONTINUOUS
10
-1.4801500787401574
20
1.6791748425196851
11
-1.4802060629921259
21
1.6792638188976377
0
LINE
8
BLACK
6
CONTINUOUS
10
-1.4802060629921259
20
1.6792638188976377
11
-1.4802725196850393
21
1.6793447637795276
0
LINE
8
BLACK
6
CONTINUOUS
10
-1.4802725196850393
20
1.6793447637795276
11
-1.4803023622047244
21
1.6794167322834646
0
LINE
8
BLACK
6
CONTINUOUS
10
-1.4803023622047244
20
1.6794167322834646
11
-1.4804584251968504
21
1.6796647244094487
0
LINE
8
BLACK
6
CONTINUOUS
10
-1.4804584251968504
20
1.6796647244094487
11
-1.482333188976378
21
1.6834142519685038
0
LINE
8
BLACK
6
CONTINUOUS
10
-1.482333188976378
20
1.6834142519685038
11
-1.4825400787401575
21
1.6839548818897638
0
LINE
8
BLACK
6
CONTINUOUS
10
-1.4825400787401575
20
1.6839548818897638
11
-1.4825475984251968
21
1.6840607086614172
0
LINE
8
BLACK
6
CONTINUOUS
10
-1.4825475984251968
20
1.6840607086614172
11
-1.4825881889763779
21
1.6841587007874015
0
LINE
8
BLACK
6
CONTINUOUS
10
-1.4825881889763779
20
1.6841587007874015
11
-1.4826449212598425
21
1.6847347637795276
0
LINE
8
BLACK
6
CONTINUOUS
10
-1.4826449212598425
20
1.6847347637795276
11
-1.4826449212598425
21
1.6884842913385827
0
LINE
8
BLACK
6
CONTINUOUS
10
-1.4826449212598425
20
1.6884842913385827
11
-1.4825881889763779
21
1.6890603543307086
0
LINE
8
BLACK
6
CONTINUOUS
10
-1.4825881889763779
20
1.6890603543307086
11
-1.4825475984251968
21
1.6891583858267716
0
LINE
8
BLACK
6
CONTINUOUS
10
-1.4825475984251968
20
1.6891583858267716
11
-1.4825400787401575
21
1.6892641732283464
0
LINE
8
BLACK
6
CONTINUOUS
10
-1.4825400787401575
20
1.6892641732283464
11
-1.482333188976378
21
1.6898048031496062
0
LINE
8
BLACK
6
CONTINUOUS
10
-1.482333188976378
20
1.6898048031496062
11
-1.4804584251968504
21
1.6935543307086613
0
LINE
8
BLACK
6
CONTINUOUS
10
-1.4804584251968504
20
1.6935543307086613
11
-1.4803023622047244
21
1.6938023622047245
0
LINE
8
BLACK
6
CONTINUOUS
10
-1.4803023622047244
20
1.6938023622047245
11
-1.4802725196850393
21
1.6938742913385827
0
LINE
8
BLACK
6
CONTINUOUS
10
-1.4802725196850393
20
1.6938742913385827
11
-1.4802060629921259
21
1.6939552755905511
0
LINE
8
BLACK
6
CONTINUOUS
10
-1.4802060629921259
20
1.6939552755905511
11
-1.4801500787401574
21
1.6940442125984252
0
LINE
8
BLACK
6
CONTINUOUS
10
-1.4801500787401574
20
1.6940442125984252
11
-1.4800911023622048
21
1.6940953937007874
0
LINE
8
BLACK
6
CONTINUOUS
10
-1.4800911023622048
20
1.6940953937007874
11
-1.4799053149606298
21
1.6943217322834645
0
LINE
8
BLACK
6
CONTINUOUS
10
-1.4799053149606298
20
1.6943217322834645
11
-1.4780305511811023
21
1.6961964960629921
0
LINE
8
BLACK
6
CONTINUOUS
10
-1.4780305511811023
20
1.6961964960629921
11
-1.4778042125984252
21
1.696382283464567
0
LINE
8
BLACK
6
CONTINUOUS
10
-1.4778042125984252
20
1.696382283464567
11
-1.477753031496063
21
1.6964412598425196
0
LINE
8
BLACK
6
CONTINUOUS
10
-1.477753031496063
20
1.6964412598425196
11
-1.4776640944881889
21
1.6964972440944881
0
LINE
8
BLACK
6
CONTINUOUS
10
-1.4776640944881889
20
1.6964972440944881
11
-1.4775831102362205
21
1.6965637007874015
0
LINE
8
BLACK
6
CONTINUOUS
10
-1.4775831102362205
20
1.6965637007874015
11
-1.4775111811023622
21
1.6965935433070867
0
LINE
8
BLACK
6
CONTINUOUS
10
-1.4775111811023622
20
1.6965935433070867
11
-1.4772631496062991
21
1.6967496062992125
0
LINE
8
BLACK
6
CONTINUOUS
10
-1.4772631496062991
20
1.6967496062992125
11
-1.473513622047244
21
1.69862437007874
0
LINE
8
BLACK
6
CONTINUOUS
10
-1.473513622047244
20
1.69862437007874
11
-1.4734715354330707
21
1.6986405118110235
0
LINE
8
BLACK
6
CONTINUOUS
10
-1.4734715354330707
20
1.6986405118110235
11
-1.4734543700787401
21
1.6986531889763778
0
LINE
8
BLACK
6
CONTINUOUS
10
-1.4734543700787401
20
1.6986531889763778
11
-1.4732127952755905
21
1.6987395275590551
0
LINE
8
BLACK
6
CONTINUOUS
10
-1.4732127952755905
20
1.6987395275590551
11
-1.472973031496063
21
1.6988312598425197
0
LINE
8
BLACK
6
CONTINUOUS
10
-1.472973031496063
20
1.6988312598425197
11
-1.4729517716535432
21
1.6988327952755906
0
LINE
8
BLACK
6
CONTINUOUS
10
-1.4729517716535432
20
1.6988327952755906
11
-1.4729092519685039
21
1.6988479527559055
0
LINE
8
BLACK
6
CONTINUOUS
10
-1.4729092519685039
20
1.6988479527559055
11
-1.4654101968503936
21
1.7007227165354331
0
LINE
8
BLACK
6
CONTINUOUS
10
-1.4654101968503936
20
1.7007227165354331
11
-1.4653103543307087
21
1.7007375196850394
0
LINE
8
BLACK
6
CONTINUOUS
10
-1.4653103543307087
20
1.7007375196850394
11
-1.4652701181102361
21
1.7007541338582677
0
LINE
8
BLACK
6
CONTINUOUS
10
-1.4652701181102361
20
1.7007541338582677
11
-1.4650531102362205
21
1.7007755118110235
0
LINE
8
BLACK
6
CONTINUOUS
10
-1.4650531102362205
20
1.7007755118110235
11
-1.4648375984251969
21
1.7008073622047244
0
LINE
8
BLACK
6
CONTINUOUS
10
-1.4648375984251969
20
1.7008073622047244
11
-1.4647946062992125
21
1.7008009842519685
0
LINE
8
BLACK
6
CONTINUOUS
10
-1.4647946062992125
20
1.7008009842519685
11
-1.4646940551181102
21
1.7008108661417323
0
LINE
8
BLACK
6
CONTINUOUS
10
-1.4646940551181102
20
1.7008108661417323
11
-1.4553202362204725
21
1.7008108661417323
0
LINE
8
BLACK
6
CONTINUOUS
10
-1.4553202362204725
20
1.7008108661417323
11
-1.4552197244094487
21
1.7008009842519685
0
LINE
8
BLACK
6
CONTINUOUS
10
-1.4711625590551181
20
1.6931973622047243
11
-1.4741935433070865
21
1.6916818503937008
0
LINE
8
BLACK
6
CONTINUOUS
10
-1.4741935433070865
20
1.6916818503937008
11
-1.4753906692913386
21
1.6904847244094487
0
LINE
8
BLACK
6
CONTINUOUS
10
-1.4753906692913386
20
1.6904847244094487
11
-1.4767394094488189
21
1.6877872440944881
0
LINE
8
BLACK
6
CONTINUOUS
10
-1.4767394094488189
20
1.6877872440944881
11
-1.4767394094488189
21
1.6854318110236219
0
LINE
8
BLACK
6
CONTINUOUS
10
-1.4767394094488189
20
1.6854318110236219
11
-1.4753906692913386
21
1.6827343307086613
0
LINE
8
BLACK
6
CONTINUOUS
10
-1.4753906692913386
20
1.6827343307086613
11
-1.4741935433070865
21
1.6815372047244095
0
LINE
8
BLACK
6
CONTINUOUS
10
-1.4741935433070865
20
1.6815372047244095
11
-1.4711625590551181
21
1.6800217322834645
0
LINE
8
BLACK
6
CONTINUOUS
10
-1.4711625590551181
20
1.6800217322834645
11
-1.4643305118110237
21
1.6783137007874016
0
LINE
8
BLACK
6
CONTINUOUS
10
-1.4643305118110237
20
1.6783137007874016
11
-1.455683779527559
21
1.6783137007874016
0
LINE
8
BLACK
6
CONTINUOUS
10
-1.455683779527559
20
1.6783137007874016
11
-1.4488517322834646
21
1.6800217322834645
0
LINE
8
BLACK
6
CONTINUOUS
10
-1.4488517322834646
20
1.6800217322834645
11
-1.445820748031496
21
1.6815372440944882
0
LINE
8
BLACK
6
CONTINUOUS
10
-1.445820748031496
20
1.6815372440944882
11
-1.4446235826771654
21
1.68273437007874
0
LINE
8
BLACK
6
CONTINUOUS
10
-1.4446235826771654
20
1.68273437007874
11
-1.4432748425196851
21
1.6854318110236219
0
LINE
8
BLACK
6
CONTINUOUS
10
-1.4432748425196851
20
1.6854318110236219
11
-1.4432748425196851
21
1.6877872440944881
0
LINE
8
BLACK
6
CONTINUOUS
10
-1.4432748425196851
20
1.6877872440944881
11
-1.4446235826771654
21
1.6904847244094487
0
LINE
8
BLACK
6
CONTINUOUS
10
-1.4446235826771654
20
1.6904847244094487
11
-1.445820748031496
21
1.6916818503937008
0
LINE
8
BLACK
6
CONTINUOUS
10
-1.445820748031496
20
1.6916818503937008
11
-1.4488517322834646
21
1.6931973622047243
0
LINE
8
BLACK
6
CONTINUOUS
10
-1.4488517322834646
20
1.6931973622047243
11
-1.455683779527559
21
1.6949053543307087
0
LINE
8
BLACK
6
CONTINUOUS
10
-1.455683779527559
20
1.6949053543307087
11
-1.4643305118110237
21
1.6949053543307087
0
LINE
8
BLACK
6
CONTINUOUS
10
-1.4643305118110237
20
1.6949053543307087
11
-1.4711625590551181
21
1.6931973622047243
0
LINE
8
BLACK
6
CONTINUOUS
10
-1.4552197244094487
20
1.7382962992125983
11
-1.4551766929133858
21
1.7383026771653542
0
LINE
8
BLACK
6
CONTINUOUS
10
-1.4551766929133858
20
1.7383026771653542
11
-1.4549612204724409
21
1.7382708267716536
0
LINE
8
BLACK
6
CONTINUOUS
10
-1.4549612204724409
20
1.7382708267716536
11
-1.4547441732283464
21
1.7382494488188975
0
LINE
8
BLACK
6
CONTINUOUS
10
-1.4547441732283464
20
1.7382494488188975
11
-1.4547039763779528
21
1.7382328346456692
0
LINE
8
BLACK
6
CONTINUOUS
10
-1.4547039763779528
20
1.7382328346456692
11
-1.4546040944881888
21
1.7382180314960629
0
LINE
8
BLACK
6
CONTINUOUS
10
-1.4546040944881888
20
1.7382180314960629
11
-1.4471050393700786
21
1.7363432677165354
0
LINE
8
BLACK
6
CONTINUOUS
10
-1.4471050393700786
20
1.7363432677165354
11
-1.447062559055118
21
1.7363281102362205
0
LINE
8
BLACK
6
CONTINUOUS
10
-1.447062559055118
20
1.7363281102362205
11
-1.4470412992125985
21
1.7363265748031496
0
LINE
8
BLACK
6
CONTINUOUS
10
-1.4470412992125985
20
1.7363265748031496
11
-1.4468018897637795
21
1.7362349606299212
0
LINE
8
BLACK
6
CONTINUOUS
10
-1.4468018897637795
20
1.7362349606299212
11
-1.4465599212598426
21
1.7361485039370079
0
LINE
8
BLACK
6
CONTINUOUS
10
-1.4465599212598426
20
1.7361485039370079
11
-1.4465427952755905
21
1.7361358267716536
0
LINE
8
BLACK
6
CONTINUOUS
10
-1.4465427952755905
20
1.7361358267716536
11
-1.4465006692913385
21
1.7361196850393701
0
LINE
8
BLACK
6
CONTINUOUS
10
-1.4465006692913385
20
1.7361196850393701
11
-1.4427511417322834
21
1.7342449212598425
0
LINE
8
BLACK
6
CONTINUOUS
10
-1.4427511417322834
20
1.7342449212598425
11
-1.4425032677165355
21
1.7340888976377953
0
LINE
8
BLACK
6
CONTINUOUS
10
-1.4425032677165355
20
1.7340888976377953
11
-1.442431220472441
21
1.7340590551181101
0
LINE
8
BLACK
6
CONTINUOUS
10
-1.442431220472441
20
1.7340590551181101
11
-1.4423501968503936
21
1.7339925590551182
0
LINE
8
BLACK
6
CONTINUOUS
10
-1.4423501968503936
20
1.7339925590551182
11
-1.4422612598425197
21
1.7339365748031497
0
LINE
8
BLACK
6
CONTINUOUS
10
-1.4422612598425197
20
1.7339365748031497
11
-1.4422101181102362
21
1.7338775984251968
0
LINE
8
BLACK
6
CONTINUOUS
10
-1.4422101181102362
20
1.7338775984251968
11
-1.441983779527559
21
1.7336918503937007
0
LINE
8
BLACK
6
CONTINUOUS
10
-1.441983779527559
20
1.7336918503937007
11
-1.4401089763779527
21
1.7318170866141731
0
LINE
8
BLACK
6
CONTINUOUS
10
-1.4401089763779527
20
1.7318170866141731
11
-1.4399232283464567
21
1.731590748031496
0
LINE
8
BLACK
6
CONTINUOUS
10
-1.4399232283464567
20
1.731590748031496
11
-1.4398641732283464
21
1.731539527559055
0
LINE
8
BLACK
6
CONTINUOUS
10
-1.4398641732283464
20
1.731539527559055
11
-1.4398081889763779
21
1.731450590551181
0
LINE
8
BLACK
6
CONTINUOUS
10
-1.4398081889763779
20
1.731450590551181
11
-1.4397417322834645
21
1.7313696062992125
0
LINE
8
BLACK
6
CONTINUOUS
10
-1.4397417322834645
20
1.7313696062992125
11
-1.4397119291338583
21
1.7312976771653543
0
LINE
8
BLACK
6
CONTINUOUS
10
-1.4397119291338583
20
1.7312976771653543
11
-1.4395558267716535
21
1.7310496456692912
0
LINE
8
BLACK
6
CONTINUOUS
10
-1.4395558267716535
20
1.7310496456692912
11
-1.4376810629921259
21
1.7273001181102361
0
LINE
8
BLACK
6
CONTINUOUS
10
-1.4376810629921259
20
1.7273001181102361
11
-1.4374741732283465
21
1.726759527559055
0
LINE
8
BLACK
6
CONTINUOUS
10
-1.4374741732283465
20
1.726759527559055
11
-1.4374666535433072
21
1.7266536614173229
0
LINE
8
BLACK
6
CONTINUOUS
10
-1.4374666535433072
20
1.7266536614173229
11
-1.4374260629921261
21
1.7265556692913386
0
LINE
8
BLACK
6
CONTINUOUS
10
-1.4374260629921261
20
1.7265556692913386
11
-1.4373693307086615
21
1.7259796062992125
0
LINE
8
BLACK
6
CONTINUOUS
10
-1.4373693307086615
20
1.7259796062992125
11
-1.4373693307086615
21
1.7222300787401574
0
LINE
8
BLACK
6
CONTINUOUS
10
-1.4373693307086615
20
1.7222300787401574
11
-1.4374260629921261
21
1.7216540157480316
0
LINE
8
BLACK
6
CONTINUOUS
10
-1.4374260629921261
20
1.7216540157480316
11
-1.4374666535433072
21
1.721556062992126
0
LINE
8
BLACK
6
CONTINUOUS
10
-1.4374666535433072
20
1.721556062992126
11
-1.4374741732283465
21
1.7214501574803149
0
LINE
8
BLACK
6
CONTINUOUS
10
-1.4374741732283465
20
1.7214501574803149
11
-1.4376810629921259
21
1.7209095669291339
0
LINE
8
BLACK
6
CONTINUOUS
10
-1.4376810629921259
20
1.7209095669291339
11
-1.4395558267716535
21
1.7171600393700788
0
LINE
8
BLACK
6
CONTINUOUS
10
-1.4395558267716535
20
1.7171600393700788
11
-1.4397119291338583
21
1.7169120472440944
0
LINE
8
BLACK
6
CONTINUOUS
10
-1.4397119291338583
20
1.7169120472440944
11
-1.4397417322834645
21
1.7168400787401574
0
LINE
8
BLACK
6
CONTINUOUS
10
-1.4397417322834645
20
1.7168400787401574
11
-1.4398081889763779
21
1.7167591338582677
0
LINE
8
BLACK
6
CONTINUOUS
10
-1.4398081889763779
20
1.7167591338582677
11
-1.4398641732283464
21
1.7166701574803149
0
LINE
8
BLACK
6
CONTINUOUS
10
-1.4398641732283464
20
1.7166701574803149
11
-1.4399232283464567
21
1.7166189763779527
0
LINE
8
BLACK
6
CONTINUOUS
10
-1.4399232283464567
20
1.7166189763779527
11
-1.4401089763779527
21
1.7163925984251969
0
LINE
8
BLACK
6
CONTINUOUS
10
-1.4401089763779527
20
1.7163925984251969
11
-1.441983779527559
21
1.7145178346456693
0
LINE
8
BLACK
6
CONTINUOUS
10
-1.441983779527559
20
1.7145178346456693
11
-1.4422101181102362
21
1.7143321259842519
0
LINE
8
BLACK
6
CONTINUOUS
10
-1.4422101181102362
20
1.7143321259842519
11
-1.4422612598425197
21
1.7142731102362205
0
LINE
8
BLACK
6
CONTINUOUS
10
-1.4422612598425197
20
1.7142731102362205
11
-1.4423501968503936
21
1.7142171653543308
0
LINE
8
BLACK
6
CONTINUOUS
10
-1.4423501968503936
20
1.7142171653543308
11
-1.442431220472441
21
1.7141506299212599
0
LINE
8
BLACK
6
CONTINUOUS
10
-1.442431220472441
20
1.7141506299212599
11
-1.4425032677165355
21
1.7141208267716534
0
LINE
8
BLACK
6
CONTINUOUS
10
-1.4425032677165355
20
1.7141208267716534
11
-1.4427511417322834
21
1.7139647637795274
0
LINE
8
BLACK
6
CONTINUOUS
10
-1.4427511417322834
20
1.7139647637795274
11
-1.4465006692913385
21
1.7120899999999999
0
LINE
8
BLACK
6
CONTINUOUS
10
-1.4465006692913385
20
1.7120899999999999
11
-1.4465427952755905
21
1.7120738976377952
0
LINE
8
BLACK
6
CONTINUOUS
10
-1.4465427952755905
20
1.7120738976377952
11
-1.4465599212598426
21
1.7120611811023623
0
LINE
8
BLACK
6
CONTINUOUS
10
-1.4465599212598426
20
1.7120611811023623
11
-1.4468018897637795
21
1.7119747637795275
0
LINE
8
BLACK
6
CONTINUOUS
10
-1.4468018897637795
20
1.7119747637795275
11
-1.4470412992125985
21
1.7118831102362204
0
LINE
8
BLACK
6
CONTINUOUS
10
-1.4470412992125985
20
1.7118831102362204
11
-1.447062559055118
21
1.7118816141732283
0
LINE
8
BLACK
6
CONTINUOUS
10
-1.447062559055118
20
1.7118816141732283
11
-1.4471050393700786
21
1.7118664173228346
0
LINE
8
BLACK
6
CONTINUOUS
10
-1.4471050393700786
20
1.7118664173228346
11
-1.4546040944881888
21
1.7099916535433071
0
LINE
8
BLACK
6
CONTINUOUS
10
-1.4546040944881888
20
1.7099916535433071
11
-1.4547039763779528
21
1.7099768897637795
0
LINE
8
BLACK
6
CONTINUOUS
10
-1.4547039763779528
20
1.7099768897637795
11
-1.4547441732283464
21
1.7099602362204724
0
LINE
8
BLACK
6
CONTINUOUS
10
-1.4547441732283464
20
1.7099602362204724
11
-1.4549612204724409
21
1.7099388976377952
0
LINE
8
BLACK
6
CONTINUOUS
10
-1.4549612204724409
20
1.7099388976377952
11
-1.4551766929133858
21
1.7099070078740157
0
LINE
8
BLACK
6
CONTINUOUS
10
-1.4551766929133858
20
1.7099070078740157
11
-1.4552197244094487
21
1.7099134251968504
0
LINE
8
BLACK
6
CONTINUOUS
10
-1.4552197244094487
20
1.7099134251968504
11
-1.4553202362204725
21
1.7099035039370079
0
LINE
8
BLACK
6
CONTINUOUS
10
-1.4553202362204725
20
1.7099035039370079
11
-1.4646940551181102
21
1.7099035039370079
0
LINE
8
BLACK
6
CONTINUOUS
10
-1.4646940551181102
20
1.7099035039370079
11
-1.4647946062992125
21
1.7099134251968504
0
LINE
8
BLACK
6
CONTINUOUS
10
-1.4647946062992125
20
1.7099134251968504
11
-1.4648375984251969
21
1.7099070078740157
0
LINE
8
BLACK
6
CONTINUOUS
10
-1.4648375984251969
20
1.7099070078740157
11
-1.4650531102362205
21
1.7099388976377952
0
LINE
8
BLACK
6
CONTINUOUS
10
-1.4650531102362205
20
1.7099388976377952
11
-1.4652701181102361
21
1.7099602362204724
0
LINE
8
BLACK
6
CONTINUOUS
10
-1.4652701181102361
20
1.7099602362204724
11
-1.4653103543307087
21
1.7099768897637795
0
LINE
8
BLACK
6
CONTINUOUS
10
-1.4653103543307087
20
1.7099768897637795
11
-1.4654101968503936
21
1.7099916535433071
0
LINE
8
BLACK
6
CONTINUOUS
10
-1.4654101968503936
20
1.7099916535433071
11
-1.4729092519685039
21
1.7118664173228346
0
LINE
8
BLACK
6
CONTINUOUS
10
-1.4729092519685039
20
1.7118664173228346
11
-1.4729517716535432
21
1.7118816141732283
0
LINE
8
BLACK
6
CONTINUOUS
10
-1.4729517716535432
20
1.7118816141732283
11
-1.472973031496063
21
1.7118831102362204
0
LINE
8
BLACK
6
CONTINUOUS
10
-1.472973031496063
20
1.7118831102362204
11
-1.4732127952755905
21
1.7119748818897638
0
LINE
8
BLACK
6
CONTINUOUS
10
-1.4732127952755905
20
1.7119748818897638
11
-1.4734543700787401
21
1.7120611811023623
0
LINE
8
BLACK
6
CONTINUOUS
10
-1.4734543700787401
20
1.7120611811023623
11
-1.4734715354330707
21
1.7120738976377952
0
LINE
8
BLACK
6
CONTINUOUS
10
-1.4734715354330707
20
1.7120738976377952
11
-1.473513622047244
21
1.7120899999999999
0
LINE
8
BLACK
6
CONTINUOUS
10
-1.473513622047244
20
1.7120899999999999
11
-1.4772631496062991
21
1.7139647637795274
0
LINE
8
BLACK
6
CONTINUOUS
10
-1.4772631496062991
20
1.7139647637795274
11
-1.4775111811023622
21
1.7141208661417322
0
LINE
8
BLACK
6
CONTINUOUS
10
-1.4775111811023622
20
1.7141208661417322
11
-1.4775831102362205
21
1.7141506692913386
0
LINE
8
BLACK
6
CONTINUOUS
10
-1.4775831102362205
20
1.7141506692913386
11
-1.4776640944881889
21
1.7142171653543308
0
LINE
8
BLACK
6
CONTINUOUS
10
-1.4776640944881889
20
1.7142171653543308
11
-1.477753031496063
21
1.7142731102362205
0
LINE
8
BLACK
6
CONTINUOUS
10
-1.477753031496063
20
1.7142731102362205
11
-1.4778042125984252
21
1.7143321259842519
0
LINE
8
BLACK
6
CONTINUOUS
10
-1.4778042125984252
20
1.7143321259842519
11
-1.4780305511811023
21
1.7145178740157481
0
LINE
8
BLACK
6
CONTINUOUS
10
-1.4780305511811023
20
1.7145178740157481
11
-1.4799053149606298
21
1.7163926377952756
0
LINE
8
BLACK
6
CONTINUOUS
10
-1.4799053149606298
20
1.7163926377952756
11
-1.4800911023622048
21
1.7166190157480314
0
LINE
8
BLACK
6
CONTINUOUS
10
-1.4800911023622048
20
1.7166190157480314
11
-1.4801500787401574
21
1.7166701574803149
0
LINE
8
BLACK
6
CONTINUOUS
10
-1.4801500787401574
20
1.7166701574803149
11
-1.4802060629921259
21
1.7167591338582677
0
LINE
8
BLACK
6
CONTINUOUS
10
-1.4802060629921259
20
1.7167591338582677
11
-1.4802725196850393
21
1.7168400787401574
0
LINE
8
BLACK
6
CONTINUOUS
10
-1.4802725196850393
20
1.7168400787401574
11
-1.4803023622047244
21
1.7169120472440944
0
LINE
8
BLACK
6
CONTINUOUS
10
-1.4803023622047244
20
1.7169120472440944
11
-1.4804584251968504
21
1.7171600393700788
0
LINE
8
BLACK
6
CONTINUOUS
10
-1.4804584251968504
20
1.7171600393700788
11
-1.482333188976378
21
1.7209095669291339
0
LINE
8
BLACK
6
CONTINUOUS
10
-1.482333188976378
20
1.7209095669291339
11
-1.4825400787401575
21
1.7214501968503937
0
LINE
8
BLACK
6
CONTINUOUS
10
-1.4825400787401575
20
1.7214501968503937
11
-1.4825475984251968
21
1.7215560236220473
0
LINE
8
BLACK
6
CONTINUOUS
10
-1.4825475984251968
20
1.7215560236220473
11
-1.4825881889763779
21
1.7216540157480316
0
LINE
8
BLACK
6
CONTINUOUS
10
-1.4825881889763779
20
1.7216540157480316
11
-1.4826449212598425
21
1.7222300787401574
0
LINE
8
BLACK
6
CONTINUOUS
10
-1.4826449212598425
20
1.7222300787401574
11
-1.4826449212598425
21
1.7259796062992125
0
LINE
8
BLACK
6
CONTINUOUS
10
-1.4826449212598425
20
1.7259796062992125
11
-1.4825881889763779
21
1.7265556692913386
0
LINE
8
BLACK
6
CONTINUOUS
10
-1.4825881889763779
20
1.7265556692913386
11
-1.4825475984251968
21
1.7266537007874014
0
LINE
8
BLACK
6
CONTINUOUS
10
-1.4825475984251968
20
1.7266537007874014
11
-1.4825400787401575
21
1.7267594881889763
0
LINE
8
BLACK
6
CONTINUOUS
10
-1.4825400787401575
20
1.7267594881889763
11
-1.482333188976378
21
1.7273001181102361
0
LINE
8
BLACK
6
CONTINUOUS
10
-1.482333188976378
20
1.7273001181102361
11
-1.4804584251968504
21
1.7310496456692912
0
LINE
8
BLACK
6
CONTINUOUS
10
-1.4804584251968504
20
1.7310496456692912
11
-1.4803023622047244
21
1.7312976771653543
0
LINE
8
BLACK
6
CONTINUOUS
10
-1.4803023622047244
20
1.7312976771653543
11
-1.4802725196850393
21
1.7313696062992125
0
LINE
8
BLACK
6
CONTINUOUS
10
-1.4802725196850393
20
1.7313696062992125
11
-1.4802060629921259
21
1.731450590551181
0
LINE
8
BLACK
6
CONTINUOUS
10
-1.4802060629921259
20
1.731450590551181
11
-1.4801500787401574
21
1.731539527559055
0
LINE
8
BLACK
6
CONTINUOUS
10
-1.4801500787401574
20
1.731539527559055
11
-1.4800911023622048
21
1.7315907086614173
0
LINE
8
BLACK
6
CONTINUOUS
10
-1.4800911023622048
20
1.7315907086614173
11
-1.4799053149606298
21
1.7318170472440944
0
LINE
8
BLACK
6
CONTINUOUS
10
-1.4799053149606298
20
1.7318170472440944
11
-1.4780305511811023
21
1.7336918110236219
0
LINE
8
BLACK
6
CONTINUOUS
10
-1.4780305511811023
20
1.7336918110236219
11
-1.4778042125984252
21
1.7338775984251968
0
LINE
8
BLACK
6
CONTINUOUS
10
-1.4778042125984252
20
1.7338775984251968
11
-1.477753031496063
21
1.7339365748031497
0
LINE
8
BLACK
6
CONTINUOUS
10
-1.477753031496063
20
1.7339365748031497
11
-1.4776640944881889
21
1.7339925590551182
0
LINE
8
BLACK
6
CONTINUOUS
10
-1.4776640944881889
20
1.7339925590551182
11
-1.4775831102362205
21
1.7340590157480316
0
LINE
8
BLACK
6
CONTINUOUS
10
-1.4775831102362205
20
1.7340590157480316
11
-1.4775111811023622
21
1.7340888582677165
0
LINE
8
BLACK
6
CONTINUOUS
10
-1.4775111811023622
20
1.7340888582677165
11
-1.4772631496062991
21
1.7342449212598425
0
LINE
8
BLACK
6
CONTINUOUS
10
-1.4772631496062991
20
1.7342449212598425
11
-1.473513622047244
21
1.7361196850393701
0
LINE
8
BLACK
6
CONTINUOUS
10
-1.473513622047244
20
1.7361196850393701
11
-1.4734715354330707
21
1.7361358267716536
0
LINE
8
BLACK
6
CONTINUOUS
10
-1.4734715354330707
20
1.7361358267716536
11
-1.4734543700787401
21
1.7361485039370079
0
LINE
8
BLACK
6
CONTINUOUS
10
-1.4734543700787401
20
1.7361485039370079
11
-1.4732127952755905
21
1.736234842519685
0
LINE
8
BLACK
6
CONTINUOUS
10
-1.4732127952755905
20
1.736234842519685
11
-1.472973031496063
21
1.7363265748031496
0
LINE
8
BLACK
6
CONTINUOUS
10
-1.472973031496063
20
1.7363265748031496
11
-1.4729517716535432
21
1.7363281102362205
0
LINE
8
BLACK
6
CONTINUOUS
10
-1.4729517716535432
20
1.7363281102362205
11
-1.4729092519685039
21
1.7363432677165354
0
LINE
8
BLACK
6
CONTINUOUS
10
-1.4729092519685039
20
1.7363432677165354
11
-1.4654101968503936
21
1.7382180314960629
0
LINE
8
BLACK
6
CONTINUOUS
10
-1.4654101968503936
20
1.7382180314960629
11
-1.4653103543307087
21
1.7382328346456692
0
LINE
8
BLACK
6
CONTINUOUS
10
-1.4653103543307087
20
1.7382328346456692
11
-1.4652701181102361
21
1.7382494488188975
0
LINE
8
BLACK
6
CONTINUOUS
10
-1.4652701181102361
20
1.7382494488188975
11
-1.4650531102362205
21
1.7382708267716536
0
LINE
8
BLACK
6
CONTINUOUS
10
-1.4650531102362205
20
1.7382708267716536
11
-1.4648375984251969
21
1.7383026771653542
0
LINE
8
BLACK
6
CONTINUOUS
10
-1.4648375984251969
20
1.7383026771653542
11
-1.4647946062992125
21
1.7382962992125983
0
LINE
8
BLACK
6
CONTINUOUS
10
-1.4647946062992125
20
1.7382962992125983
11
-1.4646940551181102
21
1.7383061811023621
0
LINE
8
BLACK
6
CONTINUOUS
10
-1.4646940551181102
20
1.7383061811023621
11
-1.4553202362204725
21
1.7383061811023621
0
LINE
8
BLACK
6
CONTINUOUS
10
-1.4553202362204725
20
1.7383061811023621
11
-1.4552197244094487
21
1.7382962992125983
0
LINE
8
BLACK
6
CONTINUOUS
10
-1.4711625590551181
20
1.7306926771653544
11
-1.4741935433070865
21
1.7291771653543306
0
LINE
8
BLACK
6
CONTINUOUS
10
-1.4741935433070865
20
1.7291771653543306
11
-1.4753906692913386
21
1.7279800393700786
0
LINE
8
BLACK
6
CONTINUOUS
10
-1.4753906692913386
20
1.7279800393700786
11
-1.4767394094488189
21
1.7252825590551182
0
LINE
8
BLACK
6
CONTINUOUS
10
-1.4767394094488189
20
1.7252825590551182
11
-1.4767394094488189
21
1.722927125984252
0
LINE
8
BLACK
6
CONTINUOUS
10
-1.4767394094488189
20
1.722927125984252
11
-1.4753906692913386
21
1.7202296456692914
0
LINE
8
BLACK
6
CONTINUOUS
10
-1.4753906692913386
20
1.7202296456692914
11
-1.4741935433070865
21
1.7190325196850393
0
LINE
8
BLACK
6
CONTINUOUS
10
-1.4741935433070865
20
1.7190325196850393
11
-1.4711625590551181
21
1.7175170472440944
0
LINE
8
BLACK
6
CONTINUOUS
10
-1.4711625590551181
20
1.7175170472440944
11
-1.4643305118110237
21
1.7158090157480315
0
LINE
8
BLACK
6
CONTINUOUS
10
-1.4643305118110237
20
1.7158090157480315
11
-1.455683779527559
21
1.7158090157480315
0
LINE
8
BLACK
6
CONTINUOUS
10
-1.455683779527559
20
1.7158090157480315
11
-1.4488517322834646
21
1.7175170472440944
0
LINE
8
BLACK
6
CONTINUOUS
10
-1.4488517322834646
20
1.7175170472440944
11
-1.445820748031496
21
1.7190325590551181
0
LINE
8
BLACK
6
CONTINUOUS
10
-1.445820748031496
20
1.7190325590551181
11
-1.4446235826771654
21
1.7202296850393701
0
LINE
8
BLACK
6
CONTINUOUS
10
-1.4446235826771654
20
1.7202296850393701
11
-1.4432748425196851
21
1.722927125984252
0
LINE
8
BLACK
6
CONTINUOUS
10
-1.4432748425196851
20
1.722927125984252
11
-1.4432748425196851
21
1.7252825590551182
0
LINE
8
BLACK
6
CONTINUOUS
10
-1.4432748425196851
20
1.7252825590551182
11
-1.4446235826771654
21
1.7279800393700786
0
LINE
8
BLACK
6
CONTINUOUS
10
-1.4446235826771654
20
1.7279800393700786
11
-1.445820748031496
21
1.7291771653543306
0
LINE
8
BLACK
6
CONTINUOUS
10
-1.445820748031496
20
1.7291771653543306
11
-1.4488517322834646
21
1.7306926771653544
0
LINE
8
BLACK
6
CONTINUOUS
10
-1.4488517322834646
20
1.7306926771653544
11
-1.455683779527559
21
1.7324006692913385
0
LINE
8
BLACK
6
CONTINUOUS
10
-1.455683779527559
20
1.7324006692913385
11
-1.4643305118110237
21
1.7324006692913385
0
LINE
8
BLACK
6
CONTINUOUS
10
-1.4643305118110237
20
1.7324006692913385
11
-1.4711625590551181
21
1.7306926771653544
0
LINE
8
BLACK
6
CONTINUOUS
10
-1.4397460236220472
20
1.8188644094488189
11
-1.4386816141732284
21
1.8184235039370078
0
LINE
8
BLACK
6
CONTINUOUS
10
-1.4386816141732284
20
1.8184235039370078
11
-1.4378669685039369
21
1.8176088582677166
0
LINE
8
BLACK
6
CONTINUOUS
10
-1.4378669685039369
20
1.8176088582677166
11
-1.4374260629921261
21
1.8165444488188975
0
LINE
8
BLACK
6
CONTINUOUS
10
-1.4374260629921261
20
1.8165444488188975
11
-1.4374260629921261
21
1.8153923228346456
0
LINE
8
BLACK
6
CONTINUOUS
10
-1.4374260629921261
20
1.8153923228346456
11
-1.4378669685039369
21
1.8143279133858268
0
LINE
8
BLACK
6
CONTINUOUS
10
-1.4378669685039369
20
1.8143279133858268
11
-1.4386816141732284
21
1.8135132677165353
0
LINE
8
BLACK
6
CONTINUOUS
10
-1.4386816141732284
20
1.8135132677165353
11
-1.4397460236220472
21
1.8130723622047245
0
LINE
8
BLACK
6
CONTINUOUS
10
-1.4397460236220472
20
1.8130723622047245
11
-1.4403220866141733
21
1.8130156299212599
0
LINE
8
BLACK
6
CONTINUOUS
10
-1.4403220866141733
20
1.8130156299212599
11
-1.4602474803149605
21
1.8130156299212599
0
LINE
8
BLACK
6
CONTINUOUS
10
-1.4602474803149605
20
1.8130156299212599
11
-1.4624932283464567
21
1.8118927952755906
0
LINE
8
BLACK
6
CONTINUOUS
10
-1.4624932283464567
20
1.8118927952755906
11
-1.463616062992126
21
1.8096470472440944
0
LINE
8
BLACK
6
CONTINUOUS
10
-1.463616062992126
20
1.8096470472440944
11
-1.463616062992126
21
1.8054168110236219
0
LINE
8
BLACK
6
CONTINUOUS
10
-1.463616062992126
20
1.8054168110236219
11
-1.4624932283464567
21
1.8031711023622048
0
LINE
8
BLACK
6
CONTINUOUS
10
-1.4624932283464567
20
1.8031711023622048
11
-1.4602474803149605
21
1.8020482283464567
0
LINE
8
BLACK
6
CONTINUOUS
10
-1.4602474803149605
20
1.8020482283464567
11
-1.4403220866141733
21
1.8020482283464567
0
LINE
8
BLACK
6
CONTINUOUS
10
-1.4403220866141733
20
1.8020482283464567
11
-1.4397460236220472
21
1.8019914960629921
0
LINE
8
BLACK
6
CONTINUOUS
10
-1.4397460236220472
20
1.8019914960629921
11
-1.4386816141732284
21
1.8015505905511811
0
LINE
8
BLACK
6
CONTINUOUS
10
-1.4386816141732284
20
1.8015505905511811
11
-1.4378669685039369
21
1.8007359448818898
0
LINE
8
BLACK
6
CONTINUOUS
10
-1.4378669685039369
20
1.8007359448818898
11
-1.4374260629921261
21
1.7996715354330708
0
LINE
8
BLACK
6
CONTINUOUS
10
-1.4374260629921261
20
1.7996715354330708
11
-1.4374260629921261
21
1.7985194094488188
0
LINE
8
BLACK
6
CONTINUOUS
10
-1.4374260629921261
20
1.7985194094488188
11
-1.4378669685039369
21
1.797455
0
LINE
8
BLACK
6
CONTINUOUS
10
-1.4378669685039369
20
1.797455
11
-1.4386816141732284
21
1.7966403543307086
0
LINE
8
BLACK
6
CONTINUOUS
10
-1.4386816141732284
20
1.7966403543307086
11
-1.4397460236220472
21
1.7961994488188977
0
LINE
8
BLACK
6
CONTINUOUS
10
-1.4397460236220472
20
1.7961994488188977
11
-1.4403220866141733
21
1.7961427165354331
0
LINE
8
BLACK
6
CONTINUOUS
10
-1.4403220866141733
20
1.7961427165354331
11
-1.4602474803149605
21
1.7961427165354331
0
LINE
8
BLACK
6
CONTINUOUS
10
-1.4602474803149605
20
1.7961427165354331
11
-1.4624932283464567
21
1.7950198818897638
0
LINE
8
BLACK
6
CONTINUOUS
10
-1.4624932283464567
20
1.7950198818897638
11
-1.463616062992126
21
1.7927741338582677
0
LINE
8
BLACK
6
CONTINUOUS
10
-1.463616062992126
20
1.7927741338582677
11
-1.463616062992126
21
1.788543937007874
0
LINE
8
BLACK
6
CONTINUOUS
10
-1.463616062992126
20
1.788543937007874
11
-1.4622673228346457
21
1.7858464566929133
0
LINE
8
BLACK
6
CONTINUOUS
10
-1.4622673228346457
20
1.7858464566929133
11
-1.4615962204724409
21
1.7851753543307087
0
LINE
8
BLACK
6
CONTINUOUS
10
-1.4615962204724409
20
1.7851753543307087
11
-1.4403220866141733
21
1.7851753543307087
0
LINE
8
BLACK
6
CONTINUOUS
10
-1.4403220866141733
20
1.7851753543307087
11
-1.4397460236220472
21
1.7851186220472441
0
LINE
8
BLACK
6
CONTINUOUS
10
-1.4397460236220472
20
1.7851186220472441
11
-1.4386816141732284
21
1.7846777165354331
0
LINE
8
BLACK
6
CONTINUOUS
10
-1.4386816141732284
20
1.7846777165354331
11
-1.4378669685039369
21
1.7838630708661416
0
LINE
8
BLACK
6
CONTINUOUS
10
-1.4378669685039369
20
1.7838630708661416
11
-1.4374260629921261
21
1.7827986614173228
0
LINE
8
BLACK
6
CONTINUOUS
10
-1.4374260629921261
20
1.7827986614173228
11
-1.4374260629921261
21
1.7816465354330708
0
LINE
8
BLACK
6
CONTINUOUS
10
-1.4374260629921261
20
1.7816465354330708
11
-1.4378669685039369
21
1.780582125984252
0
LINE
8
BLACK
6
CONTINUOUS
10
-1.4378669685039369
20
1.780582125984252
11
-1.4386816141732284
21
1.7797674803149606
0
LINE
8
BLACK
6
CONTINUOUS
10
-1.4386816141732284
20
1.7797674803149606
11
-1.4397460236220472
21
1.7793265748031495
0
LINE
8
BLACK
6
CONTINUOUS
10
-1.4397460236220472
20
1.7793265748031495
11
-1.4403220866141733
21
1.7792698425196849
0
LINE
8
BLACK
6
CONTINUOUS
10
-1.4403220866141733
20
1.7792698425196849
11
-1.4665688188976378
21
1.7792698425196849
0
LINE
8
BLACK
6
CONTINUOUS
10
-1.4665688188976378
20
1.7792698425196849
11
-1.4671448818897637
21
1.7793265748031495
0
LINE
8
BLACK
6
CONTINUOUS
10
-1.4671448818897637
20
1.7793265748031495
11
-1.4682092913385827
21
1.7797674803149606
0
LINE
8
BLACK
6
CONTINUOUS
10
-1.4682092913385827
20
1.7797674803149606
11
-1.4690239370078739
21
1.780582125984252
0
LINE
8
BLACK
6
CONTINUOUS
10
-1.4690239370078739
20
1.780582125984252
11
-1.469464842519685
21
1.7816465354330708
0
LINE
8
BLACK
6
CONTINUOUS
10
-1.469464842519685
20
1.7816465354330708
11
-1.469464842519685
21
1.7827986614173228
0
LINE
8
BLACK
6
CONTINUOUS
10
-1.469464842519685
20
1.7827986614173228
11
-1.4690239370078739
21
1.7838630708661416
0
LINE
8
BLACK
6
CONTINUOUS
10
-1.4690239370078739
20
1.7838630708661416
11
-1.4682601181102362
21
1.7846269291338581
0
LINE
8
BLACK
6
CONTINUOUS
10
-1.4682601181102362
20
1.7846269291338581
11
-1.4692098425196851
21
1.7865263779527558
0
LINE
8
BLACK
6
CONTINUOUS
10
-1.4692098425196851
20
1.7865263779527558
11
-1.4694167322834646
21
1.7870670078740156
0
LINE
8
BLACK
6
CONTINUOUS
10
-1.4694167322834646
20
1.7870670078740156
11
-1.4694242519685039
21
1.7871728346456692
0
LINE
8
BLACK
6
CONTINUOUS
10
-1.4694242519685039
20
1.7871728346456692
11
-1.469464842519685
21
1.7872708267716535
0
LINE
8
BLACK
6
CONTINUOUS
10
-1.469464842519685
20
1.7872708267716535
11
-1.4695215748031496
21
1.7878468897637796
0
LINE
8
BLACK
6
CONTINUOUS
10
-1.4695215748031496
20
1.7878468897637796
11
-1.4695215748031496
21
1.7934711811023623
0
LINE
8
BLACK
6
CONTINUOUS
10
-1.4695215748031496
20
1.7934711811023623
11
-1.469464842519685
21
1.7940472440944881
0
LINE
8
BLACK
6
CONTINUOUS
10
-1.469464842519685
20
1.7940472440944881
11
-1.4694242519685039
21
1.7941452755905511
0
LINE
8
BLACK
6
CONTINUOUS
10
-1.4694242519685039
20
1.7941452755905511
11
-1.4694167322834646
21
1.794251062992126
0
LINE
8
BLACK
6
CONTINUOUS
10
-1.4694167322834646
20
1.794251062992126
11
-1.4692098425196851
21
1.7947916929133858
0
LINE
8
BLACK
6
CONTINUOUS
10
-1.4692098425196851
20
1.7947916929133858
11
-1.4673350787401573
21
1.7985412204724409
0
LINE
8
BLACK
6
CONTINUOUS
10
-1.4673350787401573
20
1.7985412204724409
11
-1.4672744488188976
21
1.7986375984251968
0
LINE
8
BLACK
6
CONTINUOUS
10
-1.4672744488188976
20
1.7986375984251968
11
-1.4672592913385827
21
1.7986829921259841
0
LINE
8
BLACK
6
CONTINUOUS
10
-1.4672592913385827
20
1.7986829921259841
11
-1.4672102755905512
21
1.7987395669291337
0
LINE
8
BLACK
6
CONTINUOUS
10
-1.4672102755905512
20
1.7987395669291337
11
-1.4670267322834645
21
1.7990311023622048
0
LINE
8
BLACK
6
CONTINUOUS
10
-1.4670267322834645
20
1.7990311023622048
11
-1.4669525196850393
21
1.7990954724409449
0
LINE
8
BLACK
6
CONTINUOUS
10
-1.4669525196850393
20
1.7990954724409449
11
-1.4670267322834645
21
1.7991598425196851
0
LINE
8
BLACK
6
CONTINUOUS
10
-1.4670267322834645
20
1.7991598425196851
11
-1.4672102755905512
21
1.7994514173228346
0
LINE
8
BLACK
6
CONTINUOUS
10
-1.4672102755905512
20
1.7994514173228346
11
-1.4672592913385827
21
1.7995079527559055
0
LINE
8
BLACK
6
CONTINUOUS
10
-1.4672592913385827
20
1.7995079527559055
11
-1.4672744488188976
21
1.7995533858267716
0
LINE
8
BLACK
6
CONTINUOUS
10
-1.4672744488188976
20
1.7995533858267716
11
-1.4673350787401573
21
1.7996497244094487
0
LINE
8
BLACK
6
CONTINUOUS
10
-1.4673350787401573
20
1.7996497244094487
11
-1.4692098425196851
21
1.8033992519685038
0
LINE
8
BLACK
6
CONTINUOUS
10
-1.4692098425196851
20
1.8033992519685038
11
-1.4694167322834646
21
1.8039398818897638
0
LINE
8
BLACK
6
CONTINUOUS
10
-1.4694167322834646
20
1.8039398818897638
11
-1.4694242519685039
21
1.8040457086614172
0
LINE
8
BLACK
6
CONTINUOUS
10
-1.4694242519685039
20
1.8040457086614172
11
-1.469464842519685
21
1.8041437007874015
0
LINE
8
BLACK
6
CONTINUOUS
10
-1.469464842519685
20
1.8041437007874015
11
-1.4695215748031496
21
1.8047197637795276
0
LINE
8
BLACK
6
CONTINUOUS
10
-1.4695215748031496
20
1.8047197637795276
11
-1.4695215748031496
21
1.8103440551181103
0
LINE
8
BLACK
6
CONTINUOUS
10
-1.4695215748031496
20
1.8103440551181103
11
-1.469464842519685
21
1.8109201181102361
0
LINE
8
BLACK
6
CONTINUOUS
10
-1.469464842519685
20
1.8109201181102361
11
-1.4694242519685039
21
1.8110181496062991
0
LINE
8
BLACK
6
CONTINUOUS
10
-1.4694242519685039
20
1.8110181496062991
11
-1.4694167322834646
21
1.811123937007874
0
LINE
8
BLACK
6
CONTINUOUS
10
-1.4694167322834646
20
1.811123937007874
11
-1.4692098425196851
21
1.8116645669291338
0
LINE
8
BLACK
6
CONTINUOUS
10
-1.4692098425196851
20
1.8116645669291338
11
-1.4673350787401573
21
1.8154141338582677
0
LINE
8
BLACK
6
CONTINUOUS
10
-1.4673350787401573
20
1.8154141338582677
11
-1.4672744488188976
21
1.8155104724409448
0
LINE
8
BLACK
6
CONTINUOUS
10
-1.4672744488188976
20
1.8155104724409448
11
-1.4672592913385827
21
1.8155559055118109
0
LINE
8
BLACK
6
CONTINUOUS
10
-1.4672592913385827
20
1.8155559055118109
11
-1.4672102362204724
21
1.8156125196850392
0
LINE
8
BLACK
6
CONTINUOUS
10
-1.4672102362204724
20
1.8156125196850392
11
-1.4670267322834645
21
1.8159039763779528
0
LINE
8
BLACK
6
CONTINUOUS
10
-1.4670267322834645
20
1.8159039763779528
11
-1.4667471259842519
21
1.8161464960629921
0
LINE
8
BLACK
6
CONTINUOUS
10
-1.4667471259842519
20
1.8161464960629921
11
-1.4665044488188976
21
1.8164262992125983
0
LINE
8
BLACK
6
CONTINUOUS
10
-1.4665044488188976
20
1.8164262992125983
11
-1.4662129133858268
21
1.816609842519685
0
LINE
8
BLACK
6
CONTINUOUS
10
-1.4662129133858268
20
1.816609842519685
11
-1.466156338582677
21
1.8166588582677166
0
LINE
8
BLACK
6
CONTINUOUS
10
-1.466156338582677
20
1.8166588582677166
11
-1.4661109448818896
21
1.8166740157480314
0
LINE
8
BLACK
6
CONTINUOUS
10
-1.4661109448818896
20
1.8166740157480314
11
-1.4660145669291338
21
1.8167346456692912
0
LINE
8
BLACK
6
CONTINUOUS
10
-1.4660145669291338
20
1.8167346456692912
11
-1.4622650393700787
21
1.8186094094488188
0
LINE
8
BLACK
6
CONTINUOUS
10
-1.4622650393700787
20
1.8186094094488188
11
-1.4617244488188976
21
1.8188162992125985
0
LINE
8
BLACK
6
CONTINUOUS
10
-1.4617244488188976
20
1.8188162992125985
11
-1.4616185826771653
21
1.8188238582677165
0
LINE
8
BLACK
6
CONTINUOUS
10
-1.4616185826771653
20
1.8188238582677165
11
-1.461520590551181
21
1.8188644094488189
0
LINE
8
BLACK
6
CONTINUOUS
10
-1.461520590551181
20
1.8188644094488189
11
-1.4609445275590551
21
1.8189211417322835
0
LINE
8
BLACK
6
CONTINUOUS
10
-1.4609445275590551
20
1.8189211417322835
11
-1.4403220866141733
21
1.8189211417322835
0
LINE
8
BLACK
6
CONTINUOUS
10
-1.4403220866141733
20
1.8189211417322835
11
-1.4397460236220472
21
1.8188644094488189
0
LINE
8
BLACK
6
CONTINUOUS
10
-1.4397460236220472
20
1.8713578346456692
11
-1.4386816141732284
21
1.8709169291338583
0
LINE
8
BLACK
6
CONTINUOUS
10
-1.4386816141732284
20
1.8709169291338583
11
-1.4378669685039369
21
1.8701022834645669
0
LINE
8
BLACK
6
CONTINUOUS
10
-1.4378669685039369
20
1.8701022834645669
11
-1.4374260629921261
21
1.8690378740157481
0
LINE
8
BLACK
6
CONTINUOUS
10
-1.4374260629921261
20
1.8690378740157481
11
-1.4374260629921261
21
1.8678857480314961
0
LINE
8
BLACK
6
CONTINUOUS
10
-1.4374260629921261
20
1.8678857480314961
11
-1.4378669685039369
21
1.8668213385826771
0
LINE
8
BLACK
6
CONTINUOUS
10
-1.4378669685039369
20
1.8668213385826771
11
-1.4386816141732284
21
1.8660066929133858
0
LINE
8
BLACK
6
CONTINUOUS
10
-1.4386816141732284
20
1.8660066929133858
11
-1.4397460236220472
21
1.8655657874015747
0
LINE
8
BLACK
6
CONTINUOUS
10
-1.4397460236220472
20
1.8655657874015747
11
-1.4403220866141733
21
1.8655090551181102
0
LINE
8
BLACK
6
CONTINUOUS
10
-1.4403220866141733
20
1.8655090551181102
11
-1.4602474803149605
21
1.8655090551181102
0
LINE
8
BLACK
6
CONTINUOUS
10
-1.4602474803149605
20
1.8655090551181102
11
-1.4624932283464567
21
1.8643862204724408
0
LINE
8
BLACK
6
CONTINUOUS
10
-1.4624932283464567
20
1.8643862204724408
11
-1.463616062992126
21
1.8621404724409449
0
LINE
8
BLACK
6
CONTINUOUS
10
-1.463616062992126
20
1.8621404724409449
11
-1.463616062992126
21
1.8579102362204725
0
LINE
8
BLACK
6
CONTINUOUS
10
-1.463616062992126
20
1.8579102362204725
11
-1.4624932283464567
21
1.8556645275590551
0
LINE
8
BLACK
6
CONTINUOUS
10
-1.4624932283464567
20
1.8556645275590551
11
-1.4602474803149605
21
1.854541653543307
0
LINE
8
BLACK
6
CONTINUOUS
10
-1.4602474803149605
20
1.854541653543307
11
-1.4403220866141733
21
1.854541653543307
0
LINE
8
BLACK
6
CONTINUOUS
10
-1.4403220866141733
20
1.854541653543307
11
-1.4397460236220472
21
1.8544849212598424
0
LINE
8
BLACK
6
CONTINUOUS
10
-1.4397460236220472
20
1.8544849212598424
11
-1.4386816141732284
21
1.8540440157480313
0
LINE
8
BLACK
6
CONTINUOUS
10
-1.4386816141732284
20
1.8540440157480313
11
-1.4378669685039369
21
1.8532293700787401
0
LINE
8
BLACK
6
CONTINUOUS
10
-1.4378669685039369
20
1.8532293700787401
11
-1.4374260629921261
21
1.8521649606299213
0
LINE
8
BLACK
6
CONTINUOUS
10
-1.4374260629921261
20
1.8521649606299213
11
-1.4374260629921261
21
1.8510128346456693
0
LINE
8
BLACK
6
CONTINUOUS
10
-1.4374260629921261
20
1.8510128346456693
11
-1.4378669685039369
21
1.8499484251968503
0
LINE
8
BLACK
6
CONTINUOUS
10
-1.4378669685039369
20
1.8499484251968503
11
-1.4386816141732284
21
1.8491337795275591
0
LINE
8
BLACK
6
CONTINUOUS
10
-1.4386816141732284
20
1.8491337795275591
11
-1.4397460236220472
21
1.848692874015748
0
LINE
8
BLACK
6
CONTINUOUS
10
-1.4397460236220472
20
1.848692874015748
11
-1.4403220866141733
21
1.8486361417322834
0
LINE
8
BLACK
6
CONTINUOUS
10
-1.4403220866141733
20
1.8486361417322834
11
-1.4602474803149605
21
1.8486361417322834
0
LINE
8
BLACK
6
CONTINUOUS
10
-1.4602474803149605
20
1.8486361417322834
11
-1.4624932283464567
21
1.8475133070866141
0
LINE
8
BLACK
6
CONTINUOUS
10
-1.4624932283464567
20
1.8475133070866141
11
-1.463616062992126
21
1.845267559055118
0
LINE
8
BLACK
6
CONTINUOUS
10
-1.463616062992126
20
1.845267559055118
11
-1.463616062992126
21
1.8410373622047245
0
LINE
8
BLACK
6
CONTINUOUS
10
-1.463616062992126
20
1.8410373622047245
11
-1.4622673228346457
21
1.8383398818897638
0
LINE
8
BLACK
6
CONTINUOUS
10
-1.4622673228346457
20
1.8383398818897638
11
-1.4615962204724409
21
1.837668779527559
0
LINE
8
BLACK
6
CONTINUOUS
10
-1.4615962204724409
20
1.837668779527559
11
-1.4403220866141733
21
1.837668779527559
0
LINE
8
BLACK
6
CONTINUOUS
10
-1.4403220866141733
20
1.837668779527559
11
-1.4397460236220472
21
1.8376120472440944
0
LINE
8
BLACK
6
CONTINUOUS
10
-1.4397460236220472
20
1.8376120472440944
11
-1.4386816141732284
21
1.8371711417322834
0
LINE
8
BLACK
6
CONTINUOUS
10
-1.4386816141732284
20
1.8371711417322834
11
-1.4378669685039369
21
1.8363564960629921
0
LINE
8
BLACK
6
CONTINUOUS
10
-1.4378669685039369
20
1.8363564960629921
11
-1.4374260629921261
21
1.8352920866141731
0
LINE
8
BLACK
6
CONTINUOUS
10
-1.4374260629921261
20
1.8352920866141731
11
-1.4374260629921261
21
1.8341399606299211
0
LINE
8
BLACK
6
CONTINUOUS
10
-1.4374260629921261
20
1.8341399606299211
11
-1.4378669685039369
21
1.8330755511811023
0
LINE
8
BLACK
6
CONTINUOUS
10
-1.4378669685039369
20
1.8330755511811023
11
-1.4386816141732284
21
1.8322609055118111
0
LINE
8
BLACK
6
CONTINUOUS
10
-1.4386816141732284
20
1.8322609055118111
11
-1.4397460236220472
21
1.83182
0
LINE
8
BLACK
6
CONTINUOUS
10
-1.4397460236220472
20
1.83182
11
-1.4403220866141733
21
1.8317632677165354
0
LINE
8
BLACK
6
CONTINUOUS
10
-1.4403220866141733
20
1.8317632677165354
11
-1.4665688188976378
21
1.8317632677165354
0
LINE
8
BLACK
6
CONTINUOUS
10
-1.4665688188976378
20
1.8317632677165354
11
-1.4671448818897637
21
1.83182
0
LINE
8
BLACK
6
CONTINUOUS
10
-1.4671448818897637
20
1.83182
11
-1.4682092913385827
21
1.8322609055118111
0
LINE
8
BLACK
6
CONTINUOUS
10
-1.4682092913385827
20
1.8322609055118111
11
-1.4690239370078739
21
1.8330755511811023
0
LINE
8
BLACK
6
CONTINUOUS
10
-1.4690239370078739
20
1.8330755511811023
11
-1.469464842519685
21
1.8341399606299211
0
LINE
8
BLACK
6
CONTINUOUS
10
-1.469464842519685
20
1.8341399606299211
11
-1.469464842519685
21
1.8352920866141731
0
LINE
8
BLACK
6
CONTINUOUS
10
-1.469464842519685
20
1.8352920866141731
11
-1.4690239370078739
21
1.8363564960629921
0
LINE
8
BLACK
6
CONTINUOUS
10
-1.4690239370078739
20
1.8363564960629921
11
-1.4682601181102362
21
1.8371203543307086
0
LINE
8
BLACK
6
CONTINUOUS
10
-1.4682601181102362
20
1.8371203543307086
11
-1.4692098425196851
21
1.8390198031496063
0
LINE
8
BLACK
6
CONTINUOUS
10
-1.4692098425196851
20
1.8390198031496063
11
-1.4694167322834646
21
1.8395604330708661
0
LINE
8
BLACK
6
CONTINUOUS
10
-1.4694167322834646
20
1.8395604330708661
11
-1.4694242519685039
21
1.8396662598425197
0
LINE
8
BLACK
6
CONTINUOUS
10
-1.4694242519685039
20
1.8396662598425197
11
-1.469464842519685
21
1.8397642519685038
0
LINE
8
BLACK
6
CONTINUOUS
10
-1.469464842519685
20
1.8397642519685038
11
-1.4695215748031496
21
1.8403403149606299
0
LINE
8
BLACK
6
CONTINUOUS
10
-1.4695215748031496
20
1.8403403149606299
11
-1.4695215748031496
21
1.8459646062992126
0
LINE
8
BLACK
6
CONTINUOUS
10
-1.4695215748031496
20
1.8459646062992126
11
-1.469464842519685
21
1.8465406692913386
0
LINE
8
BLACK
6
CONTINUOUS
10
-1.469464842519685
20
1.8465406692913386
11
-1.4694242519685039
21
1.8466387007874014
0
LINE
8
BLACK
6
CONTINUOUS
10
-1.4694242519685039
20
1.8466387007874014
11
-1.4694167322834646
21
1.8467444881889763
0
LINE
8
BLACK
6
CONTINUOUS
10
-1.4694167322834646
20
1.8467444881889763
11
-1.4692098425196851
21
1.8472851181102361
0
LINE
8
BLACK
6
CONTINUOUS
10
-1.4692098425196851
20
1.8472851181102361
11
-1.4673350787401573
21
1.8510346456692912
0
LINE
8
BLACK
6
CONTINUOUS
10
-1.4673350787401573
20
1.8510346456692912
11
-1.4672744488188976
21
1.8511310236220473
0
LINE
8
BLACK
6
CONTINUOUS
10
-1.4672744488188976
20
1.8511310236220473
11
-1.4672592913385827
21
1.8511764173228347
0
LINE
8
BLACK
6
CONTINUOUS
10
-1.4672592913385827
20
1.8511764173228347
11
-1.4672102755905512
21
1.8512329921259842
0
LINE
8
BLACK
6
CONTINUOUS
10
-1.4672102755905512
20
1.8512329921259842
11
-1.4670267322834645
21
1.8515245275590551
0
LINE
8
BLACK
6
CONTINUOUS
10
-1.4670267322834645
20
1.8515245275590551
11
-1.4669525196850393
21
1.8515888976377952
0
LINE
8
BLACK
6
CONTINUOUS
10
-1.4669525196850393
20
1.8515888976377952
11
-1.4670267322834645
21
1.8516532677165354
0
LINE
8
BLACK
6
CONTINUOUS
10
-1.4670267322834645
20
1.8516532677165354
11
-1.4672102755905512
21
1.8519448425196849
0
LINE
8
BLACK
6
CONTINUOUS
10
-1.4672102755905512
20
1.8519448425196849
11
-1.4672592913385827
21
1.8520013779527558
0
LINE
8
BLACK
6
CONTINUOUS
10
-1.4672592913385827
20
1.8520013779527558
11
-1.4672744488188976
21
1.8520468110236219
0
LINE
8
BLACK
6
CONTINUOUS
10
-1.4672744488188976
20
1.8520468110236219
11
-1.4673350787401573
21
1.8521431496062992
0
LINE
8
BLACK
6
CONTINUOUS
10
-1.4673350787401573
20
1.8521431496062992
11
-1.4692098425196851
21
1.8558926771653543
0
LINE
8
BLACK
6
CONTINUOUS
10
-1.4692098425196851
20
1.8558926771653543
11
-1.4694167322834646
21
1.8564333070866141
0
LINE
8
BLACK
6
CONTINUOUS
10
-1.4694167322834646
20
1.8564333070866141
11
-1.4694242519685039
21
1.8565391338582677
0
LINE
8
BLACK
6
CONTINUOUS
10
-1.4694242519685039
20
1.8565391338582677
11
-1.469464842519685
21
1.856637125984252
0
LINE
8
BLACK
6
CONTINUOUS
10
-1.469464842519685
20
1.856637125984252
11
-1.4695215748031496
21
1.8572131889763779
0
LINE
8
BLACK
6
CONTINUOUS
10
-1.4695215748031496
20
1.8572131889763779
11
-1.4695215748031496
21
1.8628374803149605
0
LINE
8
BLACK
6
CONTINUOUS
10
-1.4695215748031496
20
1.8628374803149605
11
-1.469464842519685
21
1.8634135433070866
0
LINE
8
BLACK
6
CONTINUOUS
10
-1.469464842519685
20
1.8634135433070866
11
-1.4694242519685039
21
1.8635115748031497
0
LINE
8
BLACK
6
CONTINUOUS
10
-1.4694242519685039
20
1.8635115748031497
11
-1.4694167322834646
21
1.8636173622047243
0
LINE
8
BLACK
6
CONTINUOUS
10
-1.4694167322834646
20
1.8636173622047243
11
-1.4692098425196851
21
1.8641579921259843
0
LINE
8
BLACK
6
CONTINUOUS
10
-1.4692098425196851
20
1.8641579921259843
11
-1.4673350787401573
21
1.867907559055118
0
LINE
8
BLACK
6
CONTINUOUS
10
-1.4673350787401573
20
1.867907559055118
11
-1.4672744488188976
21
1.8680038976377953
0
LINE
8
BLACK
6
CONTINUOUS
10
-1.4672744488188976
20
1.8680038976377953
11
-1.4672592913385827
21
1.8680493307086614
0
LINE
8
BLACK
6
CONTINUOUS
10
-1.4672592913385827
20
1.8680493307086614
11
-1.4672102362204724
21
1.8681059448818897
0
LINE
8
BLACK
6
CONTINUOUS
10
-1.4672102362204724
20
1.8681059448818897
11
-1.4670267322834645
21
1.8683974015748031
0
LINE
8
BLACK
6
CONTINUOUS
10
-1.4670267322834645
20
1.8683974015748031
11
-1.4667471259842519
21
1.8686399212598426
0
LINE
8
BLACK
6
CONTINUOUS
10
-1.4667471259842519
20
1.8686399212598426
11
-1.4665044488188976
21
1.8689197244094489
0
LINE
8
BLACK
6
CONTINUOUS
10
-1.4665044488188976
20
1.8689197244094489
11
-1.4662129133858268
21
1.8691032677165353
0
LINE
8
BLACK
6
CONTINUOUS
10
-1.4662129133858268
20
1.8691032677165353
11
-1.466156338582677
21
1.8691522834645669
0
LINE
8
BLACK
6
CONTINUOUS
10
-1.466156338582677
20
1.8691522834645669
11
-1.4661109448818896
21
1.8691674409448817
0
LINE
8
BLACK
6
CONTINUOUS
10
-1.4661109448818896
20
1.8691674409448817
11
-1.4660145669291338
21
1.8692280708661417
0
LINE
8
BLACK
6
CONTINUOUS
10
-1.4660145669291338
20
1.8692280708661417
11
-1.4622650393700787
21
1.8711028346456693
0
LINE
8
BLACK
6
CONTINUOUS
10
-1.4622650393700787
20
1.8711028346456693
11
-1.4617244488188976
21
1.8713097244094488
0
LINE
8
BLACK
6
CONTINUOUS
10
-1.4617244488188976
20
1.8713097244094488
11
-1.4616185826771653
21
1.8713172834645668
0
LINE
8
BLACK
6
CONTINUOUS
10
-1.4616185826771653
20
1.8713172834645668
11
-1.461520590551181
21
1.8713578346456692
0
LINE
8
BLACK
6
CONTINUOUS
10
-1.461520590551181
20
1.8713578346456692
11
-1.4609445275590551
21
1.8714145669291338
0
LINE
8
BLACK
6
CONTINUOUS
10
-1.4609445275590551
20
1.8714145669291338
11
-1.4403220866141733
21
1.8714145669291338
0
LINE
8
BLACK
6
CONTINUOUS
10
-1.4403220866141733
20
1.8714145669291338
11
-1.4397460236220472
21
1.8713578346456692
0
LINE
8
BLACK
6
CONTINUOUS
10
0.2155336220472441
20
3.3336774409448817
11
0.2156316141732283
21
3.3336368503937006
0
LINE
8
BLACK
6
CONTINUOUS
10
0.2156316141732283
20
3.3336368503937006
11
0.2157374409448819
21
3.3336293307086615
0
LINE
8
BLACK
6
CONTINUOUS
10
0.2157374409448819
20
3.3336293307086615
11
0.2162780708661417
21
3.3334224409448816
0
LINE
8
BLACK
6
CONTINUOUS
10
0.2162780708661417
20
3.3334224409448816
11
0.2200275984251968
21
3.331547677165354
0
LINE
8
BLACK
6
CONTINUOUS
10
0.2200275984251968
20
3.331547677165354
11
0.2202755905511811
21
3.3313916141732283
0
LINE
8
BLACK
6
CONTINUOUS
10
0.2202755905511811
20
3.3313916141732283
11
0.2203475590551181
21
3.3313617716535431
0
LINE
8
BLACK
6
CONTINUOUS
10
0.2203475590551181
20
3.3313617716535431
11
0.2204285039370079
21
3.3312953149606299
0
LINE
8
BLACK
6
CONTINUOUS
10
0.2204285039370079
20
3.3312953149606299
11
0.2205174803149606
21
3.3312393307086614
0
LINE
8
BLACK
6
CONTINUOUS
10
0.2205174803149606
20
3.3312393307086614
11
0.2205686220472441
21
3.3311803543307086
0
LINE
8
BLACK
6
CONTINUOUS
10
0.2205686220472441
20
3.3311803543307086
11
0.220795
21
3.3309945669291339
0
LINE
8
BLACK
6
CONTINUOUS
10
0.220795
20
3.3309945669291339
11
0.2226697637795275
21
3.3291198031496063
0
LINE
8
BLACK
6
CONTINUOUS
10
0.2226697637795275
20
3.3291198031496063
11
0.2228555118110236
21
3.3288934645669293
0
LINE
8
BLACK
6
CONTINUOUS
10
0.2228555118110236
20
3.3288934645669293
11
0.2229145275590551
21
3.3288422834645668
0
LINE
8
BLACK
6
CONTINUOUS
10
0.2229145275590551
20
3.3288422834645668
11
0.2229704724409449
21
3.328753346456693
0
LINE
8
BLACK
6
CONTINUOUS
10
0.2229704724409449
20
3.328753346456693
11
0.223036968503937
21
3.3286723622047245
0
LINE
8
BLACK
6
CONTINUOUS
10
0.223036968503937
20
3.3286723622047245
11
0.2230667716535433
21
3.3286004330708661
0
LINE
8
BLACK
6
CONTINUOUS
10
0.2230667716535433
20
3.3286004330708661
11
0.223222874015748
21
3.3283524015748029
0
LINE
8
BLACK
6
CONTINUOUS
10
0.223222874015748
20
3.3283524015748029
11
0.2250976377952756
21
3.3246028740157478
0
LINE
8
BLACK
6
CONTINUOUS
10
0.2250976377952756
20
3.3246028740157478
11
0.2253045275590551
21
3.324062283464567
0
LINE
8
BLACK
6
CONTINUOUS
10
0.2253045275590551
20
3.324062283464567
11
0.2253120472440945
21
3.3239564173228344
0
LINE
8
BLACK
6
CONTINUOUS
10
0.2253120472440945
20
3.3239564173228344
11
0.2253526377952756
21
3.3238584251968502
0
LINE
8
BLACK
6
CONTINUOUS
10
0.2253526377952756
20
3.3238584251968502
11
0.2254093700787402
21
3.3232823622047243
0
LINE
8
BLACK
6
CONTINUOUS
10
0.2254093700787402
20
3.3232823622047243
11
0.2254093700787402
21
3.312033779527559
0
LINE
8
BLACK
6
CONTINUOUS
10
0.2254093700787402
20
3.312033779527559
11
0.2253526377952756
21
3.3114577165354331
0
LINE
8
BLACK
6
CONTINUOUS
10
0.2253526377952756
20
3.3114577165354331
11
0.2253120472440945
21
3.3113597637795276
0
LINE
8
BLACK
6
CONTINUOUS
10
0.2253120472440945
20
3.3113597637795276
11
0.2253045275590551
21
3.3112538582677167
0
LINE
8
BLACK
6
CONTINUOUS
10
0.2253045275590551
20
3.3112538582677167
11
0.2250976377952756
21
3.3107132677165354
0
LINE
8
BLACK
6
CONTINUOUS
10
0.2250976377952756
20
3.3107132677165354
11
0.223222874015748
21
3.3069637401574803
0
LINE
8
BLACK
6
CONTINUOUS
10
0.223222874015748
20
3.3069637401574803
11
0.2230668110236221
21
3.3067158661417322
0
LINE
8
BLACK
6
CONTINUOUS
10
0.2230668110236221
20
3.3067158661417322
11
0.2230370078740157
21
3.3066438188976379
0
LINE
8
BLACK
6
CONTINUOUS
10
0.2230370078740157
20
3.3066438188976379
11
0.2229704724409449
21
3.3065627952755903
0
LINE
8
BLACK
6
CONTINUOUS
10
0.2229704724409449
20
3.3065627952755903
11
0.2229145275590551
21
3.3064738582677164
0
LINE
8
BLACK
6
CONTINUOUS
10
0.2229145275590551
20
3.3064738582677164
11
0.2228555118110236
21
3.3064227165354332
0
LINE
8
BLACK
6
CONTINUOUS
10
0.2228555118110236
20
3.3064227165354332
11
0.2226697637795275
21
3.3061963385826769
0
LINE
8
BLACK
6
CONTINUOUS
10
0.2226697637795275
20
3.3061963385826769
11
0.2207950393700787
21
3.3043215748031494
0
LINE
8
BLACK
6
CONTINUOUS
10
0.2207950393700787
20
3.3043215748031494
11
0.2205686614173228
21
3.3041358267716534
0
LINE
8
BLACK
6
CONTINUOUS
10
0.2205686614173228
20
3.3041358267716534
11
0.2205174803149606
21
3.3040767716535431
0
LINE
8
BLACK
6
CONTINUOUS
10
0.2205174803149606
20
3.3040767716535431
11
0.2204285039370079
21
3.3040207874015746
0
LINE
8
BLACK
6
CONTINUOUS
10
0.2204285039370079
20
3.3040207874015746
11
0.2203475590551181
21
3.3039543307086614
0
LINE
8
BLACK
6
CONTINUOUS
10
0.2203475590551181
20
3.3039543307086614
11
0.2202755905511811
21
3.303924527559055
0
LINE
8
BLACK
6
CONTINUOUS
10
0.2202755905511811
20
3.303924527559055
11
0.2200275984251968
21
3.3037684251968504
0
LINE
8
BLACK
6
CONTINUOUS
10
0.2200275984251968
20
3.3037684251968504
11
0.2162780708661417
21
3.3018936614173229
0
LINE
8
BLACK
6
CONTINUOUS
10
0.2162780708661417
20
3.3018936614173229
11
0.2157374409448819
21
3.3016867716535434
0
LINE
8
BLACK
6
CONTINUOUS
10
0.2157374409448819
20
3.3016867716535434
11
0.2156316141732283
21
3.3016792913385826
0
LINE
8
BLACK
6
CONTINUOUS
10
0.2156316141732283
20
3.3016792913385826
11
0.2155336220472441
21
3.3016386614173228
0
LINE
8
BLACK
6
CONTINUOUS
10
0.2155336220472441
20
3.3016386614173228
11
0.2149575590551181
21
3.3015819291338584
0
LINE
8
BLACK
6
CONTINUOUS
10
0.2149575590551181
20
3.3015819291338584
11
0.2074585039370079
21
3.3015819291338584
0
LINE
8
BLACK
6
CONTINUOUS
10
0.2074585039370079
20
3.3015819291338584
11
0.2068824409448819
21
3.3016386614173228
0
LINE
8
BLACK
6
CONTINUOUS
10
0.2068824409448819
20
3.3016386614173228
11
0.2067844488188976
21
3.3016792519685039
0
LINE
8
BLACK
6
CONTINUOUS
10
0.2067844488188976
20
3.3016792519685039
11
0.2066785826771654
21
3.3016867716535434
0
LINE
8
BLACK
6
CONTINUOUS
10
0.2066785826771654
20
3.3016867716535434
11
0.2066617322834646
21
3.3016932283464566
0
LINE
8
BLACK
6
CONTINUOUS
10
0.2066617322834646
20
3.3016932283464566
11
0.2066617322834646
21
3.2914113385826771
0
LINE
8
BLACK
6
CONTINUOUS
10
0.2066617322834646
20
3.2914113385826771
11
0.206605
21
3.2908352755905512
0
LINE
8
BLACK
6
CONTINUOUS
10
0.206605
20
3.2908352755905512
11
0.206164094488189
21
3.2897708661417324
0
LINE
8
BLACK
6
CONTINUOUS
10
0.206164094488189
20
3.2897708661417324
11
0.2053494488188976
21
3.288956220472441
0
LINE
8
BLACK
6
CONTINUOUS
10
0.2053494488188976
20
3.288956220472441
11
0.2042850393700787
21
3.2885153149606299
0
LINE
8
BLACK
6
CONTINUOUS
10
0.2042850393700787
20
3.2885153149606299
11
0.2031329133858268
21
3.2885153149606299
0
LINE
8
BLACK
6
CONTINUOUS
10
0.2031329133858268
20
3.2885153149606299
11
0.2020685039370079
21
3.288956220472441
0
LINE
8
BLACK
6
CONTINUOUS
10
0.2020685039370079
20
3.288956220472441
11
0.2012538582677165
21
3.2897708661417324
0
LINE
8
BLACK
6
CONTINUOUS
10
0.2012538582677165
20
3.2897708661417324
11
0.2008129527559055
21
3.2908352755905512
0
LINE
8
BLACK
6
CONTINUOUS
10
0.2008129527559055
20
3.2908352755905512
11
0.2007562204724409
21
3.2914113385826771
0
LINE
8
BLACK
6
CONTINUOUS
10
0.2007562204724409
20
3.2914113385826771
11
0.2007562204724409
21
3.3307814173228345
0
LINE
8
BLACK
6
CONTINUOUS
10
0.2007562204724409
20
3.3307814173228345
11
0.2008129527559055
21
3.3313574803149604
0
LINE
8
BLACK
6
CONTINUOUS
10
0.2008129527559055
20
3.3313574803149604
11
0.2012538582677165
21
3.3324218897637796
0
LINE
8
BLACK
6
CONTINUOUS
10
0.2012538582677165
20
3.3324218897637796
11
0.2020685039370079
21
3.3332365354330706
0
LINE
8
BLACK
6
CONTINUOUS
10
0.2020685039370079
20
3.3332365354330706
11
0.2031329133858268
21
3.3336774409448817
0
LINE
8
BLACK
6
CONTINUOUS
10
0.2031329133858268
20
3.3336774409448817
11
0.2042850393700787
21
3.3336774409448817
0
LINE
8
BLACK
6
CONTINUOUS
10
0.2042850393700787
20
3.3336774409448817
11
0.2053494488188976
21
3.3332365354330706
0
LINE
8
BLACK
6
CONTINUOUS
10
0.2053494488188976
20
3.3332365354330706
11
0.2054883464566929
21
3.3330976377952757
0
LINE
8
BLACK
6
CONTINUOUS
10
0.2054883464566929
20
3.3330976377952757
11
0.2061379921259842
21
3.3334224409448816
0
LINE
8
BLACK
6
CONTINUOUS
10
0.2061379921259842
20
3.3334224409448816
11
0.2066785826771654
21
3.3336293307086615
0
LINE
8
BLACK
6
CONTINUOUS
10
0.2066785826771654
20
3.3336293307086615
11
0.2067844488188976
21
3.3336368897637794
0
LINE
8
BLACK
6
CONTINUOUS
10
0.2067844488188976
20
3.3336368897637794
11
0.2068824409448819
21
3.3336774409448817
0
LINE
8
BLACK
6
CONTINUOUS
10
0.2068824409448819
20
3.3336774409448817
11
0.2074585039370079
21
3.3337341732283465
0
LINE
8
BLACK
6
CONTINUOUS
10
0.2074585039370079
20
3.3337341732283465
11
0.2149575590551181
21
3.3337341732283465
0
LINE
8
BLACK
6
CONTINUOUS
10
0.2149575590551181
20
3.3337341732283465
11
0.2155336220472441
21
3.3336774409448817
0
LINE
8
BLACK
6
CONTINUOUS
10
0.2066617322834646
20
3.327081771653543
11
0.2066617322834646
21
3.3082343700787402
0
LINE
8
BLACK
6
CONTINUOUS
10
0.2066617322834646
20
3.3082343700787402
11
0.2081555511811023
21
3.307487440944882
0
LINE
8
BLACK
6
CONTINUOUS
10
0.2081555511811023
20
3.307487440944882
11
0.2142605118110236
21
3.307487440944882
0
LINE
8
BLACK
6
CONTINUOUS
10
0.2142605118110236
20
3.307487440944882
11
0.2169579527559055
21
3.3088361811023623
0
LINE
8
BLACK
6
CONTINUOUS
10
0.2169579527559055
20
3.3088361811023623
11
0.2181550787401575
21
3.3100333464566929
0
LINE
8
BLACK
6
CONTINUOUS
10
0.2181550787401575
20
3.3100333464566929
11
0.2195038582677165
21
3.3127308267716535
0
LINE
8
BLACK
6
CONTINUOUS
10
0.2195038582677165
20
3.3127308267716535
11
0.2195038582677165
21
3.3225853149606297
0
LINE
8
BLACK
6
CONTINUOUS
10
0.2195038582677165
20
3.3225853149606297
11
0.2181551181102362
21
3.3252827952755903
0
LINE
8
BLACK
6
CONTINUOUS
10
0.2181551181102362
20
3.3252827952755903
11
0.2169579921259842
21
3.3264799212598426
0
LINE
8
BLACK
6
CONTINUOUS
10
0.2169579921259842
20
3.3264799212598426
11
0.2142605118110236
21
3.3278286614173229
0
LINE
8
BLACK
6
CONTINUOUS
10
0.2142605118110236
20
3.3278286614173229
11
0.2081555511811023
21
3.3278286614173229
0
LINE
8
BLACK
6
CONTINUOUS
10
0.2081555511811023
20
3.3278286614173229
11
0.2066617322834646
21
3.327081771653543
0
LINE
8
BLACK
6
CONTINUOUS
10
0.0703662992125984
20
3.3463598818897635
11
0.0711809448818898
21
3.3455452362204725
0
LINE
8
BLACK
6
CONTINUOUS
10
0.0711809448818898
20
3.3455452362204725
11
0.0716218503937008
21
3.3444808267716533
0
LINE
8
BLACK
6
CONTINUOUS
10
0.0716218503937008
20
3.3444808267716533
11
0.0716785826771654
21
3.3439047637795274
0
LINE
8
BLACK
6
CONTINUOUS
10
0.0716785826771654
20
3.3439047637795274
11
0.0716785826771654
21
3.307487440944882
0
LINE
8
BLACK
6
CONTINUOUS
10
0.0716785826771654
20
3.307487440944882
11
0.0874734645669291
21
3.307487440944882
0
LINE
8
BLACK
6
CONTINUOUS
10
0.0874734645669291
20
3.307487440944882
11
0.0880495275590551
21
3.3074307086614172
0
LINE
8
BLACK
6
CONTINUOUS
10
0.0880495275590551
20
3.3074307086614172
11
0.089113937007874
21
3.3069898031496061
0
LINE
8
BLACK
6
CONTINUOUS
10
0.089113937007874
20
3.3069898031496061
11
0.0899285826771654
21
3.3061751574803151
0
LINE
8
BLACK
6
CONTINUOUS
10
0.0899285826771654
20
3.3061751574803151
11
0.0903694881889764
21
3.3051107480314958
0
LINE
8
BLACK
6
CONTINUOUS
10
0.0903694881889764
20
3.3051107480314958
11
0.0903694881889764
21
3.3039586220472441
0
LINE
8
BLACK
6
CONTINUOUS
10
0.0903694881889764
20
3.3039586220472441
11
0.0899285826771654
21
3.3028942125984253
0
LINE
8
BLACK
6
CONTINUOUS
10
0.0899285826771654
20
3.3028942125984253
11
0.089113937007874
21
3.3020795669291338
0
LINE
8
BLACK
6
CONTINUOUS
10
0.089113937007874
20
3.3020795669291338
11
0.0880495275590551
21
3.3016386614173228
0
LINE
8
BLACK
6
CONTINUOUS
10
0.0880495275590551
20
3.3016386614173228
11
0.0874734645669291
21
3.3015819291338584
0
LINE
8
BLACK
6
CONTINUOUS
10
0.0874734645669291
20
3.3015819291338584
11
0.0687258267716535
21
3.3015819291338584
0
LINE
8
BLACK
6
CONTINUOUS
10
0.0687258267716535
20
3.3015819291338584
11
0.0681497637795276
21
3.3016386614173228
0
LINE
8
BLACK
6
CONTINUOUS
10
0.0681497637795276
20
3.3016386614173228
11
0.0670853543307087
21
3.3020795669291338
0
LINE
8
BLACK
6
CONTINUOUS
10
0.0670853543307087
20
3.3020795669291338
11
0.0662707086614173
21
3.3028942125984253
0
LINE
8
BLACK
6
CONTINUOUS
10
0.0662707086614173
20
3.3028942125984253
11
0.0658298031496063
21
3.3039586220472441
0
LINE
8
BLACK
6
CONTINUOUS
10
0.0658298031496063
20
3.3039586220472441
11
0.0657730708661417
21
3.30453468503937
0
LINE
8
BLACK
6
CONTINUOUS
10
0.0657730708661417
20
3.30453468503937
11
0.0657730708661417
21
3.3439047637795274
0
LINE
8
BLACK
6
CONTINUOUS
10
0.0657730708661417
20
3.3439047637795274
11
0.0658298031496063
21
3.3444808267716533
0
LINE
8
BLACK
6
CONTINUOUS
10
0.0658298031496063
20
3.3444808267716533
11
0.0662707086614173
21
3.3455452362204725
0
LINE
8
BLACK
6
CONTINUOUS
10
0.0662707086614173
20
3.3455452362204725
11
0.0670853543307087
21
3.3463598818897635
0
LINE
8
BLACK
6
CONTINUOUS
10
0.0670853543307087
20
3.3463598818897635
11
0.0681497637795276
21
3.3468007874015746
0
LINE
8
BLACK
6
CONTINUOUS
10
0.0681497637795276
20
3.3468007874015746
11
0.0693018897637795
21
3.3468007874015746
0
LINE
8
BLACK
6
CONTINUOUS
10
0.0693018897637795
20
3.3468007874015746
11
0.0703662992125984
21
3.3463598818897635
0
LINE
8
BLACK
6
CONTINUOUS
10
0.1480420472440945
20
3.3468007874015746
11
0.1481400393700787
21
3.3467601968503935
0
LINE
8
BLACK
6
CONTINUOUS
10
0.1481400393700787
20
3.3467601968503935
11
0.1482458661417323
21
3.3467526771653544
0
LINE
8
BLACK
6
CONTINUOUS
10
0.1482458661417323
20
3.3467526771653544
11
0.1487864960629921
21
3.3465457874015749
0
LINE
8
BLACK
6
CONTINUOUS
10
0.1487864960629921
20
3.3465457874015749
11
0.1525360236220472
21
3.3446710236220474
0
LINE
8
BLACK
6
CONTINUOUS
10
0.1525360236220472
20
3.3446710236220474
11
0.1527840157480315
21
3.3445149606299212
0
LINE
8
BLACK
6
CONTINUOUS
10
0.1527840157480315
20
3.3445149606299212
11
0.1528559842519685
21
3.344485118110236
0
LINE
8
BLACK
6
CONTINUOUS
10
0.1528559842519685
20
3.344485118110236
11
0.1529369291338583
21
3.3444186614173228
0
LINE
8
BLACK
6
CONTINUOUS
10
0.1529369291338583
20
3.3444186614173228
11
0.153025905511811
21
3.3443626771653543
0
LINE
8
BLACK
6
CONTINUOUS
10
0.153025905511811
20
3.3443626771653543
11
0.1530770472440945
21
3.3443037007874015
0
LINE
8
BLACK
6
CONTINUOUS
10
0.1530770472440945
20
3.3443037007874015
11
0.1533034251968504
21
3.3441179133858268
0
LINE
8
BLACK
6
CONTINUOUS
10
0.1533034251968504
20
3.3441179133858268
11
0.1551781889763779
21
3.3422431496062992
0
LINE
8
BLACK
6
CONTINUOUS
10
0.1551781889763779
20
3.3422431496062992
11
0.155363937007874
21
3.3420168110236221
0
LINE
8
BLACK
6
CONTINUOUS
10
0.155363937007874
20
3.3420168110236221
11
0.1554229527559055
21
3.3419656299212597
0
LINE
8
BLACK
6
CONTINUOUS
10
0.1554229527559055
20
3.3419656299212597
11
0.1554788976377953
21
3.3418766929133858
0
LINE
8
BLACK
6
CONTINUOUS
10
0.1554788976377953
20
3.3418766929133858
11
0.1555453937007874
21
3.3417957086614174
0
LINE
8
BLACK
6
CONTINUOUS
10
0.1555453937007874
20
3.3417957086614174
11
0.1555751968503937
21
3.3417237795275589
0
LINE
8
BLACK
6
CONTINUOUS
10
0.1555751968503937
20
3.3417237795275589
11
0.1557312992125984
21
3.3414757480314958
0
LINE
8
BLACK
6
CONTINUOUS
10
0.1557312992125984
20
3.3414757480314958
11
0.157606062992126
21
3.3377262204724407
0
LINE
8
BLACK
6
CONTINUOUS
10
0.157606062992126
20
3.3377262204724407
11
0.1578129527559055
21
3.3371856299212599
0
LINE
8
BLACK
6
CONTINUOUS
10
0.1578129527559055
20
3.3371856299212599
11
0.1578204724409449
21
3.3370797637795273
0
LINE
8
BLACK
6
CONTINUOUS
10
0.1578204724409449
20
3.3370797637795273
11
0.157861062992126
21
3.336981771653543
0
LINE
8
BLACK
6
CONTINUOUS
10
0.157861062992126
20
3.336981771653543
11
0.1579177952755906
21
3.3364057086614172
0
LINE
8
BLACK
6
CONTINUOUS
10
0.1579177952755906
20
3.3364057086614172
11
0.1579177952755906
21
3.3326561811023621
0
LINE
8
BLACK
6
CONTINUOUS
10
0.1579177952755906
20
3.3326561811023621
11
0.157861062992126
21
3.3320801181102362
0
LINE
8
BLACK
6
CONTINUOUS
10
0.157861062992126
20
3.3320801181102362
11
0.1578204724409449
21
3.3319821653543307
0
LINE
8
BLACK
6
CONTINUOUS
10
0.1578204724409449
20
3.3319821653543307
11
0.1578129527559055
21
3.3318762598425198
0
LINE
8
BLACK
6
CONTINUOUS
10
0.1578129527559055
20
3.3318762598425198
11
0.157606062992126
21
3.3313356692913385
0
LINE
8
BLACK
6
CONTINUOUS
10
0.157606062992126
20
3.3313356692913385
11
0.1557312992125984
21
3.3275861417322834
0
LINE
8
BLACK
6
CONTINUOUS
10
0.1557312992125984
20
3.3275861417322834
11
0.1555751968503937
21
3.327338149606299
0
LINE
8
BLACK
6
CONTINUOUS
10
0.1555751968503937
20
3.327338149606299
11
0.1555453937007874
21
3.3272661811023623
0
LINE
8
BLACK
6
CONTINUOUS
10
0.1555453937007874
20
3.3272661811023623
11
0.1554788976377953
21
3.3271852362204726
0
LINE
8
BLACK
6
CONTINUOUS
10
0.1554788976377953
20
3.3271852362204726
11
0.1554229527559055
21
3.3270962598425196
0
LINE
8
BLACK
6
CONTINUOUS
10
0.1554229527559055
20
3.3270962598425196
11
0.155363937007874
21
3.3270451181102363
0
LINE
8
BLACK
6
CONTINUOUS
10
0.155363937007874
20
3.3270451181102363
11
0.1551781889763779
21
3.32681874015748
0
LINE
8
BLACK
6
CONTINUOUS
10
0.1551781889763779
20
3.32681874015748
11
0.1543136614173228
21
3.3259542519685037
0
LINE
8
BLACK
6
CONTINUOUS
10
0.1543136614173228
20
3.3259542519685037
11
0.1545525590551181
21
3.3258475984251969
0
LINE
8
BLACK
6
CONTINUOUS
10
0.1545525590551181
20
3.3258475984251969
11
0.1546326771653543
21
3.3257781102362203
0
LINE
8
BLACK
6
CONTINUOUS
10
0.1546326771653543
20
3.3257781102362203
11
0.1547307480314961
21
3.3257374803149604
0
LINE
8
BLACK
6
CONTINUOUS
10
0.1547307480314961
20
3.3257374803149604
11
0.1551781889763779
21
3.3253702755905512
0
LINE
8
BLACK
6
CONTINUOUS
10
0.1551781889763779
20
3.3253702755905512
11
0.1570529527559055
21
3.3234955118110237
0
LINE
8
BLACK
6
CONTINUOUS
10
0.1570529527559055
20
3.3234955118110237
11
0.1572387007874016
21
3.3232691732283466
0
LINE
8
BLACK
6
CONTINUOUS
10
0.1572387007874016
20
3.3232691732283466
11
0.1572977165354331
21
3.3232179921259841
0
LINE
8
BLACK
6
CONTINUOUS
10
0.1572977165354331
20
3.3232179921259841
11
0.1573536614173228
21
3.3231290551181103
0
LINE
8
BLACK
6
CONTINUOUS
10
0.1573536614173228
20
3.3231290551181103
11
0.157420157480315
21
3.3230480708661418
0
LINE
8
BLACK
6
CONTINUOUS
10
0.157420157480315
20
3.3230480708661418
11
0.1574499606299213
21
3.3229761417322834
0
LINE
8
BLACK
6
CONTINUOUS
10
0.1574499606299213
20
3.3229761417322834
11
0.157606062992126
21
3.3227281102362203
0
LINE
8
BLACK
6
CONTINUOUS
10
0.157606062992126
20
3.3227281102362203
11
0.1594808267716535
21
3.3189785826771652
0
LINE
8
BLACK
6
CONTINUOUS
10
0.1594808267716535
20
3.3189785826771652
11
0.1596877165354331
21
3.3184379921259843
0
LINE
8
BLACK
6
CONTINUOUS
10
0.1596877165354331
20
3.3184379921259843
11
0.1596952362204724
21
3.3183321259842518
0
LINE
8
BLACK
6
CONTINUOUS
10
0.1596952362204724
20
3.3183321259842518
11
0.1597358267716535
21
3.3182341338582675
0
LINE
8
BLACK
6
CONTINUOUS
10
0.1597358267716535
20
3.3182341338582675
11
0.1597925590551181
21
3.3176580708661416
0
LINE
8
BLACK
6
CONTINUOUS
10
0.1597925590551181
20
3.3176580708661416
11
0.1597925590551181
21
3.312033779527559
0
LINE
8
BLACK
6
CONTINUOUS
10
0.1597925590551181
20
3.312033779527559
11
0.1597358267716535
21
3.3114577165354331
0
LINE
8
BLACK
6
CONTINUOUS
10
0.1597358267716535
20
3.3114577165354331
11
0.1596952362204724
21
3.3113597637795276
0
LINE
8
BLACK
6
CONTINUOUS
10
0.1596952362204724
20
3.3113597637795276
11
0.1596877165354331
21
3.3112538582677167
0
LINE
8
BLACK
6
CONTINUOUS
10
0.1596877165354331
20
3.3112538582677167
11
0.1594808267716535
21
3.3107132677165354
0
LINE
8
BLACK
6
CONTINUOUS
10
0.1594808267716535
20
3.3107132677165354
11
0.157606062992126
21
3.3069637401574803
0
LINE
8
BLACK
6
CONTINUOUS
10
0.157606062992126
20
3.3069637401574803
11
0.15745
21
3.3067158661417322
0
LINE
8
BLACK
6
CONTINUOUS
10
0.15745
20
3.3067158661417322
11
0.1574201968503937
21
3.3066438188976379
0
LINE
8
BLACK
6
CONTINUOUS
10
0.1574201968503937
20
3.3066438188976379
11
0.1573536614173228
21
3.3065627952755903
0
LINE
8
BLACK
6
CONTINUOUS
10
0.1573536614173228
20
3.3065627952755903
11
0.1572977165354331
21
3.3064738582677164
0
LINE
8
BLACK
6
CONTINUOUS
10
0.1572977165354331
20
3.3064738582677164
11
0.1572387007874016
21
3.3064227165354332
0
LINE
8
BLACK
6
CONTINUOUS
10
0.1572387007874016
20
3.3064227165354332
11
0.1570529527559055
21
3.3061963385826769
0
LINE
8
BLACK
6
CONTINUOUS
10
0.1570529527559055
20
3.3061963385826769
11
0.1551782283464567
21
3.3043215748031494
0
LINE
8
BLACK
6
CONTINUOUS
10
0.1551782283464567
20
3.3043215748031494
11
0.1549518503937008
21
3.3041358267716534
0
LINE
8
BLACK
6
CONTINUOUS
10
0.1549518503937008
20
3.3041358267716534
11
0.1549006692913386
21
3.3040767716535431
0
LINE
8
BLACK
6
CONTINUOUS
10
0.1549006692913386
20
3.3040767716535431
11
0.1548116929133858
21
3.3040207874015746
0
LINE
8
BLACK
6
CONTINUOUS
10
0.1548116929133858
20
3.3040207874015746
11
0.1547307480314961
21
3.3039543307086614
0
LINE
8
BLACK
6
CONTINUOUS
10
0.1547307480314961
20
3.3039543307086614
11
0.154658779527559
21
3.303924527559055
0
LINE
8
BLACK
6
CONTINUOUS
10
0.154658779527559
20
3.303924527559055
11
0.1544107874015748
21
3.3037684251968504
0
LINE
8
BLACK
6
CONTINUOUS
10
0.1544107874015748
20
3.3037684251968504
11
0.1506612598425197
21
3.3018936614173229
0
LINE
8
BLACK
6
CONTINUOUS
10
0.1506612598425197
20
3.3018936614173229
11
0.1501206299212599
21
3.3016867716535434
0
LINE
8
BLACK
6
CONTINUOUS
10
0.1501206299212599
20
3.3016867716535434
11
0.1500148031496063
21
3.3016792913385826
0
LINE
8
BLACK
6
CONTINUOUS
10
0.1500148031496063
20
3.3016792913385826
11
0.149916811023622
21
3.3016386614173228
0
LINE
8
BLACK
6
CONTINUOUS
10
0.149916811023622
20
3.3016386614173228
11
0.1493407480314961
21
3.3015819291338584
0
LINE
8
BLACK
6
CONTINUOUS
10
0.1493407480314961
20
3.3015819291338584
11
0.1343426377952756
21
3.3015819291338584
0
LINE
8
BLACK
6
CONTINUOUS
10
0.1343426377952756
20
3.3015819291338584
11
0.1337665748031496
21
3.3016386614173228
0
LINE
8
BLACK
6
CONTINUOUS
10
0.1337665748031496
20
3.3016386614173228
11
0.1327021653543307
21
3.3020795669291338
0
LINE
8
BLACK
6
CONTINUOUS
10
0.1327021653543307
20
3.3020795669291338
11
0.1318875196850394
21
3.3028942125984253
0
LINE
8
BLACK
6
CONTINUOUS
10
0.1318875196850394
20
3.3028942125984253
11
0.1314466141732283
21
3.3039586220472441
0
LINE
8
BLACK
6
CONTINUOUS
10
0.1314466141732283
20
3.3039586220472441
11
0.1313898818897638
21
3.30453468503937
0
LINE
8
BLACK
6
CONTINUOUS
10
0.1313898818897638
20
3.30453468503937
11
0.1313898818897638
21
3.3439047637795274
0
LINE
8
BLACK
6
CONTINUOUS
10
0.1313898818897638
20
3.3439047637795274
11
0.1314466141732283
21
3.3444808267716533
0
LINE
8
BLACK
6
CONTINUOUS
10
0.1314466141732283
20
3.3444808267716533
11
0.1318875196850394
21
3.3455452362204725
0
LINE
8
BLACK
6
CONTINUOUS
10
0.1318875196850394
20
3.3455452362204725
11
0.1327021653543307
21
3.3463598818897635
0
LINE
8
BLACK
6
CONTINUOUS
10
0.1327021653543307
20
3.3463598818897635
11
0.1337665748031496
21
3.3468007874015746
0
LINE
8
BLACK
6
CONTINUOUS
10
0.1337665748031496
20
3.3468007874015746
11
0.1343426377952756
21
3.3468575196850394
0
LINE
8
BLACK
6
CONTINUOUS
10
0.1343426377952756
20
3.3468575196850394
11
0.1474659842519685
21
3.3468575196850394
0
LINE
8
BLACK
6
CONTINUOUS
10
0.1474659842519685
20
3.3468575196850394
11
0.1480420472440945
21
3.3468007874015746
0
LINE
8
BLACK
6
CONTINUOUS
10
0.1372953937007874
20
3.307487440944882
11
0.1486437007874016
21
3.307487440944882
0
LINE
8
BLACK
6
CONTINUOUS
10
0.1486437007874016
20
3.307487440944882
11
0.1513411417322835
21
3.3088361811023623
0
LINE
8
BLACK
6
CONTINUOUS
10
0.1513411417322835
20
3.3088361811023623
11
0.1525382677165354
21
3.3100333464566929
0
LINE
8
BLACK
6
CONTINUOUS
10
0.1525382677165354
20
3.3100333464566929
11
0.1538870472440945
21
3.3127308267716535
0
LINE
8
BLACK
6
CONTINUOUS
10
0.1538870472440945
20
3.3127308267716535
11
0.1538870472440945
21
3.316961023622047
0
LINE
8
BLACK
6
CONTINUOUS
10
0.1538870472440945
20
3.316961023622047
11
0.1525383070866142
21
3.3196585039370077
0
LINE
8
BLACK
6
CONTINUOUS
10
0.1525383070866142
20
3.3196585039370077
11
0.1514952362204725
21
3.3207015748031496
0
LINE
8
BLACK
6
CONTINUOUS
10
0.1514952362204725
20
3.3207015748031496
11
0.1469868503937008
21
3.3222043700787403
0
LINE
8
BLACK
6
CONTINUOUS
10
0.1469868503937008
20
3.3222043700787403
11
0.1372953937007874
21
3.3222043700787403
0
LINE
8
BLACK
6
CONTINUOUS
10
0.1372953937007874
20
3.3222043700787403
11
0.1372953937007874
21
3.307487440944882
0
LINE
8
BLACK
6
CONTINUOUS
10
0.1372953937007874
20
3.3281098818897639
11
0.146768937007874
21
3.3281098818897639
0
LINE
8
BLACK
6
CONTINUOUS
10
0.146768937007874
20
3.3281098818897639
11
0.1494664173228346
21
3.3294586220472442
0
LINE
8
BLACK
6
CONTINUOUS
10
0.1494664173228346
20
3.3294586220472442
11
0.1506635433070866
21
3.330655748031496
0
LINE
8
BLACK
6
CONTINUOUS
10
0.1506635433070866
20
3.330655748031496
11
0.1520122834645669
21
3.3333532283464566
0
LINE
8
BLACK
6
CONTINUOUS
10
0.1520122834645669
20
3.3333532283464566
11
0.1520122834645669
21
3.3357086614173226
0
LINE
8
BLACK
6
CONTINUOUS
10
0.1520122834645669
20
3.3357086614173226
11
0.1506635433070866
21
3.3384061417322832
0
LINE
8
BLACK
6
CONTINUOUS
10
0.1506635433070866
20
3.3384061417322832
11
0.1494664173228346
21
3.3396032677165355
0
LINE
8
BLACK
6
CONTINUOUS
10
0.1494664173228346
20
3.3396032677165355
11
0.146768937007874
21
3.3409520078740158
0
LINE
8
BLACK
6
CONTINUOUS
10
0.146768937007874
20
3.3409520078740158
11
0.1372953937007874
21
3.3409520078740158
0
LINE
8
BLACK
6
CONTINUOUS
10
0.1372953937007874
20
3.3409520078740158
11
0.1372953937007874
21
3.3281098818897639
0
LINE
8
BLACK
6
CONTINUOUS
10
0.2511541732283464
20
3.3336774409448817
11
0.2512521653543307
21
3.3336368503937006
0
LINE
8
BLACK
6
CONTINUOUS
10
0.2512521653543307
20
3.3336368503937006
11
0.2513579921259843
21
3.3336293307086615
0
LINE
8
BLACK
6
CONTINUOUS
10
0.2513579921259843
20
3.3336293307086615
11
0.2518986220472441
21
3.3334224409448816
0
LINE
8
BLACK
6
CONTINUOUS
10
0.2518986220472441
20
3.3334224409448816
11
0.2556481496062992
21
3.331547677165354
0
LINE
8
BLACK
6
CONTINUOUS
10
0.2556481496062992
20
3.331547677165354
11
0.2557444881889764
21
3.3314870472440945
0
LINE
8
BLACK
6
CONTINUOUS
10
0.2557444881889764
20
3.3314870472440945
11
0.2557899212598425
21
3.3314718897637796
0
LINE
8
BLACK
6
CONTINUOUS
10
0.2557899212598425
20
3.3314718897637796
11
0.2558464566929134
21
3.3314228740157481
0
LINE
8
BLACK
6
CONTINUOUS
10
0.2558464566929134
20
3.3314228740157481
11
0.256138031496063
21
3.3312393307086614
0
LINE
8
BLACK
6
CONTINUOUS
10
0.256138031496063
20
3.3312393307086614
11
0.2563805905511811
21
3.3309596456692914
0
LINE
8
BLACK
6
CONTINUOUS
10
0.2563805905511811
20
3.3309596456692914
11
0.2566603149606299
21
3.3307170472440943
0
LINE
8
BLACK
6
CONTINUOUS
10
0.2566603149606299
20
3.3307170472440943
11
0.2568438188976378
21
3.3304255118110238
0
LINE
8
BLACK
6
CONTINUOUS
10
0.2568438188976378
20
3.3304255118110238
11
0.256892874015748
21
3.330368937007874
0
LINE
8
BLACK
6
CONTINUOUS
10
0.256892874015748
20
3.330368937007874
11
0.2569079921259843
21
3.3303235433070864
0
LINE
8
BLACK
6
CONTINUOUS
10
0.2569079921259843
20
3.3303235433070864
11
0.2569686614173228
21
3.3302271653543305
0
LINE
8
BLACK
6
CONTINUOUS
10
0.2569686614173228
20
3.3302271653543305
11
0.2588434251968504
21
3.3264776377952754
0
LINE
8
BLACK
6
CONTINUOUS
10
0.2588434251968504
20
3.3264776377952754
11
0.2590503149606299
21
3.3259370472440946
0
LINE
8
BLACK
6
CONTINUOUS
10
0.2590503149606299
20
3.3259370472440946
11
0.2590578346456693
21
3.325831181102362
0
LINE
8
BLACK
6
CONTINUOUS
10
0.2590578346456693
20
3.325831181102362
11
0.2590984251968504
21
3.3257331889763777
0
LINE
8
BLACK
6
CONTINUOUS
10
0.2590984251968504
20
3.3257331889763777
11
0.259155157480315
21
3.3251571259842518
0
LINE
8
BLACK
6
CONTINUOUS
10
0.259155157480315
20
3.3251571259842518
11
0.259155157480315
21
3.30453468503937
0
LINE
8
BLACK
6
CONTINUOUS
10
0.259155157480315
20
3.30453468503937
11
0.2590984251968504
21
3.3039586220472441
0
LINE
8
BLACK
6
CONTINUOUS
10
0.2590984251968504
20
3.3039586220472441
11
0.2586575196850394
21
3.3028942125984253
0
LINE
8
BLACK
6
CONTINUOUS
10
0.2586575196850394
20
3.3028942125984253
11
0.257842874015748
21
3.3020795669291338
0
LINE
8
BLACK
6
CONTINUOUS
10
0.257842874015748
20
3.3020795669291338
11
0.2567784645669292
21
3.3016386614173228
0
LINE
8
BLACK
6
CONTINUOUS
10
0.2567784645669292
20
3.3016386614173228
11
0.2556263385826771
21
3.3016386614173228
0
LINE
8
BLACK
6
CONTINUOUS
10
0.2556263385826771
20
3.3016386614173228
11
0.2545619291338583
21
3.3020795669291338
0
LINE
8
BLACK
6
CONTINUOUS
10
0.2545619291338583
20
3.3020795669291338
11
0.2544229921259842
21
3.302218503937008
0
LINE
8
BLACK
6
CONTINUOUS
10
0.2544229921259842
20
3.302218503937008
11
0.2537733858267717
21
3.3018936614173229
0
LINE
8
BLACK
6
CONTINUOUS
10
0.2537733858267717
20
3.3018936614173229
11
0.2532327559055118
21
3.3016867716535434
0
LINE
8
BLACK
6
CONTINUOUS
10
0.2532327559055118
20
3.3016867716535434
11
0.2531269291338583
21
3.3016792913385826
0
LINE
8
BLACK
6
CONTINUOUS
10
0.2531269291338583
20
3.3016792913385826
11
0.253028937007874
21
3.3016386614173228
0
LINE
8
BLACK
6
CONTINUOUS
10
0.253028937007874
20
3.3016386614173228
11
0.252452874015748
21
3.3015819291338584
0
LINE
8
BLACK
6
CONTINUOUS
10
0.252452874015748
20
3.3015819291338584
11
0.2430790551181102
21
3.3015819291338584
0
LINE
8
BLACK
6
CONTINUOUS
10
0.2430790551181102
20
3.3015819291338584
11
0.2425029921259843
21
3.3016386614173228
0
LINE
8
BLACK
6
CONTINUOUS
10
0.2425029921259843
20
3.3016386614173228
11
0.242405
21
3.3016792519685039
0
LINE
8
BLACK
6
CONTINUOUS
10
0.242405
20
3.3016792519685039
11
0.2422991338582677
21
3.3016867716535434
0
LINE
8
BLACK
6
CONTINUOUS
10
0.2422991338582677
20
3.3016867716535434
11
0.2417585433070866
21
3.3018936614173229
0
LINE
8
BLACK
6
CONTINUOUS
10
0.2417585433070866
20
3.3018936614173229
11
0.2380090157480315
21
3.3037684251968504
0
LINE
8
BLACK
6
CONTINUOUS
10
0.2380090157480315
20
3.3037684251968504
11
0.2379126377952756
21
3.3038290944881887
0
LINE
8
BLACK
6
CONTINUOUS
10
0.2379126377952756
20
3.3038290944881887
11
0.2378672440944882
21
3.3038442125984253
0
LINE
8
BLACK
6
CONTINUOUS
10
0.2378672440944882
20
3.3038442125984253
11
0.2378106692913386
21
3.3038932677165356
0
LINE
8
BLACK
6
CONTINUOUS
10
0.2378106692913386
20
3.3038932677165356
11
0.2375191338582677
21
3.3040767716535431
0
LINE
8
BLACK
6
CONTINUOUS
10
0.2375191338582677
20
3.3040767716535431
11
0.2372764566929134
21
3.3043566141732281
0
LINE
8
BLACK
6
CONTINUOUS
10
0.2372764566929134
20
3.3043566141732281
11
0.2369968503937008
21
3.3045990944881889
0
LINE
8
BLACK
6
CONTINUOUS
10
0.2369968503937008
20
3.3045990944881889
11
0.2368133464566929
21
3.3048905905511812
0
LINE
8
BLACK
6
CONTINUOUS
10
0.2368133464566929
20
3.3048905905511812
11
0.2367642913385827
21
3.3049471653543305
0
LINE
8
BLACK
6
CONTINUOUS
10
0.2367642913385827
20
3.3049471653543305
11
0.2367491338582677
21
3.3049926377952756
0
LINE
8
BLACK
6
CONTINUOUS
10
0.2367491338582677
20
3.3049926377952756
11
0.2366885039370079
21
3.305088937007874
0
LINE
8
BLACK
6
CONTINUOUS
10
0.2366885039370079
20
3.305088937007874
11
0.2348137401574803
21
3.3088385039370078
0
LINE
8
BLACK
6
CONTINUOUS
10
0.2348137401574803
20
3.3088385039370078
11
0.2346068503937008
21
3.3093791338582674
0
LINE
8
BLACK
6
CONTINUOUS
10
0.2346068503937008
20
3.3093791338582674
11
0.2345993307086614
21
3.3094849606299213
0
LINE
8
BLACK
6
CONTINUOUS
10
0.2345993307086614
20
3.3094849606299213
11
0.2345587401574803
21
3.3095829527559055
0
LINE
8
BLACK
6
CONTINUOUS
10
0.2345587401574803
20
3.3095829527559055
11
0.2345020078740157
21
3.3101590157480314
0
LINE
8
BLACK
6
CONTINUOUS
10
0.2345020078740157
20
3.3101590157480314
11
0.2345020078740157
21
3.3139085433070865
0
LINE
8
BLACK
6
CONTINUOUS
10
0.2345020078740157
20
3.3139085433070865
11
0.2345587401574803
21
3.3144846062992124
0
LINE
8
BLACK
6
CONTINUOUS
10
0.2345587401574803
20
3.3144846062992124
11
0.2345993307086614
21
3.3145826377952754
0
LINE
8
BLACK
6
CONTINUOUS
10
0.2345993307086614
20
3.3145826377952754
11
0.2346068503937008
21
3.3146884251968505
0
LINE
8
BLACK
6
CONTINUOUS
10
0.2346068503937008
20
3.3146884251968505
11
0.2348137401574803
21
3.3152290551181101
0
LINE
8
BLACK
6
CONTINUOUS
10
0.2348137401574803
20
3.3152290551181101
11
0.2366885039370079
21
3.3189785826771652
0
LINE
8
BLACK
6
CONTINUOUS
10
0.2366885039370079
20
3.3189785826771652
11
0.2367491338582677
21
3.319074960629921
0
LINE
8
BLACK
6
CONTINUOUS
10
0.2367491338582677
20
3.319074960629921
11
0.2367642913385827
21
3.3191203543307086
0
LINE
8
BLACK
6
CONTINUOUS
10
0.2367642913385827
20
3.3191203543307086
11
0.2368133070866142
21
3.319176929133858
0
LINE
8
BLACK
6
CONTINUOUS
10
0.2368133070866142
20
3.319176929133858
11
0.2369968503937008
21
3.319468464566929
0
LINE
8
BLACK
6
CONTINUOUS
10
0.2369968503937008
20
3.319468464566929
11
0.2372765354330709
21
3.319711062992126
0
LINE
8
BLACK
6
CONTINUOUS
10
0.2372765354330709
20
3.319711062992126
11
0.2375191338582677
21
3.3199907480314961
0
LINE
8
BLACK
6
CONTINUOUS
10
0.2375191338582677
20
3.3199907480314961
11
0.2378106692913386
21
3.3201742913385828
0
LINE
8
BLACK
6
CONTINUOUS
10
0.2378106692913386
20
3.3201742913385828
11
0.2378672440944882
21
3.3202233070866143
0
LINE
8
BLACK
6
CONTINUOUS
10
0.2378672440944882
20
3.3202233070866143
11
0.2379126377952756
21
3.3202384645669292
0
LINE
8
BLACK
6
CONTINUOUS
10
0.2379126377952756
20
3.3202384645669292
11
0.2380090157480315
21
3.3202990944881887
0
LINE
8
BLACK
6
CONTINUOUS
10
0.2380090157480315
20
3.3202990944881887
11
0.2417585433070866
21
3.3221738582677163
0
LINE
8
BLACK
6
CONTINUOUS
10
0.2417585433070866
20
3.3221738582677163
11
0.2422991338582677
21
3.3223807480314962
0
LINE
8
BLACK
6
CONTINUOUS
10
0.2422991338582677
20
3.3223807480314962
11
0.242405
21
3.322388307086614
0
LINE
8
BLACK
6
CONTINUOUS
10
0.242405
20
3.322388307086614
11
0.2425029921259843
21
3.3224288582677164
0
LINE
8
BLACK
6
CONTINUOUS
10
0.2425029921259843
20
3.3224288582677164
11
0.2430790551181102
21
3.3224855905511812
0
LINE
8
BLACK
6
CONTINUOUS
10
0.2430790551181102
20
3.3224855905511812
11
0.2517558267716535
21
3.3224855905511812
0
LINE
8
BLACK
6
CONTINUOUS
10
0.2517558267716535
20
3.3224855905511812
11
0.2532496456692913
21
3.3232325196850394
0
LINE
8
BLACK
6
CONTINUOUS
10
0.2532496456692913
20
3.3232325196850394
11
0.2532496456692913
21
3.3244600787401573
0
LINE
8
BLACK
6
CONTINUOUS
10
0.2532496456692913
20
3.3244600787401573
11
0.2521267716535433
21
3.3267058267716534
0
LINE
8
BLACK
6
CONTINUOUS
10
0.2521267716535433
20
3.3267058267716534
11
0.249881062992126
21
3.3278286614173229
0
LINE
8
BLACK
6
CONTINUOUS
10
0.249881062992126
20
3.3278286614173229
11
0.2437761023622047
21
3.3278286614173229
0
LINE
8
BLACK
6
CONTINUOUS
10
0.2437761023622047
20
3.3278286614173229
11
0.2406500393700787
21
3.3262656299212598
0
LINE
8
BLACK
6
CONTINUOUS
10
0.2406500393700787
20
3.3262656299212598
11
0.2401094094488189
21
3.3260587401574804
0
LINE
8
BLACK
6
CONTINUOUS
10
0.2401094094488189
20
3.3260587401574804
11
0.2389601968503937
21
3.3259770866141731
0
LINE
8
BLACK
6
CONTINUOUS
10
0.2389601968503937
20
3.3259770866141731
11
0.2378672440944882
21
3.3263414173228347
0
LINE
8
BLACK
6
CONTINUOUS
10
0.2378672440944882
20
3.3263414173228347
11
0.2369968503937008
21
3.3270962598425196
0
LINE
8
BLACK
6
CONTINUOUS
10
0.2369968503937008
20
3.3270962598425196
11
0.2364816141732283
21
3.3281267716535434
0
LINE
8
BLACK
6
CONTINUOUS
10
0.2364816141732283
20
3.3281267716535434
11
0.2363999606299212
21
3.3292759842519684
0
LINE
8
BLACK
6
CONTINUOUS
10
0.2363999606299212
20
3.3292759842519684
11
0.2367642913385827
21
3.330368937007874
0
LINE
8
BLACK
6
CONTINUOUS
10
0.2367642913385827
20
3.330368937007874
11
0.2375191338582677
21
3.3312393307086614
0
LINE
8
BLACK
6
CONTINUOUS
10
0.2375191338582677
20
3.3312393307086614
11
0.2380090157480315
21
3.331547677165354
0
LINE
8
BLACK
6
CONTINUOUS
10
0.2380090157480315
20
3.331547677165354
11
0.2417585433070866
21
3.3334224409448816
0
LINE
8
BLACK
6
CONTINUOUS
10
0.2417585433070866
20
3.3334224409448816
11
0.2422991338582677
21
3.3336293307086615
0
LINE
8
BLACK
6
CONTINUOUS
10
0.2422991338582677
20
3.3336293307086615
11
0.242405
21
3.3336368897637794
0
LINE
8
BLACK
6
CONTINUOUS
10
0.242405
20
3.3336368897637794
11
0.2425029921259843
21
3.3336774409448817
0
LINE
8
BLACK
6
CONTINUOUS
10
0.2425029921259843
20
3.3336774409448817
11
0.2430790551181102
21
3.3337341732283465
0
LINE
8
BLACK
6
CONTINUOUS
10
0.2430790551181102
20
3.3337341732283465
11
0.2505781102362205
21
3.3337341732283465
0
LINE
8
BLACK
6
CONTINUOUS
10
0.2505781102362205
20
3.3337341732283465
11
0.2511541732283464
21
3.3336774409448817
0
LINE
8
BLACK
6
CONTINUOUS
10
0.2532327559055118
20
3.3166849212598426
11
0.2531269291338583
21
3.3166774409448818
0
LINE
8
BLACK
6
CONTINUOUS
10
0.2531269291338583
20
3.3166774409448818
11
0.253028937007874
21
3.316636811023622
0
LINE
8
BLACK
6
CONTINUOUS
10
0.253028937007874
20
3.316636811023622
11
0.252452874015748
21
3.3165800787401576
0
LINE
8
BLACK
6
CONTINUOUS
10
0.252452874015748
20
3.3165800787401576
11
0.2437761023622047
21
3.3165800787401576
0
LINE
8
BLACK
6
CONTINUOUS
10
0.2437761023622047
20
3.3165800787401576
11
0.2415303543307087
21
3.3154572440944881
0
LINE
8
BLACK
6
CONTINUOUS
10
0.2415303543307087
20
3.3154572440944881
11
0.2404075196850394
21
3.3132114960629919
0
LINE
8
BLACK
6
CONTINUOUS
10
0.2404075196850394
20
3.3132114960629919
11
0.2404075196850394
21
3.310856062992126
0
LINE
8
BLACK
6
CONTINUOUS
10
0.2404075196850394
20
3.310856062992126
11
0.2415303543307087
21
3.3086103149606299
0
LINE
8
BLACK
6
CONTINUOUS
10
0.2415303543307087
20
3.3086103149606299
11
0.2437761023622047
21
3.307487440944882
0
LINE
8
BLACK
6
CONTINUOUS
10
0.2437761023622047
20
3.307487440944882
11
0.2517558267716535
21
3.307487440944882
0
LINE
8
BLACK
6
CONTINUOUS
10
0.2517558267716535
20
3.307487440944882
11
0.2532496456692913
21
3.3082343700787402
0
LINE
8
BLACK
6
CONTINUOUS
10
0.2532496456692913
20
3.3082343700787402
11
0.2532496456692913
21
3.3166914173228346
0
LINE
8
BLACK
6
CONTINUOUS
10
0.2532496456692913
20
3.3166914173228346
11
0.2532327559055118
21
3.3166849212598426
0
LINE
8
BLACK
6
CONTINUOUS
10
0.2765905511811024
20
3.3463598818897635
11
0.2774051968503937
21
3.3455452362204725
0
LINE
8
BLACK
6
CONTINUOUS
10
0.2774051968503937
20
3.3455452362204725
11
0.2778461023622047
21
3.3444808267716533
0
LINE
8
BLACK
6
CONTINUOUS
10
0.2778461023622047
20
3.3444808267716533
11
0.2779028346456693
21
3.3439047637795274
0
LINE
8
BLACK
6
CONTINUOUS
10
0.2779028346456693
20
3.3439047637795274
11
0.2779028346456693
21
3.3337341732283465
0
LINE
8
BLACK
6
CONTINUOUS
10
0.2779028346456693
20
3.3337341732283465
11
0.2843238976377953
21
3.3337341732283465
0
LINE
8
BLACK
6
CONTINUOUS
10
0.2843238976377953
20
3.3337341732283465
11
0.2848999606299212
21
3.3336774409448817
0
LINE
8
BLACK
6
CONTINUOUS
10
0.2848999606299212
20
3.3336774409448817
11
0.2859643700787401
21
3.3332365354330706
0
LINE
8
BLACK
6
CONTINUOUS
10
0.2859643700787401
20
3.3332365354330706
11
0.2867790157480315
21
3.3324218897637796
0
LINE
8
BLACK
6
CONTINUOUS
10
0.2867790157480315
20
3.3324218897637796
11
0.2872199212598425
21
3.3313574803149604
0
LINE
8
BLACK
6
CONTINUOUS
10
0.2872199212598425
20
3.3313574803149604
11
0.2872199212598425
21
3.3302053543307086
0
LINE
8
BLACK
6
CONTINUOUS
10
0.2872199212598425
20
3.3302053543307086
11
0.2867790157480315
21
3.3291409448818898
0
LINE
8
BLACK
6
CONTINUOUS
10
0.2867790157480315
20
3.3291409448818898
11
0.2859643700787401
21
3.3283262992125984
0
LINE
8
BLACK
6
CONTINUOUS
10
0.2859643700787401
20
3.3283262992125984
11
0.2848999606299212
21
3.3278853937007873
0
LINE
8
BLACK
6
CONTINUOUS
10
0.2848999606299212
20
3.3278853937007873
11
0.2843238976377953
21
3.3278286614173229
0
LINE
8
BLACK
6
CONTINUOUS
10
0.2843238976377953
20
3.3278286614173229
11
0.2779028346456693
21
3.3278286614173229
0
LINE
8
BLACK
6
CONTINUOUS
10
0.2779028346456693
20
3.3278286614173229
11
0.2779028346456693
21
3.310856062992126
0
LINE
8
BLACK
6
CONTINUOUS
10
0.2779028346456693
20
3.310856062992126
11
0.2790256692913386
21
3.3086103149606299
0
LINE
8
BLACK
6
CONTINUOUS
10
0.2790256692913386
20
3.3086103149606299
11
0.2812714173228346
21
3.307487440944882
0
LINE
8
BLACK
6
CONTINUOUS
10
0.2812714173228346
20
3.307487440944882
11
0.2843238976377953
21
3.307487440944882
0
LINE
8
BLACK
6
CONTINUOUS
10
0.2843238976377953
20
3.307487440944882
11
0.2848999606299212
21
3.3074307086614172
0
LINE
8
BLACK
6
CONTINUOUS
10
0.2848999606299212
20
3.3074307086614172
11
0.2859643700787401
21
3.3069898031496061
0
LINE
8
BLACK
6
CONTINUOUS
10
0.2859643700787401
20
3.3069898031496061
11
0.2867790157480315
21
3.3061751574803151
0
LINE
8
BLACK
6
CONTINUOUS
10
0.2867790157480315
20
3.3061751574803151
11
0.2872199212598425
21
3.3051107480314958
0
LINE
8
BLACK
6
CONTINUOUS
10
0.2872199212598425
20
3.3051107480314958
11
0.2872199212598425
21
3.3039586220472441
0
LINE
8
BLACK
6
CONTINUOUS
10
0.2872199212598425
20
3.3039586220472441
11
0.2867790157480315
21
3.3028942125984253
0
LINE
8
BLACK
6
CONTINUOUS
10
0.2867790157480315
20
3.3028942125984253
11
0.2859643700787401
21
3.3020795669291338
0
LINE
8
BLACK
6
CONTINUOUS
10
0.2859643700787401
20
3.3020795669291338
11
0.2848999606299212
21
3.3016386614173228
0
LINE
8
BLACK
6
CONTINUOUS
10
0.2848999606299212
20
3.3016386614173228
11
0.2843238976377953
21
3.3015819291338584
0
LINE
8
BLACK
6
CONTINUOUS
10
0.2843238976377953
20
3.3015819291338584
11
0.2805743700787401
21
3.3015819291338584
0
LINE
8
BLACK
6
CONTINUOUS
10
0.2805743700787401
20
3.3015819291338584
11
0.2799983070866142
21
3.3016386614173228
0
LINE
8
BLACK
6
CONTINUOUS
10
0.2799983070866142
20
3.3016386614173228
11
0.2799003149606299
21
3.3016792519685039
0
LINE
8
BLACK
6
CONTINUOUS
10
0.2799003149606299
20
3.3016792519685039
11
0.2797944488188976
21
3.3016867716535434
0
LINE
8
BLACK
6
CONTINUOUS
10
0.2797944488188976
20
3.3016867716535434
11
0.2792538582677165
21
3.3018936614173229
0
LINE
8
BLACK
6
CONTINUOUS
10
0.2792538582677165
20
3.3018936614173229
11
0.2755043307086614
21
3.3037684251968504
0
LINE
8
BLACK
6
CONTINUOUS
10
0.2755043307086614
20
3.3037684251968504
11
0.2754079527559055
21
3.3038290944881887
0
LINE
8
BLACK
6
CONTINUOUS
10
0.2754079527559055
20
3.3038290944881887
11
0.2753625590551181
21
3.3038442125984253
0
LINE
8
BLACK
6
CONTINUOUS
10
0.2753625590551181
20
3.3038442125984253
11
0.2753059842519685
21
3.3038932677165356
0
LINE
8
BLACK
6
CONTINUOUS
10
0.2753059842519685
20
3.3038932677165356
11
0.2750144488188976
21
3.3040767716535431
0
LINE
8
BLACK
6
CONTINUOUS
10
0.2750144488188976
20
3.3040767716535431
11
0.2747717716535433
21
3.3043566141732281
0
LINE
8
BLACK
6
CONTINUOUS
10
0.2747717716535433
20
3.3043566141732281
11
0.2744921653543307
21
3.3045990944881889
0
LINE
8
BLACK
6
CONTINUOUS
10
0.2744921653543307
20
3.3045990944881889
11
0.2743086614173229
21
3.3048905905511812
0
LINE
8
BLACK
6
CONTINUOUS
10
0.2743086614173229
20
3.3048905905511812
11
0.2742596062992126
21
3.3049471653543305
0
LINE
8
BLACK
6
CONTINUOUS
10
0.2742596062992126
20
3.3049471653543305
11
0.2742444488188976
21
3.3049926377952756
0
LINE
8
BLACK
6
CONTINUOUS
10
0.2742444488188976
20
3.3049926377952756
11
0.2741838188976378
21
3.305088937007874
0
LINE
8
BLACK
6
CONTINUOUS
10
0.2741838188976378
20
3.305088937007874
11
0.2723090551181102
21
3.3088385039370078
0
LINE
8
BLACK
6
CONTINUOUS
10
0.2723090551181102
20
3.3088385039370078
11
0.2721021653543307
21
3.3093791338582674
0
LINE
8
BLACK
6
CONTINUOUS
10
0.2721021653543307
20
3.3093791338582674
11
0.2720946456692913
21
3.3094849606299213
0
LINE
8
BLACK
6
CONTINUOUS
10
0.2720946456692913
20
3.3094849606299213
11
0.2720540551181102
21
3.3095829527559055
0
LINE
8
BLACK
6
CONTINUOUS
10
0.2720540551181102
20
3.3095829527559055
11
0.2719973228346457
21
3.3101590157480314
0
LINE
8
BLACK
6
CONTINUOUS
10
0.2719973228346457
20
3.3101590157480314
11
0.2719973228346457
21
3.3278286614173229
0
LINE
8
BLACK
6
CONTINUOUS
10
0.2719973228346457
20
3.3278286614173229
11
0.2693257874015748
21
3.3278286614173229
0
LINE
8
BLACK
6
CONTINUOUS
10
0.2693257874015748
20
3.3278286614173229
11
0.2687497244094488
21
3.3278853937007873
0
LINE
8
BLACK
6
CONTINUOUS
10
0.2687497244094488
20
3.3278853937007873
11
0.2676853149606299
21
3.3283262992125984
0
LINE
8
BLACK
6
CONTINUOUS
10
0.2676853149606299
20
3.3283262992125984
11
0.2668706692913386
21
3.3291409448818898
0
LINE
8
BLACK
6
CONTINUOUS
10
0.2668706692913386
20
3.3291409448818898
11
0.2664297637795275
21
3.3302053543307086
0
LINE
8
BLACK
6
CONTINUOUS
10
0.2664297637795275
20
3.3302053543307086
11
0.2664297637795275
21
3.3313574803149604
0
LINE
8
BLACK
6
CONTINUOUS
10
0.2664297637795275
20
3.3313574803149604
11
0.2668706692913386
21
3.3324218897637796
0
LINE
8
BLACK
6
CONTINUOUS
10
0.2668706692913386
20
3.3324218897637796
11
0.2676853149606299
21
3.3332365354330706
0
LINE
8
BLACK
6
CONTINUOUS
10
0.2676853149606299
20
3.3332365354330706
11
0.2687497244094488
21
3.3336774409448817
0
LINE
8
BLACK
6
CONTINUOUS
10
0.2687497244094488
20
3.3336774409448817
11
0.2693257874015748
21
3.3337341732283465
0
LINE
8
BLACK
6
CONTINUOUS
10
0.2693257874015748
20
3.3337341732283465
11
0.2719973228346457
21
3.3337341732283465
0
LINE
8
BLACK
6
CONTINUOUS
10
0.2719973228346457
20
3.3337341732283465
11
0.2719973228346457
21
3.3439047637795274
0
LINE
8
BLACK
6
CONTINUOUS
10
0.2719973228346457
20
3.3439047637795274
11
0.2720540551181102
21
3.3444808267716533
0
LINE
8
BLACK
6
CONTINUOUS
10
0.2720540551181102
20
3.3444808267716533
11
0.2724949606299212
21
3.3455452362204725
0
LINE
8
BLACK
6
CONTINUOUS
10
0.2724949606299212
20
3.3455452362204725
11
0.2733096062992126
21
3.3463598818897635
0
LINE
8
BLACK
6
CONTINUOUS
10
0.2733096062992126
20
3.3463598818897635
11
0.2743740157480315
21
3.3468007874015746
0
LINE
8
BLACK
6
CONTINUOUS
10
0.2743740157480315
20
3.3468007874015746
11
0.2755261417322835
21
3.3468007874015746
0
LINE
8
BLACK
6
CONTINUOUS
10
0.2755261417322835
20
3.3468007874015746
11
0.2765905511811024
21
3.3463598818897635
0
LINE
8
BLACK
6
CONTINUOUS
10
0.2990877559055118
20
3.3463598818897635
11
0.2999024015748031
21
3.3455452362204725
0
LINE
8
BLACK
6
CONTINUOUS
10
0.2999024015748031
20
3.3455452362204725
11
0.3003433070866142
21
3.3444808267716533
0
LINE
8
BLACK
6
CONTINUOUS
10
0.3003433070866142
20
3.3444808267716533
11
0.3004000393700788
21
3.3439047637795274
0
LINE
8
BLACK
6
CONTINUOUS
10
0.3004000393700788
20
3.3439047637795274
11
0.3004000393700788
21
3.3337341732283465
0
LINE
8
BLACK
6
CONTINUOUS
10
0.3004000393700788
20
3.3337341732283465
11
0.3068211023622047
21
3.3337341732283465
0
LINE
8
BLACK
6
CONTINUOUS
10
0.3068211023622047
20
3.3337341732283465
11
0.3073971653543307
21
3.3336774409448817
0
LINE
8
BLACK
6
CONTINUOUS
10
0.3073971653543307
20
3.3336774409448817
11
0.3084615748031496
21
3.3332365354330706
0
LINE
8
BLACK
6
CONTINUOUS
10
0.3084615748031496
20
3.3332365354330706
11
0.3092762204724409
21
3.3324218897637796
0
LINE
8
BLACK
6
CONTINUOUS
10
0.3092762204724409
20
3.3324218897637796
11
0.3097171259842519
21
3.3313574803149604
0
LINE
8
BLACK
6
CONTINUOUS
10
0.3097171259842519
20
3.3313574803149604
11
0.3097171259842519
21
3.3302053543307086
0
LINE
8
BLACK
6
CONTINUOUS
10
0.3097171259842519
20
3.3302053543307086
11
0.3092762204724409
21
3.3291409448818898
0
LINE
8
BLACK
6
CONTINUOUS
10
0.3092762204724409
20
3.3291409448818898
11
0.3084615748031496
21
3.3283262992125984
0
LINE
8
BLACK
6
CONTINUOUS
10
0.3084615748031496
20
3.3283262992125984
11
0.3073971653543307
21
3.3278853937007873
0
LINE
8
BLACK
6
CONTINUOUS
10
0.3073971653543307
20
3.3278853937007873
11
0.3068211023622047
21
3.3278286614173229
0
LINE
8
BLACK
6
CONTINUOUS
10
0.3068211023622047
20
3.3278286614173229
11
0.3004000393700788
21
3.3278286614173229
0
LINE
8
BLACK
6
CONTINUOUS
10
0.3004000393700788
20
3.3278286614173229
11
0.3004000393700788
21
3.310856062992126
0
LINE
8
BLACK
6
CONTINUOUS
10
0.3004000393700788
20
3.310856062992126
11
0.301522874015748
21
3.3086103149606299
0
LINE
8
BLACK
6
CONTINUOUS
10
0.301522874015748
20
3.3086103149606299
11
0.3037686220472441
21
3.307487440944882
0
LINE
8
BLACK
6
CONTINUOUS
10
0.3037686220472441
20
3.307487440944882
11
0.3068211023622047
21
3.307487440944882
0
LINE
8
BLACK
6
CONTINUOUS
10
0.3068211023622047
20
3.307487440944882
11
0.3073971653543307
21
3.3074307086614172
0
LINE
8
BLACK
6
CONTINUOUS
10
0.3073971653543307
20
3.3074307086614172
11
0.3084615748031496
21
3.3069898031496061
0
LINE
8
BLACK
6
CONTINUOUS
10
0.3084615748031496
20
3.3069898031496061
11
0.3092762204724409
21
3.3061751574803151
0
LINE
8
BLACK
6
CONTINUOUS
10
0.3092762204724409
20
3.3061751574803151
11
0.3097171259842519
21
3.3051107480314958
0
LINE
8
BLACK
6
CONTINUOUS
10
0.3097171259842519
20
3.3051107480314958
11
0.3097171259842519
21
3.3039586220472441
0
LINE
8
BLACK
6
CONTINUOUS
10
0.3097171259842519
20
3.3039586220472441
11
0.3092762204724409
21
3.3028942125984253
0
LINE
8
BLACK
6
CONTINUOUS
10
0.3092762204724409
20
3.3028942125984253
11
0.3084615748031496
21
3.3020795669291338
0
LINE
8
BLACK
6
CONTINUOUS
10
0.3084615748031496
20
3.3020795669291338
11
0.3073971653543307
21
3.3016386614173228
0
LINE
8
BLACK
6
CONTINUOUS
10
0.3073971653543307
20
3.3016386614173228
11
0.3068211023622047
21
3.3015819291338584
0
LINE
8
BLACK
6
CONTINUOUS
10
0.3068211023622047
20
3.3015819291338584
11
0.3030715748031496
21
3.3015819291338584
0
LINE
8
BLACK
6
CONTINUOUS
10
0.3030715748031496
20
3.3015819291338584
11
0.3024955118110236
21
3.3016386614173228
0
LINE
8
BLACK
6
CONTINUOUS
10
0.3024955118110236
20
3.3016386614173228
11
0.3023975196850394
21
3.3016792519685039
0
LINE
8
BLACK
6
CONTINUOUS
10
0.3023975196850394
20
3.3016792519685039
11
0.3022916535433071
21
3.3016867716535434
0
LINE
8
BLACK
6
CONTINUOUS
10
0.3022916535433071
20
3.3016867716535434
11
0.301751062992126
21
3.3018936614173229
0
LINE
8
BLACK
6
CONTINUOUS
10
0.301751062992126
20
3.3018936614173229
11
0.2980015354330708
21
3.3037684251968504
0
LINE
8
BLACK
6
CONTINUOUS
10
0.2980015354330708
20
3.3037684251968504
11
0.2979051574803149
21
3.3038290944881887
0
LINE
8
BLACK
6
CONTINUOUS
10
0.2979051574803149
20
3.3038290944881887
11
0.2978597637795276
21
3.3038442125984253
0
LINE
8
BLACK
6
CONTINUOUS
10
0.2978597637795276
20
3.3038442125984253
11
0.2978031889763779
21
3.3038932677165356
0
LINE
8
BLACK
6
CONTINUOUS
10
0.2978031889763779
20
3.3038932677165356
11
0.2975116535433071
21
3.3040767716535431
0
LINE
8
BLACK
6
CONTINUOUS
10
0.2975116535433071
20
3.3040767716535431
11
0.2972689763779527
21
3.3043566141732281
0
LINE
8
BLACK
6
CONTINUOUS
10
0.2972689763779527
20
3.3043566141732281
11
0.2969893700787402
21
3.3045990944881889
0
LINE
8
BLACK
6
CONTINUOUS
10
0.2969893700787402
20
3.3045990944881889
11
0.2968058661417323
21
3.3048905905511812
0
LINE
8
BLACK
6
CONTINUOUS
10
0.2968058661417323
20
3.3048905905511812
11
0.2967568110236221
21
3.3049471653543305
0
LINE
8
BLACK
6
CONTINUOUS
10
0.2967568110236221
20
3.3049471653543305
11
0.2967416535433071
21
3.3049926377952756
0
LINE
8
BLACK
6
CONTINUOUS
10
0.2967416535433071
20
3.3049926377952756
11
0.2966810236220472
21
3.305088937007874
0
LINE
8
BLACK
6
CONTINUOUS
10
0.2966810236220472
20
3.305088937007874
11
0.2948062598425197
21
3.3088385039370078
0
LINE
8
BLACK
6
CONTINUOUS
10
0.2948062598425197
20
3.3088385039370078
11
0.2945993700787402
21
3.3093791338582674
0
LINE
8
BLACK
6
CONTINUOUS
10
0.2945993700787402
20
3.3093791338582674
11
0.2945918503937008
21
3.3094849606299213
0
LINE
8
BLACK
6
CONTINUOUS
10
0.2945918503937008
20
3.3094849606299213
11
0.2945512598425197
21
3.3095829527559055
0
LINE
8
BLACK
6
CONTINUOUS
10
0.2945512598425197
20
3.3095829527559055
11
0.2944945275590551
21
3.3101590157480314
0
LINE
8
BLACK
6
CONTINUOUS
10
0.2944945275590551
20
3.3101590157480314
11
0.2944945275590551
21
3.3278286614173229
0
LINE
8
BLACK
6
CONTINUOUS
10
0.2944945275590551
20
3.3278286614173229
11
0.2918229921259842
21
3.3278286614173229
0
LINE
8
BLACK
6
CONTINUOUS
10
0.2918229921259842
20
3.3278286614173229
11
0.2912469291338582
21
3.3278853937007873
0
LINE
8
BLACK
6
CONTINUOUS
10
0.2912469291338582
20
3.3278853937007873
11
0.2901825196850394
21
3.3283262992125984
0
LINE
8
BLACK
6
CONTINUOUS
10
0.2901825196850394
20
3.3283262992125984
11
0.289367874015748
21
3.3291409448818898
0
LINE
8
BLACK
6
CONTINUOUS
10
0.289367874015748
20
3.3291409448818898
11
0.288926968503937
21
3.3302053543307086
0
LINE
8
BLACK
6
CONTINUOUS
10
0.288926968503937
20
3.3302053543307086
11
0.288926968503937
21
3.3313574803149604
0
LINE
8
BLACK
6
CONTINUOUS
10
0.288926968503937
20
3.3313574803149604
11
0.289367874015748
21
3.3324218897637796
0
LINE
8
BLACK
6
CONTINUOUS
10
0.289367874015748
20
3.3324218897637796
11
0.2901825196850394
21
3.3332365354330706
0
LINE
8
BLACK
6
CONTINUOUS
10
0.2901825196850394
20
3.3332365354330706
11
0.2912469291338582
21
3.3336774409448817
0
LINE
8
BLACK
6
CONTINUOUS
10
0.2912469291338582
20
3.3336774409448817
11
0.2918229921259842
21
3.3337341732283465
0
LINE
8
BLACK
6
CONTINUOUS
10
0.2918229921259842
20
3.3337341732283465
11
0.2944945275590551
21
3.3337341732283465
0
LINE
8
BLACK
6
CONTINUOUS
10
0.2944945275590551
20
3.3337341732283465
11
0.2944945275590551
21
3.3439047637795274
0
LINE
8
BLACK
6
CONTINUOUS
10
0.2944945275590551
20
3.3439047637795274
11
0.2945512598425197
21
3.3444808267716533
0
LINE
8
BLACK
6
CONTINUOUS
10
0.2945512598425197
20
3.3444808267716533
11
0.2949921653543307
21
3.3455452362204725
0
LINE
8
BLACK
6
CONTINUOUS
10
0.2949921653543307
20
3.3455452362204725
11
0.2958068110236221
21
3.3463598818897635
0
LINE
8
BLACK
6
CONTINUOUS
10
0.2958068110236221
20
3.3463598818897635
11
0.2968712204724409
21
3.3468007874015746
0
LINE
8
BLACK
6
CONTINUOUS
10
0.2968712204724409
20
3.3468007874015746
11
0.2980233464566929
21
3.3468007874015746
0
LINE
8
BLACK
6
CONTINUOUS
10
0.2980233464566929
20
3.3468007874015746
11
0.2990877559055118
21
3.3463598818897635
0
LINE
8
BLACK
6
CONTINUOUS
10
0.3317691338582677
20
3.3336774409448817
11
0.3318671259842519
21
3.3336368503937006
0
LINE
8
BLACK
6
CONTINUOUS
10
0.3318671259842519
20
3.3336368503937006
11
0.3319729527559055
21
3.3336293307086615
0
LINE
8
BLACK
6
CONTINUOUS
10
0.3319729527559055
20
3.3336293307086615
11
0.3325135826771654
21
3.3334224409448816
0
LINE
8
BLACK
6
CONTINUOUS
10
0.3325135826771654
20
3.3334224409448816
11
0.3362631102362205
21
3.331547677165354
0
LINE
8
BLACK
6
CONTINUOUS
10
0.3362631102362205
20
3.331547677165354
11
0.3363594488188976
21
3.3314870472440945
0
LINE
8
BLACK
6
CONTINUOUS
10
0.3363594488188976
20
3.3314870472440945
11
0.3364048818897638
21
3.3314718897637796
0
LINE
8
BLACK
6
CONTINUOUS
10
0.3364048818897638
20
3.3314718897637796
11
0.3364614173228346
21
3.3314228740157481
0
LINE
8
BLACK
6
CONTINUOUS
10
0.3364614173228346
20
3.3314228740157481
11
0.3367529921259843
21
3.3312393307086614
0
LINE
8
BLACK
6
CONTINUOUS
10
0.3367529921259843
20
3.3312393307086614
11
0.3369955511811024
21
3.3309596456692914
0
LINE
8
BLACK
6
CONTINUOUS
10
0.3369955511811024
20
3.3309596456692914
11
0.3372752755905511
21
3.3307170472440943
0
LINE
8
BLACK
6
CONTINUOUS
10
0.3372752755905511
20
3.3307170472440943
11
0.337458779527559
21
3.3304255118110238
0
LINE
8
BLACK
6
CONTINUOUS
10
0.337458779527559
20
3.3304255118110238
11
0.3375078346456693
21
3.330368937007874
0
LINE
8
BLACK
6
CONTINUOUS
10
0.3375078346456693
20
3.330368937007874
11
0.3375229527559055
21
3.3303235433070864
0
LINE
8
BLACK
6
CONTINUOUS
10
0.3375229527559055
20
3.3303235433070864
11
0.3375836220472441
21
3.3302271653543305
0
LINE
8
BLACK
6
CONTINUOUS
10
0.3375836220472441
20
3.3302271653543305
11
0.3394583858267716
21
3.3264776377952754
0
LINE
8
BLACK
6
CONTINUOUS
10
0.3394583858267716
20
3.3264776377952754
11
0.3396652755905512
21
3.3259370472440946
0
LINE
8
BLACK
6
CONTINUOUS
10
0.3396652755905512
20
3.3259370472440946
11
0.3396727952755905
21
3.325831181102362
0
LINE
8
BLACK
6
CONTINUOUS
10
0.3396727952755905
20
3.325831181102362
11
0.3397133858267716
21
3.3257331889763777
0
LINE
8
BLACK
6
CONTINUOUS
10
0.3397133858267716
20
3.3257331889763777
11
0.3397701181102362
21
3.3251571259842518
0
LINE
8
BLACK
6
CONTINUOUS
10
0.3397701181102362
20
3.3251571259842518
11
0.3397701181102362
21
3.3214075984251967
0
LINE
8
BLACK
6
CONTINUOUS
10
0.3397701181102362
20
3.3214075984251967
11
0.3397133858267716
21
3.3208315354330709
0
LINE
8
BLACK
6
CONTINUOUS
10
0.3397133858267716
20
3.3208315354330709
11
0.3396025984251969
21
3.3205641732283464
0
LINE
8
BLACK
6
CONTINUOUS
10
0.3396025984251969
20
3.3205641732283464
11
0.3395464960629921
21
3.3202804724409449
0
LINE
8
BLACK
6
CONTINUOUS
10
0.3395464960629921
20
3.3202804724409449
11
0.3393844094488189
21
3.3200373622047241
0
LINE
8
BLACK
6
CONTINUOUS
10
0.3393844094488189
20
3.3200373622047241
11
0.3392724803149606
21
3.3197671259842521
0
LINE
8
BLACK
6
CONTINUOUS
10
0.3392724803149606
20
3.3197671259842521
11
0.3390678346456693
21
3.3195624803149606
0
LINE
8
BLACK
6
CONTINUOUS
10
0.3390678346456693
20
3.3195624803149606
11
0.3389074409448819
21
3.3193218897637795
0
LINE
8
BLACK
6
CONTINUOUS
10
0.3389074409448819
20
3.3193218897637795
11
0.3386646062992126
21
3.3191592913385826
0
LINE
8
BLACK
6
CONTINUOUS
10
0.3386646062992126
20
3.3191592913385826
11
0.3384578346456693
21
3.3189524803149606
0
LINE
8
BLACK
6
CONTINUOUS
10
0.3384578346456693
20
3.3189524803149606
11
0.3381905511811024
21
3.3188417716535432
0
LINE
8
BLACK
6
CONTINUOUS
10
0.3381905511811024
20
3.3188417716535432
11
0.3379501968503937
21
3.3186807874015747
0
LINE
8
BLACK
6
CONTINUOUS
10
0.3379501968503937
20
3.3186807874015747
11
0.3373964173228347
21
3.3185121653543308
0
LINE
8
BLACK
6
CONTINUOUS
10
0.3373964173228347
20
3.3185121653543308
11
0.3210224803149606
21
3.315237401574803
0
LINE
8
BLACK
6
CONTINUOUS
10
0.3210224803149606
20
3.315237401574803
11
0.3210224803149606
21
3.310856062992126
0
LINE
8
BLACK
6
CONTINUOUS
10
0.3210224803149606
20
3.310856062992126
11
0.3221453149606299
21
3.3086103149606299
0
LINE
8
BLACK
6
CONTINUOUS
10
0.3221453149606299
20
3.3086103149606299
11
0.324391062992126
21
3.307487440944882
0
LINE
8
BLACK
6
CONTINUOUS
10
0.324391062992126
20
3.307487440944882
11
0.3304960236220472
21
3.307487440944882
0
LINE
8
BLACK
6
CONTINUOUS
10
0.3304960236220472
20
3.307487440944882
11
0.3336220866141732
21
3.3090504724409446
0
LINE
8
BLACK
6
CONTINUOUS
10
0.3336220866141732
20
3.3090504724409446
11
0.3341626771653543
21
3.3092573622047246
0
LINE
8
BLACK
6
CONTINUOUS
10
0.3341626771653543
20
3.3092573622047246
11
0.3353118897637795
21
3.3093390157480314
0
LINE
8
BLACK
6
CONTINUOUS
10
0.3353118897637795
20
3.3093390157480314
11
0.3364048818897638
21
3.3089746850393702
0
LINE
8
BLACK
6
CONTINUOUS
10
0.3364048818897638
20
3.3089746850393702
11
0.3372752362204725
21
3.3082198425196849
0
LINE
8
BLACK
6
CONTINUOUS
10
0.3372752362204725
20
3.3082198425196849
11
0.3377905118110236
21
3.3071893307086615
0
LINE
8
BLACK
6
CONTINUOUS
10
0.3377905118110236
20
3.3071893307086615
11
0.3378721653543307
21
3.3060401181102361
0
LINE
8
BLACK
6
CONTINUOUS
10
0.3378721653543307
20
3.3060401181102361
11
0.3375078346456693
21
3.3049471653543305
0
LINE
8
BLACK
6
CONTINUOUS
10
0.3375078346456693
20
3.3049471653543305
11
0.3367529921259843
21
3.3040767716535431
0
LINE
8
BLACK
6
CONTINUOUS
10
0.3367529921259843
20
3.3040767716535431
11
0.3362631102362205
21
3.3037684251968504
0
LINE
8
BLACK
6
CONTINUOUS
10
0.3362631102362205
20
3.3037684251968504
11
0.3325135826771654
21
3.3018936614173229
0
LINE
8
BLACK
6
CONTINUOUS
10
0.3325135826771654
20
3.3018936614173229
11
0.3319729527559055
21
3.3016867716535434
0
LINE
8
BLACK
6
CONTINUOUS
10
0.3319729527559055
20
3.3016867716535434
11
0.3318671259842519
21
3.3016792913385826
0
LINE
8
BLACK
6
CONTINUOUS
10
0.3318671259842519
20
3.3016792913385826
11
0.3317691338582677
21
3.3016386614173228
0
LINE
8
BLACK
6
CONTINUOUS
10
0.3317691338582677
20
3.3016386614173228
11
0.3311930708661417
21
3.3015819291338584
0
LINE
8
BLACK
6
CONTINUOUS
10
0.3311930708661417
20
3.3015819291338584
11
0.3236940157480315
21
3.3015819291338584
0
LINE
8
BLACK
6
CONTINUOUS
10
0.3236940157480315
20
3.3015819291338584
11
0.3231179527559055
21
3.3016386614173228
0
LINE
8
BLACK
6
CONTINUOUS
10
0.3231179527559055
20
3.3016386614173228
11
0.3230199606299213
21
3.3016792519685039
0
LINE
8
BLACK
6
CONTINUOUS
10
0.3230199606299213
20
3.3016792519685039
11
0.322914094488189
21
3.3016867716535434
0
LINE
8
BLACK
6
CONTINUOUS
10
0.322914094488189
20
3.3016867716535434
11
0.3223735039370079
21
3.3018936614173229
0
LINE
8
BLACK
6
CONTINUOUS
10
0.3223735039370079
20
3.3018936614173229
11
0.3186239763779528
21
3.3037684251968504
0
LINE
8
BLACK
6
CONTINUOUS
10
0.3186239763779528
20
3.3037684251968504
11
0.3185275984251968
21
3.3038290944881887
0
LINE
8
BLACK
6
CONTINUOUS
10
0.3185275984251968
20
3.3038290944881887
11
0.3184822047244095
21
3.3038442125984253
0
LINE
8
BLACK
6
CONTINUOUS
10
0.3184822047244095
20
3.3038442125984253
11
0.3184256299212598
21
3.3038932677165356
0
LINE
8
BLACK
6
CONTINUOUS
10
0.3184256299212598
20
3.3038932677165356
11
0.318134094488189
21
3.3040767716535431
0
LINE
8
BLACK
6
CONTINUOUS
10
0.318134094488189
20
3.3040767716535431
11
0.3178914173228347
21
3.3043566141732281
0
LINE
8
BLACK
6
CONTINUOUS
10
0.3178914173228347
20
3.3043566141732281
11
0.317611811023622
21
3.3045990944881889
0
LINE
8
BLACK
6
CONTINUOUS
10
0.317611811023622
20
3.3045990944881889
11
0.3174283070866142
21
3.3048905905511812
0
LINE
8
BLACK
6
CONTINUOUS
10
0.3174283070866142
20
3.3048905905511812
11
0.3173792519685039
21
3.3049471653543305
0
LINE
8
BLACK
6
CONTINUOUS
10
0.3173792519685039
20
3.3049471653543305
11
0.317364094488189
21
3.3049926377952756
0
LINE
8
BLACK
6
CONTINUOUS
10
0.317364094488189
20
3.3049926377952756
11
0.3173034645669291
21
3.305088937007874
0
LINE
8
BLACK
6
CONTINUOUS
10
0.3173034645669291
20
3.305088937007874
11
0.3154287007874016
21
3.3088385039370078
0
LINE
8
BLACK
6
CONTINUOUS
10
0.3154287007874016
20
3.3088385039370078
11
0.3152218110236221
21
3.3093791338582674
0
LINE
8
BLACK
6
CONTINUOUS
10
0.3152218110236221
20
3.3093791338582674
11
0.3152142913385827
21
3.3094849606299213
0
LINE
8
BLACK
6
CONTINUOUS
10
0.3152142913385827
20
3.3094849606299213
11
0.3151737007874016
21
3.3095829527559055
0
LINE
8
BLACK
6
CONTINUOUS
10
0.3151737007874016
20
3.3095829527559055
11
0.315116968503937
21
3.3101590157480314
0
LINE
8
BLACK
6
CONTINUOUS
10
0.315116968503937
20
3.3101590157480314
11
0.315116968503937
21
3.3251571259842518
0
LINE
8
BLACK
6
CONTINUOUS
10
0.315116968503937
20
3.3251571259842518
11
0.3151737007874016
21
3.3257331889763777
0
LINE
8
BLACK
6
CONTINUOUS
10
0.3151737007874016
20
3.3257331889763777
11
0.3152142913385827
21
3.3258312204724407
0
LINE
8
BLACK
6
CONTINUOUS
10
0.3152142913385827
20
3.3258312204724407
11
0.3152218110236221
21
3.3259370078740158
0
LINE
8
BLACK
6
CONTINUOUS
10
0.3152218110236221
20
3.3259370078740158
11
0.3154287007874016
21
3.3264776377952754
0
LINE
8
BLACK
6
CONTINUOUS
10
0.3154287007874016
20
3.3264776377952754
11
0.3173034645669291
21
3.3302271653543305
0
LINE
8
BLACK
6
CONTINUOUS
10
0.3173034645669291
20
3.3302271653543305
11
0.317364094488189
21
3.3303235433070864
0
LINE
8
BLACK
6
CONTINUOUS
10
0.317364094488189
20
3.3303235433070864
11
0.3173792519685039
21
3.330368937007874
0
LINE
8
BLACK
6
CONTINUOUS
10
0.3173792519685039
20
3.330368937007874
11
0.3174282677165354
21
3.3304255118110238
0
LINE
8
BLACK
6
CONTINUOUS
10
0.3174282677165354
20
3.3304255118110238
11
0.317611811023622
21
3.3307170472440943
0
LINE
8
BLACK
6
CONTINUOUS
10
0.317611811023622
20
3.3307170472440943
11
0.3178914960629921
21
3.3309596456692914
0
LINE
8
BLACK
6
CONTINUOUS
10
0.3178914960629921
20
3.3309596456692914
11
0.318134094488189
21
3.3312393307086614
0
LINE
8
BLACK
6
CONTINUOUS
10
0.318134094488189
20
3.3312393307086614
11
0.3184256299212598
21
3.3314228740157481
0
LINE
8
BLACK
6
CONTINUOUS
10
0.3184256299212598
20
3.3314228740157481
11
0.3184822047244095
21
3.3314718897637796
0
LINE
8
BLACK
6
CONTINUOUS
10
0.3184822047244095
20
3.3314718897637796
11
0.3185275984251968
21
3.3314870472440945
0
LINE
8
BLACK
6
CONTINUOUS
10
0.3185275984251968
20
3.3314870472440945
11
0.3186239763779528
21
3.331547677165354
0
LINE
8
BLACK
6
CONTINUOUS
10
0.3186239763779528
20
3.331547677165354
11
0.3223735039370079
21
3.3334224409448816
0
LINE
8
BLACK
6
CONTINUOUS
10
0.3223735039370079
20
3.3334224409448816
11
0.322914094488189
21
3.3336293307086615
0
LINE
8
BLACK
6
CONTINUOUS
10
0.322914094488189
20
3.3336293307086615
11
0.3230199606299213
21
3.3336368897637794
0
LINE
8
BLACK
6
CONTINUOUS
10
0.3230199606299213
20
3.3336368897637794
11
0.3231179527559055
21
3.3336774409448817
0
LINE
8
BLACK
6
CONTINUOUS
10
0.3231179527559055
20
3.3336774409448817
11
0.3236940157480315
21
3.3337341732283465
0
LINE
8
BLACK
6
CONTINUOUS
10
0.3236940157480315
20
3.3337341732283465
11
0.3311930708661417
21
3.3337341732283465
0
LINE
8
BLACK
6
CONTINUOUS
10
0.3311930708661417
20
3.3337341732283465
11
0.3317691338582677
21
3.3336774409448817
0
LINE
8
BLACK
6
CONTINUOUS
10
0.3221453149606299
20
3.3267058267716534
11
0.3210224803149606
21
3.3244600787401573
0
LINE
8
BLACK
6
CONTINUOUS
10
0.3210224803149606
20
3.3244600787401573
11
0.3210224803149606
21
3.3212598818897638
0
LINE
8
BLACK
6
CONTINUOUS
10
0.3210224803149606
20
3.3212598818897638
11
0.3338646062992126
21
3.3238282677165354
0
LINE
8
BLACK
6
CONTINUOUS
10
0.3338646062992126
20
3.3238282677165354
11
0.3338646062992126
21
3.3244600787401573
0
LINE
8
BLACK
6
CONTINUOUS
10
0.3338646062992126
20
3.3244600787401573
11
0.3327417322834645
21
3.3267058267716534
0
LINE
8
BLACK
6
CONTINUOUS
10
0.3327417322834645
20
3.3267058267716534
11
0.3304960236220472
21
3.3278286614173229
0
LINE
8
BLACK
6
CONTINUOUS
10
0.3304960236220472
20
3.3278286614173229
11
0.324391062992126
21
3.3278286614173229
0
LINE
8
BLACK
6
CONTINUOUS
10
0.324391062992126
20
3.3278286614173229
11
0.3221453149606299
21
3.3267058267716534
0
LINE
8
BLACK
6
CONTINUOUS
10
0.1086653937007874
20
3.3467675984251968
11
0.1088758267716535
21
3.3467526377952757
0
LINE
8
BLACK
6
CONTINUOUS
10
0.1088758267716535
20
3.3467526377952757
11
0.1092069291338583
21
3.3465870866141731
0
LINE
8
BLACK
6
CONTINUOUS
10
0.1092069291338583
20
3.3465870866141731
11
0.109558188976378
21
3.3464700000000001
0
LINE
8
BLACK
6
CONTINUOUS
10
0.109558188976378
20
3.3464700000000001
11
0.1097175196850394
21
3.3463318110236218
0
LINE
8
BLACK
6
CONTINUOUS
10
0.1097175196850394
20
3.3463318110236218
11
0.1099062598425197
21
3.3462374409448818
0
LINE
8
BLACK
6
CONTINUOUS
10
0.1099062598425197
20
3.3462374409448818
11
0.1101488976377953
21
3.3459577165354331
0
LINE
8
BLACK
6
CONTINUOUS
10
0.1101488976377953
20
3.3459577165354331
11
0.1104285826771653
21
3.345715118110236
0
LINE
8
BLACK
6
CONTINUOUS
10
0.1104285826771653
20
3.345715118110236
11
0.110522874015748
21
3.345526496062992
0
LINE
8
BLACK
6
CONTINUOUS
10
0.110522874015748
20
3.345526496062992
11
0.1106611417322835
21
3.3453670866141731
0
LINE
8
BLACK
6
CONTINUOUS
10
0.1106611417322835
20
3.3453670866141731
11
0.110897125984252
21
3.3448385039370079
0
LINE
8
BLACK
6
CONTINUOUS
10
0.110897125984252
20
3.3448385039370079
11
0.1240204724409449
21
3.3054684251968505
0
LINE
8
BLACK
6
CONTINUOUS
10
0.1240204724409449
20
3.3054684251968505
11
0.1241488188976378
21
3.3049040157480314
0
LINE
8
BLACK
6
CONTINUOUS
10
0.1241488188976378
20
3.3049040157480314
11
0.124067125984252
21
3.303754803149606
0
LINE
8
BLACK
6
CONTINUOUS
10
0.124067125984252
20
3.303754803149606
11
0.1235519291338583
21
3.3027243307086613
0
LINE
8
BLACK
6
CONTINUOUS
10
0.1235519291338583
20
3.3027243307086613
11
0.1226815354330709
21
3.3019694488188978
0
LINE
8
BLACK
6
CONTINUOUS
10
0.1226815354330709
20
3.3019694488188978
11
0.1215885433070866
21
3.3016051181102362
0
LINE
8
BLACK
6
CONTINUOUS
10
0.1215885433070866
20
3.3016051181102362
11
0.1204393307086614
21
3.3016868110236222
0
LINE
8
BLACK
6
CONTINUOUS
10
0.1204393307086614
20
3.3016868110236222
11
0.1194088976377953
21
3.3022020472440943
0
LINE
8
BLACK
6
CONTINUOUS
10
0.1194088976377953
20
3.3022020472440943
11
0.1186540157480315
21
3.303072401574803
0
LINE
8
BLACK
6
CONTINUOUS
10
0.1186540157480315
20
3.303072401574803
11
0.118418031496063
21
3.3036009448818895
0
LINE
8
BLACK
6
CONTINUOUS
10
0.118418031496063
20
3.3036009448818895
11
0.1153414960629921
21
3.3128305511811025
0
LINE
8
BLACK
6
CONTINUOUS
10
0.1153414960629921
20
3.3128305511811025
11
0.1008503149606299
21
3.3128305511811025
0
LINE
8
BLACK
6
CONTINUOUS
10
0.1008503149606299
20
3.3128305511811025
11
0.0977737795275591
21
3.3036009448818895
0
LINE
8
BLACK
6
CONTINUOUS
10
0.0977737795275591
20
3.3036009448818895
11
0.0975377952755905
21
3.3030723622047242
0
LINE
8
BLACK
6
CONTINUOUS
10
0.0975377952755905
20
3.3030723622047242
11
0.0967829133858268
21
3.3022020078740155
0
LINE
8
BLACK
6
CONTINUOUS
10
0.0967829133858268
20
3.3022020078740155
11
0.0957524803149606
21
3.3016868110236222
0
LINE
8
BLACK
6
CONTINUOUS
10
0.0957524803149606
20
3.3016868110236222
11
0.0946032677165354
21
3.3016051181102362
0
LINE
8
BLACK
6
CONTINUOUS
10
0.0946032677165354
20
3.3016051181102362
11
0.0935102362204724
21
3.3019694488188978
0
LINE
8
BLACK
6
CONTINUOUS
10
0.0935102362204724
20
3.3019694488188978
11
0.0926398818897638
21
3.3027243307086613
0
LINE
8
BLACK
6
CONTINUOUS
10
0.0926398818897638
20
3.3027243307086613
11
0.0921246850393701
21
3.3037547637795277
0
LINE
8
BLACK
6
CONTINUOUS
10
0.0921246850393701
20
3.3037547637795277
11
0.0920429921259843
21
3.3049039763779526
0
LINE
8
BLACK
6
CONTINUOUS
10
0.0920429921259843
20
3.3049039763779526
11
0.0921713385826772
21
3.3054684251968505
0
LINE
8
BLACK
6
CONTINUOUS
10
0.0921713385826772
20
3.3054684251968505
11
0.1052946850393701
21
3.3448385039370079
0
LINE
8
BLACK
6
CONTINUOUS
10
0.1052946850393701
20
3.3448385039370079
11
0.1055306692913386
21
3.3453670472440944
0
LINE
8
BLACK
6
CONTINUOUS
10
0.1055306692913386
20
3.3453670472440944
11
0.1056688582677165
21
3.3455264173228345
0
LINE
8
BLACK
6
CONTINUOUS
10
0.1056688582677165
20
3.3455264173228345
11
0.1057632283464567
21
3.345715118110236
0
LINE
8
BLACK
6
CONTINUOUS
10
0.1057632283464567
20
3.345715118110236
11
0.1060430708661417
21
3.3459578740157481
0
LINE
8
BLACK
6
CONTINUOUS
10
0.1060430708661417
20
3.3459578740157481
11
0.1062855511811024
21
3.3462374015748031
0
LINE
8
BLACK
6
CONTINUOUS
10
0.1062855511811024
20
3.3462374015748031
11
0.106474094488189
21
3.3463316929133859
0
LINE
8
BLACK
6
CONTINUOUS
10
0.106474094488189
20
3.3463316929133859
11
0.1066335826771654
21
3.3464700000000001
0
LINE
8
BLACK
6
CONTINUOUS
10
0.1066335826771654
20
3.3464700000000001
11
0.1069849606299213
21
3.3465871259842519
0
LINE
8
BLACK
6
CONTINUOUS
10
0.1069849606299213
20
3.3465871259842519
11
0.1073159842519685
21
3.3467526377952757
0
LINE
8
BLACK
6
CONTINUOUS
10
0.1073159842519685
20
3.3467526377952757
11
0.1075263779527559
21
3.3467675984251968
0
LINE
8
BLACK
6
CONTINUOUS
10
0.1075263779527559
20
3.3467675984251968
11
0.1077266141732283
21
3.3468343307086612
0
LINE
8
BLACK
6
CONTINUOUS
10
0.1077266141732283
20
3.3468343307086612
11
0.108095905511811
21
3.3468081102362204
0
LINE
8
BLACK
6
CONTINUOUS
10
0.108095905511811
20
3.3468081102362204
11
0.1084651968503937
21
3.3468343307086612
0
LINE
8
BLACK
6
CONTINUOUS
10
0.1084651968503937
20
3.3468343307086612
11
0.1086653937007874
21
3.3467675984251968
0
LINE
8
BLACK
6
CONTINUOUS
10
0.1028188188976378
20
3.3187360629921261
11
0.1133729921259842
21
3.3187360629921261
0
LINE
8
BLACK
6
CONTINUOUS
10
0.1133729921259842
20
3.3187360629921261
11
0.108095905511811
21
3.3345673622047243
0
LINE
8
BLACK
6
CONTINUOUS
10
0.108095905511811
20
3.3345673622047243
11
0.1028188188976378
21
3.3187360629921261
0
LINE
8
BLACK
6
CONTINUOUS
10
0.0500421653543307
20
3.3468007874015746
11
0.0505542125984252
21
3.3468007874015746
0
LINE
8
BLACK
6
CONTINUOUS
10
0.0505542125984252
20
3.3468007874015746
11
0.0506149606299213
21
3.3467756299212597
0
LINE
8
BLACK
6
CONTINUOUS
10
0.0506149606299213
20
3.3467756299212597
11
0.0506808267716535
21
3.3467727165354328
0
LINE
8
BLACK
6
CONTINUOUS
10
0.0506808267716535
20
3.3467727165354328
11
0.0511456692913386
21
3.3465558267716533
0
LINE
8
BLACK
6
CONTINUOUS
10
0.0511456692913386
20
3.3465558267716533
11
0.0516186220472441
21
3.3463598818897635
0
LINE
8
BLACK
6
CONTINUOUS
10
0.0516186220472441
20
3.3463598818897635
11
0.0516651181102362
21
3.3463133858267717
0
LINE
8
BLACK
6
CONTINUOUS
10
0.0516651181102362
20
3.3463133858267717
11
0.051724842519685
21
3.3462855118110237
0
LINE
8
BLACK
6
CONTINUOUS
10
0.051724842519685
20
3.3462855118110237
11
0.052071062992126
21
3.3459074409448819
0
LINE
8
BLACK
6
CONTINUOUS
10
0.052071062992126
20
3.3459074409448819
11
0.0524332677165354
21
3.3455452362204725
0
LINE
8
BLACK
6
CONTINUOUS
10
0.0524332677165354
20
3.3455452362204725
11
0.0524584645669291
21
3.3454844094488188
0
LINE
8
BLACK
6
CONTINUOUS
10
0.0524584645669291
20
3.3454844094488188
11
0.0525029527559055
21
3.3454358267716535
0
LINE
8
BLACK
6
CONTINUOUS
10
0.0525029527559055
20
3.3454358267716535
11
0.052678031496063
21
3.3449543307086613
0
LINE
8
BLACK
6
CONTINUOUS
10
0.052678031496063
20
3.3449543307086613
11
0.0528741732283465
21
3.3444808267716533
0
LINE
8
BLACK
6
CONTINUOUS
10
0.0528741732283465
20
3.3444808267716533
11
0.0528830708661417
21
3.3443904724409448
0
LINE
8
BLACK
6
CONTINUOUS
10
0.0528830708661417
20
3.3443904724409448
11
0.0528966535433071
21
3.3443531102362205
0
LINE
8
BLACK
6
CONTINUOUS
10
0.0528966535433071
20
3.3443531102362205
11
0.0528935826771654
21
3.3442835826771651
0
LINE
8
BLACK
6
CONTINUOUS
10
0.0528935826771654
20
3.3442835826771651
11
0.052930905511811
21
3.3439047637795274
0
LINE
8
BLACK
6
CONTINUOUS
10
0.052930905511811
20
3.3439047637795274
11
0.052930905511811
21
3.30453468503937
0
LINE
8
BLACK
6
CONTINUOUS
10
0.052930905511811
20
3.30453468503937
11
0.0528741732283465
21
3.3039586220472441
0
LINE
8
BLACK
6
CONTINUOUS
10
0.0528741732283465
20
3.3039586220472441
11
0.0524332677165354
21
3.3028942125984253
0
LINE
8
BLACK
6
CONTINUOUS
10
0.0524332677165354
20
3.3028942125984253
11
0.0516186220472441
21
3.3020795669291338
0
LINE
8
BLACK
6
CONTINUOUS
10
0.0516186220472441
20
3.3020795669291338
11
0.0505542125984252
21
3.3016386614173228
0
LINE
8
BLACK
6
CONTINUOUS
10
0.0505542125984252
20
3.3016386614173228
11
0.0494020866141732
21
3.3016386614173228
0
LINE
8
BLACK
6
CONTINUOUS
10
0.0494020866141732
20
3.3016386614173228
11
0.0483376771653543
21
3.3020795669291338
0
LINE
8
BLACK
6
CONTINUOUS
10
0.0483376771653543
20
3.3020795669291338
11
0.047523031496063
21
3.3028942125984253
0
LINE
8
BLACK
6
CONTINUOUS
10
0.047523031496063
20
3.3028942125984253
11
0.047082125984252
21
3.3039586220472441
0
LINE
8
BLACK
6
CONTINUOUS
10
0.047082125984252
20
3.3039586220472441
11
0.0470253937007874
21
3.30453468503937
0
LINE
8
BLACK
6
CONTINUOUS
10
0.0470253937007874
20
3.30453468503937
11
0.0470253937007874
21
3.3305950393700785
0
LINE
8
BLACK
6
CONTINUOUS
10
0.0470253937007874
20
3.3305950393700785
11
0.0395305511811024
21
3.3145346456692915
0
LINE
8
BLACK
6
CONTINUOUS
10
0.0395305511811024
20
3.3145346456692915
11
0.0394055905511811
21
3.3143237401574801
0
LINE
8
BLACK
6
CONTINUOUS
10
0.0394055905511811
20
3.3143237401574801
11
0.0393796062992126
21
3.3142522440944879
0
LINE
8
BLACK
6
CONTINUOUS
10
0.0393796062992126
20
3.3142522440944879
11
0.0393332677165354
21
3.314201692913386
0
LINE
8
BLACK
6
CONTINUOUS
10
0.0393332677165354
20
3.314201692913386
11
0.0392355118110236
21
3.3140366141732285
0
LINE
8
BLACK
6
CONTINUOUS
10
0.0392355118110236
20
3.3140366141732285
11
0.0389046850393701
21
3.3137337007874015
0
LINE
8
BLACK
6
CONTINUOUS
10
0.0389046850393701
20
3.3137337007874015
11
0.0386014960629921
21
3.3134025590551182
0
LINE
8
BLACK
6
CONTINUOUS
10
0.0386014960629921
20
3.3134025590551182
11
0.0384825196850394
21
3.313347086614173
0
LINE
8
BLACK
6
CONTINUOUS
10
0.0384825196850394
20
3.313347086614173
11
0.0383858661417323
21
3.3132585039370079
0
LINE
8
BLACK
6
CONTINUOUS
10
0.0383858661417323
20
3.3132585039370079
11
0.0379643700787402
21
3.313105275590551
0
LINE
8
BLACK
6
CONTINUOUS
10
0.0379643700787402
20
3.313105275590551
11
0.0375574803149606
21
3.3129153543307086
0
LINE
8
BLACK
6
CONTINUOUS
10
0.0375574803149606
20
3.3129153543307086
11
0.0374262992125984
21
3.3129096062992125
0
LINE
8
BLACK
6
CONTINUOUS
10
0.0374262992125984
20
3.3129096062992125
11
0.0373031496062992
21
3.3128648031496062
0
LINE
8
BLACK
6
CONTINUOUS
10
0.0373031496062992
20
3.3128648031496062
11
0.0368550393700787
21
3.3128844881889763
0
LINE
8
BLACK
6
CONTINUOUS
10
0.0368550393700787
20
3.3128844881889763
11
0.0364064566929134
21
3.3128647637795274
0
LINE
8
BLACK
6
CONTINUOUS
10
0.0364064566929134
20
3.3128647637795274
11
0.0362831496062992
21
3.3129096062992125
0
LINE
8
BLACK
6
CONTINUOUS
10
0.0362831496062992
20
3.3129096062992125
11
0.036152125984252
21
3.3129153543307086
0
LINE
8
BLACK
6
CONTINUOUS
10
0.036152125984252
20
3.3129153543307086
11
0.0357454724409449
21
3.3131051574803148
0
LINE
8
BLACK
6
CONTINUOUS
10
0.0357454724409449
20
3.3131051574803148
11
0.0353237401574803
21
3.3132585039370079
0
LINE
8
BLACK
6
CONTINUOUS
10
0.0353237401574803
20
3.3132585039370079
11
0.0352269291338583
21
3.3133471653543305
0
LINE
8
BLACK
6
CONTINUOUS
10
0.0352269291338583
20
3.3133471653543305
11
0.0351081102362205
21
3.3134025984251969
0
LINE
8
BLACK
6
CONTINUOUS
10
0.0351081102362205
20
3.3134025984251969
11
0.034805157480315
21
3.3137334251968502
0
LINE
8
BLACK
6
CONTINUOUS
10
0.034805157480315
20
3.3137334251968502
11
0.034474094488189
21
3.3140365748031497
0
LINE
8
BLACK
6
CONTINUOUS
10
0.034474094488189
20
3.3140365748031497
11
0.0343762204724409
21
3.314201771653543
0
LINE
8
BLACK
6
CONTINUOUS
10
0.0343762204724409
20
3.314201771653543
11
0.03433
21
3.3142522440944879
0
LINE
8
BLACK
6
CONTINUOUS
10
0.03433
20
3.3142522440944879
11
0.0343040157480315
21
3.3143236220472438
0
LINE
8
BLACK
6
CONTINUOUS
10
0.0343040157480315
20
3.3143236220472438
11
0.0341790551181102
21
3.3145346062992127
0
LINE
8
BLACK
6
CONTINUOUS
10
0.0341790551181102
20
3.3145346062992127
11
0.0266842125984252
21
3.3305950393700785
0
LINE
8
BLACK
6
CONTINUOUS
10
0.0266842125984252
20
3.3305950393700785
11
0.0266842125984252
21
3.30453468503937
0
LINE
8
BLACK
6
CONTINUOUS
10
0.0266842125984252
20
3.30453468503937
11
0.0266274803149606
21
3.3039586220472441
0
LINE
8
BLACK
6
CONTINUOUS
10
0.0266274803149606
20
3.3039586220472441
11
0.0261865748031496
21
3.3028942125984253
0
LINE
8
BLACK
6
CONTINUOUS
10
0.0261865748031496
20
3.3028942125984253
11
0.0253719291338583
21
3.3020795669291338
0
LINE
8
BLACK
6
CONTINUOUS
10
0.0253719291338583
20
3.3020795669291338
11
0.0243075196850394
21
3.3016386614173228
0
LINE
8
BLACK
6
CONTINUOUS
10
0.0243075196850394
20
3.3016386614173228
11
0.0231553937007874
21
3.3016386614173228
0
LINE
8
BLACK
6
CONTINUOUS
10
0.0231553937007874
20
3.3016386614173228
11
0.0220909842519685
21
3.3020795669291338
0
LINE
8
BLACK
6
CONTINUOUS
10
0.0220909842519685
20
3.3020795669291338
11
0.0212763385826772
21
3.3028942125984253
0
LINE
8
BLACK
6
CONTINUOUS
10
0.0212763385826772
20
3.3028942125984253
11
0.0208354330708661
21
3.3039586220472441
0
LINE
8
BLACK
6
CONTINUOUS
10
0.0208354330708661
20
3.3039586220472441
11
0.0207787007874016
21
3.30453468503937
0
LINE
8
BLACK
6
CONTINUOUS
10
0.0207787007874016
20
3.30453468503937
11
0.0207787007874016
21
3.3439047637795274
0
LINE
8
BLACK
6
CONTINUOUS
10
0.0207787007874016
20
3.3439047637795274
11
0.0208159842519685
21
3.3442835826771651
0
LINE
8
BLACK
6
CONTINUOUS
10
0.0208159842519685
20
3.3442835826771651
11
0.0208129527559055
21
3.3443531102362205
0
LINE
8
BLACK
6
CONTINUOUS
10
0.0208129527559055
20
3.3443531102362205
11
0.0208264960629921
21
3.3443904724409448
0
LINE
8
BLACK
6
CONTINUOUS
10
0.0208264960629921
20
3.3443904724409448
11
0.0208354330708661
21
3.3444808267716533
0
LINE
8
BLACK
6
CONTINUOUS
10
0.0208354330708661
20
3.3444808267716533
11
0.0210315354330709
21
3.3449543307086613
0
LINE
8
BLACK
6
CONTINUOUS
10
0.0210315354330709
20
3.3449543307086613
11
0.0212066535433071
21
3.3454358267716535
0
LINE
8
BLACK
6
CONTINUOUS
10
0.0212066535433071
20
3.3454358267716535
11
0.0212511023622047
21
3.3454844094488188
0
LINE
8
BLACK
6
CONTINUOUS
10
0.0212511023622047
20
3.3454844094488188
11
0.0212763385826772
21
3.3455452362204725
0
LINE
8
BLACK
6
CONTINUOUS
10
0.0212763385826772
20
3.3455452362204725
11
0.0216387401574803
21
3.3459076771653544
0
LINE
8
BLACK
6
CONTINUOUS
10
0.0216387401574803
20
3.3459076771653544
11
0.0219847637795276
21
3.346285472440945
0
LINE
8
BLACK
6
CONTINUOUS
10
0.0219847637795276
20
3.346285472440945
11
0.0220444094488189
21
3.346313346456693
0
LINE
8
BLACK
6
CONTINUOUS
10
0.0220444094488189
20
3.346313346456693
11
0.0220909842519685
21
3.3463598818897635
0
LINE
8
BLACK
6
CONTINUOUS
10
0.0220909842519685
20
3.3463598818897635
11
0.0225642519685039
21
3.3465559448818896
0
LINE
8
BLACK
6
CONTINUOUS
10
0.0225642519685039
20
3.3465559448818896
11
0.0230287795275591
21
3.3467727165354328
0
LINE
8
BLACK
6
CONTINUOUS
10
0.0230287795275591
20
3.3467727165354328
11
0.0230945669291339
21
3.3467756299212597
0
LINE
8
BLACK
6
CONTINUOUS
10
0.0230945669291339
20
3.3467756299212597
11
0.0231553937007874
21
3.3468007874015746
0
LINE
8
BLACK
6
CONTINUOUS
10
0.0231553937007874
20
3.3468007874015746
11
0.0236679527559055
21
3.3468007874015746
0
LINE
8
BLACK
6
CONTINUOUS
10
0.0236679527559055
20
3.3468007874015746
11
0.0241798031496063
21
3.3468232677165353
0
LINE
8
BLACK
6
CONTINUOUS
10
0.0241798031496063
20
3.3468232677165353
11
0.0242416141732283
21
3.3468007874015746
0
LINE
8
BLACK
6
CONTINUOUS
10
0.0242416141732283
20
3.3468007874015746
11
0.0243075196850394
21
3.3468007874015746
0
LINE
8
BLACK
6
CONTINUOUS
10
0.0243075196850394
20
3.3468007874015746
11
0.0247809842519685
21
3.3466046850393698
0
LINE
8
BLACK
6
CONTINUOUS
10
0.0247809842519685
20
3.3466046850393698
11
0.0252625196850394
21
3.346429566929134
0
LINE
8
BLACK
6
CONTINUOUS
10
0.0252625196850394
20
3.346429566929134
11
0.025311062992126
21
3.346385118110236
0
LINE
8
BLACK
6
CONTINUOUS
10
0.025311062992126
20
3.346385118110236
11
0.0253719291338583
21
3.3463598818897635
0
LINE
8
BLACK
6
CONTINUOUS
10
0.0253719291338583
20
3.3463598818897635
11
0.0257343307086614
21
3.3459974803149604
0
LINE
8
BLACK
6
CONTINUOUS
10
0.0257343307086614
20
3.3459974803149604
11
0.0261121653543307
21
3.3456514566929134
0
LINE
8
BLACK
6
CONTINUOUS
10
0.0261121653543307
20
3.3456514566929134
11
0.0261583858267717
21
3.3455734251968505
0
LINE
8
BLACK
6
CONTINUOUS
10
0.0261583858267717
20
3.3455734251968505
11
0.0261865748031496
21
3.3455452362204725
0
LINE
8
BLACK
6
CONTINUOUS
10
0.0261865748031496
20
3.3455452362204725
11
0.0262132677165354
21
3.3454808267716536
0
LINE
8
BLACK
6
CONTINUOUS
10
0.0262132677165354
20
3.3454808267716536
11
0.0264072047244094
21
3.3451534251968504
0
LINE
8
BLACK
6
CONTINUOUS
10
0.0264072047244094
20
3.3451534251968504
11
0.0368547637795276
21
3.3227657480314958
0
LINE
8
BLACK
6
CONTINUOUS
10
0.0368547637795276
20
3.3227657480314958
11
0.0473024015748032
21
3.3451534645669292
0
LINE
8
BLACK
6
CONTINUOUS
10
0.0473024015748032
20
3.3451534645669292
11
0.0474963779527559
21
3.3454809448818899
0
LINE
8
BLACK
6
CONTINUOUS
10
0.0474963779527559
20
3.3454809448818899
11
0.047523031496063
21
3.3455452362204725
0
LINE
8
BLACK
6
CONTINUOUS
10
0.047523031496063
20
3.3455452362204725
11
0.0475511417322835
21
3.3455733858267718
0
LINE
8
BLACK
6
CONTINUOUS
10
0.0475511417322835
20
3.3455733858267718
11
0.0475974409448819
21
3.3456514960629922
0
LINE
8
BLACK
6
CONTINUOUS
10
0.0475974409448819
20
3.3456514960629922
11
0.0479755118110236
21
3.3459977559055116
0
LINE
8
BLACK
6
CONTINUOUS
10
0.0479755118110236
20
3.3459977559055116
11
0.0483376771653543
21
3.3463598818897635
0
LINE
8
BLACK
6
CONTINUOUS
10
0.0483376771653543
20
3.3463598818897635
11
0.0483985039370079
21
3.3463850787401572
0
LINE
8
BLACK
6
CONTINUOUS
10
0.0483985039370079
20
3.3463850787401572
11
0.0484470866141732
21
3.346429566929134
0
LINE
8
BLACK
6
CONTINUOUS
10
0.0484470866141732
20
3.346429566929134
11
0.0489288976377953
21
3.3466048031496061
0
LINE
8
BLACK
6
CONTINUOUS
10
0.0489288976377953
20
3.3466048031496061
11
0.0494020866141732
21
3.3468007874015746
0
LINE
8
BLACK
6
CONTINUOUS
10
0.0494020866141732
20
3.3468007874015746
11
0.049467874015748
21
3.3468007874015746
0
LINE
8
BLACK
6
CONTINUOUS
10
0.049467874015748
20
3.3468007874015746
11
0.0495298031496063
21
3.346823307086614
0
LINE
8
BLACK
6
CONTINUOUS
10
0.0495298031496063
20
3.346823307086614
11
0.0500421653543307
21
3.3468007874015746
0
LINE
8
BLACK
6
CONTINUOUS
10
0.3655149212598425
20
3.3336774409448817
11
0.3665793307086614
21
3.3332365354330706
0
LINE
8
BLACK
6
CONTINUOUS
10
0.3665793307086614
20
3.3332365354330706
11
0.3673939763779527
21
3.3324218897637796
0
LINE
8
BLACK
6
CONTINUOUS
10
0.3673939763779527
20
3.3324218897637796
11
0.3678348818897638
21
3.3313574803149604
0
LINE
8
BLACK
6
CONTINUOUS
10
0.3678348818897638
20
3.3313574803149604
11
0.3678348818897638
21
3.3302053543307086
0
LINE
8
BLACK
6
CONTINUOUS
10
0.3678348818897638
20
3.3302053543307086
11
0.3673939763779527
21
3.3291409448818898
0
LINE
8
BLACK
6
CONTINUOUS
10
0.3673939763779527
20
3.3291409448818898
11
0.3665793307086614
21
3.3283262992125984
0
LINE
8
BLACK
6
CONTINUOUS
10
0.3665793307086614
20
3.3283262992125984
11
0.3655149212598425
21
3.3278853937007873
0
LINE
8
BLACK
6
CONTINUOUS
10
0.3655149212598425
20
3.3278853937007873
11
0.3649388582677165
21
3.3278286614173229
0
LINE
8
BLACK
6
CONTINUOUS
10
0.3649388582677165
20
3.3278286614173229
11
0.3618863779527559
21
3.3278286614173229
0
LINE
8
BLACK
6
CONTINUOUS
10
0.3618863779527559
20
3.3278286614173229
11
0.3591888976377953
21
3.3264799212598426
0
LINE
8
BLACK
6
CONTINUOUS
10
0.3591888976377953
20
3.3264799212598426
11
0.3579917716535433
21
3.3252827952755903
0
LINE
8
BLACK
6
CONTINUOUS
10
0.3579917716535433
20
3.3252827952755903
11
0.356643031496063
21
3.3225853149606297
0
LINE
8
BLACK
6
CONTINUOUS
10
0.356643031496063
20
3.3225853149606297
11
0.356643031496063
21
3.30453468503937
0
LINE
8
BLACK
6
CONTINUOUS
10
0.356643031496063
20
3.30453468503937
11
0.3565862992125984
21
3.3039586220472441
0
LINE
8
BLACK
6
CONTINUOUS
10
0.3565862992125984
20
3.3039586220472441
11
0.3561453937007874
21
3.3028942125984253
0
LINE
8
BLACK
6
CONTINUOUS
10
0.3561453937007874
20
3.3028942125984253
11
0.3553307480314961
21
3.3020795669291338
0
LINE
8
BLACK
6
CONTINUOUS
10
0.3553307480314961
20
3.3020795669291338
11
0.3542663385826771
21
3.3016386614173228
0
LINE
8
BLACK
6
CONTINUOUS
10
0.3542663385826771
20
3.3016386614173228
11
0.3531142125984252
21
3.3016386614173228
0
LINE
8
BLACK
6
CONTINUOUS
10
0.3531142125984252
20
3.3016386614173228
11
0.3520498031496063
21
3.3020795669291338
0
LINE
8
BLACK
6
CONTINUOUS
10
0.3520498031496063
20
3.3020795669291338
11
0.351235157480315
21
3.3028942125984253
0
LINE
8
BLACK
6
CONTINUOUS
10
0.351235157480315
20
3.3028942125984253
11
0.3507942519685039
21
3.3039586220472441
0
LINE
8
BLACK
6
CONTINUOUS
10
0.3507942519685039
20
3.3039586220472441
11
0.3507375196850394
21
3.30453468503937
0
LINE
8
BLACK
6
CONTINUOUS
10
0.3507375196850394
20
3.30453468503937
11
0.3507375196850394
21
3.3307814173228345
0
LINE
8
BLACK
6
CONTINUOUS
10
0.3507375196850394
20
3.3307814173228345
11
0.3507942519685039
21
3.3313574803149604
0
LINE
8
BLACK
6
CONTINUOUS
10
0.3507942519685039
20
3.3313574803149604
11
0.351235157480315
21
3.3324218897637796
0
LINE
8
BLACK
6
CONTINUOUS
10
0.351235157480315
20
3.3324218897637796
11
0.3520498031496063
21
3.3332365354330706
0
LINE
8
BLACK
6
CONTINUOUS
10
0.3520498031496063
20
3.3332365354330706
11
0.3531142125984252
21
3.3336774409448817
0
LINE
8
BLACK
6
CONTINUOUS
10
0.3531142125984252
20
3.3336774409448817
11
0.3542663385826771
21
3.3336774409448817
0
LINE
8
BLACK
6
CONTINUOUS
10
0.3542663385826771
20
3.3336774409448817
11
0.3553307480314961
21
3.3332365354330706
0
LINE
8
BLACK
6
CONTINUOUS
10
0.3553307480314961
20
3.3332365354330706
11
0.3561453937007874
21
3.3324218897637796
0
LINE
8
BLACK
6
CONTINUOUS
10
0.3561453937007874
20
3.3324218897637796
11
0.3564408661417323
21
3.331708503937008
0
LINE
8
BLACK
6
CONTINUOUS
10
0.3564408661417323
20
3.331708503937008
11
0.3598688188976378
21
3.3334224409448816
0
LINE
8
BLACK
6
CONTINUOUS
10
0.3598688188976378
20
3.3334224409448816
11
0.3604094094488189
21
3.3336293307086615
0
LINE
8
BLACK
6
CONTINUOUS
10
0.3604094094488189
20
3.3336293307086615
11
0.3605152755905512
21
3.3336368897637794
0
LINE
8
BLACK
6
CONTINUOUS
10
0.3605152755905512
20
3.3336368897637794
11
0.3606132677165354
21
3.3336774409448817
0
LINE
8
BLACK
6
CONTINUOUS
10
0.3606132677165354
20
3.3336774409448817
11
0.3611893307086614
21
3.3337341732283465
0
LINE
8
BLACK
6
CONTINUOUS
10
0.3611893307086614
20
3.3337341732283465
11
0.3649388582677165
21
3.3337341732283465
0
LINE
8
BLACK
6
CONTINUOUS
10
0.3649388582677165
20
3.3337341732283465
11
0.3655149212598425
21
3.3336774409448817
0
LINE
8
BLACK
6
CONTINUOUS
10
0.3898868897637795
20
3.3336774409448817
11
0.3899848818897638
21
3.3336368503937006
0
LINE
8
BLACK
6
CONTINUOUS
10
0.3899848818897638
20
3.3336368503937006
11
0.3900907086614173
21
3.3336293307086615
0
LINE
8
BLACK
6
CONTINUOUS
10
0.3900907086614173
20
3.3336293307086615
11
0.3906313385826772
21
3.3334224409448816
0
LINE
8
BLACK
6
CONTINUOUS
10
0.3906313385826772
20
3.3334224409448816
11
0.3943808661417323
21
3.331547677165354
0
LINE
8
BLACK
6
CONTINUOUS
10
0.3943808661417323
20
3.331547677165354
11
0.3944772047244094
21
3.3314870472440945
0
LINE
8
BLACK
6
CONTINUOUS
10
0.3944772047244094
20
3.3314870472440945
11
0.3945226377952756
21
3.3314718897637796
0
LINE
8
BLACK
6
CONTINUOUS
10
0.3945226377952756
20
3.3314718897637796
11
0.3945791732283465
21
3.3314228740157481
0
LINE
8
BLACK
6
CONTINUOUS
10
0.3945791732283465
20
3.3314228740157481
11
0.3948707480314961
21
3.3312393307086614
0
LINE
8
BLACK
6
CONTINUOUS
10
0.3948707480314961
20
3.3312393307086614
11
0.3951133070866142
21
3.3309596456692914
0
LINE
8
BLACK
6
CONTINUOUS
10
0.3951133070866142
20
3.3309596456692914
11
0.395393031496063
21
3.3307170472440943
0
LINE
8
BLACK
6
CONTINUOUS
10
0.395393031496063
20
3.3307170472440943
11
0.3955765354330709
21
3.3304255118110238
0
LINE
8
BLACK
6
CONTINUOUS
10
0.3955765354330709
20
3.3304255118110238
11
0.3956255905511811
21
3.330368937007874
0
LINE
8
BLACK
6
CONTINUOUS
10
0.3956255905511811
20
3.330368937007874
11
0.3956407086614173
21
3.3303235433070864
0
LINE
8
BLACK
6
CONTINUOUS
10
0.3956407086614173
20
3.3303235433070864
11
0.3957013779527559
21
3.3302271653543305
0
LINE
8
BLACK
6
CONTINUOUS
10
0.3957013779527559
20
3.3302271653543305
11
0.3975761417322835
21
3.3264776377952754
0
LINE
8
BLACK
6
CONTINUOUS
10
0.3975761417322835
20
3.3264776377952754
11
0.397783031496063
21
3.3259370472440946
0
LINE
8
BLACK
6
CONTINUOUS
10
0.397783031496063
20
3.3259370472440946
11
0.3977905511811023
21
3.325831181102362
0
LINE
8
BLACK
6
CONTINUOUS
10
0.3977905511811023
20
3.325831181102362
11
0.3978311417322835
21
3.3257331889763777
0
LINE
8
BLACK
6
CONTINUOUS
10
0.3978311417322835
20
3.3257331889763777
11
0.397887874015748
21
3.3251571259842518
0
LINE
8
BLACK
6
CONTINUOUS
10
0.397887874015748
20
3.3251571259842518
11
0.397887874015748
21
3.30453468503937
0
LINE
8
BLACK
6
CONTINUOUS
10
0.397887874015748
20
3.30453468503937
11
0.3978311417322835
21
3.3039586220472441
0
LINE
8
BLACK
6
CONTINUOUS
10
0.3978311417322835
20
3.3039586220472441
11
0.3973902362204724
21
3.3028942125984253
0
LINE
8
BLACK
6
CONTINUOUS
10
0.3973902362204724
20
3.3028942125984253
11
0.3965755905511811
21
3.3020795669291338
0
LINE
8
BLACK
6
CONTINUOUS
10
0.3965755905511811
20
3.3020795669291338
11
0.3955111811023622
21
3.3016386614173228
0
LINE
8
BLACK
6
CONTINUOUS
10
0.3955111811023622
20
3.3016386614173228
11
0.3943590551181102
21
3.3016386614173228
0
LINE
8
BLACK
6
CONTINUOUS
10
0.3943590551181102
20
3.3016386614173228
11
0.3932946456692913
21
3.3020795669291338
0
LINE
8
BLACK
6
CONTINUOUS
10
0.3932946456692913
20
3.3020795669291338
11
0.39248
21
3.3028942125984253
0
LINE
8
BLACK
6
CONTINUOUS
10
0.39248
20
3.3028942125984253
11
0.392039094488189
21
3.3039586220472441
0
LINE
8
BLACK
6
CONTINUOUS
10
0.392039094488189
20
3.3039586220472441
11
0.3919823622047244
21
3.30453468503937
0
LINE
8
BLACK
6
CONTINUOUS
10
0.3919823622047244
20
3.30453468503937
11
0.3919823622047244
21
3.3244600787401573
0
LINE
8
BLACK
6
CONTINUOUS
10
0.3919823622047244
20
3.3244600787401573
11
0.3908594881889764
21
3.3267058267716534
0
LINE
8
BLACK
6
CONTINUOUS
10
0.3908594881889764
20
3.3267058267716534
11
0.388613779527559
21
3.3278286614173229
0
LINE
8
BLACK
6
CONTINUOUS
10
0.388613779527559
20
3.3278286614173229
11
0.3843835826771653
21
3.3278286614173229
0
LINE
8
BLACK
6
CONTINUOUS
10
0.3843835826771653
20
3.3278286614173229
11
0.3816861023622047
21
3.3264799212598426
0
LINE
8
BLACK
6
CONTINUOUS
10
0.3816861023622047
20
3.3264799212598426
11
0.381015
21
3.3258088188976376
0
LINE
8
BLACK
6
CONTINUOUS
10
0.381015
20
3.3258088188976376
11
0.381015
21
3.30453468503937
0
LINE
8
BLACK
6
CONTINUOUS
10
0.381015
20
3.30453468503937
11
0.3809582677165354
21
3.3039586220472441
0
LINE
8
BLACK
6
CONTINUOUS
10
0.3809582677165354
20
3.3039586220472441
11
0.3805173622047244
21
3.3028942125984253
0
LINE
8
BLACK
6
CONTINUOUS
10
0.3805173622047244
20
3.3028942125984253
11
0.3797027165354331
21
3.3020795669291338
0
LINE
8
BLACK
6
CONTINUOUS
10
0.3797027165354331
20
3.3020795669291338
11
0.3786383070866142
21
3.3016386614173228
0
LINE
8
BLACK
6
CONTINUOUS
10
0.3786383070866142
20
3.3016386614173228
11
0.3774861811023622
21
3.3016386614173228
0
LINE
8
BLACK
6
CONTINUOUS
10
0.3774861811023622
20
3.3016386614173228
11
0.3764217716535433
21
3.3020795669291338
0
LINE
8
BLACK
6
CONTINUOUS
10
0.3764217716535433
20
3.3020795669291338
11
0.3756071259842519
21
3.3028942125984253
0
LINE
8
BLACK
6
CONTINUOUS
10
0.3756071259842519
20
3.3028942125984253
11
0.3751662204724409
21
3.3039586220472441
0
LINE
8
BLACK
6
CONTINUOUS
10
0.3751662204724409
20
3.3039586220472441
11
0.3751094881889764
21
3.30453468503937
0
LINE
8
BLACK
6
CONTINUOUS
10
0.3751094881889764
20
3.30453468503937
11
0.3751094881889764
21
3.3307814173228345
0
LINE
8
BLACK
6
CONTINUOUS
10
0.3751094881889764
20
3.3307814173228345
11
0.3751662204724409
21
3.3313574803149604
0
LINE
8
BLACK
6
CONTINUOUS
10
0.3751662204724409
20
3.3313574803149604
11
0.3756071259842519
21
3.3324218897637796
0
LINE
8
BLACK
6
CONTINUOUS
10
0.3756071259842519
20
3.3324218897637796
11
0.3764217716535433
21
3.3332365354330706
0
LINE
8
BLACK
6
CONTINUOUS
10
0.3764217716535433
20
3.3332365354330706
11
0.3774861811023622
21
3.3336774409448817
0
LINE
8
BLACK
6
CONTINUOUS
10
0.3774861811023622
20
3.3336774409448817
11
0.3786383070866142
21
3.3336774409448817
0
LINE
8
BLACK
6
CONTINUOUS
10
0.3786383070866142
20
3.3336774409448817
11
0.3797027165354331
21
3.3332365354330706
0
LINE
8
BLACK
6
CONTINUOUS
10
0.3797027165354331
20
3.3332365354330706
11
0.3804665354330709
21
3.3324727165354329
0
LINE
8
BLACK
6
CONTINUOUS
10
0.3804665354330709
20
3.3324727165354329
11
0.3823660236220472
21
3.3334224409448816
0
LINE
8
BLACK
6
CONTINUOUS
10
0.3823660236220472
20
3.3334224409448816
11
0.3829066141732284
21
3.3336293307086615
0
LINE
8
BLACK
6
CONTINUOUS
10
0.3829066141732284
20
3.3336293307086615
11
0.3830124803149606
21
3.3336368897637794
0
LINE
8
BLACK
6
CONTINUOUS
10
0.3830124803149606
20
3.3336368897637794
11
0.3831104724409449
21
3.3336774409448817
0
LINE
8
BLACK
6
CONTINUOUS
10
0.3831104724409449
20
3.3336774409448817
11
0.3836865354330709
21
3.3337341732283465
0
LINE
8
BLACK
6
CONTINUOUS
10
0.3836865354330709
20
3.3337341732283465
11
0.3893108267716535
21
3.3337341732283465
0
LINE
8
BLACK
6
CONTINUOUS
10
0.3893108267716535
20
3.3337341732283465
11
0.3898868897637795
21
3.3336774409448817
0
LINE
8
BLACK
6
CONTINUOUS
10
-0.7786744881889763
20
4.0720417322834646
11
-0.777859842519685
21
4.0712270866141731
0
LINE
8
BLACK
6
CONTINUOUS
10
-0.777859842519685
20
4.0712270866141731
11
-0.777418937007874
21
4.0701626771653538
0
LINE
8
BLACK
6
CONTINUOUS
10
-0.777418937007874
20
4.0701626771653538
11
-0.7773622047244094
21
4.069586614173228
0
LINE
8
BLACK
6
CONTINUOUS
10
-0.7773622047244094
20
4.069586614173228
11
-0.7773622047244094
21
3.6487636614173229
0
LINE
8
BLACK
6
CONTINUOUS
10
-0.7773622047244094
20
3.6487636614173229
11
-0.7373278346456693
21
3.6696042125984252
0
LINE
8
BLACK
6
CONTINUOUS
10
-0.7373278346456693
20
3.6696042125984252
11
-0.7367906692913385
21
3.6698198818897638
0
LINE
8
BLACK
6
CONTINUOUS
10
-0.7367906692913385
20
3.6698198818897638
11
-0.7356429527559055
21
3.6699202755905511
0
LINE
8
BLACK
6
CONTINUOUS
10
-0.7356429527559055
20
3.6699202755905511
11
-0.7345441732283464
21
3.6695738188976379
0
LINE
8
BLACK
6
CONTINUOUS
10
-0.7345441732283464
20
3.6695738188976379
11
-0.7336616141732283
21
3.6688332677165354
0
LINE
8
BLACK
6
CONTINUOUS
10
-0.7336616141732283
20
3.6688332677165354
11
-0.7331296062992125
21
3.6678113385826769
0
LINE
8
BLACK
6
CONTINUOUS
10
-0.7331296062992125
20
3.6678113385826769
11
-0.7330292125984251
21
3.6666636220472442
0
LINE
8
BLACK
6
CONTINUOUS
10
-0.7330292125984251
20
3.6666636220472442
11
-0.7333756692913386
21
3.665564842519685
0
LINE
8
BLACK
6
CONTINUOUS
10
-0.7333756692913386
20
3.665564842519685
11
-0.734116220472441
21
3.6646822834645669
0
LINE
8
BLACK
6
CONTINUOUS
10
-0.734116220472441
20
3.6646822834645669
11
-0.7346009842519685
21
3.6643659448818897
0
LINE
8
BLACK
6
CONTINUOUS
10
-0.7346009842519685
20
3.6643659448818897
11
-0.768248031496063
21
3.6468503937007872
0
LINE
8
BLACK
6
CONTINUOUS
10
-0.768248031496063
20
3.6468503937007872
11
-0.3923818897637795
21
3.6468503937007872
0
LINE
8
BLACK
6
CONTINUOUS
10
-0.3923818897637795
20
3.6468503937007872
11
-0.426028937007874
21
3.6643659448818897
0
LINE
8
BLACK
6
CONTINUOUS
10
-0.426028937007874
20
3.6643659448818897
11
-0.4265137401574803
21
3.6646822834645669
0
LINE
8
BLACK
6
CONTINUOUS
10
-0.4265137401574803
20
3.6646822834645669
11
-0.4272542913385827
21
3.665564842519685
0
LINE
8
BLACK
6
CONTINUOUS
10
-0.4272542913385827
20
3.665564842519685
11
-0.4276007086614173
21
3.6666636220472442
0
LINE
8
BLACK
6
CONTINUOUS
10
-0.4276007086614173
20
3.6666636220472442
11
-0.4275003149606299
21
3.6678113385826769
0
LINE
8
BLACK
6
CONTINUOUS
10
-0.4275003149606299
20
3.6678113385826769
11
-0.4269683070866142
21
3.6688333070866141
0
LINE
8
BLACK
6
CONTINUOUS
10
-0.4269683070866142
20
3.6688333070866141
11
-0.4260857480314961
21
3.6695738582677166
0
LINE
8
BLACK
6
CONTINUOUS
10
-0.4260857480314961
20
3.6695738582677166
11
-0.424986968503937
21
3.6699202755905511
0
LINE
8
BLACK
6
CONTINUOUS
10
-0.424986968503937
20
3.6699202755905511
11
-0.4238392519685039
21
3.6698198818897638
0
LINE
8
BLACK
6
CONTINUOUS
10
-0.4238392519685039
20
3.6698198818897638
11
-0.4233020866141732
21
3.6696042125984252
0
LINE
8
BLACK
6
CONTINUOUS
10
-0.4233020866141732
20
3.6696042125984252
11
-0.3832677165354331
21
3.6487636614173229
0
LINE
8
BLACK
6
CONTINUOUS
10
-0.3832677165354331
20
3.6487636614173229
11
-0.3832677165354331
21
3.6669850393700787
0
LINE
8
BLACK
6
CONTINUOUS
10
-0.3832677165354331
20
3.6669850393700787
11
-0.3832109842519685
21
3.6675611023622046
0
LINE
8
BLACK
6
CONTINUOUS
10
-0.3832109842519685
20
3.6675611023622046
11
-0.3827700787401574
21
3.6686255118110234
0
LINE
8
BLACK
6
CONTINUOUS
10
-0.3827700787401574
20
3.6686255118110234
11
-0.3819554330708662
21
3.6694401574803148
0
LINE
8
BLACK
6
CONTINUOUS
10
-0.3819554330708662
20
3.6694401574803148
11
-0.3808910236220472
21
3.6698810629921259
0
LINE
8
BLACK
6
CONTINUOUS
10
-0.3808910236220472
20
3.6698810629921259
11
-0.3797388976377953
21
3.6698810629921259
0
LINE
8
BLACK
6
CONTINUOUS
10
-0.3797388976377953
20
3.6698810629921259
11
-0.3786744881889764
21
3.6694401574803148
0
LINE
8
BLACK
6
CONTINUOUS
10
-0.3786744881889764
20
3.6694401574803148
11
-0.377859842519685
21
3.6686255118110234
0
LINE
8
BLACK
6
CONTINUOUS
10
-0.377859842519685
20
3.6686255118110234
11
-0.377418937007874
21
3.6675611023622046
0
LINE
8
BLACK
6
CONTINUOUS
10
-0.377418937007874
20
3.6675611023622046
11
-0.3773622047244095
21
3.6669850393700787
0
LINE
8
BLACK
6
CONTINUOUS
10
-0.3773622047244095
20
3.6669850393700787
11
-0.3773622047244095
21
3.3829133858267717
0
LINE
8
BLACK
6
CONTINUOUS
10
-0.3773622047244095
20
3.3829133858267717
11
-0.002508031496063
21
3.3829133858267717
0
LINE
8
BLACK
6
CONTINUOUS
10
-0.002508031496063
20
3.3829133858267717
11
-0.0021872834645669
21
3.3832341338582674
0
LINE
8
BLACK
6
CONTINUOUS
10
-0.0021872834645669
20
3.3832341338582674
11
-0.0007680708661417
21
3.3838220078740155
0
LINE
8
BLACK
6
CONTINUOUS
10
-0.0007680708661417
20
3.3838220078740155
11
0.
21
3.3838976377952754
0
LINE
8
BLACK
6
CONTINUOUS
10
0.
20
3.3838976377952754
11
5.3603149606299212
21
3.3838976377952754
0
LINE
8
BLACK
6
CONTINUOUS
10
5.3603149606299212
20
3.3838976377952754
11
5.3610830314960625
21
3.3838220078740155
0
LINE
8
BLACK
6
CONTINUOUS
10
5.3610830314960625
20
3.3838220078740155
11
5.3625022440944878
21
3.3832341338582674
0
LINE
8
BLACK
6
CONTINUOUS
10
5.3625022440944878
20
3.3832341338582674
11
5.3635884645669289
21
3.3821479133858268
0
LINE
8
BLACK
6
CONTINUOUS
10
5.3635884645669289
20
3.3821479133858268
11
5.3641763385826771
21
3.3807287007874014
0
LINE
8
BLACK
6
CONTINUOUS
10
5.3641763385826771
20
3.3807287007874014
11
5.3642519685039369
21
3.3799606299212597
0
LINE
8
BLACK
6
CONTINUOUS
10
5.3642519685039369
20
3.3799606299212597
11
5.3642519685039369
21
3.2829133858267716
0
LINE
8
BLACK
6
CONTINUOUS
10
5.3642519685039369
20
3.2829133858267716
11
5.3799999999999999
21
3.2829133858267716
0
LINE
8
BLACK
6
CONTINUOUS
10
5.3799999999999999
20
3.2829133858267716
11
5.3805760629921258
21
3.2828566535433068
0
LINE
8
BLACK
6
CONTINUOUS
10
5.3805760629921258
20
3.2828566535433068
11
5.381640472440945
21
3.2824157480314962
0
LINE
8
BLACK
6
CONTINUOUS
10
5.381640472440945
20
3.2824157480314962
11
5.3824551181102365
21
3.2816011023622047
0
LINE
8
BLACK
6
CONTINUOUS
10
5.3824551181102365
20
3.2816011023622047
11
5.3828960236220471
21
3.2805366929133859
0
LINE
8
BLACK
6
CONTINUOUS
10
5.3828960236220471
20
3.2805366929133859
11
5.3829527559055119
21
3.2799606299212596
0
LINE
8
BLACK
6
CONTINUOUS
10
5.3829527559055119
20
3.2799606299212596
11
5.3829527559055119
21
0.0999606299212598
0
LINE
8
BLACK
6
CONTINUOUS
10
5.3829527559055119
20
0.0999606299212598
11
5.3828960236220471
21
0.0993845669291339
0
LINE
8
BLACK
6
CONTINUOUS
10
5.3828960236220471
20
0.0993845669291339
11
5.3824551181102365
21
0.098320157480315
0
LINE
8
BLACK
6
CONTINUOUS
10
5.3824551181102365
20
0.098320157480315
11
5.381640472440945
21
0.0975055118110236
0
LINE
8
BLACK
6
CONTINUOUS
10
5.381640472440945
20
0.0975055118110236
11
5.3805760629921258
21
0.0970646062992126
0
LINE
8
BLACK
6
CONTINUOUS
10
5.3805760629921258
20
0.0970646062992126
11
5.3799999999999999
21
0.097007874015748
0
LINE
8
BLACK
6
CONTINUOUS
10
5.3799999999999999
20
0.097007874015748
11
5.3642519685039369
21
0.097007874015748
0
LINE
8
BLACK
6
CONTINUOUS
10
5.3642519685039369
20
0.097007874015748
11
5.3642519685039369
21
-0.0000393700787402
0
LINE
8
BLACK
6
CONTINUOUS
10
5.3642519685039369
20
-0.0000393700787402
11
5.3641763385826771
21
-0.0008074409448819
0
LINE
8
BLACK
6
CONTINUOUS
10
5.3641763385826771
20
-0.0008074409448819
11
5.3635884645669289
21
-0.0022266535433071
0
LINE
8
BLACK
6
CONTINUOUS
10
5.3635884645669289
20
-0.0022266535433071
11
5.3625022440944878
21
-0.003312874015748
0
LINE
8
BLACK
6
CONTINUOUS
10
5.3625022440944878
20
-0.003312874015748
11
5.3610830314960625
21
-0.0039007480314961
0
LINE
8
BLACK
6
CONTINUOUS
10
5.3610830314960625
20
-0.0039007480314961
11
5.3603149606299212
21
-0.0039763779527559
0
LINE
8
BLACK
6
CONTINUOUS
10
5.3603149606299212
20
-0.0039763779527559
11
0.
21
-0.0039763779527559
0
LINE
8
BLACK
6
CONTINUOUS
10
0.
20
-0.0039763779527559
11
-0.0007680708661417
21
-0.0039007480314961
0
LINE
8
BLACK
6
CONTINUOUS
10
-0.0007680708661417
20
-0.0039007480314961
11
-0.0021872834645669
21
-0.003312874015748
0
LINE
8
BLACK
6
CONTINUOUS
10
-0.0021872834645669
20
-0.003312874015748
11
-0.002508031496063
21
-0.002992125984252
0
LINE
8
BLACK
6
CONTINUOUS
10
-0.002508031496063
20
-0.002992125984252
11
-0.7773622047244094
21
-0.002992125984252
0
LINE
8
BLACK
6
CONTINUOUS
10
-0.7773622047244094
20
-0.002992125984252
11
-0.7773622047244094
21
-0.1238188976377953
0
LINE
8
BLACK
6
CONTINUOUS
10
-0.7773622047244094
20
-0.1238188976377953
11
-0.0120669291338583
21
-0.1238188976377953
0
LINE
8
BLACK
6
CONTINUOUS
10
-0.0120669291338583
20
-0.1238188976377953
11
-0.0457139763779528
21
-0.1063033464566929
0
LINE
8
BLACK
6
CONTINUOUS
10
-0.0457139763779528
20
-0.1063033464566929
11
-0.0461987795275591
21
-0.1059870078740157
0
LINE
8
BLACK
6
CONTINUOUS
10
-0.0461987795275591
20
-0.1059870078740157
11
-0.0469393307086614
21
-0.1051044488188976
0
LINE
8
BLACK
6
CONTINUOUS
10
-0.0469393307086614
20
-0.1051044488188976
11
-0.0472857480314961
21
-0.1040056692913386
0
LINE
8
BLACK
6
CONTINUOUS
10
-0.0472857480314961
20
-0.1040056692913386
11
-0.0471853543307087
21
-0.1028579527559055
0
LINE
8
BLACK
6
CONTINUOUS
10
-0.0471853543307087
20
-0.1028579527559055
11
-0.0466533464566929
21
-0.1018359842519685
0
LINE
8
BLACK
6
CONTINUOUS
10
-0.0466533464566929
20
-0.1018359842519685
11
-0.0457707874015748
21
-0.1010954330708661
0
LINE
8
BLACK
6
CONTINUOUS
10
-0.0457707874015748
20
-0.1010954330708661
11
-0.0446720078740157
21
-0.1007490157480315
0
LINE
8
BLACK
6
CONTINUOUS
10
-0.0446720078740157
20
-0.1007490157480315
11
-0.0435242913385827
21
-0.1008494094488189
0
LINE
8
BLACK
6
CONTINUOUS
10
-0.0435242913385827
20
-0.1008494094488189
11
-0.042987125984252
21
-0.1010650787401575
0
LINE
8
BLACK
6
CONTINUOUS
10
-0.042987125984252
20
-0.1010650787401575
11
-0.0029527559055118
21
-0.1219056299212598
0
LINE
8
BLACK
6
CONTINUOUS
10
-0.0029527559055118
20
-0.1219056299212598
11
-0.0029527559055118
21
-0.0197244094488189
0
LINE
8
BLACK
6
CONTINUOUS
10
-0.0029527559055118
20
-0.0197244094488189
11
-0.0028960236220472
21
-0.0191483464566929
0
LINE
8
BLACK
6
CONTINUOUS
10
-0.0028960236220472
20
-0.0191483464566929
11
-0.0024551181102362
21
-0.018083937007874
0
LINE
8
BLACK
6
CONTINUOUS
10
-0.0024551181102362
20
-0.018083937007874
11
-0.0016404724409449
21
-0.0172692913385827
0
LINE
8
BLACK
6
CONTINUOUS
10
-0.0016404724409449
20
-0.0172692913385827
11
-0.000576062992126
21
-0.0168283858267717
0
LINE
8
BLACK
6
CONTINUOUS
10
-0.000576062992126
20
-0.0168283858267717
11
0.000576062992126
21
-0.0168283858267717
0
LINE
8
BLACK
6
CONTINUOUS
10
0.000576062992126
20
-0.0168283858267717
11
0.0016404724409449
21
-0.0172692913385827
0
LINE
8
BLACK
6
CONTINUOUS
10
0.0016404724409449
20
-0.0172692913385827
11
0.0024551181102362
21
-0.018083937007874
0
LINE
8
BLACK
6
CONTINUOUS
10
0.0024551181102362
20
-0.018083937007874
11
0.0028960236220472
21
-0.0191483464566929
0
LINE
8
BLACK
6
CONTINUOUS
10
0.0028960236220472
20
-0.0191483464566929
11
0.0029527559055118
21
-0.0197244094488189
0
LINE
8
BLACK
6
CONTINUOUS
10
0.0029527559055118
20
-0.0197244094488189
11
0.0029527559055118
21
-0.1498590551181102
0
LINE
8
BLACK
6
CONTINUOUS
10
0.0029527559055118
20
-0.1498590551181102
11
0.0028960236220472
21
-0.1504351181102362
0
LINE
8
BLACK
6
CONTINUOUS
10
0.0028960236220472
20
-0.1504351181102362
11
0.0024551181102362
21
-0.1514995275590551
0
LINE
8
BLACK
6
CONTINUOUS
10
0.0024551181102362
20
-0.1514995275590551
11
0.0016404724409449
21
-0.1523141732283465
0
LINE
8
BLACK
6
CONTINUOUS
10
0.0016404724409449
20
-0.1523141732283465
11
0.000576062992126
21
-0.1527550787401575
0
LINE
8
BLACK
6
CONTINUOUS
10
0.000576062992126
20
-0.1527550787401575
11
-0.000576062992126
21
-0.1527550787401575
0
LINE
8
BLACK
6
CONTINUOUS
10
-0.000576062992126
20
-0.1527550787401575
11
-0.0016404724409449
21
-0.1523141732283465
0
LINE
8
BLACK
6
CONTINUOUS
10
-0.0016404724409449
20
-0.1523141732283465
11
-0.0024551181102362
21
-0.1514995275590551
0
LINE
8
BLACK
6
CONTINUOUS
10
-0.0024551181102362
20
-0.1514995275590551
11
-0.0028960236220472
21
-0.1504351181102362
0
LINE
8
BLACK
6
CONTINUOUS
10
-0.0028960236220472
20
-0.1504351181102362
11
-0.0029527559055118
21
-0.1498590551181102
0
LINE
8
BLACK
6
CONTINUOUS
10
-0.0029527559055118
20
-0.1498590551181102
11
-0.0029527559055118
21
-0.1316376377952756
0
LINE
8
BLACK
6
CONTINUOUS
10
-0.0029527559055118
20
-0.1316376377952756
11
-0.042987125984252
21
-0.1524782283464567
0
LINE
8
BLACK
6
CONTINUOUS
10
-0.042987125984252
20
-0.1524782283464567
11
-0.0435242913385827
21
-0.1526938976377953
0
LINE
8
BLACK
6
CONTINUOUS
10
-0.0435242913385827
20
-0.1526938976377953
11
-0.0446720078740157
21
-0.1527942913385827
0
LINE
8
BLACK
6
CONTINUOUS
10
-0.0446720078740157
20
-0.1527942913385827
11
-0.0457707874015748
21
-0.152447874015748
0
LINE
8
BLACK
6
CONTINUOUS
10
-0.0457707874015748
20
-0.152447874015748
11
-0.0466533464566929
21
-0.1517073228346457
0
LINE
8
BLACK
6
CONTINUOUS
10
-0.0466533464566929
20
-0.1517073228346457
11
-0.0471853543307087
21
-0.1506853543307086
0
LINE
8
BLACK
6
CONTINUOUS
10
-0.0471853543307087
20
-0.1506853543307086
11
-0.0472857480314961
21
-0.1495376377952756
0
LINE
8
BLACK
6
CONTINUOUS
10
-0.0472857480314961
20
-0.1495376377952756
11
-0.0469393307086614
21
-0.1484388582677165
0
LINE
8
BLACK
6
CONTINUOUS
10
-0.0469393307086614
20
-0.1484388582677165
11
-0.0461987795275591
21
-0.1475562992125984
0
LINE
8
BLACK
6
CONTINUOUS
10
-0.0461987795275591
20
-0.1475562992125984
11
-0.0457139763779528
21
-0.1472399606299213
0
LINE
8
BLACK
6
CONTINUOUS
10
-0.0457139763779528
20
-0.1472399606299213
11
-0.0120669291338583
21
-0.1297244094488189
0
LINE
8
BLACK
6
CONTINUOUS
10
-0.0120669291338583
20
-0.1297244094488189
11
-0.7773622047244094
21
-0.1297244094488189
0
LINE
8
BLACK
6
CONTINUOUS
10
-0.7773622047244094
20
-0.1297244094488189
11
-0.7773622047244094
21
-0.6926181102362204
0
LINE
8
BLACK
6
CONTINUOUS
10
-0.7773622047244094
20
-0.6926181102362204
11
-0.777418937007874
21
-0.6931941732283464
0
LINE
8
BLACK
6
CONTINUOUS
10
-0.777418937007874
20
-0.6931941732283464
11
-0.777859842519685
21
-0.6942585826771653
0
LINE
8
BLACK
6
CONTINUOUS
10
-0.777859842519685
20
-0.6942585826771653
11
-0.7786744881889763
21
-0.6950732283464567
0
LINE
8
BLACK
6
CONTINUOUS
10
-0.7786744881889763
20
-0.6950732283464567
11
-0.7797388976377952
21
-0.6955141338582677
0
LINE
8
BLACK
6
CONTINUOUS
10
-0.7797388976377952
20
-0.6955141338582677
11
-0.7808910236220472
21
-0.6955141338582677
0
LINE
8
BLACK
6
CONTINUOUS
10
-0.7808910236220472
20
-0.6955141338582677
11
-0.7819554330708661
21
-0.6950732283464567
0
LINE
8
BLACK
6
CONTINUOUS
10
-0.7819554330708661
20
-0.6950732283464567
11
-0.7827700787401575
21
-0.6942585826771653
0
LINE
8
BLACK
6
CONTINUOUS
10
-0.7827700787401575
20
-0.6942585826771653
11
-0.7832109842519684
21
-0.6931941732283464
0
LINE
8
BLACK
6
CONTINUOUS
10
-0.7832109842519684
20
-0.6931941732283464
11
-0.783267716535433
21
-0.6926181102362204
0
LINE
8
BLACK
6
CONTINUOUS
10
-0.783267716535433
20
-0.6926181102362204
11
-0.783267716535433
21
-0.1297244094488189
0
LINE
8
BLACK
6
CONTINUOUS
10
-0.783267716535433
20
-0.1297244094488189
11
-0.9687992125984252
21
-0.1297244094488189
0
LINE
8
BLACK
6
CONTINUOUS
10
-0.9687992125984252
20
-0.1297244094488189
11
-0.9351521653543307
21
-0.1472399606299213
0
LINE
8
BLACK
6
CONTINUOUS
10
-0.9351521653543307
20
-0.1472399606299213
11
-0.9346674015748031
21
-0.1475562992125984
0
LINE
8
BLACK
6
CONTINUOUS
10
-0.9346674015748031
20
-0.1475562992125984
11
-0.9339268503937007
21
-0.1484388582677165
0
LINE
8
BLACK
6
CONTINUOUS
10
-0.9339268503937007
20
-0.1484388582677165
11
-0.9335803937007874
21
-0.1495376377952756
0
LINE
8
BLACK
6
CONTINUOUS
10
-0.9335803937007874
20
-0.1495376377952756
11
-0.9336807874015748
21
-0.1506853543307086
0
LINE
8
BLACK
6
CONTINUOUS
10
-0.9336807874015748
20
-0.1506853543307086
11
-0.9342127952755905
21
-0.1517072834645669
0
LINE
8
BLACK
6
CONTINUOUS
10
-0.9342127952755905
20
-0.1517072834645669
11
-0.9350953543307087
21
-0.1524478346456693
0
LINE
8
BLACK
6
CONTINUOUS
10
-0.9350953543307087
20
-0.1524478346456693
11
-0.9361941338582677
21
-0.1527942913385827
0
LINE
8
BLACK
6
CONTINUOUS
10
-0.9361941338582677
20
-0.1527942913385827
11
-0.9373418503937008
21
-0.1526938976377953
0
LINE
8
BLACK
6
CONTINUOUS
10
-0.9373418503937008
20
-0.1526938976377953
11
-0.9378790157480315
21
-0.1524782283464567
0
LINE
8
BLACK
6
CONTINUOUS
10
-0.9378790157480315
20
-0.1524782283464567
11
-0.9779133858267717
21
-0.1316376377952756
0
LINE
8
BLACK
6
CONTINUOUS
10
-0.9779133858267717
20
-0.1316376377952756
11
-0.9779133858267717
21
-0.1498590551181102
0
LINE
8
BLACK
6
CONTINUOUS
10
-0.9779133858267717
20
-0.1498590551181102
11
-0.9779701181102362
21
-0.1504351181102362
0
LINE
8
BLACK
6
CONTINUOUS
10
-0.9779701181102362
20
-0.1504351181102362
11
-0.9784110236220472
21
-0.1514995275590551
0
LINE
8
BLACK
6
CONTINUOUS
10
-0.9784110236220472
20
-0.1514995275590551
11
-0.9792256692913386
21
-0.1523141732283465
0
LINE
8
BLACK
6
CONTINUOUS
10
-0.9792256692913386
20
-0.1523141732283465
11
-0.9802900787401575
21
-0.1527550787401575
0
LINE
8
BLACK
6
CONTINUOUS
10
-0.9802900787401575
20
-0.1527550787401575
11
-0.9814422047244095
21
-0.1527550787401575
0
LINE
8
BLACK
6
CONTINUOUS
10
-0.9814422047244095
20
-0.1527550787401575
11
-0.9825066141732284
21
-0.1523141732283465
0
LINE
8
BLACK
6
CONTINUOUS
10
-0.9825066141732284
20
-0.1523141732283465
11
-0.9833212598425196
21
-0.1514995275590551
0
LINE
8
BLACK
6
CONTINUOUS
10
-0.9833212598425196
20
-0.1514995275590551
11
-0.9837621653543307
21
-0.1504351181102362
0
LINE
8
BLACK
6
CONTINUOUS
10
-0.9837621653543307
20
-0.1504351181102362
11
-0.9838188976377953
21
-0.1498590551181102
0
LINE
8
BLACK
6
CONTINUOUS
10
-0.9838188976377953
20
-0.1498590551181102
11
-0.9838188976377953
21
-0.019488188976378
0
LINE
8
BLACK
6
CONTINUOUS
10
-0.9838188976377953
20
-0.019488188976378
11
-0.9837621653543307
21
-0.018912125984252
0
LINE
8
BLACK
6
CONTINUOUS
10
-0.9837621653543307
20
-0.018912125984252
11
-0.9833212598425196
21
-0.0178477165354331
0
LINE
8
BLACK
6
CONTINUOUS
10
-0.9833212598425196
20
-0.0178477165354331
11
-0.9825066141732284
21
-0.0170330708661417
0
LINE
8
BLACK
6
CONTINUOUS
10
-0.9825066141732284
20
-0.0170330708661417
11
-0.9814422047244095
21
-0.0165921653543307
0
LINE
8
BLACK
6
CONTINUOUS
10
-0.9814422047244095
20
-0.0165921653543307
11
-0.9802900787401575
21
-0.0165921653543307
0
LINE
8
BLACK
6
CONTINUOUS
10
-0.9802900787401575
20
-0.0165921653543307
11
-0.9792256692913386
21
-0.0170330708661417
0
LINE
8
BLACK
6
CONTINUOUS
10
-0.9792256692913386
20
-0.0170330708661417
11
-0.9784110236220472
21
-0.0178477165354331
0
LINE
8
BLACK
6
CONTINUOUS
10
-0.9784110236220472
20
-0.0178477165354331
11
-0.9779701181102362
21
-0.018912125984252
0
LINE
8
BLACK
6
CONTINUOUS
10
-0.9779701181102362
20
-0.018912125984252
11
-0.9779133858267717
21
-0.019488188976378
0
LINE
8
BLACK
6
CONTINUOUS
10
-0.9779133858267717
20
-0.019488188976378
11
-0.9779133858267717
21
-0.1219056299212598
0
LINE
8
BLACK
6
CONTINUOUS
10
-0.9779133858267717
20
-0.1219056299212598
11
-0.9378790157480315
21
-0.1010650787401575
0
LINE
8
BLACK
6
CONTINUOUS
10
-0.9378790157480315
20
-0.1010650787401575
11
-0.9373418503937008
21
-0.1008494094488189
0
LINE
8
BLACK
6
CONTINUOUS
10
-0.9373418503937008
20
-0.1008494094488189
11
-0.9361941338582677
21
-0.1007490157480315
0
LINE
8
BLACK
6
CONTINUOUS
10
-0.9361941338582677
20
-0.1007490157480315
11
-0.9350953543307087
21
-0.1010954724409449
0
LINE
8
BLACK
6
CONTINUOUS
10
-0.9350953543307087
20
-0.1010954724409449
11
-0.9342127952755905
21
-0.1018360236220472
0
LINE
8
BLACK
6
CONTINUOUS
10
-0.9342127952755905
20
-0.1018360236220472
11
-0.9336807874015748
21
-0.1028579527559055
0
LINE
8
BLACK
6
CONTINUOUS
10
-0.9336807874015748
20
-0.1028579527559055
11
-0.9335803937007874
21
-0.1040056692913386
0
LINE
8
BLACK
6
CONTINUOUS
10
-0.9335803937007874
20
-0.1040056692913386
11
-0.9339268503937007
21
-0.1051044488188976
0
LINE
8
BLACK
6
CONTINUOUS
10
-0.9339268503937007
20
-0.1051044488188976
11
-0.9346674015748031
21
-0.1059870078740157
0
LINE
8
BLACK
6
CONTINUOUS
10
-0.9346674015748031
20
-0.1059870078740157
11
-0.9351521653543307
21
-0.1063033464566929
0
LINE
8
BLACK
6
CONTINUOUS
10
-0.9351521653543307
20
-0.1063033464566929
11
-0.9687992125984252
21
-0.1238188976377953
0
LINE
8
BLACK
6
CONTINUOUS
10
-0.9687992125984252
20
-0.1238188976377953
11
-0.783267716535433
21
-0.1238188976377953
0
LINE
8
BLACK
6
CONTINUOUS
10
-0.783267716535433
20
-0.1238188976377953
11
-0.783267716535433
21
-0.002992125984252
0
LINE
8
BLACK
6
CONTINUOUS
10
-0.783267716535433
20
-0.002992125984252
11
-1.
21
-0.002992125984252
0
LINE
8
BLACK
6
CONTINUOUS
10
-1.
20
-0.002992125984252
11
-1.0005760629921259
21
-0.0029353937007874
0
LINE
8
BLACK
6
CONTINUOUS
10
-1.0005760629921259
20
-0.0029353937007874
11
-1.0010093700787401
21
-0.002755905511811
0
LINE
8
BLACK
6
CONTINUOUS
10
-1.0010093700787401
20
-0.002755905511811
11
-1.8277724409448819
21
-0.002755905511811
0
LINE
8
BLACK
6
CONTINUOUS
10
-1.8277724409448819
20
-0.002755905511811
11
-1.8283485039370078
21
-0.0026991732283465
0
LINE
8
BLACK
6
CONTINUOUS
10
-1.8283485039370078
20
-0.0026991732283465
11
-1.8294129133858268
21
-0.0022582677165354
0
LINE
8
BLACK
6
CONTINUOUS
10
-1.8294129133858268
20
-0.0022582677165354
11
-1.830227559055118
21
-0.0014436220472441
0
LINE
8
BLACK
6
CONTINUOUS
10
-1.830227559055118
20
-0.0014436220472441
11
-1.8306684645669291
21
-0.0003792125984252
0
LINE
8
BLACK
6
CONTINUOUS
10
-1.8306684645669291
20
-0.0003792125984252
11
-1.8306684645669291
21
0.0007729133858268
0
LINE
8
BLACK
6
CONTINUOUS
10
-1.8306684645669291
20
0.0007729133858268
11
-1.830227559055118
21
0.0018373228346457
0
LINE
8
BLACK
6
CONTINUOUS
10
-1.830227559055118
20
0.0018373228346457
11
-1.8294129133858268
21
0.002651968503937
0
LINE
8
BLACK
6
CONTINUOUS
10
-1.8294129133858268
20
0.002651968503937
11
-1.8283485039370078
21
0.003092874015748
0
LINE
8
BLACK
6
CONTINUOUS
10
-1.8283485039370078
20
0.003092874015748
11
-1.8277724409448819
21
0.0031496062992126
0
LINE
8
BLACK
6
CONTINUOUS
10
-1.8277724409448819
20
0.0031496062992126
11
-1.8095510236220471
21
0.0031496062992126
0
LINE
8
BLACK
6
CONTINUOUS
10
-1.8095510236220471
20
0.0031496062992126
11
-1.8303916141732284
21
0.0431839763779528
0
LINE
8
BLACK
6
CONTINUOUS
10
-1.8303916141732284
20
0.0431839763779528
11
-1.8306072834645668
21
0.0437211417322835
0
LINE
8
BLACK
6
CONTINUOUS
10
-1.8306072834645668
20
0.0437211417322835
11
-1.8307076771653543
21
0.0448688582677165
0
LINE
8
BLACK
6
CONTINUOUS
10
-1.8307076771653543
20
0.0448688582677165
11
-1.8303612598425196
21
0.0459676377952756
0
LINE
8
BLACK
6
CONTINUOUS
10
-1.8303612598425196
20
0.0459676377952756
11
-1.8296207086614173
21
0.0468501968503937
0
LINE
8
BLACK
6
CONTINUOUS
10
-1.8296207086614173
20
0.0468501968503937
11
-1.8285987401574804
21
0.0473822047244094
0
LINE
8
BLACK
6
CONTINUOUS
10
-1.8285987401574804
20
0.0473822047244094
11
-1.8274510236220471
21
0.0474825984251969
0
LINE
8
BLACK
6
CONTINUOUS
10
-1.8274510236220471
20
0.0474825984251969
11
-1.8263522440944882
21
0.0471361811023622
0
LINE
8
BLACK
6
CONTINUOUS
10
-1.8263522440944882
20
0.0471361811023622
11
-1.8254696850393701
21
0.0463956299212598
0
LINE
8
BLACK
6
CONTINUOUS
10
-1.8254696850393701
20
0.0463956299212598
11
-1.8251533464566929
21
0.0459108267716535
0
LINE
8
BLACK
6
CONTINUOUS
10
-1.8251533464566929
20
0.0459108267716535
11
-1.8076377952755904
21
0.0122637795275591
0
LINE
8
BLACK
6
CONTINUOUS
10
-1.8076377952755904
20
0.0122637795275591
11
-1.8076377952755904
21
3.3680512204724407
0
LINE
8
BLACK
6
CONTINUOUS
10
-1.8076377952755904
20
3.3680512204724407
11
-1.8251533464566929
21
3.3344041338582677
0
LINE
8
BLACK
6
CONTINUOUS
10
-1.8251533464566929
20
3.3344041338582677
11
-1.8254696850393701
21
3.3339193307086612
0
LINE
8
BLACK
6
CONTINUOUS
10
-1.8254696850393701
20
3.3339193307086612
11
-1.8263522440944882
21
3.3331787795275591
0
LINE
8
BLACK
6
CONTINUOUS
10
-1.8263522440944882
20
3.3331787795275591
11
-1.8274510236220471
21
3.3328323622047242
0
LINE
8
BLACK
6
CONTINUOUS
10
-1.8274510236220471
20
3.3328323622047242
11
-1.8285987401574804
21
3.3329327559055115
0
LINE
8
BLACK
6
CONTINUOUS
10
-1.8285987401574804
20
3.3329327559055115
11
-1.8296207086614173
21
3.3334647637795274
0
LINE
8
BLACK
6
CONTINUOUS
10
-1.8296207086614173
20
3.3334647637795274
11
-1.8303612598425196
21
3.3343473228346454
0
LINE
8
BLACK
6
CONTINUOUS
10
-1.8303612598425196
20
3.3343473228346454
11
-1.8307076771653543
21
3.3354461023622046
0
LINE
8
BLACK
6
CONTINUOUS
10
-1.8307076771653543
20
3.3354461023622046
11
-1.8306072834645668
21
3.3365938188976378
0
LINE
8
BLACK
6
CONTINUOUS
10
-1.8306072834645668
20
3.3365938188976378
11
-1.8303916141732284
21
3.3371309842519685
0
LINE
8
BLACK
6
CONTINUOUS
10
-1.8303916141732284
20
3.3371309842519685
11
-1.8095510236220471
21
3.3771653543307085
0
LINE
8
BLACK
6
CONTINUOUS
10
-1.8095510236220471
20
3.3771653543307085
11
-1.8277724409448819
21
3.3771653543307085
0
LINE
8
BLACK
6
CONTINUOUS
10
-1.8277724409448819
20
3.3771653543307085
11
-1.8283485039370078
21
3.3772220866141733
0
LINE
8
BLACK
6
CONTINUOUS
10
-1.8283485039370078
20
3.3772220866141733
11
-1.8294129133858268
21
3.377662992125984
0
LINE
8
BLACK
6
CONTINUOUS
10
-1.8294129133858268
20
3.377662992125984
11
-1.830227559055118
21
3.3784776377952754
0
LINE
8
BLACK
6
CONTINUOUS
10
-1.830227559055118
20
3.3784776377952754
11
-1.8306684645669291
21
3.3795420472440942
0
LINE
8
BLACK
6
CONTINUOUS
10
-1.8306684645669291
20
3.3795420472440942
11
-1.8306684645669291
21
3.3806941732283464
0
LINE
8
BLACK
6
CONTINUOUS
10
-1.8306684645669291
20
3.3806941732283464
11
-1.830227559055118
21
3.3817585826771652
0
LINE
8
BLACK
6
CONTINUOUS
10
-1.830227559055118
20
3.3817585826771652
11
-1.8294129133858268
21
3.3825732283464567
0
LINE
8
BLACK
6
CONTINUOUS
10
-1.8294129133858268
20
3.3825732283464567
11
-1.8283485039370078
21
3.3830141338582678
0
LINE
8
BLACK
6
CONTINUOUS
10
-1.8283485039370078
20
3.3830141338582678
11
-1.8277724409448819
21
3.3830708661417321
0
LINE
8
BLACK
6
CONTINUOUS
10
-1.8277724409448819
20
3.3830708661417321
11
-1.0005511811023622
21
3.3830708661417321
0
LINE
8
BLACK
6
CONTINUOUS
10
-1.0005511811023622
20
3.3830708661417321
11
-0.9999751181102362
21
3.3830141338582678
0
LINE
8
BLACK
6
CONTINUOUS
10
-0.9999751181102362
20
3.3830141338582678
11
-0.9997318897637795
21
3.3829133858267717
0
LINE
8
BLACK
6
CONTINUOUS
10
-0.9997318897637795
20
3.3829133858267717
11
-0.9852490551181102
21
3.3829133858267717
0
LINE
8
BLACK
6
CONTINUOUS
10
-0.9852490551181102
20
3.3829133858267717
11
-0.9880614960629921
21
3.3843196062992127
0
LINE
8
BLACK
6
CONTINUOUS
10
-0.9880614960629921
20
3.3843196062992127
11
-0.9881578740157481
21
3.384380275590551
0
LINE
8
BLACK
6
CONTINUOUS
10
-0.9881578740157481
20
3.384380275590551
11
-0.9882032677165354
21
3.3843953937007871
0
LINE
8
BLACK
6
CONTINUOUS
10
-0.9882032677165354
20
3.3843953937007871
11
-0.988259842519685
21
3.3844444488188974
0
LINE
8
BLACK
6
CONTINUOUS
10
-0.988259842519685
20
3.3844444488188974
11
-0.9885513779527558
21
3.3846279527559053
0
LINE
8
BLACK
6
CONTINUOUS
10
-0.9885513779527558
20
3.3846279527559053
11
-0.9887940551181102
21
3.3849077952755904
0
LINE
8
BLACK
6
CONTINUOUS
10
-0.9887940551181102
20
3.3849077952755904
11
-0.9890736614173228
21
3.3851502755905511
0
LINE
8
BLACK
6
CONTINUOUS
10
-0.9890736614173228
20
3.3851502755905511
11
-0.9892571653543307
21
3.3854417716535434
0
LINE
8
BLACK
6
CONTINUOUS
10
-0.9892571653543307
20
3.3854417716535434
11
-0.9893062204724409
21
3.3854983464566928
0
LINE
8
BLACK
6
CONTINUOUS
10
-0.9893062204724409
20
3.3854983464566928
11
-0.9893213779527559
21
3.3855438188976379
0
LINE
8
BLACK
6
CONTINUOUS
10
-0.9893213779527559
20
3.3855438188976379
11
-0.9893820078740158
21
3.3856401181102362
0
LINE
8
BLACK
6
CONTINUOUS
10
-0.9893820078740158
20
3.3856401181102362
11
-0.9912567716535433
21
3.3893896850393701
0
LINE
8
BLACK
6
CONTINUOUS
10
-0.9912567716535433
20
3.3893896850393701
11
-0.9914636614173228
21
3.3899303149606297
0
LINE
8
BLACK
6
CONTINUOUS
10
-0.9914636614173228
20
3.3899303149606297
11
-0.9914711811023622
21
3.3900361417322835
0
LINE
8
BLACK
6
CONTINUOUS
10
-0.9914711811023622
20
3.3900361417322835
11
-0.9915117716535433
21
3.3901341338582678
0
LINE
8
BLACK
6
CONTINUOUS
10
-0.9915117716535433
20
3.3901341338582678
11
-0.9915685039370079
21
3.3907101968503937
0
LINE
8
BLACK
6
CONTINUOUS
10
-0.9915685039370079
20
3.3907101968503937
11
-0.9915685039370079
21
3.3944597244094488
0
LINE
8
BLACK
6
CONTINUOUS
10
-0.9915685039370079
20
3.3944597244094488
11
-0.9915117716535433
21
3.3950357874015746
0
LINE
8
BLACK
6
CONTINUOUS
10
-0.9915117716535433
20
3.3950357874015746
11
-0.9914711811023622
21
3.3951338188976377
0
LINE
8
BLACK
6
CONTINUOUS
10
-0.9914711811023622
20
3.3951338188976377
11
-0.9914636614173228
21
3.3952396062992127
0
LINE
8
BLACK
6
CONTINUOUS
10
-0.9914636614173228
20
3.3952396062992127
11
-0.9912567716535433
21
3.3957802362204723
0
LINE
8
BLACK
6
CONTINUOUS
10
-0.9912567716535433
20
3.3957802362204723
11
-0.9893820078740158
21
3.3995297637795274
0
LINE
8
BLACK
6
CONTINUOUS
10
-0.9893820078740158
20
3.3995297637795274
11
-0.9893213779527559
21
3.3996261417322833
0
LINE
8
BLACK
6
CONTINUOUS
10
-0.9893213779527559
20
3.3996261417322833
11
-0.9893062204724409
21
3.3996715354330709
0
LINE
8
BLACK
6
CONTINUOUS
10
-0.9893062204724409
20
3.3996715354330709
11
-0.9892572047244095
21
3.3997281102362202
0
LINE
8
BLACK
6
CONTINUOUS
10
-0.9892572047244095
20
3.3997281102362202
11
-0.9890736614173228
21
3.4000196456692913
0
LINE
8
BLACK
6
CONTINUOUS
10
-0.9890736614173228
20
3.4000196456692913
11
-0.9887939763779527
21
3.4002622440944883
0
LINE
8
BLACK
6
CONTINUOUS
10
-0.9887939763779527
20
3.4002622440944883
11
-0.9885513779527558
21
3.4005419291338583
0
LINE
8
BLACK
6
CONTINUOUS
10
-0.9885513779527558
20
3.4005419291338583
11
-0.988259842519685
21
3.4007254724409446
0
LINE
8
BLACK
6
CONTINUOUS
10
-0.988259842519685
20
3.4007254724409446
11
-0.9882032677165354
21
3.4007744881889761
0
LINE
8
BLACK
6
CONTINUOUS
10
-0.9882032677165354
20
3.4007744881889761
11
-0.9881578740157481
21
3.4007896456692914
0
LINE
8
BLACK
6
CONTINUOUS
10
-0.9881578740157481
20
3.4007896456692914
11
-0.9880614960629921
21
3.400850275590551
0
LINE
8
BLACK
6
CONTINUOUS
10
-0.9880614960629921
20
3.400850275590551
11
-0.984311968503937
21
3.4027250393700785
0
LINE
8
BLACK
6
CONTINUOUS
10
-0.984311968503937
20
3.4027250393700785
11
-0.9838188976377953
21
3.4029137795275588
0
LINE
8
BLACK
6
CONTINUOUS
10
-0.9838188976377953
20
3.4029137795275588
11
-0.9838188976377953
21
3.4076175984251966
0
LINE
8
BLACK
6
CONTINUOUS
10
-0.9838188976377953
20
3.4076175984251966
11
-0.9854204724409449
21
3.4068168110236221
0
LINE
8
BLACK
6
CONTINUOUS
10
-0.9854204724409449
20
3.4068168110236221
11
-0.9859611023622047
21
3.4066099212598426
0
LINE
8
BLACK
6
CONTINUOUS
10
-0.9859611023622047
20
3.4066099212598426
11
-0.98711031496063
21
3.4065282677165354
0
LINE
8
BLACK
6
CONTINUOUS
10
-0.98711031496063
20
3.4065282677165354
11
-0.9882032677165354
21
3.406892598425197
0
LINE
8
BLACK
6
CONTINUOUS
10
-0.9882032677165354
20
3.406892598425197
11
-0.9890736614173228
21
3.4076474409448818
0
LINE
8
BLACK
6
CONTINUOUS
10
-0.9890736614173228
20
3.4076474409448818
11
-0.9895888976377952
21
3.4086779527559052
0
LINE
8
BLACK
6
CONTINUOUS
10
-0.9895888976377952
20
3.4086779527559052
11
-0.9896705511811024
21
3.4098271653543306
0
LINE
8
BLACK
6
CONTINUOUS
10
-0.9896705511811024
20
3.4098271653543306
11
-0.9893062204724409
21
3.4109201181102362
0
LINE
8
BLACK
6
CONTINUOUS
10
-0.9893062204724409
20
3.4109201181102362
11
-0.9885513779527558
21
3.4117905118110237
0
LINE
8
BLACK
6
CONTINUOUS
10
-0.9885513779527558
20
3.4117905118110237
11
-0.9880614960629921
21
3.4120988582677163
0
LINE
8
BLACK
6
CONTINUOUS
10
-0.9880614960629921
20
3.4120988582677163
11
-0.984311968503937
21
3.4139736220472439
0
LINE
8
BLACK
6
CONTINUOUS
10
-0.984311968503937
20
3.4139736220472439
11
-0.9838188976377953
21
3.4141623622047241
0
LINE
8
BLACK
6
CONTINUOUS
10
-0.9838188976377953
20
3.4141623622047241
11
-0.9838188976377953
21
3.6660007874015745
0
LINE
8
BLACK
6
CONTINUOUS
10
-0.9838188976377953
20
3.6660007874015745
11
-0.9837621653543307
21
3.6665768503937008
0
LINE
8
BLACK
6
CONTINUOUS
10
-0.9837621653543307
20
3.6665768503937008
11
-0.9833212598425196
21
3.6676412598425197
0
LINE
8
BLACK
6
CONTINUOUS
10
-0.9833212598425196
20
3.6676412598425197
11
-0.9825066141732284
21
3.6684559055118111
0
LINE
8
BLACK
6
CONTINUOUS
10
-0.9825066141732284
20
3.6684559055118111
11
-0.9814422047244095
21
3.6688968110236218
0
LINE
8
BLACK
6
CONTINUOUS
10
-0.9814422047244095
20
3.6688968110236218
11
-0.9802900787401575
21
3.6688968110236218
0
LINE
8
BLACK
6
CONTINUOUS
10
-0.9802900787401575
20
3.6688968110236218
11
-0.9792256692913386
21
3.6684559055118111
0
LINE
8
BLACK
6
CONTINUOUS
10
-0.9792256692913386
20
3.6684559055118111
11
-0.9784110236220472
21
3.6676412598425197
0
LINE
8
BLACK
6
CONTINUOUS
10
-0.9784110236220472
20
3.6676412598425197
11
-0.9779701181102362
21
3.6665768503937008
0
LINE
8
BLACK
6
CONTINUOUS
10
-0.9779701181102362
20
3.6665768503937008
11
-0.9779133858267717
21
3.6660007874015745
0
LINE
8
BLACK
6
CONTINUOUS
10
-0.9779133858267717
20
3.6660007874015745
11
-0.9779133858267717
21
3.6477794094488187
0
LINE
8
BLACK
6
CONTINUOUS
10
-0.9779133858267717
20
3.6477794094488187
11
-0.9378790157480315
21
3.668619960629921
0
LINE
8
BLACK
6
CONTINUOUS
10
-0.9378790157480315
20
3.668619960629921
11
-0.9373418503937008
21
3.6688356299212597
0
LINE
8
BLACK
6
CONTINUOUS
10
-0.9373418503937008
20
3.6688356299212597
11
-0.9361941338582677
21
3.668936023622047
0
LINE
8
BLACK
6
CONTINUOUS
10
-0.9361941338582677
20
3.668936023622047
11
-0.9350953543307087
21
3.6685895669291337
0
LINE
8
BLACK
6
CONTINUOUS
10
-0.9350953543307087
20
3.6685895669291337
11
-0.9342127952755905
21
3.6678490157480312
0
LINE
8
BLACK
6
CONTINUOUS
10
-0.9342127952755905
20
3.6678490157480312
11
-0.9336807874015748
21
3.6668270866141732
0
LINE
8
BLACK
6
CONTINUOUS
10
-0.9336807874015748
20
3.6668270866141732
11
-0.9335803937007874
21
3.66567937007874
0
LINE
8
BLACK
6
CONTINUOUS
10
-0.9335803937007874
20
3.66567937007874
11
-0.9339268503937007
21
3.6645805905511812
0
LINE
8
BLACK
6
CONTINUOUS
10
-0.9339268503937007
20
3.6645805905511812
11
-0.9346674015748031
21
3.6636980314960628
0
LINE
8
BLACK
6
CONTINUOUS
10
-0.9346674015748031
20
3.6636980314960628
11
-0.9351521653543307
21
3.6633816929133856
0
LINE
8
BLACK
6
CONTINUOUS
10
-0.9351521653543307
20
3.6633816929133856
11
-0.9687992125984252
21
3.6458661417322835
0
LINE
8
BLACK
6
CONTINUOUS
10
-0.9687992125984252
20
3.6458661417322835
11
-0.7923818897637795
21
3.6458661417322835
0
LINE
8
BLACK
6
CONTINUOUS
10
-0.7923818897637795
20
3.6458661417322835
11
-0.8260289370078739
21
3.6633816929133856
0
LINE
8
BLACK
6
CONTINUOUS
10
-0.8260289370078739
20
3.6633816929133856
11
-0.8265137401574802
21
3.6636980314960628
0
LINE
8
BLACK
6
CONTINUOUS
10
-0.8265137401574802
20
3.6636980314960628
11
-0.8272542913385826
21
3.6645805905511812
0
LINE
8
BLACK
6
CONTINUOUS
10
-0.8272542913385826
20
3.6645805905511812
11
-0.8276007086614173
21
3.66567937007874
0
LINE
8
BLACK
6
CONTINUOUS
10
-0.8276007086614173
20
3.66567937007874
11
-0.8275003149606299
21
3.6668270866141732
0
LINE
8
BLACK
6
CONTINUOUS
10
-0.8275003149606299
20
3.6668270866141732
11
-0.8269683070866142
21
3.66784905511811
0
LINE
8
BLACK
6
CONTINUOUS
10
-0.8269683070866142
20
3.66784905511811
11
-0.826085748031496
21
3.6685896062992125
0
LINE
8
BLACK
6
CONTINUOUS
10
-0.826085748031496
20
3.6685896062992125
11
-0.8249869685039369
21
3.668936023622047
0
LINE
8
BLACK
6
CONTINUOUS
10
-0.8249869685039369
20
3.668936023622047
11
-0.8238392519685039
21
3.6688356299212597
0
LINE
8
BLACK
6
CONTINUOUS
10
-0.8238392519685039
20
3.6688356299212597
11
-0.8233020866141733
21
3.668619960629921
0
LINE
8
BLACK
6
CONTINUOUS
10
-0.8233020866141733
20
3.668619960629921
11
-0.783267716535433
21
3.6477794094488187
0
LINE
8
BLACK
6
CONTINUOUS
10
-0.783267716535433
20
3.6477794094488187
11
-0.783267716535433
21
4.069586614173228
0
LINE
8
BLACK
6
CONTINUOUS
10
-0.783267716535433
20
4.069586614173228
11
-0.7832109842519684
21
4.0701626771653538
0
LINE
8
BLACK
6
CONTINUOUS
10
-0.7832109842519684
20
4.0701626771653538
11
-0.7827700787401575
21
4.0712270866141731
0
LINE
8
BLACK
6
CONTINUOUS
10
-0.7827700787401575
20
4.0712270866141731
11
-0.7819554330708661
21
4.0720417322834646
0
LINE
8
BLACK
6
CONTINUOUS
10
-0.7819554330708661
20
4.0720417322834646
11
-0.7808910236220472
21
4.0724826377952752
0
LINE
8
BLACK
6
CONTINUOUS
10
-0.7808910236220472
20
4.0724826377952752
11
-0.7797388976377952
21
4.0724826377952752
0
LINE
8
BLACK
6
CONTINUOUS
10
-0.7797388976377952
20
4.0724826377952752
11
-0.7786744881889763
21
4.0720417322834646
0
LINE
8
BLACK
6
CONTINUOUS
10
-0.9970472440944882
20
0.0855314960629921
11
-0.9970472440944882
21
0.0029133858267717
0
LINE
8
BLACK
6
CONTINUOUS
10
-0.9970472440944882
20
0.0029133858267717
11
-0.783267716535433
21
0.0029133858267717
0
LINE
8
BLACK
6
CONTINUOUS
10
-0.783267716535433
20
0.0029133858267717
11
-0.783267716535433
21
0.0855314960629921
0
LINE
8
BLACK
6
CONTINUOUS
10
-0.783267716535433
20
0.0855314960629921
11
-0.9970472440944882
21
0.0855314960629921
0
LINE
8
BLACK
6
CONTINUOUS
10
-0.3773622047244095
20
3.3770078740157481
11
-0.3773622047244095
21
3.3081692913385825
0
LINE
8
BLACK
6
CONTINUOUS
10
-0.3773622047244095
20
3.3081692913385825
11
-0.377418937007874
21
3.3075932283464566
0
LINE
8
BLACK
6
CONTINUOUS
10
-0.377418937007874
20
3.3075932283464566
11
-0.377859842519685
21
3.3065288188976378
0
LINE
8
BLACK
6
CONTINUOUS
10
-0.377859842519685
20
3.3065288188976378
11
-0.3786744881889764
21
3.3057141732283464
0
LINE
8
BLACK
6
CONTINUOUS
10
-0.3786744881889764
20
3.3057141732283464
11
-0.3797388976377953
21
3.3052732677165353
0
LINE
8
BLACK
6
CONTINUOUS
10
-0.3797388976377953
20
3.3052732677165353
11
-0.3808910236220472
21
3.3052732677165353
0
LINE
8
BLACK
6
CONTINUOUS
10
-0.3808910236220472
20
3.3052732677165353
11
-0.3819554330708662
21
3.3057141732283464
0
LINE
8
BLACK
6
CONTINUOUS
10
-0.3819554330708662
20
3.3057141732283464
11
-0.3827700787401574
21
3.3065288188976378
0
LINE
8
BLACK
6
CONTINUOUS
10
-0.3827700787401574
20
3.3065288188976378
11
-0.3832109842519685
21
3.3075932283464566
0
LINE
8
BLACK
6
CONTINUOUS
10
-0.3832109842519685
20
3.3075932283464566
11
-0.3832677165354331
21
3.3081692913385825
0
LINE
8
BLACK
6
CONTINUOUS
10
-0.3832677165354331
20
3.3081692913385825
11
-0.3832677165354331
21
3.3770078740157481
0
LINE
8
BLACK
6
CONTINUOUS
10
-0.3832677165354331
20
3.3770078740157481
11
-0.7773622047244094
21
3.3770078740157481
0
LINE
8
BLACK
6
CONTINUOUS
10
-0.7773622047244094
20
3.3770078740157481
11
-0.7773622047244094
21
3.2914370078740158
0
LINE
8
BLACK
6
CONTINUOUS
10
-0.7773622047244094
20
3.2914370078740158
11
-0.4
21
3.2914370078740158
0
LINE
8
BLACK
6
CONTINUOUS
10
-0.4
20
3.2914370078740158
11
-0.399423937007874
21
3.291380275590551
0
LINE
8
BLACK
6
CONTINUOUS
10
-0.399423937007874
20
3.291380275590551
11
-0.3983595275590551
21
3.2909393700787399
0
LINE
8
BLACK
6
CONTINUOUS
10
-0.3983595275590551
20
3.2909393700787399
11
-0.3975448818897638
21
3.2901247244094489
0
LINE
8
BLACK
6
CONTINUOUS
10
-0.3975448818897638
20
3.2901247244094489
11
-0.3971039763779527
21
3.2890603149606297
0
LINE
8
BLACK
6
CONTINUOUS
10
-0.3971039763779527
20
3.2890603149606297
11
-0.3971039763779527
21
3.2879081889763779
0
LINE
8
BLACK
6
CONTINUOUS
10
-0.3971039763779527
20
3.2879081889763779
11
-0.3975448818897638
21
3.2868437795275591
0
LINE
8
BLACK
6
CONTINUOUS
10
-0.3975448818897638
20
3.2868437795275591
11
-0.3983595275590551
21
3.2860291338582677
0
LINE
8
BLACK
6
CONTINUOUS
10
-0.3983595275590551
20
3.2860291338582677
11
-0.399423937007874
21
3.2855882283464566
0
LINE
8
BLACK
6
CONTINUOUS
10
-0.399423937007874
20
3.2855882283464566
11
-0.4
21
3.2855314960629922
0
LINE
8
BLACK
6
CONTINUOUS
10
-0.4
20
3.2855314960629922
11
-0.7773622047244094
21
3.2855314960629922
0
LINE
8
BLACK
6
CONTINUOUS
10
-0.7773622047244094
20
3.2855314960629922
11
-0.7773622047244094
21
0.0914370078740157
0
LINE
8
BLACK
6
CONTINUOUS
10
-0.7773622047244094
20
0.0914370078740157
11
-0.4
21
0.0914370078740157
0
LINE
8
BLACK
6
CONTINUOUS
10
-0.4
20
0.0914370078740157
11
-0.399423937007874
21
0.0913802755905512
0
LINE
8
BLACK
6
CONTINUOUS
10
-0.399423937007874
20
0.0913802755905512
11
-0.3983595275590551
21
0.0909393700787402
0
LINE
8
BLACK
6
CONTINUOUS
10
-0.3983595275590551
20
0.0909393700787402
11
-0.3975448818897638
21
0.0901247244094488
0
LINE
8
BLACK
6
CONTINUOUS
10
-0.3975448818897638
20
0.0901247244094488
11
-0.3971039763779527
21
0.0890603149606299
0
LINE
8
BLACK
6
CONTINUOUS
10
-0.3971039763779527
20
0.0890603149606299
11
-0.3971039763779527
21
0.0879081889763779
0
LINE
8
BLACK
6
CONTINUOUS
10
-0.3971039763779527
20
0.0879081889763779
11
-0.3975448818897638
21
0.086843779527559
0
LINE
8
BLACK
6
CONTINUOUS
10
-0.3975448818897638
20
0.086843779527559
11
-0.3983595275590551
21
0.0860291338582677
0
LINE
8
BLACK
6
CONTINUOUS
10
-0.3983595275590551
20
0.0860291338582677
11
-0.399423937007874
21
0.0855882283464567
0
LINE
8
BLACK
6
CONTINUOUS
10
-0.399423937007874
20
0.0855882283464567
11
-0.4
21
0.0855314960629921
0
LINE
8
BLACK
6
CONTINUOUS
10
-0.4
20
0.0855314960629921
11
-0.7773622047244094
21
0.0855314960629921
0
LINE
8
BLACK
6
CONTINUOUS
10
-0.7773622047244094
20
0.0855314960629921
11
-0.7773622047244094
21
0.0029133858267717
0
LINE
8
BLACK
6
CONTINUOUS
10
-0.7773622047244094
20
0.0029133858267717
11
-0.0039370078740157
21
0.0029133858267717
0
LINE
8
BLACK
6
CONTINUOUS
10
-0.0039370078740157
20
0.0029133858267717
11
-0.0039370078740157
21
3.3770078740157481
0
LINE
8
BLACK
6
CONTINUOUS
10
-0.0039370078740157
20
3.3770078740157481
11
-0.3773622047244095
21
3.3770078740157481
0
LINE
8
BLACK
6
CONTINUOUS
10
-1.7998190551181101
20
3.3771653543307085
11
-1.7789784645669291
21
3.3371309842519685
0
LINE
8
BLACK
6
CONTINUOUS
10
-1.7789784645669291
20
3.3371309842519685
11
-1.7787627952755904
21
3.3365938188976378
0
LINE
8
BLACK
6
CONTINUOUS
10
-1.7787627952755904
20
3.3365938188976378
11
-1.7786624015748032
21
3.3354461023622046
0
LINE
8
BLACK
6
CONTINUOUS
10
-1.7786624015748032
20
3.3354461023622046
11
-1.7790088582677166
21
3.3343473228346454
0
LINE
8
BLACK
6
CONTINUOUS
10
-1.7790088582677166
20
3.3343473228346454
11
-1.7797494094488189
21
3.3334647637795274
0
LINE
8
BLACK
6
CONTINUOUS
10
-1.7797494094488189
20
3.3334647637795274
11
-1.7807713385826771
21
3.3329327559055115
0
LINE
8
BLACK
6
CONTINUOUS
10
-1.7807713385826771
20
3.3329327559055115
11
-1.7819190551181101
21
3.3328323622047242
0
LINE
8
BLACK
6
CONTINUOUS
10
-1.7819190551181101
20
3.3328323622047242
11
-1.7830178346456693
21
3.3331788188976379
0
LINE
8
BLACK
6
CONTINUOUS
10
-1.7830178346456693
20
3.3331788188976379
11
-1.7839003937007873
21
3.33391937007874
0
LINE
8
BLACK
6
CONTINUOUS
10
-1.7839003937007873
20
3.33391937007874
11
-1.7842167322834646
21
3.3344041338582677
0
LINE
8
BLACK
6
CONTINUOUS
10
-1.7842167322834646
20
3.3344041338582677
11
-1.8017322834645668
21
3.3680512204724407
0
LINE
8
BLACK
6
CONTINUOUS
10
-1.8017322834645668
20
3.3680512204724407
11
-1.8017322834645668
21
0.0122637795275591
0
LINE
8
BLACK
6
CONTINUOUS
10
-1.8017322834645668
20
0.0122637795275591
11
-1.7842167322834646
21
0.0459108267716535
0
LINE
8
BLACK
6
CONTINUOUS
10
-1.7842167322834646
20
0.0459108267716535
11
-1.7839003937007873
21
0.0463955905511811
0
LINE
8
BLACK
6
CONTINUOUS
10
-1.7839003937007873
20
0.0463955905511811
11
-1.7830178346456693
21
0.0471361417322835
0
LINE
8
BLACK
6
CONTINUOUS
10
-1.7830178346456693
20
0.0471361417322835
11
-1.7819190551181101
21
0.0474825984251969
0
LINE
8
BLACK
6
CONTINUOUS
10
-1.7819190551181101
20
0.0474825984251969
11
-1.7807713385826771
21
0.0473822047244094
0
LINE
8
BLACK
6
CONTINUOUS
10
-1.7807713385826771
20
0.0473822047244094
11
-1.7797494094488189
21
0.0468501968503937
0
LINE
8
BLACK
6
CONTINUOUS
10
-1.7797494094488189
20
0.0468501968503937
11
-1.7790088582677166
21
0.0459676377952756
0
LINE
8
BLACK
6
CONTINUOUS
10
-1.7790088582677166
20
0.0459676377952756
11
-1.7786624015748032
21
0.0448688582677165
0
LINE
8
BLACK
6
CONTINUOUS
10
-1.7786624015748032
20
0.0448688582677165
11
-1.7787627952755904
21
0.0437211417322835
0
LINE
8
BLACK
6
CONTINUOUS
10
-1.7787627952755904
20
0.0437211417322835
11
-1.7789784645669291
21
0.0431839763779528
0
LINE
8
BLACK
6
CONTINUOUS
10
-1.7789784645669291
20
0.0431839763779528
11
-1.7998190551181101
21
0.0031496062992126
0
LINE
8
BLACK
6
CONTINUOUS
10
-1.7998190551181101
20
0.0031496062992126
11
-1.0029527559055118
21
0.0031496062992126
0
LINE
8
BLACK
6
CONTINUOUS
10
-1.0029527559055118
20
0.0031496062992126
11
-1.0029527559055118
21
0.0855314960629921
0
LINE
8
BLACK
6
CONTINUOUS
10
-1.0029527559055118
20
0.0855314960629921
11
-1.6102527559055118
21
0.0855314960629921
0
LINE
8
BLACK
6
CONTINUOUS
10
-1.6102527559055118
20
0.0855314960629921
11
-1.6108288188976378
21
0.0855882283464567
0
LINE
8
BLACK
6
CONTINUOUS
10
-1.6108288188976378
20
0.0855882283464567
11
-1.6118932283464567
21
0.0860291338582677
0
LINE
8
BLACK
6
CONTINUOUS
10
-1.6118932283464567
20
0.0860291338582677
11
-1.6127078740157479
21
0.086843779527559
0
LINE
8
BLACK
6
CONTINUOUS
10
-1.6127078740157479
20
0.086843779527559
11
-1.613148779527559
21
0.0879081889763779
0
LINE
8
BLACK
6
CONTINUOUS
10
-1.613148779527559
20
0.0879081889763779
11
-1.613148779527559
21
0.0890603149606299
0
LINE
8
BLACK
6
CONTINUOUS
10
-1.613148779527559
20
0.0890603149606299
11
-1.6127078740157479
21
0.0901247244094488
0
LINE
8
BLACK
6
CONTINUOUS
10
-1.6127078740157479
20
0.0901247244094488
11
-1.6118932283464567
21
0.0909393700787402
0
LINE
8
BLACK
6
CONTINUOUS
10
-1.6118932283464567
20
0.0909393700787402
11
-1.6108288188976378
21
0.0913802755905512
0
LINE
8
BLACK
6
CONTINUOUS
10
-1.6108288188976378
20
0.0913802755905512
11
-1.6102527559055118
21
0.0914370078740157
0
LINE
8
BLACK
6
CONTINUOUS
10
-1.6102527559055118
20
0.0914370078740157
11
-1.5920313385826772
21
0.0914370078740157
0
LINE
8
BLACK
6
CONTINUOUS
10
-1.5920313385826772
20
0.0914370078740157
11
-1.6128719291338582
21
0.1314713779527559
0
LINE
8
BLACK
6
CONTINUOUS
10
-1.6128719291338582
20
0.1314713779527559
11
-1.6130875984251969
21
0.1320085433070866
0
LINE
8
BLACK
6
CONTINUOUS
10
-1.6130875984251969
20
0.1320085433070866
11
-1.6131879921259842
21
0.1331562598425197
0
LINE
8
BLACK
6
CONTINUOUS
10
-1.6131879921259842
20
0.1331562598425197
11
-1.6128415748031495
21
0.1342550393700787
0
LINE
8
BLACK
6
CONTINUOUS
10
-1.6128415748031495
20
0.1342550393700787
11
-1.6121010236220472
21
0.1351375984251968
0
LINE
8
BLACK
6
CONTINUOUS
10
-1.6121010236220472
20
0.1351375984251968
11
-1.6110790551181102
21
0.1356696062992126
0
LINE
8
BLACK
6
CONTINUOUS
10
-1.6110790551181102
20
0.1356696062992126
11
-1.6099313385826772
21
0.13577
0
LINE
8
BLACK
6
CONTINUOUS
10
-1.6099313385826772
20
0.13577
11
-1.608832559055118
21
0.1354235826771653
0
LINE
8
BLACK
6
CONTINUOUS
10
-1.608832559055118
20
0.1354235826771653
11
-1.60795
21
0.134683031496063
0
LINE
8
BLACK
6
CONTINUOUS
10
-1.60795
20
0.134683031496063
11
-1.6076336614173228
21
0.1341982283464567
0
LINE
8
BLACK
6
CONTINUOUS
10
-1.6076336614173228
20
0.1341982283464567
11
-1.5901181102362205
21
0.1005511811023622
0
LINE
8
BLACK
6
CONTINUOUS
10
-1.5901181102362205
20
0.1005511811023622
11
-1.5901181102362205
21
3.2764173622047243
0
LINE
8
BLACK
6
CONTINUOUS
10
-1.5901181102362205
20
3.2764173622047243
11
-1.6076336614173228
21
3.242770275590551
0
LINE
8
BLACK
6
CONTINUOUS
10
-1.6076336614173228
20
3.242770275590551
11
-1.60795
21
3.2422854724409449
0
LINE
8
BLACK
6
CONTINUOUS
10
-1.60795
20
3.2422854724409449
11
-1.608832559055118
21
3.2415449212598424
0
LINE
8
BLACK
6
CONTINUOUS
10
-1.608832559055118
20
3.2415449212598424
11
-1.6099313385826772
21
3.2411985039370079
0
LINE
8
BLACK
6
CONTINUOUS
10
-1.6099313385826772
20
3.2411985039370079
11
-1.6110790551181102
21
3.2412988976377952
0
LINE
8
BLACK
6
CONTINUOUS
10
-1.6110790551181102
20
3.2412988976377952
11
-1.6121010236220472
21
3.2418309055118111
0
LINE
8
BLACK
6
CONTINUOUS
10
-1.6121010236220472
20
3.2418309055118111
11
-1.6128415748031495
21
3.2427134645669291
0
LINE
8
BLACK
6
CONTINUOUS
10
-1.6128415748031495
20
3.2427134645669291
11
-1.6131879921259842
21
3.2438122440944883
0
LINE
8
BLACK
6
CONTINUOUS
10
-1.6131879921259842
20
3.2438122440944883
11
-1.6130875984251969
21
3.2449599606299211
0
LINE
8
BLACK
6
CONTINUOUS
10
-1.6130875984251969
20
3.2449599606299211
11
-1.6128719291338582
21
3.2454971259842518
0
LINE
8
BLACK
6
CONTINUOUS
10
-1.6128719291338582
20
3.2454971259842518
11
-1.5920313385826772
21
3.2855314960629922
0
LINE
8
BLACK
6
CONTINUOUS
10
-1.5920313385826772
20
3.2855314960629922
11
-1.6102527559055118
21
3.2855314960629922
0
LINE
8
BLACK
6
CONTINUOUS
10
-1.6102527559055118
20
3.2855314960629922
11
-1.6108288188976378
21
3.2855882283464566
0
LINE
8
BLACK
6
CONTINUOUS
10
-1.6108288188976378
20
3.2855882283464566
11
-1.6118932283464567
21
3.2860291338582677
0
LINE
8
BLACK
6
CONTINUOUS
10
-1.6118932283464567
20
3.2860291338582677
11
-1.6127078740157479
21
3.2868437795275591
0
LINE
8
BLACK
6
CONTINUOUS
10
-1.6127078740157479
20
3.2868437795275591
11
-1.613148779527559
21
3.2879081889763779
0
LINE
8
BLACK
6
CONTINUOUS
10
-1.613148779527559
20
3.2879081889763779
11
-1.613148779527559
21
3.2890603149606297
0
LINE
8
BLACK
6
CONTINUOUS
10
-1.613148779527559
20
3.2890603149606297
11
-1.6127078740157479
21
3.2901247244094489
0
LINE
8
BLACK
6
CONTINUOUS
10
-1.6127078740157479
20
3.2901247244094489
11
-1.6118932283464567
21
3.2909393700787399
0
LINE
8
BLACK
6
CONTINUOUS
10
-1.6118932283464567
20
3.2909393700787399
11
-1.6108288188976378
21
3.291380275590551
0
LINE
8
BLACK
6
CONTINUOUS
10
-1.6108288188976378
20
3.291380275590551
11
-1.6102527559055118
21
3.2914370078740158
0
LINE
8
BLACK
6
CONTINUOUS
10
-1.6102527559055118
20
3.2914370078740158
11
-1.0029527559055118
21
3.2914370078740158
0
LINE
8
BLACK
6
CONTINUOUS
10
-1.0029527559055118
20
3.2914370078740158
11
-1.0029527559055118
21
3.3771653543307085
0
LINE
8
BLACK
6
CONTINUOUS
10
-1.0029527559055118
20
3.3771653543307085
11
-1.7998190551181101
21
3.3771653543307085
0
LINE
8
BLACK
6
CONTINUOUS
10
0.0039370078740157
20
0.097007874015748
11
0.0039370078740157
21
0.0038976377952756
0
LINE
8
BLACK
6
CONTINUOUS
10
0.0039370078740157
20
0.0038976377952756
11
5.3563779527559054
21
0.0038976377952756
0
LINE
8
BLACK
6
CONTINUOUS
10
5.3563779527559054
20
0.0038976377952756
11
5.3563779527559054
21
0.097007874015748
0
LINE
8
BLACK
6
CONTINUOUS
10
5.3563779527559054
20
0.097007874015748
11
0.0039370078740157
21
0.097007874015748
0
LINE
8
BLACK
6
CONTINUOUS
10
-1.5822993700787402
20
3.2855314960629922
11
-1.561458779527559
21
3.2454971259842518
0
LINE
8
BLACK
6
CONTINUOUS
10
-1.561458779527559
20
3.2454971259842518
11
-1.5612431102362205
21
3.2449599606299211
0
LINE
8
BLACK
6
CONTINUOUS
10
-1.5612431102362205
20
3.2449599606299211
11
-1.561142716535433
21
3.2438122440944883
0
LINE
8
BLACK
6
CONTINUOUS
10
-1.561142716535433
20
3.2438122440944883
11
-1.5614891732283465
21
3.2427134645669291
0
LINE
8
BLACK
6
CONTINUOUS
10
-1.5614891732283465
20
3.2427134645669291
11
-1.5622297244094487
21
3.2418309055118111
0
LINE
8
BLACK
6
CONTINUOUS
10
-1.5622297244094487
20
3.2418309055118111
11
-1.563251653543307
21
3.2412988976377952
0
LINE
8
BLACK
6
CONTINUOUS
10
-1.563251653543307
20
3.2412988976377952
11
-1.5643993700787402
21
3.2411985039370079
0
LINE
8
BLACK
6
CONTINUOUS
10
-1.5643993700787402
20
3.2411985039370079
11
-1.5654981496062992
21
3.2415449606299211
0
LINE
8
BLACK
6
CONTINUOUS
10
-1.5654981496062992
20
3.2415449606299211
11
-1.5663807086614172
21
3.2422855118110236
0
LINE
8
BLACK
6
CONTINUOUS
10
-1.5663807086614172
20
3.2422855118110236
11
-1.5666970472440944
21
3.242770275590551
0
LINE
8
BLACK
6
CONTINUOUS
10
-1.5666970472440944
20
3.242770275590551
11
-1.5842125984251969
21
3.2764173622047243
0
LINE
8
BLACK
6
CONTINUOUS
10
-1.5842125984251969
20
3.2764173622047243
11
-1.5842125984251969
21
0.1005511811023622
0
LINE
8
BLACK
6
CONTINUOUS
10
-1.5842125984251969
20
0.1005511811023622
11
-1.5666970472440944
21
0.1341982283464567
0
LINE
8
BLACK
6
CONTINUOUS
10
-1.5666970472440944
20
0.1341982283464567
11
-1.5663807086614172
21
0.1346829921259843
0
LINE
8
BLACK
6
CONTINUOUS
10
-1.5663807086614172
20
0.1346829921259843
11
-1.5654981496062992
21
0.1354235433070866
0
LINE
8
BLACK
6
CONTINUOUS
10
-1.5654981496062992
20
0.1354235433070866
11
-1.5643993700787402
21
0.13577
0
LINE
8
BLACK
6
CONTINUOUS
10
-1.5643993700787402
20
0.13577
11
-1.563251653543307
21
0.1356696062992126
0
LINE
8
BLACK
6
CONTINUOUS
10
-1.563251653543307
20
0.1356696062992126
11
-1.5622297244094487
21
0.1351375984251968
0
LINE
8
BLACK
6
CONTINUOUS
10
-1.5622297244094487
20
0.1351375984251968
11
-1.5614891732283465
21
0.1342550393700787
0
LINE
8
BLACK
6
CONTINUOUS
10
-1.5614891732283465
20
0.1342550393700787
11
-1.561142716535433
21
0.1331562598425197
0
LINE
8
BLACK
6
CONTINUOUS
10
-1.561142716535433
20
0.1331562598425197
11
-1.5612431102362205
21
0.1320085433070866
0
LINE
8
BLACK
6
CONTINUOUS
10
-1.5612431102362205
20
0.1320085433070866
11
-1.561458779527559
21
0.1314713779527559
0
LINE
8
BLACK
6
CONTINUOUS
10
-1.561458779527559
20
0.1314713779527559
11
-1.5822993700787402
21
0.0914370078740157
0
LINE
8
BLACK
6
CONTINUOUS
10
-1.5822993700787402
20
0.0914370078740157
11
-1.0029527559055118
21
0.0914370078740157
0
LINE
8
BLACK
6
CONTINUOUS
10
-1.0029527559055118
20
0.0914370078740157
11
-1.0029527559055118
21
0.4855314960629921
0
LINE
8
BLACK
6
CONTINUOUS
10
-1.0029527559055118
20
0.4855314960629921
11
-1.436040157480315
21
0.4855314960629921
0
LINE
8
BLACK
6
CONTINUOUS
10
-1.436040157480315
20
0.4855314960629921
11
-1.4366162204724409
21
0.4855882283464567
0
LINE
8
BLACK
6
CONTINUOUS
10
-1.4366162204724409
20
0.4855882283464567
11
-1.4376806299212599
21
0.4860291338582677
0
LINE
8
BLACK
6
CONTINUOUS
10
-1.4376806299212599
20
0.4860291338582677
11
-1.4384952755905511
21
0.486843779527559
0
LINE
8
BLACK
6
CONTINUOUS
10
-1.4384952755905511
20
0.486843779527559
11
-1.4389361811023622
21
0.4879081889763779
0
LINE
8
BLACK
6
CONTINUOUS
10
-1.4389361811023622
20
0.4879081889763779
11
-1.4389361811023622
21
0.4890603149606299
0
LINE
8
BLACK
6
CONTINUOUS
10
-1.4389361811023622
20
0.4890603149606299
11
-1.4384952755905511
21
0.4901247244094488
0
LINE
8
BLACK
6
CONTINUOUS
10
-1.4384952755905511
20
0.4901247244094488
11
-1.4376806299212599
21
0.4909393700787402
0
LINE
8
BLACK
6
CONTINUOUS
10
-1.4376806299212599
20
0.4909393700787402
11
-1.4366162204724409
21
0.4913802755905512
0
LINE
8
BLACK
6
CONTINUOUS
10
-1.4366162204724409
20
0.4913802755905512
11
-1.436040157480315
21
0.4914370078740157
0
LINE
8
BLACK
6
CONTINUOUS
10
-1.436040157480315
20
0.4914370078740157
11
-1.4178187401574802
21
0.4914370078740157
0
LINE
8
BLACK
6
CONTINUOUS
10
-1.4178187401574802
20
0.4914370078740157
11
-1.4386593307086615
21
0.5314713779527559
0
LINE
8
BLACK
6
CONTINUOUS
10
-1.4386593307086615
20
0.5314713779527559
11
-1.4388749999999999
21
0.5320085433070866
0
LINE
8
BLACK
6
CONTINUOUS
10
-1.4388749999999999
20
0.5320085433070866
11
-1.4389753937007874
21
0.5331562598425197
0
LINE
8
BLACK
6
CONTINUOUS
10
-1.4389753937007874
20
0.5331562598425197
11
-1.4386289763779527
21
0.5342550393700787
0
LINE
8
BLACK
6
CONTINUOUS
10
-1.4386289763779527
20
0.5342550393700787
11
-1.4378884251968505
21
0.5351375984251968
0
LINE
8
BLACK
6
CONTINUOUS
10
-1.4378884251968505
20
0.5351375984251968
11
-1.4368664566929135
21
0.5356696062992126
0
LINE
8
BLACK
6
CONTINUOUS
10
-1.4368664566929135
20
0.5356696062992126
11
-1.4357187401574802
21
0.53577
0
LINE
8
BLACK
6
CONTINUOUS
10
-1.4357187401574802
20
0.53577
11
-1.4346199606299213
21
0.5354235826771654
0
LINE
8
BLACK
6
CONTINUOUS
10
-1.4346199606299213
20
0.5354235826771654
11
-1.4337374015748032
21
0.534683031496063
0
LINE
8
BLACK
6
CONTINUOUS
10
-1.4337374015748032
20
0.534683031496063
11
-1.433421062992126
21
0.5341982283464567
0
LINE
8
BLACK
6
CONTINUOUS
10
-1.433421062992126
20
0.5341982283464567
11
-1.4159055118110235
21
0.5005511811023622
0
LINE
8
BLACK
6
CONTINUOUS
10
-1.4159055118110235
20
0.5005511811023622
11
-1.4159055118110235
21
2.8764173622047244
0
LINE
8
BLACK
6
CONTINUOUS
10
-1.4159055118110235
20
2.8764173622047244
11
-1.433421062992126
21
2.8427702755905511
0
LINE
8
BLACK
6
CONTINUOUS
10
-1.433421062992126
20
2.8427702755905511
11
-1.4337374015748032
21
2.842285472440945
0
LINE
8
BLACK
6
CONTINUOUS
10
-1.4337374015748032
20
2.842285472440945
11
-1.4346199606299213
21
2.8415449212598425
0
LINE
8
BLACK
6
CONTINUOUS
10
-1.4346199606299213
20
2.8415449212598425
11
-1.4357187401574802
21
2.841198503937008
0
LINE
8
BLACK
6
CONTINUOUS
10
-1.4357187401574802
20
2.841198503937008
11
-1.4368664566929135
21
2.8412988976377953
0
LINE
8
BLACK
6
CONTINUOUS
10
-1.4368664566929135
20
2.8412988976377953
11
-1.4378884251968505
21
2.8418309055118112
0
LINE
8
BLACK
6
CONTINUOUS
10
-1.4378884251968505
20
2.8418309055118112
11
-1.4386289763779527
21
2.8427134645669292
0
LINE
8
BLACK
6
CONTINUOUS
10
-1.4386289763779527
20
2.8427134645669292
11
-1.4389753937007874
21
2.843812244094488
0
LINE
8
BLACK
6
CONTINUOUS
10
-1.4389753937007874
20
2.843812244094488
11
-1.4388749999999999
21
2.8449599606299212
0
LINE
8
BLACK
6
CONTINUOUS
10
-1.4388749999999999
20
2.8449599606299212
11
-1.4386593307086615
21
2.8454971259842519
0
LINE
8
BLACK
6
CONTINUOUS
10
-1.4386593307086615
20
2.8454971259842519
11
-1.4178187401574802
21
2.8855314960629919
0
LINE
8
BLACK
6
CONTINUOUS
10
-1.4178187401574802
20
2.8855314960629919
11
-1.436040157480315
21
2.8855314960629919
0
LINE
8
BLACK
6
CONTINUOUS
10
-1.436040157480315
20
2.8855314960629919
11
-1.4366162204724409
21
2.8855882283464567
0
LINE
8
BLACK
6
CONTINUOUS
10
-1.4366162204724409
20
2.8855882283464567
11
-1.4376806299212599
21
2.8860291338582678
0
LINE
8
BLACK
6
CONTINUOUS
10
-1.4376806299212599
20
2.8860291338582678
11
-1.4384952755905511
21
2.8868437795275588
0
LINE
8
BLACK
6
CONTINUOUS
10
-1.4384952755905511
20
2.8868437795275588
11
-1.4389361811023622
21
2.887908188976378
0
LINE
8
BLACK
6
CONTINUOUS
10
-1.4389361811023622
20
2.887908188976378
11
-1.4389361811023622
21
2.8890603149606298
0
LINE
8
BLACK
6
CONTINUOUS
10
-1.4389361811023622
20
2.8890603149606298
11
-1.4384952755905511
21
2.8901247244094486
0
LINE
8
BLACK
6
CONTINUOUS
10
-1.4384952755905511
20
2.8901247244094486
11
-1.4376806299212599
21
2.89093937007874
0
LINE
8
BLACK
6
CONTINUOUS
10
-1.4376806299212599
20
2.89093937007874
11
-1.4366162204724409
21
2.8913802755905511
0
LINE
8
BLACK
6
CONTINUOUS
10
-1.4366162204724409
20
2.8913802755905511
11
-1.436040157480315
21
2.8914370078740155
0
LINE
8
BLACK
6
CONTINUOUS
10
-1.436040157480315
20
2.8914370078740155
11
-1.0029527559055118
21
2.8914370078740155
0
LINE
8
BLACK
6
CONTINUOUS
10
-1.0029527559055118
20
2.8914370078740155
11
-1.0029527559055118
21
3.2855314960629922
0
LINE
8
BLACK
6
CONTINUOUS
10
-1.0029527559055118
20
3.2855314960629922
11
-1.5822993700787402
21
3.2855314960629922
0
LINE
8
BLACK
6
CONTINUOUS
10
-0.9970472440944882
20
3.2855314960629922
11
-0.9970472440944882
21
2.8914370078740155
0
LINE
8
BLACK
6
CONTINUOUS
10
-0.9970472440944882
20
2.8914370078740155
11
-0.7999999999999999
21
2.8914370078740155
0
LINE
8
BLACK
6
CONTINUOUS
10
-0.7999999999999999
20
2.8914370078740155
11
-0.799423937007874
21
2.8913802755905511
0
LINE
8
BLACK
6
CONTINUOUS
10
-0.799423937007874
20
2.8913802755905511
11
-0.7983595275590551
21
2.89093937007874
0
LINE
8
BLACK
6
CONTINUOUS
10
-0.7983595275590551
20
2.89093937007874
11
-0.7975448818897638
21
2.8901247244094486
0
LINE
8
BLACK
6
CONTINUOUS
10
-0.7975448818897638
20
2.8901247244094486
11
-0.7971039763779527
21
2.8890603149606298
0
LINE
8
BLACK
6
CONTINUOUS
10
-0.7971039763779527
20
2.8890603149606298
11
-0.7971039763779527
21
2.887908188976378
0
LINE
8
BLACK
6
CONTINUOUS
10
-0.7971039763779527
20
2.887908188976378
11
-0.7975448818897638
21
2.8868437795275588
0
LINE
8
BLACK
6
CONTINUOUS
10
-0.7975448818897638
20
2.8868437795275588
11
-0.7983595275590551
21
2.8860291338582678
0
LINE
8
BLACK
6
CONTINUOUS
10
-0.7983595275590551
20
2.8860291338582678
11
-0.799423937007874
21
2.8855882283464567
0
LINE
8
BLACK
6
CONTINUOUS
10
-0.799423937007874
20
2.8855882283464567
11
-0.7999999999999999
21
2.8855314960629919
0
LINE
8
BLACK
6
CONTINUOUS
10
-0.7999999999999999
20
2.8855314960629919
11
-0.9970472440944882
21
2.8855314960629919
0
LINE
8
BLACK
6
CONTINUOUS
10
-0.9970472440944882
20
2.8855314960629919
11
-0.9970472440944882
21
0.4914370078740157
0
LINE
8
BLACK
6
CONTINUOUS
10
-0.9970472440944882
20
0.4914370078740157
11
-0.7999999999999999
21
0.4914370078740157
0
LINE
8
BLACK
6
CONTINUOUS
10
-0.7999999999999999
20
0.4914370078740157
11
-0.799423937007874
21
0.4913802755905512
0
LINE
8
BLACK
6
CONTINUOUS
10
-0.799423937007874
20
0.4913802755905512
11
-0.7983595275590551
21
0.4909393700787402
0
LINE
8
BLACK
6
CONTINUOUS
10
-0.7983595275590551
20
0.4909393700787402
11
-0.7975448818897638
21
0.4901247244094488
0
LINE
8
BLACK
6
CONTINUOUS
10
-0.7975448818897638
20
0.4901247244094488
11
-0.7971039763779527
21
0.4890603149606299
0
LINE
8
BLACK
6
CONTINUOUS
10
-0.7971039763779527
20
0.4890603149606299
11
-0.7971039763779527
21
0.4879081889763779
0
LINE
8
BLACK
6
CONTINUOUS
10
-0.7971039763779527
20
0.4879081889763779
11
-0.7975448818897638
21
0.486843779527559
0
LINE
8
BLACK
6
CONTINUOUS
10
-0.7975448818897638
20
0.486843779527559
11
-0.7983595275590551
21
0.4860291338582677
0
LINE
8
BLACK
6
CONTINUOUS
10
-0.7983595275590551
20
0.4860291338582677
11
-0.799423937007874
21
0.4855882283464567
0
LINE
8
BLACK
6
CONTINUOUS
10
-0.799423937007874
20
0.4855882283464567
11
-0.7999999999999999
21
0.4855314960629921
0
LINE
8
BLACK
6
CONTINUOUS
10
-0.7999999999999999
20
0.4855314960629921
11
-0.9970472440944882
21
0.4855314960629921
0
LINE
8
BLACK
6
CONTINUOUS
10
-0.9970472440944882
20
0.4855314960629921
11
-0.9970472440944882
21
0.0914370078740157
0
LINE
8
BLACK
6
CONTINUOUS
10
-0.9970472440944882
20
0.0914370078740157
11
-0.783267716535433
21
0.0914370078740157
0
LINE
8
BLACK
6
CONTINUOUS
10
-0.783267716535433
20
0.0914370078740157
11
-0.783267716535433
21
3.2855314960629922
0
LINE
8
BLACK
6
CONTINUOUS
10
-0.783267716535433
20
3.2855314960629922
11
-0.9970472440944882
21
3.2855314960629922
0
LINE
8
BLACK
6
CONTINUOUS
10
0.0039370078740157
20
3.277007874015748
11
0.0039370078740157
21
0.1029133858267716
0
LINE
8
BLACK
6
CONTINUOUS
10
0.0039370078740157
20
0.1029133858267716
11
5.3563779527559054
21
0.1029133858267716
0
LINE
8
BLACK
6
CONTINUOUS
10
5.3563779527559054
20
0.1029133858267716
11
5.3563779527559054
21
3.277007874015748
0
LINE
8
BLACK
6
CONTINUOUS
10
5.3563779527559054
20
3.277007874015748
11
0.0039370078740157
21
3.277007874015748
0
LINE
8
BLACK
6
CONTINUOUS
10
5.3642519685039369
20
3.277007874015748
11
5.3642519685039369
21
0.1029133858267716
0
LINE
8
BLACK
6
CONTINUOUS
10
5.3642519685039369
20
0.1029133858267716
11
5.3770472440944879
21
0.1029133858267716
0
LINE
8
BLACK
6
CONTINUOUS
10
5.3770472440944879
20
0.1029133858267716
11
5.3770472440944879
21
3.277007874015748
0
LINE
8
BLACK
6
CONTINUOUS
10
5.3770472440944879
20
3.277007874015748
11
5.3642519685039369
21
3.277007874015748
0
LINE
8
BLACK
6
CONTINUOUS
10
-1.4080867716535432
20
2.8855314960629919
11
-1.3872461811023622
21
2.8454971259842519
0
LINE
8
BLACK
6
CONTINUOUS
10
-1.3872461811023622
20
2.8454971259842519
11
-1.3870305118110235
21
2.8449599606299212
0
LINE
8
BLACK
6
CONTINUOUS
10
-1.3870305118110235
20
2.8449599606299212
11
-1.3869301181102363
21
2.843812244094488
0
LINE
8
BLACK
6
CONTINUOUS
10
-1.3869301181102363
20
2.843812244094488
11
-1.3872765748031495
21
2.8427134645669292
0
LINE
8
BLACK
6
CONTINUOUS
10
-1.3872765748031495
20
2.8427134645669292
11
-1.388017125984252
21
2.8418309055118112
0
LINE
8
BLACK
6
CONTINUOUS
10
-1.388017125984252
20
2.8418309055118112
11
-1.3890390551181102
21
2.8412988976377953
0
LINE
8
BLACK
6
CONTINUOUS
10
-1.3890390551181102
20
2.8412988976377953
11
-1.3901867716535432
21
2.841198503937008
0
LINE
8
BLACK
6
CONTINUOUS
10
-1.3901867716535432
20
2.841198503937008
11
-1.3912855511811024
21
2.8415449606299212
0
LINE
8
BLACK
6
CONTINUOUS
10
-1.3912855511811024
20
2.8415449606299212
11
-1.3921681102362204
21
2.8422855118110237
0
LINE
8
BLACK
6
CONTINUOUS
10
-1.3921681102362204
20
2.8422855118110237
11
-1.3924844488188977
21
2.8427702755905511
0
LINE
8
BLACK
6
CONTINUOUS
10
-1.3924844488188977
20
2.8427702755905511
11
-1.4099999999999999
21
2.8764173622047244
0
LINE
8
BLACK
6
CONTINUOUS
10
-1.4099999999999999
20
2.8764173622047244
11
-1.4099999999999999
21
0.5005511811023622
0
LINE
8
BLACK
6
CONTINUOUS
10
-1.4099999999999999
20
0.5005511811023622
11
-1.3924844488188977
21
0.5341982283464567
0
LINE
8
BLACK
6
CONTINUOUS
10
-1.3924844488188977
20
0.5341982283464567
11
-1.3921681102362204
21
0.5346829921259842
0
LINE
8
BLACK
6
CONTINUOUS
10
-1.3921681102362204
20
0.5346829921259842
11
-1.3912855511811024
21
0.5354235433070866
0
LINE
8
BLACK
6
CONTINUOUS
10
-1.3912855511811024
20
0.5354235433070866
11
-1.3901867716535432
21
0.53577
0
LINE
8
BLACK
6
CONTINUOUS
10
-1.3901867716535432
20
0.53577
11
-1.3890390551181102
21
0.5356696062992126
0
LINE
8
BLACK
6
CONTINUOUS
10
-1.3890390551181102
20
0.5356696062992126
11
-1.388017125984252
21
0.5351375984251968
0
LINE
8
BLACK
6
CONTINUOUS
10
-1.388017125984252
20
0.5351375984251968
11
-1.3872765748031495
21
0.5342550393700787
0
LINE
8
BLACK
6
CONTINUOUS
10
-1.3872765748031495
20
0.5342550393700787
11
-1.3869301181102363
21
0.5331562598425197
0
LINE
8
BLACK
6
CONTINUOUS
10
-1.3869301181102363
20
0.5331562598425197
11
-1.3870305118110235
21
0.5320085433070866
0
LINE
8
BLACK
6
CONTINUOUS
10
-1.3870305118110235
20
0.5320085433070866
11
-1.3872461811023622
21
0.5314713779527559
0
LINE
8
BLACK
6
CONTINUOUS
10
-1.3872461811023622
20
0.5314713779527559
11
-1.4080867716535432
21
0.4914370078740157
0
LINE
8
BLACK
6
CONTINUOUS
10
-1.4080867716535432
20
0.4914370078740157
11
-1.0029527559055118
21
0.4914370078740157
0
LINE
8
BLACK
6
CONTINUOUS
10
-1.0029527559055118
20
0.4914370078740157
11
-1.0029527559055118
21
2.8855314960629919
0
LINE
8
BLACK
6
CONTINUOUS
10
-1.0029527559055118
20
2.8855314960629919
11
-1.4080867716535432
21
2.8855314960629919
0
LINE
8
BLACK
6
CONTINUOUS
10
0.0039370078740157
20
3.3760236220472439
11
0.0039370078740157
21
3.2829133858267716
0
LINE
8
BLACK
6
CONTINUOUS
10
0.0039370078740157
20
3.2829133858267716
11
5.3563779527559054
21
3.2829133858267716
0
LINE
8
BLACK
6
CONTINUOUS
10
5.3563779527559054
20
3.2829133858267716
11
5.3563779527559054
21
3.3760236220472439
0
LINE
8
BLACK
6
CONTINUOUS
10
5.3563779527559054
20
3.3760236220472439
11
0.0039370078740157
21
3.3760236220472439
0
LINE
8
BLACK
6
CONTINUOUS
10
-0.8769265748031496
20
3.3770078740157481
11
-0.8769265748031496
21
3.3719625196850394
0
LINE
8
BLACK
6
CONTINUOUS
10
-0.8769265748031496
20
3.3719625196850394
11
-0.8769833070866142
21
3.3713864566929135
0
LINE
8
BLACK
6
CONTINUOUS
10
-0.8769833070866142
20
3.3713864566929135
11
-0.8774242125984252
21
3.3703220472440942
0
LINE
8
BLACK
6
CONTINUOUS
10
-0.8774242125984252
20
3.3703220472440942
11
-0.8782388582677165
21
3.3695074015748032
0
LINE
8
BLACK
6
CONTINUOUS
10
-0.8782388582677165
20
3.3695074015748032
11
-0.8793032677165354
21
3.3690664960629921
0
LINE
8
BLACK
6
CONTINUOUS
10
-0.8793032677165354
20
3.3690664960629921
11
-0.8804553937007874
21
3.3690664960629921
0
LINE
8
BLACK
6
CONTINUOUS
10
-0.8804553937007874
20
3.3690664960629921
11
-0.8815198031496063
21
3.3695074015748032
0
LINE
8
BLACK
6
CONTINUOUS
10
-0.8815198031496063
20
3.3695074015748032
11
-0.8823344488188977
21
3.3703220472440942
0
LINE
8
BLACK
6
CONTINUOUS
10
-0.8823344488188977
20
3.3703220472440942
11
-0.8827753543307086
21
3.3713864566929135
0
LINE
8
BLACK
6
CONTINUOUS
10
-0.8827753543307086
20
3.3713864566929135
11
-0.8828320866141732
21
3.3719625196850394
0
LINE
8
BLACK
6
CONTINUOUS
10
-0.8828320866141732
20
3.3719625196850394
11
-0.8828320866141732
21
3.3770078740157481
0
LINE
8
BLACK
6
CONTINUOUS
10
-0.8828320866141732
20
3.3770078740157481
11
-0.9970472440944882
21
3.3770078740157481
0
LINE
8
BLACK
6
CONTINUOUS
10
-0.9970472440944882
20
3.3770078740157481
11
-0.9970472440944882
21
3.2914370078740158
0
LINE
8
BLACK
6
CONTINUOUS
10
-0.9970472440944882
20
3.2914370078740158
11
-0.783267716535433
21
3.2914370078740158
0
LINE
8
BLACK
6
CONTINUOUS
10
-0.783267716535433
20
3.2914370078740158
11
-0.783267716535433
21
3.3770078740157481
0
LINE
8
BLACK
6
CONTINUOUS
10
-0.783267716535433
20
3.3770078740157481
11
-0.8769265748031496
21
3.3770078740157481
0
LINE
8
BLACK
6
CONTINUOUS
10
-0.9687992125984252
20
3.6399606299212599
11
-0.9351521653543307
21
3.6224450787401574
0
LINE
8
BLACK
6
CONTINUOUS
10
-0.9351521653543307
20
3.6224450787401574
11
-0.9346674015748031
21
3.6221287401574802
0
LINE
8
BLACK
6
CONTINUOUS
10
-0.9346674015748031
20
3.6221287401574802
11
-0.9339268503937007
21
3.6212461811023622
0
LINE
8
BLACK
6
CONTINUOUS
10
-0.9339268503937007
20
3.6212461811023622
11
-0.9335803937007874
21
3.620147401574803
0
LINE
8
BLACK
6
CONTINUOUS
10
-0.9335803937007874
20
3.620147401574803
11
-0.9336807874015748
21
3.6189996850393702
0
LINE
8
BLACK
6
CONTINUOUS
10
-0.9336807874015748
20
3.6189996850393702
11
-0.9342127952755905
21
3.6179777559055117
0
LINE
8
BLACK
6
CONTINUOUS
10
-0.9342127952755905
20
3.6179777559055117
11
-0.9350953543307087
21
3.6172372047244092
0
LINE
8
BLACK
6
CONTINUOUS
10
-0.9350953543307087
20
3.6172372047244092
11
-0.9361941338582677
21
3.616890748031496
0
LINE
8
BLACK
6
CONTINUOUS
10
-0.9361941338582677
20
3.616890748031496
11
-0.9373418503937008
21
3.6169911417322833
0
LINE
8
BLACK
6
CONTINUOUS
10
-0.9373418503937008
20
3.6169911417322833
11
-0.9378790157480315
21
3.617206811023622
0
LINE
8
BLACK
6
CONTINUOUS
10
-0.9378790157480315
20
3.617206811023622
11
-0.9779133858267717
21
3.638047401574803
0
LINE
8
BLACK
6
CONTINUOUS
10
-0.9779133858267717
20
3.638047401574803
11
-0.9779133858267717
21
3.4142853543307088
0
LINE
8
BLACK
6
CONTINUOUS
10
-0.9779133858267717
20
3.4142853543307088
11
-0.9754924015748031
21
3.4142853543307088
0
LINE
8
BLACK
6
CONTINUOUS
10
-0.9754924015748031
20
3.4142853543307088
11
-0.9749163385826771
21
3.414228622047244
0
LINE
8
BLACK
6
CONTINUOUS
10
-0.9749163385826771
20
3.414228622047244
11
-0.9748183464566929
21
3.4141880314960629
0
LINE
8
BLACK
6
CONTINUOUS
10
-0.9748183464566929
20
3.4141880314960629
11
-0.9747125196850394
21
3.4141805118110233
0
LINE
8
BLACK
6
CONTINUOUS
10
-0.9747125196850394
20
3.4141805118110233
11
-0.9741718897637796
21
3.4139736220472439
0
LINE
8
BLACK
6
CONTINUOUS
10
-0.9741718897637796
20
3.4139736220472439
11
-0.9704223622047244
21
3.4120988582677163
0
LINE
8
BLACK
6
CONTINUOUS
10
-0.9704223622047244
20
3.4120988582677163
11
-0.9703260236220472
21
3.4120382283464568
0
LINE
8
BLACK
6
CONTINUOUS
10
-0.9703260236220472
20
3.4120382283464568
11
-0.9702805905511811
21
3.4120230708661419
0
LINE
8
BLACK
6
CONTINUOUS
10
-0.9702805905511811
20
3.4120230708661419
11
-0.9702240551181102
21
3.4119740551181104
0
LINE
8
BLACK
6
CONTINUOUS
10
-0.9702240551181102
20
3.4119740551181104
11
-0.9699324803149606
21
3.4117905118110237
0
LINE
8
BLACK
6
CONTINUOUS
10
-0.9699324803149606
20
3.4117905118110237
11
-0.9696899212598425
21
3.4115108267716536
0
LINE
8
BLACK
6
CONTINUOUS
10
-0.9696899212598425
20
3.4115108267716536
11
-0.9694101968503936
21
3.4112682283464566
0
LINE
8
BLACK
6
CONTINUOUS
10
-0.9694101968503936
20
3.4112682283464566
11
-0.9692266929133858
21
3.4109766929133856
0
LINE
8
BLACK
6
CONTINUOUS
10
-0.9692266929133858
20
3.4109766929133856
11
-0.9691776377952755
21
3.4109201181102362
0
LINE
8
BLACK
6
CONTINUOUS
10
-0.9691776377952755
20
3.4109201181102362
11
-0.9691625196850393
21
3.4108747244094486
0
LINE
8
BLACK
6
CONTINUOUS
10
-0.9691625196850393
20
3.4108747244094486
11
-0.9691018503937008
21
3.4107783464566928
0
LINE
8
BLACK
6
CONTINUOUS
10
-0.9691018503937008
20
3.4107783464566928
11
-0.9672270866141732
21
3.4070288188976376
0
LINE
8
BLACK
6
CONTINUOUS
10
-0.9672270866141732
20
3.4070288188976376
11
-0.9670201968503936
21
3.4064882283464568
0
LINE
8
BLACK
6
CONTINUOUS
10
-0.9670201968503936
20
3.4064882283464568
11
-0.9670126771653543
21
3.4063823622047242
0
LINE
8
BLACK
6
CONTINUOUS
10
-0.9670126771653543
20
3.4063823622047242
11
-0.9669720866141732
21
3.40628437007874
0
LINE
8
BLACK
6
CONTINUOUS
10
-0.9669720866141732
20
3.40628437007874
11
-0.9669153543307086
21
3.4057083070866141
0
LINE
8
BLACK
6
CONTINUOUS
10
-0.9669153543307086
20
3.4057083070866141
11
-0.9669153543307086
21
3.3850858661417322
0
LINE
8
BLACK
6
CONTINUOUS
10
-0.9669153543307086
20
3.3850858661417322
11
-0.9669720866141732
21
3.3845098031496064
0
LINE
8
BLACK
6
CONTINUOUS
10
-0.9669720866141732
20
3.3845098031496064
11
-0.9674129921259842
21
3.3834453937007871
0
LINE
8
BLACK
6
CONTINUOUS
10
-0.9674129921259842
20
3.3834453937007871
11
-0.9679449999999999
21
3.3829133858267717
0
LINE
8
BLACK
6
CONTINUOUS
10
-0.9679449999999999
20
3.3829133858267717
11
-0.9477537401574803
21
3.3829133858267717
0
LINE
8
BLACK
6
CONTINUOUS
10
-0.9477537401574803
20
3.3829133858267717
11
-0.9505661811023621
21
3.3843196062992127
0
LINE
8
BLACK
6
CONTINUOUS
10
-0.9505661811023621
20
3.3843196062992127
11
-0.9508142125984251
21
3.3844757086614172
0
LINE
8
BLACK
6
CONTINUOUS
10
-0.9508142125984251
20
3.3844757086614172
11
-0.9508861417322835
21
3.3845055118110237
0
LINE
8
BLACK
6
CONTINUOUS
10
-0.9508861417322835
20
3.3845055118110237
11
-0.9509671259842519
21
3.3845719685039368
0
LINE
8
BLACK
6
CONTINUOUS
10
-0.9509671259842519
20
3.3845719685039368
11
-0.951056062992126
21
3.3846279527559053
0
LINE
8
BLACK
6
CONTINUOUS
10
-0.951056062992126
20
3.3846279527559053
11
-0.9511072834645669
21
3.3846870078740157
0
LINE
8
BLACK
6
CONTINUOUS
10
-0.9511072834645669
20
3.3846870078740157
11
-0.951333622047244
21
3.3848727559055116
0
LINE
8
BLACK
6
CONTINUOUS
10
-0.951333622047244
20
3.3848727559055116
11
-0.9532083858267716
21
3.3867475590551179
0
LINE
8
BLACK
6
CONTINUOUS
10
-0.9532083858267716
20
3.3867475590551179
11
-0.9533941338582677
21
3.386973897637795
0
LINE
8
BLACK
6
CONTINUOUS
10
-0.9533941338582677
20
3.386973897637795
11
-0.9534531102362205
21
3.3870250393700787
0
LINE
8
BLACK
6
CONTINUOUS
10
-0.9534531102362205
20
3.3870250393700787
11
-0.953509094488189
21
3.3871139763779525
0
LINE
8
BLACK
6
CONTINUOUS
10
-0.953509094488189
20
3.3871139763779525
11
-0.9535755905511811
21
3.3871949999999997
0
LINE
8
BLACK
6
CONTINUOUS
10
-0.9535755905511811
20
3.3871949999999997
11
-0.9536054330708661
21
3.3872670472440944
0
LINE
8
BLACK
6
CONTINUOUS
10
-0.9536054330708661
20
3.3872670472440944
11
-0.9537614566929133
21
3.3875149212598425
0
LINE
8
BLACK
6
CONTINUOUS
10
-0.9537614566929133
20
3.3875149212598425
11
-0.9556362204724409
21
3.3912644488188977
0
LINE
8
BLACK
6
CONTINUOUS
10
-0.9556362204724409
20
3.3912644488188977
11
-0.9558431102362205
21
3.3918050787401572
0
LINE
8
BLACK
6
CONTINUOUS
10
-0.9558431102362205
20
3.3918050787401572
11
-0.9558506299212598
21
3.3919109055118111
0
LINE
8
BLACK
6
CONTINUOUS
10
-0.9558506299212598
20
3.3919109055118111
11
-0.9558912204724409
21
3.3920088976377953
0
LINE
8
BLACK
6
CONTINUOUS
10
-0.9558912204724409
20
3.3920088976377953
11
-0.9559479527559055
21
3.3925849606299212
0
LINE
8
BLACK
6
CONTINUOUS
10
-0.9559479527559055
20
3.3925849606299212
11
-0.9559479527559055
21
3.4038335433070865
0
LINE
8
BLACK
6
CONTINUOUS
10
-0.9559479527559055
20
3.4038335433070865
11
-0.9558912204724409
21
3.4044096062992124
0
LINE
8
BLACK
6
CONTINUOUS
10
-0.9558912204724409
20
3.4044096062992124
11
-0.9558506299212598
21
3.4045076377952754
0
LINE
8
BLACK
6
CONTINUOUS
10
-0.9558506299212598
20
3.4045076377952754
11
-0.9558431102362205
21
3.4046134251968505
0
LINE
8
BLACK
6
CONTINUOUS
10
-0.9558431102362205
20
3.4046134251968505
11
-0.9556362204724409
21
3.4051540551181101
0
LINE
8
BLACK
6
CONTINUOUS
10
-0.9556362204724409
20
3.4051540551181101
11
-0.9537614566929133
21
3.4089035826771652
0
LINE
8
BLACK
6
CONTINUOUS
10
-0.9537614566929133
20
3.4089035826771652
11
-0.9536053937007873
21
3.4091516141732283
0
LINE
8
BLACK
6
CONTINUOUS
10
-0.9536053937007873
20
3.4091516141732283
11
-0.9535755511811024
21
3.4092235433070863
0
LINE
8
BLACK
6
CONTINUOUS
10
-0.9535755511811024
20
3.4092235433070863
11
-0.953509094488189
21
3.4093045275590552
0
LINE
8
BLACK
6
CONTINUOUS
10
-0.953509094488189
20
3.4093045275590552
11
-0.9534531102362205
21
3.409393464566929
0
LINE
8
BLACK
6
CONTINUOUS
10
-0.9534531102362205
20
3.409393464566929
11
-0.9533941338582677
21
3.4094446456692911
0
LINE
8
BLACK
6
CONTINUOUS
10
-0.9533941338582677
20
3.4094446456692911
11
-0.9532083464566929
21
3.4096709842519686
0
LINE
8
BLACK
6
CONTINUOUS
10
-0.9532083464566929
20
3.4096709842519686
11
-0.9513335826771653
21
3.4115457480314961
0
LINE
8
BLACK
6
CONTINUOUS
10
-0.9513335826771653
20
3.4115457480314961
11
-0.9511072440944882
21
3.4117315354330708
0
LINE
8
BLACK
6
CONTINUOUS
10
-0.9511072440944882
20
3.4117315354330708
11
-0.951056062992126
21
3.4117905118110237
0
LINE
8
BLACK
6
CONTINUOUS
10
-0.951056062992126
20
3.4117905118110237
11
-0.9509671259842519
21
3.4118464960629922
0
LINE
8
BLACK
6
CONTINUOUS
10
-0.9509671259842519
20
3.4118464960629922
11
-0.9508861417322835
21
3.4119129527559053
0
LINE
8
BLACK
6
CONTINUOUS
10
-0.9508861417322835
20
3.4119129527559053
11
-0.9508142125984251
21
3.4119427952755905
0
LINE
8
BLACK
6
CONTINUOUS
10
-0.9508142125984251
20
3.4119427952755905
11
-0.9505661811023621
21
3.4120988582677163
0
LINE
8
BLACK
6
CONTINUOUS
10
-0.9505661811023621
20
3.4120988582677163
11
-0.946816653543307
21
3.4139736220472439
0
LINE
8
BLACK
6
CONTINUOUS
10
-0.946816653543307
20
3.4139736220472439
11
-0.946276062992126
21
3.4141805118110233
0
LINE
8
BLACK
6
CONTINUOUS
10
-0.946276062992126
20
3.4141805118110233
11
-0.9461701968503937
21
3.4141880708661416
0
LINE
8
BLACK
6
CONTINUOUS
10
-0.9461701968503937
20
3.4141880708661416
11
-0.9460722047244094
21
3.414228622047244
0
LINE
8
BLACK
6
CONTINUOUS
10
-0.9460722047244094
20
3.414228622047244
11
-0.9454961417322835
21
3.4142853543307088
0
LINE
8
BLACK
6
CONTINUOUS
10
-0.9454961417322835
20
3.4142853543307088
11
-0.9379970866141732
21
3.4142853543307088
0
LINE
8
BLACK
6
CONTINUOUS
10
-0.9379970866141732
20
3.4142853543307088
11
-0.9374210236220473
21
3.414228622047244
0
LINE
8
BLACK
6
CONTINUOUS
10
-0.9374210236220473
20
3.414228622047244
11
-0.937323031496063
21
3.4141880314960629
0
LINE
8
BLACK
6
CONTINUOUS
10
-0.937323031496063
20
3.4141880314960629
11
-0.9372172047244094
21
3.4141805118110233
0
LINE
8
BLACK
6
CONTINUOUS
10
-0.9372172047244094
20
3.4141805118110233
11
-0.9372003149606299
21
3.4141740551181101
0
LINE
8
BLACK
6
CONTINUOUS
10
-0.9372003149606299
20
3.4141740551181101
11
-0.9372003149606299
21
3.4244559448818896
0
LINE
8
BLACK
6
CONTINUOUS
10
-0.9372003149606299
20
3.4244559448818896
11
-0.9371435826771654
21
3.4250320078740155
0
LINE
8
BLACK
6
CONTINUOUS
10
-0.9371435826771654
20
3.4250320078740155
11
-0.9367026771653543
21
3.4260964173228348
0
LINE
8
BLACK
6
CONTINUOUS
10
-0.9367026771653543
20
3.4260964173228348
11
-0.9358880314960629
21
3.4269110629921258
0
LINE
8
BLACK
6
CONTINUOUS
10
-0.9358880314960629
20
3.4269110629921258
11
-0.9348236220472441
21
3.4273519685039369
0
LINE
8
BLACK
6
CONTINUOUS
10
-0.9348236220472441
20
3.4273519685039369
11
-0.9336714960629922
21
3.4273519685039369
0
LINE
8
BLACK
6
CONTINUOUS
10
-0.9336714960629922
20
3.4273519685039369
11
-0.9326070866141732
21
3.4269110629921258
0
LINE
8
BLACK
6
CONTINUOUS
10
-0.9326070866141732
20
3.4269110629921258
11
-0.9317924409448819
21
3.4260964173228348
0
LINE
8
BLACK
6
CONTINUOUS
10
-0.9317924409448819
20
3.4260964173228348
11
-0.9313515354330708
21
3.4250320078740155
0
LINE
8
BLACK
6
CONTINUOUS
10
-0.9313515354330708
20
3.4250320078740155
11
-0.9312948031496063
21
3.4244559448818896
0
LINE
8
BLACK
6
CONTINUOUS
10
-0.9312948031496063
20
3.4244559448818896
11
-0.9312948031496063
21
3.3850858661417322
0
LINE
8
BLACK
6
CONTINUOUS
10
-0.9312948031496063
20
3.3850858661417322
11
-0.9313515354330708
21
3.3845098031496064
0
LINE
8
BLACK
6
CONTINUOUS
10
-0.9313515354330708
20
3.3845098031496064
11
-0.9317924409448819
21
3.3834453937007871
0
LINE
8
BLACK
6
CONTINUOUS
10
-0.9317924409448819
20
3.3834453937007871
11
-0.9323244488188976
21
3.3829133858267717
0
LINE
8
BLACK
6
CONTINUOUS
10
-0.9323244488188976
20
3.3829133858267717
11
-0.9140079527559055
21
3.3829133858267717
0
LINE
8
BLACK
6
CONTINUOUS
10
-0.9140079527559055
20
3.3829133858267717
11
-0.9168203937007874
21
3.3843196062992127
0
LINE
8
BLACK
6
CONTINUOUS
10
-0.9168203937007874
20
3.3843196062992127
11
-0.9169167716535432
21
3.384380275590551
0
LINE
8
BLACK
6
CONTINUOUS
10
-0.9169167716535432
20
3.384380275590551
11
-0.9169621653543307
21
3.3843953937007871
0
LINE
8
BLACK
6
CONTINUOUS
10
-0.9169621653543307
20
3.3843953937007871
11
-0.9170187401574803
21
3.3844444488188974
0
LINE
8
BLACK
6
CONTINUOUS
10
-0.9170187401574803
20
3.3844444488188974
11
-0.9173102755905511
21
3.3846279527559053
0
LINE
8
BLACK
6
CONTINUOUS
10
-0.9173102755905511
20
3.3846279527559053
11
-0.9175529527559055
21
3.3849077952755904
0
LINE
8
BLACK
6
CONTINUOUS
10
-0.9175529527559055
20
3.3849077952755904
11
-0.9178325590551181
21
3.3851502755905511
0
LINE
8
BLACK
6
CONTINUOUS
10
-0.9178325590551181
20
3.3851502755905511
11
-0.918016062992126
21
3.3854417716535434
0
LINE
8
BLACK
6
CONTINUOUS
10
-0.918016062992126
20
3.3854417716535434
11
-0.9180651181102362
21
3.3854983464566928
0
LINE
8
BLACK
6
CONTINUOUS
10
-0.9180651181102362
20
3.3854983464566928
11
-0.9180802755905512
21
3.3855438188976379
0
LINE
8
BLACK
6
CONTINUOUS
10
-0.9180802755905512
20
3.3855438188976379
11
-0.918140905511811
21
3.3856401181102362
0
LINE
8
BLACK
6
CONTINUOUS
10
-0.918140905511811
20
3.3856401181102362
11
-0.9200156692913386
21
3.3893896850393701
0
LINE
8
BLACK
6
CONTINUOUS
10
-0.9200156692913386
20
3.3893896850393701
11
-0.9202225590551181
21
3.3899303149606297
0
LINE
8
BLACK
6
CONTINUOUS
10
-0.9202225590551181
20
3.3899303149606297
11
-0.9202300787401575
21
3.3900361417322835
0
LINE
8
BLACK
6
CONTINUOUS
10
-0.9202300787401575
20
3.3900361417322835
11
-0.9202706692913386
21
3.3901341338582678
0
LINE
8
BLACK
6
CONTINUOUS
10
-0.9202706692913386
20
3.3901341338582678
11
-0.9203274015748031
21
3.3907101968503937
0
LINE
8
BLACK
6
CONTINUOUS
10
-0.9203274015748031
20
3.3907101968503937
11
-0.9203274015748031
21
3.3944597244094488
0
LINE
8
BLACK
6
CONTINUOUS
10
-0.9203274015748031
20
3.3944597244094488
11
-0.9202706692913386
21
3.3950357874015746
0
LINE
8
BLACK
6
CONTINUOUS
10
-0.9202706692913386
20
3.3950357874015746
11
-0.9202300787401575
21
3.3951338188976377
0
LINE
8
BLACK
6
CONTINUOUS
10
-0.9202300787401575
20
3.3951338188976377
11
-0.9202225590551181
21
3.3952396062992127
0
LINE
8
BLACK
6
CONTINUOUS
10
-0.9202225590551181
20
3.3952396062992127
11
-0.9200156692913386
21
3.3957802362204723
0
LINE
8
BLACK
6
CONTINUOUS
10
-0.9200156692913386
20
3.3957802362204723
11
-0.918140905511811
21
3.3995297637795274
0
LINE
8
BLACK
6
CONTINUOUS
10
-0.918140905511811
20
3.3995297637795274
11
-0.9180802755905512
21
3.3996261417322833
0
LINE
8
BLACK
6
CONTINUOUS
10
-0.9180802755905512
20
3.3996261417322833
11
-0.9180651181102362
21
3.3996715354330709
0
LINE
8
BLACK
6
CONTINUOUS
10
-0.9180651181102362
20
3.3996715354330709
11
-0.9180161023622047
21
3.3997281102362202
0
LINE
8
BLACK
6
CONTINUOUS
10
-0.9180161023622047
20
3.3997281102362202
11
-0.9178325590551181
21
3.4000196456692913
0
LINE
8
BLACK
6
CONTINUOUS
10
-0.9178325590551181
20
3.4000196456692913
11
-0.917552874015748
21
3.4002622440944883
0
LINE
8
BLACK
6
CONTINUOUS
10
-0.917552874015748
20
3.4002622440944883
11
-0.9173102755905511
21
3.4005419291338583
0
LINE
8
BLACK
6
CONTINUOUS
10
-0.9173102755905511
20
3.4005419291338583
11
-0.9170187401574803
21
3.4007254724409446
0
LINE
8
BLACK
6
CONTINUOUS
10
-0.9170187401574803
20
3.4007254724409446
11
-0.9169621653543307
21
3.4007744881889761
0
LINE
8
BLACK
6
CONTINUOUS
10
-0.9169621653543307
20
3.4007744881889761
11
-0.9169167716535432
21
3.4007896456692914
0
LINE
8
BLACK
6
CONTINUOUS
10
-0.9169167716535432
20
3.4007896456692914
11
-0.9168203937007874
21
3.400850275590551
0
LINE
8
BLACK
6
CONTINUOUS
10
-0.9168203937007874
20
3.400850275590551
11
-0.9130708661417323
21
3.4027250393700785
0
LINE
8
BLACK
6
CONTINUOUS
10
-0.9130708661417323
20
3.4027250393700785
11
-0.9125302755905511
21
3.402931929133858
0
LINE
8
BLACK
6
CONTINUOUS
10
-0.9125302755905511
20
3.402931929133858
11
-0.9124244094488189
21
3.4029394881889763
0
LINE
8
BLACK
6
CONTINUOUS
10
-0.9124244094488189
20
3.4029394881889763
11
-0.9123264173228346
21
3.4029800393700786
0
LINE
8
BLACK
6
CONTINUOUS
10
-0.9123264173228346
20
3.4029800393700786
11
-0.9117503543307086
21
3.403036771653543
0
LINE
8
BLACK
6
CONTINUOUS
10
-0.9117503543307086
20
3.403036771653543
11
-0.9030735826771653
21
3.403036771653543
0
LINE
8
BLACK
6
CONTINUOUS
10
-0.9030735826771653
20
3.403036771653543
11
-0.9015797637795275
21
3.4037837007874017
0
LINE
8
BLACK
6
CONTINUOUS
10
-0.9015797637795275
20
3.4037837007874017
11
-0.9015797637795275
21
3.4050112598425195
0
LINE
8
BLACK
6
CONTINUOUS
10
-0.9015797637795275
20
3.4050112598425195
11
-0.9027026377952756
21
3.4072570078740156
0
LINE
8
BLACK
6
CONTINUOUS
10
-0.9027026377952756
20
3.4072570078740156
11
-0.9049483464566929
21
3.4083798425196852
0
LINE
8
BLACK
6
CONTINUOUS
10
-0.9049483464566929
20
3.4083798425196852
11
-0.9110533070866141
21
3.4083798425196852
0
LINE
8
BLACK
6
CONTINUOUS
10
-0.9110533070866141
20
3.4083798425196852
11
-0.9141793700787402
21
3.4068168110236221
0
LINE
8
BLACK
6
CONTINUOUS
10
-0.9141793700787402
20
3.4068168110236221
11
-0.91472
21
3.4066099212598426
0
LINE
8
BLACK
6
CONTINUOUS
10
-0.91472
20
3.4066099212598426
11
-0.9158692125984251
21
3.4065282677165354
0
LINE
8
BLACK
6
CONTINUOUS
10
-0.9158692125984251
20
3.4065282677165354
11
-0.9169621653543307
21
3.406892598425197
0
LINE
8
BLACK
6
CONTINUOUS
10
-0.9169621653543307
20
3.406892598425197
11
-0.9178325590551181
21
3.4076474409448818
0
LINE
8
BLACK
6
CONTINUOUS
10
-0.9178325590551181
20
3.4076474409448818
11
-0.9183477952755905
21
3.4086779527559052
0
LINE
8
BLACK
6
CONTINUOUS
10
-0.9183477952755905
20
3.4086779527559052
11
-0.9184294488188977
21
3.4098271653543306
0
LINE
8
BLACK
6
CONTINUOUS
10
-0.9184294488188977
20
3.4098271653543306
11
-0.9180651181102362
21
3.4109201181102362
0
LINE
8
BLACK
6
CONTINUOUS
10
-0.9180651181102362
20
3.4109201181102362
11
-0.9173102755905511
21
3.4117905118110237
0
LINE
8
BLACK
6
CONTINUOUS
10
-0.9173102755905511
20
3.4117905118110237
11
-0.9168203937007874
21
3.4120988582677163
0
LINE
8
BLACK
6
CONTINUOUS
10
-0.9168203937007874
20
3.4120988582677163
11
-0.9130708661417323
21
3.4139736220472439
0
LINE
8
BLACK
6
CONTINUOUS
10
-0.9130708661417323
20
3.4139736220472439
11
-0.9125302755905511
21
3.4141805118110233
0
LINE
8
BLACK
6
CONTINUOUS
10
-0.9125302755905511
20
3.4141805118110233
11
-0.9124244094488189
21
3.4141880708661416
0
LINE
8
BLACK
6
CONTINUOUS
10
-0.9124244094488189
20
3.4141880708661416
11
-0.9123264173228346
21
3.414228622047244
0
LINE
8
BLACK
6
CONTINUOUS
10
-0.9123264173228346
20
3.414228622047244
11
-0.9117503543307086
21
3.4142853543307088
0
LINE
8
BLACK
6
CONTINUOUS
10
-0.9117503543307086
20
3.4142853543307088
11
-0.9042512992125984
21
3.4142853543307088
0
LINE
8
BLACK
6
CONTINUOUS
10
-0.9042512992125984
20
3.4142853543307088
11
-0.9036752362204724
21
3.414228622047244
0
LINE
8
BLACK
6
CONTINUOUS
10
-0.9036752362204724
20
3.414228622047244
11
-0.9035772440944881
21
3.4141880314960629
0
LINE
8
BLACK
6
CONTINUOUS
10
-0.9035772440944881
20
3.4141880314960629
11
-0.9034714173228346
21
3.4141805118110233
0
LINE
8
BLACK
6
CONTINUOUS
10
-0.9034714173228346
20
3.4141805118110233
11
-0.9029307874015747
21
3.4139736220472439
0
LINE
8
BLACK
6
CONTINUOUS
10
-0.9029307874015747
20
3.4139736220472439
11
-0.8991812598425196
21
3.4120988582677163
0
LINE
8
BLACK
6
CONTINUOUS
10
-0.8991812598425196
20
3.4120988582677163
11
-0.8990849212598425
21
3.4120382283464568
0
LINE
8
BLACK
6
CONTINUOUS
10
-0.8990849212598425
20
3.4120382283464568
11
-0.8990394881889764
21
3.4120230708661419
0
LINE
8
BLACK
6
CONTINUOUS
10
-0.8990394881889764
20
3.4120230708661419
11
-0.8989829527559055
21
3.4119740551181104
0
LINE
8
BLACK
6
CONTINUOUS
10
-0.8989829527559055
20
3.4119740551181104
11
-0.8986913779527559
21
3.4117905118110237
0
LINE
8
BLACK
6
CONTINUOUS
10
-0.8986913779527559
20
3.4117905118110237
11
-0.8984488188976377
21
3.4115108267716536
0
LINE
8
BLACK
6
CONTINUOUS
10
-0.8984488188976377
20
3.4115108267716536
11
-0.8981690944881889
21
3.4112682283464566
0
LINE
8
BLACK
6
CONTINUOUS
10
-0.8981690944881889
20
3.4112682283464566
11
-0.8979855905511811
21
3.4109766929133856
0
LINE
8
BLACK
6
CONTINUOUS
10
-0.8979855905511811
20
3.4109766929133856
11
-0.8979365354330708
21
3.4109201181102362
0
LINE
8
BLACK
6
CONTINUOUS
10
-0.8979365354330708
20
3.4109201181102362
11
-0.8979214173228346
21
3.4108747244094486
0
LINE
8
BLACK
6
CONTINUOUS
10
-0.8979214173228346
20
3.4108747244094486
11
-0.8978607480314961
21
3.4107783464566928
0
LINE
8
BLACK
6
CONTINUOUS
10
-0.8978607480314961
20
3.4107783464566928
11
-0.8959859842519685
21
3.4070288188976376
0
LINE
8
BLACK
6
CONTINUOUS
10
-0.8959859842519685
20
3.4070288188976376
11
-0.8957790944881889
21
3.4064882283464568
0
LINE
8
BLACK
6
CONTINUOUS
10
-0.8957790944881889
20
3.4064882283464568
11
-0.8957715748031496
21
3.4063823622047242
0
LINE
8
BLACK
6
CONTINUOUS
10
-0.8957715748031496
20
3.4063823622047242
11
-0.8957309842519685
21
3.40628437007874
0
LINE
8
BLACK
6
CONTINUOUS
10
-0.8957309842519685
20
3.40628437007874
11
-0.8956742519685039
21
3.4057083070866141
0
LINE
8
BLACK
6
CONTINUOUS
10
-0.8956742519685039
20
3.4057083070866141
11
-0.8956742519685039
21
3.3850858661417322
0
LINE
8
BLACK
6
CONTINUOUS
10
-0.8956742519685039
20
3.3850858661417322
11
-0.8957309842519685
21
3.3845098031496064
0
LINE
8
BLACK
6
CONTINUOUS
10
-0.8957309842519685
20
3.3845098031496064
11
-0.8961718897637795
21
3.3834453937007871
0
LINE
8
BLACK
6
CONTINUOUS
10
-0.8961718897637795
20
3.3834453937007871
11
-0.8967038976377952
21
3.3829133858267717
0
LINE
8
BLACK
6
CONTINUOUS
10
-0.8967038976377952
20
3.3829133858267717
11
-0.8828320866141732
21
3.3829133858267717
0
LINE
8
BLACK
6
CONTINUOUS
10
-0.8828320866141732
20
3.3829133858267717
11
-0.8828320866141732
21
3.4113325984251968
0
LINE
8
BLACK
6
CONTINUOUS
10
-0.8828320866141732
20
3.4113325984251968
11
-0.8827753543307086
21
3.4119086614173226
0
LINE
8
BLACK
6
CONTINUOUS
10
-0.8827753543307086
20
3.4119086614173226
11
-0.8823344488188977
21
3.4129730708661414
0
LINE
8
BLACK
6
CONTINUOUS
10
-0.8823344488188977
20
3.4129730708661414
11
-0.8815198031496063
21
3.4137877165354329
0
LINE
8
BLACK
6
CONTINUOUS
10
-0.8815198031496063
20
3.4137877165354329
11
-0.8804553937007874
21
3.414228622047244
0
LINE
8
BLACK
6
CONTINUOUS
10
-0.8804553937007874
20
3.414228622047244
11
-0.8793032677165354
21
3.414228622047244
0
LINE
8
BLACK
6
CONTINUOUS
10
-0.8793032677165354
20
3.414228622047244
11
-0.8782388582677165
21
3.4137877165354329
0
LINE
8
BLACK
6
CONTINUOUS
10
-0.8782388582677165
20
3.4137877165354329
11
-0.8780999606299212
21
3.4136488188976379
0
LINE
8
BLACK
6
CONTINUOUS
10
-0.8780999606299212
20
3.4136488188976379
11
-0.8774503149606299
21
3.4139736220472439
0
LINE
8
BLACK
6
CONTINUOUS
10
-0.8774503149606299
20
3.4139736220472439
11
-0.8769097244094488
21
3.4141805118110233
0
LINE
8
BLACK
6
CONTINUOUS
10
-0.8769097244094488
20
3.4141805118110233
11
-0.8768038582677166
21
3.4141880708661416
0
LINE
8
BLACK
6
CONTINUOUS
10
-0.8768038582677166
20
3.4141880708661416
11
-0.8767058661417323
21
3.414228622047244
0
LINE
8
BLACK
6
CONTINUOUS
10
-0.8767058661417323
20
3.414228622047244
11
-0.8761298031496063
21
3.4142853543307088
0
LINE
8
BLACK
6
CONTINUOUS
10
-0.8761298031496063
20
3.4142853543307088
11
-0.8686307480314961
21
3.4142853543307088
0
LINE
8
BLACK
6
CONTINUOUS
10
-0.8686307480314961
20
3.4142853543307088
11
-0.8680546850393701
21
3.414228622047244
0
LINE
8
BLACK
6
CONTINUOUS
10
-0.8680546850393701
20
3.414228622047244
11
-0.8679566929133858
21
3.4141880314960629
0
LINE
8
BLACK
6
CONTINUOUS
10
-0.8679566929133858
20
3.4141880314960629
11
-0.8678508661417322
21
3.4141805118110233
0
LINE
8
BLACK
6
CONTINUOUS
10
-0.8678508661417322
20
3.4141805118110233
11
-0.8673102362204724
21
3.4139736220472439
0
LINE
8
BLACK
6
CONTINUOUS
10
-0.8673102362204724
20
3.4139736220472439
11
-0.8635607086614173
21
3.4120988582677163
0
LINE
8
BLACK
6
CONTINUOUS
10
-0.8635607086614173
20
3.4120988582677163
11
-0.8633127165354331
21
3.4119427952755905
0
LINE
8
BLACK
6
CONTINUOUS
10
-0.8633127165354331
20
3.4119427952755905
11
-0.8632407480314961
21
3.4119129527559053
0
LINE
8
BLACK
6
CONTINUOUS
10
-0.8632407480314961
20
3.4119129527559053
11
-0.8631598031496063
21
3.4118464960629922
0
LINE
8
BLACK
6
CONTINUOUS
10
-0.8631598031496063
20
3.4118464960629922
11
-0.8630708267716535
21
3.4117905118110237
0
LINE
8
BLACK
6
CONTINUOUS
10
-0.8630708267716535
20
3.4117905118110237
11
-0.8630196850393701
21
3.4117315354330708
0
LINE
8
BLACK
6
CONTINUOUS
10
-0.8630196850393701
20
3.4117315354330708
11
-0.8627933070866142
21
3.4115457480314961
0
LINE
8
BLACK
6
CONTINUOUS
10
-0.8627933070866142
20
3.4115457480314961
11
-0.8609185433070866
21
3.4096709842519686
0
LINE
8
BLACK
6
CONTINUOUS
10
-0.8609185433070866
20
3.4096709842519686
11
-0.8607327952755905
21
3.4094446456692911
0
LINE
8
BLACK
6
CONTINUOUS
10
-0.8607327952755905
20
3.4094446456692911
11
-0.8606737795275591
21
3.409393464566929
0
LINE
8
BLACK
6
CONTINUOUS
10
-0.8606737795275591
20
3.409393464566929
11
-0.8606178346456693
21
3.4093045275590552
0
LINE
8
BLACK
6
CONTINUOUS
10
-0.8606178346456693
20
3.4093045275590552
11
-0.8605513385826772
21
3.4092235433070863
0
LINE
8
BLACK
6
CONTINUOUS
10
-0.8605513385826772
20
3.4092235433070863
11
-0.8605215354330709
21
3.4091516141732283
0
LINE
8
BLACK
6
CONTINUOUS
10
-0.8605215354330709
20
3.4091516141732283
11
-0.8603654330708661
21
3.4089035826771652
0
LINE
8
BLACK
6
CONTINUOUS
10
-0.8603654330708661
20
3.4089035826771652
11
-0.8584906692913385
21
3.4051540551181101
0
LINE
8
BLACK
6
CONTINUOUS
10
-0.8584906692913385
20
3.4051540551181101
11
-0.8582837795275591
21
3.4046134645669293
0
LINE
8
BLACK
6
CONTINUOUS
10
-0.8582837795275591
20
3.4046134645669293
11
-0.8582762598425197
21
3.4045075984251967
0
LINE
8
BLACK
6
CONTINUOUS
10
-0.8582762598425197
20
3.4045075984251967
11
-0.8582356692913385
21
3.4044096062992124
0
LINE
8
BLACK
6
CONTINUOUS
10
-0.8582356692913385
20
3.4044096062992124
11
-0.858178937007874
21
3.4038335433070865
0
LINE
8
BLACK
6
CONTINUOUS
10
-0.858178937007874
20
3.4038335433070865
11
-0.858178937007874
21
3.3925849606299212
0
LINE
8
BLACK
6
CONTINUOUS
10
-0.858178937007874
20
3.3925849606299212
11
-0.8582356692913385
21
3.3920088976377953
0
LINE
8
BLACK
6
CONTINUOUS
10
-0.8582356692913385
20
3.3920088976377953
11
-0.8582762598425197
21
3.3919109448818898
0
LINE
8
BLACK
6
CONTINUOUS
10
-0.8582762598425197
20
3.3919109448818898
11
-0.8582837795275591
21
3.3918050393700785
0
LINE
8
BLACK
6
CONTINUOUS
10
-0.8582837795275591
20
3.3918050393700785
11
-0.8584906692913385
21
3.3912644488188977
0
LINE
8
BLACK
6
CONTINUOUS
10
-0.8584906692913385
20
3.3912644488188977
11
-0.8603654330708661
21
3.3875149212598425
0
LINE
8
BLACK
6
CONTINUOUS
10
-0.8603654330708661
20
3.3875149212598425
11
-0.8605214960629921
21
3.3872670472440944
0
LINE
8
BLACK
6
CONTINUOUS
10
-0.8605214960629921
20
3.3872670472440944
11
-0.8605512992125984
21
3.3871949999999997
0
LINE
8
BLACK
6
CONTINUOUS
10
-0.8605512992125984
20
3.3871949999999997
11
-0.8606178346456693
21
3.3871139763779525
0
LINE
8
BLACK
6
CONTINUOUS
10
-0.8606178346456693
20
3.3871139763779525
11
-0.8606737795275591
21
3.3870250393700787
0
LINE
8
BLACK
6
CONTINUOUS
10
-0.8606737795275591
20
3.3870250393700787
11
-0.8607327952755905
21
3.386973897637795
0
LINE
8
BLACK
6
CONTINUOUS
10
-0.8607327952755905
20
3.386973897637795
11
-0.8609185433070866
21
3.3867475196850392
0
LINE
8
BLACK
6
CONTINUOUS
10
-0.8609185433070866
20
3.3867475196850392
11
-0.8627932677165354
21
3.3848727559055116
0
LINE
8
BLACK
6
CONTINUOUS
10
-0.8627932677165354
20
3.3848727559055116
11
-0.8630196456692913
21
3.3846870078740157
0
LINE
8
BLACK
6
CONTINUOUS
10
-0.8630196456692913
20
3.3846870078740157
11
-0.8630708267716535
21
3.3846279527559053
0
LINE
8
BLACK
6
CONTINUOUS
10
-0.8630708267716535
20
3.3846279527559053
11
-0.8631598031496063
21
3.3845719685039368
0
LINE
8
BLACK
6
CONTINUOUS
10
-0.8631598031496063
20
3.3845719685039368
11
-0.8632407480314961
21
3.3845055118110237
0
LINE
8
BLACK
6
CONTINUOUS
10
-0.8632407480314961
20
3.3845055118110237
11
-0.8633127165354331
21
3.3844757086614172
0
LINE
8
BLACK
6
CONTINUOUS
10
-0.8633127165354331
20
3.3844757086614172
11
-0.8635607086614173
21
3.3843196062992127
0
LINE
8
BLACK
6
CONTINUOUS
10
-0.8635607086614173
20
3.3843196062992127
11
-0.8663731496062992
21
3.3829133858267717
0
LINE
8
BLACK
6
CONTINUOUS
10
-0.8663731496062992
20
3.3829133858267717
11
-0.8408920866141733
21
3.3829133858267717
0
LINE
8
BLACK
6
CONTINUOUS
10
-0.8408920866141733
20
3.3829133858267717
11
-0.8437045275590551
21
3.3843196062992127
0
LINE
8
BLACK
6
CONTINUOUS
10
-0.8437045275590551
20
3.3843196062992127
11
-0.843800905511811
21
3.384380275590551
0
LINE
8
BLACK
6
CONTINUOUS
10
-0.843800905511811
20
3.384380275590551
11
-0.8438462992125985
21
3.3843953937007871
0
LINE
8
BLACK
6
CONTINUOUS
10
-0.8438462992125985
20
3.3843953937007871
11
-0.843902874015748
21
3.3844444488188974
0
LINE
8
BLACK
6
CONTINUOUS
10
-0.843902874015748
20
3.3844444488188974
11
-0.8441944094488188
21
3.3846279527559053
0
LINE
8
BLACK
6
CONTINUOUS
10
-0.8441944094488188
20
3.3846279527559053
11
-0.8444370866141732
21
3.3849077952755904
0
LINE
8
BLACK
6
CONTINUOUS
10
-0.8444370866141732
20
3.3849077952755904
11
-0.8447166929133858
21
3.3851502755905511
0
LINE
8
BLACK
6
CONTINUOUS
10
-0.8447166929133858
20
3.3851502755905511
11
-0.8449001968503936
21
3.3854417716535434
0
LINE
8
BLACK
6
CONTINUOUS
10
-0.8449001968503936
20
3.3854417716535434
11
-0.8449492519685039
21
3.3854983464566928
0
LINE
8
BLACK
6
CONTINUOUS
10
-0.8449492519685039
20
3.3854983464566928
11
-0.8449644094488189
21
3.3855438188976379
0
LINE
8
BLACK
6
CONTINUOUS
10
-0.8449644094488189
20
3.3855438188976379
11
-0.8450250393700787
21
3.3856401181102362
0
LINE
8
BLACK
6
CONTINUOUS
10
-0.8450250393700787
20
3.3856401181102362
11
-0.8468998031496063
21
3.3893896850393701
0
LINE
8
BLACK
6
CONTINUOUS
10
-0.8468998031496063
20
3.3893896850393701
11
-0.8471066929133858
21
3.3899303149606297
0
LINE
8
BLACK
6
CONTINUOUS
10
-0.8471066929133858
20
3.3899303149606297
11
-0.8471142125984252
21
3.3900361417322835
0
LINE
8
BLACK
6
CONTINUOUS
10
-0.8471142125984252
20
3.3900361417322835
11
-0.8471548031496062
21
3.3901341338582678
0
LINE
8
BLACK
6
CONTINUOUS
10
-0.8471548031496062
20
3.3901341338582678
11
-0.8472115354330708
21
3.3907101968503937
0
LINE
8
BLACK
6
CONTINUOUS
10
-0.8472115354330708
20
3.3907101968503937
11
-0.8472115354330708
21
3.4083798425196852
0
LINE
8
BLACK
6
CONTINUOUS
10
-0.8472115354330708
20
3.4083798425196852
11
-0.8498830708661417
21
3.4083798425196852
0
LINE
8
BLACK
6
CONTINUOUS
10
-0.8498830708661417
20
3.4083798425196852
11
-0.8504591338582677
21
3.4084365748031495
0
LINE
8
BLACK
6
CONTINUOUS
10
-0.8504591338582677
20
3.4084365748031495
11
-0.8515235433070866
21
3.4088774803149606
0
LINE
8
BLACK
6
CONTINUOUS
10
-0.8515235433070866
20
3.4088774803149606
11
-0.8523381889763779
21
3.4096921259842521
0
LINE
8
BLACK
6
CONTINUOUS
10
-0.8523381889763779
20
3.4096921259842521
11
-0.852779094488189
21
3.4107565354330709
0
LINE
8
BLACK
6
CONTINUOUS
10
-0.852779094488189
20
3.4107565354330709
11
-0.852779094488189
21
3.4119086614173226
0
LINE
8
BLACK
6
CONTINUOUS
10
-0.852779094488189
20
3.4119086614173226
11
-0.8523381889763779
21
3.4129730708661414
0
LINE
8
BLACK
6
CONTINUOUS
10
-0.8523381889763779
20
3.4129730708661414
11
-0.8515235433070866
21
3.4137877165354329
0
LINE
8
BLACK
6
CONTINUOUS
10
-0.8515235433070866
20
3.4137877165354329
11
-0.8504591338582677
21
3.414228622047244
0
LINE
8
BLACK
6
CONTINUOUS
10
-0.8504591338582677
20
3.414228622047244
11
-0.8498830708661417
21
3.4142853543307088
0
LINE
8
BLACK
6
CONTINUOUS
10
-0.8498830708661417
20
3.4142853543307088
11
-0.8472115354330708
21
3.4142853543307088
0
LINE
8
BLACK
6
CONTINUOUS
10
-0.8472115354330708
20
3.4142853543307088
11
-0.8472115354330708
21
3.4244559448818896
0
LINE
8
BLACK
6
CONTINUOUS
10
-0.8472115354330708
20
3.4244559448818896
11
-0.8471548031496062
21
3.4250320078740155
0
LINE
8
BLACK
6
CONTINUOUS
10
-0.8471548031496062
20
3.4250320078740155
11
-0.8467138976377953
21
3.4260964173228348
0
LINE
8
BLACK
6
CONTINUOUS
10
-0.8467138976377953
20
3.4260964173228348
11
-0.8458992519685039
21
3.4269110629921258
0
LINE
8
BLACK
6
CONTINUOUS
10
-0.8458992519685039
20
3.4269110629921258
11
-0.844834842519685
21
3.4273519685039369
0
LINE
8
BLACK
6
CONTINUOUS
10
-0.844834842519685
20
3.4273519685039369
11
-0.843682716535433
21
3.4273519685039369
0
LINE
8
BLACK
6
CONTINUOUS
10
-0.843682716535433
20
3.4273519685039369
11
-0.8426183070866141
21
3.4269110629921258
0
LINE
8
BLACK
6
CONTINUOUS
10
-0.8426183070866141
20
3.4269110629921258
11
-0.8418036614173228
21
3.4260964173228348
0
LINE
8
BLACK
6
CONTINUOUS
10
-0.8418036614173228
20
3.4260964173228348
11
-0.8413627559055118
21
3.4250320078740155
0
LINE
8
BLACK
6
CONTINUOUS
10
-0.8413627559055118
20
3.4250320078740155
11
-0.8413060236220472
21
3.4244559448818896
0
LINE
8
BLACK
6
CONTINUOUS
10
-0.8413060236220472
20
3.4244559448818896
11
-0.8413060236220472
21
3.4142853543307088
0
LINE
8
BLACK
6
CONTINUOUS
10
-0.8413060236220472
20
3.4142853543307088
11
-0.8348849606299212
21
3.4142853543307088
0
LINE
8
BLACK
6
CONTINUOUS
10
-0.8348849606299212
20
3.4142853543307088
11
-0.8343088976377953
21
3.414228622047244
0
LINE
8
BLACK
6
CONTINUOUS
10
-0.8343088976377953
20
3.414228622047244
11
-0.8332444881889763
21
3.4137877165354329
0
LINE
8
BLACK
6
CONTINUOUS
10
-0.8332444881889763
20
3.4137877165354329
11
-0.832429842519685
21
3.4129730708661414
0
LINE
8
BLACK
6
CONTINUOUS
10
-0.832429842519685
20
3.4129730708661414
11
-0.831988937007874
21
3.4119086614173226
0
LINE
8
BLACK
6
CONTINUOUS
10
-0.831988937007874
20
3.4119086614173226
11
-0.831988937007874
21
3.4107565354330709
0
LINE
8
BLACK
6
CONTINUOUS
10
-0.831988937007874
20
3.4107565354330709
11
-0.832429842519685
21
3.4096921259842521
0
LINE
8
BLACK
6
CONTINUOUS
10
-0.832429842519685
20
3.4096921259842521
11
-0.8332444881889763
21
3.4088774803149606
0
LINE
8
BLACK
6
CONTINUOUS
10
-0.8332444881889763
20
3.4088774803149606
11
-0.8343088976377953
21
3.4084365748031495
0
LINE
8
BLACK
6
CONTINUOUS
10
-0.8343088976377953
20
3.4084365748031495
11
-0.8348849606299212
21
3.4083798425196852
0
LINE
8
BLACK
6
CONTINUOUS
10
-0.8348849606299212
20
3.4083798425196852
11
-0.8413060236220472
21
3.4083798425196852
0
LINE
8
BLACK
6
CONTINUOUS
10
-0.8413060236220472
20
3.4083798425196852
11
-0.8413060236220472
21
3.3914072440944882
0
LINE
8
BLACK
6
CONTINUOUS
10
-0.8413060236220472
20
3.3914072440944882
11
-0.8401831889763779
21
3.3891614960629921
0
LINE
8
BLACK
6
CONTINUOUS
10
-0.8401831889763779
20
3.3891614960629921
11
-0.8379374409448819
21
3.3880386220472438
0
LINE
8
BLACK
6
CONTINUOUS
10
-0.8379374409448819
20
3.3880386220472438
11
-0.8348849606299212
21
3.3880386220472438
0
LINE
8
BLACK
6
CONTINUOUS
10
-0.8348849606299212
20
3.3880386220472438
11
-0.8343088976377953
21
3.3879818897637795
0
LINE
8
BLACK
6
CONTINUOUS
10
-0.8343088976377953
20
3.3879818897637795
11
-0.8332444881889763
21
3.3875409842519684
0
LINE
8
BLACK
6
CONTINUOUS
10
-0.8332444881889763
20
3.3875409842519684
11
-0.832429842519685
21
3.3867263385826769
0
LINE
8
BLACK
6
CONTINUOUS
10
-0.832429842519685
20
3.3867263385826769
11
-0.831988937007874
21
3.3856619291338581
0
LINE
8
BLACK
6
CONTINUOUS
10
-0.831988937007874
20
3.3856619291338581
11
-0.831988937007874
21
3.3845098031496064
0
LINE
8
BLACK
6
CONTINUOUS
10
-0.831988937007874
20
3.3845098031496064
11
-0.832429842519685
21
3.3834453937007871
0
LINE
8
BLACK
6
CONTINUOUS
10
-0.832429842519685
20
3.3834453937007871
11
-0.8329618503937007
21
3.3829133858267717
0
LINE
8
BLACK
6
CONTINUOUS
10
-0.8329618503937007
20
3.3829133858267717
11
-0.8202696456692913
21
3.3829133858267717
0
LINE
8
BLACK
6
CONTINUOUS
10
-0.8202696456692913
20
3.3829133858267717
11
-0.8230820866141733
21
3.3843196062992127
0
LINE
8
BLACK
6
CONTINUOUS
10
-0.8230820866141733
20
3.3843196062992127
11
-0.8231784645669291
21
3.384380275590551
0
LINE
8
BLACK
6
CONTINUOUS
10
-0.8231784645669291
20
3.384380275590551
11
-0.8232238582677165
21
3.3843953937007871
0
LINE
8
BLACK
6
CONTINUOUS
10
-0.8232238582677165
20
3.3843953937007871
11
-0.8232804330708661
21
3.3844444488188974
0
LINE
8
BLACK
6
CONTINUOUS
10
-0.8232804330708661
20
3.3844444488188974
11
-0.823571968503937
21
3.3846279527559053
0
LINE
8
BLACK
6
CONTINUOUS
10
-0.823571968503937
20
3.3846279527559053
11
-0.8238146456692913
21
3.3849077952755904
0
LINE
8
BLACK
6
CONTINUOUS
10
-0.8238146456692913
20
3.3849077952755904
11
-0.8240942519685039
21
3.3851502755905511
0
LINE
8
BLACK
6
CONTINUOUS
10
-0.8240942519685039
20
3.3851502755905511
11
-0.8242777559055118
21
3.3854417716535434
0
LINE
8
BLACK
6
CONTINUOUS
10
-0.8242777559055118
20
3.3854417716535434
11
-0.824326811023622
21
3.3854983464566928
0
LINE
8
BLACK
6
CONTINUOUS
10
-0.824326811023622
20
3.3854983464566928
11
-0.824341968503937
21
3.3855438188976379
0
LINE
8
BLACK
6
CONTINUOUS
10
-0.824341968503937
20
3.3855438188976379
11
-0.8244025984251968
21
3.3856401181102362
0
LINE
8
BLACK
6
CONTINUOUS
10
-0.8244025984251968
20
3.3856401181102362
11
-0.8262773622047244
21
3.3893896850393701
0
LINE
8
BLACK
6
CONTINUOUS
10
-0.8262773622047244
20
3.3893896850393701
11
-0.8264842519685039
21
3.3899303149606297
0
LINE
8
BLACK
6
CONTINUOUS
10
-0.8264842519685039
20
3.3899303149606297
11
-0.8264917716535433
21
3.3900361417322835
0
LINE
8
BLACK
6
CONTINUOUS
10
-0.8264917716535433
20
3.3900361417322835
11
-0.8265323622047244
21
3.3901341338582678
0
LINE
8
BLACK
6
CONTINUOUS
10
-0.8265323622047244
20
3.3901341338582678
11
-0.826589094488189
21
3.3907101968503937
0
LINE
8
BLACK
6
CONTINUOUS
10
-0.826589094488189
20
3.3907101968503937
11
-0.826589094488189
21
3.4057083070866141
0
LINE
8
BLACK
6
CONTINUOUS
10
-0.826589094488189
20
3.4057083070866141
11
-0.8265323622047244
21
3.40628437007874
0
LINE
8
BLACK
6
CONTINUOUS
10
-0.8265323622047244
20
3.40628437007874
11
-0.8264917716535433
21
3.406382401574803
0
LINE
8
BLACK
6
CONTINUOUS
10
-0.8264917716535433
20
3.406382401574803
11
-0.8264842519685039
21
3.4064881889763781
0
LINE
8
BLACK
6
CONTINUOUS
10
-0.8264842519685039
20
3.4064881889763781
11
-0.8262773622047244
21
3.4070288188976376
0
LINE
8
BLACK
6
CONTINUOUS
10
-0.8262773622047244
20
3.4070288188976376
11
-0.8244025984251968
21
3.4107783464566928
0
LINE
8
BLACK
6
CONTINUOUS
10
-0.8244025984251968
20
3.4107783464566928
11
-0.824341968503937
21
3.4108747244094486
0
LINE
8
BLACK
6
CONTINUOUS
10
-0.824341968503937
20
3.4108747244094486
11
-0.824326811023622
21
3.4109201181102362
0
LINE
8
BLACK
6
CONTINUOUS
10
-0.824326811023622
20
3.4109201181102362
11
-0.8242777952755905
21
3.4109766929133856
0
LINE
8
BLACK
6
CONTINUOUS
10
-0.8242777952755905
20
3.4109766929133856
11
-0.8240942519685039
21
3.4112682283464566
0
LINE
8
BLACK
6
CONTINUOUS
10
-0.8240942519685039
20
3.4112682283464566
11
-0.8238145669291338
21
3.4115108267716536
0
LINE
8
BLACK
6
CONTINUOUS
10
-0.8238145669291338
20
3.4115108267716536
11
-0.823571968503937
21
3.4117905118110237
0
LINE
8
BLACK
6
CONTINUOUS
10
-0.823571968503937
20
3.4117905118110237
11
-0.8232804330708661
21
3.4119740551181104
0
LINE
8
BLACK
6
CONTINUOUS
10
-0.8232804330708661
20
3.4119740551181104
11
-0.8232238582677165
21
3.4120230708661419
0
LINE
8
BLACK
6
CONTINUOUS
10
-0.8232238582677165
20
3.4120230708661419
11
-0.8231784645669291
21
3.4120382283464568
0
LINE
8
BLACK
6
CONTINUOUS
10
-0.8231784645669291
20
3.4120382283464568
11
-0.8230820866141733
21
3.4120988582677163
0
LINE
8
BLACK
6
CONTINUOUS
10
-0.8230820866141733
20
3.4120988582677163
11
-0.819332559055118
21
3.4139736220472439
0
LINE
8
BLACK
6
CONTINUOUS
10
-0.819332559055118
20
3.4139736220472439
11
-0.818791968503937
21
3.4141805118110233
0
LINE
8
BLACK
6
CONTINUOUS
10
-0.818791968503937
20
3.4141805118110233
11
-0.8186861023622047
21
3.4141880708661416
0
LINE
8
BLACK
6
CONTINUOUS
10
-0.8186861023622047
20
3.4141880708661416
11
-0.8185881102362205
21
3.414228622047244
0
LINE
8
BLACK
6
CONTINUOUS
10
-0.8185881102362205
20
3.414228622047244
11
-0.8180120472440945
21
3.4142853543307088
0
LINE
8
BLACK
6
CONTINUOUS
10
-0.8180120472440945
20
3.4142853543307088
11
-0.8105129921259843
21
3.4142853543307088
0
LINE
8
BLACK
6
CONTINUOUS
10
-0.8105129921259843
20
3.4142853543307088
11
-0.8099369291338583
21
3.414228622047244
0
LINE
8
BLACK
6
CONTINUOUS
10
-0.8099369291338583
20
3.414228622047244
11
-0.809838937007874
21
3.4141880314960629
0
LINE
8
BLACK
6
CONTINUOUS
10
-0.809838937007874
20
3.4141880314960629
11
-0.8097331102362204
21
3.4141805118110233
0
LINE
8
BLACK
6
CONTINUOUS
10
-0.8097331102362204
20
3.4141805118110233
11
-0.8091924803149606
21
3.4139736220472439
0
LINE
8
BLACK
6
CONTINUOUS
10
-0.8091924803149606
20
3.4139736220472439
11
-0.8054429527559055
21
3.4120988582677163
0
LINE
8
BLACK
6
CONTINUOUS
10
-0.8054429527559055
20
3.4120988582677163
11
-0.8053466141732283
21
3.4120382283464568
0
LINE
8
BLACK
6
CONTINUOUS
10
-0.8053466141732283
20
3.4120382283464568
11
-0.8053011811023622
21
3.4120230708661419
0
LINE
8
BLACK
6
CONTINUOUS
10
-0.8053011811023622
20
3.4120230708661419
11
-0.8052446456692913
21
3.4119740551181104
0
LINE
8
BLACK
6
CONTINUOUS
10
-0.8052446456692913
20
3.4119740551181104
11
-0.8049530708661418
21
3.4117905118110237
0
LINE
8
BLACK
6
CONTINUOUS
10
-0.8049530708661418
20
3.4117905118110237
11
-0.8047105118110236
21
3.4115108267716536
0
LINE
8
BLACK
6
CONTINUOUS
10
-0.8047105118110236
20
3.4115108267716536
11
-0.8044307874015748
21
3.4112682283464566
0
LINE
8
BLACK
6
CONTINUOUS
10
-0.8044307874015748
20
3.4112682283464566
11
-0.8042472834645669
21
3.4109766929133856
0
LINE
8
BLACK
6
CONTINUOUS
10
-0.8042472834645669
20
3.4109766929133856
11
-0.8041982283464567
21
3.4109201181102362
0
LINE
8
BLACK
6
CONTINUOUS
10
-0.8041982283464567
20
3.4109201181102362
11
-0.8041831102362205
21
3.4108747244094486
0
LINE
8
BLACK
6
CONTINUOUS
10
-0.8041831102362205
20
3.4108747244094486
11
-0.8041224409448818
21
3.4107783464566928
0
LINE
8
BLACK
6
CONTINUOUS
10
-0.8041224409448818
20
3.4107783464566928
11
-0.8022476771653543
21
3.4070288188976376
0
LINE
8
BLACK
6
CONTINUOUS
10
-0.8022476771653543
20
3.4070288188976376
11
-0.8020407874015748
21
3.4064882283464568
0
LINE
8
BLACK
6
CONTINUOUS
10
-0.8020407874015748
20
3.4064882283464568
11
-0.8020332677165354
21
3.4063823622047242
0
LINE
8
BLACK
6
CONTINUOUS
10
-0.8020332677165354
20
3.4063823622047242
11
-0.8019926771653543
21
3.40628437007874
0
LINE
8
BLACK
6
CONTINUOUS
10
-0.8019926771653543
20
3.40628437007874
11
-0.8019359448818898
21
3.4057083070866141
0
LINE
8
BLACK
6
CONTINUOUS
10
-0.8019359448818898
20
3.4057083070866141
11
-0.8019359448818898
21
3.401958779527559
0
LINE
8
BLACK
6
CONTINUOUS
10
-0.8019359448818898
20
3.401958779527559
11
-0.8019926771653543
21
3.4013827165354331
0
LINE
8
BLACK
6
CONTINUOUS
10
-0.8019926771653543
20
3.4013827165354331
11
-0.8021034645669292
21
3.4011153543307087
0
LINE
8
BLACK
6
CONTINUOUS
10
-0.8021034645669292
20
3.4011153543307087
11
-0.8021595669291338
21
3.4008316535433072
0
LINE
8
BLACK
6
CONTINUOUS
10
-0.8021595669291338
20
3.4008316535433072
11
-0.8023216535433071
21
3.4005885433070864
0
LINE
8
BLACK
6
CONTINUOUS
10
-0.8023216535433071
20
3.4005885433070864
11
-0.8024335826771654
21
3.4003183070866143
0
LINE
8
BLACK
6
CONTINUOUS
10
-0.8024335826771654
20
3.4003183070866143
11
-0.8026382283464567
21
3.4001136614173229
0
LINE
8
BLACK
6
CONTINUOUS
10
-0.8026382283464567
20
3.4001136614173229
11
-0.8027986220472441
21
3.3998730708661418
0
LINE
8
BLACK
6
CONTINUOUS
10
-0.8027986220472441
20
3.3998730708661418
11
-0.8030414566929134
21
3.3997104724409448
0
LINE
8
BLACK
6
CONTINUOUS
10
-0.8030414566929134
20
3.3997104724409448
11
-0.8032482283464567
21
3.3995036614173229
0
LINE
8
BLACK
6
CONTINUOUS
10
-0.8032482283464567
20
3.3995036614173229
11
-0.8035155118110237
21
3.3993929527559055
0
LINE
8
BLACK
6
CONTINUOUS
10
-0.8035155118110237
20
3.3993929527559055
11
-0.8037558661417322
21
3.3992319685039369
0
LINE
8
BLACK
6
CONTINUOUS
10
-0.8037558661417322
20
3.3992319685039369
11
-0.8043096456692913
21
3.3990633464566931
0
LINE
8
BLACK
6
CONTINUOUS
10
-0.8043096456692913
20
3.3990633464566931
11
-0.8206835826771653
21
3.3957885826771652
0
LINE
8
BLACK
6
CONTINUOUS
10
-0.8206835826771653
20
3.3957885826771652
11
-0.8206835826771653
21
3.3914072440944882
0
LINE
8
BLACK
6
CONTINUOUS
10
-0.8206835826771653
20
3.3914072440944882
11
-0.819560748031496
21
3.3891614960629921
0
LINE
8
BLACK
6
CONTINUOUS
10
-0.819560748031496
20
3.3891614960629921
11
-0.817315
21
3.3880386220472438
0
LINE
8
BLACK
6
CONTINUOUS
10
-0.817315
20
3.3880386220472438
11
-0.8112100393700787
21
3.3880386220472438
0
LINE
8
BLACK
6
CONTINUOUS
10
-0.8112100393700787
20
3.3880386220472438
11
-0.8080839763779527
21
3.3896016535433069
0
LINE
8
BLACK
6
CONTINUOUS
10
-0.8080839763779527
20
3.3896016535433069
11
-0.8075433858267717
21
3.3898085433070864
0
LINE
8
BLACK
6
CONTINUOUS
10
-0.8075433858267717
20
3.3898085433070864
11
-0.8063941732283464
21
3.3898901968503936
0
LINE
8
BLACK
6
CONTINUOUS
10
-0.8063941732283464
20
3.3898901968503936
11
-0.8053011811023622
21
3.389525866141732
0
LINE
8
BLACK
6
CONTINUOUS
10
-0.8053011811023622
20
3.389525866141732
11
-0.8044308267716536
21
3.3887710236220472
0
LINE
8
BLACK
6
CONTINUOUS
10
-0.8044308267716536
20
3.3887710236220472
11
-0.8039155511811024
21
3.3877405118110238
0
LINE
8
BLACK
6
CONTINUOUS
10
-0.8039155511811024
20
3.3877405118110238
11
-0.8038338976377952
21
3.3865912992125984
0
LINE
8
BLACK
6
CONTINUOUS
10
-0.8038338976377952
20
3.3865912992125984
11
-0.8041982283464567
21
3.3854983464566928
0
LINE
8
BLACK
6
CONTINUOUS
10
-0.8041982283464567
20
3.3854983464566928
11
-0.8049530708661418
21
3.3846279527559053
0
LINE
8
BLACK
6
CONTINUOUS
10
-0.8049530708661418
20
3.3846279527559053
11
-0.8054429527559055
21
3.3843196062992127
0
LINE
8
BLACK
6
CONTINUOUS
10
-0.8054429527559055
20
3.3843196062992127
11
-0.8082553937007874
21
3.3829133858267717
0
LINE
8
BLACK
6
CONTINUOUS
10
-0.8082553937007874
20
3.3829133858267717
11
-0.7899388976377952
21
3.3829133858267717
0
LINE
8
BLACK
6
CONTINUOUS
10
-0.7899388976377952
20
3.3829133858267717
11
-0.790470905511811
21
3.3834453937007871
0
LINE
8
BLACK
6
CONTINUOUS
10
-0.790470905511811
20
3.3834453937007871
11
-0.7909118110236221
21
3.3845098031496064
0
LINE
8
BLACK
6
CONTINUOUS
10
-0.7909118110236221
20
3.3845098031496064
11
-0.7909685433070865
21
3.3850858661417322
0
LINE
8
BLACK
6
CONTINUOUS
10
-0.7909685433070865
20
3.3850858661417322
11
-0.7909685433070865
21
3.4113325984251968
0
LINE
8
BLACK
6
CONTINUOUS
10
-0.7909685433070865
20
3.4113325984251968
11
-0.7909118110236221
21
3.4119086614173226
0
LINE
8
BLACK
6
CONTINUOUS
10
-0.7909118110236221
20
3.4119086614173226
11
-0.790470905511811
21
3.4129730708661414
0
LINE
8
BLACK
6
CONTINUOUS
10
-0.790470905511811
20
3.4129730708661414
11
-0.7896562598425196
21
3.4137877165354329
0
LINE
8
BLACK
6
CONTINUOUS
10
-0.7896562598425196
20
3.4137877165354329
11
-0.7885918503937007
21
3.414228622047244
0
LINE
8
BLACK
6
CONTINUOUS
10
-0.7885918503937007
20
3.414228622047244
11
-0.7874397244094488
21
3.414228622047244
0
LINE
8
BLACK
6
CONTINUOUS
10
-0.7874397244094488
20
3.414228622047244
11
-0.78637531496063
21
3.4137877165354329
0
LINE
8
BLACK
6
CONTINUOUS
10
-0.78637531496063
20
3.4137877165354329
11
-0.7855606692913386
21
3.4129730708661414
0
LINE
8
BLACK
6
CONTINUOUS
10
-0.7855606692913386
20
3.4129730708661414
11
-0.7852651968503936
21
3.4122596850393698
0
LINE
8
BLACK
6
CONTINUOUS
10
-0.7852651968503936
20
3.4122596850393698
11
-0.783267716535433
21
3.4132584251968505
0
LINE
8
BLACK
6
CONTINUOUS
10
-0.783267716535433
20
3.4132584251968505
11
-0.783267716535433
21
3.638047401574803
0
LINE
8
BLACK
6
CONTINUOUS
10
-0.783267716535433
20
3.638047401574803
11
-0.8233020866141733
21
3.617206811023622
0
LINE
8
BLACK
6
CONTINUOUS
10
-0.8233020866141733
20
3.617206811023622
11
-0.8238392519685039
21
3.6169911417322833
0
LINE
8
BLACK
6
CONTINUOUS
10
-0.8238392519685039
20
3.6169911417322833
11
-0.8249869685039369
21
3.616890748031496
0
LINE
8
BLACK
6
CONTINUOUS
10
-0.8249869685039369
20
3.616890748031496
11
-0.826085748031496
21
3.6172371653543305
0
LINE
8
BLACK
6
CONTINUOUS
10
-0.826085748031496
20
3.6172371653543305
11
-0.8269683070866142
21
3.617977716535433
0
LINE
8
BLACK
6
CONTINUOUS
10
-0.8269683070866142
20
3.617977716535433
11
-0.8275003149606299
21
3.6189996850393702
0
LINE
8
BLACK
6
CONTINUOUS
10
-0.8275003149606299
20
3.6189996850393702
11
-0.8276007086614173
21
3.620147401574803
0
LINE
8
BLACK
6
CONTINUOUS
10
-0.8276007086614173
20
3.620147401574803
11
-0.8272542913385826
21
3.6212461811023622
0
LINE
8
BLACK
6
CONTINUOUS
10
-0.8272542913385826
20
3.6212461811023622
11
-0.8265137401574802
21
3.6221287401574802
0
LINE
8
BLACK
6
CONTINUOUS
10
-0.8265137401574802
20
3.6221287401574802
11
-0.8260289370078739
21
3.6224450787401574
0
LINE
8
BLACK
6
CONTINUOUS
10
-0.8260289370078739
20
3.6224450787401574
11
-0.7923818897637795
21
3.6399606299212599
0
LINE
8
BLACK
6
CONTINUOUS
10
-0.7923818897637795
20
3.6399606299212599
11
-0.9687992125984252
21
3.6399606299212599
0
LINE
8
BLACK
6
CONTINUOUS
10
-0.7837142913385826
20
3.4058339763779526
11
-0.7850630314960629
21
3.403136496062992
0
LINE
8
BLACK
6
CONTINUOUS
10
-0.7850630314960629
20
3.403136496062992
11
-0.7850630314960629
21
3.3850858661417322
0
LINE
8
BLACK
6
CONTINUOUS
10
-0.7850630314960629
20
3.3850858661417322
11
-0.7851197637795275
21
3.3845098031496064
0
LINE
8
BLACK
6
CONTINUOUS
10
-0.7851197637795275
20
3.3845098031496064
11
-0.7855606692913386
21
3.3834453937007871
0
LINE
8
BLACK
6
CONTINUOUS
10
-0.7855606692913386
20
3.3834453937007871
11
-0.7860926771653544
21
3.3829133858267717
0
LINE
8
BLACK
6
CONTINUOUS
10
-0.7860926771653544
20
3.3829133858267717
11
-0.783267716535433
21
3.3829133858267717
0
LINE
8
BLACK
6
CONTINUOUS
10
-0.783267716535433
20
3.3829133858267717
11
-0.783267716535433
21
3.4062805511811023
0
LINE
8
BLACK
6
CONTINUOUS
10
-0.783267716535433
20
3.4062805511811023
11
-0.7837142913385826
21
3.4058339763779526
0
LINE
8
BLACK
6
CONTINUOUS
10
-0.768248031496063
20
3.6409448818897636
11
-0.7346009842519685
21
3.6234293307086611
0
LINE
8
BLACK
6
CONTINUOUS
10
-0.7346009842519685
20
3.6234293307086611
11
-0.734116220472441
21
3.6231129921259844
0
LINE
8
BLACK
6
CONTINUOUS
10
-0.734116220472441
20
3.6231129921259844
11
-0.7333756692913386
21
3.6222304330708659
0
LINE
8
BLACK
6
CONTINUOUS
10
-0.7333756692913386
20
3.6222304330708659
11
-0.7330292125984251
21
3.6211316535433071
0
LINE
8
BLACK
6
CONTINUOUS
10
-0.7330292125984251
20
3.6211316535433071
11
-0.7331296062992125
21
3.6199839370078739
0
LINE
8
BLACK
6
CONTINUOUS
10
-0.7331296062992125
20
3.6199839370078739
11
-0.7336616141732283
21
3.6189620078740155
0
LINE
8
BLACK
6
CONTINUOUS
10
-0.7336616141732283
20
3.6189620078740155
11
-0.7345441732283464
21
3.6182214566929134
0
LINE
8
BLACK
6
CONTINUOUS
10
-0.7345441732283464
20
3.6182214566929134
11
-0.7356429527559055
21
3.6178749999999997
0
LINE
8
BLACK
6
CONTINUOUS
10
-0.7356429527559055
20
3.6178749999999997
11
-0.7367906692913385
21
3.6179753937007875
0
LINE
8
BLACK
6
CONTINUOUS
10
-0.7367906692913385
20
3.6179753937007875
11
-0.7373278346456693
21
3.6181910629921261
0
LINE
8
BLACK
6
CONTINUOUS
10
-0.7373278346456693
20
3.6181910629921261
11
-0.7773622047244094
21
3.6390316535433072
0
LINE
8
BLACK
6
CONTINUOUS
10
-0.7773622047244094
20
3.6390316535433072
11
-0.7773622047244094
21
3.4142853543307088
0
LINE
8
BLACK
6
CONTINUOUS
10
-0.7773622047244094
20
3.4142853543307088
11
-0.7767672047244094
21
3.4142853543307088
0
LINE
8
BLACK
6
CONTINUOUS
10
-0.7767672047244094
20
3.4142853543307088
11
-0.7761911417322834
21
3.414228622047244
0
LINE
8
BLACK
6
CONTINUOUS
10
-0.7761911417322834
20
3.414228622047244
11
-0.7751267322834645
21
3.4137877165354329
0
LINE
8
BLACK
6
CONTINUOUS
10
-0.7751267322834645
20
3.4137877165354329
11
-0.7743120866141732
21
3.4129730708661414
0
LINE
8
BLACK
6
CONTINUOUS
10
-0.7743120866141732
20
3.4129730708661414
11
-0.7738711811023622
21
3.4119086614173226
0
LINE
8
BLACK
6
CONTINUOUS
10
-0.7738711811023622
20
3.4119086614173226
11
-0.7738711811023622
21
3.4107565354330709
0
LINE
8
BLACK
6
CONTINUOUS
10
-0.7738711811023622
20
3.4107565354330709
11
-0.7743120866141732
21
3.4096921259842521
0
LINE
8
BLACK
6
CONTINUOUS
10
-0.7743120866141732
20
3.4096921259842521
11
-0.7751267322834645
21
3.4088774803149606
0
LINE
8
BLACK
6
CONTINUOUS
10
-0.7751267322834645
20
3.4088774803149606
11
-0.7761911417322834
21
3.4084365748031495
0
LINE
8
BLACK
6
CONTINUOUS
10
-0.7761911417322834
20
3.4084365748031495
11
-0.7767672047244094
21
3.4083798425196852
0
LINE
8
BLACK
6
CONTINUOUS
10
-0.7767672047244094
20
3.4083798425196852
11
-0.7773622047244094
21
3.4083798425196852
0
LINE
8
BLACK
6
CONTINUOUS
10
-0.7773622047244094
20
3.4083798425196852
11
-0.7773622047244094
21
3.3829133858267717
0
LINE
8
BLACK
6
CONTINUOUS
10
-0.7773622047244094
20
3.3829133858267717
11
-0.7754990157480315
21
3.3829133858267717
0
LINE
8
BLACK
6
CONTINUOUS
10
-0.7754990157480315
20
3.3829133858267717
11
-0.7754727559055118
21
3.3829768110236218
0
LINE
8
BLACK
6
CONTINUOUS
10
-0.7754727559055118
20
3.3829768110236218
11
-0.7746581102362204
21
3.3837914566929133
0
LINE
8
BLACK
6
CONTINUOUS
10
-0.7746581102362204
20
3.3837914566929133
11
-0.7735937007874015
21
3.3842323622047243
0
LINE
8
BLACK
6
CONTINUOUS
10
-0.7735937007874015
20
3.3842323622047243
11
-0.7730176377952755
21
3.3842890944881887
0
LINE
8
BLACK
6
CONTINUOUS
10
-0.7730176377952755
20
3.3842890944881887
11
-0.7430214173228347
21
3.3842890944881887
0
LINE
8
BLACK
6
CONTINUOUS
10
-0.7430214173228347
20
3.3842890944881887
11
-0.7424453543307087
21
3.3842323622047243
0
LINE
8
BLACK
6
CONTINUOUS
10
-0.7424453543307087
20
3.3842323622047243
11
-0.7413809448818898
21
3.3837914566929133
0
LINE
8
BLACK
6
CONTINUOUS
10
-0.7413809448818898
20
3.3837914566929133
11
-0.7405662992125984
21
3.3829768110236218
0
LINE
8
BLACK
6
CONTINUOUS
10
-0.7405662992125984
20
3.3829768110236218
11
-0.7405400393700787
21
3.3829133858267717
0
LINE
8
BLACK
6
CONTINUOUS
10
-0.7405400393700787
20
3.3829133858267717
11
-0.7355706692913385
21
3.3829133858267717
0
LINE
8
BLACK
6
CONTINUOUS
10
-0.7355706692913385
20
3.3829133858267717
11
-0.7361026771653543
21
3.3834453937007871
0
LINE
8
BLACK
6
CONTINUOUS
10
-0.7361026771653543
20
3.3834453937007871
11
-0.7365435826771654
21
3.3845098031496064
0
LINE
8
BLACK
6
CONTINUOUS
10
-0.7365435826771654
20
3.3845098031496064
11
-0.7366003149606299
21
3.3850858661417322
0
LINE
8
BLACK
6
CONTINUOUS
10
-0.7366003149606299
20
3.3850858661417322
11
-0.7366003149606299
21
3.4113325984251968
0
LINE
8
BLACK
6
CONTINUOUS
10
-0.7366003149606299
20
3.4113325984251968
11
-0.7365435826771654
21
3.4119086614173226
0
LINE
8
BLACK
6
CONTINUOUS
10
-0.7365435826771654
20
3.4119086614173226
11
-0.7361026771653543
21
3.4129730708661414
0
LINE
8
BLACK
6
CONTINUOUS
10
-0.7361026771653543
20
3.4129730708661414
11
-0.7352880314960629
21
3.4137877165354329
0
LINE
8
BLACK
6
CONTINUOUS
10
-0.7352880314960629
20
3.4137877165354329
11
-0.7342236220472441
21
3.414228622047244
0
LINE
8
BLACK
6
CONTINUOUS
10
-0.7342236220472441
20
3.414228622047244
11
-0.7330714960629922
21
3.414228622047244
0
LINE
8
BLACK
6
CONTINUOUS
10
-0.7330714960629922
20
3.414228622047244
11
-0.7320070866141732
21
3.4137877165354329
0
LINE
8
BLACK
6
CONTINUOUS
10
-0.7320070866141732
20
3.4137877165354329
11
-0.7312432677165354
21
3.4130238976377951
0
LINE
8
BLACK
6
CONTINUOUS
10
-0.7312432677165354
20
3.4130238976377951
11
-0.729343779527559
21
3.4139736220472439
0
LINE
8
BLACK
6
CONTINUOUS
10
-0.729343779527559
20
3.4139736220472439
11
-0.728803188976378
21
3.4141805118110233
0
LINE
8
BLACK
6
CONTINUOUS
10
-0.728803188976378
20
3.4141805118110233
11
-0.7286973228346456
21
3.4141880708661416
0
LINE
8
BLACK
6
CONTINUOUS
10
-0.7286973228346456
20
3.4141880708661416
11
-0.7285993307086615
21
3.414228622047244
0
LINE
8
BLACK
6
CONTINUOUS
10
-0.7285993307086615
20
3.414228622047244
11
-0.7280232677165355
21
3.4142853543307088
0
LINE
8
BLACK
6
CONTINUOUS
10
-0.7280232677165355
20
3.4142853543307088
11
-0.7223989763779527
21
3.4142853543307088
0
LINE
8
BLACK
6
CONTINUOUS
10
-0.7223989763779527
20
3.4142853543307088
11
-0.7218229133858267
21
3.414228622047244
0
LINE
8
BLACK
6
CONTINUOUS
10
-0.7218229133858267
20
3.414228622047244
11
-0.7217249212598426
21
3.4141880314960629
0
LINE
8
BLACK
6
CONTINUOUS
10
-0.7217249212598426
20
3.4141880314960629
11
-0.721619094488189
21
3.4141805118110233
0
LINE
8
BLACK
6
CONTINUOUS
10
-0.721619094488189
20
3.4141805118110233
11
-0.7210784645669291
21
3.4139736220472439
0
LINE
8
BLACK
6
CONTINUOUS
10
-0.7210784645669291
20
3.4139736220472439
11
-0.717328937007874
21
3.4120988582677163
0
LINE
8
BLACK
6
CONTINUOUS
10
-0.717328937007874
20
3.4120988582677163
11
-0.7172325984251968
21
3.4120382283464568
0
LINE
8
BLACK
6
CONTINUOUS
10
-0.7172325984251968
20
3.4120382283464568
11
-0.7171871653543307
21
3.4120230708661419
0
LINE
8
BLACK
6
CONTINUOUS
10
-0.7171871653543307
20
3.4120230708661419
11
-0.7171306299212599
21
3.4119740551181104
0
LINE
8
BLACK
6
CONTINUOUS
10
-0.7171306299212599
20
3.4119740551181104
11
-0.7168390551181102
21
3.4117905118110237
0
LINE
8
BLACK
6
CONTINUOUS
10
-0.7168390551181102
20
3.4117905118110237
11
-0.71677468503937
21
3.4117162992125984
0
LINE
8
BLACK
6
CONTINUOUS
10
-0.71677468503937
20
3.4117162992125984
11
-0.7167103149606299
21
3.4117905118110237
0
LINE
8
BLACK
6
CONTINUOUS
10
-0.7167103149606299
20
3.4117905118110237
11
-0.7164187795275591
21
3.4119740551181104
0
LINE
8
BLACK
6
CONTINUOUS
10
-0.7164187795275591
20
3.4119740551181104
11
-0.7163622047244095
21
3.4120230708661419
0
LINE
8
BLACK
6
CONTINUOUS
10
-0.7163622047244095
20
3.4120230708661419
11
-0.716316811023622
21
3.4120382283464568
0
LINE
8
BLACK
6
CONTINUOUS
10
-0.716316811023622
20
3.4120382283464568
11
-0.7162204330708661
21
3.4120988582677163
0
LINE
8
BLACK
6
CONTINUOUS
10
-0.7162204330708661
20
3.4120988582677163
11
-0.712470905511811
21
3.4139736220472439
0
LINE
8
BLACK
6
CONTINUOUS
10
-0.712470905511811
20
3.4139736220472439
11
-0.7119303149606299
21
3.4141805118110233
0
LINE
8
BLACK
6
CONTINUOUS
10
-0.7119303149606299
20
3.4141805118110233
11
-0.7118244488188976
21
3.4141880708661416
0
LINE
8
BLACK
6
CONTINUOUS
10
-0.7118244488188976
20
3.4141880708661416
11
-0.7117264566929133
21
3.414228622047244
0
LINE
8
BLACK
6
CONTINUOUS
10
-0.7117264566929133
20
3.414228622047244
11
-0.7111503937007874
21
3.4142853543307088
0
LINE
8
BLACK
6
CONTINUOUS
10
-0.7111503937007874
20
3.4142853543307088
11
-0.7055261023622047
21
3.4142853543307088
0
LINE
8
BLACK
6
CONTINUOUS
10
-0.7055261023622047
20
3.4142853543307088
11
-0.7049500393700787
21
3.414228622047244
0
LINE
8
BLACK
6
CONTINUOUS
10
-0.7049500393700787
20
3.414228622047244
11
-0.7048520472440944
21
3.4141880314960629
0
LINE
8
BLACK
6
CONTINUOUS
10
-0.7048520472440944
20
3.4141880314960629
11
-0.704746220472441
21
3.4141805118110233
0
LINE
8
BLACK
6
CONTINUOUS
10
-0.704746220472441
20
3.4141805118110233
11
-0.704205590551181
21
3.4139736220472439
0
LINE
8
BLACK
6
CONTINUOUS
10
-0.704205590551181
20
3.4139736220472439
11
-0.7004560236220472
21
3.4120988582677163
0
LINE
8
BLACK
6
CONTINUOUS
10
-0.7004560236220472
20
3.4120988582677163
11
-0.7003597244094488
21
3.4120382283464568
0
LINE
8
BLACK
6
CONTINUOUS
10
-0.7003597244094488
20
3.4120382283464568
11
-0.7003142519685039
21
3.4120230708661419
0
LINE
8
BLACK
6
CONTINUOUS
10
-0.7003142519685039
20
3.4120230708661419
11
-0.7002576771653544
21
3.4119740157480316
0
LINE
8
BLACK
6
CONTINUOUS
10
-0.7002576771653544
20
3.4119740157480316
11
-0.6999661811023622
21
3.4117905118110237
0
LINE
8
BLACK
6
CONTINUOUS
10
-0.6999661811023622
20
3.4117905118110237
11
-0.6997237007874015
21
3.4115109055118111
0
LINE
8
BLACK
6
CONTINUOUS
10
-0.6997237007874015
20
3.4115109055118111
11
-0.6994438582677165
21
3.4112682283464566
0
LINE
8
BLACK
6
CONTINUOUS
10
-0.6994438582677165
20
3.4112682283464566
11
-0.6992603543307087
21
3.4109766929133856
0
LINE
8
BLACK
6
CONTINUOUS
10
-0.6992603543307087
20
3.4109766929133856
11
-0.6992112992125984
21
3.4109201181102362
0
LINE
8
BLACK
6
CONTINUOUS
10
-0.6992112992125984
20
3.4109201181102362
11
-0.6991961811023621
21
3.4108747244094486
0
LINE
8
BLACK
6
CONTINUOUS
10
-0.6991961811023621
20
3.4108747244094486
11
-0.6991355118110236
21
3.4107783464566928
0
LINE
8
BLACK
6
CONTINUOUS
10
-0.6991355118110236
20
3.4107783464566928
11
-0.6972607480314961
21
3.4070288188976376
0
LINE
8
BLACK
6
CONTINUOUS
10
-0.6972607480314961
20
3.4070288188976376
11
-0.6970538582677165
21
3.4064882283464568
0
LINE
8
BLACK
6
CONTINUOUS
10
-0.6970538582677165
20
3.4064882283464568
11
-0.6970463385826772
21
3.4063823622047242
0
LINE
8
BLACK
6
CONTINUOUS
10
-0.6970463385826772
20
3.4063823622047242
11
-0.6970057480314961
21
3.40628437007874
0
LINE
8
BLACK
6
CONTINUOUS
10
-0.6970057480314961
20
3.40628437007874
11
-0.6969490157480315
21
3.4057083070866141
0
LINE
8
BLACK
6
CONTINUOUS
10
-0.6969490157480315
20
3.4057083070866141
11
-0.6969490157480315
21
3.3850858661417322
0
LINE
8
BLACK
6
CONTINUOUS
10
-0.6969490157480315
20
3.3850858661417322
11
-0.6970057480314961
21
3.3845098031496064
0
LINE
8
BLACK
6
CONTINUOUS
10
-0.6970057480314961
20
3.3845098031496064
11
-0.697446653543307
21
3.3834453937007871
0
LINE
8
BLACK
6
CONTINUOUS
10
-0.697446653543307
20
3.3834453937007871
11
-0.6979786614173228
21
3.3829133858267717
0
LINE
8
BLACK
6
CONTINUOUS
10
-0.6979786614173228
20
3.3829133858267717
11
-0.6777874409448819
21
3.3829133858267717
0
LINE
8
BLACK
6
CONTINUOUS
10
-0.6777874409448819
20
3.3829133858267717
11
-0.6805998818897637
21
3.3843196062992127
0
LINE
8
BLACK
6
CONTINUOUS
10
-0.6805998818897637
20
3.3843196062992127
11
-0.6808479133858267
21
3.3844757086614172
0
LINE
8
BLACK
6
CONTINUOUS
10
-0.6808479133858267
20
3.3844757086614172
11
-0.6809198425196851
21
3.3845055118110237
0
LINE
8
BLACK
6
CONTINUOUS
10
-0.6809198425196851
20
3.3845055118110237
11
-0.6810008267716535
21
3.3845719685039368
0
LINE
8
BLACK
6
CONTINUOUS
10
-0.6810008267716535
20
3.3845719685039368
11
-0.6810897637795276
21
3.3846279527559053
0
LINE
8
BLACK
6
CONTINUOUS
10
-0.6810897637795276
20
3.3846279527559053
11
-0.6811409842519685
21
3.3846870078740157
0
LINE
8
BLACK
6
CONTINUOUS
10
-0.6811409842519685
20
3.3846870078740157
11
-0.6813673228346456
21
3.3848727559055116
0
LINE
8
BLACK
6
CONTINUOUS
10
-0.6813673228346456
20
3.3848727559055116
11
-0.6832420866141732
21
3.3867475590551179
0
LINE
8
BLACK
6
CONTINUOUS
10
-0.6832420866141732
20
3.3867475590551179
11
-0.6834278346456693
21
3.386973897637795
0
LINE
8
BLACK
6
CONTINUOUS
10
-0.6834278346456693
20
3.386973897637795
11
-0.6834868110236221
21
3.3870250393700787
0
LINE
8
BLACK
6
CONTINUOUS
10
-0.6834868110236221
20
3.3870250393700787
11
-0.6835427952755906
21
3.3871139763779525
0
LINE
8
BLACK
6
CONTINUOUS
10
-0.6835427952755906
20
3.3871139763779525
11
-0.6836092913385826
21
3.3871949999999997
0
LINE
8
BLACK
6
CONTINUOUS
10
-0.6836092913385826
20
3.3871949999999997
11
-0.6836391338582677
21
3.3872670472440944
0
LINE
8
BLACK
6
CONTINUOUS
10
-0.6836391338582677
20
3.3872670472440944
11
-0.6837951574803149
21
3.3875149212598425
0
LINE
8
BLACK
6
CONTINUOUS
10
-0.6837951574803149
20
3.3875149212598425
11
-0.6856699212598425
21
3.3912644488188977
0
LINE
8
BLACK
6
CONTINUOUS
10
-0.6856699212598425
20
3.3912644488188977
11
-0.6858768110236221
21
3.3918050787401572
0
LINE
8
BLACK
6
CONTINUOUS
10
-0.6858768110236221
20
3.3918050787401572
11
-0.6858843307086614
21
3.3919109055118111
0
LINE
8
BLACK
6
CONTINUOUS
10
-0.6858843307086614
20
3.3919109055118111
11
-0.6859249212598425
21
3.3920088976377953
0
LINE
8
BLACK
6
CONTINUOUS
10
-0.6859249212598425
20
3.3920088976377953
11
-0.6859816535433071
21
3.3925849606299212
0
LINE
8
BLACK
6
CONTINUOUS
10
-0.6859816535433071
20
3.3925849606299212
11
-0.6859816535433071
21
3.4038335433070865
0
LINE
8
BLACK
6
CONTINUOUS
10
-0.6859816535433071
20
3.4038335433070865
11
-0.6859249212598425
21
3.4044096062992124
0
LINE
8
BLACK
6
CONTINUOUS
10
-0.6859249212598425
20
3.4044096062992124
11
-0.6858843307086614
21
3.4045076377952754
0
LINE
8
BLACK
6
CONTINUOUS
10
-0.6858843307086614
20
3.4045076377952754
11
-0.6858768110236221
21
3.4046134251968505
0
LINE
8
BLACK
6
CONTINUOUS
10
-0.6858768110236221
20
3.4046134251968505
11
-0.6856699212598425
21
3.4051540551181101
0
LINE
8
BLACK
6
CONTINUOUS
10
-0.6856699212598425
20
3.4051540551181101
11
-0.6837951574803149
21
3.4089035826771652
0
LINE
8
BLACK
6
CONTINUOUS
10
-0.6837951574803149
20
3.4089035826771652
11
-0.6836390944881889
21
3.4091516141732283
0
LINE
8
BLACK
6
CONTINUOUS
10
-0.6836390944881889
20
3.4091516141732283
11
-0.683609251968504
21
3.4092235433070863
0
LINE
8
BLACK
6
CONTINUOUS
10
-0.683609251968504
20
3.4092235433070863
11
-0.6835427952755906
21
3.4093045275590552
0
LINE
8
BLACK
6
CONTINUOUS
10
-0.6835427952755906
20
3.4093045275590552
11
-0.6834868110236221
21
3.409393464566929
0
LINE
8
BLACK
6
CONTINUOUS
10
-0.6834868110236221
20
3.409393464566929
11
-0.6834278346456693
21
3.4094446456692911
0
LINE
8
BLACK
6
CONTINUOUS
10
-0.6834278346456693
20
3.4094446456692911
11
-0.6832420472440944
21
3.4096709842519686
0
LINE
8
BLACK
6
CONTINUOUS
10
-0.6832420472440944
20
3.4096709842519686
11
-0.6813672834645669
21
3.4115457480314961
0
LINE
8
BLACK
6
CONTINUOUS
10
-0.6813672834645669
20
3.4115457480314961
11
-0.6811409448818897
21
3.4117315354330708
0
LINE
8
BLACK
6
CONTINUOUS
10
-0.6811409448818897
20
3.4117315354330708
11
-0.6810897637795276
21
3.4117905118110237
0
LINE
8
BLACK
6
CONTINUOUS
10
-0.6810897637795276
20
3.4117905118110237
11
-0.6810008267716535
21
3.4118464960629922
0
LINE
8
BLACK
6
CONTINUOUS
10
-0.6810008267716535
20
3.4118464960629922
11
-0.6809198425196851
21
3.4119129527559053
0
LINE
8
BLACK
6
CONTINUOUS
10
-0.6809198425196851
20
3.4119129527559053
11
-0.6808479133858267
21
3.4119427952755905
0
LINE
8
BLACK
6
CONTINUOUS
10
-0.6808479133858267
20
3.4119427952755905
11
-0.6805998818897637
21
3.4120988582677163
0
LINE
8
BLACK
6
CONTINUOUS
10
-0.6805998818897637
20
3.4120988582677163
11
-0.6768503543307086
21
3.4139736220472439
0
LINE
8
BLACK
6
CONTINUOUS
10
-0.6768503543307086
20
3.4139736220472439
11
-0.6763097637795276
21
3.4141805118110233
0
LINE
8
BLACK
6
CONTINUOUS
10
-0.6763097637795276
20
3.4141805118110233
11
-0.6762038976377953
21
3.4141880708661416
0
LINE
8
BLACK
6
CONTINUOUS
10
-0.6762038976377953
20
3.4141880708661416
11
-0.676105905511811
21
3.414228622047244
0
LINE
8
BLACK
6
CONTINUOUS
10
-0.676105905511811
20
3.414228622047244
11
-0.6755298425196851
21
3.4142853543307088
0
LINE
8
BLACK
6
CONTINUOUS
10
-0.6755298425196851
20
3.4142853543307088
11
-0.6699055511811024
21
3.4142853543307088
0
LINE
8
BLACK
6
CONTINUOUS
10
-0.6699055511811024
20
3.4142853543307088
11
-0.6693294881889764
21
3.414228622047244
0
LINE
8
BLACK
6
CONTINUOUS
10
-0.6693294881889764
20
3.414228622047244
11
-0.6692314960629921
21
3.4141880314960629
0
LINE
8
BLACK
6
CONTINUOUS
10
-0.6692314960629921
20
3.4141880314960629
11
-0.6691256692913385
21
3.4141805118110233
0
LINE
8
BLACK
6
CONTINUOUS
10
-0.6691256692913385
20
3.4141805118110233
11
-0.6685850393700787
21
3.4139736220472439
0
LINE
8
BLACK
6
CONTINUOUS
10
-0.6685850393700787
20
3.4139736220472439
11
-0.6648355118110236
21
3.4120988582677163
0
LINE
8
BLACK
6
CONTINUOUS
10
-0.6648355118110236
20
3.4120988582677163
11
-0.6645875196850394
21
3.4119427952755905
0
LINE
8
BLACK
6
CONTINUOUS
10
-0.6645875196850394
20
3.4119427952755905
11
-0.6645155511811024
21
3.4119129527559053
0
LINE
8
BLACK
6
CONTINUOUS
10
-0.6645155511811024
20
3.4119129527559053
11
-0.6644346062992126
21
3.4118464960629922
0
LINE
8
BLACK
6
CONTINUOUS
10
-0.6644346062992126
20
3.4118464960629922
11
-0.6643456299212598
21
3.4117905118110237
0
LINE
8
BLACK
6
CONTINUOUS
10
-0.6643456299212598
20
3.4117905118110237
11
-0.6642944881889764
21
3.4117315354330708
0
LINE
8
BLACK
6
CONTINUOUS
10
-0.6642944881889764
20
3.4117315354330708
11
-0.6640681102362205
21
3.4115457480314961
0
LINE
8
BLACK
6
CONTINUOUS
10
-0.6640681102362205
20
3.4115457480314961
11
-0.6621933464566929
21
3.4096709842519686
0
LINE
8
BLACK
6
CONTINUOUS
10
-0.6621933464566929
20
3.4096709842519686
11
-0.6620075984251969
21
3.4094446456692911
0
LINE
8
BLACK
6
CONTINUOUS
10
-0.6620075984251969
20
3.4094446456692911
11
-0.6619485826771654
21
3.409393464566929
0
LINE
8
BLACK
6
CONTINUOUS
10
-0.6619485826771654
20
3.409393464566929
11
-0.6618926377952756
21
3.4093045275590552
0
LINE
8
BLACK
6
CONTINUOUS
10
-0.6618926377952756
20
3.4093045275590552
11
-0.6618261417322835
21
3.4092235433070863
0
LINE
8
BLACK
6
CONTINUOUS
10
-0.6618261417322835
20
3.4092235433070863
11
-0.6617963385826772
21
3.4091516141732283
0
LINE
8
BLACK
6
CONTINUOUS
10
-0.6617963385826772
20
3.4091516141732283
11
-0.6616402362204724
21
3.4089035826771652
0
LINE
8
BLACK
6
CONTINUOUS
10
-0.6616402362204724
20
3.4089035826771652
11
-0.6597654724409449
21
3.4051540551181101
0
LINE
8
BLACK
6
CONTINUOUS
10
-0.6597654724409449
20
3.4051540551181101
11
-0.6595585826771654
21
3.4046134645669293
0
LINE
8
BLACK
6
CONTINUOUS
10
-0.6595585826771654
20
3.4046134645669293
11
-0.659551062992126
21
3.4045075984251967
0
LINE
8
BLACK
6
CONTINUOUS
10
-0.659551062992126
20
3.4045075984251967
11
-0.6595104724409449
21
3.4044096062992124
0
LINE
8
BLACK
6
CONTINUOUS
10
-0.6595104724409449
20
3.4044096062992124
11
-0.6594537401574803
21
3.4038335433070865
0
LINE
8
BLACK
6
CONTINUOUS
10
-0.6594537401574803
20
3.4038335433070865
11
-0.6594537401574803
21
3.3925849606299212
0
LINE
8
BLACK
6
CONTINUOUS
10
-0.6594537401574803
20
3.3925849606299212
11
-0.6595104724409449
21
3.3920088976377953
0
LINE
8
BLACK
6
CONTINUOUS
10
-0.6595104724409449
20
3.3920088976377953
11
-0.659551062992126
21
3.3919109448818898
0
LINE
8
BLACK
6
CONTINUOUS
10
-0.659551062992126
20
3.3919109448818898
11
-0.6595585826771654
21
3.3918050393700785
0
LINE
8
BLACK
6
CONTINUOUS
10
-0.6595585826771654
20
3.3918050393700785
11
-0.6597654724409449
21
3.3912644488188977
0
LINE
8
BLACK
6
CONTINUOUS
10
-0.6597654724409449
20
3.3912644488188977
11
-0.6616402362204724
21
3.3875149212598425
0
LINE
8
BLACK
6
CONTINUOUS
10
-0.6616402362204724
20
3.3875149212598425
11
-0.6617962992125984
21
3.3872670472440944
0
LINE
8
BLACK
6
CONTINUOUS
10
-0.6617962992125984
20
3.3872670472440944
11
-0.6618261023622047
21
3.3871949999999997
0
LINE
8
BLACK
6
CONTINUOUS
10
-0.6618261023622047
20
3.3871949999999997
11
-0.6618926377952756
21
3.3871139763779525
0
LINE
8
BLACK
6
CONTINUOUS
10
-0.6618926377952756
20
3.3871139763779525
11
-0.6619485826771654
21
3.3870250393700787
0
LINE
8
BLACK
6
CONTINUOUS
10
-0.6619485826771654
20
3.3870250393700787
11
-0.6620075984251969
21
3.386973897637795
0
LINE
8
BLACK
6
CONTINUOUS
10
-0.6620075984251969
20
3.386973897637795
11
-0.6621933464566929
21
3.3867475196850392
0
LINE
8
BLACK
6
CONTINUOUS
10
-0.6621933464566929
20
3.3867475196850392
11
-0.6640680708661417
21
3.3848727559055116
0
LINE
8
BLACK
6
CONTINUOUS
10
-0.6640680708661417
20
3.3848727559055116
11
-0.6642944488188977
21
3.3846870078740157
0
LINE
8
BLACK
6
CONTINUOUS
10
-0.6642944488188977
20
3.3846870078740157
11
-0.6643456299212598
21
3.3846279527559053
0
LINE
8
BLACK
6
CONTINUOUS
10
-0.6643456299212598
20
3.3846279527559053
11
-0.6644346062992126
21
3.3845719685039368
0
LINE
8
BLACK
6
CONTINUOUS
10
-0.6644346062992126
20
3.3845719685039368
11
-0.6645155511811024
21
3.3845055118110237
0
LINE
8
BLACK
6
CONTINUOUS
10
-0.6645155511811024
20
3.3845055118110237
11
-0.6645875196850394
21
3.3844757086614172
0
LINE
8
BLACK
6
CONTINUOUS
10
-0.6645875196850394
20
3.3844757086614172
11
-0.6648355118110236
21
3.3843196062992127
0
LINE
8
BLACK
6
CONTINUOUS
10
-0.6648355118110236
20
3.3843196062992127
11
-0.6676479527559055
21
3.3829133858267717
0
LINE
8
BLACK
6
CONTINUOUS
10
-0.6676479527559055
20
3.3829133858267717
11
-0.6421668897637796
21
3.3829133858267717
0
LINE
8
BLACK
6
CONTINUOUS
10
-0.6421668897637796
20
3.3829133858267717
11
-0.6449793307086614
21
3.3843196062992127
0
LINE
8
BLACK
6
CONTINUOUS
10
-0.6449793307086614
20
3.3843196062992127
11
-0.6452273622047244
21
3.3844757086614172
0
LINE
8
BLACK
6
CONTINUOUS
10
-0.6452273622047244
20
3.3844757086614172
11
-0.6452992913385827
21
3.3845055118110237
0
LINE
8
BLACK
6
CONTINUOUS
10
-0.6452992913385827
20
3.3845055118110237
11
-0.6453802755905511
21
3.3845719685039368
0
LINE
8
BLACK
6
CONTINUOUS
10
-0.6453802755905511
20
3.3845719685039368
11
-0.6454692125984252
21
3.3846279527559053
0
LINE
8
BLACK
6
CONTINUOUS
10
-0.6454692125984252
20
3.3846279527559053
11
-0.6455204330708662
21
3.3846870078740157
0
LINE
8
BLACK
6
CONTINUOUS
10
-0.6455204330708662
20
3.3846870078740157
11
-0.6457467716535433
21
3.3848727559055116
0
LINE
8
BLACK
6
CONTINUOUS
10
-0.6457467716535433
20
3.3848727559055116
11
-0.6476215354330709
21
3.3867475590551179
0
LINE
8
BLACK
6
CONTINUOUS
10
-0.6476215354330709
20
3.3867475590551179
11
-0.647807283464567
21
3.386973897637795
0
LINE
8
BLACK
6
CONTINUOUS
10
-0.647807283464567
20
3.386973897637795
11
-0.6478662598425197
21
3.3870250393700787
0
LINE
8
BLACK
6
CONTINUOUS
10
-0.6478662598425197
20
3.3870250393700787
11
-0.6479222440944882
21
3.3871139763779525
0
LINE
8
BLACK
6
CONTINUOUS
10
-0.6479222440944882
20
3.3871139763779525
11
-0.6479887401574803
21
3.3871949999999997
0
LINE
8
BLACK
6
CONTINUOUS
10
-0.6479887401574803
20
3.3871949999999997
11
-0.6480185826771654
21
3.3872670472440944
0
LINE
8
BLACK
6
CONTINUOUS
10
-0.6480185826771654
20
3.3872670472440944
11
-0.6481746062992125
21
3.3875149212598425
0
LINE
8
BLACK
6
CONTINUOUS
10
-0.6481746062992125
20
3.3875149212598425
11
-0.6500493700787402
21
3.3912644488188977
0
LINE
8
BLACK
6
CONTINUOUS
10
-0.6500493700787402
20
3.3912644488188977
11
-0.6502562598425197
21
3.3918050787401572
0
LINE
8
BLACK
6
CONTINUOUS
10
-0.6502562598425197
20
3.3918050787401572
11
-0.6502637795275591
21
3.3919109055118111
0
LINE
8
BLACK
6
CONTINUOUS
10
-0.6502637795275591
20
3.3919109055118111
11
-0.6503043700787401
21
3.3920088976377953
0
LINE
8
BLACK
6
CONTINUOUS
10
-0.6503043700787401
20
3.3920088976377953
11
-0.6503611023622047
21
3.3925849606299212
0
LINE
8
BLACK
6
CONTINUOUS
10
-0.6503611023622047
20
3.3925849606299212
11
-0.6503611023622047
21
3.4038335433070865
0
LINE
8
BLACK
6
CONTINUOUS
10
-0.6503611023622047
20
3.4038335433070865
11
-0.6503043700787401
21
3.4044096062992124
0
LINE
8
BLACK
6
CONTINUOUS
10
-0.6503043700787401
20
3.4044096062992124
11
-0.6502637795275591
21
3.4045076377952754
0
LINE
8
BLACK
6
CONTINUOUS
10
-0.6502637795275591
20
3.4045076377952754
11
-0.6502562598425197
21
3.4046134251968505
0
LINE
8
BLACK
6
CONTINUOUS
10
-0.6502562598425197
20
3.4046134251968505
11
-0.6500493700787402
21
3.4051540551181101
0
LINE
8
BLACK
6
CONTINUOUS
10
-0.6500493700787402
20
3.4051540551181101
11
-0.6481746062992125
21
3.4089035826771652
0
LINE
8
BLACK
6
CONTINUOUS
10
-0.6481746062992125
20
3.4089035826771652
11
-0.6480185433070866
21
3.4091516141732283
0
LINE
8
BLACK
6
CONTINUOUS
10
-0.6480185433070866
20
3.4091516141732283
11
-0.6479887007874016
21
3.4092235433070863
0
LINE
8
BLACK
6
CONTINUOUS
10
-0.6479887007874016
20
3.4092235433070863
11
-0.6479222440944882
21
3.4093045275590552
0
LINE
8
BLACK
6
CONTINUOUS
10
-0.6479222440944882
20
3.4093045275590552
11
-0.6478662598425197
21
3.409393464566929
0
LINE
8
BLACK
6
CONTINUOUS
10
-0.6478662598425197
20
3.409393464566929
11
-0.647807283464567
21
3.4094446456692911
0
LINE
8
BLACK
6
CONTINUOUS
10
-0.647807283464567
20
3.4094446456692911
11
-0.6476214960629921
21
3.4096709842519686
0
LINE
8
BLACK
6
CONTINUOUS
10
-0.6476214960629921
20
3.4096709842519686
11
-0.6457467322834646
21
3.4115457480314961
0
LINE
8
BLACK
6
CONTINUOUS
10
-0.6457467322834646
20
3.4115457480314961
11
-0.6455203937007874
21
3.4117315354330708
0
LINE
8
BLACK
6
CONTINUOUS
10
-0.6455203937007874
20
3.4117315354330708
11
-0.6454692125984252
21
3.4117905118110237
0
LINE
8
BLACK
6
CONTINUOUS
10
-0.6454692125984252
20
3.4117905118110237
11
-0.6453802755905511
21
3.4118464960629922
0
LINE
8
BLACK
6
CONTINUOUS
10
-0.6453802755905511
20
3.4118464960629922
11
-0.6452992913385827
21
3.4119129527559053
0
LINE
8
BLACK
6
CONTINUOUS
10
-0.6452992913385827
20
3.4119129527559053
11
-0.6452273622047244
21
3.4119427952755905
0
LINE
8
BLACK
6
CONTINUOUS
10
-0.6452273622047244
20
3.4119427952755905
11
-0.6449793307086614
21
3.4120988582677163
0
LINE
8
BLACK
6
CONTINUOUS
10
-0.6449793307086614
20
3.4120988582677163
11
-0.6412298031496063
21
3.4139736220472439
0
LINE
8
BLACK
6
CONTINUOUS
10
-0.6412298031496063
20
3.4139736220472439
11
-0.6406892125984252
21
3.4141805118110233
0
LINE
8
BLACK
6
CONTINUOUS
10
-0.6406892125984252
20
3.4141805118110233
11
-0.6405833464566929
21
3.4141880708661416
0
LINE
8
BLACK
6
CONTINUOUS
10
-0.6405833464566929
20
3.4141880708661416
11
-0.6404853543307086
21
3.414228622047244
0
LINE
8
BLACK
6
CONTINUOUS
10
-0.6404853543307086
20
3.414228622047244
11
-0.6399092913385827
21
3.4142853543307088
0
LINE
8
BLACK
6
CONTINUOUS
10
-0.6399092913385827
20
3.4142853543307088
11
-0.6324102362204724
21
3.4142853543307088
0
LINE
8
BLACK
6
CONTINUOUS
10
-0.6324102362204724
20
3.4142853543307088
11
-0.6318341732283465
21
3.414228622047244
0
LINE
8
BLACK
6
CONTINUOUS
10
-0.6318341732283465
20
3.414228622047244
11
-0.6317361811023622
21
3.4141880314960629
0
LINE
8
BLACK
6
CONTINUOUS
10
-0.6317361811023622
20
3.4141880314960629
11
-0.6316303543307087
21
3.4141805118110233
0
LINE
8
BLACK
6
CONTINUOUS
10
-0.6316303543307087
20
3.4141805118110233
11
-0.6316134645669291
21
3.4141740551181101
0
LINE
8
BLACK
6
CONTINUOUS
10
-0.6316134645669291
20
3.4141740551181101
11
-0.6316134645669291
21
3.4244559448818896
0
LINE
8
BLACK
6
CONTINUOUS
10
-0.6316134645669291
20
3.4244559448818896
11
-0.6315567322834645
21
3.4250320078740155
0
LINE
8
BLACK
6
CONTINUOUS
10
-0.6315567322834645
20
3.4250320078740155
11
-0.6311158267716536
21
3.4260964173228348
0
LINE
8
BLACK
6
CONTINUOUS
10
-0.6311158267716536
20
3.4260964173228348
11
-0.6303011811023622
21
3.4269110629921258
0
LINE
8
BLACK
6
CONTINUOUS
10
-0.6303011811023622
20
3.4269110629921258
11
-0.6292367716535433
21
3.4273519685039369
0
LINE
8
BLACK
6
CONTINUOUS
10
-0.6292367716535433
20
3.4273519685039369
11
-0.6280846456692913
21
3.4273519685039369
0
LINE
8
BLACK
6
CONTINUOUS
10
-0.6280846456692913
20
3.4273519685039369
11
-0.6270202362204724
21
3.4269110629921258
0
LINE
8
BLACK
6
CONTINUOUS
10
-0.6270202362204724
20
3.4269110629921258
11
-0.6262055905511811
21
3.4260964173228348
0
LINE
8
BLACK
6
CONTINUOUS
10
-0.6262055905511811
20
3.4260964173228348
11
-0.6257646850393701
21
3.4250320078740155
0
LINE
8
BLACK
6
CONTINUOUS
10
-0.6257646850393701
20
3.4250320078740155
11
-0.6257079527559055
21
3.4244559448818896
0
LINE
8
BLACK
6
CONTINUOUS
10
-0.6257079527559055
20
3.4244559448818896
11
-0.6257079527559055
21
3.3850858661417322
0
LINE
8
BLACK
6
CONTINUOUS
10
-0.6257079527559055
20
3.3850858661417322
11
-0.6257646850393701
21
3.3845098031496064
0
LINE
8
BLACK
6
CONTINUOUS
10
-0.6257646850393701
20
3.3845098031496064
11
-0.6262055905511811
21
3.3834453937007871
0
LINE
8
BLACK
6
CONTINUOUS
10
-0.6262055905511811
20
3.3834453937007871
11
-0.6267375984251968
21
3.3829133858267717
0
LINE
8
BLACK
6
CONTINUOUS
10
-0.6267375984251968
20
3.3829133858267717
11
-0.6065463385826771
21
3.3829133858267717
0
LINE
8
BLACK
6
CONTINUOUS
10
-0.6065463385826771
20
3.3829133858267717
11
-0.609358779527559
21
3.3843196062992127
0
LINE
8
BLACK
6
CONTINUOUS
10
-0.609358779527559
20
3.3843196062992127
11
-0.609455157480315
21
3.384380275590551
0
LINE
8
BLACK
6
CONTINUOUS
10
-0.609455157480315
20
3.384380275590551
11
-0.6095005511811024
21
3.3843953937007871
0
LINE
8
BLACK
6
CONTINUOUS
10
-0.6095005511811024
20
3.3843953937007871
11
-0.6095571259842519
21
3.3844444488188974
0
LINE
8
BLACK
6
CONTINUOUS
10
-0.6095571259842519
20
3.3844444488188974
11
-0.6098486614173229
21
3.3846279527559053
0
LINE
8
BLACK
6
CONTINUOUS
10
-0.6098486614173229
20
3.3846279527559053
11
-0.6100913385826772
21
3.3849077952755904
0
LINE
8
BLACK
6
CONTINUOUS
10
-0.6100913385826772
20
3.3849077952755904
11
-0.6103709448818897
21
3.3851502755905511
0
LINE
8
BLACK
6
CONTINUOUS
10
-0.6103709448818897
20
3.3851502755905511
11
-0.6105544488188976
21
3.3854417716535434
0
LINE
8
BLACK
6
CONTINUOUS
10
-0.6105544488188976
20
3.3854417716535434
11
-0.6106035039370079
21
3.3854983464566928
0
LINE
8
BLACK
6
CONTINUOUS
10
-0.6106035039370079
20
3.3854983464566928
11
-0.6106186614173228
21
3.3855438188976379
0
LINE
8
BLACK
6
CONTINUOUS
10
-0.6106186614173228
20
3.3855438188976379
11
-0.6106792913385827
21
3.3856401181102362
0
LINE
8
BLACK
6
CONTINUOUS
10
-0.6106792913385827
20
3.3856401181102362
11
-0.6125540551181102
21
3.3893896850393701
0
LINE
8
BLACK
6
CONTINUOUS
10
-0.6125540551181102
20
3.3893896850393701
11
-0.6127609448818897
21
3.3899303149606297
0
LINE
8
BLACK
6
CONTINUOUS
10
-0.6127609448818897
20
3.3899303149606297
11
-0.6127684645669291
21
3.3900361417322835
0
LINE
8
BLACK
6
CONTINUOUS
10
-0.6127684645669291
20
3.3900361417322835
11
-0.6128090551181102
21
3.3901341338582678
0
LINE
8
BLACK
6
CONTINUOUS
10
-0.6128090551181102
20
3.3901341338582678
11
-0.6128657874015748
21
3.3907101968503937
0
LINE
8
BLACK
6
CONTINUOUS
10
-0.6128657874015748
20
3.3907101968503937
11
-0.6128657874015748
21
3.4113325984251968
0
LINE
8
BLACK
6
CONTINUOUS
10
-0.6128657874015748
20
3.4113325984251968
11
-0.6128090551181102
21
3.4119086614173226
0
LINE
8
BLACK
6
CONTINUOUS
10
-0.6128090551181102
20
3.4119086614173226
11
-0.6123681496062992
21
3.4129730708661414
0
LINE
8
BLACK
6
CONTINUOUS
10
-0.6123681496062992
20
3.4129730708661414
11
-0.6115535039370079
21
3.4137877165354329
0
LINE
8
BLACK
6
CONTINUOUS
10
-0.6115535039370079
20
3.4137877165354329
11
-0.610489094488189
21
3.414228622047244
0
LINE
8
BLACK
6
CONTINUOUS
10
-0.610489094488189
20
3.414228622047244
11
-0.609336968503937
21
3.414228622047244
0
LINE
8
BLACK
6
CONTINUOUS
10
-0.609336968503937
20
3.414228622047244
11
-0.6082725590551181
21
3.4137877165354329
0
LINE
8
BLACK
6
CONTINUOUS
10
-0.6082725590551181
20
3.4137877165354329
11
-0.6074579133858268
21
3.4129730708661414
0
LINE
8
BLACK
6
CONTINUOUS
10
-0.6074579133858268
20
3.4129730708661414
11
-0.6070170078740157
21
3.4119086614173226
0
LINE
8
BLACK
6
CONTINUOUS
10
-0.6070170078740157
20
3.4119086614173226
11
-0.6069602755905512
21
3.4113325984251968
0
LINE
8
BLACK
6
CONTINUOUS
10
-0.6069602755905512
20
3.4113325984251968
11
-0.6069602755905512
21
3.3914072440944882
0
LINE
8
BLACK
6
CONTINUOUS
10
-0.6069602755905512
20
3.3914072440944882
11
-0.6058374409448819
21
3.3891614960629921
0
LINE
8
BLACK
6
CONTINUOUS
10
-0.6058374409448819
20
3.3891614960629921
11
-0.6035916929133858
21
3.3880386220472438
0
LINE
8
BLACK
6
CONTINUOUS
10
-0.6035916929133858
20
3.3880386220472438
11
-0.5993614960629922
21
3.3880386220472438
0
LINE
8
BLACK
6
CONTINUOUS
10
-0.5993614960629922
20
3.3880386220472438
11
-0.5966640551181103
21
3.3893873622047241
0
LINE
8
BLACK
6
CONTINUOUS
10
-0.5966640551181103
20
3.3893873622047241
11
-0.5959929133858267
21
3.3900585039370079
0
LINE
8
BLACK
6
CONTINUOUS
10
-0.5959929133858267
20
3.3900585039370079
11
-0.5959929133858267
21
3.4113325984251968
0
LINE
8
BLACK
6
CONTINUOUS
10
-0.5959929133858267
20
3.4113325984251968
11
-0.5959361811023622
21
3.4119086614173226
0
LINE
8
BLACK
6
CONTINUOUS
10
-0.5959361811023622
20
3.4119086614173226
11
-0.5954952755905512
21
3.4129730708661414
0
LINE
8
BLACK
6
CONTINUOUS
10
-0.5954952755905512
20
3.4129730708661414
11
-0.5946806299212598
21
3.4137877165354329
0
LINE
8
BLACK
6
CONTINUOUS
10
-0.5946806299212598
20
3.4137877165354329
11
-0.5936162204724409
21
3.414228622047244
0
LINE
8
BLACK
6
CONTINUOUS
10
-0.5936162204724409
20
3.414228622047244
11
-0.5924640944881889
21
3.414228622047244
0
LINE
8
BLACK
6
CONTINUOUS
10
-0.5924640944881889
20
3.414228622047244
11
-0.59139968503937
21
3.4137877165354329
0
LINE
8
BLACK
6
CONTINUOUS
10
-0.59139968503937
20
3.4137877165354329
11
-0.5905850393700788
21
3.4129730708661414
0
LINE
8
BLACK
6
CONTINUOUS
10
-0.5905850393700788
20
3.4129730708661414
11
-0.5901441338582677
21
3.4119086614173226
0
LINE
8
BLACK
6
CONTINUOUS
10
-0.5901441338582677
20
3.4119086614173226
11
-0.5900874015748031
21
3.4113325984251968
0
LINE
8
BLACK
6
CONTINUOUS
10
-0.5900874015748031
20
3.4113325984251968
11
-0.5900874015748031
21
3.3850858661417322
0
LINE
8
BLACK
6
CONTINUOUS
10
-0.5900874015748031
20
3.3850858661417322
11
-0.5901441338582677
21
3.3845098031496064
0
LINE
8
BLACK
6
CONTINUOUS
10
-0.5901441338582677
20
3.3845098031496064
11
-0.5905850393700788
21
3.3834453937007871
0
LINE
8
BLACK
6
CONTINUOUS
10
-0.5905850393700788
20
3.3834453937007871
11
-0.5911170472440945
21
3.3829133858267717
0
LINE
8
BLACK
6
CONTINUOUS
10
-0.5911170472440945
20
3.3829133858267717
11
-0.5709257874015747
21
3.3829133858267717
0
LINE
8
BLACK
6
CONTINUOUS
10
-0.5709257874015747
20
3.3829133858267717
11
-0.5737382283464567
21
3.3843196062992127
0
LINE
8
BLACK
6
CONTINUOUS
10
-0.5737382283464567
20
3.3843196062992127
11
-0.5738346062992126
21
3.384380275590551
0
LINE
8
BLACK
6
CONTINUOUS
10
-0.5738346062992126
20
3.384380275590551
11
-0.5738799999999999
21
3.3843953937007871
0
LINE
8
BLACK
6
CONTINUOUS
10
-0.5738799999999999
20
3.3843953937007871
11
-0.5739365748031496
21
3.3844444488188974
0
LINE
8
BLACK
6
CONTINUOUS
10
-0.5739365748031496
20
3.3844444488188974
11
-0.5742281102362204
21
3.3846279527559053
0
LINE
8
BLACK
6
CONTINUOUS
10
-0.5742281102362204
20
3.3846279527559053
11
-0.5744707874015748
21
3.3849077952755904
0
LINE
8
BLACK
6
CONTINUOUS
10
-0.5744707874015748
20
3.3849077952755904
11
-0.5747503937007874
21
3.3851502755905511
0
LINE
8
BLACK
6
CONTINUOUS
10
-0.5747503937007874
20
3.3851502755905511
11
-0.5749338976377952
21
3.3854417716535434
0
LINE
8
BLACK
6
CONTINUOUS
10
-0.5749338976377952
20
3.3854417716535434
11
-0.5749829527559055
21
3.3854983464566928
0
LINE
8
BLACK
6
CONTINUOUS
10
-0.5749829527559055
20
3.3854983464566928
11
-0.5749981102362205
21
3.3855438188976379
0
LINE
8
BLACK
6
CONTINUOUS
10
-0.5749981102362205
20
3.3855438188976379
11
-0.5750587401574803
21
3.3856401181102362
0
LINE
8
BLACK
6
CONTINUOUS
10
-0.5750587401574803
20
3.3856401181102362
11
-0.5769335039370078
21
3.3893896850393701
0
LINE
8
BLACK
6
CONTINUOUS
10
-0.5769335039370078
20
3.3893896850393701
11
-0.5771403937007874
21
3.3899303149606297
0
LINE
8
BLACK
6
CONTINUOUS
10
-0.5771403937007874
20
3.3899303149606297
11
-0.5771479133858267
21
3.3900361417322835
0
LINE
8
BLACK
6
CONTINUOUS
10
-0.5771479133858267
20
3.3900361417322835
11
-0.5771885039370078
21
3.3901341338582678
0
LINE
8
BLACK
6
CONTINUOUS
10
-0.5771885039370078
20
3.3901341338582678
11
-0.5772452362204724
21
3.3907101968503937
0
LINE
8
BLACK
6
CONTINUOUS
10
-0.5772452362204724
20
3.3907101968503937
11
-0.5772452362204724
21
3.4244559448818896
0
LINE
8
BLACK
6
CONTINUOUS
10
-0.5772452362204724
20
3.4244559448818896
11
-0.5771885039370078
21
3.4250320078740155
0
LINE
8
BLACK
6
CONTINUOUS
10
-0.5771885039370078
20
3.4250320078740155
11
-0.5767475984251969
21
3.4260964173228348
0
LINE
8
BLACK
6
CONTINUOUS
10
-0.5767475984251969
20
3.4260964173228348
11
-0.5759329527559055
21
3.4269110629921258
0
LINE
8
BLACK
6
CONTINUOUS
10
-0.5759329527559055
20
3.4269110629921258
11
-0.5748685433070866
21
3.4273519685039369
0
LINE
8
BLACK
6
CONTINUOUS
10
-0.5748685433070866
20
3.4273519685039369
11
-0.5737164173228346
21
3.4273519685039369
0
LINE
8
BLACK
6
CONTINUOUS
10
-0.5737164173228346
20
3.4273519685039369
11
-0.5726520078740157
21
3.4269110629921258
0
LINE
8
BLACK
6
CONTINUOUS
10
-0.5726520078740157
20
3.4269110629921258
11
-0.5718373622047244
21
3.4260964173228348
0
LINE
8
BLACK
6
CONTINUOUS
10
-0.5718373622047244
20
3.4260964173228348
11
-0.5713964566929134
21
3.4250320078740155
0
LINE
8
BLACK
6
CONTINUOUS
10
-0.5713964566929134
20
3.4250320078740155
11
-0.5713397244094488
21
3.4244559448818896
0
LINE
8
BLACK
6
CONTINUOUS
10
-0.5713397244094488
20
3.4244559448818896
11
-0.5713397244094488
21
3.3914072440944882
0
LINE
8
BLACK
6
CONTINUOUS
10
-0.5713397244094488
20
3.3914072440944882
11
-0.5702168897637795
21
3.3891614960629921
0
LINE
8
BLACK
6
CONTINUOUS
10
-0.5702168897637795
20
3.3891614960629921
11
-0.5673476771653543
21
3.3877268897637793
0
LINE
8
BLACK
6
CONTINUOUS
10
-0.5673476771653543
20
3.3877268897637793
11
-0.5668577952755905
21
3.3874185433070867
0
LINE
8
BLACK
6
CONTINUOUS
10
-0.5668577952755905
20
3.3874185433070867
11
-0.5661029527559055
21
3.3865481496062992
0
LINE
8
BLACK
6
CONTINUOUS
10
-0.5661029527559055
20
3.3865481496062992
11
-0.5657386220472441
21
3.3854551968503936
0
LINE
8
BLACK
6
CONTINUOUS
10
-0.5657386220472441
20
3.3854551968503936
11
-0.5658202755905511
21
3.3843059842519683
0
LINE
8
BLACK
6
CONTINUOUS
10
-0.5658202755905511
20
3.3843059842519683
11
-0.5663355511811023
21
3.3832754724409448
0
LINE
8
BLACK
6
CONTINUOUS
10
-0.5663355511811023
20
3.3832754724409448
11
-0.5667530314960629
21
3.3829133858267717
0
LINE
8
BLACK
6
CONTINUOUS
10
-0.5667530314960629
20
3.3829133858267717
11
-0.5521781102362204
21
3.3829133858267717
0
LINE
8
BLACK
6
CONTINUOUS
10
-0.5521781102362204
20
3.3829133858267717
11
-0.5549905511811023
21
3.3843196062992127
0
LINE
8
BLACK
6
CONTINUOUS
10
-0.5549905511811023
20
3.3843196062992127
11
-0.5550869291338583
21
3.384380275590551
0
LINE
8
BLACK
6
CONTINUOUS
10
-0.5550869291338583
20
3.384380275590551
11
-0.5551323228346456
21
3.3843953937007871
0
LINE
8
BLACK
6
CONTINUOUS
10
-0.5551323228346456
20
3.3843953937007871
11
-0.5551888976377952
21
3.3844444488188974
0
LINE
8
BLACK
6
CONTINUOUS
10
-0.5551888976377952
20
3.3844444488188974
11
-0.5554804330708661
21
3.3846279527559053
0
LINE
8
BLACK
6
CONTINUOUS
10
-0.5554804330708661
20
3.3846279527559053
11
-0.5557231102362205
21
3.3849077952755904
0
LINE
8
BLACK
6
CONTINUOUS
10
-0.5557231102362205
20
3.3849077952755904
11
-0.5560027165354331
21
3.3851502755905511
0
LINE
8
BLACK
6
CONTINUOUS
10
-0.5560027165354331
20
3.3851502755905511
11
-0.5561862204724409
21
3.3854417716535434
0
LINE
8
BLACK
6
CONTINUOUS
10
-0.5561862204724409
20
3.3854417716535434
11
-0.5562352755905512
21
3.3854983464566928
0
LINE
8
BLACK
6
CONTINUOUS
10
-0.5562352755905512
20
3.3854983464566928
11
-0.5562504330708661
21
3.3855438188976379
0
LINE
8
BLACK
6
CONTINUOUS
10
-0.5562504330708661
20
3.3855438188976379
11
-0.556311062992126
21
3.3856401181102362
0
LINE
8
BLACK
6
CONTINUOUS
10
-0.556311062992126
20
3.3856401181102362
11
-0.5581858267716535
21
3.3893896850393701
0
LINE
8
BLACK
6
CONTINUOUS
10
-0.5581858267716535
20
3.3893896850393701
11
-0.5583927165354331
21
3.3899303149606297
0
LINE
8
BLACK
6
CONTINUOUS
10
-0.5583927165354331
20
3.3899303149606297
11
-0.5584002362204724
21
3.3900361417322835
0
LINE
8
BLACK
6
CONTINUOUS
10
-0.5584002362204724
20
3.3900361417322835
11
-0.5584408267716535
21
3.3901341338582678
0
LINE
8
BLACK
6
CONTINUOUS
10
-0.5584408267716535
20
3.3901341338582678
11
-0.5584975590551181
21
3.3907101968503937
0
LINE
8
BLACK
6
CONTINUOUS
10
-0.5584975590551181
20
3.3907101968503937
11
-0.5584975590551181
21
3.4057083070866141
0
LINE
8
BLACK
6
CONTINUOUS
10
-0.5584975590551181
20
3.4057083070866141
11
-0.5584408267716535
21
3.40628437007874
0
LINE
8
BLACK
6
CONTINUOUS
10
-0.5584408267716535
20
3.40628437007874
11
-0.5584002362204724
21
3.406382401574803
0
LINE
8
BLACK
6
CONTINUOUS
10
-0.5584002362204724
20
3.406382401574803
11
-0.5583927165354331
21
3.4064881889763781
0
LINE
8
BLACK
6
CONTINUOUS
10
-0.5583927165354331
20
3.4064881889763781
11
-0.5581858267716535
21
3.4070288188976376
0
LINE
8
BLACK
6
CONTINUOUS
10
-0.5581858267716535
20
3.4070288188976376
11
-0.556311062992126
21
3.4107783464566928
0
LINE
8
BLACK
6
CONTINUOUS
10
-0.556311062992126
20
3.4107783464566928
11
-0.5562504330708661
21
3.4108747244094486
0
LINE
8
BLACK
6
CONTINUOUS
10
-0.5562504330708661
20
3.4108747244094486
11
-0.5562352755905512
21
3.4109201181102362
0
LINE
8
BLACK
6
CONTINUOUS
10
-0.5562352755905512
20
3.4109201181102362
11
-0.5561862598425197
21
3.4109766929133856
0
LINE
8
BLACK
6
CONTINUOUS
10
-0.5561862598425197
20
3.4109766929133856
11
-0.5560027165354331
21
3.4112682283464566
0
LINE
8
BLACK
6
CONTINUOUS
10
-0.5560027165354331
20
3.4112682283464566
11
-0.5557230314960629
21
3.4115108267716536
0
LINE
8
BLACK
6
CONTINUOUS
10
-0.5557230314960629
20
3.4115108267716536
11
-0.5554804330708661
21
3.4117905118110237
0
LINE
8
BLACK
6
CONTINUOUS
10
-0.5554804330708661
20
3.4117905118110237
11
-0.5551888976377952
21
3.4119740551181104
0
LINE
8
BLACK
6
CONTINUOUS
10
-0.5551888976377952
20
3.4119740551181104
11
-0.5551323228346456
21
3.4120230708661419
0
LINE
8
BLACK
6
CONTINUOUS
10
-0.5551323228346456
20
3.4120230708661419
11
-0.5550869291338583
21
3.4120382283464568
0
LINE
8
BLACK
6
CONTINUOUS
10
-0.5550869291338583
20
3.4120382283464568
11
-0.5549905511811023
21
3.4120988582677163
0
LINE
8
BLACK
6
CONTINUOUS
10
-0.5549905511811023
20
3.4120988582677163
11
-0.5512410236220472
21
3.4139736220472439
0
LINE
8
BLACK
6
CONTINUOUS
10
-0.5512410236220472
20
3.4139736220472439
11
-0.5507004330708661
21
3.4141805118110233
0
LINE
8
BLACK
6
CONTINUOUS
10
-0.5507004330708661
20
3.4141805118110233
11
-0.5505945669291339
21
3.4141880708661416
0
LINE
8
BLACK
6
CONTINUOUS
10
-0.5505945669291339
20
3.4141880708661416
11
-0.5504965748031496
21
3.414228622047244
0
LINE
8
BLACK
6
CONTINUOUS
10
-0.5504965748031496
20
3.414228622047244
11
-0.5499205118110236
21
3.4142853543307088
0
LINE
8
BLACK
6
CONTINUOUS
10
-0.5499205118110236
20
3.4142853543307088
11
-0.5424214566929134
21
3.4142853543307088
0
LINE
8
BLACK
6
CONTINUOUS
10
-0.5424214566929134
20
3.4142853543307088
11
-0.5418453937007874
21
3.414228622047244
0
LINE
8
BLACK
6
CONTINUOUS
10
-0.5418453937007874
20
3.414228622047244
11
-0.5417474015748032
21
3.4141880314960629
0
LINE
8
BLACK
6
CONTINUOUS
10
-0.5417474015748032
20
3.4141880314960629
11
-0.5416415748031496
21
3.4141805118110233
0
LINE
8
BLACK
6
CONTINUOUS
10
-0.5416415748031496
20
3.4141805118110233
11
-0.5411009448818898
21
3.4139736220472439
0
LINE
8
BLACK
6
CONTINUOUS
10
-0.5411009448818898
20
3.4139736220472439
11
-0.5373514173228346
21
3.4120988582677163
0
LINE
8
BLACK
6
CONTINUOUS
10
-0.5373514173228346
20
3.4120988582677163
11
-0.5372550787401574
21
3.4120382283464568
0
LINE
8
BLACK
6
CONTINUOUS
10
-0.5372550787401574
20
3.4120382283464568
11
-0.5372096456692913
21
3.4120230708661419
0
LINE
8
BLACK
6
CONTINUOUS
10
-0.5372096456692913
20
3.4120230708661419
11
-0.5371531102362205
21
3.4119740551181104
0
LINE
8
BLACK
6
CONTINUOUS
10
-0.5371531102362205
20
3.4119740551181104
11
-0.5368615354330708
21
3.4117905118110237
0
LINE
8
BLACK
6
CONTINUOUS
10
-0.5368615354330708
20
3.4117905118110237
11
-0.5366189763779527
21
3.4115108267716536
0
LINE
8
BLACK
6
CONTINUOUS
10
-0.5366189763779527
20
3.4115108267716536
11
-0.536339251968504
21
3.4112682283464566
0
LINE
8
BLACK
6
CONTINUOUS
10
-0.536339251968504
20
3.4112682283464566
11
-0.536155748031496
21
3.4109766929133856
0
LINE
8
BLACK
6
CONTINUOUS
10
-0.536155748031496
20
3.4109766929133856
11
-0.5361066929133859
21
3.4109201181102362
0
LINE
8
BLACK
6
CONTINUOUS
10
-0.5361066929133859
20
3.4109201181102362
11
-0.5360915748031496
21
3.4108747244094486
0
LINE
8
BLACK
6
CONTINUOUS
10
-0.5360915748031496
20
3.4108747244094486
11
-0.536030905511811
21
3.4107783464566928
0
LINE
8
BLACK
6
CONTINUOUS
10
-0.536030905511811
20
3.4107783464566928
11
-0.5341561417322834
21
3.4070288188976376
0
LINE
8
BLACK
6
CONTINUOUS
10
-0.5341561417322834
20
3.4070288188976376
11
-0.533949251968504
21
3.4064882283464568
0
LINE
8
BLACK
6
CONTINUOUS
10
-0.533949251968504
20
3.4064882283464568
11
-0.5339417322834645
21
3.4063823622047242
0
LINE
8
BLACK
6
CONTINUOUS
10
-0.5339417322834645
20
3.4063823622047242
11
-0.5339011417322834
21
3.40628437007874
0
LINE
8
BLACK
6
CONTINUOUS
10
-0.5339011417322834
20
3.40628437007874
11
-0.5338444094488188
21
3.4057083070866141
0
LINE
8
BLACK
6
CONTINUOUS
10
-0.5338444094488188
20
3.4057083070866141
11
-0.5338444094488188
21
3.401958779527559
0
LINE
8
BLACK
6
CONTINUOUS
10
-0.5338444094488188
20
3.401958779527559
11
-0.5339011417322834
21
3.4013827165354331
0
LINE
8
BLACK
6
CONTINUOUS
10
-0.5339011417322834
20
3.4013827165354331
11
-0.5340119291338583
21
3.4011153543307087
0
LINE
8
BLACK
6
CONTINUOUS
10
-0.5340119291338583
20
3.4011153543307087
11
-0.534068031496063
21
3.4008316535433072
0
LINE
8
BLACK
6
CONTINUOUS
10
-0.534068031496063
20
3.4008316535433072
11
-0.5342301181102362
21
3.4005885433070864
0
LINE
8
BLACK
6
CONTINUOUS
10
-0.5342301181102362
20
3.4005885433070864
11
-0.5343420472440945
21
3.4003183070866143
0
LINE
8
BLACK
6
CONTINUOUS
10
-0.5343420472440945
20
3.4003183070866143
11
-0.5345466929133859
21
3.4001136614173229
0
LINE
8
BLACK
6
CONTINUOUS
10
-0.5345466929133859
20
3.4001136614173229
11
-0.5347070866141732
21
3.3998730708661418
0
LINE
8
BLACK
6
CONTINUOUS
10
-0.5347070866141732
20
3.3998730708661418
11
-0.5349499212598425
21
3.3997104724409448
0
LINE
8
BLACK
6
CONTINUOUS
10
-0.5349499212598425
20
3.3997104724409448
11
-0.5351566929133859
21
3.3995036614173229
0
LINE
8
BLACK
6
CONTINUOUS
10
-0.5351566929133859
20
3.3995036614173229
11
-0.5354239763779527
21
3.3993929527559055
0
LINE
8
BLACK
6
CONTINUOUS
10
-0.5354239763779527
20
3.3993929527559055
11
-0.5356643307086614
21
3.3992319685039369
0
LINE
8
BLACK
6
CONTINUOUS
10
-0.5356643307086614
20
3.3992319685039369
11
-0.5362181102362205
21
3.3990633464566931
0
LINE
8
BLACK
6
CONTINUOUS
10
-0.5362181102362205
20
3.3990633464566931
11
-0.5525920472440945
21
3.3957885826771652
0
LINE
8
BLACK
6
CONTINUOUS
10
-0.5525920472440945
20
3.3957885826771652
11
-0.5525920472440945
21
3.3914072440944882
0
LINE
8
BLACK
6
CONTINUOUS
10
-0.5525920472440945
20
3.3914072440944882
11
-0.5514692125984252
21
3.3891614960629921
0
LINE
8
BLACK
6
CONTINUOUS
10
-0.5514692125984252
20
3.3891614960629921
11
-0.5492234645669292
21
3.3880386220472438
0
LINE
8
BLACK
6
CONTINUOUS
10
-0.5492234645669292
20
3.3880386220472438
11
-0.5431185039370079
21
3.3880386220472438
0
LINE
8
BLACK
6
CONTINUOUS
10
-0.5431185039370079
20
3.3880386220472438
11
-0.5399924409448819
21
3.3896016535433069
0
LINE
8
BLACK
6
CONTINUOUS
10
-0.5399924409448819
20
3.3896016535433069
11
-0.5394518503937008
21
3.3898085433070864
0
LINE
8
BLACK
6
CONTINUOUS
10
-0.5394518503937008
20
3.3898085433070864
11
-0.5383026377952755
21
3.3898901968503936
0
LINE
8
BLACK
6
CONTINUOUS
10
-0.5383026377952755
20
3.3898901968503936
11
-0.5372096456692913
21
3.389525866141732
0
LINE
8
BLACK
6
CONTINUOUS
10
-0.5372096456692913
20
3.389525866141732
11
-0.5363392913385827
21
3.3887710236220472
0
LINE
8
BLACK
6
CONTINUOUS
10
-0.5363392913385827
20
3.3887710236220472
11
-0.5358240157480315
21
3.3877405118110238
0
LINE
8
BLACK
6
CONTINUOUS
10
-0.5358240157480315
20
3.3877405118110238
11
-0.5357423622047244
21
3.3865912992125984
0
LINE
8
BLACK
6
CONTINUOUS
10
-0.5357423622047244
20
3.3865912992125984
11
-0.5361066929133859
21
3.3854983464566928
0
LINE
8
BLACK
6
CONTINUOUS
10
-0.5361066929133859
20
3.3854983464566928
11
-0.5368615354330708
21
3.3846279527559053
0
LINE
8
BLACK
6
CONTINUOUS
10
-0.5368615354330708
20
3.3846279527559053
11
-0.5373514173228346
21
3.3843196062992127
0
LINE
8
BLACK
6
CONTINUOUS
10
-0.5373514173228346
20
3.3843196062992127
11
-0.5401638582677165
21
3.3829133858267717
0
LINE
8
BLACK
6
CONTINUOUS
10
-0.5401638582677165
20
3.3829133858267717
11
-0.3832677165354331
21
3.3829133858267717
0
LINE
8
BLACK
6
CONTINUOUS
10
-0.3832677165354331
20
3.3829133858267717
11
-0.3832677165354331
21
3.6390316535433072
0
LINE
8
BLACK
6
CONTINUOUS
10
-0.3832677165354331
20
3.6390316535433072
11
-0.4233020866141732
21
3.6181910629921261
0
LINE
8
BLACK
6
CONTINUOUS
10
-0.4233020866141732
20
3.6181910629921261
11
-0.4238392519685039
21
3.6179753937007875
0
LINE
8
BLACK
6
CONTINUOUS
10
-0.4238392519685039
20
3.6179753937007875
11
-0.424986968503937
21
3.6178749999999997
0
LINE
8
BLACK
6
CONTINUOUS
10
-0.424986968503937
20
3.6178749999999997
11
-0.4260857480314961
21
3.6182214173228346
0
LINE
8
BLACK
6
CONTINUOUS
10
-0.4260857480314961
20
3.6182214173228346
11
-0.4269683070866142
21
3.6189619685039371
0
LINE
8
BLACK
6
CONTINUOUS
10
-0.4269683070866142
20
3.6189619685039371
11
-0.4275003149606299
21
3.6199839370078739
0
LINE
8
BLACK
6
CONTINUOUS
10
-0.4275003149606299
20
3.6199839370078739
11
-0.4276007086614173
21
3.6211316535433071
0
LINE
8
BLACK
6
CONTINUOUS
10
-0.4276007086614173
20
3.6211316535433071
11
-0.4272542913385827
21
3.6222304330708659
0
LINE
8
BLACK
6
CONTINUOUS
10
-0.4272542913385827
20
3.6222304330708659
11
-0.4265137401574803
21
3.6231129921259844
0
LINE
8
BLACK
6
CONTINUOUS
10
-0.4265137401574803
20
3.6231129921259844
11
-0.426028937007874
21
3.6234293307086611
0
LINE
8
BLACK
6
CONTINUOUS
10
-0.426028937007874
20
3.6234293307086611
11
-0.3923818897637795
21
3.6409448818897636
0
LINE
8
BLACK
6
CONTINUOUS
10
-0.3923818897637795
20
3.6409448818897636
11
-0.768248031496063
21
3.6409448818897636
0
LINE
8
BLACK
6
CONTINUOUS
10
-0.7300237007874015
20
3.4070311023622049
11
-0.7306948031496063
21
3.4063599999999998
0
LINE
8
BLACK
6
CONTINUOUS
10
-0.7306948031496063
20
3.4063599999999998
11
-0.7306948031496063
21
3.3850858661417322
0
LINE
8
BLACK
6
CONTINUOUS
10
-0.7306948031496063
20
3.3850858661417322
11
-0.7307515354330708
21
3.3845098031496064
0
LINE
8
BLACK
6
CONTINUOUS
10
-0.7307515354330708
20
3.3845098031496064
11
-0.7311924409448819
21
3.3834453937007871
0
LINE
8
BLACK
6
CONTINUOUS
10
-0.7311924409448819
20
3.3834453937007871
11
-0.7317244488188976
21
3.3829133858267717
0
LINE
8
BLACK
6
CONTINUOUS
10
-0.7317244488188976
20
3.3829133858267717
11
-0.7186977952755905
21
3.3829133858267717
0
LINE
8
BLACK
6
CONTINUOUS
10
-0.7186977952755905
20
3.3829133858267717
11
-0.7192298031496063
21
3.3834453937007871
0
LINE
8
BLACK
6
CONTINUOUS
10
-0.7192298031496063
20
3.3834453937007871
11
-0.7196707086614174
21
3.3845098031496064
0
LINE
8
BLACK
6
CONTINUOUS
10
-0.7196707086614174
20
3.3845098031496064
11
-0.7197274409448818
21
3.3850858661417322
0
LINE
8
BLACK
6
CONTINUOUS
10
-0.7197274409448818
20
3.3850858661417322
11
-0.7197274409448818
21
3.4050112598425195
0
LINE
8
BLACK
6
CONTINUOUS
10
-0.7197274409448818
20
3.4050112598425195
11
-0.7208503149606299
21
3.4072570078740156
0
LINE
8
BLACK
6
CONTINUOUS
10
-0.7208503149606299
20
3.4072570078740156
11
-0.7230960236220473
21
3.4083798425196852
0
LINE
8
BLACK
6
CONTINUOUS
10
-0.7230960236220473
20
3.4083798425196852
11
-0.7273262204724409
21
3.4083798425196852
0
LINE
8
BLACK
6
CONTINUOUS
10
-0.7273262204724409
20
3.4083798425196852
11
-0.7300237007874015
21
3.4070311023622049
0
LINE
8
BLACK
6
CONTINUOUS
10
-0.7126990944881889
20
3.4072570078740156
11
-0.7138219291338582
21
3.4050112598425195
0
LINE
8
BLACK
6
CONTINUOUS
10
-0.7138219291338582
20
3.4050112598425195
11
-0.7138219291338582
21
3.3850858661417322
0
LINE
8
BLACK
6
CONTINUOUS
10
-0.7138219291338582
20
3.3850858661417322
11
-0.7138786614173228
21
3.3845098031496064
0
LINE
8
BLACK
6
CONTINUOUS
10
-0.7138786614173228
20
3.3845098031496064
11
-0.7143195669291338
21
3.3834453937007871
0
LINE
8
BLACK
6
CONTINUOUS
10
-0.7143195669291338
20
3.3834453937007871
11
-0.7148515748031495
21
3.3829133858267717
0
LINE
8
BLACK
6
CONTINUOUS
10
-0.7148515748031495
20
3.3829133858267717
11
-0.7018248818897638
21
3.3829133858267717
0
LINE
8
BLACK
6
CONTINUOUS
10
-0.7018248818897638
20
3.3829133858267717
11
-0.7023568897637795
21
3.3834453937007871
0
LINE
8
BLACK
6
CONTINUOUS
10
-0.7023568897637795
20
3.3834453937007871
11
-0.7027977952755905
21
3.3845098031496064
0
LINE
8
BLACK
6
CONTINUOUS
10
-0.7027977952755905
20
3.3845098031496064
11
-0.7028545275590551
21
3.3850858661417322
0
LINE
8
BLACK
6
CONTINUOUS
10
-0.7028545275590551
20
3.3850858661417322
11
-0.7028545275590551
21
3.4050112598425195
0
LINE
8
BLACK
6
CONTINUOUS
10
-0.7028545275590551
20
3.4050112598425195
11
-0.7039774015748032
21
3.4072570078740156
0
LINE
8
BLACK
6
CONTINUOUS
10
-0.7039774015748032
20
3.4072570078740156
11
-0.7062231496062992
21
3.4083798425196852
0
LINE
8
BLACK
6
CONTINUOUS
10
-0.7062231496062992
20
3.4083798425196852
11
-0.7104533464566929
21
3.4083798425196852
0
LINE
8
BLACK
6
CONTINUOUS
10
-0.7104533464566929
20
3.4083798425196852
11
-0.7126990944881889
21
3.4072570078740156
0
LINE
8
BLACK
6
CONTINUOUS
10
-0.5964068897637795
20
3.3829133858267717
11
-0.5949632677165354
21
3.3829133858267717
0
LINE
8
BLACK
6
CONTINUOUS
10
-0.5949632677165354
20
3.3829133858267717
11
-0.5954444881889763
21
3.3833946062992126
0
LINE
8
BLACK
6
CONTINUOUS
10
-0.5954444881889763
20
3.3833946062992126
11
-0.5964068897637795
21
3.3829133858267717
0
LINE
8
BLACK
6
CONTINUOUS
10
-0.9728377559055118
20
3.3972361023622049
11
-0.9729435826771653
21
3.3972286220472441
0
LINE
8
BLACK
6
CONTINUOUS
10
-0.9729435826771653
20
3.3972286220472441
11
-0.9730415748031496
21
3.3971879921259842
0
LINE
8
BLACK
6
CONTINUOUS
10
-0.9730415748031496
20
3.3971879921259842
11
-0.9736176377952755
21
3.3971312598425194
0
LINE
8
BLACK
6
CONTINUOUS
10
-0.9736176377952755
20
3.3971312598425194
11
-0.9797489763779528
21
3.3971312598425194
0
LINE
8
BLACK
6
CONTINUOUS
10
-0.9797489763779528
20
3.3971312598425194
11
-0.9802900787401575
21
3.396907125984252
0
LINE
8
BLACK
6
CONTINUOUS
10
-0.9802900787401575
20
3.396907125984252
11
-0.9814422047244095
21
3.396907125984252
0
LINE
8
BLACK
6
CONTINUOUS
10
-0.9814422047244095
20
3.396907125984252
11
-0.9819833070866142
21
3.3971312598425194
0
LINE
8
BLACK
6
CONTINUOUS
10
-0.9819833070866142
20
3.3971312598425194
11
-0.9822944094488189
21
3.3971312598425194
0
LINE
8
BLACK
6
CONTINUOUS
10
-0.9822944094488189
20
3.3971312598425194
11
-0.984540157480315
21
3.3960084251968503
0
LINE
8
BLACK
6
CONTINUOUS
10
-0.984540157480315
20
3.3960084251968503
11
-0.9856629921259842
21
3.3937626771653542
0
LINE
8
BLACK
6
CONTINUOUS
10
-0.9856629921259842
20
3.3937626771653542
11
-0.9856629921259842
21
3.3914072440944882
0
LINE
8
BLACK
6
CONTINUOUS
10
-0.9856629921259842
20
3.3914072440944882
11
-0.984540157480315
21
3.3891614960629921
0
LINE
8
BLACK
6
CONTINUOUS
10
-0.984540157480315
20
3.3891614960629921
11
-0.9822944094488189
21
3.3880386220472438
0
LINE
8
BLACK
6
CONTINUOUS
10
-0.9822944094488189
20
3.3880386220472438
11
-0.97431468503937
21
3.3880386220472438
0
LINE
8
BLACK
6
CONTINUOUS
10
-0.97431468503937
20
3.3880386220472438
11
-0.9728208661417322
21
3.3887855511811025
0
LINE
8
BLACK
6
CONTINUOUS
10
-0.9728208661417322
20
3.3887855511811025
11
-0.9728208661417322
21
3.3972425984251968
0
LINE
8
BLACK
6
CONTINUOUS
10
-0.9728208661417322
20
3.3972425984251968
11
-0.9728377559055118
21
3.3972361023622049
0
LINE
8
BLACK
6
CONTINUOUS
10
-0.9474965748031496
20
3.4070311023622049
11
-0.9486937007874016
21
3.4058339763779526
0
LINE
8
BLACK
6
CONTINUOUS
10
-0.9486937007874016
20
3.4058339763779526
11
-0.9500424409448819
21
3.403136496062992
0
LINE
8
BLACK
6
CONTINUOUS
10
-0.9500424409448819
20
3.403136496062992
11
-0.9500424409448819
21
3.3932820078740158
0
LINE
8
BLACK
6
CONTINUOUS
10
-0.9500424409448819
20
3.3932820078740158
11
-0.9486937007874016
21
3.3905845275590552
0
LINE
8
BLACK
6
CONTINUOUS
10
-0.9486937007874016
20
3.3905845275590552
11
-0.9474965748031496
21
3.3893873622047241
0
LINE
8
BLACK
6
CONTINUOUS
10
-0.9474965748031496
20
3.3893873622047241
11
-0.944799094488189
21
3.3880386220472438
0
LINE
8
BLACK
6
CONTINUOUS
10
-0.944799094488189
20
3.3880386220472438
11
-0.9386941338582677
21
3.3880386220472438
0
LINE
8
BLACK
6
CONTINUOUS
10
-0.9386941338582677
20
3.3880386220472438
11
-0.9372003149606299
21
3.3887855511811025
0
LINE
8
BLACK
6
CONTINUOUS
10
-0.9372003149606299
20
3.3887855511811025
11
-0.9372003149606299
21
3.4076329527559053
0
LINE
8
BLACK
6
CONTINUOUS
10
-0.9372003149606299
20
3.4076329527559053
11
-0.9386941338582677
21
3.4083798425196852
0
LINE
8
BLACK
6
CONTINUOUS
10
-0.9386941338582677
20
3.4083798425196852
11
-0.944799094488189
21
3.4083798425196852
0
LINE
8
BLACK
6
CONTINUOUS
10
-0.944799094488189
20
3.4083798425196852
11
-0.9474965748031496
21
3.4070311023622049
0
LINE
8
BLACK
6
CONTINUOUS
10
-0.9015966535433071
20
3.3972361023622049
11
-0.9017024803149606
21
3.3972286220472441
0
LINE
8
BLACK
6
CONTINUOUS
10
-0.9017024803149606
20
3.3972286220472441
11
-0.9018004724409449
21
3.3971879921259842
0
LINE
8
BLACK
6
CONTINUOUS
10
-0.9018004724409449
20
3.3971879921259842
11
-0.9023765354330708
21
3.3971312598425194
0
LINE
8
BLACK
6
CONTINUOUS
10
-0.9023765354330708
20
3.3971312598425194
11
-0.9110533070866141
21
3.3971312598425194
0
LINE
8
BLACK
6
CONTINUOUS
10
-0.9110533070866141
20
3.3971312598425194
11
-0.9132990551181103
21
3.3960084251968503
0
LINE
8
BLACK
6
CONTINUOUS
10
-0.9132990551181103
20
3.3960084251968503
11
-0.9144218897637795
21
3.3937626771653542
0
LINE
8
BLACK
6
CONTINUOUS
10
-0.9144218897637795
20
3.3937626771653542
11
-0.9144218897637795
21
3.3914072440944882
0
LINE
8
BLACK
6
CONTINUOUS
10
-0.9144218897637795
20
3.3914072440944882
11
-0.9132990551181103
21
3.3891614960629921
0
LINE
8
BLACK
6
CONTINUOUS
10
-0.9132990551181103
20
3.3891614960629921
11
-0.9110533070866141
21
3.3880386220472438
0
LINE
8
BLACK
6
CONTINUOUS
10
-0.9110533070866141
20
3.3880386220472438
11
-0.9030735826771653
21
3.3880386220472438
0
LINE
8
BLACK
6
CONTINUOUS
10
-0.9030735826771653
20
3.3880386220472438
11
-0.9015797637795275
21
3.3887855511811025
0
LINE
8
BLACK
6
CONTINUOUS
10
-0.9015797637795275
20
3.3887855511811025
11
-0.9015797637795275
21
3.3972425984251968
0
LINE
8
BLACK
6
CONTINUOUS
10
-0.9015797637795275
20
3.3972425984251968
11
-0.9015966535433071
21
3.3972361023622049
0
LINE
8
BLACK
6
CONTINUOUS
10
-0.8769265748031496
20
3.4076329527559053
11
-0.8769265748031496
21
3.3887855511811025
0
LINE
8
BLACK
6
CONTINUOUS
10
-0.8769265748031496
20
3.3887855511811025
11
-0.8754327559055118
21
3.3880386220472438
0
LINE
8
BLACK
6
CONTINUOUS
10
-0.8754327559055118
20
3.3880386220472438
11
-0.8693277952755906
21
3.3880386220472438
0
LINE
8
BLACK
6
CONTINUOUS
10
-0.8693277952755906
20
3.3880386220472438
11
-0.8666303543307087
21
3.3893873622047241
0
LINE
8
BLACK
6
CONTINUOUS
10
-0.8666303543307087
20
3.3893873622047241
11
-0.8654332283464566
21
3.3905845275590552
0
LINE
8
BLACK
6
CONTINUOUS
10
-0.8654332283464566
20
3.3905845275590552
11
-0.8640844488188976
21
3.3932820078740158
0
LINE
8
BLACK
6
CONTINUOUS
10
-0.8640844488188976
20
3.3932820078740158
11
-0.8640844488188976
21
3.403136496062992
0
LINE
8
BLACK
6
CONTINUOUS
10
-0.8640844488188976
20
3.403136496062992
11
-0.8654331889763779
21
3.4058339763779526
0
LINE
8
BLACK
6
CONTINUOUS
10
-0.8654331889763779
20
3.4058339763779526
11
-0.8666303149606299
21
3.4070311023622049
0
LINE
8
BLACK
6
CONTINUOUS
10
-0.8666303149606299
20
3.4070311023622049
11
-0.8693277952755906
21
3.4083798425196852
0
LINE
8
BLACK
6
CONTINUOUS
10
-0.8693277952755906
20
3.4083798425196852
11
-0.8754327559055118
21
3.4083798425196852
0
LINE
8
BLACK
6
CONTINUOUS
10
-0.8754327559055118
20
3.4083798425196852
11
-0.8769265748031496
21
3.4076329527559053
0
LINE
8
BLACK
6
CONTINUOUS
10
-0.6775302755905511
20
3.4070311023622049
11
-0.6787274015748032
21
3.4058339763779526
0
LINE
8
BLACK
6
CONTINUOUS
10
-0.6787274015748032
20
3.4058339763779526
11
-0.6800761417322835
21
3.403136496062992
0
LINE
8
BLACK
6
CONTINUOUS
10
-0.6800761417322835
20
3.403136496062992
11
-0.6800761417322835
21
3.3932820078740158
0
LINE
8
BLACK
6
CONTINUOUS
10
-0.6800761417322835
20
3.3932820078740158
11
-0.6787274015748032
21
3.3905845275590552
0
LINE
8
BLACK
6
CONTINUOUS
10
-0.6787274015748032
20
3.3905845275590552
11
-0.6775302755905511
21
3.3893873622047241
0
LINE
8
BLACK
6
CONTINUOUS
10
-0.6775302755905511
20
3.3893873622047241
11
-0.6748327952755906
21
3.3880386220472438
0
LINE
8
BLACK
6
CONTINUOUS
10
-0.6748327952755906
20
3.3880386220472438
11
-0.6706025984251969
21
3.3880386220472438
0
LINE
8
BLACK
6
CONTINUOUS
10
-0.6706025984251969
20
3.3880386220472438
11
-0.667905157480315
21
3.3893873622047241
0
LINE
8
BLACK
6
CONTINUOUS
10
-0.667905157480315
20
3.3893873622047241
11
-0.6667080314960629
21
3.3905845275590552
0
LINE
8
BLACK
6
CONTINUOUS
10
-0.6667080314960629
20
3.3905845275590552
11
-0.6653592519685039
21
3.3932820078740158
0
LINE
8
BLACK
6
CONTINUOUS
10
-0.6653592519685039
20
3.3932820078740158
11
-0.6653592519685039
21
3.403136496062992
0
LINE
8
BLACK
6
CONTINUOUS
10
-0.6653592519685039
20
3.403136496062992
11
-0.6667079921259842
21
3.4058339763779526
0
LINE
8
BLACK
6
CONTINUOUS
10
-0.6667079921259842
20
3.4058339763779526
11
-0.6679051181102362
21
3.4070311023622049
0
LINE
8
BLACK
6
CONTINUOUS
10
-0.6679051181102362
20
3.4070311023622049
11
-0.6706025984251969
21
3.4083798425196852
0
LINE
8
BLACK
6
CONTINUOUS
10
-0.6706025984251969
20
3.4083798425196852
11
-0.6748327952755906
21
3.4083798425196852
0
LINE
8
BLACK
6
CONTINUOUS
10
-0.6748327952755906
20
3.4083798425196852
11
-0.6775302755905511
21
3.4070311023622049
0
LINE
8
BLACK
6
CONTINUOUS
10
-0.6419097244094488
20
3.4070311023622049
11
-0.6431068503937007
21
3.4058339763779526
0
LINE
8
BLACK
6
CONTINUOUS
10
-0.6431068503937007
20
3.4058339763779526
11
-0.6444555905511811
21
3.403136496062992
0
LINE
8
BLACK
6
CONTINUOUS
10
-0.6444555905511811
20
3.403136496062992
11
-0.6444555905511811
21
3.3932820078740158
0
LINE
8
BLACK
6
CONTINUOUS
10
-0.6444555905511811
20
3.3932820078740158
11
-0.6431068503937007
21
3.3905845275590552
0
LINE
8
BLACK
6
CONTINUOUS
10
-0.6431068503937007
20
3.3905845275590552
11
-0.6419097244094488
21
3.3893873622047241
0
LINE
8
BLACK
6
CONTINUOUS
10
-0.6419097244094488
20
3.3893873622047241
11
-0.6392122440944882
21
3.3880386220472438
0
LINE
8
BLACK
6
CONTINUOUS
10
-0.6392122440944882
20
3.3880386220472438
11
-0.6331072834645669
21
3.3880386220472438
0
LINE
8
BLACK
6
CONTINUOUS
10
-0.6331072834645669
20
3.3880386220472438
11
-0.6316134645669291
21
3.3887855511811025
0
LINE
8
BLACK
6
CONTINUOUS
10
-0.6316134645669291
20
3.3887855511811025
11
-0.6316134645669291
21
3.4076329527559053
0
LINE
8
BLACK
6
CONTINUOUS
10
-0.6316134645669291
20
3.4076329527559053
11
-0.6331072834645669
21
3.4083798425196852
0
LINE
8
BLACK
6
CONTINUOUS
10
-0.6331072834645669
20
3.4083798425196852
11
-0.6392122440944882
21
3.4083798425196852
0
LINE
8
BLACK
6
CONTINUOUS
10
-0.6392122440944882
20
3.4083798425196852
11
-0.6419097244094488
21
3.4070311023622049
0
LINE
8
BLACK
6
CONTINUOUS
10
-0.819560748031496
20
3.4072570078740156
11
-0.8206835826771653
21
3.4050112598425195
0
LINE
8
BLACK
6
CONTINUOUS
10
-0.8206835826771653
20
3.4050112598425195
11
-0.8206835826771653
21
3.4018110629921261
0
LINE
8
BLACK
6
CONTINUOUS
10
-0.8206835826771653
20
3.4018110629921261
11
-0.8078414566929134
21
3.4043794488188976
0
LINE
8
BLACK
6
CONTINUOUS
10
-0.8078414566929134
20
3.4043794488188976
11
-0.8078414566929134
21
3.4050112598425195
0
LINE
8
BLACK
6
CONTINUOUS
10
-0.8078414566929134
20
3.4050112598425195
11
-0.8089643307086614
21
3.4072570078740156
0
LINE
8
BLACK
6
CONTINUOUS
10
-0.8089643307086614
20
3.4072570078740156
11
-0.8112100393700787
21
3.4083798425196852
0
LINE
8
BLACK
6
CONTINUOUS
10
-0.8112100393700787
20
3.4083798425196852
11
-0.817315
21
3.4083798425196852
0
LINE
8
BLACK
6
CONTINUOUS
10
-0.817315
20
3.4083798425196852
11
-0.819560748031496
21
3.4072570078740156
0
LINE
8
BLACK
6
CONTINUOUS
10
-0.5514692125984252
20
3.4072570078740156
11
-0.5525920472440945
21
3.4050112598425195
0
LINE
8
BLACK
6
CONTINUOUS
10
-0.5525920472440945
20
3.4050112598425195
11
-0.5525920472440945
21
3.4018110629921261
0
LINE
8
BLACK
6
CONTINUOUS
10
-0.5525920472440945
20
3.4018110629921261
11
-0.5397499212598426
21
3.4043794488188976
0
LINE
8
BLACK
6
CONTINUOUS
10
-0.5397499212598426
20
3.4043794488188976
11
-0.5397499212598426
21
3.4050112598425195
0
LINE
8
BLACK
6
CONTINUOUS
10
-0.5397499212598426
20
3.4050112598425195
11
-0.5408727952755905
21
3.4072570078740156
0
LINE
8
BLACK
6
CONTINUOUS
10
-0.5408727952755905
20
3.4072570078740156
11
-0.5431185039370079
21
3.4083798425196852
0
LINE
8
BLACK
6
CONTINUOUS
10
-0.5431185039370079
20
3.4083798425196852
11
-0.5492234645669292
21
3.4083798425196852
0
LINE
8
BLACK
6
CONTINUOUS
10
-0.5492234645669292
20
3.4083798425196852
11
-0.5514692125984252
21
3.4072570078740156
0
LINE
8
BLACK
6
CONTINUOUS
10
-0.9779133858267717
20
3.403036771653543
11
-0.97431468503937
21
3.403036771653543
0
LINE
8
BLACK
6
CONTINUOUS
10
-0.97431468503937
20
3.403036771653543
11
-0.9728208661417322
21
3.4037837007874017
0
LINE
8
BLACK
6
CONTINUOUS
10
-0.9728208661417322
20
3.4037837007874017
11
-0.9728208661417322
21
3.4050112598425195
0
LINE
8
BLACK
6
CONTINUOUS
10
-0.9728208661417322
20
3.4050112598425195
11
-0.9739437401574803
21
3.4072570078740156
0
LINE
8
BLACK
6
CONTINUOUS
10
-0.9739437401574803
20
3.4072570078740156
11
-0.9761894488188976
21
3.4083798425196852
0
LINE
8
BLACK
6
CONTINUOUS
10
-0.9761894488188976
20
3.4083798425196852
11
-0.9779133858267717
21
3.4083798425196852
0
LINE
8
BLACK
6
CONTINUOUS
10
-0.9779133858267717
20
3.4083798425196852
11
-0.9779133858267717
21
3.403036771653543
0
LINE
8
BLACK
6
CONTINUOUS
10
-0.6567111417322834
20
-0.0571362204724409
11
-0.6566131496062992
21
-0.057176811023622
0
LINE
8
BLACK
6
CONTINUOUS
10
-0.6566131496062992
20
-0.057176811023622
11
-0.6565073228346456
21
-0.0571843307086614
0
LINE
8
BLACK
6
CONTINUOUS
10
-0.6565073228346456
20
-0.0571843307086614
11
-0.6559666929133858
21
-0.0573912204724409
0
LINE
8
BLACK
6
CONTINUOUS
10
-0.6559666929133858
20
-0.0573912204724409
11
-0.6522171653543307
21
-0.0592659842519685
0
LINE
8
BLACK
6
CONTINUOUS
10
-0.6522171653543307
20
-0.0592659842519685
11
-0.6519691732283465
21
-0.0594220472440945
0
LINE
8
BLACK
6
CONTINUOUS
10
-0.6519691732283465
20
-0.0594220472440945
11
-0.6518972047244095
21
-0.0594518897637795
0
LINE
8
BLACK
6
CONTINUOUS
10
-0.6518972047244095
20
-0.0594518897637795
11
-0.6518162598425197
21
-0.0595183464566929
0
LINE
8
BLACK
6
CONTINUOUS
10
-0.6518162598425197
20
-0.0595183464566929
11
-0.6517272834645669
21
-0.0595743307086614
0
LINE
8
BLACK
6
CONTINUOUS
10
-0.6517272834645669
20
-0.0595743307086614
11
-0.6516761417322835
21
-0.0596333070866142
0
LINE
8
BLACK
6
CONTINUOUS
10
-0.6516761417322835
20
-0.0596333070866142
11
-0.6514497637795276
21
-0.059819094488189
0
LINE
8
BLACK
6
CONTINUOUS
10
-0.6514497637795276
20
-0.059819094488189
11
-0.649575
21
-0.0616938582677165
0
LINE
8
BLACK
6
CONTINUOUS
10
-0.649575
20
-0.0616938582677165
11
-0.6493892519685039
21
-0.0619201968503937
0
LINE
8
BLACK
6
CONTINUOUS
10
-0.6493892519685039
20
-0.0619201968503937
11
-0.6493302362204725
21
-0.0619713779527559
0
LINE
8
BLACK
6
CONTINUOUS
10
-0.6493302362204725
20
-0.0619713779527559
11
-0.6492742913385826
21
-0.0620603149606299
0
LINE
8
BLACK
6
CONTINUOUS
10
-0.6492742913385826
20
-0.0620603149606299
11
-0.6492077952755906
21
-0.0621412992125984
0
LINE
8
BLACK
6
CONTINUOUS
10
-0.6492077952755906
20
-0.0621412992125984
11
-0.6491779921259843
21
-0.0622132283464567
0
LINE
8
BLACK
6
CONTINUOUS
10
-0.6491779921259843
20
-0.0622132283464567
11
-0.6490218897637795
21
-0.0624612598425197
0
LINE
8
BLACK
6
CONTINUOUS
10
-0.6490218897637795
20
-0.0624612598425197
11
-0.6471471259842519
21
-0.0662107874015748
0
LINE
8
BLACK
6
CONTINUOUS
10
-0.6471471259842519
20
-0.0662107874015748
11
-0.6469402362204725
21
-0.0667513779527559
0
LINE
8
BLACK
6
CONTINUOUS
10
-0.6469402362204725
20
-0.0667513779527559
11
-0.646932716535433
21
-0.0668572440944882
0
LINE
8
BLACK
6
CONTINUOUS
10
-0.646932716535433
20
-0.0668572440944882
11
-0.6468921259842519
21
-0.0669552362204724
0
LINE
8
BLACK
6
CONTINUOUS
10
-0.6468921259842519
20
-0.0669552362204724
11
-0.6468353937007874
21
-0.0675312992125984
0
LINE
8
BLACK
6
CONTINUOUS
10
-0.6468353937007874
20
-0.0675312992125984
11
-0.6468353937007874
21
-0.0712808267716535
0
LINE
8
BLACK
6
CONTINUOUS
10
-0.6468353937007874
20
-0.0712808267716535
11
-0.6468641338582677
21
-0.0715724015748031
0
LINE
8
BLACK
6
CONTINUOUS
10
-0.6468641338582677
20
-0.0715724015748031
11
-0.6468585826771653
21
-0.071650157480315
0
LINE
8
BLACK
6
CONTINUOUS
10
-0.6468585826771653
20
-0.071650157480315
11
-0.6468818503937007
21
-0.0717524015748031
0
LINE
8
BLACK
6
CONTINUOUS
10
-0.6468818503937007
20
-0.0717524015748031
11
-0.6468921259842519
21
-0.0718568897637795
0
LINE
8
BLACK
6
CONTINUOUS
10
-0.6468921259842519
20
-0.0718568897637795
11
-0.6469220078740158
21
-0.071928937007874
0
LINE
8
BLACK
6
CONTINUOUS
10
-0.6469220078740158
20
-0.071928937007874
11
-0.6469869291338582
21
-0.0722146062992126
0
LINE
8
BLACK
6
CONTINUOUS
10
-0.6469869291338582
20
-0.0722146062992126
11
-0.6488616929133858
21
-0.0778388582677165
0
LINE
8
BLACK
6
CONTINUOUS
10
-0.6488616929133858
20
-0.0778388582677165
11
-0.6490976771653543
21
-0.0783674409448819
0
LINE
8
BLACK
6
CONTINUOUS
10
-0.6490976771653543
20
-0.0783674409448819
11
-0.6491671653543307
21
-0.0784475196850394
0
LINE
8
BLACK
6
CONTINUOUS
10
-0.6491671653543307
20
-0.0784475196850394
11
-0.6492077559055118
21
-0.0785455905511811
0
LINE
8
BLACK
6
CONTINUOUS
10
-0.6492077559055118
20
-0.0785455905511811
11
-0.649575
21
-0.078993031496063
0
LINE
8
BLACK
6
CONTINUOUS
10
-0.649575
20
-0.078993031496063
11
-0.6670314960629921
21
-0.0964495669291339
0
LINE
8
BLACK
6
CONTINUOUS
10
-0.6670314960629921
20
-0.0964495669291339
11
-0.6497881496062992
21
-0.0964495669291339
0
LINE
8
BLACK
6
CONTINUOUS
10
-0.6497881496062992
20
-0.0964495669291339
11
-0.6492120866141732
21
-0.0965062992125984
0
LINE
8
BLACK
6
CONTINUOUS
10
-0.6492120866141732
20
-0.0965062992125984
11
-0.6481476771653543
21
-0.0969472047244094
0
LINE
8
BLACK
6
CONTINUOUS
10
-0.6481476771653543
20
-0.0969472047244094
11
-0.647333031496063
21
-0.0977618503937008
0
LINE
8
BLACK
6
CONTINUOUS
10
-0.647333031496063
20
-0.0977618503937008
11
-0.6468921259842519
21
-0.0988262598425197
0
LINE
8
BLACK
6
CONTINUOUS
10
-0.6468921259842519
20
-0.0988262598425197
11
-0.6468921259842519
21
-0.0999783858267717
0
LINE
8
BLACK
6
CONTINUOUS
10
-0.6468921259842519
20
-0.0999783858267717
11
-0.647333031496063
21
-0.1010427952755906
0
LINE
8
BLACK
6
CONTINUOUS
10
-0.647333031496063
20
-0.1010427952755906
11
-0.6481476771653543
21
-0.1018574409448819
0
LINE
8
BLACK
6
CONTINUOUS
10
-0.6481476771653543
20
-0.1018574409448819
11
-0.6492120866141732
21
-0.1022983464566929
0
LINE
8
BLACK
6
CONTINUOUS
10
-0.6492120866141732
20
-0.1022983464566929
11
-0.6497881496062992
21
-0.1023550787401575
0
LINE
8
BLACK
6
CONTINUOUS
10
-0.6497881496062992
20
-0.1023550787401575
11
-0.6741600787401575
21
-0.1023550787401575
0
LINE
8
BLACK
6
CONTINUOUS
10
-0.6741600787401575
20
-0.1023550787401575
11
-0.6747361417322835
21
-0.1022983464566929
0
LINE
8
BLACK
6
CONTINUOUS
10
-0.6747361417322835
20
-0.1022983464566929
11
-0.6758005511811024
21
-0.1018574409448819
0
LINE
8
BLACK
6
CONTINUOUS
10
-0.6758005511811024
20
-0.1018574409448819
11
-0.6766151968503937
21
-0.1010427952755906
0
LINE
8
BLACK
6
CONTINUOUS
10
-0.6766151968503937
20
-0.1010427952755906
11
-0.6770561023622047
21
-0.0999783858267717
0
LINE
8
BLACK
6
CONTINUOUS
10
-0.6770561023622047
20
-0.0999783858267717
11
-0.6770561023622047
21
-0.0988262598425197
0
LINE
8
BLACK
6
CONTINUOUS
10
-0.6770561023622047
20
-0.0988262598425197
11
-0.6766151968503937
21
-0.0977618503937008
0
LINE
8
BLACK
6
CONTINUOUS
10
-0.6766151968503937
20
-0.0977618503937008
11
-0.6762479921259842
21
-0.0973144094488189
0
LINE
8
BLACK
6
CONTINUOUS
10
-0.6762479921259842
20
-0.0973144094488189
11
-0.6542437401574803
21
-0.0753100787401575
0
LINE
8
BLACK
6
CONTINUOUS
10
-0.6542437401574803
20
-0.0753100787401575
11
-0.652740905511811
21
-0.0708016929133858
0
LINE
8
BLACK
6
CONTINUOUS
10
-0.652740905511811
20
-0.0708016929133858
11
-0.652740905511811
21
-0.0682283464566929
0
LINE
8
BLACK
6
CONTINUOUS
10
-0.652740905511811
20
-0.0682283464566929
11
-0.6540896456692913
21
-0.0655308661417323
0
LINE
8
BLACK
6
CONTINUOUS
10
-0.6540896456692913
20
-0.0655308661417323
11
-0.6552867716535433
21
-0.0643337401574803
0
LINE
8
BLACK
6
CONTINUOUS
10
-0.6552867716535433
20
-0.0643337401574803
11
-0.657984251968504
21
-0.062985
0
LINE
8
BLACK
6
CONTINUOUS
10
-0.657984251968504
20
-0.062985
11
-0.6659639763779528
21
-0.062985
0
LINE
8
BLACK
6
CONTINUOUS
10
-0.6659639763779528
20
-0.062985
11
-0.6686614566929133
21
-0.0643337401574803
0
LINE
8
BLACK
6
CONTINUOUS
10
-0.6686614566929133
20
-0.0643337401574803
11
-0.6701974015748031
21
-0.0658696850393701
0
LINE
8
BLACK
6
CONTINUOUS
10
-0.6701974015748031
20
-0.0658696850393701
11
-0.670644842519685
21
-0.0662368897637795
0
LINE
8
BLACK
6
CONTINUOUS
10
-0.670644842519685
20
-0.0662368897637795
11
-0.6717092913385827
21
-0.0666777952755905
0
LINE
8
BLACK
6
CONTINUOUS
10
-0.6717092913385827
20
-0.0666777952755905
11
-0.6728613385826772
21
-0.0666777952755905
0
LINE
8
BLACK
6
CONTINUOUS
10
-0.6728613385826772
20
-0.0666777952755905
11
-0.6739257874015748
21
-0.0662368897637795
0
LINE
8
BLACK
6
CONTINUOUS
10
-0.6739257874015748
20
-0.0662368897637795
11
-0.6747404330708662
21
-0.0654222440944882
0
LINE
8
BLACK
6
CONTINUOUS
10
-0.6747404330708662
20
-0.0654222440944882
11
-0.6751813385826771
21
-0.0643577952755905
0
LINE
8
BLACK
6
CONTINUOUS
10
-0.6751813385826771
20
-0.0643577952755905
11
-0.6751813385826771
21
-0.0632057480314961
0
LINE
8
BLACK
6
CONTINUOUS
10
-0.6751813385826771
20
-0.0632057480314961
11
-0.6747404330708662
21
-0.0621412992125984
0
LINE
8
BLACK
6
CONTINUOUS
10
-0.6747404330708662
20
-0.0621412992125984
11
-0.6743732283464566
21
-0.0616938582677165
0
LINE
8
BLACK
6
CONTINUOUS
10
-0.6743732283464566
20
-0.0616938582677165
11
-0.6724984645669291
21
-0.059819094488189
0
LINE
8
BLACK
6
CONTINUOUS
10
-0.6724984645669291
20
-0.059819094488189
11
-0.6722721259842519
21
-0.0596333070866142
0
LINE
8
BLACK
6
CONTINUOUS
10
-0.6722721259842519
20
-0.0596333070866142
11
-0.6722209448818898
21
-0.0595743307086614
0
LINE
8
BLACK
6
CONTINUOUS
10
-0.6722209448818898
20
-0.0595743307086614
11
-0.6721320078740157
21
-0.0595183464566929
0
LINE
8
BLACK
6
CONTINUOUS
10
-0.6721320078740157
20
-0.0595183464566929
11
-0.6720510236220473
21
-0.0594518897637795
0
LINE
8
BLACK
6
CONTINUOUS
10
-0.6720510236220473
20
-0.0594518897637795
11
-0.6719790944881889
21
-0.0594220472440945
0
LINE
8
BLACK
6
CONTINUOUS
10
-0.6719790944881889
20
-0.0594220472440945
11
-0.6717310629921259
21
-0.0592659842519685
0
LINE
8
BLACK
6
CONTINUOUS
10
-0.6717310629921259
20
-0.0592659842519685
11
-0.6679815354330708
21
-0.0573912204724409
0
LINE
8
BLACK
6
CONTINUOUS
10
-0.6679815354330708
20
-0.0573912204724409
11
-0.6674409448818898
21
-0.0571843307086614
0
LINE
8
BLACK
6
CONTINUOUS
10
-0.6674409448818898
20
-0.0571843307086614
11
-0.6673350787401575
21
-0.0571767716535433
0
LINE
8
BLACK
6
CONTINUOUS
10
-0.6673350787401575
20
-0.0571767716535433
11
-0.6672370866141732
21
-0.0571362204724409
0
LINE
8
BLACK
6
CONTINUOUS
10
-0.6672370866141732
20
-0.0571362204724409
11
-0.6666610236220473
21
-0.0570794881889764
0
LINE
8
BLACK
6
CONTINUOUS
10
-0.6666610236220473
20
-0.0570794881889764
11
-0.6572872047244094
21
-0.0570794881889764
0
LINE
8
BLACK
6
CONTINUOUS
10
-0.6572872047244094
20
-0.0570794881889764
11
-0.6567111417322834
21
-0.0571362204724409
0
LINE
8
BLACK
6
CONTINUOUS
10
-0.562972874015748
20
-0.0571362204724409
11
-0.5628748818897638
21
-0.057176811023622
0
LINE
8
BLACK
6
CONTINUOUS
10
-0.5628748818897638
20
-0.057176811023622
11
-0.5627690551181103
21
-0.0571843307086614
0
LINE
8
BLACK
6
CONTINUOUS
10
-0.5627690551181103
20
-0.0571843307086614
11
-0.5622284251968503
21
-0.0573912204724409
0
LINE
8
BLACK
6
CONTINUOUS
10
-0.5622284251968503
20
-0.0573912204724409
11
-0.5584788976377952
21
-0.0592659842519685
0
LINE
8
BLACK
6
CONTINUOUS
10
-0.5584788976377952
20
-0.0592659842519685
11
-0.558230905511811
21
-0.0594220472440945
0
LINE
8
BLACK
6
CONTINUOUS
10
-0.558230905511811
20
-0.0594220472440945
11
-0.558158937007874
21
-0.0594518897637795
0
LINE
8
BLACK
6
CONTINUOUS
10
-0.558158937007874
20
-0.0594518897637795
11
-0.5580779921259842
21
-0.0595183464566929
0
LINE
8
BLACK
6
CONTINUOUS
10
-0.5580779921259842
20
-0.0595183464566929
11
-0.5579890157480315
21
-0.0595743307086614
0
LINE
8
BLACK
6
CONTINUOUS
10
-0.5579890157480315
20
-0.0595743307086614
11
-0.557937874015748
21
-0.0596333070866142
0
LINE
8
BLACK
6
CONTINUOUS
10
-0.557937874015748
20
-0.0596333070866142
11
-0.5577114960629921
21
-0.059819094488189
0
LINE
8
BLACK
6
CONTINUOUS
10
-0.5577114960629921
20
-0.059819094488189
11
-0.5558367322834645
21
-0.0616938582677165
0
LINE
8
BLACK
6
CONTINUOUS
10
-0.5558367322834645
20
-0.0616938582677165
11
-0.5556509842519685
21
-0.0619201968503937
0
LINE
8
BLACK
6
CONTINUOUS
10
-0.5556509842519685
20
-0.0619201968503937
11
-0.555591968503937
21
-0.0619713779527559
0
LINE
8
BLACK
6
CONTINUOUS
10
-0.555591968503937
20
-0.0619713779527559
11
-0.5555360236220472
21
-0.0620603149606299
0
LINE
8
BLACK
6
CONTINUOUS
10
-0.5555360236220472
20
-0.0620603149606299
11
-0.5554695275590551
21
-0.0621412992125984
0
LINE
8
BLACK
6
CONTINUOUS
10
-0.5554695275590551
20
-0.0621412992125984
11
-0.5554397244094488
21
-0.0622132283464567
0
LINE
8
BLACK
6
CONTINUOUS
10
-0.5554397244094488
20
-0.0622132283464567
11
-0.5552836220472441
21
-0.0624612598425197
0
LINE
8
BLACK
6
CONTINUOUS
10
-0.5552836220472441
20
-0.0624612598425197
11
-0.5534088582677166
21
-0.0662107874015748
0
LINE
8
BLACK
6
CONTINUOUS
10
-0.5534088582677166
20
-0.0662107874015748
11
-0.553201968503937
21
-0.0667513779527559
0
LINE
8
BLACK
6
CONTINUOUS
10
-0.553201968503937
20
-0.0667513779527559
11
-0.5531944488188977
21
-0.0668572440944882
0
LINE
8
BLACK
6
CONTINUOUS
10
-0.5531944488188977
20
-0.0668572440944882
11
-0.5531538582677166
21
-0.0669552362204724
0
LINE
8
BLACK
6
CONTINUOUS
10
-0.5531538582677166
20
-0.0669552362204724
11
-0.553097125984252
21
-0.0675312992125984
0
LINE
8
BLACK
6
CONTINUOUS
10
-0.553097125984252
20
-0.0675312992125984
11
-0.553097125984252
21
-0.0825294094488189
0
LINE
8
BLACK
6
CONTINUOUS
10
-0.553097125984252
20
-0.0825294094488189
11
-0.5531070472440944
21
-0.0826299212598425
0
LINE
8
BLACK
6
CONTINUOUS
10
-0.5531070472440944
20
-0.0826299212598425
11
-0.5531006299212599
21
-0.0826729527559055
0
LINE
8
BLACK
6
CONTINUOUS
10
-0.5531006299212599
20
-0.0826729527559055
11
-0.5531325196850394
21
-0.0828884251968504
0
LINE
8
BLACK
6
CONTINUOUS
10
-0.5531325196850394
20
-0.0828884251968504
11
-0.5531538582677166
21
-0.0831054724409449
0
LINE
8
BLACK
6
CONTINUOUS
10
-0.5531538582677166
20
-0.0831054724409449
11
-0.5531705118110236
21
-0.0831456692913386
0
LINE
8
BLACK
6
CONTINUOUS
10
-0.5531705118110236
20
-0.0831456692913386
11
-0.5531852755905512
21
-0.0832455511811024
0
LINE
8
BLACK
6
CONTINUOUS
10
-0.5531852755905512
20
-0.0832455511811024
11
-0.5550600393700788
21
-0.0907446062992126
0
LINE
8
BLACK
6
CONTINUOUS
10
-0.5550600393700788
20
-0.0907446062992126
11
-0.5551813779527559
21
-0.091084094488189
0
LINE
8
BLACK
6
CONTINUOUS
10
-0.5551813779527559
20
-0.091084094488189
11
-0.5551954724409449
21
-0.0911555511811024
0
LINE
8
BLACK
6
CONTINUOUS
10
-0.5551954724409449
20
-0.0911555511811024
11
-0.5552300393700788
21
-0.0912203149606299
0
LINE
8
BLACK
6
CONTINUOUS
10
-0.5552300393700788
20
-0.0912203149606299
11
-0.5552548031496063
21
-0.0912897244094488
0
LINE
8
BLACK
6
CONTINUOUS
10
-0.5552548031496063
20
-0.0912897244094488
11
-0.5552983464566928
21
-0.0913484251968504
0
LINE
8
BLACK
6
CONTINUOUS
10
-0.5552983464566928
20
-0.0913484251968504
11
-0.5554677952755905
21
-0.0916663385826772
0
LINE
8
BLACK
6
CONTINUOUS
10
-0.5554677952755905
20
-0.0916663385826772
11
-0.5592173228346456
21
-0.0972906692913386
0
LINE
8
BLACK
6
CONTINUOUS
10
-0.5592173228346456
20
-0.0972906692913386
11
-0.5592186614173228
21
-0.0972922440944882
0
LINE
8
BLACK
6
CONTINUOUS
10
-0.5592186614173228
20
-0.0972922440944882
11
-0.5592190157480315
21
-0.097293188976378
0
LINE
8
BLACK
6
CONTINUOUS
10
-0.5592190157480315
20
-0.097293188976378
11
-0.5593975196850394
21
-0.0975106692913386
0
LINE
8
BLACK
6
CONTINUOUS
10
-0.5593975196850394
20
-0.0975106692913386
11
-0.5595840944881889
21
-0.0977385039370079
0
LINE
8
BLACK
6
CONTINUOUS
10
-0.5595840944881889
20
-0.0977385039370079
11
-0.5595849606299212
21
-0.0977390551181102
0
LINE
8
BLACK
6
CONTINUOUS
10
-0.5595849606299212
20
-0.0977390551181102
11
-0.5595862598425196
21
-0.0977406692913386
0
LINE
8
BLACK
6
CONTINUOUS
10
-0.5595862598425196
20
-0.0977406692913386
11
-0.5614609842519684
21
-0.0996154330708661
0
LINE
8
BLACK
6
CONTINUOUS
10
-0.5614609842519684
20
-0.0996154330708661
11
-0.5616873622047244
21
-0.0998011811023622
0
LINE
8
BLACK
6
CONTINUOUS
10
-0.5616873622047244
20
-0.0998011811023622
11
-0.5617385433070866
21
-0.0998602362204724
0
LINE
8
BLACK
6
CONTINUOUS
10
-0.5617385433070866
20
-0.0998602362204724
11
-0.5618275196850394
21
-0.0999162204724409
0
LINE
8
BLACK
6
CONTINUOUS
10
-0.5618275196850394
20
-0.0999162204724409
11
-0.5619084645669291
21
-0.0999826771653543
0
LINE
8
BLACK
6
CONTINUOUS
10
-0.5619084645669291
20
-0.0999826771653543
11
-0.5619804330708661
21
-0.1000124803149606
0
LINE
8
BLACK
6
CONTINUOUS
10
-0.5619804330708661
20
-0.1000124803149606
11
-0.5622284251968503
21
-0.1001685826771654
0
LINE
8
BLACK
6
CONTINUOUS
10
-0.5622284251968503
20
-0.1001685826771654
11
-0.5659779527559055
21
-0.1020433464566929
0
LINE
8
BLACK
6
CONTINUOUS
10
-0.5659779527559055
20
-0.1020433464566929
11
-0.5665185826771654
21
-0.1022502362204724
0
LINE
8
BLACK
6
CONTINUOUS
10
-0.5665185826771654
20
-0.1022502362204724
11
-0.5666244094488189
21
-0.1022577165354331
0
LINE
8
BLACK
6
CONTINUOUS
10
-0.5666244094488189
20
-0.1022577165354331
11
-0.5667224015748031
21
-0.1022983464566929
0
LINE
8
BLACK
6
CONTINUOUS
10
-0.5667224015748031
20
-0.1022983464566929
11
-0.5672984645669291
21
-0.1023550787401575
0
LINE
8
BLACK
6
CONTINUOUS
10
-0.5672984645669291
20
-0.1023550787401575
11
-0.5747975196850393
21
-0.1023550787401575
0
LINE
8
BLACK
6
CONTINUOUS
10
-0.5747975196850393
20
-0.1023550787401575
11
-0.5753735826771653
21
-0.1022983464566929
0
LINE
8
BLACK
6
CONTINUOUS
10
-0.5753735826771653
20
-0.1022983464566929
11
-0.5764379921259842
21
-0.1018574409448819
0
LINE
8
BLACK
6
CONTINUOUS
10
-0.5764379921259842
20
-0.1018574409448819
11
-0.5772526377952756
21
-0.1010427952755906
0
LINE
8
BLACK
6
CONTINUOUS
10
-0.5772526377952756
20
-0.1010427952755906
11
-0.5776935433070866
21
-0.0999783858267717
0
LINE
8
BLACK
6
CONTINUOUS
10
-0.5776935433070866
20
-0.0999783858267717
11
-0.5776935433070866
21
-0.0988262598425197
0
LINE
8
BLACK
6
CONTINUOUS
10
-0.5776935433070866
20
-0.0988262598425197
11
-0.5772526377952756
21
-0.0977618503937008
0
LINE
8
BLACK
6
CONTINUOUS
10
-0.5772526377952756
20
-0.0977618503937008
11
-0.5764379921259842
21
-0.0969472047244094
0
LINE
8
BLACK
6
CONTINUOUS
10
-0.5764379921259842
20
-0.0969472047244094
11
-0.5753735826771653
21
-0.0965062992125984
0
LINE
8
BLACK
6
CONTINUOUS
10
-0.5753735826771653
20
-0.0965062992125984
11
-0.5747975196850393
21
-0.0964495669291339
0
LINE
8
BLACK
6
CONTINUOUS
10
-0.5747975196850393
20
-0.0964495669291339
11
-0.5679955118110236
21
-0.0964495669291339
0
LINE
8
BLACK
6
CONTINUOUS
10
-0.5679955118110236
20
-0.0964495669291339
11
-0.5652980708661417
21
-0.0951008267716535
0
LINE
8
BLACK
6
CONTINUOUS
10
-0.5652980708661417
20
-0.0951008267716535
11
-0.563968937007874
21
-0.0937716535433071
0
LINE
8
BLACK
6
CONTINUOUS
10
-0.563968937007874
20
-0.0937716535433071
11
-0.5606651968503937
21
-0.0888161023622047
0
LINE
8
BLACK
6
CONTINUOUS
10
-0.5606651968503937
20
-0.0888161023622047
11
-0.559935905511811
21
-0.085898937007874
0
LINE
8
BLACK
6
CONTINUOUS
10
-0.559935905511811
20
-0.085898937007874
11
-0.5622284251968503
21
-0.0870451968503937
0
LINE
8
BLACK
6
CONTINUOUS
10
-0.5622284251968503
20
-0.0870451968503937
11
-0.5627690551181103
21
-0.0872520866141732
0
LINE
8
BLACK
6
CONTINUOUS
10
-0.5627690551181103
20
-0.0872520866141732
11
-0.5628748818897638
21
-0.0872595669291338
0
LINE
8
BLACK
6
CONTINUOUS
10
-0.5628748818897638
20
-0.0872595669291338
11
-0.562972874015748
21
-0.0873001968503937
0
LINE
8
BLACK
6
CONTINUOUS
10
-0.562972874015748
20
-0.0873001968503937
11
-0.563548937007874
21
-0.0873569291338583
0
LINE
8
BLACK
6
CONTINUOUS
10
-0.563548937007874
20
-0.0873569291338583
11
-0.5710479921259842
21
-0.0873569291338583
0
LINE
8
BLACK
6
CONTINUOUS
10
-0.5710479921259842
20
-0.0873569291338583
11
-0.5716240551181102
21
-0.0873001968503937
0
LINE
8
BLACK
6
CONTINUOUS
10
-0.5716240551181102
20
-0.0873001968503937
11
-0.5717220472440945
21
-0.0872596062992126
0
LINE
8
BLACK
6
CONTINUOUS
10
-0.5717220472440945
20
-0.0872596062992126
11
-0.5718279133858267
21
-0.0872520866141732
0
LINE
8
BLACK
6
CONTINUOUS
10
-0.5718279133858267
20
-0.0872520866141732
11
-0.5723685039370079
21
-0.0870451968503937
0
LINE
8
BLACK
6
CONTINUOUS
10
-0.5723685039370079
20
-0.0870451968503937
11
-0.576118031496063
21
-0.0851704330708661
0
LINE
8
BLACK
6
CONTINUOUS
10
-0.576118031496063
20
-0.0851704330708661
11
-0.576366062992126
21
-0.0850143307086614
0
LINE
8
BLACK
6
CONTINUOUS
10
-0.576366062992126
20
-0.0850143307086614
11
-0.5764379921259842
21
-0.0849845275590551
0
LINE
8
BLACK
6
CONTINUOUS
10
-0.5764379921259842
20
-0.0849845275590551
11
-0.5765189763779528
21
-0.084918031496063
0
LINE
8
BLACK
6
CONTINUOUS
10
-0.5765189763779528
20
-0.084918031496063
11
-0.5766079133858267
21
-0.0848620866141732
0
LINE
8
BLACK
6
CONTINUOUS
10
-0.5766079133858267
20
-0.0848620866141732
11
-0.576659094488189
21
-0.0848030708661417
0
LINE
8
BLACK
6
CONTINUOUS
10
-0.576659094488189
20
-0.0848030708661417
11
-0.5768854330708661
21
-0.0846173228346457
0
LINE
8
BLACK
6
CONTINUOUS
10
-0.5768854330708661
20
-0.0846173228346457
11
-0.5787601968503937
21
-0.0827425590551181
0
LINE
8
BLACK
6
CONTINUOUS
10
-0.5787601968503937
20
-0.0827425590551181
11
-0.5789459842519685
21
-0.0825161811023622
0
LINE
8
BLACK
6
CONTINUOUS
10
-0.5789459842519685
20
-0.0825161811023622
11
-0.5790049606299212
21
-0.0824650393700787
0
LINE
8
BLACK
6
CONTINUOUS
10
-0.5790049606299212
20
-0.0824650393700787
11
-0.5790609448818897
21
-0.082376062992126
0
LINE
8
BLACK
6
CONTINUOUS
10
-0.5790609448818897
20
-0.082376062992126
11
-0.5791274015748031
21
-0.0822951181102362
0
LINE
8
BLACK
6
CONTINUOUS
10
-0.5791274015748031
20
-0.0822951181102362
11
-0.5791572440944882
21
-0.0822231496062992
0
LINE
8
BLACK
6
CONTINUOUS
10
-0.5791572440944882
20
-0.0822231496062992
11
-0.5793133070866142
21
-0.081975157480315
0
LINE
8
BLACK
6
CONTINUOUS
10
-0.5793133070866142
20
-0.081975157480315
11
-0.5811880708661418
21
-0.0782256299212598
0
LINE
8
BLACK
6
CONTINUOUS
10
-0.5811880708661418
20
-0.0782256299212598
11
-0.5813949606299212
21
-0.077685
0
LINE
8
BLACK
6
CONTINUOUS
10
-0.5813949606299212
20
-0.077685
11
-0.5814024803149607
21
-0.0775791732283465
0
LINE
8
BLACK
6
CONTINUOUS
10
-0.5814024803149607
20
-0.0775791732283465
11
-0.5814430708661417
21
-0.0774811811023622
0
LINE
8
BLACK
6
CONTINUOUS
10
-0.5814430708661417
20
-0.0774811811023622
11
-0.5814998031496063
21
-0.0769051181102362
0
LINE
8
BLACK
6
CONTINUOUS
10
-0.5814998031496063
20
-0.0769051181102362
11
-0.5814998031496063
21
-0.0675312992125984
0
LINE
8
BLACK
6
CONTINUOUS
10
-0.5814998031496063
20
-0.0675312992125984
11
-0.5814430708661417
21
-0.0669552362204724
0
LINE
8
BLACK
6
CONTINUOUS
10
-0.5814430708661417
20
-0.0669552362204724
11
-0.5814024803149607
21
-0.0668572047244095
0
LINE
8
BLACK
6
CONTINUOUS
10
-0.5814024803149607
20
-0.0668572047244095
11
-0.5813949606299212
21
-0.0667514173228346
0
LINE
8
BLACK
6
CONTINUOUS
10
-0.5813949606299212
20
-0.0667514173228346
11
-0.5811880708661418
21
-0.0662107874015748
0
LINE
8
BLACK
6
CONTINUOUS
10
-0.5811880708661418
20
-0.0662107874015748
11
-0.5793133070866142
21
-0.0624612598425197
0
LINE
8
BLACK
6
CONTINUOUS
10
-0.5793133070866142
20
-0.0624612598425197
11
-0.5791572440944882
21
-0.0622132283464567
0
LINE
8
BLACK
6
CONTINUOUS
10
-0.5791572440944882
20
-0.0622132283464567
11
-0.5791274015748031
21
-0.0621412992125984
0
LINE
8
BLACK
6
CONTINUOUS
10
-0.5791274015748031
20
-0.0621412992125984
11
-0.5790609448818897
21
-0.0620603149606299
0
LINE
8
BLACK
6
CONTINUOUS
10
-0.5790609448818897
20
-0.0620603149606299
11
-0.5790049606299212
21
-0.0619713779527559
0
LINE
8
BLACK
6
CONTINUOUS
10
-0.5790049606299212
20
-0.0619713779527559
11
-0.5789459842519685
21
-0.0619201968503937
0
LINE
8
BLACK
6
CONTINUOUS
10
-0.5789459842519685
20
-0.0619201968503937
11
-0.5787601968503937
21
-0.0616938582677165
0
LINE
8
BLACK
6
CONTINUOUS
10
-0.5787601968503937
20
-0.0616938582677165
11
-0.5768854330708661
21
-0.059819094488189
0
LINE
8
BLACK
6
CONTINUOUS
10
-0.5768854330708661
20
-0.059819094488189
11
-0.576659094488189
21
-0.0596333070866142
0
LINE
8
BLACK
6
CONTINUOUS
10
-0.576659094488189
20
-0.0596333070866142
11
-0.5766079133858267
21
-0.0595743307086614
0
LINE
8
BLACK
6
CONTINUOUS
10
-0.5766079133858267
20
-0.0595743307086614
11
-0.5765189763779528
21
-0.0595183464566929
0
LINE
8
BLACK
6
CONTINUOUS
10
-0.5765189763779528
20
-0.0595183464566929
11
-0.5764379921259842
21
-0.0594518897637795
0
LINE
8
BLACK
6
CONTINUOUS
10
-0.5764379921259842
20
-0.0594518897637795
11
-0.576366062992126
21
-0.0594220472440945
0
LINE
8
BLACK
6
CONTINUOUS
10
-0.576366062992126
20
-0.0594220472440945
11
-0.576118031496063
21
-0.0592659842519685
0
LINE
8
BLACK
6
CONTINUOUS
10
-0.576118031496063
20
-0.0592659842519685
11
-0.5723685039370079
21
-0.0573912204724409
0
LINE
8
BLACK
6
CONTINUOUS
10
-0.5723685039370079
20
-0.0573912204724409
11
-0.5718279133858267
21
-0.0571843307086614
0
LINE
8
BLACK
6
CONTINUOUS
10
-0.5718279133858267
20
-0.0571843307086614
11
-0.5717220472440945
21
-0.0571767716535433
0
LINE
8
BLACK
6
CONTINUOUS
10
-0.5717220472440945
20
-0.0571767716535433
11
-0.5716240551181102
21
-0.0571362204724409
0
LINE
8
BLACK
6
CONTINUOUS
10
-0.5716240551181102
20
-0.0571362204724409
11
-0.5710479921259842
21
-0.0570794881889764
0
LINE
8
BLACK
6
CONTINUOUS
10
-0.5710479921259842
20
-0.0570794881889764
11
-0.563548937007874
21
-0.0570794881889764
0
LINE
8
BLACK
6
CONTINUOUS
10
-0.563548937007874
20
-0.0570794881889764
11
-0.562972874015748
21
-0.0571362204724409
0
LINE
8
BLACK
6
CONTINUOUS
10
-0.5730484251968504
20
-0.0643337401574803
11
-0.5742455511811023
21
-0.0655308661417323
0
LINE
8
BLACK
6
CONTINUOUS
10
-0.5742455511811023
20
-0.0655308661417323
11
-0.5755942913385826
21
-0.0682283464566929
0
LINE
8
BLACK
6
CONTINUOUS
10
-0.5755942913385826
20
-0.0682283464566929
11
-0.5755942913385826
21
-0.0762080708661417
0
LINE
8
BLACK
6
CONTINUOUS
10
-0.5755942913385826
20
-0.0762080708661417
11
-0.5742455511811023
21
-0.0789055511811024
0
LINE
8
BLACK
6
CONTINUOUS
10
-0.5742455511811023
20
-0.0789055511811024
11
-0.5730484251968504
21
-0.0801026771653543
0
LINE
8
BLACK
6
CONTINUOUS
10
-0.5730484251968504
20
-0.0801026771653543
11
-0.5703509448818898
21
-0.0814514173228346
0
LINE
8
BLACK
6
CONTINUOUS
10
-0.5703509448818898
20
-0.0814514173228346
11
-0.5642459842519685
21
-0.0814514173228346
0
LINE
8
BLACK
6
CONTINUOUS
10
-0.5642459842519685
20
-0.0814514173228346
11
-0.5615485039370078
21
-0.0801026771653543
0
LINE
8
BLACK
6
CONTINUOUS
10
-0.5615485039370078
20
-0.0801026771653543
11
-0.5603513779527559
21
-0.0789055511811024
0
LINE
8
BLACK
6
CONTINUOUS
10
-0.5603513779527559
20
-0.0789055511811024
11
-0.5590026377952756
21
-0.0762080708661417
0
LINE
8
BLACK
6
CONTINUOUS
10
-0.5590026377952756
20
-0.0762080708661417
11
-0.5590026377952756
21
-0.0682283464566929
0
LINE
8
BLACK
6
CONTINUOUS
10
-0.5590026377952756
20
-0.0682283464566929
11
-0.5603513779527559
21
-0.0655308661417323
0
LINE
8
BLACK
6
CONTINUOUS
10
-0.5603513779527559
20
-0.0655308661417323
11
-0.5615485039370078
21
-0.0643337401574803
0
LINE
8
BLACK
6
CONTINUOUS
10
-0.5615485039370078
20
-0.0643337401574803
11
-0.5642459842519685
21
-0.062985
0
LINE
8
BLACK
6
CONTINUOUS
10
-0.5642459842519685
20
-0.062985
11
-0.5703509448818898
21
-0.062985
0
LINE
8
BLACK
6
CONTINUOUS
10
-0.5703509448818898
20
-0.062985
11
-0.5730484251968504
21
-0.0643337401574803
0
LINE
8
BLACK
6
CONTINUOUS
10
-0.5295194881889763
20
-0.0571362204724409
11
-0.5292270866141732
21
-0.0571362204724409
0
LINE
8
BLACK
6
CONTINUOUS
10
-0.5292270866141732
20
-0.0571362204724409
11
-0.528959842519685
21
-0.0572469291338583
0
LINE
8
BLACK
6
CONTINUOUS
10
-0.528959842519685
20
-0.0572469291338583
11
-0.5286760236220472
21
-0.0573030708661417
0
LINE
8
BLACK
6
CONTINUOUS
10
-0.5286760236220472
20
-0.0573030708661417
11
-0.5284327559055118
21
-0.0574652362204724
0
LINE
8
BLACK
6
CONTINUOUS
10
-0.5284327559055118
20
-0.0574652362204724
11
-0.5281626771653544
21
-0.057577125984252
0
LINE
8
BLACK
6
CONTINUOUS
10
-0.5281626771653544
20
-0.057577125984252
11
-0.5279582283464567
21
-0.0577815748031496
0
LINE
8
BLACK
6
CONTINUOUS
10
-0.5279582283464567
20
-0.0577815748031496
11
-0.5277174015748032
21
-0.057942125984252
0
LINE
8
BLACK
6
CONTINUOUS
10
-0.5277174015748032
20
-0.057942125984252
11
-0.5275546850393701
21
-0.0581851181102362
0
LINE
8
BLACK
6
CONTINUOUS
10
-0.5275546850393701
20
-0.0581851181102362
11
-0.527348031496063
21
-0.0583917716535433
0
LINE
8
BLACK
6
CONTINUOUS
10
-0.527348031496063
20
-0.0583917716535433
11
-0.5272373622047244
21
-0.0586589763779528
0
LINE
8
BLACK
6
CONTINUOUS
10
-0.5272373622047244
20
-0.0586589763779528
11
-0.5270763385826771
21
-0.0588994094488189
0
LINE
8
BLACK
6
CONTINUOUS
10
-0.5270763385826771
20
-0.0588994094488189
11
-0.5270190157480314
21
-0.059186062992126
0
LINE
8
BLACK
6
CONTINUOUS
10
-0.5270190157480314
20
-0.059186062992126
11
-0.5269071259842519
21
-0.0594561811023622
0
LINE
8
BLACK
6
CONTINUOUS
10
-0.5269071259842519
20
-0.0594561811023622
11
-0.5268510236220473
21
-0.0600261023622047
0
LINE
8
BLACK
6
CONTINUOUS
10
-0.5268510236220473
20
-0.0600261023622047
11
-0.5268503937007873
21
-0.0600291338582677
0
LINE
8
BLACK
6
CONTINUOUS
10
-0.5268503937007873
20
-0.0600291338582677
11
-0.5268506299212599
21
-0.060030157480315
0
LINE
8
BLACK
6
CONTINUOUS
10
-0.5268506299212599
20
-0.060030157480315
11
-0.5268503937007873
21
-0.0600322440944882
0
LINE
8
BLACK
6
CONTINUOUS
10
-0.5268503937007873
20
-0.0600322440944882
11
-0.5268503937007873
21
-0.0964495669291339
0
LINE
8
BLACK
6
CONTINUOUS
10
-0.5268503937007873
20
-0.0964495669291339
11
-0.5185545669291338
21
-0.0964495669291339
0
LINE
8
BLACK
6
CONTINUOUS
10
-0.5185545669291338
20
-0.0964495669291339
11
-0.5179785039370078
21
-0.0965062992125984
0
LINE
8
BLACK
6
CONTINUOUS
10
-0.5179785039370078
20
-0.0965062992125984
11
-0.5169140944881889
21
-0.0969472047244094
0
LINE
8
BLACK
6
CONTINUOUS
10
-0.5169140944881889
20
-0.0969472047244094
11
-0.5160994488188976
21
-0.0977618503937008
0
LINE
8
BLACK
6
CONTINUOUS
10
-0.5160994488188976
20
-0.0977618503937008
11
-0.5156585433070866
21
-0.0988262598425197
0
LINE
8
BLACK
6
CONTINUOUS
10
-0.5156585433070866
20
-0.0988262598425197
11
-0.5156585433070866
21
-0.0999783858267717
0
LINE
8
BLACK
6
CONTINUOUS
10
-0.5156585433070866
20
-0.0999783858267717
11
-0.5160994488188976
21
-0.1010427952755906
0
LINE
8
BLACK
6
CONTINUOUS
10
-0.5160994488188976
20
-0.1010427952755906
11
-0.5169140944881889
21
-0.1018574409448819
0
LINE
8
BLACK
6
CONTINUOUS
10
-0.5169140944881889
20
-0.1018574409448819
11
-0.5179785039370078
21
-0.1022983464566929
0
LINE
8
BLACK
6
CONTINUOUS
10
-0.5179785039370078
20
-0.1022983464566929
11
-0.5185545669291338
21
-0.1023550787401575
0
LINE
8
BLACK
6
CONTINUOUS
10
-0.5185545669291338
20
-0.1023550787401575
11
-0.5410517322834646
21
-0.1023550787401575
0
LINE
8
BLACK
6
CONTINUOUS
10
-0.5410517322834646
20
-0.1023550787401575
11
-0.5416277952755906
21
-0.1022983464566929
0
LINE
8
BLACK
6
CONTINUOUS
10
-0.5416277952755906
20
-0.1022983464566929
11
-0.5426922047244095
21
-0.1018574409448819
0
LINE
8
BLACK
6
CONTINUOUS
10
-0.5426922047244095
20
-0.1018574409448819
11
-0.5435068503937007
21
-0.1010427952755906
0
LINE
8
BLACK
6
CONTINUOUS
10
-0.5435068503937007
20
-0.1010427952755906
11
-0.5439477559055118
21
-0.0999783858267717
0
LINE
8
BLACK
6
CONTINUOUS
10
-0.5439477559055118
20
-0.0999783858267717
11
-0.5439477559055118
21
-0.0988262598425197
0
LINE
8
BLACK
6
CONTINUOUS
10
-0.5439477559055118
20
-0.0988262598425197
11
-0.5435068503937007
21
-0.0977618503937008
0
LINE
8
BLACK
6
CONTINUOUS
10
-0.5435068503937007
20
-0.0977618503937008
11
-0.5426922047244095
21
-0.0969472047244094
0
LINE
8
BLACK
6
CONTINUOUS
10
-0.5426922047244095
20
-0.0969472047244094
11
-0.5416277952755906
21
-0.0965062992125984
0
LINE
8
BLACK
6
CONTINUOUS
10
-0.5416277952755906
20
-0.0965062992125984
11
-0.5410517322834646
21
-0.0964495669291339
0
LINE
8
BLACK
6
CONTINUOUS
10
-0.5410517322834646
20
-0.0964495669291339
11
-0.532755905511811
21
-0.0964495669291339
0
LINE
8
BLACK
6
CONTINUOUS
10
-0.532755905511811
20
-0.0964495669291339
11
-0.532755905511811
21
-0.0690355905511811
0
LINE
8
BLACK
6
CONTINUOUS
10
-0.532755905511811
20
-0.0690355905511811
11
-0.5352142913385827
21
-0.0714939763779528
0
LINE
8
BLACK
6
CONTINUOUS
10
-0.5352142913385827
20
-0.0714939763779528
11
-0.5354406692913386
21
-0.0716797244094488
0
LINE
8
BLACK
6
CONTINUOUS
10
-0.5354406692913386
20
-0.0716797244094488
11
-0.5354918110236221
21
-0.0717387401574803
0
LINE
8
BLACK
6
CONTINUOUS
10
-0.5354918110236221
20
-0.0717387401574803
11
-0.5355807874015748
21
-0.0717946850393701
0
LINE
8
BLACK
6
CONTINUOUS
10
-0.5355807874015748
20
-0.0717946850393701
11
-0.5356617322834646
21
-0.0718611811023622
0
LINE
8
BLACK
6
CONTINUOUS
10
-0.5356617322834646
20
-0.0718611811023622
11
-0.5357337007874016
21
-0.0718909842519685
0
LINE
8
BLACK
6
CONTINUOUS
10
-0.5357337007874016
20
-0.0718909842519685
11
-0.5359816929133858
21
-0.0720470866141732
0
LINE
8
BLACK
6
CONTINUOUS
10
-0.5359816929133858
20
-0.0720470866141732
11
-0.5397312204724409
21
-0.0739218503937008
0
LINE
8
BLACK
6
CONTINUOUS
10
-0.5397312204724409
20
-0.0739218503937008
11
-0.5402718503937007
21
-0.0741287401574803
0
LINE
8
BLACK
6
CONTINUOUS
10
-0.5402718503937007
20
-0.0741287401574803
11
-0.541421062992126
21
-0.0742103937007874
0
LINE
8
BLACK
6
CONTINUOUS
10
-0.541421062992126
20
-0.0742103937007874
11
-0.5425140157480315
21
-0.073846062992126
0
LINE
8
BLACK
6
CONTINUOUS
10
-0.5425140157480315
20
-0.073846062992126
11
-0.5433844094488189
21
-0.0730912204724409
0
LINE
8
BLACK
6
CONTINUOUS
10
-0.5433844094488189
20
-0.0730912204724409
11
-0.5438996456692913
21
-0.0720607086614173
0
LINE
8
BLACK
6
CONTINUOUS
10
-0.5438996456692913
20
-0.0720607086614173
11
-0.5439812992125984
21
-0.0709114960629921
0
LINE
8
BLACK
6
CONTINUOUS
10
-0.5439812992125984
20
-0.0709114960629921
11
-0.543616968503937
21
-0.0698185433070866
0
LINE
8
BLACK
6
CONTINUOUS
10
-0.543616968503937
20
-0.0698185433070866
11
-0.542862125984252
21
-0.0689481496062992
0
LINE
8
BLACK
6
CONTINUOUS
10
-0.542862125984252
20
-0.0689481496062992
11
-0.5423722440944881
21
-0.0686398031496063
0
LINE
8
BLACK
6
CONTINUOUS
10
-0.5423722440944881
20
-0.0686398031496063
11
-0.5390512992125984
21
-0.0669793307086614
0
LINE
8
BLACK
6
CONTINUOUS
10
-0.5390512992125984
20
-0.0669793307086614
11
-0.5358474015748032
21
-0.0637754330708661
0
LINE
8
BLACK
6
CONTINUOUS
10
-0.5358474015748032
20
-0.0637754330708661
11
-0.53226
21
-0.0583943307086614
0
LINE
8
BLACK
6
CONTINUOUS
10
-0.53226
20
-0.0583943307086614
11
-0.5322586614173228
21
-0.0583926377952756
0
LINE
8
BLACK
6
CONTINUOUS
10
-0.5322586614173228
20
-0.0583926377952756
11
-0.5322582677165354
21
-0.0583917716535433
0
LINE
8
BLACK
6
CONTINUOUS
10
-0.5322582677165354
20
-0.0583917716535433
11
-0.5322562598425197
21
-0.0583897244094488
0
LINE
8
BLACK
6
CONTINUOUS
10
-0.5322562598425197
20
-0.0583897244094488
11
-0.5318932283464567
21
-0.0579464960629921
0
LINE
8
BLACK
6
CONTINUOUS
10
-0.5318932283464567
20
-0.0579464960629921
11
-0.5316503543307086
21
-0.0577838188976378
0
LINE
8
BLACK
6
CONTINUOUS
10
-0.5316503543307086
20
-0.0577838188976378
11
-0.531443622047244
21
-0.057577125984252
0
LINE
8
BLACK
6
CONTINUOUS
10
-0.531443622047244
20
-0.057577125984252
11
-0.5311763385826771
21
-0.0574663779527559
0
LINE
8
BLACK
6
CONTINUOUS
10
-0.5311763385826771
20
-0.0574663779527559
11
-0.5309359448818898
21
-0.0573054330708661
0
LINE
8
BLACK
6
CONTINUOUS
10
-0.5309359448818898
20
-0.0573054330708661
11
-0.5306493307086614
21
-0.0572480708661417
0
LINE
8
BLACK
6
CONTINUOUS
10
-0.5306493307086614
20
-0.0572480708661417
11
-0.5303792125984251
21
-0.0571362204724409
0
LINE
8
BLACK
6
CONTINUOUS
10
-0.5303792125984251
20
-0.0571362204724409
11
-0.5300899212598426
21
-0.0571362204724409
0
LINE
8
BLACK
6
CONTINUOUS
10
-0.5300899212598426
20
-0.0571362204724409
11
-0.5298062598425197
21
-0.0570794881889764
0
LINE
8
BLACK
6
CONTINUOUS
10
-0.5298062598425197
20
-0.0570794881889764
11
-0.5295194881889763
21
-0.0571362204724409
0
LINE
8
BLACK
6
CONTINUOUS
10
-0.4523616929133858
20
-0.0571362204724409
11
-0.4522637007874016
21
-0.057176811023622
0
LINE
8
BLACK
6
CONTINUOUS
10
-0.4522637007874016
20
-0.057176811023622
11
-0.452157874015748
21
-0.0571843307086614
0
LINE
8
BLACK
6
CONTINUOUS
10
-0.452157874015748
20
-0.0571843307086614
11
-0.4516172440944882
21
-0.0573912204724409
0
LINE
8
BLACK
6
CONTINUOUS
10
-0.4516172440944882
20
-0.0573912204724409
11
-0.4478677165354331
21
-0.0592659842519685
0
LINE
8
BLACK
6
CONTINUOUS
10
-0.4478677165354331
20
-0.0592659842519685
11
-0.4476197244094488
21
-0.0594220472440945
0
LINE
8
BLACK
6
CONTINUOUS
10
-0.4476197244094488
20
-0.0594220472440945
11
-0.4475477559055118
21
-0.0594518897637795
0
LINE
8
BLACK
6
CONTINUOUS
10
-0.4475477559055118
20
-0.0594518897637795
11
-0.447466811023622
21
-0.0595183464566929
0
LINE
8
BLACK
6
CONTINUOUS
10
-0.447466811023622
20
-0.0595183464566929
11
-0.4473778346456693
21
-0.0595743307086614
0
LINE
8
BLACK
6
CONTINUOUS
10
-0.4473778346456693
20
-0.0595743307086614
11
-0.4473266929133858
21
-0.0596333070866142
0
LINE
8
BLACK
6
CONTINUOUS
10
-0.4473266929133858
20
-0.0596333070866142
11
-0.4471003149606299
21
-0.059819094488189
0
LINE
8
BLACK
6
CONTINUOUS
10
-0.4471003149606299
20
-0.059819094488189
11
-0.4452255511811024
21
-0.0616938582677165
0
LINE
8
BLACK
6
CONTINUOUS
10
-0.4452255511811024
20
-0.0616938582677165
11
-0.4450398031496063
21
-0.0619201968503937
0
LINE
8
BLACK
6
CONTINUOUS
10
-0.4450398031496063
20
-0.0619201968503937
11
-0.4449807874015748
21
-0.0619713779527559
0
LINE
8
BLACK
6
CONTINUOUS
10
-0.4449807874015748
20
-0.0619713779527559
11
-0.444924842519685
21
-0.0620603149606299
0
LINE
8
BLACK
6
CONTINUOUS
10
-0.444924842519685
20
-0.0620603149606299
11
-0.4448583464566929
21
-0.0621412992125984
0
LINE
8
BLACK
6
CONTINUOUS
10
-0.4448583464566929
20
-0.0621412992125984
11
-0.4448285433070866
21
-0.0622132283464567
0
LINE
8
BLACK
6
CONTINUOUS
10
-0.4448285433070866
20
-0.0622132283464567
11
-0.4446724409448819
21
-0.0624612598425197
0
LINE
8
BLACK
6
CONTINUOUS
10
-0.4446724409448819
20
-0.0624612598425197
11
-0.4427976771653543
21
-0.0662107874015748
0
LINE
8
BLACK
6
CONTINUOUS
10
-0.4427976771653543
20
-0.0662107874015748
11
-0.4427815748031496
21
-0.066252874015748
0
LINE
8
BLACK
6
CONTINUOUS
10
-0.4427815748031496
20
-0.066252874015748
11
-0.4427688582677165
21
-0.0662700393700787
0
LINE
8
BLACK
6
CONTINUOUS
10
-0.4427688582677165
20
-0.0662700393700787
11
-0.4426825590551181
21
-0.0665116141732283
0
LINE
8
BLACK
6
CONTINUOUS
10
-0.4426825590551181
20
-0.0665116141732283
11
-0.4425907874015748
21
-0.0667513779527559
0
LINE
8
BLACK
6
CONTINUOUS
10
-0.4425907874015748
20
-0.0667513779527559
11
-0.4425892913385827
21
-0.0667726377952756
0
LINE
8
BLACK
6
CONTINUOUS
10
-0.4425892913385827
20
-0.0667726377952756
11
-0.442574094488189
21
-0.066815157480315
0
LINE
8
BLACK
6
CONTINUOUS
10
-0.442574094488189
20
-0.066815157480315
11
-0.4406993307086614
21
-0.0743142125984252
0
LINE
8
BLACK
6
CONTINUOUS
10
-0.4406993307086614
20
-0.0743142125984252
11
-0.4406845669291338
21
-0.0744140551181102
0
LINE
8
BLACK
6
CONTINUOUS
10
-0.4406845669291338
20
-0.0744140551181102
11
-0.4406679133858268
21
-0.0744542913385827
0
LINE
8
BLACK
6
CONTINUOUS
10
-0.4406679133858268
20
-0.0744542913385827
11
-0.4406465748031496
21
-0.0746712992125984
0
LINE
8
BLACK
6
CONTINUOUS
10
-0.4406465748031496
20
-0.0746712992125984
11
-0.4406146850393701
21
-0.074886811023622
0
LINE
8
BLACK
6
CONTINUOUS
10
-0.4406146850393701
20
-0.074886811023622
11
-0.4406211023622047
21
-0.0749298031496063
0
LINE
8
BLACK
6
CONTINUOUS
10
-0.4406211023622047
20
-0.0749298031496063
11
-0.4406111811023622
21
-0.0750303543307087
0
LINE
8
BLACK
6
CONTINUOUS
10
-0.4406111811023622
20
-0.0750303543307087
11
-0.4406111811023622
21
-0.0844041732283465
0
LINE
8
BLACK
6
CONTINUOUS
10
-0.4406111811023622
20
-0.0844041732283465
11
-0.4406211023622047
21
-0.0845046850393701
0
LINE
8
BLACK
6
CONTINUOUS
10
-0.4406211023622047
20
-0.0845046850393701
11
-0.4406146850393701
21
-0.0845477165354331
0
LINE
8
BLACK
6
CONTINUOUS
10
-0.4406146850393701
20
-0.0845477165354331
11
-0.4406465748031496
21
-0.084763188976378
0
LINE
8
BLACK
6
CONTINUOUS
10
-0.4406465748031496
20
-0.084763188976378
11
-0.4406679133858268
21
-0.0849802362204724
0
LINE
8
BLACK
6
CONTINUOUS
10
-0.4406679133858268
20
-0.0849802362204724
11
-0.4406845669291338
21
-0.0850204330708661
0
LINE
8
BLACK
6
CONTINUOUS
10
-0.4406845669291338
20
-0.0850204330708661
11
-0.4406993307086614
21
-0.0851203149606299
0
LINE
8
BLACK
6
CONTINUOUS
10
-0.4406993307086614
20
-0.0851203149606299
11
-0.442574094488189
21
-0.0926193700787402
0
LINE
8
BLACK
6
CONTINUOUS
10
-0.442574094488189
20
-0.0926193700787402
11
-0.4425892913385827
21
-0.0926618503937008
0
LINE
8
BLACK
6
CONTINUOUS
10
-0.4425892913385827
20
-0.0926618503937008
11
-0.4425907874015748
21
-0.0926831496062992
0
LINE
8
BLACK
6
CONTINUOUS
10
-0.4425907874015748
20
-0.0926831496062992
11
-0.4426825590551181
21
-0.092922874015748
0
LINE
8
BLACK
6
CONTINUOUS
10
-0.4426825590551181
20
-0.092922874015748
11
-0.4427688582677165
21
-0.0931644881889764
0
LINE
8
BLACK
6
CONTINUOUS
10
-0.4427688582677165
20
-0.0931644881889764
11
-0.4427815748031496
21
-0.0931816141732283
0
LINE
8
BLACK
6
CONTINUOUS
10
-0.4427815748031496
20
-0.0931816141732283
11
-0.4427976771653543
21
-0.0932237401574803
0
LINE
8
BLACK
6
CONTINUOUS
10
-0.4427976771653543
20
-0.0932237401574803
11
-0.4446724409448819
21
-0.0969732677165354
0
LINE
8
BLACK
6
CONTINUOUS
10
-0.4446724409448819
20
-0.0969732677165354
11
-0.4448285039370078
21
-0.0972211417322835
0
LINE
8
BLACK
6
CONTINUOUS
10
-0.4448285039370078
20
-0.0972211417322835
11
-0.4448583070866142
21
-0.097293188976378
0
LINE
8
BLACK
6
CONTINUOUS
10
-0.4448583070866142
20
-0.097293188976378
11
-0.444924842519685
21
-0.0973742125984252
0
LINE
8
BLACK
6
CONTINUOUS
10
-0.444924842519685
20
-0.0973742125984252
11
-0.4449807874015748
21
-0.0974631496062992
0
LINE
8
BLACK
6
CONTINUOUS
10
-0.4449807874015748
20
-0.0974631496062992
11
-0.4450398031496063
21
-0.0975142913385827
0
LINE
8
BLACK
6
CONTINUOUS
10
-0.4450398031496063
20
-0.0975142913385827
11
-0.4452255511811024
21
-0.0977406692913386
0
LINE
8
BLACK
6
CONTINUOUS
10
-0.4452255511811024
20
-0.0977406692913386
11
-0.4471002755905512
21
-0.0996154330708661
0
LINE
8
BLACK
6
CONTINUOUS
10
-0.4471002755905512
20
-0.0996154330708661
11
-0.4473266535433071
21
-0.0998011811023622
0
LINE
8
BLACK
6
CONTINUOUS
10
-0.4473266535433071
20
-0.0998011811023622
11
-0.4473778346456693
21
-0.0998602362204724
0
LINE
8
BLACK
6
CONTINUOUS
10
-0.4473778346456693
20
-0.0998602362204724
11
-0.447466811023622
21
-0.0999162204724409
0
LINE
8
BLACK
6
CONTINUOUS
10
-0.447466811023622
20
-0.0999162204724409
11
-0.4475477559055118
21
-0.0999826771653543
0
LINE
8
BLACK
6
CONTINUOUS
10
-0.4475477559055118
20
-0.0999826771653543
11
-0.4476197244094488
21
-0.1000124803149606
0
LINE
8
BLACK
6
CONTINUOUS
10
-0.4476197244094488
20
-0.1000124803149606
11
-0.4478677165354331
21
-0.1001685826771654
0
LINE
8
BLACK
6
CONTINUOUS
10
-0.4478677165354331
20
-0.1001685826771654
11
-0.4516172440944882
21
-0.1020433464566929
0
LINE
8
BLACK
6
CONTINUOUS
10
-0.4516172440944882
20
-0.1020433464566929
11
-0.452157874015748
21
-0.1022502362204724
0
LINE
8
BLACK
6
CONTINUOUS
10
-0.452157874015748
20
-0.1022502362204724
11
-0.4522637007874016
21
-0.1022577165354331
0
LINE
8
BLACK
6
CONTINUOUS
10
-0.4522637007874016
20
-0.1022577165354331
11
-0.4523616929133858
21
-0.1022983464566929
0
LINE
8
BLACK
6
CONTINUOUS
10
-0.4523616929133858
20
-0.1022983464566929
11
-0.4529377559055118
21
-0.1023550787401575
0
LINE
8
BLACK
6
CONTINUOUS
10
-0.4529377559055118
20
-0.1023550787401575
11
-0.4566872834645669
21
-0.1023550787401575
0
LINE
8
BLACK
6
CONTINUOUS
10
-0.4566872834645669
20
-0.1023550787401575
11
-0.4572633464566929
21
-0.1022983464566929
0
LINE
8
BLACK
6
CONTINUOUS
10
-0.4572633464566929
20
-0.1022983464566929
11
-0.4573613385826771
21
-0.1022577559055118
0
LINE
8
BLACK
6
CONTINUOUS
10
-0.4573613385826771
20
-0.1022577559055118
11
-0.4574672047244094
21
-0.1022502362204724
0
LINE
8
BLACK
6
CONTINUOUS
10
-0.4574672047244094
20
-0.1022502362204724
11
-0.4580077952755905
21
-0.1020433464566929
0
LINE
8
BLACK
6
CONTINUOUS
10
-0.4580077952755905
20
-0.1020433464566929
11
-0.4617573228346457
21
-0.1001685826771654
0
LINE
8
BLACK
6
CONTINUOUS
10
-0.4617573228346457
20
-0.1001685826771654
11
-0.4620053543307087
21
-0.1000124803149606
0
LINE
8
BLACK
6
CONTINUOUS
10
-0.4620053543307087
20
-0.1000124803149606
11
-0.4620772834645669
21
-0.0999826771653543
0
LINE
8
BLACK
6
CONTINUOUS
10
-0.4620772834645669
20
-0.0999826771653543
11
-0.4621582677165354
21
-0.0999162204724409
0
LINE
8
BLACK
6
CONTINUOUS
10
-0.4621582677165354
20
-0.0999162204724409
11
-0.4622472047244094
21
-0.0998602362204724
0
LINE
8
BLACK
6
CONTINUOUS
10
-0.4622472047244094
20
-0.0998602362204724
11
-0.4622984251968504
21
-0.0998011811023622
0
LINE
8
BLACK
6
CONTINUOUS
10
-0.4622984251968504
20
-0.0998011811023622
11
-0.4625247637795276
21
-0.0996154330708661
0
LINE
8
BLACK
6
CONTINUOUS
10
-0.4625247637795276
20
-0.0996154330708661
11
-0.4643995275590551
21
-0.0977406299212598
0
LINE
8
BLACK
6
CONTINUOUS
10
-0.4643995275590551
20
-0.0977406299212598
11
-0.4645852755905512
21
-0.0975142913385827
0
LINE
8
BLACK
6
CONTINUOUS
10
-0.4645852755905512
20
-0.0975142913385827
11
-0.464644251968504
21
-0.0974631496062992
0
LINE
8
BLACK
6
CONTINUOUS
10
-0.464644251968504
20
-0.0974631496062992
11
-0.4647002362204724
21
-0.0973742125984252
0
LINE
8
BLACK
6
CONTINUOUS
10
-0.4647002362204724
20
-0.0973742125984252
11
-0.4647667322834645
21
-0.097293188976378
0
LINE
8
BLACK
6
CONTINUOUS
10
-0.4647667322834645
20
-0.097293188976378
11
-0.4647965748031496
21
-0.0972211417322835
0
LINE
8
BLACK
6
CONTINUOUS
10
-0.4647965748031496
20
-0.0972211417322835
11
-0.4649525984251968
21
-0.0969732677165354
0
LINE
8
BLACK
6
CONTINUOUS
10
-0.4649525984251968
20
-0.0969732677165354
11
-0.4668273622047244
21
-0.0932237401574803
0
LINE
8
BLACK
6
CONTINUOUS
10
-0.4668273622047244
20
-0.0932237401574803
11
-0.4668435039370079
21
-0.0931816141732283
0
LINE
8
BLACK
6
CONTINUOUS
10
-0.4668435039370079
20
-0.0931816141732283
11
-0.4668561811023622
21
-0.0931644881889764
0
LINE
8
BLACK
6
CONTINUOUS
10
-0.4668561811023622
20
-0.0931644881889764
11
-0.4669426377952756
21
-0.0929225196850394
0
LINE
8
BLACK
6
CONTINUOUS
10
-0.4669426377952756
20
-0.0929225196850394
11
-0.4670342519685039
21
-0.0926831102362205
0
LINE
8
BLACK
6
CONTINUOUS
10
-0.4670342519685039
20
-0.0926831102362205
11
-0.4670357874015748
21
-0.0926618503937008
0
LINE
8
BLACK
6
CONTINUOUS
10
-0.4670357874015748
20
-0.0926618503937008
11
-0.4670509448818898
21
-0.0926193700787402
0
LINE
8
BLACK
6
CONTINUOUS
10
-0.4670509448818898
20
-0.0926193700787402
11
-0.4689257086614173
21
-0.0851203149606299
0
LINE
8
BLACK
6
CONTINUOUS
10
-0.4689257086614173
20
-0.0851203149606299
11
-0.4689405118110236
21
-0.0850204330708661
0
LINE
8
BLACK
6
CONTINUOUS
10
-0.4689405118110236
20
-0.0850204330708661
11
-0.4689571259842519
21
-0.0849802362204724
0
LINE
8
BLACK
6
CONTINUOUS
10
-0.4689571259842519
20
-0.0849802362204724
11
-0.4689785039370079
21
-0.084763188976378
0
LINE
8
BLACK
6
CONTINUOUS
10
-0.4689785039370079
20
-0.084763188976378
11
-0.4690103543307086
21
-0.0845477165354331
0
LINE
8
BLACK
6
CONTINUOUS
10
-0.4690103543307086
20
-0.0845477165354331
11
-0.4690039763779528
21
-0.0845046850393701
0
LINE
8
BLACK
6
CONTINUOUS
10
-0.4690039763779528
20
-0.0845046850393701
11
-0.4690138582677165
21
-0.0844041732283465
0
LINE
8
BLACK
6
CONTINUOUS
10
-0.4690138582677165
20
-0.0844041732283465
11
-0.4690138582677165
21
-0.0750303543307087
0
LINE
8
BLACK
6
CONTINUOUS
10
-0.4690138582677165
20
-0.0750303543307087
11
-0.4690039763779528
21
-0.0749298031496063
0
LINE
8
BLACK
6
CONTINUOUS
10
-0.4690039763779528
20
-0.0749298031496063
11
-0.4690103543307086
21
-0.074886811023622
0
LINE
8
BLACK
6
CONTINUOUS
10
-0.4690103543307086
20
-0.074886811023622
11
-0.4689785039370079
21
-0.0746712992125984
0
LINE
8
BLACK
6
CONTINUOUS
10
-0.4689785039370079
20
-0.0746712992125984
11
-0.4689571259842519
21
-0.0744542913385827
0
LINE
8
BLACK
6
CONTINUOUS
10
-0.4689571259842519
20
-0.0744542913385827
11
-0.4689405118110236
21
-0.0744140551181102
0
LINE
8
BLACK
6
CONTINUOUS
10
-0.4689405118110236
20
-0.0744140551181102
11
-0.4689257086614173
21
-0.0743142125984252
0
LINE
8
BLACK
6
CONTINUOUS
10
-0.4689257086614173
20
-0.0743142125984252
11
-0.4670509448818898
21
-0.066815157480315
0
LINE
8
BLACK
6
CONTINUOUS
10
-0.4670509448818898
20
-0.066815157480315
11
-0.4670357874015748
21
-0.0667726377952756
0
LINE
8
BLACK
6
CONTINUOUS
10
-0.4670357874015748
20
-0.0667726377952756
11
-0.4670342519685039
21
-0.0667514173228346
0
LINE
8
BLACK
6
CONTINUOUS
10
-0.4670342519685039
20
-0.0667514173228346
11
-0.4669426377952756
21
-0.066511968503937
0
LINE
8
BLACK
6
CONTINUOUS
10
-0.4669426377952756
20
-0.066511968503937
11
-0.4668561811023622
21
-0.0662700393700787
0
LINE
8
BLACK
6
CONTINUOUS
10
-0.4668561811023622
20
-0.0662700393700787
11
-0.4668435039370079
21
-0.066252874015748
0
LINE
8
BLACK
6
CONTINUOUS
10
-0.4668435039370079
20
-0.066252874015748
11
-0.4668273622047244
21
-0.0662107874015748
0
LINE
8
BLACK
6
CONTINUOUS
10
-0.4668273622047244
20
-0.0662107874015748
11
-0.4649525984251968
21
-0.0624612598425197
0
LINE
8
BLACK
6
CONTINUOUS
10
-0.4649525984251968
20
-0.0624612598425197
11
-0.4647965354330709
21
-0.0622132283464567
0
LINE
8
BLACK
6
CONTINUOUS
10
-0.4647965354330709
20
-0.0622132283464567
11
-0.4647666929133858
21
-0.0621412992125984
0
LINE
8
BLACK
6
CONTINUOUS
10
-0.4647666929133858
20
-0.0621412992125984
11
-0.4647002362204724
21
-0.0620603149606299
0
LINE
8
BLACK
6
CONTINUOUS
10
-0.4647002362204724
20
-0.0620603149606299
11
-0.464644251968504
21
-0.0619713779527559
0
LINE
8
BLACK
6
CONTINUOUS
10
-0.464644251968504
20
-0.0619713779527559
11
-0.4645852755905512
21
-0.0619201968503937
0
LINE
8
BLACK
6
CONTINUOUS
10
-0.4645852755905512
20
-0.0619201968503937
11
-0.4643994881889764
21
-0.0616938582677165
0
LINE
8
BLACK
6
CONTINUOUS
10
-0.4643994881889764
20
-0.0616938582677165
11
-0.4625247244094488
21
-0.059819094488189
0
LINE
8
BLACK
6
CONTINUOUS
10
-0.4625247244094488
20
-0.059819094488189
11
-0.4622983858267716
21
-0.0596333070866142
0
LINE
8
BLACK
6
CONTINUOUS
10
-0.4622983858267716
20
-0.0596333070866142
11
-0.4622472047244094
21
-0.0595743307086614
0
LINE
8
BLACK
6
CONTINUOUS
10
-0.4622472047244094
20
-0.0595743307086614
11
-0.4621582677165354
21
-0.0595183464566929
0
LINE
8
BLACK
6
CONTINUOUS
10
-0.4621582677165354
20
-0.0595183464566929
11
-0.4620772834645669
21
-0.0594518897637795
0
LINE
8
BLACK
6
CONTINUOUS
10
-0.4620772834645669
20
-0.0594518897637795
11
-0.4620053543307087
21
-0.0594220472440945
0
LINE
8
BLACK
6
CONTINUOUS
10
-0.4620053543307087
20
-0.0594220472440945
11
-0.4617573228346457
21
-0.0592659842519685
0
LINE
8
BLACK
6
CONTINUOUS
10
-0.4617573228346457
20
-0.0592659842519685
11
-0.4580077952755905
21
-0.0573912204724409
0
LINE
8
BLACK
6
CONTINUOUS
10
-0.4580077952755905
20
-0.0573912204724409
11
-0.4574672047244094
21
-0.0571843307086614
0
LINE
8
BLACK
6
CONTINUOUS
10
-0.4574672047244094
20
-0.0571843307086614
11
-0.4573613385826771
21
-0.0571767716535433
0
LINE
8
BLACK
6
CONTINUOUS
10
-0.4573613385826771
20
-0.0571767716535433
11
-0.4572633464566929
21
-0.0571362204724409
0
LINE
8
BLACK
6
CONTINUOUS
10
-0.4572633464566929
20
-0.0571362204724409
11
-0.4566872834645669
21
-0.0570794881889764
0
LINE
8
BLACK
6
CONTINUOUS
10
-0.4566872834645669
20
-0.0570794881889764
11
-0.4529377559055118
21
-0.0570794881889764
0
LINE
8
BLACK
6
CONTINUOUS
10
-0.4529377559055118
20
-0.0570794881889764
11
-0.4523616929133858
21
-0.0571362204724409
0
LINE
8
BLACK
6
CONTINUOUS
10
-0.4586877165354331
20
-0.0643337401574803
11
-0.459884842519685
21
-0.0655308661417323
0
LINE
8
BLACK
6
CONTINUOUS
10
-0.459884842519685
20
-0.0655308661417323
11
-0.4614003543307086
21
-0.0685618503937008
0
LINE
8
BLACK
6
CONTINUOUS
10
-0.4614003543307086
20
-0.0685618503937008
11
-0.4631083464566929
21
-0.0753938976377953
0
LINE
8
BLACK
6
CONTINUOUS
10
-0.4631083464566929
20
-0.0753938976377953
11
-0.4631083464566929
21
-0.0840406299212598
0
LINE
8
BLACK
6
CONTINUOUS
10
-0.4631083464566929
20
-0.0840406299212598
11
-0.4614003543307086
21
-0.0908726771653543
0
LINE
8
BLACK
6
CONTINUOUS
10
-0.4614003543307086
20
-0.0908726771653543
11
-0.459884842519685
21
-0.0939036614173228
0
LINE
8
BLACK
6
CONTINUOUS
10
-0.459884842519685
20
-0.0939036614173228
11
-0.4586877165354331
21
-0.0951008267716535
0
LINE
8
BLACK
6
CONTINUOUS
10
-0.4586877165354331
20
-0.0951008267716535
11
-0.4559902362204724
21
-0.0964495669291339
0
LINE
8
BLACK
6
CONTINUOUS
10
-0.4559902362204724
20
-0.0964495669291339
11
-0.4536348031496063
21
-0.0964495669291339
0
LINE
8
BLACK
6
CONTINUOUS
10
-0.4536348031496063
20
-0.0964495669291339
11
-0.4509373622047244
21
-0.0951008267716535
0
LINE
8
BLACK
6
CONTINUOUS
10
-0.4509373622047244
20
-0.0951008267716535
11
-0.4497402362204724
21
-0.0939036614173228
0
LINE
8
BLACK
6
CONTINUOUS
10
-0.4497402362204724
20
-0.0939036614173228
11
-0.4482247244094488
21
-0.0908726771653543
0
LINE
8
BLACK
6
CONTINUOUS
10
-0.4482247244094488
20
-0.0908726771653543
11
-0.4465166929133858
21
-0.0840406299212598
0
LINE
8
BLACK
6
CONTINUOUS
10
-0.4465166929133858
20
-0.0840406299212598
11
-0.4465166929133858
21
-0.0753938976377953
0
LINE
8
BLACK
6
CONTINUOUS
10
-0.4465166929133858
20
-0.0753938976377953
11
-0.4482247244094488
21
-0.0685618503937008
0
LINE
8
BLACK
6
CONTINUOUS
10
-0.4482247244094488
20
-0.0685618503937008
11
-0.4497401968503937
21
-0.0655308661417323
0
LINE
8
BLACK
6
CONTINUOUS
10
-0.4497401968503937
20
-0.0655308661417323
11
-0.4509373228346457
21
-0.0643337401574803
0
LINE
8
BLACK
6
CONTINUOUS
10
-0.4509373228346457
20
-0.0643337401574803
11
-0.4536348031496063
21
-0.062985
0
LINE
8
BLACK
6
CONTINUOUS
10
-0.4536348031496063
20
-0.062985
11
-0.4559902362204724
21
-0.062985
0
LINE
8
BLACK
6
CONTINUOUS
10
-0.4559902362204724
20
-0.062985
11
-0.4586877165354331
21
-0.0643337401574803
0
LINE
8
BLACK
6
CONTINUOUS
10
-0.6239538976377953
20
-0.0555922440944882
11
-0.6230835039370078
21
-0.056347125984252
0
LINE
8
BLACK
6
CONTINUOUS
10
-0.6230835039370078
20
-0.056347125984252
11
-0.6225683070866141
21
-0.0573775984251969
0
LINE
8
BLACK
6
CONTINUOUS
10
-0.6225683070866141
20
-0.0573775984251969
11
-0.6224866141732284
21
-0.058526811023622
0
LINE
8
BLACK
6
CONTINUOUS
10
-0.6224866141732284
20
-0.058526811023622
11
-0.6226149606299213
21
-0.0590912598425197
0
LINE
8
BLACK
6
CONTINUOUS
10
-0.6226149606299213
20
-0.0590912598425197
11
-0.6306932677165354
21
-0.0833261811023622
0
LINE
8
BLACK
6
CONTINUOUS
10
-0.6306932677165354
20
-0.0833261811023622
11
-0.6189951181102362
21
-0.0833261811023622
0
LINE
8
BLACK
6
CONTINUOUS
10
-0.6189951181102362
20
-0.0833261811023622
11
-0.6189951181102362
21
-0.0731555905511811
0
LINE
8
BLACK
6
CONTINUOUS
10
-0.6189951181102362
20
-0.0731555905511811
11
-0.6189383858267716
21
-0.0725795275590551
0
LINE
8
BLACK
6
CONTINUOUS
10
-0.6189383858267716
20
-0.0725795275590551
11
-0.6184974803149607
21
-0.0715151181102362
0
LINE
8
BLACK
6
CONTINUOUS
10
-0.6184974803149607
20
-0.0715151181102362
11
-0.6176828346456693
21
-0.0707004724409449
0
LINE
8
BLACK
6
CONTINUOUS
10
-0.6176828346456693
20
-0.0707004724409449
11
-0.6166184251968504
21
-0.0702595669291339
0
LINE
8
BLACK
6
CONTINUOUS
10
-0.6166184251968504
20
-0.0702595669291339
11
-0.6154662992125984
21
-0.0702595669291339
0
LINE
8
BLACK
6
CONTINUOUS
10
-0.6154662992125984
20
-0.0702595669291339
11
-0.6144018897637795
21
-0.0707004724409449
0
LINE
8
BLACK
6
CONTINUOUS
10
-0.6144018897637795
20
-0.0707004724409449
11
-0.6135872440944882
21
-0.0715151181102362
0
LINE
8
BLACK
6
CONTINUOUS
10
-0.6135872440944882
20
-0.0715151181102362
11
-0.6131463385826772
21
-0.0725795275590551
0
LINE
8
BLACK
6
CONTINUOUS
10
-0.6131463385826772
20
-0.0725795275590551
11
-0.6130896062992126
21
-0.0731555905511811
0
LINE
8
BLACK
6
CONTINUOUS
10
-0.6130896062992126
20
-0.0731555905511811
11
-0.6130896062992126
21
-0.0833261811023622
0
LINE
8
BLACK
6
CONTINUOUS
10
-0.6130896062992126
20
-0.0833261811023622
11
-0.6104180708661417
21
-0.0833261811023622
0
LINE
8
BLACK
6
CONTINUOUS
10
-0.6104180708661417
20
-0.0833261811023622
11
-0.6098420078740158
21
-0.0833829133858268
0
LINE
8
BLACK
6
CONTINUOUS
10
-0.6098420078740158
20
-0.0833829133858268
11
-0.6087775984251969
21
-0.0838238188976378
0
LINE
8
BLACK
6
CONTINUOUS
10
-0.6087775984251969
20
-0.0838238188976378
11
-0.6079629527559055
21
-0.0846384645669291
0
LINE
8
BLACK
6
CONTINUOUS
10
-0.6079629527559055
20
-0.0846384645669291
11
-0.6075220472440944
21
-0.085702874015748
0
LINE
8
BLACK
6
CONTINUOUS
10
-0.6075220472440944
20
-0.085702874015748
11
-0.6075220472440944
21
-0.086855
0
LINE
8
BLACK
6
CONTINUOUS
10
-0.6075220472440944
20
-0.086855
11
-0.6079629527559055
21
-0.0879194094488189
0
LINE
8
BLACK
6
CONTINUOUS
10
-0.6079629527559055
20
-0.0879194094488189
11
-0.6087775984251969
21
-0.0887340551181102
0
LINE
8
BLACK
6
CONTINUOUS
10
-0.6087775984251969
20
-0.0887340551181102
11
-0.6098420078740158
21
-0.0891749606299213
0
LINE
8
BLACK
6
CONTINUOUS
10
-0.6098420078740158
20
-0.0891749606299213
11
-0.6104180708661417
21
-0.0892316929133858
0
LINE
8
BLACK
6
CONTINUOUS
10
-0.6104180708661417
20
-0.0892316929133858
11
-0.6130896062992126
21
-0.0892316929133858
0
LINE
8
BLACK
6
CONTINUOUS
10
-0.6130896062992126
20
-0.0892316929133858
11
-0.6130896062992126
21
-0.0994023228346457
0
LINE
8
BLACK
6
CONTINUOUS
10
-0.6130896062992126
20
-0.0994023228346457
11
-0.6131463385826772
21
-0.0999783858267717
0
LINE
8
BLACK
6
CONTINUOUS
10
-0.6131463385826772
20
-0.0999783858267717
11
-0.6135872440944882
21
-0.1010427952755906
0
LINE
8
BLACK
6
CONTINUOUS
10
-0.6135872440944882
20
-0.1010427952755906
11
-0.6144018897637795
21
-0.1018574409448819
0
LINE
8
BLACK
6
CONTINUOUS
10
-0.6144018897637795
20
-0.1018574409448819
11
-0.6154662992125984
21
-0.1022983464566929
0
LINE
8
BLACK
6
CONTINUOUS
10
-0.6154662992125984
20
-0.1022983464566929
11
-0.6166184251968504
21
-0.1022983464566929
0
LINE
8
BLACK
6
CONTINUOUS
10
-0.6166184251968504
20
-0.1022983464566929
11
-0.6176828346456693
21
-0.1018574409448819
0
LINE
8
BLACK
6
CONTINUOUS
10
-0.6176828346456693
20
-0.1018574409448819
11
-0.6184974803149607
21
-0.1010427952755906
0
LINE
8
BLACK
6
CONTINUOUS
10
-0.6184974803149607
20
-0.1010427952755906
11
-0.6189383858267716
21
-0.0999783858267717
0
LINE
8
BLACK
6
CONTINUOUS
10
-0.6189383858267716
20
-0.0999783858267717
11
-0.6189951181102362
21
-0.0994023228346457
0
LINE
8
BLACK
6
CONTINUOUS
10
-0.6189951181102362
20
-0.0994023228346457
11
-0.6189951181102362
21
-0.0892316929133858
0
LINE
8
BLACK
6
CONTINUOUS
10
-0.6189951181102362
20
-0.0892316929133858
11
-0.63479
21
-0.0892316929133858
0
LINE
8
BLACK
6
CONTINUOUS
10
-0.63479
20
-0.0892316929133858
11
-0.6350815748031496
21
-0.0892029527559055
0
LINE
8
BLACK
6
CONTINUOUS
10
-0.6350815748031496
20
-0.0892029527559055
11
-0.6351592913385826
21
-0.0892085039370079
0
LINE
8
BLACK
6
CONTINUOUS
10
-0.6351592913385826
20
-0.0892085039370079
11
-0.6352154330708661
21
-0.0891897637795276
0
LINE
8
BLACK
6
CONTINUOUS
10
-0.6352154330708661
20
-0.0891897637795276
11
-0.6353660629921259
21
-0.0891749606299213
0
LINE
8
BLACK
6
CONTINUOUS
10
-0.6353660629921259
20
-0.0891749606299213
11
-0.6358033858267716
21
-0.0889938188976378
0
LINE
8
BLACK
6
CONTINUOUS
10
-0.6358033858267716
20
-0.0889938188976378
11
-0.6362523228346456
21
-0.0888441732283465
0
LINE
8
BLACK
6
CONTINUOUS
10
-0.6362523228346456
20
-0.0888441732283465
11
-0.6363325196850393
21
-0.0887746062992126
0
LINE
8
BLACK
6
CONTINUOUS
10
-0.6363325196850393
20
-0.0887746062992126
11
-0.6364304724409449
21
-0.0887340551181102
0
LINE
8
BLACK
6
CONTINUOUS
10
-0.6364304724409449
20
-0.0887340551181102
11
-0.6367651181102362
21
-0.0883994094488189
0
LINE
8
BLACK
6
CONTINUOUS
10
-0.6367651181102362
20
-0.0883994094488189
11
-0.6371226771653543
21
-0.0880892913385827
0
LINE
8
BLACK
6
CONTINUOUS
10
-0.6371226771653543
20
-0.0880892913385827
11
-0.6371701181102362
21
-0.0879944094488189
0
LINE
8
BLACK
6
CONTINUOUS
10
-0.6371701181102362
20
-0.0879944094488189
11
-0.6372451181102362
21
-0.0879194094488189
0
LINE
8
BLACK
6
CONTINUOUS
10
-0.6372451181102362
20
-0.0879194094488189
11
-0.6374262992125984
21
-0.0874820472440945
0
LINE
8
BLACK
6
CONTINUOUS
10
-0.6374262992125984
20
-0.0874820472440945
11
-0.637637874015748
21
-0.0870588582677165
0
LINE
8
BLACK
6
CONTINUOUS
10
-0.637637874015748
20
-0.0870588582677165
11
-0.6376453937007874
21
-0.0869530708661417
0
LINE
8
BLACK
6
CONTINUOUS
10
-0.6376453937007874
20
-0.0869530708661417
11
-0.6376860236220472
21
-0.086855
0
LINE
8
BLACK
6
CONTINUOUS
10
-0.6376860236220472
20
-0.086855
11
-0.6376860236220472
21
-0.0863814960629921
0
LINE
8
BLACK
6
CONTINUOUS
10
-0.6376860236220472
20
-0.0863814960629921
11
-0.6377195669291339
21
-0.0859096456692913
0
LINE
8
BLACK
6
CONTINUOUS
10
-0.6377195669291339
20
-0.0859096456692913
11
-0.6376860236220472
21
-0.085762125984252
0
LINE
8
BLACK
6
CONTINUOUS
10
-0.6376860236220472
20
-0.085762125984252
11
-0.6376860236220472
21
-0.085702874015748
0
LINE
8
BLACK
6
CONTINUOUS
10
-0.6376860236220472
20
-0.085702874015748
11
-0.6376561811023622
21
-0.0856307480314961
0
LINE
8
BLACK
6
CONTINUOUS
10
-0.6376561811023622
20
-0.0856307480314961
11
-0.6375912204724409
21
-0.0853451968503937
0
LINE
8
BLACK
6
CONTINUOUS
10
-0.6375912204724409
20
-0.0853451968503937
11
-0.6282174015748031
21
-0.0572237401574803
0
LINE
8
BLACK
6
CONTINUOUS
10
-0.6282174015748031
20
-0.0572237401574803
11
-0.6279814173228346
21
-0.0566951968503937
0
LINE
8
BLACK
6
CONTINUOUS
10
-0.6279814173228346
20
-0.0566951968503937
11
-0.6272265354330708
21
-0.055824842519685
0
LINE
8
BLACK
6
CONTINUOUS
10
-0.6272265354330708
20
-0.055824842519685
11
-0.6261961023622047
21
-0.0553096062992126
0
LINE
8
BLACK
6
CONTINUOUS
10
-0.6261961023622047
20
-0.0553096062992126
11
-0.6250468897637795
21
-0.0552279133858268
0
LINE
8
BLACK
6
CONTINUOUS
10
-0.6250468897637795
20
-0.0552279133858268
11
-0.6239538976377953
21
-0.0555922440944882
0
LINE
8
BLACK
6
CONTINUOUS
10
-0.5944998031496063
20
-0.0928992519685039
11
-0.5937794881889764
21
-0.0931975984251968
0
LINE
8
BLACK
6
CONTINUOUS
10
-0.5937794881889764
20
-0.0931975984251968
11
-0.5937794488188977
21
-0.0931976377952756
0
LINE
8
BLACK
6
CONTINUOUS
10
-0.5937794488188977
20
-0.0931976377952756
11
-0.593331968503937
21
-0.0935648818897638
0
LINE
8
BLACK
6
CONTINUOUS
10
-0.593331968503937
20
-0.0935648818897638
11
-0.5914572440944882
21
-0.0954396456692913
0
LINE
8
BLACK
6
CONTINUOUS
10
-0.5914572440944882
20
-0.0954396456692913
11
-0.59109
21
-0.095887125984252
0
LINE
8
BLACK
6
CONTINUOUS
10
-0.59109
20
-0.095887125984252
11
-0.590717874015748
21
-0.0967855511811024
0
LINE
8
BLACK
6
CONTINUOUS
10
-0.590717874015748
20
-0.0967855511811024
11
-0.5906491338582677
21
-0.0969515354330709
0
LINE
8
BLACK
6
CONTINUOUS
10
-0.5906491338582677
20
-0.0969515354330709
11
-0.5906491338582677
21
-0.0981036220472441
0
LINE
8
BLACK
6
CONTINUOUS
10
-0.5906491338582677
20
-0.0981036220472441
11
-0.5910900393700788
21
-0.099168031496063
0
LINE
8
BLACK
6
CONTINUOUS
10
-0.5910900393700788
20
-0.099168031496063
11
-0.5914572440944882
21
-0.0996154724409449
0
LINE
8
BLACK
6
CONTINUOUS
10
-0.5914572440944882
20
-0.0996154724409449
11
-0.5933320078740157
21
-0.1014902362204724
0
LINE
8
BLACK
6
CONTINUOUS
10
-0.5933320078740157
20
-0.1014902362204724
11
-0.5937794488188977
21
-0.1018574409448819
0
LINE
8
BLACK
6
CONTINUOUS
10
-0.5937794488188977
20
-0.1018574409448819
11
-0.5948438582677166
21
-0.1022983464566929
0
LINE
8
BLACK
6
CONTINUOUS
10
-0.5948438582677166
20
-0.1022983464566929
11
-0.5948438976377952
21
-0.1022983464566929
0
LINE
8
BLACK
6
CONTINUOUS
10
-0.5948438976377952
20
-0.1022983464566929
11
-0.5959959448818898
21
-0.1022983464566929
0
LINE
8
BLACK
6
CONTINUOUS
10
-0.5959959448818898
20
-0.1022983464566929
11
-0.5959959842519685
21
-0.1022983464566929
0
LINE
8
BLACK
6
CONTINUOUS
10
-0.5959959842519685
20
-0.1022983464566929
11
-0.5970603937007873
21
-0.1018574409448819
0
LINE
8
BLACK
6
CONTINUOUS
10
-0.5970603937007873
20
-0.1018574409448819
11
-0.5975078346456693
21
-0.1014902362204724
0
LINE
8
BLACK
6
CONTINUOUS
10
-0.5975078346456693
20
-0.1014902362204724
11
-0.5993825984251968
21
-0.0996154724409449
0
LINE
8
BLACK
6
CONTINUOUS
10
-0.5993825984251968
20
-0.0996154724409449
11
-0.5997498031496062
21
-0.099168031496063
0
LINE
8
BLACK
6
CONTINUOUS
10
-0.5997498031496062
20
-0.099168031496063
11
-0.5999924015748032
21
-0.0985823228346457
0
LINE
8
BLACK
6
CONTINUOUS
10
-0.5999924015748032
20
-0.0985823228346457
11
-0.6001907086614173
21
-0.0981036220472441
0
LINE
8
BLACK
6
CONTINUOUS
10
-0.6001907086614173
20
-0.0981036220472441
11
-0.6001907086614173
21
-0.0969515354330709
0
LINE
8
BLACK
6
CONTINUOUS
10
-0.6001907086614173
20
-0.0969515354330709
11
-0.599749842519685
21
-0.095887125984252
0
LINE
8
BLACK
6
CONTINUOUS
10
-0.599749842519685
20
-0.095887125984252
11
-0.5993826377952756
21
-0.0954396850393701
0
LINE
8
BLACK
6
CONTINUOUS
10
-0.5993826377952756
20
-0.0954396850393701
11
-0.597507874015748
21
-0.0935648818897638
0
LINE
8
BLACK
6
CONTINUOUS
10
-0.597507874015748
20
-0.0935648818897638
11
-0.5970603937007873
21
-0.0931976377952756
0
LINE
8
BLACK
6
CONTINUOUS
10
-0.5970603937007873
20
-0.0931976377952756
11
-0.5970603543307087
21
-0.0931975984251968
0
LINE
8
BLACK
6
CONTINUOUS
10
-0.5970603543307087
20
-0.0931975984251968
11
-0.5963400393700787
21
-0.0928992519685039
0
LINE
8
BLACK
6
CONTINUOUS
10
-0.5963400393700787
20
-0.0928992519685039
11
-0.5959959842519685
21
-0.0927567322834646
0
LINE
8
BLACK
6
CONTINUOUS
10
-0.5959959842519685
20
-0.0927567322834646
11
-0.5948438976377952
21
-0.0927567322834646
0
LINE
8
BLACK
6
CONTINUOUS
10
-0.5948438976377952
20
-0.0927567322834646
11
-0.5948438582677166
21
-0.0927567322834646
0
LINE
8
BLACK
6
CONTINUOUS
10
-0.5948438582677166
20
-0.0927567322834646
11
-0.5944998031496063
21
-0.0928992519685039
0
LINE
8
BLACK
6
CONTINUOUS
10
-0.4927203149606299
20
-0.0555922440944882
11
-0.4918499212598425
21
-0.056347125984252
0
LINE
8
BLACK
6
CONTINUOUS
10
-0.4918499212598425
20
-0.056347125984252
11
-0.4913347244094488
21
-0.0573775984251969
0
LINE
8
BLACK
6
CONTINUOUS
10
-0.4913347244094488
20
-0.0573775984251969
11
-0.491253031496063
21
-0.058526811023622
0
LINE
8
BLACK
6
CONTINUOUS
10
-0.491253031496063
20
-0.058526811023622
11
-0.4913813779527559
21
-0.0590912598425197
0
LINE
8
BLACK
6
CONTINUOUS
10
-0.4913813779527559
20
-0.0590912598425197
11
-0.49945968503937
21
-0.0833261811023622
0
LINE
8
BLACK
6
CONTINUOUS
10
-0.49945968503937
20
-0.0833261811023622
11
-0.4877615354330709
21
-0.0833261811023622
0
LINE
8
BLACK
6
CONTINUOUS
10
-0.4877615354330709
20
-0.0833261811023622
11
-0.4877615354330709
21
-0.0731555905511811
0
LINE
8
BLACK
6
CONTINUOUS
10
-0.4877615354330709
20
-0.0731555905511811
11
-0.4877048031496063
21
-0.0725795275590551
0
LINE
8
BLACK
6
CONTINUOUS
10
-0.4877048031496063
20
-0.0725795275590551
11
-0.4872638976377953
21
-0.0715151181102362
0
LINE
8
BLACK
6
CONTINUOUS
10
-0.4872638976377953
20
-0.0715151181102362
11
-0.4864492519685039
21
-0.0707004724409449
0
LINE
8
BLACK
6
CONTINUOUS
10
-0.4864492519685039
20
-0.0707004724409449
11
-0.4853848425196851
21
-0.0702595669291339
0
LINE
8
BLACK
6
CONTINUOUS
10
-0.4853848425196851
20
-0.0702595669291339
11
-0.484232716535433
21
-0.0702595669291339
0
LINE
8
BLACK
6
CONTINUOUS
10
-0.484232716535433
20
-0.0702595669291339
11
-0.4831683070866142
21
-0.0707004724409449
0
LINE
8
BLACK
6
CONTINUOUS
10
-0.4831683070866142
20
-0.0707004724409449
11
-0.4823536614173228
21
-0.0715151181102362
0
LINE
8
BLACK
6
CONTINUOUS
10
-0.4823536614173228
20
-0.0715151181102362
11
-0.4819127559055118
21
-0.0725795275590551
0
LINE
8
BLACK
6
CONTINUOUS
10
-0.4819127559055118
20
-0.0725795275590551
11
-0.4818560236220472
21
-0.0731555905511811
0
LINE
8
BLACK
6
CONTINUOUS
10
-0.4818560236220472
20
-0.0731555905511811
11
-0.4818560236220472
21
-0.0833261811023622
0
LINE
8
BLACK
6
CONTINUOUS
10
-0.4818560236220472
20
-0.0833261811023622
11
-0.4791844881889764
21
-0.0833261811023622
0
LINE
8
BLACK
6
CONTINUOUS
10
-0.4791844881889764
20
-0.0833261811023622
11
-0.4786084251968504
21
-0.0833829133858268
0
LINE
8
BLACK
6
CONTINUOUS
10
-0.4786084251968504
20
-0.0833829133858268
11
-0.4775440157480315
21
-0.0838238188976378
0
LINE
8
BLACK
6
CONTINUOUS
10
-0.4775440157480315
20
-0.0838238188976378
11
-0.4767293700787402
21
-0.0846384645669291
0
LINE
8
BLACK
6
CONTINUOUS
10
-0.4767293700787402
20
-0.0846384645669291
11
-0.4762884645669291
21
-0.085702874015748
0
LINE
8
BLACK
6
CONTINUOUS
10
-0.4762884645669291
20
-0.085702874015748
11
-0.4762884645669291
21
-0.086855
0
LINE
8
BLACK
6
CONTINUOUS
10
-0.4762884645669291
20
-0.086855
11
-0.4767293700787402
21
-0.0879194094488189
0
LINE
8
BLACK
6
CONTINUOUS
10
-0.4767293700787402
20
-0.0879194094488189
11
-0.4775440157480315
21
-0.0887340551181102
0
LINE
8
BLACK
6
CONTINUOUS
10
-0.4775440157480315
20
-0.0887340551181102
11
-0.4786084251968504
21
-0.0891749606299213
0
LINE
8
BLACK
6
CONTINUOUS
10
-0.4786084251968504
20
-0.0891749606299213
11
-0.4791844881889764
21
-0.0892316929133858
0
LINE
8
BLACK
6
CONTINUOUS
10
-0.4791844881889764
20
-0.0892316929133858
11
-0.4818560236220472
21
-0.0892316929133858
0
LINE
8
BLACK
6
CONTINUOUS
10
-0.4818560236220472
20
-0.0892316929133858
11
-0.4818560236220472
21
-0.0994023228346457
0
LINE
8
BLACK
6
CONTINUOUS
10
-0.4818560236220472
20
-0.0994023228346457
11
-0.4819127559055118
21
-0.0999783858267717
0
LINE
8
BLACK
6
CONTINUOUS
10
-0.4819127559055118
20
-0.0999783858267717
11
-0.4823536614173228
21
-0.1010427952755906
0
LINE
8
BLACK
6
CONTINUOUS
10
-0.4823536614173228
20
-0.1010427952755906
11
-0.4831683070866142
21
-0.1018574409448819
0
LINE
8
BLACK
6
CONTINUOUS
10
-0.4831683070866142
20
-0.1018574409448819
11
-0.484232716535433
21
-0.1022983464566929
0
LINE
8
BLACK
6
CONTINUOUS
10
-0.484232716535433
20
-0.1022983464566929
11
-0.4853848425196851
21
-0.1022983464566929
0
LINE
8
BLACK
6
CONTINUOUS
10
-0.4853848425196851
20
-0.1022983464566929
11
-0.4864492519685039
21
-0.1018574409448819
0
LINE
8
BLACK
6
CONTINUOUS
10
-0.4864492519685039
20
-0.1018574409448819
11
-0.4872638976377953
21
-0.1010427952755906
0
LINE
8
BLACK
6
CONTINUOUS
10
-0.4872638976377953
20
-0.1010427952755906
11
-0.4877048031496063
21
-0.0999783858267717
0
LINE
8
BLACK
6
CONTINUOUS
10
-0.4877048031496063
20
-0.0999783858267717
11
-0.4877615354330709
21
-0.0994023228346457
0
LINE
8
BLACK
6
CONTINUOUS
10
-0.4877615354330709
20
-0.0994023228346457
11
-0.4877615354330709
21
-0.0892316929133858
0
LINE
8
BLACK
6
CONTINUOUS
10
-0.4877615354330709
20
-0.0892316929133858
11
-0.5035564173228346
21
-0.0892316929133858
0
LINE
8
BLACK
6
CONTINUOUS
10
-0.5035564173228346
20
-0.0892316929133858
11
-0.5038479921259842
21
-0.0892029527559055
0
LINE
8
BLACK
6
CONTINUOUS
10
-0.5038479921259842
20
-0.0892029527559055
11
-0.5039257086614173
21
-0.0892085039370079
0
LINE
8
BLACK
6
CONTINUOUS
10
-0.5039257086614173
20
-0.0892085039370079
11
-0.5039818503937008
21
-0.0891897637795276
0
LINE
8
BLACK
6
CONTINUOUS
10
-0.5039818503937008
20
-0.0891897637795276
11
-0.5041324803149606
21
-0.0891749606299213
0
LINE
8
BLACK
6
CONTINUOUS
10
-0.5041324803149606
20
-0.0891749606299213
11
-0.5045698031496063
21
-0.0889938188976378
0
LINE
8
BLACK
6
CONTINUOUS
10
-0.5045698031496063
20
-0.0889938188976378
11
-0.5050187401574803
21
-0.0888441732283465
0
LINE
8
BLACK
6
CONTINUOUS
10
-0.5050187401574803
20
-0.0888441732283465
11
-0.505098937007874
21
-0.0887746062992126
0
LINE
8
BLACK
6
CONTINUOUS
10
-0.505098937007874
20
-0.0887746062992126
11
-0.5051968897637795
21
-0.0887340551181102
0
LINE
8
BLACK
6
CONTINUOUS
10
-0.5051968897637795
20
-0.0887340551181102
11
-0.5055315354330708
21
-0.0883994094488189
0
LINE
8
BLACK
6
CONTINUOUS
10
-0.5055315354330708
20
-0.0883994094488189
11
-0.505889094488189
21
-0.0880892913385827
0
LINE
8
BLACK
6
CONTINUOUS
10
-0.505889094488189
20
-0.0880892913385827
11
-0.5059365354330708
21
-0.0879944094488189
0
LINE
8
BLACK
6
CONTINUOUS
10
-0.5059365354330708
20
-0.0879944094488189
11
-0.5060115354330709
21
-0.0879194094488189
0
LINE
8
BLACK
6
CONTINUOUS
10
-0.5060115354330709
20
-0.0879194094488189
11
-0.5061927165354331
21
-0.0874820472440945
0
LINE
8
BLACK
6
CONTINUOUS
10
-0.5061927165354331
20
-0.0874820472440945
11
-0.5064042913385827
21
-0.0870588582677165
0
LINE
8
BLACK
6
CONTINUOUS
10
-0.5064042913385827
20
-0.0870588582677165
11
-0.506411811023622
21
-0.0869530708661417
0
LINE
8
BLACK
6
CONTINUOUS
10
-0.506411811023622
20
-0.0869530708661417
11
-0.5064524409448818
21
-0.086855
0
LINE
8
BLACK
6
CONTINUOUS
10
-0.5064524409448818
20
-0.086855
11
-0.5064524409448818
21
-0.0863814960629921
0
LINE
8
BLACK
6
CONTINUOUS
10
-0.5064524409448818
20
-0.0863814960629921
11
-0.5064859842519684
21
-0.0859096456692913
0
LINE
8
BLACK
6
CONTINUOUS
10
-0.5064859842519684
20
-0.0859096456692913
11
-0.5064524409448818
21
-0.085762125984252
0
LINE
8
BLACK
6
CONTINUOUS
10
-0.5064524409448818
20
-0.085762125984252
11
-0.5064524409448818
21
-0.085702874015748
0
LINE
8
BLACK
6
CONTINUOUS
10
-0.5064524409448818
20
-0.085702874015748
11
-0.5064225984251969
21
-0.0856307480314961
0
LINE
8
BLACK
6
CONTINUOUS
10
-0.5064225984251969
20
-0.0856307480314961
11
-0.5063576377952755
21
-0.0853451968503937
0
LINE
8
BLACK
6
CONTINUOUS
10
-0.5063576377952755
20
-0.0853451968503937
11
-0.4969838188976378
21
-0.0572237401574803
0
LINE
8
BLACK
6
CONTINUOUS
10
-0.4969838188976378
20
-0.0572237401574803
11
-0.4967478346456693
21
-0.0566951968503937
0
LINE
8
BLACK
6
CONTINUOUS
10
-0.4967478346456693
20
-0.0566951968503937
11
-0.4959929527559055
21
-0.055824842519685
0
LINE
8
BLACK
6
CONTINUOUS
10
-0.4959929527559055
20
-0.055824842519685
11
-0.4949625196850393
21
-0.0553096062992126
0
LINE
8
BLACK
6
CONTINUOUS
10
-0.4949625196850393
20
-0.0553096062992126
11
-0.4938133070866141
21
-0.0552279133858268
0
LINE
8
BLACK
6
CONTINUOUS
10
-0.4938133070866141
20
-0.0552279133858268
11
-0.4927203149606299
21
-0.0555922440944882
0
LINE
8
BLACK
6
CONTINUOUS
10
-0.3848701181102362
20
-0.0702595669291339
11
-0.384772125984252
21
-0.070300157480315
0
LINE
8
BLACK
6
CONTINUOUS
10
-0.384772125984252
20
-0.070300157480315
11
-0.3846662992125984
21
-0.0703076771653543
0
LINE
8
BLACK
6
CONTINUOUS
10
-0.3846662992125984
20
-0.0703076771653543
11
-0.3841256692913386
21
-0.0705145669291339
0
LINE
8
BLACK
6
CONTINUOUS
10
-0.3841256692913386
20
-0.0705145669291339
11
-0.3803761417322835
21
-0.0723893307086614
0
LINE
8
BLACK
6
CONTINUOUS
10
-0.3803761417322835
20
-0.0723893307086614
11
-0.3802798031496063
21
-0.0724499606299213
0
LINE
8
BLACK
6
CONTINUOUS
10
-0.3802798031496063
20
-0.0724499606299213
11
-0.3802343700787402
21
-0.0724651181102362
0
LINE
8
BLACK
6
CONTINUOUS
10
-0.3802343700787402
20
-0.0724651181102362
11
-0.3801778346456693
21
-0.0725141338582677
0
LINE
8
BLACK
6
CONTINUOUS
10
-0.3801778346456693
20
-0.0725141338582677
11
-0.3798862598425197
21
-0.0726976771653543
0
LINE
8
BLACK
6
CONTINUOUS
10
-0.3798862598425197
20
-0.0726976771653543
11
-0.3798218897637795
21
-0.0727718897637795
0
LINE
8
BLACK
6
CONTINUOUS
10
-0.3798218897637795
20
-0.0727718897637795
11
-0.3797575196850393
21
-0.0726976771653543
0
LINE
8
BLACK
6
CONTINUOUS
10
-0.3797575196850393
20
-0.0726976771653543
11
-0.3794659842519685
21
-0.0725141338582677
0
LINE
8
BLACK
6
CONTINUOUS
10
-0.3794659842519685
20
-0.0725141338582677
11
-0.3794094094488189
21
-0.0724651181102362
0
LINE
8
BLACK
6
CONTINUOUS
10
-0.3794094094488189
20
-0.0724651181102362
11
-0.3793640157480315
21
-0.0724499606299213
0
LINE
8
BLACK
6
CONTINUOUS
10
-0.3793640157480315
20
-0.0724499606299213
11
-0.3792676377952756
21
-0.0723893307086614
0
LINE
8
BLACK
6
CONTINUOUS
10
-0.3792676377952756
20
-0.0723893307086614
11
-0.3755181102362204
21
-0.0705145669291339
0
LINE
8
BLACK
6
CONTINUOUS
10
-0.3755181102362204
20
-0.0705145669291339
11
-0.3749775196850393
21
-0.0703076771653543
0
LINE
8
BLACK
6
CONTINUOUS
10
-0.3749775196850393
20
-0.0703076771653543
11
-0.3748716535433071
21
-0.0703001181102362
0
LINE
8
BLACK
6
CONTINUOUS
10
-0.3748716535433071
20
-0.0703001181102362
11
-0.3747736614173228
21
-0.0702595669291339
0
LINE
8
BLACK
6
CONTINUOUS
10
-0.3747736614173228
20
-0.0702595669291339
11
-0.3741975984251968
21
-0.0702028346456693
0
LINE
8
BLACK
6
CONTINUOUS
10
-0.3741975984251968
20
-0.0702028346456693
11
-0.3685733070866142
21
-0.0702028346456693
0
LINE
8
BLACK
6
CONTINUOUS
10
-0.3685733070866142
20
-0.0702028346456693
11
-0.3679972440944882
21
-0.0702595669291339
0
LINE
8
BLACK
6
CONTINUOUS
10
-0.3679972440944882
20
-0.0702595669291339
11
-0.3678992519685039
21
-0.070300157480315
0
LINE
8
BLACK
6
CONTINUOUS
10
-0.3678992519685039
20
-0.070300157480315
11
-0.3677934251968504
21
-0.0703076771653543
0
LINE
8
BLACK
6
CONTINUOUS
10
-0.3677934251968504
20
-0.0703076771653543
11
-0.3672527952755905
21
-0.0705145669291339
0
LINE
8
BLACK
6
CONTINUOUS
10
-0.3672527952755905
20
-0.0705145669291339
11
-0.3635032283464567
21
-0.0723893307086614
0
LINE
8
BLACK
6
CONTINUOUS
10
-0.3635032283464567
20
-0.0723893307086614
11
-0.3634069291338582
21
-0.0724499606299213
0
LINE
8
BLACK
6
CONTINUOUS
10
-0.3634069291338582
20
-0.0724499606299213
11
-0.3633614566929134
21
-0.0724651181102362
0
LINE
8
BLACK
6
CONTINUOUS
10
-0.3633614566929134
20
-0.0724651181102362
11
-0.3633048818897638
21
-0.0725141732283465
0
LINE
8
BLACK
6
CONTINUOUS
10
-0.3633048818897638
20
-0.0725141732283465
11
-0.3630133858267717
21
-0.0726976771653543
0
LINE
8
BLACK
6
CONTINUOUS
10
-0.3630133858267717
20
-0.0726976771653543
11
-0.362770905511811
21
-0.0729772834645669
0
LINE
8
BLACK
6
CONTINUOUS
10
-0.362770905511811
20
-0.0729772834645669
11
-0.362491062992126
21
-0.0732199606299213
0
LINE
8
BLACK
6
CONTINUOUS
10
-0.362491062992126
20
-0.0732199606299213
11
-0.3623075590551181
21
-0.0735114960629921
0
LINE
8
BLACK
6
CONTINUOUS
10
-0.3623075590551181
20
-0.0735114960629921
11
-0.3622585039370079
21
-0.0735680708661417
0
LINE
8
BLACK
6
CONTINUOUS
10
-0.3622585039370079
20
-0.0735680708661417
11
-0.3622433858267716
21
-0.0736134645669291
0
LINE
8
BLACK
6
CONTINUOUS
10
-0.3622433858267716
20
-0.0736134645669291
11
-0.362182716535433
21
-0.073709842519685
0
LINE
8
BLACK
6
CONTINUOUS
10
-0.362182716535433
20
-0.073709842519685
11
-0.3603079527559055
21
-0.0774593700787402
0
LINE
8
BLACK
6
CONTINUOUS
10
-0.3603079527559055
20
-0.0774593700787402
11
-0.360101062992126
21
-0.0779999606299213
0
LINE
8
BLACK
6
CONTINUOUS
10
-0.360101062992126
20
-0.0779999606299213
11
-0.3600935433070866
21
-0.0781058267716535
0
LINE
8
BLACK
6
CONTINUOUS
10
-0.3600935433070866
20
-0.0781058267716535
11
-0.3600529527559055
21
-0.0782038188976378
0
LINE
8
BLACK
6
CONTINUOUS
10
-0.3600529527559055
20
-0.0782038188976378
11
-0.359996220472441
21
-0.0787798818897638
0
LINE
8
BLACK
6
CONTINUOUS
10
-0.359996220472441
20
-0.0787798818897638
11
-0.359996220472441
21
-0.0994023228346457
0
LINE
8
BLACK
6
CONTINUOUS
10
-0.359996220472441
20
-0.0994023228346457
11
-0.3600529527559055
21
-0.0999783858267717
0
LINE
8
BLACK
6
CONTINUOUS
10
-0.3600529527559055
20
-0.0999783858267717
11
-0.3604938582677165
21
-0.1010427952755906
0
LINE
8
BLACK
6
CONTINUOUS
10
-0.3604938582677165
20
-0.1010427952755906
11
-0.3613085039370079
21
-0.1018574409448819
0
LINE
8
BLACK
6
CONTINUOUS
10
-0.3613085039370079
20
-0.1018574409448819
11
-0.3623729133858268
21
-0.1022983464566929
0
LINE
8
BLACK
6
CONTINUOUS
10
-0.3623729133858268
20
-0.1022983464566929
11
-0.3635250393700787
21
-0.1022983464566929
0
LINE
8
BLACK
6
CONTINUOUS
10
-0.3635250393700787
20
-0.1022983464566929
11
-0.3645894488188977
21
-0.1018574409448819
0
LINE
8
BLACK
6
CONTINUOUS
10
-0.3645894488188977
20
-0.1018574409448819
11
-0.3654040944881889
21
-0.1010427952755906
0
LINE
8
BLACK
6
CONTINUOUS
10
-0.3654040944881889
20
-0.1010427952755906
11
-0.365845
21
-0.0999783858267717
0
LINE
8
BLACK
6
CONTINUOUS
10
-0.365845
20
-0.0999783858267717
11
-0.3659017322834646
21
-0.0994023228346457
0
LINE
8
BLACK
6
CONTINUOUS
10
-0.3659017322834646
20
-0.0994023228346457
11
-0.3659017322834646
21
-0.0794769291338583
0
LINE
8
BLACK
6
CONTINUOUS
10
-0.3659017322834646
20
-0.0794769291338583
11
-0.3670246062992126
21
-0.0772311811023622
0
LINE
8
BLACK
6
CONTINUOUS
10
-0.3670246062992126
20
-0.0772311811023622
11
-0.3692703543307087
21
-0.0761083464566929
0
LINE
8
BLACK
6
CONTINUOUS
10
-0.3692703543307087
20
-0.0761083464566929
11
-0.3735005511811024
21
-0.0761083464566929
0
LINE
8
BLACK
6
CONTINUOUS
10
-0.3735005511811024
20
-0.0761083464566929
11
-0.3757462992125984
21
-0.0772311811023622
0
LINE
8
BLACK
6
CONTINUOUS
10
-0.3757462992125984
20
-0.0772311811023622
11
-0.3768691338582677
21
-0.0794769291338583
0
LINE
8
BLACK
6
CONTINUOUS
10
-0.3768691338582677
20
-0.0794769291338583
11
-0.3768691338582677
21
-0.0994023228346457
0
LINE
8
BLACK
6
CONTINUOUS
10
-0.3768691338582677
20
-0.0994023228346457
11
-0.3769258661417323
21
-0.0999783858267717
0
LINE
8
BLACK
6
CONTINUOUS
10
-0.3769258661417323
20
-0.0999783858267717
11
-0.3773667716535433
21
-0.1010427952755906
0
LINE
8
BLACK
6
CONTINUOUS
10
-0.3773667716535433
20
-0.1010427952755906
11
-0.3781814173228346
21
-0.1018574409448819
0
LINE
8
BLACK
6
CONTINUOUS
10
-0.3781814173228346
20
-0.1018574409448819
11
-0.3792458267716535
21
-0.1022983464566929
0
LINE
8
BLACK
6
CONTINUOUS
10
-0.3792458267716535
20
-0.1022983464566929
11
-0.3803979527559055
21
-0.1022983464566929
0
LINE
8
BLACK
6
CONTINUOUS
10
-0.3803979527559055
20
-0.1022983464566929
11
-0.3814623622047244
21
-0.1018574409448819
0
LINE
8
BLACK
6
CONTINUOUS
10
-0.3814623622047244
20
-0.1018574409448819
11
-0.3822770078740158
21
-0.1010427952755906
0
LINE
8
BLACK
6
CONTINUOUS
10
-0.3822770078740158
20
-0.1010427952755906
11
-0.3827179133858268
21
-0.0999783858267717
0
LINE
8
BLACK
6
CONTINUOUS
10
-0.3827179133858268
20
-0.0999783858267717
11
-0.3827746456692913
21
-0.0994023228346457
0
LINE
8
BLACK
6
CONTINUOUS
10
-0.3827746456692913
20
-0.0994023228346457
11
-0.3827746456692913
21
-0.0794769291338583
0
LINE
8
BLACK
6
CONTINUOUS
10
-0.3827746456692913
20
-0.0794769291338583
11
-0.3838975196850394
21
-0.0772311811023622
0
LINE
8
BLACK
6
CONTINUOUS
10
-0.3838975196850394
20
-0.0772311811023622
11
-0.3861432283464567
21
-0.0761083464566929
0
LINE
8
BLACK
6
CONTINUOUS
10
-0.3861432283464567
20
-0.0761083464566929
11
-0.3903734251968504
21
-0.0761083464566929
0
LINE
8
BLACK
6
CONTINUOUS
10
-0.3903734251968504
20
-0.0761083464566929
11
-0.393070905511811
21
-0.0774570866141732
0
LINE
8
BLACK
6
CONTINUOUS
10
-0.393070905511811
20
-0.0774570866141732
11
-0.3937420078740158
21
-0.078128188976378
0
LINE
8
BLACK
6
CONTINUOUS
10
-0.3937420078740158
20
-0.078128188976378
11
-0.3937420078740158
21
-0.0994023228346457
0
LINE
8
BLACK
6
CONTINUOUS
10
-0.3937420078740158
20
-0.0994023228346457
11
-0.3937987401574803
21
-0.0999783858267717
0
LINE
8
BLACK
6
CONTINUOUS
10
-0.3937987401574803
20
-0.0999783858267717
11
-0.3942396456692913
21
-0.1010427952755906
0
LINE
8
BLACK
6
CONTINUOUS
10
-0.3942396456692913
20
-0.1010427952755906
11
-0.3950542913385827
21
-0.1018574409448819
0
LINE
8
BLACK
6
CONTINUOUS
10
-0.3950542913385827
20
-0.1018574409448819
11
-0.3961187007874016
21
-0.1022983464566929
0
LINE
8
BLACK
6
CONTINUOUS
10
-0.3961187007874016
20
-0.1022983464566929
11
-0.3972708267716535
21
-0.1022983464566929
0
LINE
8
BLACK
6
CONTINUOUS
10
-0.3972708267716535
20
-0.1022983464566929
11
-0.3983352362204725
21
-0.1018574409448819
0
LINE
8
BLACK
6
CONTINUOUS
10
-0.3983352362204725
20
-0.1018574409448819
11
-0.3991498818897637
21
-0.1010427952755906
0
LINE
8
BLACK
6
CONTINUOUS
10
-0.3991498818897637
20
-0.1010427952755906
11
-0.3995907874015748
21
-0.0999783858267717
0
LINE
8
BLACK
6
CONTINUOUS
10
-0.3995907874015748
20
-0.0999783858267717
11
-0.3996475196850394
21
-0.0994023228346457
0
LINE
8
BLACK
6
CONTINUOUS
10
-0.3996475196850394
20
-0.0994023228346457
11
-0.3996475196850394
21
-0.0731555905511811
0
LINE
8
BLACK
6
CONTINUOUS
10
-0.3996475196850394
20
-0.0731555905511811
11
-0.3995907874015748
21
-0.0725795275590551
0
LINE
8
BLACK
6
CONTINUOUS
10
-0.3995907874015748
20
-0.0725795275590551
11
-0.3991498818897637
21
-0.0715151181102362
0
LINE
8
BLACK
6
CONTINUOUS
10
-0.3991498818897637
20
-0.0715151181102362
11
-0.3983352362204725
21
-0.0707004724409449
0
LINE
8
BLACK
6
CONTINUOUS
10
-0.3983352362204725
20
-0.0707004724409449
11
-0.3972708267716535
21
-0.0702595669291339
0
LINE
8
BLACK
6
CONTINUOUS
10
-0.3972708267716535
20
-0.0702595669291339
11
-0.3961187007874016
21
-0.0702595669291339
0
LINE
8
BLACK
6
CONTINUOUS
10
-0.3961187007874016
20
-0.0702595669291339
11
-0.3950542913385827
21
-0.0707004724409449
0
LINE
8
BLACK
6
CONTINUOUS
10
-0.3950542913385827
20
-0.0707004724409449
11
-0.3942904724409449
21
-0.0714642913385827
0
LINE
8
BLACK
6
CONTINUOUS
10
-0.3942904724409449
20
-0.0714642913385827
11
-0.3923909842519685
21
-0.0705145669291339
0
LINE
8
BLACK
6
CONTINUOUS
10
-0.3923909842519685
20
-0.0705145669291339
11
-0.3918503937007874
21
-0.0703076771653543
0
LINE
8
BLACK
6
CONTINUOUS
10
-0.3918503937007874
20
-0.0703076771653543
11
-0.3917445275590551
21
-0.0703001181102362
0
LINE
8
BLACK
6
CONTINUOUS
10
-0.3917445275590551
20
-0.0703001181102362
11
-0.3916465354330709
21
-0.0702595669291339
0
LINE
8
BLACK
6
CONTINUOUS
10
-0.3916465354330709
20
-0.0702595669291339
11
-0.3910704724409449
21
-0.0702028346456693
0
LINE
8
BLACK
6
CONTINUOUS
10
-0.3910704724409449
20
-0.0702028346456693
11
-0.3854461811023622
21
-0.0702028346456693
0
LINE
8
BLACK
6
CONTINUOUS
10
-0.3854461811023622
20
-0.0702028346456693
11
-0.3848701181102362
21
-0.0702595669291339
0
LINE
8
BLACK
6
CONTINUOUS
10
-0.3323766929133858
20
-0.0702595669291339
11
-0.3322787007874016
21
-0.070300157480315
0
LINE
8
BLACK
6
CONTINUOUS
10
-0.3322787007874016
20
-0.070300157480315
11
-0.332172874015748
21
-0.0703076771653543
0
LINE
8
BLACK
6
CONTINUOUS
10
-0.332172874015748
20
-0.0703076771653543
11
-0.3316322440944882
21
-0.0705145669291339
0
LINE
8
BLACK
6
CONTINUOUS
10
-0.3316322440944882
20
-0.0705145669291339
11
-0.327882716535433
21
-0.0723893307086614
0
LINE
8
BLACK
6
CONTINUOUS
10
-0.327882716535433
20
-0.0723893307086614
11
-0.3277863779527559
21
-0.0724499606299213
0
LINE
8
BLACK
6
CONTINUOUS
10
-0.3277863779527559
20
-0.0724499606299213
11
-0.3277409448818898
21
-0.0724651181102362
0
LINE
8
BLACK
6
CONTINUOUS
10
-0.3277409448818898
20
-0.0724651181102362
11
-0.3276844094488189
21
-0.0725141338582677
0
LINE
8
BLACK
6
CONTINUOUS
10
-0.3276844094488189
20
-0.0725141338582677
11
-0.3273928346456693
21
-0.0726976771653543
0
LINE
8
BLACK
6
CONTINUOUS
10
-0.3273928346456693
20
-0.0726976771653543
11
-0.3273284645669291
21
-0.0727718897637795
0
LINE
8
BLACK
6
CONTINUOUS
10
-0.3273284645669291
20
-0.0727718897637795
11
-0.327264094488189
21
-0.0726976771653543
0
LINE
8
BLACK
6
CONTINUOUS
10
-0.327264094488189
20
-0.0726976771653543
11
-0.3269725590551181
21
-0.0725141338582677
0
LINE
8
BLACK
6
CONTINUOUS
10
-0.3269725590551181
20
-0.0725141338582677
11
-0.3269159842519685
21
-0.0724651181102362
0
LINE
8
BLACK
6
CONTINUOUS
10
-0.3269159842519685
20
-0.0724651181102362
11
-0.3268705905511811
21
-0.0724499606299213
0
LINE
8
BLACK
6
CONTINUOUS
10
-0.3268705905511811
20
-0.0724499606299213
11
-0.3267742125984252
21
-0.0723893307086614
0
LINE
8
BLACK
6
CONTINUOUS
10
-0.3267742125984252
20
-0.0723893307086614
11
-0.3230246850393701
21
-0.0705145669291339
0
LINE
8
BLACK
6
CONTINUOUS
10
-0.3230246850393701
20
-0.0705145669291339
11
-0.322484094488189
21
-0.0703076771653543
0
LINE
8
BLACK
6
CONTINUOUS
10
-0.322484094488189
20
-0.0703076771653543
11
-0.3223782283464567
21
-0.0703001181102362
0
LINE
8
BLACK
6
CONTINUOUS
10
-0.3223782283464567
20
-0.0703001181102362
11
-0.3222802362204724
21
-0.0702595669291339
0
LINE
8
BLACK
6
CONTINUOUS
10
-0.3222802362204724
20
-0.0702595669291339
11
-0.3217041732283464
21
-0.0702028346456693
0
LINE
8
BLACK
6
CONTINUOUS
10
-0.3217041732283464
20
-0.0702028346456693
11
-0.3160798818897638
21
-0.0702028346456693
0
LINE
8
BLACK
6
CONTINUOUS
10
-0.3160798818897638
20
-0.0702028346456693
11
-0.3155038188976378
21
-0.0702595669291339
0
LINE
8
BLACK
6
CONTINUOUS
10
-0.3155038188976378
20
-0.0702595669291339
11
-0.3154058267716535
21
-0.070300157480315
0
LINE
8
BLACK
6
CONTINUOUS
10
-0.3154058267716535
20
-0.070300157480315
11
-0.3153
21
-0.0703076771653543
0
LINE
8
BLACK
6
CONTINUOUS
10
-0.3153
20
-0.0703076771653543
11
-0.3147593700787402
21
-0.0705145669291339
0
LINE
8
BLACK
6
CONTINUOUS
10
-0.3147593700787402
20
-0.0705145669291339
11
-0.3110098031496063
21
-0.0723893307086614
0
LINE
8
BLACK
6
CONTINUOUS
10
-0.3110098031496063
20
-0.0723893307086614
11
-0.3109135039370078
21
-0.0724499606299213
0
LINE
8
BLACK
6
CONTINUOUS
10
-0.3109135039370078
20
-0.0724499606299213
11
-0.310868031496063
21
-0.0724651181102362
0
LINE
8
BLACK
6
CONTINUOUS
10
-0.310868031496063
20
-0.0724651181102362
11
-0.3108114566929134
21
-0.0725141732283465
0
LINE
8
BLACK
6
CONTINUOUS
10
-0.3108114566929134
20
-0.0725141732283465
11
-0.3105199606299213
21
-0.0726976771653543
0
LINE
8
BLACK
6
CONTINUOUS
10
-0.3105199606299213
20
-0.0726976771653543
11
-0.3102774803149606
21
-0.0729772834645669
0
LINE
8
BLACK
6
CONTINUOUS
10
-0.3102774803149606
20
-0.0729772834645669
11
-0.3099976377952756
21
-0.0732199606299213
0
LINE
8
BLACK
6
CONTINUOUS
10
-0.3099976377952756
20
-0.0732199606299213
11
-0.3098141338582677
21
-0.0735114960629921
0
LINE
8
BLACK
6
CONTINUOUS
10
-0.3098141338582677
20
-0.0735114960629921
11
-0.3097650787401575
21
-0.0735680708661417
0
LINE
8
BLACK
6
CONTINUOUS
10
-0.3097650787401575
20
-0.0735680708661417
11
-0.3097499606299213
21
-0.0736134645669291
0
LINE
8
BLACK
6
CONTINUOUS
10
-0.3097499606299213
20
-0.0736134645669291
11
-0.3096892913385827
21
-0.073709842519685
0
LINE
8
BLACK
6
CONTINUOUS
10
-0.3096892913385827
20
-0.073709842519685
11
-0.3078145275590551
21
-0.0774593700787402
0
LINE
8
BLACK
6
CONTINUOUS
10
-0.3078145275590551
20
-0.0774593700787402
11
-0.3076076377952756
21
-0.0779999606299213
0
LINE
8
BLACK
6
CONTINUOUS
10
-0.3076076377952756
20
-0.0779999606299213
11
-0.3076001181102362
21
-0.0781058267716535
0
LINE
8
BLACK
6
CONTINUOUS
10
-0.3076001181102362
20
-0.0781058267716535
11
-0.3075595275590551
21
-0.0782038188976378
0
LINE
8
BLACK
6
CONTINUOUS
10
-0.3075595275590551
20
-0.0782038188976378
11
-0.3075027952755905
21
-0.0787798818897638
0
LINE
8
BLACK
6
CONTINUOUS
10
-0.3075027952755905
20
-0.0787798818897638
11
-0.3075027952755905
21
-0.0994023228346457
0
LINE
8
BLACK
6
CONTINUOUS
10
-0.3075027952755905
20
-0.0994023228346457
11
-0.3075595275590551
21
-0.0999783858267717
0
LINE
8
BLACK
6
CONTINUOUS
10
-0.3075595275590551
20
-0.0999783858267717
11
-0.3080004330708661
21
-0.1010427952755906
0
LINE
8
BLACK
6
CONTINUOUS
10
-0.3080004330708661
20
-0.1010427952755906
11
-0.3088150787401575
21
-0.1018574409448819
0
LINE
8
BLACK
6
CONTINUOUS
10
-0.3088150787401575
20
-0.1018574409448819
11
-0.3098794881889764
21
-0.1022983464566929
0
LINE
8
BLACK
6
CONTINUOUS
10
-0.3098794881889764
20
-0.1022983464566929
11
-0.3110316141732283
21
-0.1022983464566929
0
LINE
8
BLACK
6
CONTINUOUS
10
-0.3110316141732283
20
-0.1022983464566929
11
-0.3120960236220472
21
-0.1018574409448819
0
LINE
8
BLACK
6
CONTINUOUS
10
-0.3120960236220472
20
-0.1018574409448819
11
-0.3129106692913386
21
-0.1010427952755906
0
LINE
8
BLACK
6
CONTINUOUS
10
-0.3129106692913386
20
-0.1010427952755906
11
-0.3133515748031496
21
-0.0999783858267717
0
LINE
8
BLACK
6
CONTINUOUS
10
-0.3133515748031496
20
-0.0999783858267717
11
-0.3134083070866142
21
-0.0994023228346457
0
LINE
8
BLACK
6
CONTINUOUS
10
-0.3134083070866142
20
-0.0994023228346457
11
-0.3134083070866142
21
-0.0794769291338583
0
LINE
8
BLACK
6
CONTINUOUS
10
-0.3134083070866142
20
-0.0794769291338583
11
-0.3145311811023622
21
-0.0772311811023622
0
LINE
8
BLACK
6
CONTINUOUS
10
-0.3145311811023622
20
-0.0772311811023622
11
-0.3167769291338582
21
-0.0761083464566929
0
LINE
8
BLACK
6
CONTINUOUS
10
-0.3167769291338582
20
-0.0761083464566929
11
-0.321007125984252
21
-0.0761083464566929
0
LINE
8
BLACK
6
CONTINUOUS
10
-0.321007125984252
20
-0.0761083464566929
11
-0.323252874015748
21
-0.0772311811023622
0
LINE
8
BLACK
6
CONTINUOUS
10
-0.323252874015748
20
-0.0772311811023622
11
-0.3243757086614173
21
-0.0794769291338583
0
LINE
8
BLACK
6
CONTINUOUS
10
-0.3243757086614173
20
-0.0794769291338583
11
-0.3243757086614173
21
-0.0994023228346457
0
LINE
8
BLACK
6
CONTINUOUS
10
-0.3243757086614173
20
-0.0994023228346457
11
-0.3244324409448819
21
-0.0999783858267717
0
LINE
8
BLACK
6
CONTINUOUS
10
-0.3244324409448819
20
-0.0999783858267717
11
-0.3248733464566929
21
-0.1010427952755906
0
LINE
8
BLACK
6
CONTINUOUS
10
-0.3248733464566929
20
-0.1010427952755906
11
-0.3256879921259843
21
-0.1018574409448819
0
LINE
8
BLACK
6
CONTINUOUS
10
-0.3256879921259843
20
-0.1018574409448819
11
-0.3267524015748031
21
-0.1022983464566929
0
LINE
8
BLACK
6
CONTINUOUS
10
-0.3267524015748031
20
-0.1022983464566929
11
-0.3279045275590551
21
-0.1022983464566929
0
LINE
8
BLACK
6
CONTINUOUS
10
-0.3279045275590551
20
-0.1022983464566929
11
-0.328968937007874
21
-0.1018574409448819
0
LINE
8
BLACK
6
CONTINUOUS
10
-0.328968937007874
20
-0.1018574409448819
11
-0.3297835826771653
21
-0.1010427952755906
0
LINE
8
BLACK
6
CONTINUOUS
10
-0.3297835826771653
20
-0.1010427952755906
11
-0.3302244881889764
21
-0.0999783858267717
0
LINE
8
BLACK
6
CONTINUOUS
10
-0.3302244881889764
20
-0.0999783858267717
11
-0.330281220472441
21
-0.0994023228346457
0
LINE
8
BLACK
6
CONTINUOUS
10
-0.330281220472441
20
-0.0994023228346457
11
-0.330281220472441
21
-0.0794769291338583
0
LINE
8
BLACK
6
CONTINUOUS
10
-0.330281220472441
20
-0.0794769291338583
11
-0.331404094488189
21
-0.0772311811023622
0
LINE
8
BLACK
6
CONTINUOUS
10
-0.331404094488189
20
-0.0772311811023622
11
-0.3336498031496063
21
-0.0761083464566929
0
LINE
8
BLACK
6
CONTINUOUS
10
-0.3336498031496063
20
-0.0761083464566929
11
-0.33788
21
-0.0761083464566929
0
LINE
8
BLACK
6
CONTINUOUS
10
-0.33788
20
-0.0761083464566929
11
-0.3405774803149606
21
-0.0774570866141732
0
LINE
8
BLACK
6
CONTINUOUS
10
-0.3405774803149606
20
-0.0774570866141732
11
-0.3412485826771653
21
-0.078128188976378
0
LINE
8
BLACK
6
CONTINUOUS
10
-0.3412485826771653
20
-0.078128188976378
11
-0.3412485826771653
21
-0.0994023228346457
0
LINE
8
BLACK
6
CONTINUOUS
10
-0.3412485826771653
20
-0.0994023228346457
11
-0.3413053149606299
21
-0.0999783858267717
0
LINE
8
BLACK
6
CONTINUOUS
10
-0.3413053149606299
20
-0.0999783858267717
11
-0.341746220472441
21
-0.1010427952755906
0
LINE
8
BLACK
6
CONTINUOUS
10
-0.341746220472441
20
-0.1010427952755906
11
-0.3425608661417323
21
-0.1018574409448819
0
LINE
8
BLACK
6
CONTINUOUS
10
-0.3425608661417323
20
-0.1018574409448819
11
-0.3436252755905512
21
-0.1022983464566929
0
LINE
8
BLACK
6
CONTINUOUS
10
-0.3436252755905512
20
-0.1022983464566929
11
-0.3447774015748031
21
-0.1022983464566929
0
LINE
8
BLACK
6
CONTINUOUS
10
-0.3447774015748031
20
-0.1022983464566929
11
-0.345841811023622
21
-0.1018574409448819
0
LINE
8
BLACK
6
CONTINUOUS
10
-0.345841811023622
20
-0.1018574409448819
11
-0.3466564566929134
21
-0.1010427952755906
0
LINE
8
BLACK
6
CONTINUOUS
10
-0.3466564566929134
20
-0.1010427952755906
11
-0.3470973622047244
21
-0.0999783858267717
0
LINE
8
BLACK
6
CONTINUOUS
10
-0.3470973622047244
20
-0.0999783858267717
11
-0.347154094488189
21
-0.0994023228346457
0
LINE
8
BLACK
6
CONTINUOUS
10
-0.347154094488189
20
-0.0994023228346457
11
-0.347154094488189
21
-0.0731555905511811
0
LINE
8
BLACK
6
CONTINUOUS
10
-0.347154094488189
20
-0.0731555905511811
11
-0.3470973622047244
21
-0.0725795275590551
0
LINE
8
BLACK
6
CONTINUOUS
10
-0.3470973622047244
20
-0.0725795275590551
11
-0.3466564566929134
21
-0.0715151181102362
0
LINE
8
BLACK
6
CONTINUOUS
10
-0.3466564566929134
20
-0.0715151181102362
11
-0.345841811023622
21
-0.0707004724409449
0
LINE
8
BLACK
6
CONTINUOUS
10
-0.345841811023622
20
-0.0707004724409449
11
-0.3447774015748031
21
-0.0702595669291339
0
LINE
8
BLACK
6
CONTINUOUS
10
-0.3447774015748031
20
-0.0702595669291339
11
-0.3436252755905512
21
-0.0702595669291339
0
LINE
8
BLACK
6
CONTINUOUS
10
-0.3436252755905512
20
-0.0702595669291339
11
-0.3425608661417323
21
-0.0707004724409449
0
LINE
8
BLACK
6
CONTINUOUS
10
-0.3425608661417323
20
-0.0707004724409449
11
-0.3417970472440945
21
-0.0714642913385827
0
LINE
8
BLACK
6
CONTINUOUS
10
-0.3417970472440945
20
-0.0714642913385827
11
-0.3398975590551181
21
-0.0705145669291339
0
LINE
8
BLACK
6
CONTINUOUS
10
-0.3398975590551181
20
-0.0705145669291339
11
-0.339356968503937
21
-0.0703076771653543
0
LINE
8
BLACK
6
CONTINUOUS
10
-0.339356968503937
20
-0.0703076771653543
11
-0.3392511023622047
21
-0.0703001181102362
0
LINE
8
BLACK
6
CONTINUOUS
10
-0.3392511023622047
20
-0.0703001181102362
11
-0.3391531102362205
21
-0.0702595669291339
0
LINE
8
BLACK
6
CONTINUOUS
10
-0.3391531102362205
20
-0.0702595669291339
11
-0.3385770472440945
21
-0.0702028346456693
0
LINE
8
BLACK
6
CONTINUOUS
10
-0.3385770472440945
20
-0.0702028346456693
11
-0.3329527559055118
21
-0.0702028346456693
0
LINE
8
BLACK
6
CONTINUOUS
10
-0.3329527559055118
20
-0.0702028346456693
11
-0.3323766929133858
21
-0.0702595669291339
0
LINE
8
BLACK
6
CONTINUOUS
10
-1.8614745669291337
20
1.5336984645669292
11
-1.8613765748031497
21
1.533657874015748
0
LINE
8
BLACK
6
CONTINUOUS
10
-1.8613765748031497
20
1.533657874015748
11
-1.8612707480314961
21
1.5336503543307087
0
LINE
8
BLACK
6
CONTINUOUS
10
-1.8612707480314961
20
1.5336503543307087
11
-1.8607301181102363
21
1.533443464566929
0
LINE
8
BLACK
6
CONTINUOUS
10
-1.8607301181102363
20
1.533443464566929
11
-1.8569805905511811
21
1.5315687007874015
0
LINE
8
BLACK
6
CONTINUOUS
10
-1.8569805905511811
20
1.5315687007874015
11
-1.8567325984251968
21
1.5314126377952755
0
LINE
8
BLACK
6
CONTINUOUS
10
-1.8567325984251968
20
1.5314126377952755
11
-1.8566606299212598
21
1.5313827952755905
0
LINE
8
BLACK
6
CONTINUOUS
10
-1.8566606299212598
20
1.5313827952755905
11
-1.8565796850393701
21
1.5313163385826771
0
LINE
8
BLACK
6
CONTINUOUS
10
-1.8565796850393701
20
1.5313163385826771
11
-1.8564907086614173
21
1.5312603543307086
0
LINE
8
BLACK
6
CONTINUOUS
10
-1.8564907086614173
20
1.5312603543307086
11
-1.8564395669291338
21
1.5312013779527558
0
LINE
8
BLACK
6
CONTINUOUS
10
-1.8564395669291338
20
1.5312013779527558
11
-1.856213188976378
21
1.5310155905511811
0
LINE
8
BLACK
6
CONTINUOUS
10
-1.856213188976378
20
1.5310155905511811
11
-1.8545515748031496
21
1.5293539763779527
0
LINE
8
BLACK
6
CONTINUOUS
10
-1.8545515748031496
20
1.5293539763779527
11
-1.8528899606299212
21
1.5310155905511811
0
LINE
8
BLACK
6
CONTINUOUS
10
-1.8528899606299212
20
1.5310155905511811
11
-1.8526636220472441
21
1.5312013779527558
0
LINE
8
BLACK
6
CONTINUOUS
10
-1.8526636220472441
20
1.5312013779527558
11
-1.8526124409448819
21
1.5312603543307086
0
LINE
8
BLACK
6
CONTINUOUS
10
-1.8526124409448819
20
1.5312603543307086
11
-1.8525235039370078
21
1.5313163385826771
0
LINE
8
BLACK
6
CONTINUOUS
10
-1.8525235039370078
20
1.5313163385826771
11
-1.8524425196850394
21
1.5313827952755905
0
LINE
8
BLACK
6
CONTINUOUS
10
-1.8524425196850394
20
1.5313827952755905
11
-1.8523705905511811
21
1.5314126377952755
0
LINE
8
BLACK
6
CONTINUOUS
10
-1.8523705905511811
20
1.5314126377952755
11
-1.852122559055118
21
1.5315687007874015
0
LINE
8
BLACK
6
CONTINUOUS
10
-1.852122559055118
20
1.5315687007874015
11
-1.8483730314960629
21
1.533443464566929
0
LINE
8
BLACK
6
CONTINUOUS
10
-1.8483730314960629
20
1.533443464566929
11
-1.8478324409448819
21
1.5336503543307087
0
LINE
8
BLACK
6
CONTINUOUS
10
-1.8478324409448819
20
1.5336503543307087
11
-1.8477265748031495
21
1.5336579133858268
0
LINE
8
BLACK
6
CONTINUOUS
10
-1.8477265748031495
20
1.5336579133858268
11
-1.8476285826771652
21
1.5336984645669292
0
LINE
8
BLACK
6
CONTINUOUS
10
-1.8476285826771652
20
1.5336984645669292
11
-1.8470525196850394
21
1.5337551968503937
0
LINE
8
BLACK
6
CONTINUOUS
10
-1.8470525196850394
20
1.5337551968503937
11
-1.8395534645669291
21
1.5337551968503937
0
LINE
8
BLACK
6
CONTINUOUS
10
-1.8395534645669291
20
1.5337551968503937
11
-1.8389774015748031
21
1.5336984645669292
0
LINE
8
BLACK
6
CONTINUOUS
10
-1.8389774015748031
20
1.5336984645669292
11
-1.8388794094488188
21
1.533657874015748
0
LINE
8
BLACK
6
CONTINUOUS
10
-1.8388794094488188
20
1.533657874015748
11
-1.8387735826771654
21
1.5336503543307087
0
LINE
8
BLACK
6
CONTINUOUS
10
-1.8387735826771654
20
1.5336503543307087
11
-1.8382329527559054
21
1.533443464566929
0
LINE
8
BLACK
6
CONTINUOUS
10
-1.8382329527559054
20
1.533443464566929
11
-1.8344834251968503
21
1.5315687007874015
0
LINE
8
BLACK
6
CONTINUOUS
10
-1.8344834251968503
20
1.5315687007874015
11
-1.8342355511811024
21
1.5314126771653542
0
LINE
8
BLACK
6
CONTINUOUS
10
-1.8342355511811024
20
1.5314126771653542
11
-1.8341635039370079
21
1.5313828346456693
0
LINE
8
BLACK
6
CONTINUOUS
10
-1.8341635039370079
20
1.5313828346456693
11
-1.8340824803149607
21
1.5313163385826771
0
LINE
8
BLACK
6
CONTINUOUS
10
-1.8340824803149607
20
1.5313163385826771
11
-1.8339935433070866
21
1.5312603543307086
0
LINE
8
BLACK
6
CONTINUOUS
10
-1.8339935433070866
20
1.5312603543307086
11
-1.8339424015748031
21
1.5312013779527558
0
LINE
8
BLACK
6
CONTINUOUS
10
-1.8339424015748031
20
1.5312013779527558
11
-1.8337160629921259
21
1.5310156299212598
0
LINE
8
BLACK
6
CONTINUOUS
10
-1.8337160629921259
20
1.5310156299212598
11
-1.8318412598425196
21
1.5291408661417323
0
LINE
8
BLACK
6
CONTINUOUS
10
-1.8318412598425196
20
1.5291408661417323
11
-1.8316555118110236
21
1.528914527559055
0
LINE
8
BLACK
6
CONTINUOUS
10
-1.8316555118110236
20
1.528914527559055
11
-1.8315964566929133
21
1.5288633070866142
0
LINE
8
BLACK
6
CONTINUOUS
10
-1.8315964566929133
20
1.5288633070866142
11
-1.8315404724409448
21
1.5287743700787402
0
LINE
8
BLACK
6
CONTINUOUS
10
-1.8315404724409448
20
1.5287743700787402
11
-1.8314740157480314
21
1.5286933858267717
0
LINE
8
BLACK
6
CONTINUOUS
10
-1.8314740157480314
20
1.5286933858267717
11
-1.8314442125984252
21
1.5286214566929133
0
LINE
8
BLACK
6
CONTINUOUS
10
-1.8314442125984252
20
1.5286214566929133
11
-1.8312881102362204
21
1.5283734251968504
0
LINE
8
BLACK
6
CONTINUOUS
10
-1.8312881102362204
20
1.5283734251968504
11
-1.8294133464566928
21
1.5246238976377953
0
LINE
8
BLACK
6
CONTINUOUS
10
-1.8294133464566928
20
1.5246238976377953
11
-1.8292064566929134
21
1.5240833070866142
0
LINE
8
BLACK
6
CONTINUOUS
10
-1.8292064566929134
20
1.5240833070866142
11
-1.8291989370078741
21
1.5239774409448819
0
LINE
8
BLACK
6
CONTINUOUS
10
-1.8291989370078741
20
1.5239774409448819
11
-1.829158346456693
21
1.5238794488188976
0
LINE
8
BLACK
6
CONTINUOUS
10
-1.829158346456693
20
1.5238794488188976
11
-1.8291016141732284
21
1.5233033858267717
0
LINE
8
BLACK
6
CONTINUOUS
10
-1.8291016141732284
20
1.5233033858267717
11
-1.8291016141732284
21
1.5158043307086613
0
LINE
8
BLACK
6
CONTINUOUS
10
-1.8291016141732284
20
1.5158043307086613
11
-1.829158346456693
21
1.5152282677165354
0
LINE
8
BLACK
6
CONTINUOUS
10
-1.829158346456693
20
1.5152282677165354
11
-1.8291989370078741
21
1.5151303149606299
0
LINE
8
BLACK
6
CONTINUOUS
10
-1.8291989370078741
20
1.5151303149606299
11
-1.8292064566929134
21
1.5150244094488188
0
LINE
8
BLACK
6
CONTINUOUS
10
-1.8292064566929134
20
1.5150244094488188
11
-1.8294133464566928
21
1.5144838188976377
0
LINE
8
BLACK
6
CONTINUOUS
10
-1.8294133464566928
20
1.5144838188976377
11
-1.8312881102362204
21
1.5107342913385826
0
LINE
8
BLACK
6
CONTINUOUS
10
-1.8312881102362204
20
1.5107342913385826
11
-1.8314442125984252
21
1.5104862992125985
0
LINE
8
BLACK
6
CONTINUOUS
10
-1.8314442125984252
20
1.5104862992125985
11
-1.8314740157480314
21
1.5104143307086615
0
LINE
8
BLACK
6
CONTINUOUS
10
-1.8314740157480314
20
1.5104143307086615
11
-1.8315404724409448
21
1.5103333858267716
0
LINE
8
BLACK
6
CONTINUOUS
10
-1.8315404724409448
20
1.5103333858267716
11
-1.8315964566929133
21
1.5102444094488188
0
LINE
8
BLACK
6
CONTINUOUS
10
-1.8315964566929133
20
1.5102444094488188
11
-1.8316555118110236
21
1.5101932283464568
0
LINE
8
BLACK
6
CONTINUOUS
10
-1.8316555118110236
20
1.5101932283464568
11
-1.8318412598425196
21
1.5099668503937007
0
LINE
8
BLACK
6
CONTINUOUS
10
-1.8318412598425196
20
1.5099668503937007
11
-1.8337160629921259
21
1.5080920866141732
0
LINE
8
BLACK
6
CONTINUOUS
10
-1.8337160629921259
20
1.5080920866141732
11
-1.8339424015748031
21
1.5079063779527559
0
LINE
8
BLACK
6
CONTINUOUS
10
-1.8339424015748031
20
1.5079063779527559
11
-1.8339935433070866
21
1.5078473622047244
0
LINE
8
BLACK
6
CONTINUOUS
10
-1.8339935433070866
20
1.5078473622047244
11
-1.8340824803149607
21
1.5077914173228346
0
LINE
8
BLACK
6
CONTINUOUS
10
-1.8340824803149607
20
1.5077914173228346
11
-1.8341635039370079
21
1.5077248818897637
0
LINE
8
BLACK
6
CONTINUOUS
10
-1.8341635039370079
20
1.5077248818897637
11
-1.8342355511811024
21
1.5076950787401575
0
LINE
8
BLACK
6
CONTINUOUS
10
-1.8342355511811024
20
1.5076950787401575
11
-1.8344834251968503
21
1.5075390157480315
0
LINE
8
BLACK
6
CONTINUOUS
10
-1.8344834251968503
20
1.5075390157480315
11
-1.8382329527559054
21
1.505664251968504
0
LINE
8
BLACK
6
CONTINUOUS
10
-1.8382329527559054
20
1.505664251968504
11
-1.8387735826771654
21
1.5054573622047245
0
LINE
8
BLACK
6
CONTINUOUS
10
-1.8387735826771654
20
1.5054573622047245
11
-1.8388794094488188
21
1.5054498818897637
0
LINE
8
BLACK
6
CONTINUOUS
10
-1.8388794094488188
20
1.5054498818897637
11
-1.8389774015748031
21
1.5054092519685038
0
LINE
8
BLACK
6
CONTINUOUS
10
-1.8389774015748031
20
1.5054092519685038
11
-1.8395534645669291
21
1.5053525196850392
0
LINE
8
BLACK
6
CONTINUOUS
10
-1.8395534645669291
20
1.5053525196850392
11
-1.8470525196850394
21
1.5053525196850392
0
LINE
8
BLACK
6
CONTINUOUS
10
-1.8470525196850394
20
1.5053525196850392
11
-1.8476285826771652
21
1.5054092519685038
0
LINE
8
BLACK
6
CONTINUOUS
10
-1.8476285826771652
20
1.5054092519685038
11
-1.8477265748031495
21
1.5054498425196849
0
LINE
8
BLACK
6
CONTINUOUS
10
-1.8477265748031495
20
1.5054498425196849
11
-1.8478324409448819
21
1.5054573622047245
0
LINE
8
BLACK
6
CONTINUOUS
10
-1.8478324409448819
20
1.5054573622047245
11
-1.8483730314960629
21
1.505664251968504
0
LINE
8
BLACK
6
CONTINUOUS
10
-1.8483730314960629
20
1.505664251968504
11
-1.852122559055118
21
1.5075390157480315
0
LINE
8
BLACK
6
CONTINUOUS
10
-1.852122559055118
20
1.5075390157480315
11
-1.8523705905511811
21
1.5076951181102363
0
LINE
8
BLACK
6
CONTINUOUS
10
-1.8523705905511811
20
1.5076951181102363
11
-1.8524425196850394
21
1.5077249212598425
0
LINE
8
BLACK
6
CONTINUOUS
10
-1.8524425196850394
20
1.5077249212598425
11
-1.8525235039370078
21
1.5077914173228346
0
LINE
8
BLACK
6
CONTINUOUS
10
-1.8525235039370078
20
1.5077914173228346
11
-1.8526124409448819
21
1.5078473622047244
0
LINE
8
BLACK
6
CONTINUOUS
10
-1.8526124409448819
20
1.5078473622047244
11
-1.8526636220472441
21
1.5079063779527559
0
LINE
8
BLACK
6
CONTINUOUS
10
-1.8526636220472441
20
1.5079063779527559
11
-1.8528899606299212
21
1.5080921259842519
0
LINE
8
BLACK
6
CONTINUOUS
10
-1.8528899606299212
20
1.5080921259842519
11
-1.8545515748031496
21
1.5097537401574803
0
LINE
8
BLACK
6
CONTINUOUS
10
-1.8545515748031496
20
1.5097537401574803
11
-1.856213188976378
21
1.5080921259842519
0
LINE
8
BLACK
6
CONTINUOUS
10
-1.856213188976378
20
1.5080921259842519
11
-1.8564395669291338
21
1.5079063779527559
0
LINE
8
BLACK
6
CONTINUOUS
10
-1.8564395669291338
20
1.5079063779527559
11
-1.8564907086614173
21
1.5078473622047244
0
LINE
8
BLACK
6
CONTINUOUS
10
-1.8564907086614173
20
1.5078473622047244
11
-1.8565796850393701
21
1.5077914173228346
0
LINE
8
BLACK
6
CONTINUOUS
10
-1.8565796850393701
20
1.5077914173228346
11
-1.8566606299212598
21
1.5077249212598425
0
LINE
8
BLACK
6
CONTINUOUS
10
-1.8566606299212598
20
1.5077249212598425
11
-1.8567325984251968
21
1.5076951181102363
0
LINE
8
BLACK
6
CONTINUOUS
10
-1.8567325984251968
20
1.5076951181102363
11
-1.8569805905511811
21
1.5075390157480315
0
LINE
8
BLACK
6
CONTINUOUS
10
-1.8569805905511811
20
1.5075390157480315
11
-1.8607301181102363
21
1.505664251968504
0
LINE
8
BLACK
6
CONTINUOUS
10
-1.8607301181102363
20
1.505664251968504
11
-1.8612707480314961
21
1.5054573622047245
0
LINE
8
BLACK
6
CONTINUOUS
10
-1.8612707480314961
20
1.5054573622047245
11
-1.8613765748031497
21
1.5054498818897637
0
LINE
8
BLACK
6
CONTINUOUS
10
-1.8613765748031497
20
1.5054498818897637
11
-1.8614745669291337
21
1.5054092519685038
0
LINE
8
BLACK
6
CONTINUOUS
10
-1.8614745669291337
20
1.5054092519685038
11
-1.8620506299212598
21
1.5053525196850392
0
LINE
8
BLACK
6
CONTINUOUS
10
-1.8620506299212598
20
1.5053525196850392
11
-1.8639253937007874
21
1.5053525196850392
0
LINE
8
BLACK
6
CONTINUOUS
10
-1.8639253937007874
20
1.5053525196850392
11
-1.8645014566929135
21
1.5054092519685038
0
LINE
8
BLACK
6
CONTINUOUS
10
-1.8645014566929135
20
1.5054092519685038
11
-1.8645994488188975
21
1.5054498425196849
0
LINE
8
BLACK
6
CONTINUOUS
10
-1.8645994488188975
20
1.5054498425196849
11
-1.8647053149606299
21
1.5054573622047245
0
LINE
8
BLACK
6
CONTINUOUS
10
-1.8647053149606299
20
1.5054573622047245
11
-1.8652459055118109
21
1.505664251968504
0
LINE
8
BLACK
6
CONTINUOUS
10
-1.8652459055118109
20
1.505664251968504
11
-1.868995433070866
21
1.5075390157480315
0
LINE
8
BLACK
6
CONTINUOUS
10
-1.868995433070866
20
1.5075390157480315
11
-1.8692434645669291
21
1.5076951181102363
0
LINE
8
BLACK
6
CONTINUOUS
10
-1.8692434645669291
20
1.5076951181102363
11
-1.8693153937007874
21
1.5077249212598425
0
LINE
8
BLACK
6
CONTINUOUS
10
-1.8693153937007874
20
1.5077249212598425
11
-1.8693963779527558
21
1.5077914173228346
0
LINE
8
BLACK
6
CONTINUOUS
10
-1.8693963779527558
20
1.5077914173228346
11
-1.8694853149606299
21
1.5078473622047244
0
LINE
8
BLACK
6
CONTINUOUS
10
-1.8694853149606299
20
1.5078473622047244
11
-1.8695364960629921
21
1.5079063779527559
0
LINE
8
BLACK
6
CONTINUOUS
10
-1.8695364960629921
20
1.5079063779527559
11
-1.8697628346456692
21
1.5080921259842519
0
LINE
8
BLACK
6
CONTINUOUS
10
-1.8697628346456692
20
1.5080921259842519
11
-1.8716375984251967
21
1.5099668897637795
0
LINE
8
BLACK
6
CONTINUOUS
10
-1.8716375984251967
20
1.5099668897637795
11
-1.8718233858267717
21
1.5101932677165355
0
LINE
8
BLACK
6
CONTINUOUS
10
-1.8718233858267717
20
1.5101932677165355
11
-1.8718823622047243
21
1.5102444094488188
0
LINE
8
BLACK
6
CONTINUOUS
10
-1.8718823622047243
20
1.5102444094488188
11
-1.8719383464566928
21
1.5103333858267716
0
LINE
8
BLACK
6
CONTINUOUS
10
-1.8719383464566928
20
1.5103333858267716
11
-1.8720048031496062
21
1.5104143307086615
0
LINE
8
BLACK
6
CONTINUOUS
10
-1.8720048031496062
20
1.5104143307086615
11
-1.8720346456692913
21
1.5104862992125985
0
LINE
8
BLACK
6
CONTINUOUS
10
-1.8720346456692913
20
1.5104862992125985
11
-1.8721907086614173
21
1.5107342913385826
0
LINE
8
BLACK
6
CONTINUOUS
10
-1.8721907086614173
20
1.5107342913385826
11
-1.8740654724409449
21
1.5144838188976377
0
LINE
8
BLACK
6
CONTINUOUS
10
-1.8740654724409449
20
1.5144838188976377
11
-1.8742723622047244
21
1.5150244488188975
0
LINE
8
BLACK
6
CONTINUOUS
10
-1.8742723622047244
20
1.5150244488188975
11
-1.8742798818897637
21
1.5151302755905511
0
LINE
8
BLACK
6
CONTINUOUS
10
-1.8742798818897637
20
1.5151302755905511
11
-1.8743204724409448
21
1.5152282677165354
0
LINE
8
BLACK
6
CONTINUOUS
10
-1.8743204724409448
20
1.5152282677165354
11
-1.8743772047244094
21
1.5158043307086613
0
LINE
8
BLACK
6
CONTINUOUS
10
-1.8743772047244094
20
1.5158043307086613
11
-1.8743772047244094
21
1.5233033858267717
0
LINE
8
BLACK
6
CONTINUOUS
10
-1.8743772047244094
20
1.5233033858267717
11
-1.8743204724409448
21
1.5238794488188976
0
LINE
8
BLACK
6
CONTINUOUS
10
-1.8743204724409448
20
1.5238794488188976
11
-1.8742798818897637
21
1.5239774803149606
0
LINE
8
BLACK
6
CONTINUOUS
10
-1.8742798818897637
20
1.5239774803149606
11
-1.8742723622047244
21
1.5240832677165355
0
LINE
8
BLACK
6
CONTINUOUS
10
-1.8742723622047244
20
1.5240832677165355
11
-1.8740654724409449
21
1.5246238976377953
0
LINE
8
BLACK
6
CONTINUOUS
10
-1.8740654724409449
20
1.5246238976377953
11
-1.8721907086614173
21
1.5283734251968504
0
LINE
8
BLACK
6
CONTINUOUS
10
-1.8721907086614173
20
1.5283734251968504
11
-1.8720346456692913
21
1.5286214566929133
0
LINE
8
BLACK
6
CONTINUOUS
10
-1.8720346456692913
20
1.5286214566929133
11
-1.8720048031496062
21
1.5286933858267717
0
LINE
8
BLACK
6
CONTINUOUS
10
-1.8720048031496062
20
1.5286933858267717
11
-1.8719383464566928
21
1.5287743700787402
0
LINE
8
BLACK
6
CONTINUOUS
10
-1.8719383464566928
20
1.5287743700787402
11
-1.8718823622047243
21
1.5288633070866142
0
LINE
8
BLACK
6
CONTINUOUS
10
-1.8718823622047243
20
1.5288633070866142
11
-1.8718233858267717
21
1.5289144881889762
0
LINE
8
BLACK
6
CONTINUOUS
10
-1.8718233858267717
20
1.5289144881889762
11
-1.8716375984251967
21
1.5291408267716535
0
LINE
8
BLACK
6
CONTINUOUS
10
-1.8716375984251967
20
1.5291408267716535
11
-1.8697628346456692
21
1.5310155905511811
0
LINE
8
BLACK
6
CONTINUOUS
10
-1.8697628346456692
20
1.5310155905511811
11
-1.8695364960629921
21
1.5312013779527558
0
LINE
8
BLACK
6
CONTINUOUS
10
-1.8695364960629921
20
1.5312013779527558
11
-1.8694853149606299
21
1.5312603543307086
0
LINE
8
BLACK
6
CONTINUOUS
10
-1.8694853149606299
20
1.5312603543307086
11
-1.8693963779527558
21
1.5313163385826771
0
LINE
8
BLACK
6
CONTINUOUS
10
-1.8693963779527558
20
1.5313163385826771
11
-1.8693153937007874
21
1.5313827952755905
0
LINE
8
BLACK
6
CONTINUOUS
10
-1.8693153937007874
20
1.5313827952755905
11
-1.8692434645669291
21
1.5314126377952755
0
LINE
8
BLACK
6
CONTINUOUS
10
-1.8692434645669291
20
1.5314126377952755
11
-1.868995433070866
21
1.5315687007874015
0
LINE
8
BLACK
6
CONTINUOUS
10
-1.868995433070866
20
1.5315687007874015
11
-1.8652459055118109
21
1.533443464566929
0
LINE
8
BLACK
6
CONTINUOUS
10
-1.8652459055118109
20
1.533443464566929
11
-1.8647053149606299
21
1.5336503543307087
0
LINE
8
BLACK
6
CONTINUOUS
10
-1.8647053149606299
20
1.5336503543307087
11
-1.8645994488188975
21
1.5336579133858268
0
LINE
8
BLACK
6
CONTINUOUS
10
-1.8645994488188975
20
1.5336579133858268
11
-1.8645014566929135
21
1.5336984645669292
0
LINE
8
BLACK
6
CONTINUOUS
10
-1.8645014566929135
20
1.5336984645669292
11
-1.8639253937007874
21
1.5337551968503937
0
LINE
8
BLACK
6
CONTINUOUS
10
-1.8639253937007874
20
1.5337551968503937
11
-1.8620506299212598
21
1.5337551968503937
0
LINE
8
BLACK
6
CONTINUOUS
10
-1.8620506299212598
20
1.5337551968503937
11
-1.8614745669291337
21
1.5336984645669292
0
LINE
8
BLACK
6
CONTINUOUS
10
-1.8659258267716534
20
1.5265009448818898
11
-1.8671229527559055
21
1.5253038188976378
0
LINE
8
BLACK
6
CONTINUOUS
10
-1.8671229527559055
20
1.5253038188976378
11
-1.8684716929133858
21
1.5226063385826771
0
LINE
8
BLACK
6
CONTINUOUS
10
-1.8684716929133858
20
1.5226063385826771
11
-1.8684716929133858
21
1.5165013779527559
0
LINE
8
BLACK
6
CONTINUOUS
10
-1.8684716929133858
20
1.5165013779527559
11
-1.8671229527559055
21
1.5138038976377952
0
LINE
8
BLACK
6
CONTINUOUS
10
-1.8671229527559055
20
1.5138038976377952
11
-1.8659258267716534
21
1.5126067716535432
0
LINE
8
BLACK
6
CONTINUOUS
10
-1.8659258267716534
20
1.5126067716535432
11
-1.8632283464566928
21
1.5112580314960629
0
LINE
8
BLACK
6
CONTINUOUS
10
-1.8632283464566928
20
1.5112580314960629
11
-1.8627476771653544
21
1.5112580314960629
0
LINE
8
BLACK
6
CONTINUOUS
10
-1.8627476771653544
20
1.5112580314960629
11
-1.8600501968503937
21
1.5126067716535432
0
LINE
8
BLACK
6
CONTINUOUS
10
-1.8600501968503937
20
1.5126067716535432
11
-1.8588530708661417
21
1.5138038976377952
0
LINE
8
BLACK
6
CONTINUOUS
10
-1.8588530708661417
20
1.5138038976377952
11
-1.8575043307086614
21
1.5165013779527559
0
LINE
8
BLACK
6
CONTINUOUS
10
-1.8575043307086614
20
1.5165013779527559
11
-1.8575043307086614
21
1.5226063385826771
0
LINE
8
BLACK
6
CONTINUOUS
10
-1.8575043307086614
20
1.5226063385826771
11
-1.8588530708661417
21
1.5253038188976378
0
LINE
8
BLACK
6
CONTINUOUS
10
-1.8588530708661417
20
1.5253038188976378
11
-1.8600501968503937
21
1.5265009448818898
0
LINE
8
BLACK
6
CONTINUOUS
10
-1.8600501968503937
20
1.5265009448818898
11
-1.8627476771653544
21
1.5278496850393701
0
LINE
8
BLACK
6
CONTINUOUS
10
-1.8627476771653544
20
1.5278496850393701
11
-1.8632283464566928
21
1.5278496850393701
0
LINE
8
BLACK
6
CONTINUOUS
10
-1.8632283464566928
20
1.5278496850393701
11
-1.8659258267716534
21
1.5265009448818898
0
LINE
8
BLACK
6
CONTINUOUS
10
-1.8490529527559054
20
1.5265009448818898
11
-1.8502500787401575
21
1.5253038188976378
0
LINE
8
BLACK
6
CONTINUOUS
10
-1.8502500787401575
20
1.5253038188976378
11
-1.8515988188976378
21
1.5226063385826771
0
LINE
8
BLACK
6
CONTINUOUS
10
-1.8515988188976378
20
1.5226063385826771
11
-1.8515988188976378
21
1.5165013779527559
0
LINE
8
BLACK
6
CONTINUOUS
10
-1.8515988188976378
20
1.5165013779527559
11
-1.8502500787401575
21
1.5138038976377952
0
LINE
8
BLACK
6
CONTINUOUS
10
-1.8502500787401575
20
1.5138038976377952
11
-1.8490529527559054
21
1.5126067716535432
0
LINE
8
BLACK
6
CONTINUOUS
10
-1.8490529527559054
20
1.5126067716535432
11
-1.8463554724409448
21
1.5112580314960629
0
LINE
8
BLACK
6
CONTINUOUS
10
-1.8463554724409448
20
1.5112580314960629
11
-1.8402505118110235
21
1.5112580314960629
0
LINE
8
BLACK
6
CONTINUOUS
10
-1.8402505118110235
20
1.5112580314960629
11
-1.8375530314960629
21
1.5126068110236219
0
LINE
8
BLACK
6
CONTINUOUS
10
-1.8375530314960629
20
1.5126068110236219
11
-1.8363558661417323
21
1.513803937007874
0
LINE
8
BLACK
6
CONTINUOUS
10
-1.8363558661417323
20
1.513803937007874
11
-1.835007125984252
21
1.5165013779527559
0
LINE
8
BLACK
6
CONTINUOUS
10
-1.835007125984252
20
1.5165013779527559
11
-1.835007125984252
21
1.5226063385826771
0
LINE
8
BLACK
6
CONTINUOUS
10
-1.835007125984252
20
1.5226063385826771
11
-1.8363558661417323
21
1.5253038188976378
0
LINE
8
BLACK
6
CONTINUOUS
10
-1.8363558661417323
20
1.5253038188976378
11
-1.8375530314960629
21
1.5265009448818898
0
LINE
8
BLACK
6
CONTINUOUS
10
-1.8375530314960629
20
1.5265009448818898
11
-1.8402505118110235
21
1.5278496850393701
0
LINE
8
BLACK
6
CONTINUOUS
10
-1.8402505118110235
20
1.5278496850393701
11
-1.8463554724409448
21
1.5278496850393701
0
LINE
8
BLACK
6
CONTINUOUS
10
-1.8463554724409448
20
1.5278496850393701
11
-1.8490529527559054
21
1.5265009448818898
0
LINE
8
BLACK
6
CONTINUOUS
10
-1.8389774015748031
20
1.571193779527559
11
-1.8388794094488188
21
1.5711531889763779
0
LINE
8
BLACK
6
CONTINUOUS
10
-1.8388794094488188
20
1.5711531889763779
11
-1.8387735826771654
21
1.5711456692913386
0
LINE
8
BLACK
6
CONTINUOUS
10
-1.8387735826771654
20
1.5711456692913386
11
-1.8382329527559054
21
1.5709387795275591
0
LINE
8
BLACK
6
CONTINUOUS
10
-1.8382329527559054
20
1.5709387795275591
11
-1.8344834251968503
21
1.5690640157480316
0
LINE
8
BLACK
6
CONTINUOUS
10
-1.8344834251968503
20
1.5690640157480316
11
-1.8342355511811024
21
1.5689079921259843
0
LINE
8
BLACK
6
CONTINUOUS
10
-1.8342355511811024
20
1.5689079921259843
11
-1.8341635039370079
21
1.5688781496062991
0
LINE
8
BLACK
6
CONTINUOUS
10
-1.8341635039370079
20
1.5688781496062991
11
-1.8340824803149607
21
1.568811653543307
0
LINE
8
BLACK
6
CONTINUOUS
10
-1.8340824803149607
20
1.568811653543307
11
-1.8339935433070866
21
1.5687556692913385
0
LINE
8
BLACK
6
CONTINUOUS
10
-1.8339935433070866
20
1.5687556692913385
11
-1.8339424015748031
21
1.5686966929133859
0
LINE
8
BLACK
6
CONTINUOUS
10
-1.8339424015748031
20
1.5686966929133859
11
-1.8337160629921259
21
1.5685109448818897
0
LINE
8
BLACK
6
CONTINUOUS
10
-1.8337160629921259
20
1.5685109448818897
11
-1.8318412598425196
21
1.5666361811023621
0
LINE
8
BLACK
6
CONTINUOUS
10
-1.8318412598425196
20
1.5666361811023621
11
-1.8316555118110236
21
1.5664098425196851
0
LINE
8
BLACK
6
CONTINUOUS
10
-1.8316555118110236
20
1.5664098425196851
11
-1.8315964566929133
21
1.5663586220472441
0
LINE
8
BLACK
6
CONTINUOUS
10
-1.8315964566929133
20
1.5663586220472441
11
-1.8315404724409448
21
1.56626968503937
0
LINE
8
BLACK
6
CONTINUOUS
10
-1.8315404724409448
20
1.56626968503937
11
-1.8314740157480314
21
1.5661887007874016
0
LINE
8
BLACK
6
CONTINUOUS
10
-1.8314740157480314
20
1.5661887007874016
11
-1.8314442125984252
21
1.5661167716535433
0
LINE
8
BLACK
6
CONTINUOUS
10
-1.8314442125984252
20
1.5661167716535433
11
-1.8312881102362204
21
1.5658687401574802
0
LINE
8
BLACK
6
CONTINUOUS
10
-1.8312881102362204
20
1.5658687401574802
11
-1.8294133464566928
21
1.5621192125984251
0
LINE
8
BLACK
6
CONTINUOUS
10
-1.8294133464566928
20
1.5621192125984251
11
-1.8292064566929134
21
1.5615786220472441
0
LINE
8
BLACK
6
CONTINUOUS
10
-1.8292064566929134
20
1.5615786220472441
11
-1.8291989370078741
21
1.5614727559055117
0
LINE
8
BLACK
6
CONTINUOUS
10
-1.8291989370078741
20
1.5614727559055117
11
-1.829158346456693
21
1.5613747637795274
0
LINE
8
BLACK
6
CONTINUOUS
10
-1.829158346456693
20
1.5613747637795274
11
-1.8291016141732284
21
1.5607987007874016
0
LINE
8
BLACK
6
CONTINUOUS
10
-1.8291016141732284
20
1.5607987007874016
11
-1.8291016141732284
21
1.5514248818897638
0
LINE
8
BLACK
6
CONTINUOUS
10
-1.8291016141732284
20
1.5514248818897638
11
-1.829158346456693
21
1.5508488188976377
0
LINE
8
BLACK
6
CONTINUOUS
10
-1.829158346456693
20
1.5508488188976377
11
-1.8291989370078741
21
1.5507508661417322
0
LINE
8
BLACK
6
CONTINUOUS
10
-1.8291989370078741
20
1.5507508661417322
11
-1.8292064566929134
21
1.5506449606299213
0
LINE
8
BLACK
6
CONTINUOUS
10
-1.8292064566929134
20
1.5506449606299213
11
-1.8294133464566928
21
1.55010437007874
0
LINE
8
BLACK
6
CONTINUOUS
10
-1.8294133464566928
20
1.55010437007874
11
-1.8312881102362204
21
1.5463548425196849
0
LINE
8
BLACK
6
CONTINUOUS
10
-1.8312881102362204
20
1.5463548425196849
11
-1.8314442125984252
21
1.5461068503937008
0
LINE
8
BLACK
6
CONTINUOUS
10
-1.8314442125984252
20
1.5461068503937008
11
-1.8314740157480314
21
1.5460348818897638
0
LINE
8
BLACK
6
CONTINUOUS
10
-1.8314740157480314
20
1.5460348818897638
11
-1.8315404724409448
21
1.5459539370078741
0
LINE
8
BLACK
6
CONTINUOUS
10
-1.8315404724409448
20
1.5459539370078741
11
-1.8315964566929133
21
1.5458649606299213
0
LINE
8
BLACK
6
CONTINUOUS
10
-1.8315964566929133
20
1.5458649606299213
11
-1.8316555118110236
21
1.5458137795275591
0
LINE
8
BLACK
6
CONTINUOUS
10
-1.8316555118110236
20
1.5458137795275591
11
-1.8318412598425196
21
1.545587401574803
0
LINE
8
BLACK
6
CONTINUOUS
10
-1.8318412598425196
20
1.545587401574803
11
-1.8337160629921259
21
1.5437126377952755
0
LINE
8
BLACK
6
CONTINUOUS
10
-1.8337160629921259
20
1.5437126377952755
11
-1.8341635039370079
21
1.543345433070866
0
LINE
8
BLACK
6
CONTINUOUS
10
-1.8341635039370079
20
1.543345433070866
11
-1.8352279133858267
21
1.5429045669291339
0
LINE
8
BLACK
6
CONTINUOUS
10
-1.8352279133858267
20
1.5429045669291339
11
-1.8363799999999999
21
1.5429045669291339
0
LINE
8
BLACK
6
CONTINUOUS
10
-1.8363799999999999
20
1.5429045669291339
11
-1.8374444094488189
21
1.5433454724409448
0
LINE
8
BLACK
6
CONTINUOUS
10
-1.8374444094488189
20
1.5433454724409448
11
-1.8382590944881889
21
1.544160157480315
0
LINE
8
BLACK
6
CONTINUOUS
10
-1.8382590944881889
20
1.544160157480315
11
-1.8386999606299212
21
1.5452245669291338
0
LINE
8
BLACK
6
CONTINUOUS
10
-1.8386999606299212
20
1.5452245669291338
11
-1.8386999606299212
21
1.546376653543307
0
LINE
8
BLACK
6
CONTINUOUS
10
-1.8386999606299212
20
1.546376653543307
11
-1.8382590551181102
21
1.547441062992126
0
LINE
8
BLACK
6
CONTINUOUS
10
-1.8382590551181102
20
1.547441062992126
11
-1.837891811023622
21
1.5478885433070866
0
LINE
8
BLACK
6
CONTINUOUS
10
-1.837891811023622
20
1.5478885433070866
11
-1.8363558661417323
21
1.5494244881889763
0
LINE
8
BLACK
6
CONTINUOUS
10
-1.8363558661417323
20
1.5494244881889763
11
-1.835007125984252
21
1.5521219291338582
0
LINE
8
BLACK
6
CONTINUOUS
10
-1.835007125984252
20
1.5521219291338582
11
-1.835007125984252
21
1.560101653543307
0
LINE
8
BLACK
6
CONTINUOUS
10
-1.835007125984252
20
1.560101653543307
11
-1.8363558661417323
21
1.5627991338582676
0
LINE
8
BLACK
6
CONTINUOUS
10
-1.8363558661417323
20
1.5627991338582676
11
-1.8375530314960629
21
1.5639962598425197
0
LINE
8
BLACK
6
CONTINUOUS
10
-1.8375530314960629
20
1.5639962598425197
11
-1.8402505118110235
21
1.565345
0
LINE
8
BLACK
6
CONTINUOUS
10
-1.8402505118110235
20
1.565345
11
-1.8482302362204723
21
1.565345
0
LINE
8
BLACK
6
CONTINUOUS
10
-1.8482302362204723
20
1.565345
11
-1.850927716535433
21
1.5639962598425197
0
LINE
8
BLACK
6
CONTINUOUS
10
-1.850927716535433
20
1.5639962598425197
11
-1.852124842519685
21
1.5627991338582676
0
LINE
8
BLACK
6
CONTINUOUS
10
-1.852124842519685
20
1.5627991338582676
11
-1.8534735826771653
21
1.560101653543307
0
LINE
8
BLACK
6
CONTINUOUS
10
-1.8534735826771653
20
1.560101653543307
11
-1.8534735826771653
21
1.5521219291338582
0
LINE
8
BLACK
6
CONTINUOUS
10
-1.8534735826771653
20
1.5521219291338582
11
-1.852124842519685
21
1.5494244488188975
0
LINE
8
BLACK
6
CONTINUOUS
10
-1.852124842519685
20
1.5494244488188975
11
-1.8505888976377953
21
1.5478885039370078
0
LINE
8
BLACK
6
CONTINUOUS
10
-1.8505888976377953
20
1.5478885039370078
11
-1.8502216929133857
21
1.547441062992126
0
LINE
8
BLACK
6
CONTINUOUS
10
-1.8502216929133857
20
1.547441062992126
11
-1.8501648031496063
21
1.5473037401574803
0
LINE
8
BLACK
6
CONTINUOUS
10
-1.8501648031496063
20
1.5473037401574803
11
-1.8500706299212597
21
1.5471886220472442
0
LINE
8
BLACK
6
CONTINUOUS
10
-1.8500706299212597
20
1.5471886220472442
11
-1.8499459448818898
21
1.5467753543307086
0
LINE
8
BLACK
6
CONTINUOUS
10
-1.8499459448818898
20
1.5467753543307086
11
-1.8497807874015748
21
1.546376653543307
0
LINE
8
BLACK
6
CONTINUOUS
10
-1.8497807874015748
20
1.546376653543307
11
-1.8497807874015748
21
1.5462279921259843
0
LINE
8
BLACK
6
CONTINUOUS
10
-1.8497807874015748
20
1.5462279921259843
11
-1.8497378346456692
21
1.5460856299212598
0
LINE
8
BLACK
6
CONTINUOUS
10
-1.8497378346456692
20
1.5460856299212598
11
-1.8497807874015748
21
1.5456561417322834
0
LINE
8
BLACK
6
CONTINUOUS
10
-1.8497807874015748
20
1.5456561417322834
11
-1.8497807874015748
21
1.5452245669291338
0
LINE
8
BLACK
6
CONTINUOUS
10
-1.8497807874015748
20
1.5452245669291338
11
-1.8498377165354329
21
1.5450872440944881
0
LINE
8
BLACK
6
CONTINUOUS
10
-1.8498377165354329
20
1.5450872440944881
11
-1.8498524803149605
21
1.5449392125984251
0
LINE
8
BLACK
6
CONTINUOUS
10
-1.8498524803149605
20
1.5449392125984251
11
-1.8500566141732282
21
1.544558779527559
0
LINE
8
BLACK
6
CONTINUOUS
10
-1.8500566141732282
20
1.544558779527559
11
-1.8502216929133857
21
1.544160157480315
0
LINE
8
BLACK
6
CONTINUOUS
10
-1.8502216929133857
20
1.544160157480315
11
-1.8503268503937007
21
1.5440550393700787
0
LINE
8
BLACK
6
CONTINUOUS
10
-1.8503268503937007
20
1.5440550393700787
11
-1.850397125984252
21
1.5439239763779526
0
LINE
8
BLACK
6
CONTINUOUS
10
-1.850397125984252
20
1.5439239763779526
11
-1.8507313385826771
21
1.5436505511811023
0
LINE
8
BLACK
6
CONTINUOUS
10
-1.8507313385826771
20
1.5436505511811023
11
-1.8510363779527559
21
1.5433454724409448
0
LINE
8
BLACK
6
CONTINUOUS
10
-1.8510363779527559
20
1.5433454724409448
11
-1.8511736614173229
21
1.5432886220472442
0
LINE
8
BLACK
6
CONTINUOUS
10
-1.8511736614173229
20
1.5432886220472442
11
-1.851288779527559
21
1.5431944094488188
0
LINE
8
BLACK
6
CONTINUOUS
10
-1.851288779527559
20
1.5431944094488188
11
-1.8517022047244094
21
1.5430696850393701
0
LINE
8
BLACK
6
CONTINUOUS
10
-1.8517022047244094
20
1.5430696850393701
11
-1.8521007874015747
21
1.5429045669291339
0
LINE
8
BLACK
6
CONTINUOUS
10
-1.8521007874015747
20
1.5429045669291339
11
-1.8522494094488189
21
1.5429045669291339
0
LINE
8
BLACK
6
CONTINUOUS
10
-1.8522494094488189
20
1.5429045669291339
11
-1.8523917716535432
21
1.5428616141732283
0
LINE
8
BLACK
6
CONTINUOUS
10
-1.8523917716535432
20
1.5428616141732283
11
-1.8529706299212598
21
1.5428624803149606
0
LINE
8
BLACK
6
CONTINUOUS
10
-1.8529706299212598
20
1.5428624803149606
11
-1.8717182677165354
21
1.5447372440944882
0
LINE
8
BLACK
6
CONTINUOUS
10
-1.8717182677165354
20
1.5447372440944882
11
-1.8719281889763779
21
1.5447793307086615
0
LINE
8
BLACK
6
CONTINUOUS
10
-1.8719281889763779
20
1.5447793307086615
11
-1.8720005118110237
21
1.5447793307086615
0
LINE
8
BLACK
6
CONTINUOUS
10
-1.8720005118110237
20
1.5447793307086615
11
-1.872068346456693
21
1.5448074409448818
0
LINE
8
BLACK
6
CONTINUOUS
10
-1.872068346456693
20
1.5448074409448818
11
-1.8722858267716536
21
1.5448510236220472
0
LINE
8
BLACK
6
CONTINUOUS
10
-1.8722858267716536
20
1.5448510236220472
11
-1.8726661417322834
21
1.5450550787401574
0
LINE
8
BLACK
6
CONTINUOUS
10
-1.8726661417322834
20
1.5450550787401574
11
-1.8730649212598425
21
1.5452202362204723
0
LINE
8
BLACK
6
CONTINUOUS
10
-1.8730649212598425
20
1.5452202362204723
11
-1.8731701181102363
21
1.5453254330708661
0
LINE
8
BLACK
6
CONTINUOUS
10
-1.8731701181102363
20
1.5453254330708661
11
-1.8733010629921258
21
1.5453956692913386
0
LINE
8
BLACK
6
CONTINUOUS
10
-1.8733010629921258
20
1.5453956692913386
11
-1.8735743307086614
21
1.5457296456692913
0
LINE
8
BLACK
6
CONTINUOUS
10
-1.8735743307086614
20
1.5457296456692913
11
-1.8738795669291337
21
1.5460348818897638
0
LINE
8
BLACK
6
CONTINUOUS
10
-1.8738795669291337
20
1.5460348818897638
11
-1.8739364960629921
21
1.5461722440944881
0
LINE
8
BLACK
6
CONTINUOUS
10
-1.8739364960629921
20
1.5461722440944881
11
-1.8740306299212599
21
1.5462873228346457
0
LINE
8
BLACK
6
CONTINUOUS
10
-1.8740306299212599
20
1.5462873228346457
11
-1.8741553543307086
21
1.5467006299212598
0
LINE
8
BLACK
6
CONTINUOUS
10
-1.8741553543307086
20
1.5467006299212598
11
-1.8743204724409448
21
1.5470992913385826
0
LINE
8
BLACK
6
CONTINUOUS
10
-1.8743204724409448
20
1.5470992913385826
11
-1.8743422440944881
21
1.54732
0
LINE
8
BLACK
6
CONTINUOUS
10
-1.8743422440944881
20
1.54732
11
-1.8743634251968504
21
1.5473903149606298
0
LINE
8
BLACK
6
CONTINUOUS
10
-1.8743634251968504
20
1.5473903149606298
11
-1.8743562598425196
21
1.5474623228346456
0
LINE
8
BLACK
6
CONTINUOUS
10
-1.8743562598425196
20
1.5474623228346456
11
-1.8743772047244094
21
1.5476753543307087
0
LINE
8
BLACK
6
CONTINUOUS
10
-1.8743772047244094
20
1.5476753543307087
11
-1.8743772047244094
21
1.5664229921259842
0
LINE
8
BLACK
6
CONTINUOUS
10
-1.8743772047244094
20
1.5664229921259842
11
-1.8743204724409448
21
1.5669990551181101
0
LINE
8
BLACK
6
CONTINUOUS
10
-1.8743204724409448
20
1.5669990551181101
11
-1.8738795669291337
21
1.5680634645669291
0
LINE
8
BLACK
6
CONTINUOUS
10
-1.8738795669291337
20
1.5680634645669291
11
-1.8730649212598425
21
1.5688781102362204
0
LINE
8
BLACK
6
CONTINUOUS
10
-1.8730649212598425
20
1.5688781102362204
11
-1.8720005118110237
21
1.5693190157480315
0
LINE
8
BLACK
6
CONTINUOUS
10
-1.8720005118110237
20
1.5693190157480315
11
-1.8708483858267717
21
1.5693190157480315
0
LINE
8
BLACK
6
CONTINUOUS
10
-1.8708483858267717
20
1.5693190157480315
11
-1.8697839763779527
21
1.5688781102362204
0
LINE
8
BLACK
6
CONTINUOUS
10
-1.8697839763779527
20
1.5688781102362204
11
-1.8689693307086614
21
1.5680634645669291
0
LINE
8
BLACK
6
CONTINUOUS
10
-1.8689693307086614
20
1.5680634645669291
11
-1.8685284251968504
21
1.5669990551181101
0
LINE
8
BLACK
6
CONTINUOUS
10
-1.8685284251968504
20
1.5669990551181101
11
-1.8684716929133858
21
1.5664229921259842
0
LINE
8
BLACK
6
CONTINUOUS
10
-1.8684716929133858
20
1.5664229921259842
11
-1.8684716929133858
21
1.5503475984251969
0
LINE
8
BLACK
6
CONTINUOUS
10
-1.8684716929133858
20
1.5503475984251969
11
-1.8587004330708661
21
1.5493704724409449
0
LINE
8
BLACK
6
CONTINUOUS
10
-1.8587004330708661
20
1.5493704724409449
11
-1.8590673622047245
21
1.55010437007874
0
LINE
8
BLACK
6
CONTINUOUS
10
-1.8590673622047245
20
1.55010437007874
11
-1.8592742519685039
21
1.5506450000000001
0
LINE
8
BLACK
6
CONTINUOUS
10
-1.8592742519685039
20
1.5506450000000001
11
-1.8592817716535432
21
1.5507508267716534
0
LINE
8
BLACK
6
CONTINUOUS
10
-1.8592817716535432
20
1.5507508267716534
11
-1.8593223622047244
21
1.5508488188976377
0
LINE
8
BLACK
6
CONTINUOUS
10
-1.8593223622047244
20
1.5508488188976377
11
-1.8593790944881889
21
1.5514248818897638
0
LINE
8
BLACK
6
CONTINUOUS
10
-1.8593790944881889
20
1.5514248818897638
11
-1.8593790944881889
21
1.5607987007874016
0
LINE
8
BLACK
6
CONTINUOUS
10
-1.8593790944881889
20
1.5607987007874016
11
-1.8593223622047244
21
1.5613747637795274
0
LINE
8
BLACK
6
CONTINUOUS
10
-1.8593223622047244
20
1.5613747637795274
11
-1.8592817716535432
21
1.5614727952755905
0
LINE
8
BLACK
6
CONTINUOUS
10
-1.8592817716535432
20
1.5614727952755905
11
-1.8592742519685039
21
1.5615785826771653
0
LINE
8
BLACK
6
CONTINUOUS
10
-1.8592742519685039
20
1.5615785826771653
11
-1.8590673622047245
21
1.5621192125984251
0
LINE
8
BLACK
6
CONTINUOUS
10
-1.8590673622047245
20
1.5621192125984251
11
-1.8571925984251969
21
1.5658687401574802
0
LINE
8
BLACK
6
CONTINUOUS
10
-1.8571925984251969
20
1.5658687401574802
11
-1.8570365354330709
21
1.5661167716535433
0
LINE
8
BLACK
6
CONTINUOUS
10
-1.8570365354330709
20
1.5661167716535433
11
-1.8570066929133857
21
1.5661887007874016
0
LINE
8
BLACK
6
CONTINUOUS
10
-1.8570066929133857
20
1.5661887007874016
11
-1.8569402362204723
21
1.56626968503937
0
LINE
8
BLACK
6
CONTINUOUS
10
-1.8569402362204723
20
1.56626968503937
11
-1.8568842519685038
21
1.5663586220472441
0
LINE
8
BLACK
6
CONTINUOUS
10
-1.8568842519685038
20
1.5663586220472441
11
-1.8568252755905512
21
1.5664098031496063
0
LINE
8
BLACK
6
CONTINUOUS
10
-1.8568252755905512
20
1.5664098031496063
11
-1.8566394881889763
21
1.5666361417322834
0
LINE
8
BLACK
6
CONTINUOUS
10
-1.8566394881889763
20
1.5666361417322834
11
-1.8547647244094487
21
1.5685109055118109
0
LINE
8
BLACK
6
CONTINUOUS
10
-1.8547647244094487
20
1.5685109055118109
11
-1.8545383858267717
21
1.5686966929133859
0
LINE
8
BLACK
6
CONTINUOUS
10
-1.8545383858267717
20
1.5686966929133859
11
-1.8544872047244094
21
1.5687556692913385
0
LINE
8
BLACK
6
CONTINUOUS
10
-1.8544872047244094
20
1.5687556692913385
11
-1.8543982677165354
21
1.568811653543307
0
LINE
8
BLACK
6
CONTINUOUS
10
-1.8543982677165354
20
1.568811653543307
11
-1.8543172834645669
21
1.5688781102362204
0
LINE
8
BLACK
6
CONTINUOUS
10
-1.8543172834645669
20
1.5688781102362204
11
-1.8542453543307087
21
1.5689079527559056
0
LINE
8
BLACK
6
CONTINUOUS
10
-1.8542453543307087
20
1.5689079527559056
11
-1.8539973228346456
21
1.5690640157480316
0
LINE
8
BLACK
6
CONTINUOUS
10
-1.8539973228346456
20
1.5690640157480316
11
-1.8502477952755905
21
1.5709387795275591
0
LINE
8
BLACK
6
CONTINUOUS
10
-1.8502477952755905
20
1.5709387795275591
11
-1.8497072047244094
21
1.5711456692913386
0
LINE
8
BLACK
6
CONTINUOUS
10
-1.8497072047244094
20
1.5711456692913386
11
-1.8496013385826771
21
1.5711532283464567
0
LINE
8
BLACK
6
CONTINUOUS
10
-1.8496013385826771
20
1.5711532283464567
11
-1.8495033464566928
21
1.571193779527559
0
LINE
8
BLACK
6
CONTINUOUS
10
-1.8495033464566928
20
1.571193779527559
11
-1.8489272834645669
21
1.5712505118110236
0
LINE
8
BLACK
6
CONTINUOUS
10
-1.8489272834645669
20
1.5712505118110236
11
-1.8395534645669291
21
1.5712505118110236
0
LINE
8
BLACK
6
CONTINUOUS
10
-1.8395534645669291
20
1.5712505118110236
11
-1.8389774015748031
21
1.571193779527559
0
LINE
8
BLACK
6
CONTINUOUS
10
-1.8322887401574803
20
1.589500590551181
11
-1.8322886614173228
21
1.5895005511811022
0
LINE
8
BLACK
6
CONTINUOUS
10
-1.8322886614173228
20
1.5895005511811022
11
-1.8318412204724408
21
1.5891333464566928
0
LINE
8
BLACK
6
CONTINUOUS
10
-1.8318412204724408
20
1.5891333464566928
11
-1.8299664566929132
21
1.5872585826771652
0
LINE
8
BLACK
6
CONTINUOUS
10
-1.8299664566929132
20
1.5872585826771652
11
-1.8295992519685038
21
1.5868111417322834
0
LINE
8
BLACK
6
CONTINUOUS
10
-1.8295992519685038
20
1.5868111417322834
11
-1.8294576771653543
21
1.5864693700787402
0
LINE
8
BLACK
6
CONTINUOUS
10
-1.8294576771653543
20
1.5864693700787402
11
-1.829158346456693
21
1.5857466929133859
0
LINE
8
BLACK
6
CONTINUOUS
10
-1.829158346456693
20
1.5857466929133859
11
-1.829158346456693
21
1.5845946062992127
0
LINE
8
BLACK
6
CONTINUOUS
10
-1.829158346456693
20
1.5845946062992127
11
-1.8295992519685038
21
1.5835301968503936
0
LINE
8
BLACK
6
CONTINUOUS
10
-1.8295992519685038
20
1.5835301968503936
11
-1.8299664566929132
21
1.5830827559055118
0
LINE
8
BLACK
6
CONTINUOUS
10
-1.8299664566929132
20
1.5830827559055118
11
-1.8318412204724408
21
1.5812079921259843
0
LINE
8
BLACK
6
CONTINUOUS
10
-1.8318412204724408
20
1.5812079921259843
11
-1.8322886614173228
21
1.5808407874015749
0
LINE
8
BLACK
6
CONTINUOUS
10
-1.8322886614173228
20
1.5808407874015749
11
-1.8333530708661416
21
1.5803998818897638
0
LINE
8
BLACK
6
CONTINUOUS
10
-1.8333530708661416
20
1.5803998818897638
11
-1.8345051574803148
21
1.5803998818897638
0
LINE
8
BLACK
6
CONTINUOUS
10
-1.8345051574803148
20
1.5803998818897638
11
-1.8355695669291339
21
1.5808407480314961
0
LINE
8
BLACK
6
CONTINUOUS
10
-1.8355695669291339
20
1.5808407480314961
11
-1.8360170472440944
21
1.5812079921259843
0
LINE
8
BLACK
6
CONTINUOUS
10
-1.8360170472440944
20
1.5812079921259843
11
-1.837891811023622
21
1.5830827165354331
0
LINE
8
BLACK
6
CONTINUOUS
10
-1.837891811023622
20
1.5830827165354331
11
-1.8382590551181102
21
1.5835301968503936
0
LINE
8
BLACK
6
CONTINUOUS
10
-1.8382590551181102
20
1.5835301968503936
11
-1.8382590944881889
21
1.5835302362204724
0
LINE
8
BLACK
6
CONTINUOUS
10
-1.8382590944881889
20
1.5835302362204724
11
-1.8386999606299212
21
1.5845946456692912
0
LINE
8
BLACK
6
CONTINUOUS
10
-1.8386999606299212
20
1.5845946456692912
11
-1.8386999606299212
21
1.5857467322834646
0
LINE
8
BLACK
6
CONTINUOUS
10
-1.8386999606299212
20
1.5857467322834646
11
-1.8384006299212599
21
1.5864693700787402
0
LINE
8
BLACK
6
CONTINUOUS
10
-1.8384006299212599
20
1.5864693700787402
11
-1.8382590944881889
21
1.5868111023622047
0
LINE
8
BLACK
6
CONTINUOUS
10
-1.8382590944881889
20
1.5868111023622047
11
-1.8382590551181102
21
1.5868111417322834
0
LINE
8
BLACK
6
CONTINUOUS
10
-1.8382590551181102
20
1.5868111417322834
11
-1.837891811023622
21
1.587258622047244
0
LINE
8
BLACK
6
CONTINUOUS
10
-1.837891811023622
20
1.587258622047244
11
-1.8360170472440944
21
1.5891333464566928
0
LINE
8
BLACK
6
CONTINUOUS
10
-1.8360170472440944
20
1.5891333464566928
11
-1.8355695669291339
21
1.589500590551181
0
LINE
8
BLACK
6
CONTINUOUS
10
-1.8355695669291339
20
1.589500590551181
11
-1.8345051574803148
21
1.5899414566929133
0
LINE
8
BLACK
6
CONTINUOUS
10
-1.8345051574803148
20
1.5899414566929133
11
-1.8333530708661416
21
1.5899414566929133
0
LINE
8
BLACK
6
CONTINUOUS
10
-1.8333530708661416
20
1.5899414566929133
11
-1.8322887401574803
21
1.589500590551181
0
LINE
8
BLACK
6
CONTINUOUS
10
-1.8614745669291337
20
1.6274367322834646
11
-1.8613765748031497
21
1.6273961417322835
0
LINE
8
BLACK
6
CONTINUOUS
10
-1.8613765748031497
20
1.6273961417322835
11
-1.8612707480314961
21
1.627388622047244
0
LINE
8
BLACK
6
CONTINUOUS
10
-1.8612707480314961
20
1.627388622047244
11
-1.8607301181102363
21
1.6271817322834645
0
LINE
8
BLACK
6
CONTINUOUS
10
-1.8607301181102363
20
1.6271817322834645
11
-1.8569805905511811
21
1.625306968503937
0
LINE
8
BLACK
6
CONTINUOUS
10
-1.8569805905511811
20
1.625306968503937
11
-1.8567325984251968
21
1.625150905511811
0
LINE
8
BLACK
6
CONTINUOUS
10
-1.8567325984251968
20
1.625150905511811
11
-1.8566606299212598
21
1.625121062992126
0
LINE
8
BLACK
6
CONTINUOUS
10
-1.8566606299212598
20
1.625121062992126
11
-1.8565796850393701
21
1.6250546062992126
0
LINE
8
BLACK
6
CONTINUOUS
10
-1.8565796850393701
20
1.6250546062992126
11
-1.8564907086614173
21
1.6249986220472441
0
LINE
8
BLACK
6
CONTINUOUS
10
-1.8564907086614173
20
1.6249986220472441
11
-1.8564395669291338
21
1.6249396456692913
0
LINE
8
BLACK
6
CONTINUOUS
10
-1.8564395669291338
20
1.6249396456692913
11
-1.856213188976378
21
1.6247538582677166
0
LINE
8
BLACK
6
CONTINUOUS
10
-1.856213188976378
20
1.6247538582677166
11
-1.8545515748031496
21
1.6230922440944882
0
LINE
8
BLACK
6
CONTINUOUS
10
-1.8545515748031496
20
1.6230922440944882
11
-1.8528899606299212
21
1.6247538582677166
0
LINE
8
BLACK
6
CONTINUOUS
10
-1.8528899606299212
20
1.6247538582677166
11
-1.8526636220472441
21
1.6249396456692913
0
LINE
8
BLACK
6
CONTINUOUS
10
-1.8526636220472441
20
1.6249396456692913
11
-1.8526124409448819
21
1.6249986220472441
0
LINE
8
BLACK
6
CONTINUOUS
10
-1.8526124409448819
20
1.6249986220472441
11
-1.8525235039370078
21
1.6250546062992126
0
LINE
8
BLACK
6
CONTINUOUS
10
-1.8525235039370078
20
1.6250546062992126
11
-1.8524425196850394
21
1.625121062992126
0
LINE
8
BLACK
6
CONTINUOUS
10
-1.8524425196850394
20
1.625121062992126
11
-1.8523705905511811
21
1.625150905511811
0
LINE
8
BLACK
6
CONTINUOUS
10
-1.8523705905511811
20
1.625150905511811
11
-1.852122559055118
21
1.625306968503937
0
LINE
8
BLACK
6
CONTINUOUS
10
-1.852122559055118
20
1.625306968503937
11
-1.8483730314960629
21
1.6271817322834645
0
LINE
8
BLACK
6
CONTINUOUS
10
-1.8483730314960629
20
1.6271817322834645
11
-1.8478324409448819
21
1.627388622047244
0
LINE
8
BLACK
6
CONTINUOUS
10
-1.8478324409448819
20
1.627388622047244
11
-1.8477265748031495
21
1.6273961811023621
0
LINE
8
BLACK
6
CONTINUOUS
10
-1.8477265748031495
20
1.6273961811023621
11
-1.8476285826771652
21
1.6274367322834646
0
LINE
8
BLACK
6
CONTINUOUS
10
-1.8476285826771652
20
1.6274367322834646
11
-1.8470525196850394
21
1.627493464566929
0
LINE
8
BLACK
6
CONTINUOUS
10
-1.8470525196850394
20
1.627493464566929
11
-1.8395534645669291
21
1.627493464566929
0
LINE
8
BLACK
6
CONTINUOUS
10
-1.8395534645669291
20
1.627493464566929
11
-1.8389774015748031
21
1.6274367322834646
0
LINE
8
BLACK
6
CONTINUOUS
10
-1.8389774015748031
20
1.6274367322834646
11
-1.8388794094488188
21
1.6273961417322835
0
LINE
8
BLACK
6
CONTINUOUS
10
-1.8388794094488188
20
1.6273961417322835
11
-1.8387735826771654
21
1.627388622047244
0
LINE
8
BLACK
6
CONTINUOUS
10
-1.8387735826771654
20
1.627388622047244
11
-1.8382329527559054
21
1.6271817322834645
0
LINE
8
BLACK
6
CONTINUOUS
10
-1.8382329527559054
20
1.6271817322834645
11
-1.8344834251968503
21
1.625306968503937
0
LINE
8
BLACK
6
CONTINUOUS
10
-1.8344834251968503
20
1.625306968503937
11
-1.8342355511811024
21
1.6251509448818897
0
LINE
8
BLACK
6
CONTINUOUS
10
-1.8342355511811024
20
1.6251509448818897
11
-1.8341635039370079
21
1.6251211023622048
0
LINE
8
BLACK
6
CONTINUOUS
10
-1.8341635039370079
20
1.6251211023622048
11
-1.8340824803149607
21
1.6250546062992126
0
LINE
8
BLACK
6
CONTINUOUS
10
-1.8340824803149607
20
1.6250546062992126
11
-1.8339935433070866
21
1.6249986220472441
0
LINE
8
BLACK
6
CONTINUOUS
10
-1.8339935433070866
20
1.6249986220472441
11
-1.8339424015748031
21
1.6249396456692913
0
LINE
8
BLACK
6
CONTINUOUS
10
-1.8339424015748031
20
1.6249396456692913
11
-1.8337160629921259
21
1.6247538976377953
0
LINE
8
BLACK
6
CONTINUOUS
10
-1.8337160629921259
20
1.6247538976377953
11
-1.8318412598425196
21
1.6228791338582678
0
LINE
8
BLACK
6
CONTINUOUS
10
-1.8318412598425196
20
1.6228791338582678
11
-1.8316555118110236
21
1.6226527952755905
0
LINE
8
BLACK
6
CONTINUOUS
10
-1.8316555118110236
20
1.6226527952755905
11
-1.8315964566929133
21
1.6226015748031495
0
LINE
8
BLACK
6
CONTINUOUS
10
-1.8315964566929133
20
1.6226015748031495
11
-1.8315404724409448
21
1.6225126377952757
0
LINE
8
BLACK
6
CONTINUOUS
10
-1.8315404724409448
20
1.6225126377952757
11
-1.8314740157480314
21
1.622431653543307
0
LINE
8
BLACK
6
CONTINUOUS
10
-1.8314740157480314
20
1.622431653543307
11
-1.8314442125984252
21
1.6223597244094488
0
LINE
8
BLACK
6
CONTINUOUS
10
-1.8314442125984252
20
1.6223597244094488
11
-1.8312881102362204
21
1.6221116929133859
0
LINE
8
BLACK
6
CONTINUOUS
10
-1.8312881102362204
20
1.6221116929133859
11
-1.8294133464566928
21
1.6183621653543308
0
LINE
8
BLACK
6
CONTINUOUS
10
-1.8294133464566928
20
1.6183621653543308
11
-1.8292064566929134
21
1.6178215748031495
0
LINE
8
BLACK
6
CONTINUOUS
10
-1.8292064566929134
20
1.6178215748031495
11
-1.8291989370078741
21
1.6177157086614173
0
LINE
8
BLACK
6
CONTINUOUS
10
-1.8291989370078741
20
1.6177157086614173
11
-1.829158346456693
21
1.6176177165354331
0
LINE
8
BLACK
6
CONTINUOUS
10
-1.829158346456693
20
1.6176177165354331
11
-1.8291016141732284
21
1.617041653543307
0
LINE
8
BLACK
6
CONTINUOUS
10
-1.8291016141732284
20
1.617041653543307
11
-1.8291016141732284
21
1.6095425984251968
0
LINE
8
BLACK
6
CONTINUOUS
10
-1.8291016141732284
20
1.6095425984251968
11
-1.829158346456693
21
1.6089665354330709
0
LINE
8
BLACK
6
CONTINUOUS
10
-1.829158346456693
20
1.6089665354330709
11
-1.8291989370078741
21
1.6088685826771654
0
LINE
8
BLACK
6
CONTINUOUS
10
-1.8291989370078741
20
1.6088685826771654
11
-1.8292064566929134
21
1.6087626771653543
0
LINE
8
BLACK
6
CONTINUOUS
10
-1.8292064566929134
20
1.6087626771653543
11
-1.8294133464566928
21
1.6082220866141732
0
LINE
8
BLACK
6
CONTINUOUS
10
-1.8294133464566928
20
1.6082220866141732
11
-1.8312881102362204
21
1.6044725590551181
0
LINE
8
BLACK
6
CONTINUOUS
10
-1.8312881102362204
20
1.6044725590551181
11
-1.8314442125984252
21
1.6042245669291337
0
LINE
8
BLACK
6
CONTINUOUS
10
-1.8314442125984252
20
1.6042245669291337
11
-1.8314740157480314
21
1.6041525984251968
0
LINE
8
BLACK
6
CONTINUOUS
10
-1.8314740157480314
20
1.6041525984251968
11
-1.8315404724409448
21
1.6040716535433071
0
LINE
8
BLACK
6
CONTINUOUS
10
-1.8315404724409448
20
1.6040716535433071
11
-1.8315964566929133
21
1.6039826771653543
0
LINE
8
BLACK
6
CONTINUOUS
10
-1.8315964566929133
20
1.6039826771653543
11
-1.8316555118110236
21
1.603931496062992
0
LINE
8
BLACK
6
CONTINUOUS
10
-1.8316555118110236
20
1.603931496062992
11
-1.8318412598425196
21
1.6037051181102362
0
LINE
8
BLACK
6
CONTINUOUS
10
-1.8318412598425196
20
1.6037051181102362
11
-1.8337160629921259
21
1.6018303543307086
0
LINE
8
BLACK
6
CONTINUOUS
10
-1.8337160629921259
20
1.6018303543307086
11
-1.8339424015748031
21
1.6016446456692912
0
LINE
8
BLACK
6
CONTINUOUS
10
-1.8339424015748031
20
1.6016446456692912
11
-1.8339935433070866
21
1.6015856299212599
0
LINE
8
BLACK
6
CONTINUOUS
10
-1.8339935433070866
20
1.6015856299212599
11
-1.8340824803149607
21
1.6015296850393701
0
LINE
8
BLACK
6
CONTINUOUS
10
-1.8340824803149607
20
1.6015296850393701
11
-1.8341635039370079
21
1.6014631496062992
0
LINE
8
BLACK
6
CONTINUOUS
10
-1.8341635039370079
20
1.6014631496062992
11
-1.8342355511811024
21
1.6014333464566928
0
LINE
8
BLACK
6
CONTINUOUS
10
-1.8342355511811024
20
1.6014333464566928
11
-1.8344834251968503
21
1.601277283464567
0
LINE
8
BLACK
6
CONTINUOUS
10
-1.8344834251968503
20
1.601277283464567
11
-1.8382329527559054
21
1.5994025196850394
0
LINE
8
BLACK
6
CONTINUOUS
10
-1.8382329527559054
20
1.5994025196850394
11
-1.8387735826771654
21
1.5991956299212597
0
LINE
8
BLACK
6
CONTINUOUS
10
-1.8387735826771654
20
1.5991956299212597
11
-1.8388794094488188
21
1.5991881496062992
0
LINE
8
BLACK
6
CONTINUOUS
10
-1.8388794094488188
20
1.5991881496062992
11
-1.8389774015748031
21
1.5991475196850393
0
LINE
8
BLACK
6
CONTINUOUS
10
-1.8389774015748031
20
1.5991475196850393
11
-1.8395534645669291
21
1.5990907874015747
0
LINE
8
BLACK
6
CONTINUOUS
10
-1.8395534645669291
20
1.5990907874015747
11
-1.8470525196850394
21
1.5990907874015747
0
LINE
8
BLACK
6
CONTINUOUS
10
-1.8470525196850394
20
1.5990907874015747
11
-1.8476285826771652
21
1.5991475196850393
0
LINE
8
BLACK
6
CONTINUOUS
10
-1.8476285826771652
20
1.5991475196850393
11
-1.8477265748031495
21
1.5991881102362204
0
LINE
8
BLACK
6
CONTINUOUS
10
-1.8477265748031495
20
1.5991881102362204
11
-1.8478324409448819
21
1.5991956299212597
0
LINE
8
BLACK
6
CONTINUOUS
10
-1.8478324409448819
20
1.5991956299212597
11
-1.8483730314960629
21
1.5994025196850394
0
LINE
8
BLACK
6
CONTINUOUS
10
-1.8483730314960629
20
1.5994025196850394
11
-1.852122559055118
21
1.601277283464567
0
LINE
8
BLACK
6
CONTINUOUS
10
-1.852122559055118
20
1.601277283464567
11
-1.8523705905511811
21
1.6014333858267715
0
LINE
8
BLACK
6
CONTINUOUS
10
-1.8523705905511811
20
1.6014333858267715
11
-1.8524425196850394
21
1.601463188976378
0
LINE
8
BLACK
6
CONTINUOUS
10
-1.8524425196850394
20
1.601463188976378
11
-1.8525235039370078
21
1.6015296850393701
0
LINE
8
BLACK
6
CONTINUOUS
10
-1.8525235039370078
20
1.6015296850393701
11
-1.8526124409448819
21
1.6015856299212599
0
LINE
8
BLACK
6
CONTINUOUS
10
-1.8526124409448819
20
1.6015856299212599
11
-1.8526636220472441
21
1.6016446456692912
0
LINE
8
BLACK
6
CONTINUOUS
10
-1.8526636220472441
20
1.6016446456692912
11
-1.8528899606299212
21
1.6018303937007874
0
LINE
8
BLACK
6
CONTINUOUS
10
-1.8528899606299212
20
1.6018303937007874
11
-1.8545515748031496
21
1.6034920078740158
0
LINE
8
BLACK
6
CONTINUOUS
10
-1.8545515748031496
20
1.6034920078740158
11
-1.856213188976378
21
1.6018303937007874
0
LINE
8
BLACK
6
CONTINUOUS
10
-1.856213188976378
20
1.6018303937007874
11
-1.8564395669291338
21
1.6016446456692912
0
LINE
8
BLACK
6
CONTINUOUS
10
-1.8564395669291338
20
1.6016446456692912
11
-1.8564907086614173
21
1.6015856299212599
0
LINE
8
BLACK
6
CONTINUOUS
10
-1.8564907086614173
20
1.6015856299212599
11
-1.8565796850393701
21
1.6015296850393701
0
LINE
8
BLACK
6
CONTINUOUS
10
-1.8565796850393701
20
1.6015296850393701
11
-1.8566606299212598
21
1.601463188976378
0
LINE
8
BLACK
6
CONTINUOUS
10
-1.8566606299212598
20
1.601463188976378
11
-1.8567325984251968
21
1.6014333858267715
0
LINE
8
BLACK
6
CONTINUOUS
10
-1.8567325984251968
20
1.6014333858267715
11
-1.8569805905511811
21
1.601277283464567
0
LINE
8
BLACK
6
CONTINUOUS
10
-1.8569805905511811
20
1.601277283464567
11
-1.8607301181102363
21
1.5994025196850394
0
LINE
8
BLACK
6
CONTINUOUS
10
-1.8607301181102363
20
1.5994025196850394
11
-1.8612707480314961
21
1.5991956299212597
0
LINE
8
BLACK
6
CONTINUOUS
10
-1.8612707480314961
20
1.5991956299212597
11
-1.8613765748031497
21
1.5991881496062992
0
LINE
8
BLACK
6
CONTINUOUS
10
-1.8613765748031497
20
1.5991881496062992
11
-1.8614745669291337
21
1.5991475196850393
0
LINE
8
BLACK
6
CONTINUOUS
10
-1.8614745669291337
20
1.5991475196850393
11
-1.8620506299212598
21
1.5990907874015747
0
LINE
8
BLACK
6
CONTINUOUS
10
-1.8620506299212598
20
1.5990907874015747
11
-1.8639253937007874
21
1.5990907874015747
0
LINE
8
BLACK
6
CONTINUOUS
10
-1.8639253937007874
20
1.5990907874015747
11
-1.8645014566929135
21
1.5991475196850393
0
LINE
8
BLACK
6
CONTINUOUS
10
-1.8645014566929135
20
1.5991475196850393
11
-1.8645994488188975
21
1.5991881102362204
0
LINE
8
BLACK
6
CONTINUOUS
10
-1.8645994488188975
20
1.5991881102362204
11
-1.8647053149606299
21
1.5991956299212597
0
LINE
8
BLACK
6
CONTINUOUS
10
-1.8647053149606299
20
1.5991956299212597
11
-1.8652459055118109
21
1.5994025196850394
0
LINE
8
BLACK
6
CONTINUOUS
10
-1.8652459055118109
20
1.5994025196850394
11
-1.868995433070866
21
1.601277283464567
0
LINE
8
BLACK
6
CONTINUOUS
10
-1.868995433070866
20
1.601277283464567
11
-1.8692434645669291
21
1.6014333858267715
0
LINE
8
BLACK
6
CONTINUOUS
10
-1.8692434645669291
20
1.6014333858267715
11
-1.8693153937007874
21
1.601463188976378
0
LINE
8
BLACK
6
CONTINUOUS
10
-1.8693153937007874
20
1.601463188976378
11
-1.8693963779527558
21
1.6015296850393701
0
LINE
8
BLACK
6
CONTINUOUS
10
-1.8693963779527558
20
1.6015296850393701
11
-1.8694853149606299
21
1.6015856299212599
0
LINE
8
BLACK
6
CONTINUOUS
10
-1.8694853149606299
20
1.6015856299212599
11
-1.8695364960629921
21
1.6016446456692912
0
LINE
8
BLACK
6
CONTINUOUS
10
-1.8695364960629921
20
1.6016446456692912
11
-1.8697628346456692
21
1.6018303937007874
0
LINE
8
BLACK
6
CONTINUOUS
10
-1.8697628346456692
20
1.6018303937007874
11
-1.8716375984251967
21
1.6037051574803149
0
LINE
8
BLACK
6
CONTINUOUS
10
-1.8716375984251967
20
1.6037051574803149
11
-1.8718233858267717
21
1.6039315354330708
0
LINE
8
BLACK
6
CONTINUOUS
10
-1.8718233858267717
20
1.6039315354330708
11
-1.8718823622047243
21
1.6039826771653543
0
LINE
8
BLACK
6
CONTINUOUS
10
-1.8718823622047243
20
1.6039826771653543
11
-1.8719383464566928
21
1.6040716535433071
0
LINE
8
BLACK
6
CONTINUOUS
10
-1.8719383464566928
20
1.6040716535433071
11
-1.8720048031496062
21
1.6041525984251968
0
LINE
8
BLACK
6
CONTINUOUS
10
-1.8720048031496062
20
1.6041525984251968
11
-1.8720346456692913
21
1.6042245669291337
0
LINE
8
BLACK
6
CONTINUOUS
10
-1.8720346456692913
20
1.6042245669291337
11
-1.8721907086614173
21
1.6044725590551181
0
LINE
8
BLACK
6
CONTINUOUS
10
-1.8721907086614173
20
1.6044725590551181
11
-1.8740654724409449
21
1.6082220866141732
0
LINE
8
BLACK
6
CONTINUOUS
10
-1.8740654724409449
20
1.6082220866141732
11
-1.8742723622047244
21
1.608762716535433
0
LINE
8
BLACK
6
CONTINUOUS
10
-1.8742723622047244
20
1.608762716535433
11
-1.8742798818897637
21
1.6088685433070866
0
LINE
8
BLACK
6
CONTINUOUS
10
-1.8742798818897637
20
1.6088685433070866
11
-1.8743204724409448
21
1.6089665354330709
0
LINE
8
BLACK
6
CONTINUOUS
10
-1.8743204724409448
20
1.6089665354330709
11
-1.8743772047244094
21
1.6095425984251968
0
LINE
8
BLACK
6
CONTINUOUS
10
-1.8743772047244094
20
1.6095425984251968
11
-1.8743772047244094
21
1.617041653543307
0
LINE
8
BLACK
6
CONTINUOUS
10
-1.8743772047244094
20
1.617041653543307
11
-1.8743204724409448
21
1.6176177165354331
0
LINE
8
BLACK
6
CONTINUOUS
10
-1.8743204724409448
20
1.6176177165354331
11
-1.8742798818897637
21
1.6177157480314961
0
LINE
8
BLACK
6
CONTINUOUS
10
-1.8742798818897637
20
1.6177157480314961
11
-1.8742723622047244
21
1.6178215354330707
0
LINE
8
BLACK
6
CONTINUOUS
10
-1.8742723622047244
20
1.6178215354330707
11
-1.8740654724409449
21
1.6183621653543308
0
LINE
8
BLACK
6
CONTINUOUS
10
-1.8740654724409449
20
1.6183621653543308
11
-1.8721907086614173
21
1.6221116929133859
0
LINE
8
BLACK
6
CONTINUOUS
10
-1.8721907086614173
20
1.6221116929133859
11
-1.8720346456692913
21
1.6223597244094488
0
LINE
8
BLACK
6
CONTINUOUS
10
-1.8720346456692913
20
1.6223597244094488
11
-1.8720048031496062
21
1.622431653543307
0
LINE
8
BLACK
6
CONTINUOUS
10
-1.8720048031496062
20
1.622431653543307
11
-1.8719383464566928
21
1.6225126377952757
0
LINE
8
BLACK
6
CONTINUOUS
10
-1.8719383464566928
20
1.6225126377952757
11
-1.8718823622047243
21
1.6226015748031495
0
LINE
8
BLACK
6
CONTINUOUS
10
-1.8718823622047243
20
1.6226015748031495
11
-1.8718233858267717
21
1.6226527559055117
0
LINE
8
BLACK
6
CONTINUOUS
10
-1.8718233858267717
20
1.6226527559055117
11
-1.8716375984251967
21
1.622879094488189
0
LINE
8
BLACK
6
CONTINUOUS
10
-1.8716375984251967
20
1.622879094488189
11
-1.8697628346456692
21
1.6247538582677166
0
LINE
8
BLACK
6
CONTINUOUS
10
-1.8697628346456692
20
1.6247538582677166
11
-1.8695364960629921
21
1.6249396456692913
0
LINE
8
BLACK
6
CONTINUOUS
10
-1.8695364960629921
20
1.6249396456692913
11
-1.8694853149606299
21
1.6249986220472441
0
LINE
8
BLACK
6
CONTINUOUS
10
-1.8694853149606299
20
1.6249986220472441
11
-1.8693963779527558
21
1.6250546062992126
0
LINE
8
BLACK
6
CONTINUOUS
10
-1.8693963779527558
20
1.6250546062992126
11
-1.8693153937007874
21
1.625121062992126
0
LINE
8
BLACK
6
CONTINUOUS
10
-1.8693153937007874
20
1.625121062992126
11
-1.8692434645669291
21
1.625150905511811
0
LINE
8
BLACK
6
CONTINUOUS
10
-1.8692434645669291
20
1.625150905511811
11
-1.868995433070866
21
1.625306968503937
0
LINE
8
BLACK
6
CONTINUOUS
10
-1.868995433070866
20
1.625306968503937
11
-1.8652459055118109
21
1.6271817322834645
0
LINE
8
BLACK
6
CONTINUOUS
10
-1.8652459055118109
20
1.6271817322834645
11
-1.8647053149606299
21
1.627388622047244
0
LINE
8
BLACK
6
CONTINUOUS
10
-1.8647053149606299
20
1.627388622047244
11
-1.8645994488188975
21
1.6273961811023621
0
LINE
8
BLACK
6
CONTINUOUS
10
-1.8645994488188975
20
1.6273961811023621
11
-1.8645014566929135
21
1.6274367322834646
0
LINE
8
BLACK
6
CONTINUOUS
10
-1.8645014566929135
20
1.6274367322834646
11
-1.8639253937007874
21
1.627493464566929
0
LINE
8
BLACK
6
CONTINUOUS
10
-1.8639253937007874
20
1.627493464566929
11
-1.8620506299212598
21
1.627493464566929
0
LINE
8
BLACK
6
CONTINUOUS
10
-1.8620506299212598
20
1.627493464566929
11
-1.8614745669291337
21
1.6274367322834646
0
LINE
8
BLACK
6
CONTINUOUS
10
-1.8659258267716534
20
1.6202392125984251
11
-1.8671229527559055
21
1.6190420866141733
0
LINE
8
BLACK
6
CONTINUOUS
10
-1.8671229527559055
20
1.6190420866141733
11
-1.8684716929133858
21
1.6163446062992126
0
LINE
8
BLACK
6
CONTINUOUS
10
-1.8684716929133858
20
1.6163446062992126
11
-1.8684716929133858
21
1.6102396456692913
0
LINE
8
BLACK
6
CONTINUOUS
10
-1.8684716929133858
20
1.6102396456692913
11
-1.8671229527559055
21
1.6075421653543307
0
LINE
8
BLACK
6
CONTINUOUS
10
-1.8671229527559055
20
1.6075421653543307
11
-1.8659258267716534
21
1.6063450393700787
0
LINE
8
BLACK
6
CONTINUOUS
10
-1.8659258267716534
20
1.6063450393700787
11
-1.8632283464566928
21
1.6049962992125983
0
LINE
8
BLACK
6
CONTINUOUS
10
-1.8632283464566928
20
1.6049962992125983
11
-1.8627476771653544
21
1.6049962992125983
0
LINE
8
BLACK
6
CONTINUOUS
10
-1.8627476771653544
20
1.6049962992125983
11
-1.8600501968503937
21
1.6063450393700787
0
LINE
8
BLACK
6
CONTINUOUS
10
-1.8600501968503937
20
1.6063450393700787
11
-1.8588530708661417
21
1.6075421653543307
0
LINE
8
BLACK
6
CONTINUOUS
10
-1.8588530708661417
20
1.6075421653543307
11
-1.8575043307086614
21
1.6102396456692913
0
LINE
8
BLACK
6
CONTINUOUS
10
-1.8575043307086614
20
1.6102396456692913
11
-1.8575043307086614
21
1.6163446062992126
0
LINE
8
BLACK
6
CONTINUOUS
10
-1.8575043307086614
20
1.6163446062992126
11
-1.8588530708661417
21
1.6190420866141733
0
LINE
8
BLACK
6
CONTINUOUS
10
-1.8588530708661417
20
1.6190420866141733
11
-1.8600501968503937
21
1.6202392125984251
0
LINE
8
BLACK
6
CONTINUOUS
10
-1.8600501968503937
20
1.6202392125984251
11
-1.8627476771653544
21
1.6215879527559054
0
LINE
8
BLACK
6
CONTINUOUS
10
-1.8627476771653544
20
1.6215879527559054
11
-1.8632283464566928
21
1.6215879527559054
0
LINE
8
BLACK
6
CONTINUOUS
10
-1.8632283464566928
20
1.6215879527559054
11
-1.8659258267716534
21
1.6202392125984251
0
LINE
8
BLACK
6
CONTINUOUS
10
-1.8490529527559054
20
1.6202392125984251
11
-1.8502500787401575
21
1.6190420866141733
0
LINE
8
BLACK
6
CONTINUOUS
10
-1.8502500787401575
20
1.6190420866141733
11
-1.8515988188976378
21
1.6163446062992126
0
LINE
8
BLACK
6
CONTINUOUS
10
-1.8515988188976378
20
1.6163446062992126
11
-1.8515988188976378
21
1.6102396456692913
0
LINE
8
BLACK
6
CONTINUOUS
10
-1.8515988188976378
20
1.6102396456692913
11
-1.8502500787401575
21
1.6075421653543307
0
LINE
8
BLACK
6
CONTINUOUS
10
-1.8502500787401575
20
1.6075421653543307
11
-1.8490529527559054
21
1.6063450393700787
0
LINE
8
BLACK
6
CONTINUOUS
10
-1.8490529527559054
20
1.6063450393700787
11
-1.8463554724409448
21
1.6049962992125983
0
LINE
8
BLACK
6
CONTINUOUS
10
-1.8463554724409448
20
1.6049962992125983
11
-1.8402505118110235
21
1.6049962992125983
0
LINE
8
BLACK
6
CONTINUOUS
10
-1.8402505118110235
20
1.6049962992125983
11
-1.8375530314960629
21
1.6063450787401574
0
LINE
8
BLACK
6
CONTINUOUS
10
-1.8375530314960629
20
1.6063450787401574
11
-1.8363558661417323
21
1.6075422047244095
0
LINE
8
BLACK
6
CONTINUOUS
10
-1.8363558661417323
20
1.6075422047244095
11
-1.835007125984252
21
1.6102396456692913
0
LINE
8
BLACK
6
CONTINUOUS
10
-1.835007125984252
20
1.6102396456692913
11
-1.835007125984252
21
1.6163446062992126
0
LINE
8
BLACK
6
CONTINUOUS
10
-1.835007125984252
20
1.6163446062992126
11
-1.8363558661417323
21
1.6190420866141733
0
LINE
8
BLACK
6
CONTINUOUS
10
-1.8363558661417323
20
1.6190420866141733
11
-1.8375530314960629
21
1.6202392125984251
0
LINE
8
BLACK
6
CONTINUOUS
10
-1.8375530314960629
20
1.6202392125984251
11
-1.8402505118110235
21
1.6215879527559054
0
LINE
8
BLACK
6
CONTINUOUS
10
-1.8402505118110235
20
1.6215879527559054
11
-1.8463554724409448
21
1.6215879527559054
0
LINE
8
BLACK
6
CONTINUOUS
10
-1.8463554724409448
20
1.6215879527559054
11
-1.8490529527559054
21
1.6202392125984251
0
LINE
8
BLACK
6
CONTINUOUS
10
-1.8389774015748031
20
1.6649320472440945
11
-1.8388794094488188
21
1.6648914566929134
0
LINE
8
BLACK
6
CONTINUOUS
10
-1.8388794094488188
20
1.6648914566929134
11
-1.8387735826771654
21
1.6648839370078741
0
LINE
8
BLACK
6
CONTINUOUS
10
-1.8387735826771654
20
1.6648839370078741
11
-1.8382329527559054
21
1.6646770472440944
0
LINE
8
BLACK
6
CONTINUOUS
10
-1.8382329527559054
20
1.6646770472440944
11
-1.8344834251968503
21
1.6628022834645668
0
LINE
8
BLACK
6
CONTINUOUS
10
-1.8344834251968503
20
1.6628022834645668
11
-1.8342355511811024
21
1.6626462598425196
0
LINE
8
BLACK
6
CONTINUOUS
10
-1.8342355511811024
20
1.6626462598425196
11
-1.8341635039370079
21
1.6626164173228346
0
LINE
8
BLACK
6
CONTINUOUS
10
-1.8341635039370079
20
1.6626164173228346
11
-1.8340824803149607
21
1.6625499212598425
0
LINE
8
BLACK
6
CONTINUOUS
10
-1.8340824803149607
20
1.6625499212598425
11
-1.8339935433070866
21
1.662493937007874
0
LINE
8
BLACK
6
CONTINUOUS
10
-1.8339935433070866
20
1.662493937007874
11
-1.8339424015748031
21
1.6624349606299211
0
LINE
8
BLACK
6
CONTINUOUS
10
-1.8339424015748031
20
1.6624349606299211
11
-1.8337160629921259
21
1.6622492125984252
0
LINE
8
BLACK
6
CONTINUOUS
10
-1.8337160629921259
20
1.6622492125984252
11
-1.8318412598425196
21
1.6603744488188976
0
LINE
8
BLACK
6
CONTINUOUS
10
-1.8318412598425196
20
1.6603744488188976
11
-1.8316555118110236
21
1.6601481102362203
0
LINE
8
BLACK
6
CONTINUOUS
10
-1.8316555118110236
20
1.6601481102362203
11
-1.8315964566929133
21
1.6600968897637796
0
LINE
8
BLACK
6
CONTINUOUS
10
-1.8315964566929133
20
1.6600968897637796
11
-1.8315404724409448
21
1.6600079527559055
0
LINE
8
BLACK
6
CONTINUOUS
10
-1.8315404724409448
20
1.6600079527559055
11
-1.8314740157480314
21
1.6599269685039371
0
LINE
8
BLACK
6
CONTINUOUS
10
-1.8314740157480314
20
1.6599269685039371
11
-1.8314442125984252
21
1.6598550393700786
0
LINE
8
BLACK
6
CONTINUOUS
10
-1.8314442125984252
20
1.6598550393700786
11
-1.8312881102362204
21
1.6596070078740157
0
LINE
8
BLACK
6
CONTINUOUS
10
-1.8312881102362204
20
1.6596070078740157
11
-1.8294133464566928
21
1.6558574803149606
0
LINE
8
BLACK
6
CONTINUOUS
10
-1.8294133464566928
20
1.6558574803149606
11
-1.8292064566929134
21
1.6553168897637796
0
LINE
8
BLACK
6
CONTINUOUS
10
-1.8292064566929134
20
1.6553168897637796
11
-1.8291989370078741
21
1.6552110236220472
0
LINE
8
BLACK
6
CONTINUOUS
10
-1.8291989370078741
20
1.6552110236220472
11
-1.829158346456693
21
1.6551130314960629
0
LINE
8
BLACK
6
CONTINUOUS
10
-1.829158346456693
20
1.6551130314960629
11
-1.8291016141732284
21
1.6545369685039371
0
LINE
8
BLACK
6
CONTINUOUS
10
-1.8291016141732284
20
1.6545369685039371
11
-1.8291016141732284
21
1.6451631496062993
0
LINE
8
BLACK
6
CONTINUOUS
10
-1.8291016141732284
20
1.6451631496062993
11
-1.829158346456693
21
1.6445870866141732
0
LINE
8
BLACK
6
CONTINUOUS
10
-1.829158346456693
20
1.6445870866141732
11
-1.8291989370078741
21
1.6444891338582677
0
LINE
8
BLACK
6
CONTINUOUS
10
-1.8291989370078741
20
1.6444891338582677
11
-1.8292064566929134
21
1.6443832283464566
0
LINE
8
BLACK
6
CONTINUOUS
10
-1.8292064566929134
20
1.6443832283464566
11
-1.8294133464566928
21
1.6438426377952755
0
LINE
8
BLACK
6
CONTINUOUS
10
-1.8294133464566928
20
1.6438426377952755
11
-1.8312881102362204
21
1.6400931102362204
0
LINE
8
BLACK
6
CONTINUOUS
10
-1.8312881102362204
20
1.6400931102362204
11
-1.8314442125984252
21
1.6398451181102363
0
LINE
8
BLACK
6
CONTINUOUS
10
-1.8314442125984252
20
1.6398451181102363
11
-1.8314740157480314
21
1.6397731496062993
0
LINE
8
BLACK
6
CONTINUOUS
10
-1.8314740157480314
20
1.6397731496062993
11
-1.8315404724409448
21
1.6396922047244094
0
LINE
8
BLACK
6
CONTINUOUS
10
-1.8315404724409448
20
1.6396922047244094
11
-1.8315964566929133
21
1.6396032283464566
0
LINE
8
BLACK
6
CONTINUOUS
10
-1.8315964566929133
20
1.6396032283464566
11
-1.8316555118110236
21
1.6395520472440945
0
LINE
8
BLACK
6
CONTINUOUS
10
-1.8316555118110236
20
1.6395520472440945
11
-1.8318412598425196
21
1.6393256692913385
0
LINE
8
BLACK
6
CONTINUOUS
10
-1.8318412598425196
20
1.6393256692913385
11
-1.8337160629921259
21
1.6374509055118109
0
LINE
8
BLACK
6
CONTINUOUS
10
-1.8337160629921259
20
1.6374509055118109
11
-1.8341635039370079
21
1.6370837007874015
0
LINE
8
BLACK
6
CONTINUOUS
10
-1.8341635039370079
20
1.6370837007874015
11
-1.8352279133858267
21
1.6366428346456692
0
LINE
8
BLACK
6
CONTINUOUS
10
-1.8352279133858267
20
1.6366428346456692
11
-1.8363799999999999
21
1.6366428346456692
0
LINE
8
BLACK
6
CONTINUOUS
10
-1.8363799999999999
20
1.6366428346456692
11
-1.8374444094488189
21
1.6370837401574803
0
LINE
8
BLACK
6
CONTINUOUS
10
-1.8374444094488189
20
1.6370837401574803
11
-1.8382590944881889
21
1.6378984251968502
0
LINE
8
BLACK
6
CONTINUOUS
10
-1.8382590944881889
20
1.6378984251968502
11
-1.8386999606299212
21
1.6389628346456693
0
LINE
8
BLACK
6
CONTINUOUS
10
-1.8386999606299212
20
1.6389628346456693
11
-1.8386999606299212
21
1.6401149212598425
0
LINE
8
BLACK
6
CONTINUOUS
10
-1.8386999606299212
20
1.6401149212598425
11
-1.8382590551181102
21
1.6411793307086613
0
LINE
8
BLACK
6
CONTINUOUS
10
-1.8382590551181102
20
1.6411793307086613
11
-1.837891811023622
21
1.6416268110236221
0
LINE
8
BLACK
6
CONTINUOUS
10
-1.837891811023622
20
1.6416268110236221
11
-1.8363558661417323
21
1.6431627559055118
0
LINE
8
BLACK
6
CONTINUOUS
10
-1.8363558661417323
20
1.6431627559055118
11
-1.835007125984252
21
1.6458601968503936
0
LINE
8
BLACK
6
CONTINUOUS
10
-1.835007125984252
20
1.6458601968503936
11
-1.835007125984252
21
1.6538399212598425
0
LINE
8
BLACK
6
CONTINUOUS
10
-1.835007125984252
20
1.6538399212598425
11
-1.8363558661417323
21
1.6565374015748031
0
LINE
8
BLACK
6
CONTINUOUS
10
-1.8363558661417323
20
1.6565374015748031
11
-1.8375530314960629
21
1.6577345275590551
0
LINE
8
BLACK
6
CONTINUOUS
10
-1.8375530314960629
20
1.6577345275590551
11
-1.8402505118110235
21
1.6590832677165355
0
LINE
8
BLACK
6
CONTINUOUS
10
-1.8402505118110235
20
1.6590832677165355
11
-1.8482302362204723
21
1.6590832677165355
0
LINE
8
BLACK
6
CONTINUOUS
10
-1.8482302362204723
20
1.6590832677165355
11
-1.850927716535433
21
1.6577345275590551
0
LINE
8
BLACK
6
CONTINUOUS
10
-1.850927716535433
20
1.6577345275590551
11
-1.852124842519685
21
1.6565374015748031
0
LINE
8
BLACK
6
CONTINUOUS
10
-1.852124842519685
20
1.6565374015748031
11
-1.8534735826771653
21
1.6538399212598425
0
LINE
8
BLACK
6
CONTINUOUS
10
-1.8534735826771653
20
1.6538399212598425
11
-1.8534735826771653
21
1.6458601968503936
0
LINE
8
BLACK
6
CONTINUOUS
10
-1.8534735826771653
20
1.6458601968503936
11
-1.852124842519685
21
1.643162716535433
0
LINE
8
BLACK
6
CONTINUOUS
10
-1.852124842519685
20
1.643162716535433
11
-1.8505888976377953
21
1.6416267716535433
0
LINE
8
BLACK
6
CONTINUOUS
10
-1.8505888976377953
20
1.6416267716535433
11
-1.8502216929133857
21
1.6411793307086613
0
LINE
8
BLACK
6
CONTINUOUS
10
-1.8502216929133857
20
1.6411793307086613
11
-1.8501648031496063
21
1.6410420078740158
0
LINE
8
BLACK
6
CONTINUOUS
10
-1.8501648031496063
20
1.6410420078740158
11
-1.8500706299212597
21
1.6409268897637794
0
LINE
8
BLACK
6
CONTINUOUS
10
-1.8500706299212597
20
1.6409268897637794
11
-1.8499459448818898
21
1.640513622047244
0
LINE
8
BLACK
6
CONTINUOUS
10
-1.8499459448818898
20
1.640513622047244
11
-1.8497807874015748
21
1.6401149212598425
0
LINE
8
BLACK
6
CONTINUOUS
10
-1.8497807874015748
20
1.6401149212598425
11
-1.8497807874015748
21
1.6399662598425198
0
LINE
8
BLACK
6
CONTINUOUS
10
-1.8497807874015748
20
1.6399662598425198
11
-1.8497378346456692
21
1.6398238976377952
0
LINE
8
BLACK
6
CONTINUOUS
10
-1.8497378346456692
20
1.6398238976377952
11
-1.8497807874015748
21
1.6393944094488189
0
LINE
8
BLACK
6
CONTINUOUS
10
-1.8497807874015748
20
1.6393944094488189
11
-1.8497807874015748
21
1.6389628346456693
0
LINE
8
BLACK
6
CONTINUOUS
10
-1.8497807874015748
20
1.6389628346456693
11
-1.8498377165354329
21
1.6388255118110235
0
LINE
8
BLACK
6
CONTINUOUS
10
-1.8498377165354329
20
1.6388255118110235
11
-1.8498524803149605
21
1.6386774803149606
0
LINE
8
BLACK
6
CONTINUOUS
10
-1.8498524803149605
20
1.6386774803149606
11
-1.8500566141732282
21
1.6382970472440945
0
LINE
8
BLACK
6
CONTINUOUS
10
-1.8500566141732282
20
1.6382970472440945
11
-1.8502216929133857
21
1.6378984251968502
0
LINE
8
BLACK
6
CONTINUOUS
10
-1.8502216929133857
20
1.6378984251968502
11
-1.8503268503937007
21
1.6377933070866142
0
LINE
8
BLACK
6
CONTINUOUS
10
-1.8503268503937007
20
1.6377933070866142
11
-1.850397125984252
21
1.6376622440944881
0
LINE
8
BLACK
6
CONTINUOUS
10
-1.850397125984252
20
1.6376622440944881
11
-1.8507313385826771
21
1.6373888188976378
0
LINE
8
BLACK
6
CONTINUOUS
10
-1.8507313385826771
20
1.6373888188976378
11
-1.8510363779527559
21
1.6370837401574803
0
LINE
8
BLACK
6
CONTINUOUS
10
-1.8510363779527559
20
1.6370837401574803
11
-1.8511736614173229
21
1.6370268897637794
0
LINE
8
BLACK
6
CONTINUOUS
10
-1.8511736614173229
20
1.6370268897637794
11
-1.851288779527559
21
1.6369326771653543
0
LINE
8
BLACK
6
CONTINUOUS
10
-1.851288779527559
20
1.6369326771653543
11
-1.8517022047244094
21
1.6368079527559054
0
LINE
8
BLACK
6
CONTINUOUS
10
-1.8517022047244094
20
1.6368079527559054
11
-1.8521007874015747
21
1.6366428346456692
0
LINE
8
BLACK
6
CONTINUOUS
10
-1.8521007874015747
20
1.6366428346456692
11
-1.8522494094488189
21
1.6366428346456692
0
LINE
8
BLACK
6
CONTINUOUS
10
-1.8522494094488189
20
1.6366428346456692
11
-1.8523917716535432
21
1.6365998818897638
0
LINE
8
BLACK
6
CONTINUOUS
10
-1.8523917716535432
20
1.6365998818897638
11
-1.8529706299212598
21
1.6366007480314961
0
LINE
8
BLACK
6
CONTINUOUS
10
-1.8529706299212598
20
1.6366007480314961
11
-1.8717182677165354
21
1.6384755118110237
0
LINE
8
BLACK
6
CONTINUOUS
10
-1.8717182677165354
20
1.6384755118110237
11
-1.8719281889763779
21
1.6385175984251967
0
LINE
8
BLACK
6
CONTINUOUS
10
-1.8719281889763779
20
1.6385175984251967
11
-1.8720005118110237
21
1.6385175984251967
0
LINE
8
BLACK
6
CONTINUOUS
10
-1.8720005118110237
20
1.6385175984251967
11
-1.872068346456693
21
1.6385457086614172
0
LINE
8
BLACK
6
CONTINUOUS
10
-1.872068346456693
20
1.6385457086614172
11
-1.8722858267716536
21
1.6385892913385827
0
LINE
8
BLACK
6
CONTINUOUS
10
-1.8722858267716536
20
1.6385892913385827
11
-1.8726661417322834
21
1.6387933464566928
0
LINE
8
BLACK
6
CONTINUOUS
10
-1.8726661417322834
20
1.6387933464566928
11
-1.8730649212598425
21
1.6389585039370078
0
LINE
8
BLACK
6
CONTINUOUS
10
-1.8730649212598425
20
1.6389585039370078
11
-1.8731701181102363
21
1.6390637007874016
0
LINE
8
BLACK
6
CONTINUOUS
10
-1.8731701181102363
20
1.6390637007874016
11
-1.8733010629921258
21
1.6391339370078739
0
LINE
8
BLACK
6
CONTINUOUS
10
-1.8733010629921258
20
1.6391339370078739
11
-1.8735743307086614
21
1.6394679133858268
0
LINE
8
BLACK
6
CONTINUOUS
10
-1.8735743307086614
20
1.6394679133858268
11
-1.8738795669291337
21
1.6397731496062993
0
LINE
8
BLACK
6
CONTINUOUS
10
-1.8738795669291337
20
1.6397731496062993
11
-1.8739364960629921
21
1.6399105118110235
0
LINE
8
BLACK
6
CONTINUOUS
10
-1.8739364960629921
20
1.6399105118110235
11
-1.8740306299212599
21
1.6400255905511811
0
LINE
8
BLACK
6
CONTINUOUS
10
-1.8740306299212599
20
1.6400255905511811
11
-1.8741553543307086
21
1.6404388976377953
0
LINE
8
BLACK
6
CONTINUOUS
10
-1.8741553543307086
20
1.6404388976377953
11
-1.8743204724409448
21
1.6408375590551181
0
LINE
8
BLACK
6
CONTINUOUS
10
-1.8743204724409448
20
1.6408375590551181
11
-1.8743422440944881
21
1.6410582677165353
0
LINE
8
BLACK
6
CONTINUOUS
10
-1.8743422440944881
20
1.6410582677165353
11
-1.8743634251968504
21
1.6411285826771653
0
LINE
8
BLACK
6
CONTINUOUS
10
-1.8743634251968504
20
1.6411285826771653
11
-1.8743562598425196
21
1.6412005905511811
0
LINE
8
BLACK
6
CONTINUOUS
10
-1.8743562598425196
20
1.6412005905511811
11
-1.8743772047244094
21
1.6414136220472439
0
LINE
8
BLACK
6
CONTINUOUS
10
-1.8743772047244094
20
1.6414136220472439
11
-1.8743772047244094
21
1.6601612598425197
0
LINE
8
BLACK
6
CONTINUOUS
10
-1.8743772047244094
20
1.6601612598425197
11
-1.8743204724409448
21
1.6607373228346456
0
LINE
8
BLACK
6
CONTINUOUS
10
-1.8743204724409448
20
1.6607373228346456
11
-1.8738795669291337
21
1.6618017322834646
0
LINE
8
BLACK
6
CONTINUOUS
10
-1.8738795669291337
20
1.6618017322834646
11
-1.8730649212598425
21
1.6626163779527559
0
LINE
8
BLACK
6
CONTINUOUS
10
-1.8730649212598425
20
1.6626163779527559
11
-1.8720005118110237
21
1.6630572834645669
0
LINE
8
BLACK
6
CONTINUOUS
10
-1.8720005118110237
20
1.6630572834645669
11
-1.8708483858267717
21
1.6630572834645669
0
LINE
8
BLACK
6
CONTINUOUS
10
-1.8708483858267717
20
1.6630572834645669
11
-1.8697839763779527
21
1.6626163779527559
0
LINE
8
BLACK
6
CONTINUOUS
10
-1.8697839763779527
20
1.6626163779527559
11
-1.8689693307086614
21
1.6618017322834646
0
LINE
8
BLACK
6
CONTINUOUS
10
-1.8689693307086614
20
1.6618017322834646
11
-1.8685284251968504
21
1.6607373228346456
0
LINE
8
BLACK
6
CONTINUOUS
10
-1.8685284251968504
20
1.6607373228346456
11
-1.8684716929133858
21
1.6601612598425197
0
LINE
8
BLACK
6
CONTINUOUS
10
-1.8684716929133858
20
1.6601612598425197
11
-1.8684716929133858
21
1.6440858661417324
0
LINE
8
BLACK
6
CONTINUOUS
10
-1.8684716929133858
20
1.6440858661417324
11
-1.8587004330708661
21
1.6431087401574802
0
LINE
8
BLACK
6
CONTINUOUS
10
-1.8587004330708661
20
1.6431087401574802
11
-1.8590673622047245
21
1.6438426377952755
0
LINE
8
BLACK
6
CONTINUOUS
10
-1.8590673622047245
20
1.6438426377952755
11
-1.8592742519685039
21
1.6443832677165353
0
LINE
8
BLACK
6
CONTINUOUS
10
-1.8592742519685039
20
1.6443832677165353
11
-1.8592817716535432
21
1.6444890944881889
0
LINE
8
BLACK
6
CONTINUOUS
10
-1.8592817716535432
20
1.6444890944881889
11
-1.8593223622047244
21
1.6445870866141732
0
LINE
8
BLACK
6
CONTINUOUS
10
-1.8593223622047244
20
1.6445870866141732
11
-1.8593790944881889
21
1.6451631496062993
0
LINE
8
BLACK
6
CONTINUOUS
10
-1.8593790944881889
20
1.6451631496062993
11
-1.8593790944881889
21
1.6545369685039371
0
LINE
8
BLACK
6
CONTINUOUS
10
-1.8593790944881889
20
1.6545369685039371
11
-1.8593223622047244
21
1.6551130314960629
0
LINE
8
BLACK
6
CONTINUOUS
10
-1.8593223622047244
20
1.6551130314960629
11
-1.8592817716535432
21
1.6552110629921259
0
LINE
8
BLACK
6
CONTINUOUS
10
-1.8592817716535432
20
1.6552110629921259
11
-1.8592742519685039
21
1.6553168503937008
0
LINE
8
BLACK
6
CONTINUOUS
10
-1.8592742519685039
20
1.6553168503937008
11
-1.8590673622047245
21
1.6558574803149606
0
LINE
8
BLACK
6
CONTINUOUS
10
-1.8590673622047245
20
1.6558574803149606
11
-1.8571925984251969
21
1.6596070078740157
0
LINE
8
BLACK
6
CONTINUOUS
10
-1.8571925984251969
20
1.6596070078740157
11
-1.8570365354330709
21
1.6598550393700786
0
LINE
8
BLACK
6
CONTINUOUS
10
-1.8570365354330709
20
1.6598550393700786
11
-1.8570066929133857
21
1.6599269685039371
0
LINE
8
BLACK
6
CONTINUOUS
10
-1.8570066929133857
20
1.6599269685039371
11
-1.8569402362204723
21
1.6600079527559055
0
LINE
8
BLACK
6
CONTINUOUS
10
-1.8569402362204723
20
1.6600079527559055
11
-1.8568842519685038
21
1.6600968897637796
0
LINE
8
BLACK
6
CONTINUOUS
10
-1.8568842519685038
20
1.6600968897637796
11
-1.8568252755905512
21
1.6601480708661418
0
LINE
8
BLACK
6
CONTINUOUS
10
-1.8568252755905512
20
1.6601480708661418
11
-1.8566394881889763
21
1.6603744094488189
0
LINE
8
BLACK
6
CONTINUOUS
10
-1.8566394881889763
20
1.6603744094488189
11
-1.8547647244094487
21
1.6622491732283464
0
LINE
8
BLACK
6
CONTINUOUS
10
-1.8547647244094487
20
1.6622491732283464
11
-1.8545383858267717
21
1.6624349606299211
0
LINE
8
BLACK
6
CONTINUOUS
10
-1.8545383858267717
20
1.6624349606299211
11
-1.8544872047244094
21
1.662493937007874
0
LINE
8
BLACK
6
CONTINUOUS
10
-1.8544872047244094
20
1.662493937007874
11
-1.8543982677165354
21
1.6625499212598425
0
LINE
8
BLACK
6
CONTINUOUS
10
-1.8543982677165354
20
1.6625499212598425
11
-1.8543172834645669
21
1.6626163779527559
0
LINE
8
BLACK
6
CONTINUOUS
10
-1.8543172834645669
20
1.6626163779527559
11
-1.8542453543307087
21
1.6626462204724408
0
LINE
8
BLACK
6
CONTINUOUS
10
-1.8542453543307087
20
1.6626462204724408
11
-1.8539973228346456
21
1.6628022834645668
0
LINE
8
BLACK
6
CONTINUOUS
10
-1.8539973228346456
20
1.6628022834645668
11
-1.8502477952755905
21
1.6646770472440944
0
LINE
8
BLACK
6
CONTINUOUS
10
-1.8502477952755905
20
1.6646770472440944
11
-1.8497072047244094
21
1.6648839370078741
0
LINE
8
BLACK
6
CONTINUOUS
10
-1.8497072047244094
20
1.6648839370078741
11
-1.8496013385826771
21
1.6648914960629921
0
LINE
8
BLACK
6
CONTINUOUS
10
-1.8496013385826771
20
1.6648914960629921
11
-1.8495033464566928
21
1.6649320472440945
0
LINE
8
BLACK
6
CONTINUOUS
10
-1.8495033464566928
20
1.6649320472440945
11
-1.8489272834645669
21
1.6649887795275591
0
LINE
8
BLACK
6
CONTINUOUS
10
-1.8489272834645669
20
1.6649887795275591
11
-1.8395534645669291
21
1.6649887795275591
0
LINE
8
BLACK
6
CONTINUOUS
10
-1.8395534645669291
20
1.6649887795275591
11
-1.8389774015748031
21
1.6649320472440945
0
LINE
8
BLACK
6
CONTINUOUS
10
-1.8469520078740158
20
1.7024742125984251
11
-1.8469089763779527
21
1.7024805905511811
0
LINE
8
BLACK
6
CONTINUOUS
10
-1.8469089763779527
20
1.7024805905511811
11
-1.8466935039370078
21
1.7024487401574804
0
LINE
8
BLACK
6
CONTINUOUS
10
-1.8466935039370078
20
1.7024487401574804
11
-1.8464764566929133
21
1.7024273622047243
0
LINE
8
BLACK
6
CONTINUOUS
10
-1.8464764566929133
20
1.7024273622047243
11
-1.8464362598425197
21
1.7024107480314961
0
LINE
8
BLACK
6
CONTINUOUS
10
-1.8464362598425197
20
1.7024107480314961
11
-1.846336377952756
21
1.7023959448818897
0
LINE
8
BLACK
6
CONTINUOUS
10
-1.846336377952756
20
1.7023959448818897
11
-1.8388373228346457
21
1.7005211811023622
0
LINE
8
BLACK
6
CONTINUOUS
10
-1.8388373228346457
20
1.7005211811023622
11
-1.8387948425196849
21
1.7005060236220473
0
LINE
8
BLACK
6
CONTINUOUS
10
-1.8387948425196849
20
1.7005060236220473
11
-1.8387735826771654
21
1.7005044881889764
0
LINE
8
BLACK
6
CONTINUOUS
10
-1.8387735826771654
20
1.7005044881889764
11
-1.8385341732283464
21
1.700412874015748
0
LINE
8
BLACK
6
CONTINUOUS
10
-1.8385341732283464
20
1.700412874015748
11
-1.8382922047244095
21
1.7003264173228345
0
LINE
8
BLACK
6
CONTINUOUS
10
-1.8382922047244095
20
1.7003264173228345
11
-1.8382750787401574
21
1.7003137401574804
0
LINE
8
BLACK
6
CONTINUOUS
10
-1.8382750787401574
20
1.7003137401574804
11
-1.8382329527559054
21
1.7002975984251969
0
LINE
8
BLACK
6
CONTINUOUS
10
-1.8382329527559054
20
1.7002975984251969
11
-1.8344834251968503
21
1.6984228346456693
0
LINE
8
BLACK
6
CONTINUOUS
10
-1.8344834251968503
20
1.6984228346456693
11
-1.8342355511811024
21
1.6982668110236221
0
LINE
8
BLACK
6
CONTINUOUS
10
-1.8342355511811024
20
1.6982668110236221
11
-1.8341635039370079
21
1.6982369685039369
0
LINE
8
BLACK
6
CONTINUOUS
10
-1.8341635039370079
20
1.6982369685039369
11
-1.8340824803149607
21
1.6981704724409448
0
LINE
8
BLACK
6
CONTINUOUS
10
-1.8340824803149607
20
1.6981704724409448
11
-1.8339935433070866
21
1.6981144881889763
0
LINE
8
BLACK
6
CONTINUOUS
10
-1.8339935433070866
20
1.6981144881889763
11
-1.8339424015748031
21
1.6980555118110237
0
LINE
8
BLACK
6
CONTINUOUS
10
-1.8339424015748031
20
1.6980555118110237
11
-1.8337160629921259
21
1.6978697637795275
0
LINE
8
BLACK
6
CONTINUOUS
10
-1.8337160629921259
20
1.6978697637795275
11
-1.8318412598425196
21
1.6959949999999999
0
LINE
8
BLACK
6
CONTINUOUS
10
-1.8318412598425196
20
1.6959949999999999
11
-1.8316555118110236
21
1.6957686614173229
0
LINE
8
BLACK
6
CONTINUOUS
10
-1.8316555118110236
20
1.6957686614173229
11
-1.8315964566929133
21
1.6957174409448819
0
LINE
8
BLACK
6
CONTINUOUS
10
-1.8315964566929133
20
1.6957174409448819
11
-1.8315404724409448
21
1.6956285039370078
0
LINE
8
BLACK
6
CONTINUOUS
10
-1.8315404724409448
20
1.6956285039370078
11
-1.8314740157480314
21
1.6955475196850394
0
LINE
8
BLACK
6
CONTINUOUS
10
-1.8314740157480314
20
1.6955475196850394
11
-1.8314442125984252
21
1.6954755905511811
0
LINE
8
BLACK
6
CONTINUOUS
10
-1.8314442125984252
20
1.6954755905511811
11
-1.8312881102362204
21
1.695227559055118
0
LINE
8
BLACK
6
CONTINUOUS
10
-1.8312881102362204
20
1.695227559055118
11
-1.8294133464566928
21
1.6914780314960629
0
LINE
8
BLACK
6
CONTINUOUS
10
-1.8294133464566928
20
1.6914780314960629
11
-1.8292064566929134
21
1.6909374409448819
0
LINE
8
BLACK
6
CONTINUOUS
10
-1.8292064566929134
20
1.6909374409448819
11
-1.8291989370078741
21
1.6908315748031495
0
LINE
8
BLACK
6
CONTINUOUS
10
-1.8291989370078741
20
1.6908315748031495
11
-1.829158346456693
21
1.6907335826771652
0
LINE
8
BLACK
6
CONTINUOUS
10
-1.829158346456693
20
1.6907335826771652
11
-1.8291016141732284
21
1.6901575196850394
0
LINE
8
BLACK
6
CONTINUOUS
10
-1.8291016141732284
20
1.6901575196850394
11
-1.8291016141732284
21
1.6864079921259842
0
LINE
8
BLACK
6
CONTINUOUS
10
-1.8291016141732284
20
1.6864079921259842
11
-1.829158346456693
21
1.6858319291338582
0
LINE
8
BLACK
6
CONTINUOUS
10
-1.829158346456693
20
1.6858319291338582
11
-1.8291989370078741
21
1.6857339763779526
0
LINE
8
BLACK
6
CONTINUOUS
10
-1.8291989370078741
20
1.6857339763779526
11
-1.8292064566929134
21
1.6856280708661417
0
LINE
8
BLACK
6
CONTINUOUS
10
-1.8292064566929134
20
1.6856280708661417
11
-1.8294133464566928
21
1.6850874803149607
0
LINE
8
BLACK
6
CONTINUOUS
10
-1.8294133464566928
20
1.6850874803149607
11
-1.8312881102362204
21
1.6813379527559054
0
LINE
8
BLACK
6
CONTINUOUS
10
-1.8312881102362204
20
1.6813379527559054
11
-1.8314442125984252
21
1.6810899606299212
0
LINE
8
BLACK
6
CONTINUOUS
10
-1.8314442125984252
20
1.6810899606299212
11
-1.8314740157480314
21
1.6810179921259842
0
LINE
8
BLACK
6
CONTINUOUS
10
-1.8314740157480314
20
1.6810179921259842
11
-1.8315404724409448
21
1.6809370472440945
0
LINE
8
BLACK
6
CONTINUOUS
10
-1.8315404724409448
20
1.6809370472440945
11
-1.8315964566929133
21
1.6808480708661417
0
LINE
8
BLACK
6
CONTINUOUS
10
-1.8315964566929133
20
1.6808480708661417
11
-1.8316555118110236
21
1.6807968897637795
0
LINE
8
BLACK
6
CONTINUOUS
10
-1.8316555118110236
20
1.6807968897637795
11
-1.8318412598425196
21
1.6805705118110237
0
LINE
8
BLACK
6
CONTINUOUS
10
-1.8318412598425196
20
1.6805705118110237
11
-1.8337160629921259
21
1.6786957480314961
0
LINE
8
BLACK
6
CONTINUOUS
10
-1.8337160629921259
20
1.6786957480314961
11
-1.8339424015748031
21
1.6785100393700787
0
LINE
8
BLACK
6
CONTINUOUS
10
-1.8339424015748031
20
1.6785100393700787
11
-1.8339935433070866
21
1.6784510236220471
0
LINE
8
BLACK
6
CONTINUOUS
10
-1.8339935433070866
20
1.6784510236220471
11
-1.8340824803149607
21
1.6783950787401574
0
LINE
8
BLACK
6
CONTINUOUS
10
-1.8340824803149607
20
1.6783950787401574
11
-1.8341635039370079
21
1.6783285433070865
0
LINE
8
BLACK
6
CONTINUOUS
10
-1.8341635039370079
20
1.6783285433070865
11
-1.8342355511811024
21
1.6782987401574803
0
LINE
8
BLACK
6
CONTINUOUS
10
-1.8342355511811024
20
1.6782987401574803
11
-1.8344834251968503
21
1.6781426771653543
0
LINE
8
BLACK
6
CONTINUOUS
10
-1.8344834251968503
20
1.6781426771653543
11
-1.8382329527559054
21
1.6762679133858267
0
LINE
8
BLACK
6
CONTINUOUS
10
-1.8382329527559054
20
1.6762679133858267
11
-1.8382750787401574
21
1.676251811023622
0
LINE
8
BLACK
6
CONTINUOUS
10
-1.8382750787401574
20
1.676251811023622
11
-1.8382922047244095
21
1.6762390944881889
0
LINE
8
BLACK
6
CONTINUOUS
10
-1.8382922047244095
20
1.6762390944881889
11
-1.8385341732283464
21
1.6761526771653543
0
LINE
8
BLACK
6
CONTINUOUS
10
-1.8385341732283464
20
1.6761526771653543
11
-1.8387735826771654
21
1.6760610236220472
0
LINE
8
BLACK
6
CONTINUOUS
10
-1.8387735826771654
20
1.6760610236220472
11
-1.8387948425196849
21
1.6760595275590551
0
LINE
8
BLACK
6
CONTINUOUS
10
-1.8387948425196849
20
1.6760595275590551
11
-1.8388373228346457
21
1.6760443307086614
0
LINE
8
BLACK
6
CONTINUOUS
10
-1.8388373228346457
20
1.6760443307086614
11
-1.846336377952756
21
1.6741695669291339
0
LINE
8
BLACK
6
CONTINUOUS
10
-1.846336377952756
20
1.6741695669291339
11
-1.8464362598425197
21
1.6741548031496063
0
LINE
8
BLACK
6
CONTINUOUS
10
-1.8464362598425197
20
1.6741548031496063
11
-1.8464764566929133
21
1.6741381496062993
0
LINE
8
BLACK
6
CONTINUOUS
10
-1.8464764566929133
20
1.6741381496062993
11
-1.8466935039370078
21
1.674116811023622
0
LINE
8
BLACK
6
CONTINUOUS
10
-1.8466935039370078
20
1.674116811023622
11
-1.8469089763779527
21
1.6740849212598425
0
LINE
8
BLACK
6
CONTINUOUS
10
-1.8469089763779527
20
1.6740849212598425
11
-1.8469520078740158
21
1.6740913385826772
0
LINE
8
BLACK
6
CONTINUOUS
10
-1.8469520078740158
20
1.6740913385826772
11
-1.8470525196850394
21
1.6740814173228347
0
LINE
8
BLACK
6
CONTINUOUS
10
-1.8470525196850394
20
1.6740814173228347
11
-1.8564263385826771
21
1.6740814173228347
0
LINE
8
BLACK
6
CONTINUOUS
10
-1.8564263385826771
20
1.6740814173228347
11
-1.8565268897637794
21
1.6740913385826772
0
LINE
8
BLACK
6
CONTINUOUS
10
-1.8565268897637794
20
1.6740913385826772
11
-1.8565698818897638
21
1.6740849212598425
0
LINE
8
BLACK
6
CONTINUOUS
10
-1.8565698818897638
20
1.6740849212598425
11
-1.8567853937007874
21
1.674116811023622
0
LINE
8
BLACK
6
CONTINUOUS
10
-1.8567853937007874
20
1.674116811023622
11
-1.857002401574803
21
1.6741381496062993
0
LINE
8
BLACK
6
CONTINUOUS
10
-1.857002401574803
20
1.6741381496062993
11
-1.8570426377952756
21
1.6741548031496063
0
LINE
8
BLACK
6
CONTINUOUS
10
-1.8570426377952756
20
1.6741548031496063
11
-1.8571424803149605
21
1.6741695669291339
0
LINE
8
BLACK
6
CONTINUOUS
10
-1.8571424803149605
20
1.6741695669291339
11
-1.8646415354330708
21
1.6760443307086614
0
LINE
8
BLACK
6
CONTINUOUS
10
-1.8646415354330708
20
1.6760443307086614
11
-1.8646840551181101
21
1.6760595275590551
0
LINE
8
BLACK
6
CONTINUOUS
10
-1.8646840551181101
20
1.6760595275590551
11
-1.8647053149606299
21
1.6760610236220472
0
LINE
8
BLACK
6
CONTINUOUS
10
-1.8647053149606299
20
1.6760610236220472
11
-1.8649450787401574
21
1.6761527952755906
0
LINE
8
BLACK
6
CONTINUOUS
10
-1.8649450787401574
20
1.6761527952755906
11
-1.865186653543307
21
1.6762390944881889
0
LINE
8
BLACK
6
CONTINUOUS
10
-1.865186653543307
20
1.6762390944881889
11
-1.8652038188976376
21
1.676251811023622
0
LINE
8
BLACK
6
CONTINUOUS
10
-1.8652038188976376
20
1.676251811023622
11
-1.8652459055118109
21
1.6762679133858267
0
LINE
8
BLACK
6
CONTINUOUS
10
-1.8652459055118109
20
1.6762679133858267
11
-1.868995433070866
21
1.6781426771653543
0
LINE
8
BLACK
6
CONTINUOUS
10
-1.868995433070866
20
1.6781426771653543
11
-1.8692434645669291
21
1.678298779527559
0
LINE
8
BLACK
6
CONTINUOUS
10
-1.8692434645669291
20
1.678298779527559
11
-1.8693153937007874
21
1.6783285826771652
0
LINE
8
BLACK
6
CONTINUOUS
10
-1.8693153937007874
20
1.6783285826771652
11
-1.8693963779527558
21
1.6783950787401574
0
LINE
8
BLACK
6
CONTINUOUS
10
-1.8693963779527558
20
1.6783950787401574
11
-1.8694853149606299
21
1.6784510236220471
0
LINE
8
BLACK
6
CONTINUOUS
10
-1.8694853149606299
20
1.6784510236220471
11
-1.8695364960629921
21
1.6785100393700787
0
LINE
8
BLACK
6
CONTINUOUS
10
-1.8695364960629921
20
1.6785100393700787
11
-1.8697628346456692
21
1.6786957874015747
0
LINE
8
BLACK
6
CONTINUOUS
10
-1.8697628346456692
20
1.6786957874015747
11
-1.8716375984251967
21
1.6805705511811024
0
LINE
8
BLACK
6
CONTINUOUS
10
-1.8716375984251967
20
1.6805705511811024
11
-1.8718233858267717
21
1.6807969291338583
0
LINE
8
BLACK
6
CONTINUOUS
10
-1.8718233858267717
20
1.6807969291338583
11
-1.8718823622047243
21
1.6808480708661417
0
LINE
8
BLACK
6
CONTINUOUS
10
-1.8718823622047243
20
1.6808480708661417
11
-1.8719383464566928
21
1.6809370472440945
0
LINE
8
BLACK
6
CONTINUOUS
10
-1.8719383464566928
20
1.6809370472440945
11
-1.8720048031496062
21
1.6810179921259842
0
LINE
8
BLACK
6
CONTINUOUS
10
-1.8720048031496062
20
1.6810179921259842
11
-1.8720346456692913
21
1.6810899606299212
0
LINE
8
BLACK
6
CONTINUOUS
10
-1.8720346456692913
20
1.6810899606299212
11
-1.8721907086614173
21
1.6813379527559054
0
LINE
8
BLACK
6
CONTINUOUS
10
-1.8721907086614173
20
1.6813379527559054
11
-1.8740654724409449
21
1.6850874803149607
0
LINE
8
BLACK
6
CONTINUOUS
10
-1.8740654724409449
20
1.6850874803149607
11
-1.8742723622047244
21
1.6856281102362205
0
LINE
8
BLACK
6
CONTINUOUS
10
-1.8742723622047244
20
1.6856281102362205
11
-1.8742798818897637
21
1.6857339370078739
0
LINE
8
BLACK
6
CONTINUOUS
10
-1.8742798818897637
20
1.6857339370078739
11
-1.8743204724409448
21
1.6858319291338582
0
LINE
8
BLACK
6
CONTINUOUS
10
-1.8743204724409448
20
1.6858319291338582
11
-1.8743772047244094
21
1.6864079921259842
0
LINE
8
BLACK
6
CONTINUOUS
10
-1.8743772047244094
20
1.6864079921259842
11
-1.8743772047244094
21
1.6901575196850394
0
LINE
8
BLACK
6
CONTINUOUS
10
-1.8743772047244094
20
1.6901575196850394
11
-1.8743204724409448
21
1.6907335826771652
0
LINE
8
BLACK
6
CONTINUOUS
10
-1.8743204724409448
20
1.6907335826771652
11
-1.8742798818897637
21
1.6908316141732282
0
LINE
8
BLACK
6
CONTINUOUS
10
-1.8742798818897637
20
1.6908316141732282
11
-1.8742723622047244
21
1.6909374015748031
0
LINE
8
BLACK
6
CONTINUOUS
10
-1.8742723622047244
20
1.6909374015748031
11
-1.8740654724409449
21
1.6914780314960629
0
LINE
8
BLACK
6
CONTINUOUS
10
-1.8740654724409449
20
1.6914780314960629
11
-1.8721907086614173
21
1.695227559055118
0
LINE
8
BLACK
6
CONTINUOUS
10
-1.8721907086614173
20
1.695227559055118
11
-1.8720346456692913
21
1.6954755905511811
0
LINE
8
BLACK
6
CONTINUOUS
10
-1.8720346456692913
20
1.6954755905511811
11
-1.8720048031496062
21
1.6955475196850394
0
LINE
8
BLACK
6
CONTINUOUS
10
-1.8720048031496062
20
1.6955475196850394
11
-1.8719383464566928
21
1.6956285039370078
0
LINE
8
BLACK
6
CONTINUOUS
10
-1.8719383464566928
20
1.6956285039370078
11
-1.8718823622047243
21
1.6957174409448819
0
LINE
8
BLACK
6
CONTINUOUS
10
-1.8718823622047243
20
1.6957174409448819
11
-1.8718233858267717
21
1.6957686220472441
0
LINE
8
BLACK
6
CONTINUOUS
10
-1.8718233858267717
20
1.6957686220472441
11
-1.8716375984251967
21
1.6959949606299212
0
LINE
8
BLACK
6
CONTINUOUS
10
-1.8716375984251967
20
1.6959949606299212
11
-1.8697628346456692
21
1.6978697244094487
0
LINE
8
BLACK
6
CONTINUOUS
10
-1.8697628346456692
20
1.6978697244094487
11
-1.8695364960629921
21
1.6980555118110237
0
LINE
8
BLACK
6
CONTINUOUS
10
-1.8695364960629921
20
1.6980555118110237
11
-1.8694853149606299
21
1.6981144881889763
0
LINE
8
BLACK
6
CONTINUOUS
10
-1.8694853149606299
20
1.6981144881889763
11
-1.8693963779527558
21
1.6981704724409448
0
LINE
8
BLACK
6
CONTINUOUS
10
-1.8693963779527558
20
1.6981704724409448
11
-1.8693153937007874
21
1.6982369291338582
0
LINE
8
BLACK
6
CONTINUOUS
10
-1.8693153937007874
20
1.6982369291338582
11
-1.8692434645669291
21
1.6982667716535433
0
LINE
8
BLACK
6
CONTINUOUS
10
-1.8692434645669291
20
1.6982667716535433
11
-1.868995433070866
21
1.6984228346456693
0
LINE
8
BLACK
6
CONTINUOUS
10
-1.868995433070866
20
1.6984228346456693
11
-1.8652459055118109
21
1.7002975984251969
0
LINE
8
BLACK
6
CONTINUOUS
10
-1.8652459055118109
20
1.7002975984251969
11
-1.8652038188976376
21
1.7003137401574804
0
LINE
8
BLACK
6
CONTINUOUS
10
-1.8652038188976376
20
1.7003137401574804
11
-1.865186653543307
21
1.7003264173228345
0
LINE
8
BLACK
6
CONTINUOUS
10
-1.865186653543307
20
1.7003264173228345
11
-1.8649450787401574
21
1.7004127559055118
0
LINE
8
BLACK
6
CONTINUOUS
10
-1.8649450787401574
20
1.7004127559055118
11
-1.8647053149606299
21
1.7005044881889764
0
LINE
8
BLACK
6
CONTINUOUS
10
-1.8647053149606299
20
1.7005044881889764
11
-1.8646840551181101
21
1.7005060236220473
0
LINE
8
BLACK
6
CONTINUOUS
10
-1.8646840551181101
20
1.7005060236220473
11
-1.8646415354330708
21
1.7005211811023622
0
LINE
8
BLACK
6
CONTINUOUS
10
-1.8646415354330708
20
1.7005211811023622
11
-1.8571424803149605
21
1.7023959448818897
0
LINE
8
BLACK
6
CONTINUOUS
10
-1.8571424803149605
20
1.7023959448818897
11
-1.8570426377952756
21
1.7024107480314961
0
LINE
8
BLACK
6
CONTINUOUS
10
-1.8570426377952756
20
1.7024107480314961
11
-1.857002401574803
21
1.7024273622047243
0
LINE
8
BLACK
6
CONTINUOUS
10
-1.857002401574803
20
1.7024273622047243
11
-1.8567853937007874
21
1.7024487401574804
0
LINE
8
BLACK
6
CONTINUOUS
10
-1.8567853937007874
20
1.7024487401574804
11
-1.8565698818897638
21
1.7024805905511811
0
LINE
8
BLACK
6
CONTINUOUS
10
-1.8565698818897638
20
1.7024805905511811
11
-1.8565268897637794
21
1.7024742125984251
0
LINE
8
BLACK
6
CONTINUOUS
10
-1.8565268897637794
20
1.7024742125984251
11
-1.8564263385826771
21
1.7024840944881889
0
LINE
8
BLACK
6
CONTINUOUS
10
-1.8564263385826771
20
1.7024840944881889
11
-1.8470525196850394
21
1.7024840944881889
0
LINE
8
BLACK
6
CONTINUOUS
10
-1.8470525196850394
20
1.7024840944881889
11
-1.8469520078740158
21
1.7024742125984251
0
LINE
8
BLACK
6
CONTINUOUS
10
-1.862894842519685
20
1.6948705905511812
11
-1.8659258267716534
21
1.6933550787401574
0
LINE
8
BLACK
6
CONTINUOUS
10
-1.8659258267716534
20
1.6933550787401574
11
-1.8671229527559055
21
1.6921579527559054
0
LINE
8
BLACK
6
CONTINUOUS
10
-1.8671229527559055
20
1.6921579527559054
11
-1.8684716929133858
21
1.6894604724409448
0
LINE
8
BLACK
6
CONTINUOUS
10
-1.8684716929133858
20
1.6894604724409448
11
-1.8684716929133858
21
1.6871050393700786
0
LINE
8
BLACK
6
CONTINUOUS
10
-1.8684716929133858
20
1.6871050393700786
11
-1.8671229527559055
21
1.684407559055118
0
LINE
8
BLACK
6
CONTINUOUS
10
-1.8671229527559055
20
1.684407559055118
11
-1.8659258267716534
21
1.6832104330708662
0
LINE
8
BLACK
6
CONTINUOUS
10
-1.8659258267716534
20
1.6832104330708662
11
-1.862894842519685
21
1.6816949606299212
0
LINE
8
BLACK
6
CONTINUOUS
10
-1.862894842519685
20
1.6816949606299212
11
-1.8560627952755906
21
1.6799869291338583
0
LINE
8
BLACK
6
CONTINUOUS
10
-1.8560627952755906
20
1.6799869291338583
11
-1.8474160629921259
21
1.6799869291338583
0
LINE
8
BLACK
6
CONTINUOUS
10
-1.8474160629921259
20
1.6799869291338583
11
-1.8405840157480315
21
1.6816949606299212
0
LINE
8
BLACK
6
CONTINUOUS
10
-1.8405840157480315
20
1.6816949606299212
11
-1.8375530314960629
21
1.6832104724409449
0
LINE
8
BLACK
6
CONTINUOUS
10
-1.8375530314960629
20
1.6832104724409449
11
-1.8363558661417323
21
1.6844075984251967
0
LINE
8
BLACK
6
CONTINUOUS
10
-1.8363558661417323
20
1.6844075984251967
11
-1.835007125984252
21
1.6871050393700786
0
LINE
8
BLACK
6
CONTINUOUS
10
-1.835007125984252
20
1.6871050393700786
11
-1.835007125984252
21
1.6894604724409448
0
LINE
8
BLACK
6
CONTINUOUS
10
-1.835007125984252
20
1.6894604724409448
11
-1.8363558661417323
21
1.6921579527559054
0
LINE
8
BLACK
6
CONTINUOUS
10
-1.8363558661417323
20
1.6921579527559054
11
-1.8375530314960629
21
1.6933550787401574
0
LINE
8
BLACK
6
CONTINUOUS
10
-1.8375530314960629
20
1.6933550787401574
11
-1.8405840157480315
21
1.6948705905511812
0
LINE
8
BLACK
6
CONTINUOUS
10
-1.8405840157480315
20
1.6948705905511812
11
-1.8474160629921259
21
1.6965785826771653
0
LINE
8
BLACK
6
CONTINUOUS
10
-1.8474160629921259
20
1.6965785826771653
11
-1.8560627952755906
21
1.6965785826771653
0
LINE
8
BLACK
6
CONTINUOUS
10
-1.8560627952755906
20
1.6965785826771653
11
-1.862894842519685
21
1.6948705905511812
0
LINE
8
BLACK
6
CONTINUOUS
10
-1.8469520078740158
20
1.739969527559055
11
-1.8469089763779527
21
1.7399759055118109
0
LINE
8
BLACK
6
CONTINUOUS
10
-1.8469089763779527
20
1.7399759055118109
11
-1.8466935039370078
21
1.7399440551181102
0
LINE
8
BLACK
6
CONTINUOUS
10
-1.8466935039370078
20
1.7399440551181102
11
-1.8464764566929133
21
1.7399226771653542
0
LINE
8
BLACK
6
CONTINUOUS
10
-1.8464764566929133
20
1.7399226771653542
11
-1.8464362598425197
21
1.7399060629921259
0
LINE
8
BLACK
6
CONTINUOUS
10
-1.8464362598425197
20
1.7399060629921259
11
-1.846336377952756
21
1.7398912598425196
0
LINE
8
BLACK
6
CONTINUOUS
10
-1.846336377952756
20
1.7398912598425196
11
-1.8388373228346457
21
1.738016496062992
0
LINE
8
BLACK
6
CONTINUOUS
10
-1.8388373228346457
20
1.738016496062992
11
-1.8387948425196849
21
1.7380013385826771
0
LINE
8
BLACK
6
CONTINUOUS
10
-1.8387948425196849
20
1.7380013385826771
11
-1.8387735826771654
21
1.7379998031496062
0
LINE
8
BLACK
6
CONTINUOUS
10
-1.8387735826771654
20
1.7379998031496062
11
-1.8385341732283464
21
1.7379081889763779
0
LINE
8
BLACK
6
CONTINUOUS
10
-1.8385341732283464
20
1.7379081889763779
11
-1.8382922047244095
21
1.7378217322834646
0
LINE
8
BLACK
6
CONTINUOUS
10
-1.8382922047244095
20
1.7378217322834646
11
-1.8382750787401574
21
1.7378090551181102
0
LINE
8
BLACK
6
CONTINUOUS
10
-1.8382750787401574
20
1.7378090551181102
11
-1.8382329527559054
21
1.7377929133858268
0
LINE
8
BLACK
6
CONTINUOUS
10
-1.8382329527559054
20
1.7377929133858268
11
-1.8344834251968503
21
1.7359181496062992
0
LINE
8
BLACK
6
CONTINUOUS
10
-1.8344834251968503
20
1.7359181496062992
11
-1.8342355511811024
21
1.7357621259842519
0
LINE
8
BLACK
6
CONTINUOUS
10
-1.8342355511811024
20
1.7357621259842519
11
-1.8341635039370079
21
1.735732283464567
0
LINE
8
BLACK
6
CONTINUOUS
10
-1.8341635039370079
20
1.735732283464567
11
-1.8340824803149607
21
1.7356657874015748
0
LINE
8
BLACK
6
CONTINUOUS
10
-1.8340824803149607
20
1.7356657874015748
11
-1.8339935433070866
21
1.7356098031496063
0
LINE
8
BLACK
6
CONTINUOUS
10
-1.8339935433070866
20
1.7356098031496063
11
-1.8339424015748031
21
1.7355508267716535
0
LINE
8
BLACK
6
CONTINUOUS
10
-1.8339424015748031
20
1.7355508267716535
11
-1.8337160629921259
21
1.7353650787401576
0
LINE
8
BLACK
6
CONTINUOUS
10
-1.8337160629921259
20
1.7353650787401576
11
-1.8318412598425196
21
1.7334903149606298
0
LINE
8
BLACK
6
CONTINUOUS
10
-1.8318412598425196
20
1.7334903149606298
11
-1.8316555118110236
21
1.7332639763779527
0
LINE
8
BLACK
6
CONTINUOUS
10
-1.8316555118110236
20
1.7332639763779527
11
-1.8315964566929133
21
1.7332127559055117
0
LINE
8
BLACK
6
CONTINUOUS
10
-1.8315964566929133
20
1.7332127559055117
11
-1.8315404724409448
21
1.7331238188976377
0
LINE
8
BLACK
6
CONTINUOUS
10
-1.8315404724409448
20
1.7331238188976377
11
-1.8314740157480314
21
1.7330428346456692
0
LINE
8
BLACK
6
CONTINUOUS
10
-1.8314740157480314
20
1.7330428346456692
11
-1.8314442125984252
21
1.732970905511811
0
LINE
8
BLACK
6
CONTINUOUS
10
-1.8314442125984252
20
1.732970905511811
11
-1.8312881102362204
21
1.7327228740157481
0
LINE
8
BLACK
6
CONTINUOUS
10
-1.8312881102362204
20
1.7327228740157481
11
-1.8294133464566928
21
1.728973346456693
0
LINE
8
BLACK
6
CONTINUOUS
10
-1.8294133464566928
20
1.728973346456693
11
-1.8292064566929134
21
1.7284327559055117
0
LINE
8
BLACK
6
CONTINUOUS
10
-1.8292064566929134
20
1.7284327559055117
11
-1.8291989370078741
21
1.7283268897637796
0
LINE
8
BLACK
6
CONTINUOUS
10
-1.8291989370078741
20
1.7283268897637796
11
-1.829158346456693
21
1.7282288976377953
0
LINE
8
BLACK
6
CONTINUOUS
10
-1.829158346456693
20
1.7282288976377953
11
-1.8291016141732284
21
1.7276528346456692
0
LINE
8
BLACK
6
CONTINUOUS
10
-1.8291016141732284
20
1.7276528346456692
11
-1.8291016141732284
21
1.7239033070866141
0
LINE
8
BLACK
6
CONTINUOUS
10
-1.8291016141732284
20
1.7239033070866141
11
-1.829158346456693
21
1.7233272440944882
0
LINE
8
BLACK
6
CONTINUOUS
10
-1.829158346456693
20
1.7233272440944882
11
-1.8291989370078741
21
1.7232292913385827
0
LINE
8
BLACK
6
CONTINUOUS
10
-1.8291989370078741
20
1.7232292913385827
11
-1.8292064566929134
21
1.7231233858267716
0
LINE
8
BLACK
6
CONTINUOUS
10
-1.8292064566929134
20
1.7231233858267716
11
-1.8294133464566928
21
1.7225827952755906
0
LINE
8
BLACK
6
CONTINUOUS
10
-1.8294133464566928
20
1.7225827952755906
11
-1.8312881102362204
21
1.7188332677165354
0
LINE
8
BLACK
6
CONTINUOUS
10
-1.8312881102362204
20
1.7188332677165354
11
-1.8314442125984252
21
1.7185852755905511
0
LINE
8
BLACK
6
CONTINUOUS
10
-1.8314442125984252
20
1.7185852755905511
11
-1.8314740157480314
21
1.7185133070866141
0
LINE
8
BLACK
6
CONTINUOUS
10
-1.8314740157480314
20
1.7185133070866141
11
-1.8315404724409448
21
1.7184323622047244
0
LINE
8
BLACK
6
CONTINUOUS
10
-1.8315404724409448
20
1.7184323622047244
11
-1.8315964566929133
21
1.7183433858267716
0
LINE
8
BLACK
6
CONTINUOUS
10
-1.8315964566929133
20
1.7183433858267716
11
-1.8316555118110236
21
1.7182922047244094
0
LINE
8
BLACK
6
CONTINUOUS
10
-1.8316555118110236
20
1.7182922047244094
11
-1.8318412598425196
21
1.7180658267716535
0
LINE
8
BLACK
6
CONTINUOUS
10
-1.8318412598425196
20
1.7180658267716535
11
-1.8337160629921259
21
1.716191062992126
0
LINE
8
BLACK
6
CONTINUOUS
10
-1.8337160629921259
20
1.716191062992126
11
-1.8339424015748031
21
1.7160053543307086
0
LINE
8
BLACK
6
CONTINUOUS
10
-1.8339424015748031
20
1.7160053543307086
11
-1.8339935433070866
21
1.7159463385826772
0
LINE
8
BLACK
6
CONTINUOUS
10
-1.8339935433070866
20
1.7159463385826772
11
-1.8340824803149607
21
1.7158903937007874
0
LINE
8
BLACK
6
CONTINUOUS
10
-1.8340824803149607
20
1.7158903937007874
11
-1.8341635039370079
21
1.7158238582677166
0
LINE
8
BLACK
6
CONTINUOUS
10
-1.8341635039370079
20
1.7158238582677166
11
-1.8342355511811024
21
1.7157940551181101
0
LINE
8
BLACK
6
CONTINUOUS
10
-1.8342355511811024
20
1.7157940551181101
11
-1.8344834251968503
21
1.7156379921259841
0
LINE
8
BLACK
6
CONTINUOUS
10
-1.8344834251968503
20
1.7156379921259841
11
-1.8382329527559054
21
1.7137632283464566
0
LINE
8
BLACK
6
CONTINUOUS
10
-1.8382329527559054
20
1.7137632283464566
11
-1.8382750787401574
21
1.7137471259842518
0
LINE
8
BLACK
6
CONTINUOUS
10
-1.8382750787401574
20
1.7137471259842518
11
-1.8382922047244095
21
1.7137344094488189
0
LINE
8
BLACK
6
CONTINUOUS
10
-1.8382922047244095
20
1.7137344094488189
11
-1.8385341732283464
21
1.7136479921259842
0
LINE
8
BLACK
6
CONTINUOUS
10
-1.8385341732283464
20
1.7136479921259842
11
-1.8387735826771654
21
1.7135563385826771
0
LINE
8
BLACK
6
CONTINUOUS
10
-1.8387735826771654
20
1.7135563385826771
11
-1.8387948425196849
21
1.7135548425196849
0
LINE
8
BLACK
6
CONTINUOUS
10
-1.8387948425196849
20
1.7135548425196849
11
-1.8388373228346457
21
1.7135396456692913
0
LINE
8
BLACK
6
CONTINUOUS
10
-1.8388373228346457
20
1.7135396456692913
11
-1.846336377952756
21
1.7116648818897637
0
LINE
8
BLACK
6
CONTINUOUS
10
-1.846336377952756
20
1.7116648818897637
11
-1.8464362598425197
21
1.7116501181102362
0
LINE
8
BLACK
6
CONTINUOUS
10
-1.8464362598425197
20
1.7116501181102362
11
-1.8464764566929133
21
1.7116334645669291
0
LINE
8
BLACK
6
CONTINUOUS
10
-1.8464764566929133
20
1.7116334645669291
11
-1.8466935039370078
21
1.7116121259842518
0
LINE
8
BLACK
6
CONTINUOUS
10
-1.8466935039370078
20
1.7116121259842518
11
-1.8469089763779527
21
1.7115802362204724
0
LINE
8
BLACK
6
CONTINUOUS
10
-1.8469089763779527
20
1.7115802362204724
11
-1.8469520078740158
21
1.7115866535433071
0
LINE
8
BLACK
6
CONTINUOUS
10
-1.8469520078740158
20
1.7115866535433071
11
-1.8470525196850394
21
1.7115767322834645
0
LINE
8
BLACK
6
CONTINUOUS
10
-1.8470525196850394
20
1.7115767322834645
11
-1.8564263385826771
21
1.7115767322834645
0
LINE
8
BLACK
6
CONTINUOUS
10
-1.8564263385826771
20
1.7115767322834645
11
-1.8565268897637794
21
1.7115866535433071
0
LINE
8
BLACK
6
CONTINUOUS
10
-1.8565268897637794
20
1.7115866535433071
11
-1.8565698818897638
21
1.7115802362204724
0
LINE
8
BLACK
6
CONTINUOUS
10
-1.8565698818897638
20
1.7115802362204724
11
-1.8567853937007874
21
1.7116121259842518
0
LINE
8
BLACK
6
CONTINUOUS
10
-1.8567853937007874
20
1.7116121259842518
11
-1.857002401574803
21
1.7116334645669291
0
LINE
8
BLACK
6
CONTINUOUS
10
-1.857002401574803
20
1.7116334645669291
11
-1.8570426377952756
21
1.7116501181102362
0
LINE
8
BLACK
6
CONTINUOUS
10
-1.8570426377952756
20
1.7116501181102362
11
-1.8571424803149605
21
1.7116648818897637
0
LINE
8
BLACK
6
CONTINUOUS
10
-1.8571424803149605
20
1.7116648818897637
11
-1.8646415354330708
21
1.7135396456692913
0
LINE
8
BLACK
6
CONTINUOUS
10
-1.8646415354330708
20
1.7135396456692913
11
-1.8646840551181101
21
1.7135548425196849
0
LINE
8
BLACK
6
CONTINUOUS
10
-1.8646840551181101
20
1.7135548425196849
11
-1.8647053149606299
21
1.7135563385826771
0
LINE
8
BLACK
6
CONTINUOUS
10
-1.8647053149606299
20
1.7135563385826771
11
-1.8649450787401574
21
1.7136481102362204
0
LINE
8
BLACK
6
CONTINUOUS
10
-1.8649450787401574
20
1.7136481102362204
11
-1.865186653543307
21
1.7137344094488189
0
LINE
8
BLACK
6
CONTINUOUS
10
-1.865186653543307
20
1.7137344094488189
11
-1.8652038188976376
21
1.7137471259842518
0
LINE
8
BLACK
6
CONTINUOUS
10
-1.8652038188976376
20
1.7137471259842518
11
-1.8652459055118109
21
1.7137632283464566
0
LINE
8
BLACK
6
CONTINUOUS
10
-1.8652459055118109
20
1.7137632283464566
11
-1.868995433070866
21
1.7156379921259841
0
LINE
8
BLACK
6
CONTINUOUS
10
-1.868995433070866
20
1.7156379921259841
11
-1.8692434645669291
21
1.7157940944881889
0
LINE
8
BLACK
6
CONTINUOUS
10
-1.8692434645669291
20
1.7157940944881889
11
-1.8693153937007874
21
1.7158238976377953
0
LINE
8
BLACK
6
CONTINUOUS
10
-1.8693153937007874
20
1.7158238976377953
11
-1.8693963779527558
21
1.7158903937007874
0
LINE
8
BLACK
6
CONTINUOUS
10
-1.8693963779527558
20
1.7158903937007874
11
-1.8694853149606299
21
1.7159463385826772
0
LINE
8
BLACK
6
CONTINUOUS
10
-1.8694853149606299
20
1.7159463385826772
11
-1.8695364960629921
21
1.7160053543307086
0
LINE
8
BLACK
6
CONTINUOUS
10
-1.8695364960629921
20
1.7160053543307086
11
-1.8697628346456692
21
1.7161911023622047
0
LINE
8
BLACK
6
CONTINUOUS
10
-1.8697628346456692
20
1.7161911023622047
11
-1.8716375984251967
21
1.7180658661417323
0
LINE
8
BLACK
6
CONTINUOUS
10
-1.8716375984251967
20
1.7180658661417323
11
-1.8718233858267717
21
1.7182922440944881
0
LINE
8
BLACK
6
CONTINUOUS
10
-1.8718233858267717
20
1.7182922440944881
11
-1.8718823622047243
21
1.7183433858267716
0
LINE
8
BLACK
6
CONTINUOUS
10
-1.8718823622047243
20
1.7183433858267716
11
-1.8719383464566928
21
1.7184323622047244
0
LINE
8
BLACK
6
CONTINUOUS
10
-1.8719383464566928
20
1.7184323622047244
11
-1.8720048031496062
21
1.7185133070866141
0
LINE
8
BLACK
6
CONTINUOUS
10
-1.8720048031496062
20
1.7185133070866141
11
-1.8720346456692913
21
1.7185852755905511
0
LINE
8
BLACK
6
CONTINUOUS
10
-1.8720346456692913
20
1.7185852755905511
11
-1.8721907086614173
21
1.7188332677165354
0
LINE
8
BLACK
6
CONTINUOUS
10
-1.8721907086614173
20
1.7188332677165354
11
-1.8740654724409449
21
1.7225827952755906
0
LINE
8
BLACK
6
CONTINUOUS
10
-1.8740654724409449
20
1.7225827952755906
11
-1.8742723622047244
21
1.7231234251968504
0
LINE
8
BLACK
6
CONTINUOUS
10
-1.8742723622047244
20
1.7231234251968504
11
-1.8742798818897637
21
1.723229251968504
0
LINE
8
BLACK
6
CONTINUOUS
10
-1.8742798818897637
20
1.723229251968504
11
-1.8743204724409448
21
1.7233272440944882
0
LINE
8
BLACK
6
CONTINUOUS
10
-1.8743204724409448
20
1.7233272440944882
11
-1.8743772047244094
21
1.7239033070866141
0
LINE
8
BLACK
6
CONTINUOUS
10
-1.8743772047244094
20
1.7239033070866141
11
-1.8743772047244094
21
1.7276528346456692
0
LINE
8
BLACK
6
CONTINUOUS
10
-1.8743772047244094
20
1.7276528346456692
11
-1.8743204724409448
21
1.7282288976377953
0
LINE
8
BLACK
6
CONTINUOUS
10
-1.8743204724409448
20
1.7282288976377953
11
-1.8742798818897637
21
1.7283269291338583
0
LINE
8
BLACK
6
CONTINUOUS
10
-1.8742798818897637
20
1.7283269291338583
11
-1.8742723622047244
21
1.728432716535433
0
LINE
8
BLACK
6
CONTINUOUS
10
-1.8742723622047244
20
1.728432716535433
11
-1.8740654724409449
21
1.728973346456693
0
LINE
8
BLACK
6
CONTINUOUS
10
-1.8740654724409449
20
1.728973346456693
11
-1.8721907086614173
21
1.7327228740157481
0
LINE
8
BLACK
6
CONTINUOUS
10
-1.8721907086614173
20
1.7327228740157481
11
-1.8720346456692913
21
1.732970905511811
0
LINE
8
BLACK
6
CONTINUOUS
10
-1.8720346456692913
20
1.732970905511811
11
-1.8720048031496062
21
1.7330428346456692
0
LINE
8
BLACK
6
CONTINUOUS
10
-1.8720048031496062
20
1.7330428346456692
11
-1.8719383464566928
21
1.7331238188976377
0
LINE
8
BLACK
6
CONTINUOUS
10
-1.8719383464566928
20
1.7331238188976377
11
-1.8718823622047243
21
1.7332127559055117
0
LINE
8
BLACK
6
CONTINUOUS
10
-1.8718823622047243
20
1.7332127559055117
11
-1.8718233858267717
21
1.733263937007874
0
LINE
8
BLACK
6
CONTINUOUS
10
-1.8718233858267717
20
1.733263937007874
11
-1.8716375984251967
21
1.7334902755905512
0
LINE
8
BLACK
6
CONTINUOUS
10
-1.8716375984251967
20
1.7334902755905512
11
-1.8697628346456692
21
1.7353650393700788
0
LINE
8
BLACK
6
CONTINUOUS
10
-1.8697628346456692
20
1.7353650393700788
11
-1.8695364960629921
21
1.7355508267716535
0
LINE
8
BLACK
6
CONTINUOUS
10
-1.8695364960629921
20
1.7355508267716535
11
-1.8694853149606299
21
1.7356098031496063
0
LINE
8
BLACK
6
CONTINUOUS
10
-1.8694853149606299
20
1.7356098031496063
11
-1.8693963779527558
21
1.7356657874015748
0
LINE
8
BLACK
6
CONTINUOUS
10
-1.8693963779527558
20
1.7356657874015748
11
-1.8693153937007874
21
1.7357322440944882
0
LINE
8
BLACK
6
CONTINUOUS
10
-1.8693153937007874
20
1.7357322440944882
11
-1.8692434645669291
21
1.7357620866141732
0
LINE
8
BLACK
6
CONTINUOUS
10
-1.8692434645669291
20
1.7357620866141732
11
-1.868995433070866
21
1.7359181496062992
0
LINE
8
BLACK
6
CONTINUOUS
10
-1.868995433070866
20
1.7359181496062992
11
-1.8652459055118109
21
1.7377929133858268
0
LINE
8
BLACK
6
CONTINUOUS
10
-1.8652459055118109
20
1.7377929133858268
11
-1.8652038188976376
21
1.7378090551181102
0
LINE
8
BLACK
6
CONTINUOUS
10
-1.8652038188976376
20
1.7378090551181102
11
-1.865186653543307
21
1.7378217322834646
0
LINE
8
BLACK
6
CONTINUOUS
10
-1.865186653543307
20
1.7378217322834646
11
-1.8649450787401574
21
1.7379080708661416
0
LINE
8
BLACK
6
CONTINUOUS
10
-1.8649450787401574
20
1.7379080708661416
11
-1.8647053149606299
21
1.7379998031496062
0
LINE
8
BLACK
6
CONTINUOUS
10
-1.8647053149606299
20
1.7379998031496062
11
-1.8646840551181101
21
1.7380013385826771
0
LINE
8
BLACK
6
CONTINUOUS
10
-1.8646840551181101
20
1.7380013385826771
11
-1.8646415354330708
21
1.738016496062992
0
LINE
8
BLACK
6
CONTINUOUS
10
-1.8646415354330708
20
1.738016496062992
11
-1.8571424803149605
21
1.7398912598425196
0
LINE
8
BLACK
6
CONTINUOUS
10
-1.8571424803149605
20
1.7398912598425196
11
-1.8570426377952756
21
1.7399060629921259
0
LINE
8
BLACK
6
CONTINUOUS
10
-1.8570426377952756
20
1.7399060629921259
11
-1.857002401574803
21
1.7399226771653542
0
LINE
8
BLACK
6
CONTINUOUS
10
-1.857002401574803
20
1.7399226771653542
11
-1.8567853937007874
21
1.7399440551181102
0
LINE
8
BLACK
6
CONTINUOUS
10
-1.8567853937007874
20
1.7399440551181102
11
-1.8565698818897638
21
1.7399759055118109
0
LINE
8
BLACK
6
CONTINUOUS
10
-1.8565698818897638
20
1.7399759055118109
11
-1.8565268897637794
21
1.739969527559055
0
LINE
8
BLACK
6
CONTINUOUS
10
-1.8565268897637794
20
1.739969527559055
11
-1.8564263385826771
21
1.7399794094488188
0
LINE
8
BLACK
6
CONTINUOUS
10
-1.8564263385826771
20
1.7399794094488188
11
-1.8470525196850394
21
1.7399794094488188
0
LINE
8
BLACK
6
CONTINUOUS
10
-1.8470525196850394
20
1.7399794094488188
11
-1.8469520078740158
21
1.739969527559055
0
LINE
8
BLACK
6
CONTINUOUS
10
-1.862894842519685
20
1.732365905511811
11
-1.8659258267716534
21
1.7308503937007873
0
LINE
8
BLACK
6
CONTINUOUS
10
-1.8659258267716534
20
1.7308503937007873
11
-1.8671229527559055
21
1.7296532677165355
0
LINE
8
BLACK
6
CONTINUOUS
10
-1.8671229527559055
20
1.7296532677165355
11
-1.8684716929133858
21
1.7269557874015748
0
LINE
8
BLACK
6
CONTINUOUS
10
-1.8684716929133858
20
1.7269557874015748
11
-1.8684716929133858
21
1.7246003543307087
0
LINE
8
BLACK
6
CONTINUOUS
10
-1.8684716929133858
20
1.7246003543307087
11
-1.8671229527559055
21
1.721902874015748
0
LINE
8
BLACK
6
CONTINUOUS
10
-1.8671229527559055
20
1.721902874015748
11
-1.8659258267716534
21
1.720705748031496
0
LINE
8
BLACK
6
CONTINUOUS
10
-1.8659258267716534
20
1.720705748031496
11
-1.862894842519685
21
1.719190275590551
0
LINE
8
BLACK
6
CONTINUOUS
10
-1.862894842519685
20
1.719190275590551
11
-1.8560627952755906
21
1.7174822440944881
0
LINE
8
BLACK
6
CONTINUOUS
10
-1.8560627952755906
20
1.7174822440944881
11
-1.8474160629921259
21
1.7174822440944881
0
LINE
8
BLACK
6
CONTINUOUS
10
-1.8474160629921259
20
1.7174822440944881
11
-1.8405840157480315
21
1.719190275590551
0
LINE
8
BLACK
6
CONTINUOUS
10
-1.8405840157480315
20
1.719190275590551
11
-1.8375530314960629
21
1.7207057874015748
0
LINE
8
BLACK
6
CONTINUOUS
10
-1.8375530314960629
20
1.7207057874015748
11
-1.8363558661417323
21
1.7219029133858268
0
LINE
8
BLACK
6
CONTINUOUS
10
-1.8363558661417323
20
1.7219029133858268
11
-1.835007125984252
21
1.7246003543307087
0
LINE
8
BLACK
6
CONTINUOUS
10
-1.835007125984252
20
1.7246003543307087
11
-1.835007125984252
21
1.7269557874015748
0
LINE
8
BLACK
6
CONTINUOUS
10
-1.835007125984252
20
1.7269557874015748
11
-1.8363558661417323
21
1.7296532677165355
0
LINE
8
BLACK
6
CONTINUOUS
10
-1.8363558661417323
20
1.7296532677165355
11
-1.8375530314960629
21
1.7308503937007873
0
LINE
8
BLACK
6
CONTINUOUS
10
-1.8375530314960629
20
1.7308503937007873
11
-1.8405840157480315
21
1.732365905511811
0
LINE
8
BLACK
6
CONTINUOUS
10
-1.8405840157480315
20
1.732365905511811
11
-1.8474160629921259
21
1.7340738976377952
0
LINE
8
BLACK
6
CONTINUOUS
10
-1.8474160629921259
20
1.7340738976377952
11
-1.8560627952755906
21
1.7340738976377952
0
LINE
8
BLACK
6
CONTINUOUS
10
-1.8560627952755906
20
1.7340738976377952
11
-1.862894842519685
21
1.732365905511811
0
LINE
8
BLACK
6
CONTINUOUS
10
-1.8314783070866141
20
1.8205376377952756
11
-1.8304138976377953
21
1.8200967322834645
0
LINE
8
BLACK
6
CONTINUOUS
10
-1.8304138976377953
20
1.8200967322834645
11
-1.8295992519685038
21
1.8192820866141732
0
LINE
8
BLACK
6
CONTINUOUS
10
-1.8295992519685038
20
1.8192820866141732
11
-1.829158346456693
21
1.8182176771653542
0
LINE
8
BLACK
6
CONTINUOUS
10
-1.829158346456693
20
1.8182176771653542
11
-1.829158346456693
21
1.8170655511811022
0
LINE
8
BLACK
6
CONTINUOUS
10
-1.829158346456693
20
1.8170655511811022
11
-1.8295992519685038
21
1.8160011417322834
0
LINE
8
BLACK
6
CONTINUOUS
10
-1.8295992519685038
20
1.8160011417322834
11
-1.8304138976377953
21
1.815186496062992
0
LINE
8
BLACK
6
CONTINUOUS
10
-1.8304138976377953
20
1.815186496062992
11
-1.8314783070866141
21
1.8147455905511811
0
LINE
8
BLACK
6
CONTINUOUS
10
-1.8314783070866141
20
1.8147455905511811
11
-1.8320543700787402
21
1.8146888582677165
0
LINE
8
BLACK
6
CONTINUOUS
10
-1.8320543700787402
20
1.8146888582677165
11
-1.8519797637795274
21
1.8146888582677165
0
LINE
8
BLACK
6
CONTINUOUS
10
-1.8519797637795274
20
1.8146888582677165
11
-1.8542255118110236
21
1.8135660236220472
0
LINE
8
BLACK
6
CONTINUOUS
10
-1.8542255118110236
20
1.8135660236220472
11
-1.8553483464566929
21
1.8113202755905511
0
LINE
8
BLACK
6
CONTINUOUS
10
-1.8553483464566929
20
1.8113202755905511
11
-1.8553483464566929
21
1.8070900393700786
0
LINE
8
BLACK
6
CONTINUOUS
10
-1.8553483464566929
20
1.8070900393700786
11
-1.8542255118110236
21
1.8048443307086615
0
LINE
8
BLACK
6
CONTINUOUS
10
-1.8542255118110236
20
1.8048443307086615
11
-1.8519797637795274
21
1.8037214566929134
0
LINE
8
BLACK
6
CONTINUOUS
10
-1.8519797637795274
20
1.8037214566929134
11
-1.8320543700787402
21
1.8037214566929134
0
LINE
8
BLACK
6
CONTINUOUS
10
-1.8320543700787402
20
1.8037214566929134
11
-1.8314783070866141
21
1.8036647244094488
0
LINE
8
BLACK
6
CONTINUOUS
10
-1.8314783070866141
20
1.8036647244094488
11
-1.8304138976377953
21
1.8032238188976377
0
LINE
8
BLACK
6
CONTINUOUS
10
-1.8304138976377953
20
1.8032238188976377
11
-1.8295992519685038
21
1.8024091732283465
0
LINE
8
BLACK
6
CONTINUOUS
10
-1.8295992519685038
20
1.8024091732283465
11
-1.829158346456693
21
1.8013447637795275
0
LINE
8
BLACK
6
CONTINUOUS
10
-1.829158346456693
20
1.8013447637795275
11
-1.829158346456693
21
1.8001926377952755
0
LINE
8
BLACK
6
CONTINUOUS
10
-1.829158346456693
20
1.8001926377952755
11
-1.8295992519685038
21
1.7991282283464567
0
LINE
8
BLACK
6
CONTINUOUS
10
-1.8295992519685038
20
1.7991282283464567
11
-1.8304138976377953
21
1.7983135826771652
0
LINE
8
BLACK
6
CONTINUOUS
10
-1.8304138976377953
20
1.7983135826771652
11
-1.8314783070866141
21
1.7978726771653544
0
LINE
8
BLACK
6
CONTINUOUS
10
-1.8314783070866141
20
1.7978726771653544
11
-1.8320543700787402
21
1.7978159448818898
0
LINE
8
BLACK
6
CONTINUOUS
10
-1.8320543700787402
20
1.7978159448818898
11
-1.8519797637795274
21
1.7978159448818898
0
LINE
8
BLACK
6
CONTINUOUS
10
-1.8519797637795274
20
1.7978159448818898
11
-1.8542255118110236
21
1.7966931102362205
0
LINE
8
BLACK
6
CONTINUOUS
10
-1.8542255118110236
20
1.7966931102362205
11
-1.8553483464566929
21
1.7944473622047243
0
LINE
8
BLACK
6
CONTINUOUS
10
-1.8553483464566929
20
1.7944473622047243
11
-1.8553483464566929
21
1.7902171653543306
0
LINE
8
BLACK
6
CONTINUOUS
10
-1.8553483464566929
20
1.7902171653543306
11
-1.8539996062992126
21
1.78751968503937
0
LINE
8
BLACK
6
CONTINUOUS
10
-1.8539996062992126
20
1.78751968503937
11
-1.8533285039370078
21
1.7868485826771654
0
LINE
8
BLACK
6
CONTINUOUS
10
-1.8533285039370078
20
1.7868485826771654
11
-1.8320543700787402
21
1.7868485826771654
0
LINE
8
BLACK
6
CONTINUOUS
10
-1.8320543700787402
20
1.7868485826771654
11
-1.8314783070866141
21
1.7867918503937008
0
LINE
8
BLACK
6
CONTINUOUS
10
-1.8314783070866141
20
1.7867918503937008
11
-1.8304138976377953
21
1.7863509448818897
0
LINE
8
BLACK
6
CONTINUOUS
10
-1.8304138976377953
20
1.7863509448818897
11
-1.8295992519685038
21
1.7855362992125985
0
LINE
8
BLACK
6
CONTINUOUS
10
-1.8295992519685038
20
1.7855362992125985
11
-1.829158346456693
21
1.7844718897637795
0
LINE
8
BLACK
6
CONTINUOUS
10
-1.829158346456693
20
1.7844718897637795
11
-1.829158346456693
21
1.7833197637795275
0
LINE
8
BLACK
6
CONTINUOUS
10
-1.829158346456693
20
1.7833197637795275
11
-1.8295992519685038
21
1.7822553543307087
0
LINE
8
BLACK
6
CONTINUOUS
10
-1.8295992519685038
20
1.7822553543307087
11
-1.8304138976377953
21
1.7814407086614172
0
LINE
8
BLACK
6
CONTINUOUS
10
-1.8304138976377953
20
1.7814407086614172
11
-1.8314783070866141
21
1.7809998031496062
0
LINE
8
BLACK
6
CONTINUOUS
10
-1.8314783070866141
20
1.7809998031496062
11
-1.8320543700787402
21
1.7809430708661418
0
LINE
8
BLACK
6
CONTINUOUS
10
-1.8320543700787402
20
1.7809430708661418
11
-1.8583011023622047
21
1.7809430708661418
0
LINE
8
BLACK
6
CONTINUOUS
10
-1.8583011023622047
20
1.7809430708661418
11
-1.8588771653543306
21
1.7809998031496062
0
LINE
8
BLACK
6
CONTINUOUS
10
-1.8588771653543306
20
1.7809998031496062
11
-1.8599415748031496
21
1.7814407086614172
0
LINE
8
BLACK
6
CONTINUOUS
10
-1.8599415748031496
20
1.7814407086614172
11
-1.8607562204724408
21
1.7822553543307087
0
LINE
8
BLACK
6
CONTINUOUS
10
-1.8607562204724408
20
1.7822553543307087
11
-1.8611971259842519
21
1.7833197637795275
0
LINE
8
BLACK
6
CONTINUOUS
10
-1.8611971259842519
20
1.7833197637795275
11
-1.8611971259842519
21
1.7844718897637795
0
LINE
8
BLACK
6
CONTINUOUS
10
-1.8611971259842519
20
1.7844718897637795
11
-1.8607562204724408
21
1.7855362992125985
0
LINE
8
BLACK
6
CONTINUOUS
10
-1.8607562204724408
20
1.7855362992125985
11
-1.8599924015748031
21
1.786300157480315
0
LINE
8
BLACK
6
CONTINUOUS
10
-1.8599924015748031
20
1.786300157480315
11
-1.860942125984252
21
1.7881996062992125
0
LINE
8
BLACK
6
CONTINUOUS
10
-1.860942125984252
20
1.7881996062992125
11
-1.8611490157480315
21
1.7887402362204723
0
LINE
8
BLACK
6
CONTINUOUS
10
-1.8611490157480315
20
1.7887402362204723
11
-1.8611565354330708
21
1.7888460629921259
0
LINE
8
BLACK
6
CONTINUOUS
10
-1.8611565354330708
20
1.7888460629921259
11
-1.8611971259842519
21
1.7889440551181102
0
LINE
8
BLACK
6
CONTINUOUS
10
-1.8611971259842519
20
1.7889440551181102
11
-1.8612538582677165
21
1.7895201181102363
0
LINE
8
BLACK
6
CONTINUOUS
10
-1.8612538582677165
20
1.7895201181102363
11
-1.8612538582677165
21
1.7951444094488189
0
LINE
8
BLACK
6
CONTINUOUS
10
-1.8612538582677165
20
1.7951444094488189
11
-1.8611971259842519
21
1.7957204724409448
0
LINE
8
BLACK
6
CONTINUOUS
10
-1.8611971259842519
20
1.7957204724409448
11
-1.8611565354330708
21
1.7958185039370078
0
LINE
8
BLACK
6
CONTINUOUS
10
-1.8611565354330708
20
1.7958185039370078
11
-1.8611490157480315
21
1.7959242913385827
0
LINE
8
BLACK
6
CONTINUOUS
10
-1.8611490157480315
20
1.7959242913385827
11
-1.860942125984252
21
1.7964649212598425
0
LINE
8
BLACK
6
CONTINUOUS
10
-1.860942125984252
20
1.7964649212598425
11
-1.8590673622047245
21
1.8002144488188976
0
LINE
8
BLACK
6
CONTINUOUS
10
-1.8590673622047245
20
1.8002144488188976
11
-1.8590067322834645
21
1.8003108267716534
0
LINE
8
BLACK
6
CONTINUOUS
10
-1.8590067322834645
20
1.8003108267716534
11
-1.8589915748031496
21
1.8003562204724408
0
LINE
8
BLACK
6
CONTINUOUS
10
-1.8589915748031496
20
1.8003562204724408
11
-1.8589425590551181
21
1.8004127952755906
0
LINE
8
BLACK
6
CONTINUOUS
10
-1.8589425590551181
20
1.8004127952755906
11
-1.8587590157480314
21
1.8007043307086614
0
LINE
8
BLACK
6
CONTINUOUS
10
-1.8587590157480314
20
1.8007043307086614
11
-1.8586848031496062
21
1.8007687007874016
0
LINE
8
BLACK
6
CONTINUOUS
10
-1.8586848031496062
20
1.8007687007874016
11
-1.8587590157480314
21
1.8008330708661417
0
LINE
8
BLACK
6
CONTINUOUS
10
-1.8587590157480314
20
1.8008330708661417
11
-1.8589425590551181
21
1.8011246456692913
0
LINE
8
BLACK
6
CONTINUOUS
10
-1.8589425590551181
20
1.8011246456692913
11
-1.8589915748031496
21
1.8011811811023621
0
LINE
8
BLACK
6
CONTINUOUS
10
-1.8589915748031496
20
1.8011811811023621
11
-1.8590067322834645
21
1.8012266141732283
0
LINE
8
BLACK
6
CONTINUOUS
10
-1.8590067322834645
20
1.8012266141732283
11
-1.8590673622047245
21
1.8013229527559054
0
LINE
8
BLACK
6
CONTINUOUS
10
-1.8590673622047245
20
1.8013229527559054
11
-1.860942125984252
21
1.8050724803149605
0
LINE
8
BLACK
6
CONTINUOUS
10
-1.860942125984252
20
1.8050724803149605
11
-1.8611490157480315
21
1.8056131102362205
0
LINE
8
BLACK
6
CONTINUOUS
10
-1.8611490157480315
20
1.8056131102362205
11
-1.8611565354330708
21
1.8057189370078739
0
LINE
8
BLACK
6
CONTINUOUS
10
-1.8611565354330708
20
1.8057189370078739
11
-1.8611971259842519
21
1.8058169291338582
0
LINE
8
BLACK
6
CONTINUOUS
10
-1.8611971259842519
20
1.8058169291338582
11
-1.8612538582677165
21
1.8063929921259843
0
LINE
8
BLACK
6
CONTINUOUS
10
-1.8612538582677165
20
1.8063929921259843
11
-1.8612538582677165
21
1.8120172834645669
0
LINE
8
BLACK
6
CONTINUOUS
10
-1.8612538582677165
20
1.8120172834645669
11
-1.8611971259842519
21
1.8125933464566928
0
LINE
8
BLACK
6
CONTINUOUS
10
-1.8611971259842519
20
1.8125933464566928
11
-1.8611565354330708
21
1.8126913779527558
0
LINE
8
BLACK
6
CONTINUOUS
10
-1.8611565354330708
20
1.8126913779527558
11
-1.8611490157480315
21
1.8127971653543307
0
LINE
8
BLACK
6
CONTINUOUS
10
-1.8611490157480315
20
1.8127971653543307
11
-1.860942125984252
21
1.8133377952755905
0
LINE
8
BLACK
6
CONTINUOUS
10
-1.860942125984252
20
1.8133377952755905
11
-1.8590673622047245
21
1.8170873622047243
0
LINE
8
BLACK
6
CONTINUOUS
10
-1.8590673622047245
20
1.8170873622047243
11
-1.8590067322834645
21
1.8171837007874014
0
LINE
8
BLACK
6
CONTINUOUS
10
-1.8590067322834645
20
1.8171837007874014
11
-1.8589915748031496
21
1.8172291338582676
0
LINE
8
BLACK
6
CONTINUOUS
10
-1.8589915748031496
20
1.8172291338582676
11
-1.8589425196850393
21
1.8172857480314961
0
LINE
8
BLACK
6
CONTINUOUS
10
-1.8589425196850393
20
1.8172857480314961
11
-1.8587590157480314
21
1.8175772047244094
0
LINE
8
BLACK
6
CONTINUOUS
10
-1.8587590157480314
20
1.8175772047244094
11
-1.8584794094488188
21
1.8178197244094487
0
LINE
8
BLACK
6
CONTINUOUS
10
-1.8584794094488188
20
1.8178197244094487
11
-1.8582367322834645
21
1.818099527559055
0
LINE
8
BLACK
6
CONTINUOUS
10
-1.8582367322834645
20
1.818099527559055
11
-1.8579451968503937
21
1.8182830708661417
0
LINE
8
BLACK
6
CONTINUOUS
10
-1.8579451968503937
20
1.8182830708661417
11
-1.8578886220472441
21
1.8183320866141732
0
LINE
8
BLACK
6
CONTINUOUS
10
-1.8578886220472441
20
1.8183320866141732
11
-1.8578432283464565
21
1.8183472440944881
0
LINE
8
BLACK
6
CONTINUOUS
10
-1.8578432283464565
20
1.8183472440944881
11
-1.8577468503937007
21
1.8184078740157479
0
LINE
8
BLACK
6
CONTINUOUS
10
-1.8577468503937007
20
1.8184078740157479
11
-1.8539973228346456
21
1.8202826377952757
0
LINE
8
BLACK
6
CONTINUOUS
10
-1.8539973228346456
20
1.8202826377952757
11
-1.8534567322834645
21
1.8204895275590551
0
LINE
8
BLACK
6
CONTINUOUS
10
-1.8534567322834645
20
1.8204895275590551
11
-1.8533508661417322
21
1.8204970866141732
0
LINE
8
BLACK
6
CONTINUOUS
10
-1.8533508661417322
20
1.8204970866141732
11
-1.8532528740157479
21
1.8205376377952756
0
LINE
8
BLACK
6
CONTINUOUS
10
-1.8532528740157479
20
1.8205376377952756
11
-1.852676811023622
21
1.8205943700787401
0
LINE
8
BLACK
6
CONTINUOUS
10
-1.852676811023622
20
1.8205943700787401
11
-1.8320543700787402
21
1.8205943700787401
0
LINE
8
BLACK
6
CONTINUOUS
10
-1.8320543700787402
20
1.8205943700787401
11
-1.8314783070866141
21
1.8205376377952756
0
LINE
8
BLACK
6
CONTINUOUS
10
-1.8314783070866141
20
1.8730310629921259
11
-1.8304138976377953
21
1.872590157480315
0
LINE
8
BLACK
6
CONTINUOUS
10
-1.8304138976377953
20
1.872590157480315
11
-1.8295992519685038
21
1.8717755118110235
0
LINE
8
BLACK
6
CONTINUOUS
10
-1.8295992519685038
20
1.8717755118110235
11
-1.829158346456693
21
1.8707111023622047
0
LINE
8
BLACK
6
CONTINUOUS
10
-1.829158346456693
20
1.8707111023622047
11
-1.829158346456693
21
1.8695589763779528
0
LINE
8
BLACK
6
CONTINUOUS
10
-1.829158346456693
20
1.8695589763779528
11
-1.8295992519685038
21
1.8684945669291337
0
LINE
8
BLACK
6
CONTINUOUS
10
-1.8295992519685038
20
1.8684945669291337
11
-1.8304138976377953
21
1.8676799212598425
0
LINE
8
BLACK
6
CONTINUOUS
10
-1.8304138976377953
20
1.8676799212598425
11
-1.8314783070866141
21
1.8672390157480314
0
LINE
8
BLACK
6
CONTINUOUS
10
-1.8314783070866141
20
1.8672390157480314
11
-1.8320543700787402
21
1.8671822834645668
0
LINE
8
BLACK
6
CONTINUOUS
10
-1.8320543700787402
20
1.8671822834645668
11
-1.8519797637795274
21
1.8671822834645668
0
LINE
8
BLACK
6
CONTINUOUS
10
-1.8519797637795274
20
1.8671822834645668
11
-1.8542255118110236
21
1.8660594488188975
0
LINE
8
BLACK
6
CONTINUOUS
10
-1.8542255118110236
20
1.8660594488188975
11
-1.8553483464566929
21
1.8638137007874016
0
LINE
8
BLACK
6
CONTINUOUS
10
-1.8553483464566929
20
1.8638137007874016
11
-1.8553483464566929
21
1.8595834645669291
0
LINE
8
BLACK
6
CONTINUOUS
10
-1.8553483464566929
20
1.8595834645669291
11
-1.8542255118110236
21
1.8573377559055118
0
LINE
8
BLACK
6
CONTINUOUS
10
-1.8542255118110236
20
1.8573377559055118
11
-1.8519797637795274
21
1.8562148818897637
0
LINE
8
BLACK
6
CONTINUOUS
10
-1.8519797637795274
20
1.8562148818897637
11
-1.8320543700787402
21
1.8562148818897637
0
LINE
8
BLACK
6
CONTINUOUS
10
-1.8320543700787402
20
1.8562148818897637
11
-1.8314783070866141
21
1.8561581496062991
0
LINE
8
BLACK
6
CONTINUOUS
10
-1.8314783070866141
20
1.8561581496062991
11
-1.8304138976377953
21
1.8557172440944882
0
LINE
8
BLACK
6
CONTINUOUS
10
-1.8304138976377953
20
1.8557172440944882
11
-1.8295992519685038
21
1.8549025984251968
0
LINE
8
BLACK
6
CONTINUOUS
10
-1.8295992519685038
20
1.8549025984251968
11
-1.829158346456693
21
1.853838188976378
0
LINE
8
BLACK
6
CONTINUOUS
10
-1.829158346456693
20
1.853838188976378
11
-1.829158346456693
21
1.852686062992126
0
LINE
8
BLACK
6
CONTINUOUS
10
-1.829158346456693
20
1.852686062992126
11
-1.8295992519685038
21
1.851621653543307
0
LINE
8
BLACK
6
CONTINUOUS
10
-1.8295992519685038
20
1.851621653543307
11
-1.8304138976377953
21
1.8508070078740158
0
LINE
8
BLACK
6
CONTINUOUS
10
-1.8304138976377953
20
1.8508070078740158
11
-1.8314783070866141
21
1.8503661023622047
0
LINE
8
BLACK
6
CONTINUOUS
10
-1.8314783070866141
20
1.8503661023622047
11
-1.8320543700787402
21
1.8503093700787401
0
LINE
8
BLACK
6
CONTINUOUS
10
-1.8320543700787402
20
1.8503093700787401
11
-1.8519797637795274
21
1.8503093700787401
0
LINE
8
BLACK
6
CONTINUOUS
10
-1.8519797637795274
20
1.8503093700787401
11
-1.8542255118110236
21
1.8491865354330708
0
LINE
8
BLACK
6
CONTINUOUS
10
-1.8542255118110236
20
1.8491865354330708
11
-1.8553483464566929
21
1.8469407874015749
0
LINE
8
BLACK
6
CONTINUOUS
10
-1.8553483464566929
20
1.8469407874015749
11
-1.8553483464566929
21
1.8427105905511811
0
LINE
8
BLACK
6
CONTINUOUS
10
-1.8553483464566929
20
1.8427105905511811
11
-1.8539996062992126
21
1.8400131102362205
0
LINE
8
BLACK
6
CONTINUOUS
10
-1.8539996062992126
20
1.8400131102362205
11
-1.8533285039370078
21
1.8393420078740157
0
LINE
8
BLACK
6
CONTINUOUS
10
-1.8533285039370078
20
1.8393420078740157
11
-1.8320543700787402
21
1.8393420078740157
0
LINE
8
BLACK
6
CONTINUOUS
10
-1.8320543700787402
20
1.8393420078740157
11
-1.8314783070866141
21
1.8392852755905511
0
LINE
8
BLACK
6
CONTINUOUS
10
-1.8314783070866141
20
1.8392852755905511
11
-1.8304138976377953
21
1.83884437007874
0
LINE
8
BLACK
6
CONTINUOUS
10
-1.8304138976377953
20
1.83884437007874
11
-1.8295992519685038
21
1.8380297244094488
0
LINE
8
BLACK
6
CONTINUOUS
10
-1.8295992519685038
20
1.8380297244094488
11
-1.829158346456693
21
1.83696531496063
0
LINE
8
BLACK
6
CONTINUOUS
10
-1.829158346456693
20
1.83696531496063
11
-1.829158346456693
21
1.835813188976378
0
LINE
8
BLACK
6
CONTINUOUS
10
-1.829158346456693
20
1.835813188976378
11
-1.8295992519685038
21
1.834748779527559
0
LINE
8
BLACK
6
CONTINUOUS
10
-1.8295992519685038
20
1.834748779527559
11
-1.8304138976377953
21
1.8339341338582678
0
LINE
8
BLACK
6
CONTINUOUS
10
-1.8304138976377953
20
1.8339341338582678
11
-1.8314783070866141
21
1.8334932283464567
0
LINE
8
BLACK
6
CONTINUOUS
10
-1.8314783070866141
20
1.8334932283464567
11
-1.8320543700787402
21
1.8334364960629921
0
LINE
8
BLACK
6
CONTINUOUS
10
-1.8320543700787402
20
1.8334364960629921
11
-1.8583011023622047
21
1.8334364960629921
0
LINE
8
BLACK
6
CONTINUOUS
10
-1.8583011023622047
20
1.8334364960629921
11
-1.8588771653543306
21
1.8334932283464567
0
LINE
8
BLACK
6
CONTINUOUS
10
-1.8588771653543306
20
1.8334932283464567
11
-1.8599415748031496
21
1.8339341338582678
0
LINE
8
BLACK
6
CONTINUOUS
10
-1.8599415748031496
20
1.8339341338582678
11
-1.8607562204724408
21
1.834748779527559
0
LINE
8
BLACK
6
CONTINUOUS
10
-1.8607562204724408
20
1.834748779527559
11
-1.8611971259842519
21
1.835813188976378
0
LINE
8
BLACK
6
CONTINUOUS
10
-1.8611971259842519
20
1.835813188976378
11
-1.8611971259842519
21
1.83696531496063
0
LINE
8
BLACK
6
CONTINUOUS
10
-1.8611971259842519
20
1.83696531496063
11
-1.8607562204724408
21
1.8380297244094488
0
LINE
8
BLACK
6
CONTINUOUS
10
-1.8607562204724408
20
1.8380297244094488
11
-1.8599924015748031
21
1.8387935826771653
0
LINE
8
BLACK
6
CONTINUOUS
10
-1.8599924015748031
20
1.8387935826771653
11
-1.860942125984252
21
1.840693031496063
0
LINE
8
BLACK
6
CONTINUOUS
10
-1.860942125984252
20
1.840693031496063
11
-1.8611490157480315
21
1.8412336614173228
0
LINE
8
BLACK
6
CONTINUOUS
10
-1.8611490157480315
20
1.8412336614173228
11
-1.8611565354330708
21
1.8413394881889764
0
LINE
8
BLACK
6
CONTINUOUS
10
-1.8611565354330708
20
1.8413394881889764
11
-1.8611971259842519
21
1.8414374803149607
0
LINE
8
BLACK
6
CONTINUOUS
10
-1.8611971259842519
20
1.8414374803149607
11
-1.8612538582677165
21
1.8420135433070866
0
LINE
8
BLACK
6
CONTINUOUS
10
-1.8612538582677165
20
1.8420135433070866
11
-1.8612538582677165
21
1.8476378346456692
0
LINE
8
BLACK
6
CONTINUOUS
10
-1.8612538582677165
20
1.8476378346456692
11
-1.8611971259842519
21
1.8482138976377953
0
LINE
8
BLACK
6
CONTINUOUS
10
-1.8611971259842519
20
1.8482138976377953
11
-1.8611565354330708
21
1.8483119291338583
0
LINE
8
BLACK
6
CONTINUOUS
10
-1.8611565354330708
20
1.8483119291338583
11
-1.8611490157480315
21
1.848417716535433
0
LINE
8
BLACK
6
CONTINUOUS
10
-1.8611490157480315
20
1.848417716535433
11
-1.860942125984252
21
1.8489583464566928
0
LINE
8
BLACK
6
CONTINUOUS
10
-1.860942125984252
20
1.8489583464566928
11
-1.8590673622047245
21
1.8527078740157479
0
LINE
8
BLACK
6
CONTINUOUS
10
-1.8590673622047245
20
1.8527078740157479
11
-1.8590067322834645
21
1.852804251968504
0
LINE
8
BLACK
6
CONTINUOUS
10
-1.8590067322834645
20
1.852804251968504
11
-1.8589915748031496
21
1.8528496456692913
0
LINE
8
BLACK
6
CONTINUOUS
10
-1.8589915748031496
20
1.8528496456692913
11
-1.8589425590551181
21
1.8529062204724409
0
LINE
8
BLACK
6
CONTINUOUS
10
-1.8589425590551181
20
1.8529062204724409
11
-1.8587590157480314
21
1.8531977559055117
0
LINE
8
BLACK
6
CONTINUOUS
10
-1.8587590157480314
20
1.8531977559055117
11
-1.8586848031496062
21
1.8532621259842519
0
LINE
8
BLACK
6
CONTINUOUS
10
-1.8586848031496062
20
1.8532621259842519
11
-1.8587590157480314
21
1.853326496062992
0
LINE
8
BLACK
6
CONTINUOUS
10
-1.8587590157480314
20
1.853326496062992
11
-1.8589425590551181
21
1.8536180708661416
0
LINE
8
BLACK
6
CONTINUOUS
10
-1.8589425590551181
20
1.8536180708661416
11
-1.8589915748031496
21
1.8536746062992127
0
LINE
8
BLACK
6
CONTINUOUS
10
-1.8589915748031496
20
1.8536746062992127
11
-1.8590067322834645
21
1.8537200393700788
0
LINE
8
BLACK
6
CONTINUOUS
10
-1.8590067322834645
20
1.8537200393700788
11
-1.8590673622047245
21
1.8538163779527559
0
LINE
8
BLACK
6
CONTINUOUS
10
-1.8590673622047245
20
1.8538163779527559
11
-1.860942125984252
21
1.857565905511811
0
LINE
8
BLACK
6
CONTINUOUS
10
-1.860942125984252
20
1.857565905511811
11
-1.8611490157480315
21
1.8581065354330708
0
LINE
8
BLACK
6
CONTINUOUS
10
-1.8611490157480315
20
1.8581065354330708
11
-1.8611565354330708
21
1.8582123622047244
0
LINE
8
BLACK
6
CONTINUOUS
10
-1.8611565354330708
20
1.8582123622047244
11
-1.8611971259842519
21
1.8583103543307087
0
LINE
8
BLACK
6
CONTINUOUS
10
-1.8611971259842519
20
1.8583103543307087
11
-1.8612538582677165
21
1.8588864173228345
0
LINE
8
BLACK
6
CONTINUOUS
10
-1.8612538582677165
20
1.8588864173228345
11
-1.8612538582677165
21
1.8645107086614172
0
LINE
8
BLACK
6
CONTINUOUS
10
-1.8612538582677165
20
1.8645107086614172
11
-1.8611971259842519
21
1.8650867716535433
0
LINE
8
BLACK
6
CONTINUOUS
10
-1.8611971259842519
20
1.8650867716535433
11
-1.8611565354330708
21
1.8651848031496063
0
LINE
8
BLACK
6
CONTINUOUS
10
-1.8611565354330708
20
1.8651848031496063
11
-1.8611490157480315
21
1.865290590551181
0
LINE
8
BLACK
6
CONTINUOUS
10
-1.8611490157480315
20
1.865290590551181
11
-1.860942125984252
21
1.865831220472441
0
LINE
8
BLACK
6
CONTINUOUS
10
-1.860942125984252
20
1.865831220472441
11
-1.8590673622047245
21
1.8695807874015749
0
LINE
8
BLACK
6
CONTINUOUS
10
-1.8590673622047245
20
1.8695807874015749
11
-1.8590067322834645
21
1.869677125984252
0
LINE
8
BLACK
6
CONTINUOUS
10
-1.8590067322834645
20
1.869677125984252
11
-1.8589915748031496
21
1.8697225590551181
0
LINE
8
BLACK
6
CONTINUOUS
10
-1.8589915748031496
20
1.8697225590551181
11
-1.8589425196850393
21
1.8697791732283464
0
LINE
8
BLACK
6
CONTINUOUS
10
-1.8589425196850393
20
1.8697791732283464
11
-1.8587590157480314
21
1.8700706299212597
0
LINE
8
BLACK
6
CONTINUOUS
10
-1.8587590157480314
20
1.8700706299212597
11
-1.8584794094488188
21
1.8703131496062992
0
LINE
8
BLACK
6
CONTINUOUS
10
-1.8584794094488188
20
1.8703131496062992
11
-1.8582367322834645
21
1.8705929527559055
0
LINE
8
BLACK
6
CONTINUOUS
10
-1.8582367322834645
20
1.8705929527559055
11
-1.8579451968503937
21
1.870776496062992
0
LINE
8
BLACK
6
CONTINUOUS
10
-1.8579451968503937
20
1.870776496062992
11
-1.8578886220472441
21
1.8708255118110235
0
LINE
8
BLACK
6
CONTINUOUS
10
-1.8578886220472441
20
1.8708255118110235
11
-1.8578432283464565
21
1.8708406692913386
0
LINE
8
BLACK
6
CONTINUOUS
10
-1.8578432283464565
20
1.8708406692913386
11
-1.8577468503937007
21
1.8709012992125984
0
LINE
8
BLACK
6
CONTINUOUS
10
-1.8577468503937007
20
1.8709012992125984
11
-1.8539973228346456
21
1.872776062992126
0
LINE
8
BLACK
6
CONTINUOUS
10
-1.8539973228346456
20
1.872776062992126
11
-1.8534567322834645
21
1.8729829527559054
0
LINE
8
BLACK
6
CONTINUOUS
10
-1.8534567322834645
20
1.8729829527559054
11
-1.8533508661417322
21
1.8729905118110235
0
LINE
8
BLACK
6
CONTINUOUS
10
-1.8533508661417322
20
1.8729905118110235
11
-1.8532528740157479
21
1.8730310629921259
0
LINE
8
BLACK
6
CONTINUOUS
10
-1.8532528740157479
20
1.8730310629921259
11
-1.852676811023622
21
1.8730877952755904
0
LINE
8
BLACK
6
CONTINUOUS
10
-1.852676811023622
20
1.8730877952755904
11
-1.8320543700787402
21
1.8730877952755904
0
LINE
8
BLACK
6
CONTINUOUS
10
-1.8320543700787402
20
1.8730877952755904
11
-1.8314783070866141
21
1.8730310629921259
0
LINE
8
BLACK
6
CONTINUOUS
10
-1.32355968503937
20
3.6672732283464566
11
-1.3224952755905512
21
3.6668323228346456
0
LINE
8
BLACK
6
CONTINUOUS
10
-1.3224952755905512
20
3.6668323228346456
11
-1.3216806299212598
21
3.6660176771653541
0
LINE
8
BLACK
6
CONTINUOUS
10
-1.3216806299212598
20
3.6660176771653541
11
-1.3212397244094487
21
3.6649532677165353
0
LINE
8
BLACK
6
CONTINUOUS
10
-1.3212397244094487
20
3.6649532677165353
11
-1.3212397244094487
21
3.6638011417322836
0
LINE
8
BLACK
6
CONTINUOUS
10
-1.3212397244094487
20
3.6638011417322836
11
-1.3216806299212598
21
3.6627367322834643
0
LINE
8
BLACK
6
CONTINUOUS
10
-1.3216806299212598
20
3.6627367322834643
11
-1.3224952755905512
21
3.6619220866141733
0
LINE
8
BLACK
6
CONTINUOUS
10
-1.3224952755905512
20
3.6619220866141733
11
-1.32355968503937
21
3.6614811811023622
0
LINE
8
BLACK
6
CONTINUOUS
10
-1.32355968503937
20
3.6614811811023622
11
-1.3241357480314961
21
3.6614244488188974
0
LINE
8
BLACK
6
CONTINUOUS
10
-1.3241357480314961
20
3.6614244488188974
11
-1.3402111811023623
21
3.6614244488188974
0
LINE
8
BLACK
6
CONTINUOUS
10
-1.3402111811023623
20
3.6614244488188974
11
-1.3411883070866142
21
3.6516531889763777
0
LINE
8
BLACK
6
CONTINUOUS
10
-1.3411883070866142
20
3.6516531889763777
11
-1.3404543700787401
21
3.6520201181102361
0
LINE
8
BLACK
6
CONTINUOUS
10
-1.3404543700787401
20
3.6520201181102361
11
-1.3399137795275591
21
3.6522270078740156
0
LINE
8
BLACK
6
CONTINUOUS
10
-1.3399137795275591
20
3.6522270078740156
11
-1.3398079133858267
21
3.6522345669291338
0
LINE
8
BLACK
6
CONTINUOUS
10
-1.3398079133858267
20
3.6522345669291338
11
-1.3397099212598425
21
3.6522751181102362
0
LINE
8
BLACK
6
CONTINUOUS
10
-1.3397099212598425
20
3.6522751181102362
11
-1.3391338582677166
21
3.6523318503937006
0
LINE
8
BLACK
6
CONTINUOUS
10
-1.3391338582677166
20
3.6523318503937006
11
-1.3297600393700788
21
3.6523318503937006
0
LINE
8
BLACK
6
CONTINUOUS
10
-1.3297600393700788
20
3.6523318503937006
11
-1.3291839763779527
21
3.6522751181102362
0
LINE
8
BLACK
6
CONTINUOUS
10
-1.3291839763779527
20
3.6522751181102362
11
-1.3290859842519684
21
3.6522345275590551
0
LINE
8
BLACK
6
CONTINUOUS
10
-1.3290859842519684
20
3.6522345275590551
11
-1.3289801574803148
21
3.6522270078740156
0
LINE
8
BLACK
6
CONTINUOUS
10
-1.3289801574803148
20
3.6522270078740156
11
-1.328439527559055
21
3.6520201181102361
0
LINE
8
BLACK
6
CONTINUOUS
10
-1.328439527559055
20
3.6520201181102361
11
-1.3246899999999999
21
3.6501453543307085
0
LINE
8
BLACK
6
CONTINUOUS
10
-1.3246899999999999
20
3.6501453543307085
11
-1.3244420078740158
21
3.6499892913385827
0
LINE
8
BLACK
6
CONTINUOUS
10
-1.3244420078740158
20
3.6499892913385827
11
-1.3243700393700788
21
3.6499594488188976
0
LINE
8
BLACK
6
CONTINUOUS
10
-1.3243700393700788
20
3.6499594488188976
11
-1.3242890944881889
21
3.6498929921259839
0
LINE
8
BLACK
6
CONTINUOUS
10
-1.3242890944881889
20
3.6498929921259839
11
-1.3242001181102361
21
3.6498370078740159
0
LINE
8
BLACK
6
CONTINUOUS
10
-1.3242001181102361
20
3.6498370078740159
11
-1.3241489763779528
21
3.6497780314960631
0
LINE
8
BLACK
6
CONTINUOUS
10
-1.3241489763779528
20
3.6497780314960631
11
-1.3239225984251968
21
3.6495922440944879
0
LINE
8
BLACK
6
CONTINUOUS
10
-1.3239225984251968
20
3.6495922440944879
11
-1.3220478346456692
21
3.6477174803149603
0
LINE
8
BLACK
6
CONTINUOUS
10
-1.3220478346456692
20
3.6477174803149603
11
-1.3218620866141733
21
3.6474911417322833
0
LINE
8
BLACK
6
CONTINUOUS
10
-1.3218620866141733
20
3.6474911417322833
11
-1.3218030708661417
21
3.6474399606299213
0
LINE
8
BLACK
6
CONTINUOUS
10
-1.3218030708661417
20
3.6474399606299213
11
-1.3217471259842519
21
3.647351023622047
0
LINE
8
BLACK
6
CONTINUOUS
10
-1.3217471259842519
20
3.647351023622047
11
-1.3216806299212598
21
3.6472700393700785
0
LINE
8
BLACK
6
CONTINUOUS
10
-1.3216806299212598
20
3.6472700393700785
11
-1.3216508267716536
21
3.6471981102362205
0
LINE
8
BLACK
6
CONTINUOUS
10
-1.3216508267716536
20
3.6471981102362205
11
-1.3214947244094488
21
3.6469500787401574
0
LINE
8
BLACK
6
CONTINUOUS
10
-1.3214947244094488
20
3.6469500787401574
11
-1.3196199606299213
21
3.6432005511811023
0
LINE
8
BLACK
6
CONTINUOUS
10
-1.3196199606299213
20
3.6432005511811023
11
-1.3194130708661418
21
3.642659960629921
0
LINE
8
BLACK
6
CONTINUOUS
10
-1.3194130708661418
20
3.642659960629921
11
-1.3194055511811023
21
3.6425540944881889
0
LINE
8
BLACK
6
CONTINUOUS
10
-1.3194055511811023
20
3.6425540944881889
11
-1.3193649606299211
21
3.6424561023622046
0
LINE
8
BLACK
6
CONTINUOUS
10
-1.3193649606299211
20
3.6424561023622046
11
-1.3193082283464566
21
3.6418800393700788
0
LINE
8
BLACK
6
CONTINUOUS
10
-1.3193082283464566
20
3.6418800393700788
11
-1.3193082283464566
21
3.632506220472441
0
LINE
8
BLACK
6
CONTINUOUS
10
-1.3193082283464566
20
3.632506220472441
11
-1.3193649606299211
21
3.6319301574803147
0
LINE
8
BLACK
6
CONTINUOUS
10
-1.3193649606299211
20
3.6319301574803147
11
-1.3194055511811023
21
3.6318322047244092
0
LINE
8
BLACK
6
CONTINUOUS
10
-1.3194055511811023
20
3.6318322047244092
11
-1.3194130708661418
21
3.6317262992125983
0
LINE
8
BLACK
6
CONTINUOUS
10
-1.3194130708661418
20
3.6317262992125983
11
-1.3196199606299213
21
3.6311857086614174
0
LINE
8
BLACK
6
CONTINUOUS
10
-1.3196199606299213
20
3.6311857086614174
11
-1.3214947244094488
21
3.6274361811023623
0
LINE
8
BLACK
6
CONTINUOUS
10
-1.3214947244094488
20
3.6274361811023623
11
-1.3216507874015748
21
3.6271883070866142
0
LINE
8
BLACK
6
CONTINUOUS
10
-1.3216507874015748
20
3.6271883070866142
11
-1.321680590551181
21
3.6271162598425195
0
LINE
8
BLACK
6
CONTINUOUS
10
-1.321680590551181
20
3.6271162598425195
11
-1.3217471259842519
21
3.6270352362204723
0
LINE
8
BLACK
6
CONTINUOUS
10
-1.3217471259842519
20
3.6270352362204723
11
-1.3218030708661417
21
3.6269462992125985
0
LINE
8
BLACK
6
CONTINUOUS
10
-1.3218030708661417
20
3.6269462992125985
11
-1.3218620866141733
21
3.6268951574803148
0
LINE
8
BLACK
6
CONTINUOUS
10
-1.3218620866141733
20
3.6268951574803148
11
-1.3220478346456692
21
3.626668779527559
0
LINE
8
BLACK
6
CONTINUOUS
10
-1.3220478346456692
20
3.626668779527559
11
-1.323922559055118
21
3.6247940157480314
0
LINE
8
BLACK
6
CONTINUOUS
10
-1.323922559055118
20
3.6247940157480314
11
-1.3241489370078741
21
3.6246082677165354
0
LINE
8
BLACK
6
CONTINUOUS
10
-1.3241489370078741
20
3.6246082677165354
11
-1.3242001181102361
21
3.6245492125984251
0
LINE
8
BLACK
6
CONTINUOUS
10
-1.3242001181102361
20
3.6245492125984251
11
-1.3242890944881889
21
3.6244932283464566
0
LINE
8
BLACK
6
CONTINUOUS
10
-1.3242890944881889
20
3.6244932283464566
11
-1.3243700393700788
21
3.6244267716535434
0
LINE
8
BLACK
6
CONTINUOUS
10
-1.3243700393700788
20
3.6244267716535434
11
-1.3244420078740158
21
3.624396968503937
0
LINE
8
BLACK
6
CONTINUOUS
10
-1.3244420078740158
20
3.624396968503937
11
-1.3246899999999999
21
3.624240866141732
0
LINE
8
BLACK
6
CONTINUOUS
10
-1.3246899999999999
20
3.624240866141732
11
-1.328439527559055
21
3.6223661023622045
0
LINE
8
BLACK
6
CONTINUOUS
10
-1.328439527559055
20
3.6223661023622045
11
-1.3289801574803148
21
3.622159212598425
0
LINE
8
BLACK
6
CONTINUOUS
10
-1.3289801574803148
20
3.622159212598425
11
-1.3290859842519684
21
3.6221517322834647
0
LINE
8
BLACK
6
CONTINUOUS
10
-1.3290859842519684
20
3.6221517322834647
11
-1.3291839763779527
21
3.6221111023622048
0
LINE
8
BLACK
6
CONTINUOUS
10
-1.3291839763779527
20
3.6221111023622048
11
-1.3297600393700788
21
3.62205437007874
0
LINE
8
BLACK
6
CONTINUOUS
10
-1.3297600393700788
20
3.62205437007874
11
-1.3391338582677166
21
3.62205437007874
0
LINE
8
BLACK
6
CONTINUOUS
10
-1.3391338582677166
20
3.62205437007874
11
-1.3397099212598425
21
3.6221111023622048
0
LINE
8
BLACK
6
CONTINUOUS
10
-1.3397099212598425
20
3.6221111023622048
11
-1.3398079133858267
21
3.6221516929133859
0
LINE
8
BLACK
6
CONTINUOUS
10
-1.3398079133858267
20
3.6221516929133859
11
-1.3399137795275591
21
3.622159212598425
0
LINE
8
BLACK
6
CONTINUOUS
10
-1.3399137795275591
20
3.622159212598425
11
-1.3404543700787401
21
3.6223661023622045
0
LINE
8
BLACK
6
CONTINUOUS
10
-1.3404543700787401
20
3.6223661023622045
11
-1.3442038976377952
21
3.624240866141732
0
LINE
8
BLACK
6
CONTINUOUS
10
-1.3442038976377952
20
3.624240866141732
11
-1.3444519291338581
21
3.624396968503937
0
LINE
8
BLACK
6
CONTINUOUS
10
-1.3444519291338581
20
3.624396968503937
11
-1.3445238582677166
21
3.6244267716535434
0
LINE
8
BLACK
6
CONTINUOUS
10
-1.3445238582677166
20
3.6244267716535434
11
-1.344604842519685
21
3.6244932283464566
0
LINE
8
BLACK
6
CONTINUOUS
10
-1.344604842519685
20
3.6244932283464566
11
-1.3446937795275591
21
3.6245492125984251
0
LINE
8
BLACK
6
CONTINUOUS
10
-1.3446937795275591
20
3.6245492125984251
11
-1.3447450000000001
21
3.6246082677165354
0
LINE
8
BLACK
6
CONTINUOUS
10
-1.3447450000000001
20
3.6246082677165354
11
-1.3449713385826771
21
3.6247940157480314
0
LINE
8
BLACK
6
CONTINUOUS
10
-1.3449713385826771
20
3.6247940157480314
11
-1.3468461023622047
21
3.6266688188976377
0
LINE
8
BLACK
6
CONTINUOUS
10
-1.3468461023622047
20
3.6266688188976377
11
-1.3472133070866141
21
3.6271162598425195
0
LINE
8
BLACK
6
CONTINUOUS
10
-1.3472133070866141
20
3.6271162598425195
11
-1.3476541732283465
21
3.6281806692913383
0
LINE
8
BLACK
6
CONTINUOUS
10
-1.3476541732283465
20
3.6281806692913383
11
-1.3476541732283465
21
3.6293327559055117
0
LINE
8
BLACK
6
CONTINUOUS
10
-1.3476541732283465
20
3.6293327559055117
11
-1.3472132677165354
21
3.6303971653543305
0
LINE
8
BLACK
6
CONTINUOUS
10
-1.3472132677165354
20
3.6303971653543305
11
-1.3463985826771654
21
3.6312118503937008
0
LINE
8
BLACK
6
CONTINUOUS
10
-1.3463985826771654
20
3.6312118503937008
11
-1.3453341732283464
21
3.6316527165354331
0
LINE
8
BLACK
6
CONTINUOUS
10
-1.3453341732283464
20
3.6316527165354331
11
-1.3441820866141732
21
3.6316527165354331
0
LINE
8
BLACK
6
CONTINUOUS
10
-1.3441820866141732
20
3.6316527165354331
11
-1.3431176771653544
21
3.631211811023622
0
LINE
8
BLACK
6
CONTINUOUS
10
-1.3431176771653544
20
3.631211811023622
11
-1.3426701968503936
21
3.6308445669291336
0
LINE
8
BLACK
6
CONTINUOUS
10
-1.3426701968503936
20
3.6308445669291336
11
-1.3411342913385826
21
3.6293086220472439
0
LINE
8
BLACK
6
CONTINUOUS
10
-1.3411342913385826
20
3.6293086220472439
11
-1.338436811023622
21
3.6279598818897636
0
LINE
8
BLACK
6
CONTINUOUS
10
-1.338436811023622
20
3.6279598818897636
11
-1.3304570866141732
21
3.6279598818897636
0
LINE
8
BLACK
6
CONTINUOUS
10
-1.3304570866141732
20
3.6279598818897636
11
-1.3277596456692913
21
3.6293086220472439
0
LINE
8
BLACK
6
CONTINUOUS
10
-1.3277596456692913
20
3.6293086220472439
11
-1.3265625196850392
21
3.6305057874015749
0
LINE
8
BLACK
6
CONTINUOUS
10
-1.3265625196850392
20
3.6305057874015749
11
-1.3252137401574804
21
3.6332032677165356
0
LINE
8
BLACK
6
CONTINUOUS
10
-1.3252137401574804
20
3.6332032677165356
11
-1.3252137401574804
21
3.6411829921259842
0
LINE
8
BLACK
6
CONTINUOUS
10
-1.3252137401574804
20
3.6411829921259842
11
-1.3265624803149605
21
3.6438804724409448
0
LINE
8
BLACK
6
CONTINUOUS
10
-1.3265624803149605
20
3.6438804724409448
11
-1.3277596062992125
21
3.6450775984251966
0
LINE
8
BLACK
6
CONTINUOUS
10
-1.3277596062992125
20
3.6450775984251966
11
-1.3304570866141732
21
3.646426338582677
0
LINE
8
BLACK
6
CONTINUOUS
10
-1.3304570866141732
20
3.646426338582677
11
-1.338436811023622
21
3.646426338582677
0
LINE
8
BLACK
6
CONTINUOUS
10
-1.338436811023622
20
3.646426338582677
11
-1.3411342913385826
21
3.6450775984251966
0
LINE
8
BLACK
6
CONTINUOUS
10
-1.3411342913385826
20
3.6450775984251966
11
-1.3426702362204723
21
3.6435416535433069
0
LINE
8
BLACK
6
CONTINUOUS
10
-1.3426702362204723
20
3.6435416535433069
11
-1.3431176771653544
21
3.6431744488188977
0
LINE
8
BLACK
6
CONTINUOUS
10
-1.3431176771653544
20
3.6431744488188977
11
-1.3432550393700786
21
3.6431175590551179
0
LINE
8
BLACK
6
CONTINUOUS
10
-1.3432550393700786
20
3.6431175590551179
11
-1.3433701181102362
21
3.6430233858267718
0
LINE
8
BLACK
6
CONTINUOUS
10
-1.3433701181102362
20
3.6430233858267718
11
-1.3437835039370079
21
3.6428987007874016
0
LINE
8
BLACK
6
CONTINUOUS
10
-1.3437835039370079
20
3.6428987007874016
11
-1.3441821259842519
21
3.6427335433070867
0
LINE
8
BLACK
6
CONTINUOUS
10
-1.3441821259842519
20
3.6427335433070867
11
-1.3443307480314961
21
3.6427335433070867
0
LINE
8
BLACK
6
CONTINUOUS
10
-1.3443307480314961
20
3.6427335433070867
11
-1.3444731102362204
21
3.6426905905511808
0
LINE
8
BLACK
6
CONTINUOUS
10
-1.3444731102362204
20
3.6426905905511808
11
-1.3449026377952755
21
3.6427335433070867
0
LINE
8
BLACK
6
CONTINUOUS
10
-1.3449026377952755
20
3.6427335433070867
11
-1.3453341732283464
21
3.6427335433070867
0
LINE
8
BLACK
6
CONTINUOUS
10
-1.3453341732283464
20
3.6427335433070867
11
-1.3454715354330709
21
3.6427904724409448
0
LINE
8
BLACK
6
CONTINUOUS
10
-1.3454715354330709
20
3.6427904724409448
11
-1.345619527559055
21
3.6428052362204721
0
LINE
8
BLACK
6
CONTINUOUS
10
-1.345619527559055
20
3.6428052362204721
11
-1.3459999212598426
21
3.6430092913385828
0
LINE
8
BLACK
6
CONTINUOUS
10
-1.3459999212598426
20
3.6430092913385828
11
-1.3463986220472441
21
3.6431744488188977
0
LINE
8
BLACK
6
CONTINUOUS
10
-1.3463986220472441
20
3.6431744488188977
11
-1.3465038188976377
21
3.6432796456692911
0
LINE
8
BLACK
6
CONTINUOUS
10
-1.3465038188976377
20
3.6432796456692911
11
-1.3466347637795275
21
3.6433498818897636
0
LINE
8
BLACK
6
CONTINUOUS
10
-1.3466347637795275
20
3.6433498818897636
11
-1.3469080314960629
21
3.6436838582677162
0
LINE
8
BLACK
6
CONTINUOUS
10
-1.3469080314960629
20
3.6436838582677162
11
-1.3472132677165354
21
3.6439890944881888
0
LINE
8
BLACK
6
CONTINUOUS
10
-1.3472132677165354
20
3.6439890944881888
11
-1.3472701968503937
21
3.6441264566929132
0
LINE
8
BLACK
6
CONTINUOUS
10
-1.3472701968503937
20
3.6441264566929132
11
-1.3473643307086614
21
3.6442415354330708
0
LINE
8
BLACK
6
CONTINUOUS
10
-1.3473643307086614
20
3.6442415354330708
11
-1.3474890551181102
21
3.6446549212598423
0
LINE
8
BLACK
6
CONTINUOUS
10
-1.3474890551181102
20
3.6446549212598423
11
-1.3476541732283465
21
3.6450535433070868
0
LINE
8
BLACK
6
CONTINUOUS
10
-1.3476541732283465
20
3.6450535433070868
11
-1.3476541732283465
21
3.6452022047244093
0
LINE
8
BLACK
6
CONTINUOUS
10
-1.3476541732283465
20
3.6452022047244093
11
-1.3476971259842518
21
3.6453445275590552
0
LINE
8
BLACK
6
CONTINUOUS
10
-1.3476971259842518
20
3.6453445275590552
11
-1.3476962598425197
21
3.6459233858267717
0
LINE
8
BLACK
6
CONTINUOUS
10
-1.3476962598425197
20
3.6459233858267717
11
-1.3458214960629922
21
3.6646710236220472
0
LINE
8
BLACK
6
CONTINUOUS
10
-1.3458214960629922
20
3.6646710236220472
11
-1.3457794094488189
21
3.6648809842519685
0
LINE
8
BLACK
6
CONTINUOUS
10
-1.3457794094488189
20
3.6648809842519685
11
-1.3457794094488189
21
3.6649532677165353
0
LINE
8
BLACK
6
CONTINUOUS
10
-1.3457794094488189
20
3.6649532677165353
11
-1.3457513385826771
21
3.6650211023622048
0
LINE
8
BLACK
6
CONTINUOUS
10
-1.3457513385826771
20
3.6650211023622048
11
-1.345707716535433
21
3.6652385826771652
0
LINE
8
BLACK
6
CONTINUOUS
10
-1.345707716535433
20
3.6652385826771652
11
-1.3455037007874016
21
3.665618897637795
0
LINE
8
BLACK
6
CONTINUOUS
10
-1.3455037007874016
20
3.665618897637795
11
-1.3453385039370078
21
3.6660176771653541
0
LINE
8
BLACK
6
CONTINUOUS
10
-1.3453385039370078
20
3.6660176771653541
11
-1.3452333464566928
21
3.6661228740157479
0
LINE
8
BLACK
6
CONTINUOUS
10
-1.3452333464566928
20
3.6661228740157479
11
-1.3451630708661417
21
3.6662538188976379
0
LINE
8
BLACK
6
CONTINUOUS
10
-1.3451630708661417
20
3.6662538188976379
11
-1.3448291338582676
21
3.666527086614173
0
LINE
8
BLACK
6
CONTINUOUS
10
-1.3448291338582676
20
3.666527086614173
11
-1.3445238582677166
21
3.6668323228346456
0
LINE
8
BLACK
6
CONTINUOUS
10
-1.3445238582677166
20
3.6668323228346456
11
-1.3443865354330709
21
3.6668892519685037
0
LINE
8
BLACK
6
CONTINUOUS
10
-1.3443865354330709
20
3.6668892519685037
11
-1.3442714173228345
21
3.6669833858267715
0
LINE
8
BLACK
6
CONTINUOUS
10
-1.3442714173228345
20
3.6669833858267715
11
-1.3438581496062991
21
3.6671081102362204
0
LINE
8
BLACK
6
CONTINUOUS
10
-1.3438581496062991
20
3.6671081102362204
11
-1.3434594488188976
21
3.6672732283464566
0
LINE
8
BLACK
6
CONTINUOUS
10
-1.3434594488188976
20
3.6672732283464566
11
-1.3432387795275591
21
3.6672949999999997
0
LINE
8
BLACK
6
CONTINUOUS
10
-1.3432387795275591
20
3.6672949999999997
11
-1.3431684251968503
21
3.667316181102362
0
LINE
8
BLACK
6
CONTINUOUS
10
-1.3431684251968503
20
3.667316181102362
11
-1.3430964566929133
21
3.6673090157480313
0
LINE
8
BLACK
6
CONTINUOUS
10
-1.3430964566929133
20
3.6673090157480313
11
-1.3428833858267717
21
3.667329960629921
0
LINE
8
BLACK
6
CONTINUOUS
10
-1.3428833858267717
20
3.667329960629921
11
-1.3241357480314961
21
3.667329960629921
0
LINE
8
BLACK
6
CONTINUOUS
10
-1.3241357480314961
20
3.667329960629921
11
-1.32355968503937
21
3.6672732283464566
0
LINE
8
BLACK
6
CONTINUOUS
10
-1.2748157874015749
20
3.6672732283464566
11
-1.2747177952755906
21
3.6672326377952755
0
LINE
8
BLACK
6
CONTINUOUS
10
-1.2747177952755906
20
3.6672326377952755
11
-1.274611968503937
21
3.667225118110236
0
LINE
8
BLACK
6
CONTINUOUS
10
-1.274611968503937
20
3.667225118110236
11
-1.2740713385826772
21
3.6670182283464565
0
LINE
8
BLACK
6
CONTINUOUS
10
-1.2740713385826772
20
3.6670182283464565
11
-1.2703218110236221
21
3.665143464566929
0
LINE
8
BLACK
6
CONTINUOUS
10
-1.2703218110236221
20
3.665143464566929
11
-1.2700738188976377
21
3.6649874015748032
0
LINE
8
BLACK
6
CONTINUOUS
10
-1.2700738188976377
20
3.6649874015748032
11
-1.2700018503937007
21
3.664957559055118
0
LINE
8
BLACK
6
CONTINUOUS
10
-1.2700018503937007
20
3.664957559055118
11
-1.269920905511811
21
3.6648911023622048
0
LINE
8
BLACK
6
CONTINUOUS
10
-1.269920905511811
20
3.6648911023622048
11
-1.2698319291338582
21
3.6648351181102363
0
LINE
8
BLACK
6
CONTINUOUS
10
-1.2698319291338582
20
3.6648351181102363
11
-1.2697807874015747
21
3.6647761417322835
0
LINE
8
BLACK
6
CONTINUOUS
10
-1.2697807874015747
20
3.6647761417322835
11
-1.2695544094488189
21
3.6645903543307088
0
LINE
8
BLACK
6
CONTINUOUS
10
-1.2695544094488189
20
3.6645903543307088
11
-1.2676796456692914
21
3.6627155905511812
0
LINE
8
BLACK
6
CONTINUOUS
10
-1.2676796456692914
20
3.6627155905511812
11
-1.2674938976377952
21
3.6624892519685037
0
LINE
8
BLACK
6
CONTINUOUS
10
-1.2674938976377952
20
3.6624892519685037
11
-1.2674348818897638
21
3.6624380708661417
0
LINE
8
BLACK
6
CONTINUOUS
10
-1.2674348818897638
20
3.6624380708661417
11
-1.2673789370078741
21
3.6623491338582674
0
LINE
8
BLACK
6
CONTINUOUS
10
-1.2673789370078741
20
3.6623491338582674
11
-1.2673124409448819
21
3.662268149606299
0
LINE
8
BLACK
6
CONTINUOUS
10
-1.2673124409448819
20
3.662268149606299
11
-1.2672826377952755
21
3.662196220472441
0
LINE
8
BLACK
6
CONTINUOUS
10
-1.2672826377952755
20
3.662196220472441
11
-1.2671265354330707
21
3.6619481889763779
0
LINE
8
BLACK
6
CONTINUOUS
10
-1.2671265354330707
20
3.6619481889763779
11
-1.2652517716535432
21
3.6581986614173228
0
LINE
8
BLACK
6
CONTINUOUS
10
-1.2652517716535432
20
3.6581986614173228
11
-1.2652356692913385
21
3.6581565748031495
0
LINE
8
BLACK
6
CONTINUOUS
10
-1.2652356692913385
20
3.6581565748031495
11
-1.2652229527559056
21
3.6581394094488187
0
LINE
8
BLACK
6
CONTINUOUS
10
-1.2652229527559056
20
3.6581394094488187
11
-1.2651366535433071
21
3.6578978346456692
0
LINE
8
BLACK
6
CONTINUOUS
10
-1.2651366535433071
20
3.6578978346456692
11
-1.2650448818897637
21
3.6576580708661415
0
LINE
8
BLACK
6
CONTINUOUS
10
-1.2650448818897637
20
3.6576580708661415
11
-1.2650433858267716
21
3.6576368110236221
0
LINE
8
BLACK
6
CONTINUOUS
10
-1.2650433858267716
20
3.6576368110236221
11
-1.2650281889763779
21
3.6575942913385826
0
LINE
8
BLACK
6
CONTINUOUS
10
-1.2650281889763779
20
3.6575942913385826
11
-1.2631534251968504
21
3.6500952362204724
0
LINE
8
BLACK
6
CONTINUOUS
10
-1.2631534251968504
20
3.6500952362204724
11
-1.2631386614173228
21
3.6499953937007872
0
LINE
8
BLACK
6
CONTINUOUS
10
-1.2631386614173228
20
3.6499953937007872
11
-1.2631220078740157
21
3.6499551574803148
0
LINE
8
BLACK
6
CONTINUOUS
10
-1.2631220078740157
20
3.6499551574803148
11
-1.2631006692913385
21
3.6497381496062991
0
LINE
8
BLACK
6
CONTINUOUS
10
-1.2631006692913385
20
3.6497381496062991
11
-1.263068779527559
21
3.6495226377952754
0
LINE
8
BLACK
6
CONTINUOUS
10
-1.263068779527559
20
3.6495226377952754
11
-1.2630751968503937
21
3.6494796456692913
0
LINE
8
BLACK
6
CONTINUOUS
10
-1.2630751968503937
20
3.6494796456692913
11
-1.2630652755905512
21
3.649379094488189
0
LINE
8
BLACK
6
CONTINUOUS
10
-1.2630652755905512
20
3.649379094488189
11
-1.2630652755905512
21
3.6400052755905512
0
LINE
8
BLACK
6
CONTINUOUS
10
-1.2630652755905512
20
3.6400052755905512
11
-1.2630751968503937
21
3.6399047637795277
0
LINE
8
BLACK
6
CONTINUOUS
10
-1.2630751968503937
20
3.6399047637795277
11
-1.263068779527559
21
3.6398617322834643
0
LINE
8
BLACK
6
CONTINUOUS
10
-1.263068779527559
20
3.6398617322834643
11
-1.2631006692913385
21
3.6396462598425194
0
LINE
8
BLACK
6
CONTINUOUS
10
-1.2631006692913385
20
3.6396462598425194
11
-1.2631220078740157
21
3.6394292125984253
0
LINE
8
BLACK
6
CONTINUOUS
10
-1.2631220078740157
20
3.6394292125984253
11
-1.2631386614173228
21
3.6393890157480313
0
LINE
8
BLACK
6
CONTINUOUS
10
-1.2631386614173228
20
3.6393890157480313
11
-1.2631534251968504
21
3.6392891338582678
0
LINE
8
BLACK
6
CONTINUOUS
10
-1.2631534251968504
20
3.6392891338582678
11
-1.2650281889763779
21
3.6317900787401576
0
LINE
8
BLACK
6
CONTINUOUS
10
-1.2650281889763779
20
3.6317900787401576
11
-1.2650433858267716
21
3.6317475984251968
0
LINE
8
BLACK
6
CONTINUOUS
10
-1.2650433858267716
20
3.6317475984251968
11
-1.2650448818897637
21
3.6317262992125983
0
LINE
8
BLACK
6
CONTINUOUS
10
-1.2650448818897637
20
3.6317262992125983
11
-1.2651366535433071
21
3.6314865748031497
0
LINE
8
BLACK
6
CONTINUOUS
10
-1.2651366535433071
20
3.6314865748031497
11
-1.2652229527559056
21
3.6312449606299211
0
LINE
8
BLACK
6
CONTINUOUS
10
-1.2652229527559056
20
3.6312449606299211
11
-1.2652356692913385
21
3.631227834645669
0
LINE
8
BLACK
6
CONTINUOUS
10
-1.2652356692913385
20
3.631227834645669
11
-1.2652517716535432
21
3.6311857086614174
0
LINE
8
BLACK
6
CONTINUOUS
10
-1.2652517716535432
20
3.6311857086614174
11
-1.2671265354330707
21
3.6274361811023623
0
LINE
8
BLACK
6
CONTINUOUS
10
-1.2671265354330707
20
3.6274361811023623
11
-1.2672825984251967
21
3.6271883070866142
0
LINE
8
BLACK
6
CONTINUOUS
10
-1.2672825984251967
20
3.6271883070866142
11
-1.2673124015748032
21
3.6271162598425195
0
LINE
8
BLACK
6
CONTINUOUS
10
-1.2673124015748032
20
3.6271162598425195
11
-1.2673789370078741
21
3.6270352362204723
0
LINE
8
BLACK
6
CONTINUOUS
10
-1.2673789370078741
20
3.6270352362204723
11
-1.2674348818897638
21
3.6269462992125985
0
LINE
8
BLACK
6
CONTINUOUS
10
-1.2674348818897638
20
3.6269462992125985
11
-1.2674938976377952
21
3.6268951574803148
0
LINE
8
BLACK
6
CONTINUOUS
10
-1.2674938976377952
20
3.6268951574803148
11
-1.2676796456692914
21
3.626668779527559
0
LINE
8
BLACK
6
CONTINUOUS
10
-1.2676796456692914
20
3.626668779527559
11
-1.2695543700787402
21
3.6247940157480314
0
LINE
8
BLACK
6
CONTINUOUS
10
-1.2695543700787402
20
3.6247940157480314
11
-1.269780748031496
21
3.6246082677165354
0
LINE
8
BLACK
6
CONTINUOUS
10
-1.269780748031496
20
3.6246082677165354
11
-1.2698319291338582
21
3.6245492125984251
0
LINE
8
BLACK
6
CONTINUOUS
10
-1.2698319291338582
20
3.6245492125984251
11
-1.269920905511811
21
3.6244932283464566
0
LINE
8
BLACK
6
CONTINUOUS
10
-1.269920905511811
20
3.6244932283464566
11
-1.2700018503937007
21
3.6244267716535434
0
LINE
8
BLACK
6
CONTINUOUS
10
-1.2700018503937007
20
3.6244267716535434
11
-1.2700738188976377
21
3.624396968503937
0
LINE
8
BLACK
6
CONTINUOUS
10
-1.2700738188976377
20
3.624396968503937
11
-1.2703218110236221
21
3.624240866141732
0
LINE
8
BLACK
6
CONTINUOUS
10
-1.2703218110236221
20
3.624240866141732
11
-1.2740713385826772
21
3.6223661023622045
0
LINE
8
BLACK
6
CONTINUOUS
10
-1.2740713385826772
20
3.6223661023622045
11
-1.274611968503937
21
3.622159212598425
0
LINE
8
BLACK
6
CONTINUOUS
10
-1.274611968503937
20
3.622159212598425
11
-1.2747177952755906
21
3.6221517322834647
0
LINE
8
BLACK
6
CONTINUOUS
10
-1.2747177952755906
20
3.6221517322834647
11
-1.2748157874015749
21
3.6221111023622048
0
LINE
8
BLACK
6
CONTINUOUS
10
-1.2748157874015749
20
3.6221111023622048
11
-1.2753918503937007
21
3.62205437007874
0
LINE
8
BLACK
6
CONTINUOUS
10
-1.2753918503937007
20
3.62205437007874
11
-1.2791413779527558
21
3.62205437007874
0
LINE
8
BLACK
6
CONTINUOUS
10
-1.2791413779527558
20
3.62205437007874
11
-1.2797174409448819
21
3.6221111023622048
0
LINE
8
BLACK
6
CONTINUOUS
10
-1.2797174409448819
20
3.6221111023622048
11
-1.2798154330708662
21
3.6221516929133859
0
LINE
8
BLACK
6
CONTINUOUS
10
-1.2798154330708662
20
3.6221516929133859
11
-1.2799212992125983
21
3.622159212598425
0
LINE
8
BLACK
6
CONTINUOUS
10
-1.2799212992125983
20
3.622159212598425
11
-1.2804618897637794
21
3.6223661023622045
0
LINE
8
BLACK
6
CONTINUOUS
10
-1.2804618897637794
20
3.6223661023622045
11
-1.2842114173228347
21
3.624240866141732
0
LINE
8
BLACK
6
CONTINUOUS
10
-1.2842114173228347
20
3.624240866141732
11
-1.2844594488188976
21
3.624396968503937
0
LINE
8
BLACK
6
CONTINUOUS
10
-1.2844594488188976
20
3.624396968503937
11
-1.2845313779527558
21
3.6244267716535434
0
LINE
8
BLACK
6
CONTINUOUS
10
-1.2845313779527558
20
3.6244267716535434
11
-1.2846123622047243
21
3.6244932283464566
0
LINE
8
BLACK
6
CONTINUOUS
10
-1.2846123622047243
20
3.6244932283464566
11
-1.2847012992125983
21
3.6245492125984251
0
LINE
8
BLACK
6
CONTINUOUS
10
-1.2847012992125983
20
3.6245492125984251
11
-1.2847525196850393
21
3.6246082677165354
0
LINE
8
BLACK
6
CONTINUOUS
10
-1.2847525196850393
20
3.6246082677165354
11
-1.2849788582677164
21
3.6247940157480314
0
LINE
8
BLACK
6
CONTINUOUS
10
-1.2849788582677164
20
3.6247940157480314
11
-1.286853622047244
21
3.6266688188976377
0
LINE
8
BLACK
6
CONTINUOUS
10
-1.286853622047244
20
3.6266688188976377
11
-1.2870393700787401
21
3.6268951574803148
0
LINE
8
BLACK
6
CONTINUOUS
10
-1.2870393700787401
20
3.6268951574803148
11
-1.287098346456693
21
3.6269462992125985
0
LINE
8
BLACK
6
CONTINUOUS
10
-1.287098346456693
20
3.6269462992125985
11
-1.2871543307086615
21
3.6270352362204723
0
LINE
8
BLACK
6
CONTINUOUS
10
-1.2871543307086615
20
3.6270352362204723
11
-1.2872208267716536
21
3.6271162598425195
0
LINE
8
BLACK
6
CONTINUOUS
10
-1.2872208267716536
20
3.6271162598425195
11
-1.2872506692913386
21
3.6271883070866142
0
LINE
8
BLACK
6
CONTINUOUS
10
-1.2872506692913386
20
3.6271883070866142
11
-1.2874066929133858
21
3.6274361811023623
0
LINE
8
BLACK
6
CONTINUOUS
10
-1.2874066929133858
20
3.6274361811023623
11
-1.2892814566929134
21
3.6311857086614174
0
LINE
8
BLACK
6
CONTINUOUS
10
-1.2892814566929134
20
3.6311857086614174
11
-1.2892975984251969
21
3.631227834645669
0
LINE
8
BLACK
6
CONTINUOUS
10
-1.2892975984251969
20
3.631227834645669
11
-1.2893102755905512
21
3.6312449606299211
0
LINE
8
BLACK
6
CONTINUOUS
10
-1.2893102755905512
20
3.6312449606299211
11
-1.2893967322834645
21
3.6314869291338581
0
LINE
8
BLACK
6
CONTINUOUS
10
-1.2893967322834645
20
3.6314869291338581
11
-1.2894883464566929
21
3.631726338582677
0
LINE
8
BLACK
6
CONTINUOUS
10
-1.2894883464566929
20
3.631726338582677
11
-1.2894898818897638
21
3.6317475984251968
0
LINE
8
BLACK
6
CONTINUOUS
10
-1.2894898818897638
20
3.6317475984251968
11
-1.2895050393700787
21
3.6317900787401576
0
LINE
8
BLACK
6
CONTINUOUS
10
-1.2895050393700787
20
3.6317900787401576
11
-1.2913798031496062
21
3.6392891338582678
0
LINE
8
BLACK
6
CONTINUOUS
10
-1.2913798031496062
20
3.6392891338582678
11
-1.2913946062992125
21
3.6393890157480313
0
LINE
8
BLACK
6
CONTINUOUS
10
-1.2913946062992125
20
3.6393890157480313
11
-1.2914112204724408
21
3.6394292125984253
0
LINE
8
BLACK
6
CONTINUOUS
10
-1.2914112204724408
20
3.6394292125984253
11
-1.2914325984251969
21
3.6396462598425194
0
LINE
8
BLACK
6
CONTINUOUS
10
-1.2914325984251969
20
3.6396462598425194
11
-1.2914644488188975
21
3.6398617322834643
0
LINE
8
BLACK
6
CONTINUOUS
10
-1.2914644488188975
20
3.6398617322834643
11
-1.2914580708661416
21
3.6399047637795277
0
LINE
8
BLACK
6
CONTINUOUS
10
-1.2914580708661416
20
3.6399047637795277
11
-1.2914679527559054
21
3.6400052755905512
0
LINE
8
BLACK
6
CONTINUOUS
10
-1.2914679527559054
20
3.6400052755905512
11
-1.2914679527559054
21
3.649379094488189
0
LINE
8
BLACK
6
CONTINUOUS
10
-1.2914679527559054
20
3.649379094488189
11
-1.2914580708661416
21
3.6494796456692913
0
LINE
8
BLACK
6
CONTINUOUS
10
-1.2914580708661416
20
3.6494796456692913
11
-1.2914644488188975
21
3.6495226377952754
0
LINE
8
BLACK
6
CONTINUOUS
10
-1.2914644488188975
20
3.6495226377952754
11
-1.2914325984251969
21
3.6497381496062991
0
LINE
8
BLACK
6
CONTINUOUS
10
-1.2914325984251969
20
3.6497381496062991
11
-1.2914112204724408
21
3.6499551574803148
0
LINE
8
BLACK
6
CONTINUOUS
10
-1.2914112204724408
20
3.6499551574803148
11
-1.2913946062992125
21
3.6499953937007872
0
LINE
8
BLACK
6
CONTINUOUS
10
-1.2913946062992125
20
3.6499953937007872
11
-1.2913798031496062
21
3.6500952362204724
0
LINE
8
BLACK
6
CONTINUOUS
10
-1.2913798031496062
20
3.6500952362204724
11
-1.2895050393700787
21
3.6575942913385826
0
LINE
8
BLACK
6
CONTINUOUS
10
-1.2895050393700787
20
3.6575942913385826
11
-1.2894898818897638
21
3.6576368110236221
0
LINE
8
BLACK
6
CONTINUOUS
10
-1.2894898818897638
20
3.6576368110236221
11
-1.2894883464566929
21
3.6576580314960627
0
LINE
8
BLACK
6
CONTINUOUS
10
-1.2894883464566929
20
3.6576580314960627
11
-1.2893967322834645
21
3.6578974803149604
0
LINE
8
BLACK
6
CONTINUOUS
10
-1.2893967322834645
20
3.6578974803149604
11
-1.2893102755905512
21
3.6581394094488187
0
LINE
8
BLACK
6
CONTINUOUS
10
-1.2893102755905512
20
3.6581394094488187
11
-1.2892975984251969
21
3.6581565748031495
0
LINE
8
BLACK
6
CONTINUOUS
10
-1.2892975984251969
20
3.6581565748031495
11
-1.2892814566929134
21
3.6581986614173228
0
LINE
8
BLACK
6
CONTINUOUS
10
-1.2892814566929134
20
3.6581986614173228
11
-1.2874066929133858
21
3.6619481889763779
0
LINE
8
BLACK
6
CONTINUOUS
10
-1.2874066929133858
20
3.6619481889763779
11
-1.2872506299212598
21
3.662196220472441
0
LINE
8
BLACK
6
CONTINUOUS
10
-1.2872506299212598
20
3.662196220472441
11
-1.2872207874015749
21
3.662268149606299
0
LINE
8
BLACK
6
CONTINUOUS
10
-1.2872207874015749
20
3.662268149606299
11
-1.2871543307086615
21
3.6623491338582674
0
LINE
8
BLACK
6
CONTINUOUS
10
-1.2871543307086615
20
3.6623491338582674
11
-1.287098346456693
21
3.6624380708661417
0
LINE
8
BLACK
6
CONTINUOUS
10
-1.287098346456693
20
3.6624380708661417
11
-1.2870393700787401
21
3.6624892519685037
0
LINE
8
BLACK
6
CONTINUOUS
10
-1.2870393700787401
20
3.6624892519685037
11
-1.2868535826771654
21
3.6627155905511812
0
LINE
8
BLACK
6
CONTINUOUS
10
-1.2868535826771654
20
3.6627155905511812
11
-1.2849788188976379
21
3.6645903543307088
0
LINE
8
BLACK
6
CONTINUOUS
10
-1.2849788188976379
20
3.6645903543307088
11
-1.2847524803149606
21
3.6647761417322835
0
LINE
8
BLACK
6
CONTINUOUS
10
-1.2847524803149606
20
3.6647761417322835
11
-1.2847012992125983
21
3.6648351181102363
0
LINE
8
BLACK
6
CONTINUOUS
10
-1.2847012992125983
20
3.6648351181102363
11
-1.2846123622047243
21
3.6648911023622048
0
LINE
8
BLACK
6
CONTINUOUS
10
-1.2846123622047243
20
3.6648911023622048
11
-1.2845313779527558
21
3.664957559055118
0
LINE
8
BLACK
6
CONTINUOUS
10
-1.2845313779527558
20
3.664957559055118
11
-1.2844594488188976
21
3.6649874015748032
0
LINE
8
BLACK
6
CONTINUOUS
10
-1.2844594488188976
20
3.6649874015748032
11
-1.2842114173228347
21
3.665143464566929
0
LINE
8
BLACK
6
CONTINUOUS
10
-1.2842114173228347
20
3.665143464566929
11
-1.2804618897637794
21
3.6670182283464565
0
LINE
8
BLACK
6
CONTINUOUS
10
-1.2804618897637794
20
3.6670182283464565
11
-1.2799212992125983
21
3.667225118110236
0
LINE
8
BLACK
6
CONTINUOUS
10
-1.2799212992125983
20
3.667225118110236
11
-1.2798154330708662
21
3.6672326771653543
0
LINE
8
BLACK
6
CONTINUOUS
10
-1.2798154330708662
20
3.6672326771653543
11
-1.2797174409448819
21
3.6672732283464566
0
LINE
8
BLACK
6
CONTINUOUS
10
-1.2797174409448819
20
3.6672732283464566
11
-1.2791413779527558
21
3.667329960629921
0
LINE
8
BLACK
6
CONTINUOUS
10
-1.2791413779527558
20
3.667329960629921
11
-1.2753918503937007
21
3.667329960629921
0
LINE
8
BLACK
6
CONTINUOUS
10
-1.2753918503937007
20
3.667329960629921
11
-1.2748157874015749
21
3.6672732283464566
0
LINE
8
BLACK
6
CONTINUOUS
10
-1.2811418110236221
20
3.6600757086614171
11
-1.2823389370078739
21
3.6588785826771653
0
LINE
8
BLACK
6
CONTINUOUS
10
-1.2823389370078739
20
3.6588785826771653
11
-1.2838544488188977
21
3.6558475984251966
0
LINE
8
BLACK
6
CONTINUOUS
10
-1.2838544488188977
20
3.6558475984251966
11
-1.2855624409448818
21
3.6490155511811024
0
LINE
8
BLACK
6
CONTINUOUS
10
-1.2855624409448818
20
3.6490155511811024
11
-1.2855624409448818
21
3.6403688188976377
0
LINE
8
BLACK
6
CONTINUOUS
10
-1.2855624409448818
20
3.6403688188976377
11
-1.2838544488188977
21
3.6335367716535432
0
LINE
8
BLACK
6
CONTINUOUS
10
-1.2838544488188977
20
3.6335367716535432
11
-1.2823389370078739
21
3.6305057874015749
0
LINE
8
BLACK
6
CONTINUOUS
10
-1.2823389370078739
20
3.6305057874015749
11
-1.2811418110236221
21
3.6293086220472439
0
LINE
8
BLACK
6
CONTINUOUS
10
-1.2811418110236221
20
3.6293086220472439
11
-1.2784443307086615
21
3.6279598818897636
0
LINE
8
BLACK
6
CONTINUOUS
10
-1.2784443307086615
20
3.6279598818897636
11
-1.2760888976377953
21
3.6279598818897636
0
LINE
8
BLACK
6
CONTINUOUS
10
-1.2760888976377953
20
3.6279598818897636
11
-1.2733914566929134
21
3.6293086220472439
0
LINE
8
BLACK
6
CONTINUOUS
10
-1.2733914566929134
20
3.6293086220472439
11
-1.2721943307086614
21
3.6305057874015749
0
LINE
8
BLACK
6
CONTINUOUS
10
-1.2721943307086614
20
3.6305057874015749
11
-1.2706788188976377
21
3.6335367716535432
0
LINE
8
BLACK
6
CONTINUOUS
10
-1.2706788188976377
20
3.6335367716535432
11
-1.2689707874015748
21
3.6403688188976377
0
LINE
8
BLACK
6
CONTINUOUS
10
-1.2689707874015748
20
3.6403688188976377
11
-1.2689707874015748
21
3.6490155511811024
0
LINE
8
BLACK
6
CONTINUOUS
10
-1.2689707874015748
20
3.6490155511811024
11
-1.2706788188976377
21
3.6558475984251966
0
LINE
8
BLACK
6
CONTINUOUS
10
-1.2706788188976377
20
3.6558475984251966
11
-1.2721942913385826
21
3.6588785826771653
0
LINE
8
BLACK
6
CONTINUOUS
10
-1.2721942913385826
20
3.6588785826771653
11
-1.2733914173228347
21
3.6600757086614171
0
LINE
8
BLACK
6
CONTINUOUS
10
-1.2733914173228347
20
3.6600757086614171
11
-1.2760888976377953
21
3.6614244488188974
0
LINE
8
BLACK
6
CONTINUOUS
10
-1.2760888976377953
20
3.6614244488188974
11
-1.2784443307086615
21
3.6614244488188974
0
LINE
8
BLACK
6
CONTINUOUS
10
-1.2784443307086615
20
3.6614244488188974
11
-1.2811418110236221
21
3.6600757086614171
0
LINE
8
BLACK
6
CONTINUOUS
10
-1.2354457086614172
20
3.6672732283464566
11
-1.235347716535433
21
3.6672326377952755
0
LINE
8
BLACK
6
CONTINUOUS
10
-1.235347716535433
20
3.6672326377952755
11
-1.2352418897637796
21
3.667225118110236
0
LINE
8
BLACK
6
CONTINUOUS
10
-1.2352418897637796
20
3.667225118110236
11
-1.2347012598425195
21
3.6670182283464565
0
LINE
8
BLACK
6
CONTINUOUS
10
-1.2347012598425195
20
3.6670182283464565
11
-1.2309517322834644
21
3.665143464566929
0
LINE
8
BLACK
6
CONTINUOUS
10
-1.2309517322834644
20
3.665143464566929
11
-1.2307037401574803
21
3.6649874015748032
0
LINE
8
BLACK
6
CONTINUOUS
10
-1.2307037401574803
20
3.6649874015748032
11
-1.2306317716535433
21
3.664957559055118
0
LINE
8
BLACK
6
CONTINUOUS
10
-1.2306317716535433
20
3.664957559055118
11
-1.2305508267716536
21
3.6648911023622048
0
LINE
8
BLACK
6
CONTINUOUS
10
-1.2305508267716536
20
3.6648911023622048
11
-1.2304618503937008
21
3.6648351181102363
0
LINE
8
BLACK
6
CONTINUOUS
10
-1.2304618503937008
20
3.6648351181102363
11
-1.2304107086614173
21
3.6647761417322835
0
LINE
8
BLACK
6
CONTINUOUS
10
-1.2304107086614173
20
3.6647761417322835
11
-1.2301843307086613
21
3.6645903543307088
0
LINE
8
BLACK
6
CONTINUOUS
10
-1.2301843307086613
20
3.6645903543307088
11
-1.2283095669291337
21
3.6627155905511812
0
LINE
8
BLACK
6
CONTINUOUS
10
-1.2283095669291337
20
3.6627155905511812
11
-1.2281238188976378
21
3.6624892519685037
0
LINE
8
BLACK
6
CONTINUOUS
10
-1.2281238188976378
20
3.6624892519685037
11
-1.2280648031496062
21
3.6624380708661417
0
LINE
8
BLACK
6
CONTINUOUS
10
-1.2280648031496062
20
3.6624380708661417
11
-1.2280088582677164
21
3.6623491338582674
0
LINE
8
BLACK
6
CONTINUOUS
10
-1.2280088582677164
20
3.6623491338582674
11
-1.2279423622047243
21
3.662268149606299
0
LINE
8
BLACK
6
CONTINUOUS
10
-1.2279423622047243
20
3.662268149606299
11
-1.2279125590551181
21
3.662196220472441
0
LINE
8
BLACK
6
CONTINUOUS
10
-1.2279125590551181
20
3.662196220472441
11
-1.2277564566929133
21
3.6619481889763779
0
LINE
8
BLACK
6
CONTINUOUS
10
-1.2277564566929133
20
3.6619481889763779
11
-1.2258816929133858
21
3.6581986614173228
0
LINE
8
BLACK
6
CONTINUOUS
10
-1.2258816929133858
20
3.6581986614173228
11
-1.2256748031496063
21
3.6576580708661415
0
LINE
8
BLACK
6
CONTINUOUS
10
-1.2256748031496063
20
3.6576580708661415
11
-1.225667283464567
21
3.6575522047244093
0
LINE
8
BLACK
6
CONTINUOUS
10
-1.225667283464567
20
3.6575522047244093
11
-1.2256266929133859
21
3.6574542125984251
0
LINE
8
BLACK
6
CONTINUOUS
10
-1.2256266929133859
20
3.6574542125984251
11
-1.2255699606299213
21
3.6568781496062992
0
LINE
8
BLACK
6
CONTINUOUS
10
-1.2255699606299213
20
3.6568781496062992
11
-1.2255699606299213
21
3.6418800393700788
0
LINE
8
BLACK
6
CONTINUOUS
10
-1.2255699606299213
20
3.6418800393700788
11
-1.2255798818897639
21
3.6417795275590552
0
LINE
8
BLACK
6
CONTINUOUS
10
-1.2255798818897639
20
3.6417795275590552
11
-1.2255734645669292
21
3.6417364960629919
0
LINE
8
BLACK
6
CONTINUOUS
10
-1.2255734645669292
20
3.6417364960629919
11
-1.2256053543307086
21
3.641521023622047
0
LINE
8
BLACK
6
CONTINUOUS
10
-1.2256053543307086
20
3.641521023622047
11
-1.2256266929133859
21
3.6413039763779529
0
LINE
8
BLACK
6
CONTINUOUS
10
-1.2256266929133859
20
3.6413039763779529
11
-1.2256433464566929
21
3.6412637795275589
0
LINE
8
BLACK
6
CONTINUOUS
10
-1.2256433464566929
20
3.6412637795275589
11
-1.2256581102362205
21
3.6411638976377954
0
LINE
8
BLACK
6
CONTINUOUS
10
-1.2256581102362205
20
3.6411638976377954
11
-1.2275328740157481
21
3.6336648425196851
0
LINE
8
BLACK
6
CONTINUOUS
10
-1.2275328740157481
20
3.6336648425196851
11
-1.2276542125984251
21
3.6333253543307085
0
LINE
8
BLACK
6
CONTINUOUS
10
-1.2276542125984251
20
3.6333253543307085
11
-1.2276683070866141
21
3.633253897637795
0
LINE
8
BLACK
6
CONTINUOUS
10
-1.2276683070866141
20
3.633253897637795
11
-1.2277028740157481
21
3.6331891338582678
0
LINE
8
BLACK
6
CONTINUOUS
10
-1.2277028740157481
20
3.6331891338582678
11
-1.2277276377952755
21
3.6331197244094486
0
LINE
8
BLACK
6
CONTINUOUS
10
-1.2277276377952755
20
3.6331197244094486
11
-1.2277711811023622
21
3.6330610236220471
0
LINE
8
BLACK
6
CONTINUOUS
10
-1.2277711811023622
20
3.6330610236220471
11
-1.2279406299212599
21
3.6327431102362202
0
LINE
8
BLACK
6
CONTINUOUS
10
-1.2279406299212599
20
3.6327431102362202
11
-1.231690157480315
21
3.6271187795275588
0
LINE
8
BLACK
6
CONTINUOUS
10
-1.231690157480315
20
3.6271187795275588
11
-1.2316914960629921
21
3.6271172047244096
0
LINE
8
BLACK
6
CONTINUOUS
10
-1.2316914960629921
20
3.6271172047244096
11
-1.2316918503937007
21
3.6271162598425195
0
LINE
8
BLACK
6
CONTINUOUS
10
-1.2316918503937007
20
3.6271162598425195
11
-1.2318703543307086
21
3.6268987795275591
0
LINE
8
BLACK
6
CONTINUOUS
10
-1.2318703543307086
20
3.6268987795275591
11
-1.2320569291338583
21
3.6266709448818899
0
LINE
8
BLACK
6
CONTINUOUS
10
-1.2320569291338583
20
3.6266709448818899
11
-1.2320577952755905
21
3.6266703937007874
0
LINE
8
BLACK
6
CONTINUOUS
10
-1.2320577952755905
20
3.6266703937007874
11
-1.2320590944881888
21
3.626668779527559
0
LINE
8
BLACK
6
CONTINUOUS
10
-1.2320590944881888
20
3.626668779527559
11
-1.2339338188976379
21
3.6247940157480314
0
LINE
8
BLACK
6
CONTINUOUS
10
-1.2339338188976379
20
3.6247940157480314
11
-1.2341601968503937
21
3.6246082677165354
0
LINE
8
BLACK
6
CONTINUOUS
10
-1.2341601968503937
20
3.6246082677165354
11
-1.2342113779527559
21
3.6245492125984251
0
LINE
8
BLACK
6
CONTINUOUS
10
-1.2342113779527559
20
3.6245492125984251
11
-1.2343003543307087
21
3.6244932283464566
0
LINE
8
BLACK
6
CONTINUOUS
10
-1.2343003543307087
20
3.6244932283464566
11
-1.2343812992125984
21
3.6244267716535434
0
LINE
8
BLACK
6
CONTINUOUS
10
-1.2343812992125984
20
3.6244267716535434
11
-1.2344532677165354
21
3.624396968503937
0
LINE
8
BLACK
6
CONTINUOUS
10
-1.2344532677165354
20
3.624396968503937
11
-1.2347012598425195
21
3.624240866141732
0
LINE
8
BLACK
6
CONTINUOUS
10
-1.2347012598425195
20
3.624240866141732
11
-1.2384507874015749
21
3.6223661023622045
0
LINE
8
BLACK
6
CONTINUOUS
10
-1.2384507874015749
20
3.6223661023622045
11
-1.2389914173228347
21
3.622159212598425
0
LINE
8
BLACK
6
CONTINUOUS
10
-1.2389914173228347
20
3.622159212598425
11
-1.2390972440944881
21
3.6221517322834647
0
LINE
8
BLACK
6
CONTINUOUS
10
-1.2390972440944881
20
3.6221517322834647
11
-1.2391952362204723
21
3.6221111023622048
0
LINE
8
BLACK
6
CONTINUOUS
10
-1.2391952362204723
20
3.6221111023622048
11
-1.2397712992125984
21
3.62205437007874
0
LINE
8
BLACK
6
CONTINUOUS
10
-1.2397712992125984
20
3.62205437007874
11
-1.2472703543307087
21
3.62205437007874
0
LINE
8
BLACK
6
CONTINUOUS
10
-1.2472703543307087
20
3.62205437007874
11
-1.2478464173228345
21
3.6221111023622048
0
LINE
8
BLACK
6
CONTINUOUS
10
-1.2478464173228345
20
3.6221111023622048
11
-1.2489108267716535
21
3.6225520078740159
0
LINE
8
BLACK
6
CONTINUOUS
10
-1.2489108267716535
20
3.6225520078740159
11
-1.2497254724409448
21
3.6233666535433069
0
LINE
8
BLACK
6
CONTINUOUS
10
-1.2497254724409448
20
3.6233666535433069
11
-1.2501663779527559
21
3.6244310629921257
0
LINE
8
BLACK
6
CONTINUOUS
10
-1.2501663779527559
20
3.6244310629921257
11
-1.2501663779527559
21
3.6255831889763779
0
LINE
8
BLACK
6
CONTINUOUS
10
-1.2501663779527559
20
3.6255831889763779
11
-1.2497254724409448
21
3.6266475984251967
0
LINE
8
BLACK
6
CONTINUOUS
10
-1.2497254724409448
20
3.6266475984251967
11
-1.2489108267716535
21
3.6274622440944881
0
LINE
8
BLACK
6
CONTINUOUS
10
-1.2489108267716535
20
3.6274622440944881
11
-1.2478464173228345
21
3.6279031496062992
0
LINE
8
BLACK
6
CONTINUOUS
10
-1.2478464173228345
20
3.6279031496062992
11
-1.2472703543307087
21
3.6279598818897636
0
LINE
8
BLACK
6
CONTINUOUS
10
-1.2472703543307087
20
3.6279598818897636
11
-1.2404683464566928
21
3.6279598818897636
0
LINE
8
BLACK
6
CONTINUOUS
10
-1.2404683464566928
20
3.6279598818897636
11
-1.2377709055118109
21
3.6293086220472439
0
LINE
8
BLACK
6
CONTINUOUS
10
-1.2377709055118109
20
3.6293086220472439
11
-1.2364417716535432
21
3.6306377952755904
0
LINE
8
BLACK
6
CONTINUOUS
10
-1.2364417716535432
20
3.6306377952755904
11
-1.2331380314960629
21
3.6355933464566927
0
LINE
8
BLACK
6
CONTINUOUS
10
-1.2331380314960629
20
3.6355933464566927
11
-1.2324087401574804
21
3.6385105118110235
0
LINE
8
BLACK
6
CONTINUOUS
10
-1.2324087401574804
20
3.6385105118110235
11
-1.2347012598425195
21
3.6373642519685037
0
LINE
8
BLACK
6
CONTINUOUS
10
-1.2347012598425195
20
3.6373642519685037
11
-1.2352418897637796
21
3.6371573622047242
0
LINE
8
BLACK
6
CONTINUOUS
10
-1.2352418897637796
20
3.6371573622047242
11
-1.235347716535433
21
3.6371498818897638
0
LINE
8
BLACK
6
CONTINUOUS
10
-1.235347716535433
20
3.6371498818897638
11
-1.2354457086614172
21
3.637109251968504
0
LINE
8
BLACK
6
CONTINUOUS
10
-1.2354457086614172
20
3.637109251968504
11
-1.2360217716535433
21
3.6370525196850392
0
LINE
8
BLACK
6
CONTINUOUS
10
-1.2360217716535433
20
3.6370525196850392
11
-1.2435208267716535
21
3.6370525196850392
0
LINE
8
BLACK
6
CONTINUOUS
10
-1.2435208267716535
20
3.6370525196850392
11
-1.2440968897637794
21
3.637109251968504
0
LINE
8
BLACK
6
CONTINUOUS
10
-1.2440968897637794
20
3.637109251968504
11
-1.2441948818897637
21
3.6371498425196851
0
LINE
8
BLACK
6
CONTINUOUS
10
-1.2441948818897637
20
3.6371498425196851
11
-1.244300748031496
21
3.6371573622047242
0
LINE
8
BLACK
6
CONTINUOUS
10
-1.244300748031496
20
3.6371573622047242
11
-1.2448413385826771
21
3.6373642519685037
0
LINE
8
BLACK
6
CONTINUOUS
10
-1.2448413385826771
20
3.6373642519685037
11
-1.2485908661417322
21
3.6392390157480312
0
LINE
8
BLACK
6
CONTINUOUS
10
-1.2485908661417322
20
3.6392390157480312
11
-1.2488388976377953
21
3.6393951181102362
0
LINE
8
BLACK
6
CONTINUOUS
10
-1.2488388976377953
20
3.6393951181102362
11
-1.2489108267716535
21
3.6394249212598426
0
LINE
8
BLACK
6
CONTINUOUS
10
-1.2489108267716535
20
3.6394249212598426
11
-1.248991811023622
21
3.6394914173228345
0
LINE
8
BLACK
6
CONTINUOUS
10
-1.248991811023622
20
3.6394914173228345
11
-1.249080748031496
21
3.6395473622047243
0
LINE
8
BLACK
6
CONTINUOUS
10
-1.249080748031496
20
3.6395473622047243
11
-1.2491319291338583
21
3.6396063779527559
0
LINE
8
BLACK
6
CONTINUOUS
10
-1.2491319291338583
20
3.6396063779527559
11
-1.2493582677165354
21
3.6397921259842518
0
LINE
8
BLACK
6
CONTINUOUS
10
-1.2493582677165354
20
3.6397921259842518
11
-1.2512330314960629
21
3.6416668897637794
0
LINE
8
BLACK
6
CONTINUOUS
10
-1.2512330314960629
20
3.6416668897637794
11
-1.2514188188976378
21
3.6418932677165352
0
LINE
8
BLACK
6
CONTINUOUS
10
-1.2514188188976378
20
3.6418932677165352
11
-1.2514777952755904
21
3.6419444094488189
0
LINE
8
BLACK
6
CONTINUOUS
10
-1.2514777952755904
20
3.6419444094488189
11
-1.251533779527559
21
3.6420333858267715
0
LINE
8
BLACK
6
CONTINUOUS
10
-1.251533779527559
20
3.6420333858267715
11
-1.2516002362204723
21
3.6421143307086612
0
LINE
8
BLACK
6
CONTINUOUS
10
-1.2516002362204723
20
3.6421143307086612
11
-1.2516300787401575
21
3.6421862992125984
0
LINE
8
BLACK
6
CONTINUOUS
10
-1.2516300787401575
20
3.6421862992125984
11
-1.2517861417322835
21
3.6424342913385828
0
LINE
8
BLACK
6
CONTINUOUS
10
-1.2517861417322835
20
3.6424342913385828
11
-1.2536609055118111
21
3.6461838188976379
0
LINE
8
BLACK
6
CONTINUOUS
10
-1.2536609055118111
20
3.6461838188976379
11
-1.2538677952755906
21
3.6467244488188975
0
LINE
8
BLACK
6
CONTINUOUS
10
-1.2538677952755906
20
3.6467244488188975
11
-1.2538753149606299
21
3.6468302755905513
0
LINE
8
BLACK
6
CONTINUOUS
10
-1.2538753149606299
20
3.6468302755905513
11
-1.253915905511811
21
3.6469282677165356
0
LINE
8
BLACK
6
CONTINUOUS
10
-1.253915905511811
20
3.6469282677165356
11
-1.2539726377952756
21
3.6475043307086614
0
LINE
8
BLACK
6
CONTINUOUS
10
-1.2539726377952756
20
3.6475043307086614
11
-1.2539726377952756
21
3.6568781496062992
0
LINE
8
BLACK
6
CONTINUOUS
10
-1.2539726377952756
20
3.6568781496062992
11
-1.253915905511811
21
3.6574542125984251
0
LINE
8
BLACK
6
CONTINUOUS
10
-1.253915905511811
20
3.6574542125984251
11
-1.2538753149606299
21
3.6575522440944881
0
LINE
8
BLACK
6
CONTINUOUS
10
-1.2538753149606299
20
3.6575522440944881
11
-1.2538677952755906
21
3.6576580314960627
0
LINE
8
BLACK
6
CONTINUOUS
10
-1.2538677952755906
20
3.6576580314960627
11
-1.2536609055118111
21
3.6581986614173228
0
LINE
8
BLACK
6
CONTINUOUS
10
-1.2536609055118111
20
3.6581986614173228
11
-1.2517861417322835
21
3.6619481889763779
0
LINE
8
BLACK
6
CONTINUOUS
10
-1.2517861417322835
20
3.6619481889763779
11
-1.2516300787401575
21
3.662196220472441
0
LINE
8
BLACK
6
CONTINUOUS
10
-1.2516300787401575
20
3.662196220472441
11
-1.2516002362204723
21
3.662268149606299
0
LINE
8
BLACK
6
CONTINUOUS
10
-1.2516002362204723
20
3.662268149606299
11
-1.251533779527559
21
3.6623491338582674
0
LINE
8
BLACK
6
CONTINUOUS
10
-1.251533779527559
20
3.6623491338582674
11
-1.2514777952755904
21
3.6624380708661417
0
LINE
8
BLACK
6
CONTINUOUS
10
-1.2514777952755904
20
3.6624380708661417
11
-1.2514188188976378
21
3.6624892519685037
0
LINE
8
BLACK
6
CONTINUOUS
10
-1.2514188188976378
20
3.6624892519685037
11
-1.2512330314960629
21
3.6627155905511812
0
LINE
8
BLACK
6
CONTINUOUS
10
-1.2512330314960629
20
3.6627155905511812
11
-1.2493582677165354
21
3.6645903543307088
0
LINE
8
BLACK
6
CONTINUOUS
10
-1.2493582677165354
20
3.6645903543307088
11
-1.2491319291338583
21
3.6647761417322835
0
LINE
8
BLACK
6
CONTINUOUS
10
-1.2491319291338583
20
3.6647761417322835
11
-1.249080748031496
21
3.6648351181102363
0
LINE
8
BLACK
6
CONTINUOUS
10
-1.249080748031496
20
3.6648351181102363
11
-1.248991811023622
21
3.6648911023622048
0
LINE
8
BLACK
6
CONTINUOUS
10
-1.248991811023622
20
3.6648911023622048
11
-1.2489108267716535
21
3.664957559055118
0
LINE
8
BLACK
6
CONTINUOUS
10
-1.2489108267716535
20
3.664957559055118
11
-1.2488388976377953
21
3.6649874015748032
0
LINE
8
BLACK
6
CONTINUOUS
10
-1.2488388976377953
20
3.6649874015748032
11
-1.2485908661417322
21
3.665143464566929
0
LINE
8
BLACK
6
CONTINUOUS
10
-1.2485908661417322
20
3.665143464566929
11
-1.2448413385826771
21
3.6670182283464565
0
LINE
8
BLACK
6
CONTINUOUS
10
-1.2448413385826771
20
3.6670182283464565
11
-1.244300748031496
21
3.667225118110236
0
LINE
8
BLACK
6
CONTINUOUS
10
-1.244300748031496
20
3.667225118110236
11
-1.2441948818897637
21
3.6672326771653543
0
LINE
8
BLACK
6
CONTINUOUS
10
-1.2441948818897637
20
3.6672326771653543
11
-1.2440968897637794
21
3.6672732283464566
0
LINE
8
BLACK
6
CONTINUOUS
10
-1.2440968897637794
20
3.6672732283464566
11
-1.2435208267716535
21
3.667329960629921
0
LINE
8
BLACK
6
CONTINUOUS
10
-1.2435208267716535
20
3.667329960629921
11
-1.2360217716535433
21
3.667329960629921
0
LINE
8
BLACK
6
CONTINUOUS
10
-1.2360217716535433
20
3.667329960629921
11
-1.2354457086614172
21
3.6672732283464566
0
LINE
8
BLACK
6
CONTINUOUS
10
-1.2455212598425196
20
3.6600757086614171
11
-1.2467183858267716
21
3.6588785826771653
0
LINE
8
BLACK
6
CONTINUOUS
10
-1.2467183858267716
20
3.6588785826771653
11
-1.248067125984252
21
3.6561811023622046
0
LINE
8
BLACK
6
CONTINUOUS
10
-1.248067125984252
20
3.6561811023622046
11
-1.248067125984252
21
3.648201377952756
0
LINE
8
BLACK
6
CONTINUOUS
10
-1.248067125984252
20
3.648201377952756
11
-1.2467183858267716
21
3.6455038976377954
0
LINE
8
BLACK
6
CONTINUOUS
10
-1.2467183858267716
20
3.6455038976377954
11
-1.2455212598425196
21
3.6443067716535431
0
LINE
8
BLACK
6
CONTINUOUS
10
-1.2455212598425196
20
3.6443067716535431
11
-1.242823779527559
21
3.6429580314960628
0
LINE
8
BLACK
6
CONTINUOUS
10
-1.242823779527559
20
3.6429580314960628
11
-1.2367188188976377
21
3.6429580314960628
0
LINE
8
BLACK
6
CONTINUOUS
10
-1.2367188188976377
20
3.6429580314960628
11
-1.234021338582677
21
3.6443067716535431
0
LINE
8
BLACK
6
CONTINUOUS
10
-1.234021338582677
20
3.6443067716535431
11
-1.2328242125984252
21
3.6455038976377954
0
LINE
8
BLACK
6
CONTINUOUS
10
-1.2328242125984252
20
3.6455038976377954
11
-1.2314754724409449
21
3.648201377952756
0
LINE
8
BLACK
6
CONTINUOUS
10
-1.2314754724409449
20
3.648201377952756
11
-1.2314754724409449
21
3.6561811023622046
0
LINE
8
BLACK
6
CONTINUOUS
10
-1.2314754724409449
20
3.6561811023622046
11
-1.2328242125984252
21
3.6588785826771653
0
LINE
8
BLACK
6
CONTINUOUS
10
-1.2328242125984252
20
3.6588785826771653
11
-1.234021338582677
21
3.6600757086614171
0
LINE
8
BLACK
6
CONTINUOUS
10
-1.234021338582677
20
3.6600757086614171
11
-1.2367188188976377
21
3.6614244488188974
0
LINE
8
BLACK
6
CONTINUOUS
10
-1.2367188188976377
20
3.6614244488188974
11
-1.242823779527559
21
3.6614244488188974
0
LINE
8
BLACK
6
CONTINUOUS
10
-1.242823779527559
20
3.6614244488188974
11
-1.2455212598425196
21
3.6600757086614171
0
LINE
8
BLACK
6
CONTINUOUS
10
-1.1623298425196851
20
3.6672732283464566
11
-1.1622318503937008
21
3.6672326377952755
0
LINE
8
BLACK
6
CONTINUOUS
10
-1.1622318503937008
20
3.6672326377952755
11
-1.1621260236220472
21
3.667225118110236
0
LINE
8
BLACK
6
CONTINUOUS
10
-1.1621260236220472
20
3.667225118110236
11
-1.1615853937007874
21
3.6670182283464565
0
LINE
8
BLACK
6
CONTINUOUS
10
-1.1615853937007874
20
3.6670182283464565
11
-1.1578358661417323
21
3.665143464566929
0
LINE
8
BLACK
6
CONTINUOUS
10
-1.1578358661417323
20
3.665143464566929
11
-1.1575878740157479
21
3.6649874015748032
0
LINE
8
BLACK
6
CONTINUOUS
10
-1.1575878740157479
20
3.6649874015748032
11
-1.1575159055118109
21
3.664957559055118
0
LINE
8
BLACK
6
CONTINUOUS
10
-1.1575159055118109
20
3.664957559055118
11
-1.1574349606299212
21
3.6648911023622048
0
LINE
8
BLACK
6
CONTINUOUS
10
-1.1574349606299212
20
3.6648911023622048
11
-1.1573459842519684
21
3.6648351181102363
0
LINE
8
BLACK
6
CONTINUOUS
10
-1.1573459842519684
20
3.6648351181102363
11
-1.157294842519685
21
3.6647761417322835
0
LINE
8
BLACK
6
CONTINUOUS
10
-1.157294842519685
20
3.6647761417322835
11
-1.1570684645669291
21
3.6645903543307088
0
LINE
8
BLACK
6
CONTINUOUS
10
-1.1570684645669291
20
3.6645903543307088
11
-1.1551937007874016
21
3.6627155905511812
0
LINE
8
BLACK
6
CONTINUOUS
10
-1.1551937007874016
20
3.6627155905511812
11
-1.1550079527559054
21
3.6624892519685037
0
LINE
8
BLACK
6
CONTINUOUS
10
-1.1550079527559054
20
3.6624892519685037
11
-1.154948937007874
21
3.6624380708661417
0
LINE
8
BLACK
6
CONTINUOUS
10
-1.154948937007874
20
3.6624380708661417
11
-1.1548929921259843
21
3.6623491338582674
0
LINE
8
BLACK
6
CONTINUOUS
10
-1.1548929921259843
20
3.6623491338582674
11
-1.1548264960629921
21
3.662268149606299
0
LINE
8
BLACK
6
CONTINUOUS
10
-1.1548264960629921
20
3.662268149606299
11
-1.1547966929133857
21
3.662196220472441
0
LINE
8
BLACK
6
CONTINUOUS
10
-1.1547966929133857
20
3.662196220472441
11
-1.1546405905511812
21
3.6619481889763779
0
LINE
8
BLACK
6
CONTINUOUS
10
-1.1546405905511812
20
3.6619481889763779
11
-1.1527658267716536
21
3.6581986614173228
0
LINE
8
BLACK
6
CONTINUOUS
10
-1.1527658267716536
20
3.6581986614173228
11
-1.1527497244094489
21
3.6581565748031495
0
LINE
8
BLACK
6
CONTINUOUS
10
-1.1527497244094489
20
3.6581565748031495
11
-1.1527370078740158
21
3.6581394094488187
0
LINE
8
BLACK
6
CONTINUOUS
10
-1.1527370078740158
20
3.6581394094488187
11
-1.1526507086614173
21
3.6578978346456692
0
LINE
8
BLACK
6
CONTINUOUS
10
-1.1526507086614173
20
3.6578978346456692
11
-1.1525589370078739
21
3.6576580708661415
0
LINE
8
BLACK
6
CONTINUOUS
10
-1.1525589370078739
20
3.6576580708661415
11
-1.1525574409448818
21
3.6576368110236221
0
LINE
8
BLACK
6
CONTINUOUS
10
-1.1525574409448818
20
3.6576368110236221
11
-1.1525422440944881
21
3.6575942913385826
0
LINE
8
BLACK
6
CONTINUOUS
10
-1.1525422440944881
20
3.6575942913385826
11
-1.1506674803149606
21
3.6500952362204724
0
LINE
8
BLACK
6
CONTINUOUS
10
-1.1506674803149606
20
3.6500952362204724
11
-1.150652716535433
21
3.6499953937007872
0
LINE
8
BLACK
6
CONTINUOUS
10
-1.150652716535433
20
3.6499953937007872
11
-1.150636062992126
21
3.6499551574803148
0
LINE
8
BLACK
6
CONTINUOUS
10
-1.150636062992126
20
3.6499551574803148
11
-1.1506147244094489
21
3.6497381496062991
0
LINE
8
BLACK
6
CONTINUOUS
10
-1.1506147244094489
20
3.6497381496062991
11
-1.1505828346456692
21
3.6495226377952754
0
LINE
8
BLACK
6
CONTINUOUS
10
-1.1505828346456692
20
3.6495226377952754
11
-1.1505892519685039
21
3.6494796456692913
0
LINE
8
BLACK
6
CONTINUOUS
10
-1.1505892519685039
20
3.6494796456692913
11
-1.1505793307086614
21
3.649379094488189
0
LINE
8
BLACK
6
CONTINUOUS
10
-1.1505793307086614
20
3.649379094488189
11
-1.1505793307086614
21
3.6400052755905512
0
LINE
8
BLACK
6
CONTINUOUS
10
-1.1505793307086614
20
3.6400052755905512
11
-1.1505892519685039
21
3.6399047637795277
0
LINE
8
BLACK
6
CONTINUOUS
10
-1.1505892519685039
20
3.6399047637795277
11
-1.1505828346456692
21
3.6398617322834643
0
LINE
8
BLACK
6
CONTINUOUS
10
-1.1505828346456692
20
3.6398617322834643
11
-1.1506147244094489
21
3.6396462598425194
0
LINE
8
BLACK
6
CONTINUOUS
10
-1.1506147244094489
20
3.6396462598425194
11
-1.150636062992126
21
3.6394292125984253
0
LINE
8
BLACK
6
CONTINUOUS
10
-1.150636062992126
20
3.6394292125984253
11
-1.150652716535433
21
3.6393890157480313
0
LINE
8
BLACK
6
CONTINUOUS
10
-1.150652716535433
20
3.6393890157480313
11
-1.1506674803149606
21
3.6392891338582678
0
LINE
8
BLACK
6
CONTINUOUS
10
-1.1506674803149606
20
3.6392891338582678
11
-1.1525422440944881
21
3.6317900787401576
0
LINE
8
BLACK
6
CONTINUOUS
10
-1.1525422440944881
20
3.6317900787401576
11
-1.1525574409448818
21
3.6317475984251968
0
LINE
8
BLACK
6
CONTINUOUS
10
-1.1525574409448818
20
3.6317475984251968
11
-1.1525589370078739
21
3.6317262992125983
0
LINE
8
BLACK
6
CONTINUOUS
10
-1.1525589370078739
20
3.6317262992125983
11
-1.1526507086614173
21
3.6314865748031497
0
LINE
8
BLACK
6
CONTINUOUS
10
-1.1526507086614173
20
3.6314865748031497
11
-1.1527370078740158
21
3.6312449606299211
0
LINE
8
BLACK
6
CONTINUOUS
10
-1.1527370078740158
20
3.6312449606299211
11
-1.1527497244094489
21
3.631227834645669
0
LINE
8
BLACK
6
CONTINUOUS
10
-1.1527497244094489
20
3.631227834645669
11
-1.1527658267716536
21
3.6311857086614174
0
LINE
8
BLACK
6
CONTINUOUS
10
-1.1527658267716536
20
3.6311857086614174
11
-1.1546405905511812
21
3.6274361811023623
0
LINE
8
BLACK
6
CONTINUOUS
10
-1.1546405905511812
20
3.6274361811023623
11
-1.154796653543307
21
3.6271883070866142
0
LINE
8
BLACK
6
CONTINUOUS
10
-1.154796653543307
20
3.6271883070866142
11
-1.1548264566929134
21
3.6271162598425195
0
LINE
8
BLACK
6
CONTINUOUS
10
-1.1548264566929134
20
3.6271162598425195
11
-1.1548929921259843
21
3.6270352362204723
0
LINE
8
BLACK
6
CONTINUOUS
10
-1.1548929921259843
20
3.6270352362204723
11
-1.154948937007874
21
3.6269462992125985
0
LINE
8
BLACK
6
CONTINUOUS
10
-1.154948937007874
20
3.6269462992125985
11
-1.1550079527559054
21
3.6268951574803148
0
LINE
8
BLACK
6
CONTINUOUS
10
-1.1550079527559054
20
3.6268951574803148
11
-1.1551937007874016
21
3.626668779527559
0
LINE
8
BLACK
6
CONTINUOUS
10
-1.1551937007874016
20
3.626668779527559
11
-1.1570684251968504
21
3.6247940157480314
0
LINE
8
BLACK
6
CONTINUOUS
10
-1.1570684251968504
20
3.6247940157480314
11
-1.1572948031496062
21
3.6246082677165354
0
LINE
8
BLACK
6
CONTINUOUS
10
-1.1572948031496062
20
3.6246082677165354
11
-1.1573459842519684
21
3.6245492125984251
0
LINE
8
BLACK
6
CONTINUOUS
10
-1.1573459842519684
20
3.6245492125984251
11
-1.1574349606299212
21
3.6244932283464566
0
LINE
8
BLACK
6
CONTINUOUS
10
-1.1574349606299212
20
3.6244932283464566
11
-1.1575159055118109
21
3.6244267716535434
0
LINE
8
BLACK
6
CONTINUOUS
10
-1.1575159055118109
20
3.6244267716535434
11
-1.1575878740157479
21
3.624396968503937
0
LINE
8
BLACK
6
CONTINUOUS
10
-1.1575878740157479
20
3.624396968503937
11
-1.1578358661417323
21
3.624240866141732
0
LINE
8
BLACK
6
CONTINUOUS
10
-1.1578358661417323
20
3.624240866141732
11
-1.1615853937007874
21
3.6223661023622045
0
LINE
8
BLACK
6
CONTINUOUS
10
-1.1615853937007874
20
3.6223661023622045
11
-1.1621260236220472
21
3.622159212598425
0
LINE
8
BLACK
6
CONTINUOUS
10
-1.1621260236220472
20
3.622159212598425
11
-1.1622318503937008
21
3.6221517322834647
0
LINE
8
BLACK
6
CONTINUOUS
10
-1.1622318503937008
20
3.6221517322834647
11
-1.1623298425196851
21
3.6221111023622048
0
LINE
8
BLACK
6
CONTINUOUS
10
-1.1623298425196851
20
3.6221111023622048
11
-1.1629059055118109
21
3.62205437007874
0
LINE
8
BLACK
6
CONTINUOUS
10
-1.1629059055118109
20
3.62205437007874
11
-1.1666554330708661
21
3.62205437007874
0
LINE
8
BLACK
6
CONTINUOUS
10
-1.1666554330708661
20
3.62205437007874
11
-1.1672314960629921
21
3.6221111023622048
0
LINE
8
BLACK
6
CONTINUOUS
10
-1.1672314960629921
20
3.6221111023622048
11
-1.1673294881889764
21
3.6221516929133859
0
LINE
8
BLACK
6
CONTINUOUS
10
-1.1673294881889764
20
3.6221516929133859
11
-1.1674353543307086
21
3.622159212598425
0
LINE
8
BLACK
6
CONTINUOUS
10
-1.1674353543307086
20
3.622159212598425
11
-1.1679759448818898
21
3.6223661023622045
0
LINE
8
BLACK
6
CONTINUOUS
10
-1.1679759448818898
20
3.6223661023622045
11
-1.1717254724409449
21
3.624240866141732
0
LINE
8
BLACK
6
CONTINUOUS
10
-1.1717254724409449
20
3.624240866141732
11
-1.1719735039370078
21
3.624396968503937
0
LINE
8
BLACK
6
CONTINUOUS
10
-1.1719735039370078
20
3.624396968503937
11
-1.1720454330708661
21
3.6244267716535434
0
LINE
8
BLACK
6
CONTINUOUS
10
-1.1720454330708661
20
3.6244267716535434
11
-1.1721264173228345
21
3.6244932283464566
0
LINE
8
BLACK
6
CONTINUOUS
10
-1.1721264173228345
20
3.6244932283464566
11
-1.1722153543307086
21
3.6245492125984251
0
LINE
8
BLACK
6
CONTINUOUS
10
-1.1722153543307086
20
3.6245492125984251
11
-1.1722665748031496
21
3.6246082677165354
0
LINE
8
BLACK
6
CONTINUOUS
10
-1.1722665748031496
20
3.6246082677165354
11
-1.1724929133858268
21
3.6247940157480314
0
LINE
8
BLACK
6
CONTINUOUS
10
-1.1724929133858268
20
3.6247940157480314
11
-1.1743676771653544
21
3.6266688188976377
0
LINE
8
BLACK
6
CONTINUOUS
10
-1.1743676771653544
20
3.6266688188976377
11
-1.1745534251968504
21
3.6268951574803148
0
LINE
8
BLACK
6
CONTINUOUS
10
-1.1745534251968504
20
3.6268951574803148
11
-1.1746124015748032
21
3.6269462992125985
0
LINE
8
BLACK
6
CONTINUOUS
10
-1.1746124015748032
20
3.6269462992125985
11
-1.1746683858267717
21
3.6270352362204723
0
LINE
8
BLACK
6
CONTINUOUS
10
-1.1746683858267717
20
3.6270352362204723
11
-1.1747348818897638
21
3.6271162598425195
0
LINE
8
BLACK
6
CONTINUOUS
10
-1.1747348818897638
20
3.6271162598425195
11
-1.1747647244094488
21
3.6271883070866142
0
LINE
8
BLACK
6
CONTINUOUS
10
-1.1747647244094488
20
3.6271883070866142
11
-1.174920748031496
21
3.6274361811023623
0
LINE
8
BLACK
6
CONTINUOUS
10
-1.174920748031496
20
3.6274361811023623
11
-1.1767955118110236
21
3.6311857086614174
0
LINE
8
BLACK
6
CONTINUOUS
10
-1.1767955118110236
20
3.6311857086614174
11
-1.1768116535433071
21
3.631227834645669
0
LINE
8
BLACK
6
CONTINUOUS
10
-1.1768116535433071
20
3.631227834645669
11
-1.1768243307086614
21
3.6312449606299211
0
LINE
8
BLACK
6
CONTINUOUS
10
-1.1768243307086614
20
3.6312449606299211
11
-1.1769107874015747
21
3.6314869291338581
0
LINE
8
BLACK
6
CONTINUOUS
10
-1.1769107874015747
20
3.6314869291338581
11
-1.1770024015748031
21
3.631726338582677
0
LINE
8
BLACK
6
CONTINUOUS
10
-1.1770024015748031
20
3.631726338582677
11
-1.177003937007874
21
3.6317475984251968
0
LINE
8
BLACK
6
CONTINUOUS
10
-1.177003937007874
20
3.6317475984251968
11
-1.1770190944881889
21
3.6317900787401576
0
LINE
8
BLACK
6
CONTINUOUS
10
-1.1770190944881889
20
3.6317900787401576
11
-1.1788938582677164
21
3.6392891338582678
0
LINE
8
BLACK
6
CONTINUOUS
10
-1.1788938582677164
20
3.6392891338582678
11
-1.1789086614173228
21
3.6393890157480313
0
LINE
8
BLACK
6
CONTINUOUS
10
-1.1789086614173228
20
3.6393890157480313
11
-1.178925275590551
21
3.6394292125984253
0
LINE
8
BLACK
6
CONTINUOUS
10
-1.178925275590551
20
3.6394292125984253
11
-1.1789466535433071
21
3.6396462598425194
0
LINE
8
BLACK
6
CONTINUOUS
10
-1.1789466535433071
20
3.6396462598425194
11
-1.1789785039370078
21
3.6398617322834643
0
LINE
8
BLACK
6
CONTINUOUS
10
-1.1789785039370078
20
3.6398617322834643
11
-1.1789721259842521
21
3.6399047637795277
0
LINE
8
BLACK
6
CONTINUOUS
10
-1.1789721259842521
20
3.6399047637795277
11
-1.1789820078740156
21
3.6400052755905512
0
LINE
8
BLACK
6
CONTINUOUS
10
-1.1789820078740156
20
3.6400052755905512
11
-1.1789820078740156
21
3.649379094488189
0
LINE
8
BLACK
6
CONTINUOUS
10
-1.1789820078740156
20
3.649379094488189
11
-1.1789721259842521
21
3.6494796456692913
0
LINE
8
BLACK
6
CONTINUOUS
10
-1.1789721259842521
20
3.6494796456692913
11
-1.1789785039370078
21
3.6495226377952754
0
LINE
8
BLACK
6
CONTINUOUS
10
-1.1789785039370078
20
3.6495226377952754
11
-1.1789466535433071
21
3.6497381496062991
0
LINE
8
BLACK
6
CONTINUOUS
10
-1.1789466535433071
20
3.6497381496062991
11
-1.178925275590551
21
3.6499551574803148
0
LINE
8
BLACK
6
CONTINUOUS
10
-1.178925275590551
20
3.6499551574803148
11
-1.1789086614173228
21
3.6499953937007872
0
LINE
8
BLACK
6
CONTINUOUS
10
-1.1789086614173228
20
3.6499953937007872
11
-1.1788938582677164
21
3.6500952362204724
0
LINE
8
BLACK
6
CONTINUOUS
10
-1.1788938582677164
20
3.6500952362204724
11
-1.1770190944881889
21
3.6575942913385826
0
LINE
8
BLACK
6
CONTINUOUS
10
-1.1770190944881889
20
3.6575942913385826
11
-1.177003937007874
21
3.6576368110236221
0
LINE
8
BLACK
6
CONTINUOUS
10
-1.177003937007874
20
3.6576368110236221
11
-1.1770024015748031
21
3.6576580314960627
0
LINE
8
BLACK
6
CONTINUOUS
10
-1.1770024015748031
20
3.6576580314960627
11
-1.1769107874015747
21
3.6578974803149604
0
LINE
8
BLACK
6
CONTINUOUS
10
-1.1769107874015747
20
3.6578974803149604
11
-1.1768243307086614
21
3.6581394094488187
0
LINE
8
BLACK
6
CONTINUOUS
10
-1.1768243307086614
20
3.6581394094488187
11
-1.1768116535433071
21
3.6581565748031495
0
LINE
8
BLACK
6
CONTINUOUS
10
-1.1768116535433071
20
3.6581565748031495
11
-1.1767955118110236
21
3.6581986614173228
0
LINE
8
BLACK
6
CONTINUOUS
10
-1.1767955118110236
20
3.6581986614173228
11
-1.174920748031496
21
3.6619481889763779
0
LINE
8
BLACK
6
CONTINUOUS
10
-1.174920748031496
20
3.6619481889763779
11
-1.17476468503937
21
3.662196220472441
0
LINE
8
BLACK
6
CONTINUOUS
10
-1.17476468503937
20
3.662196220472441
11
-1.1747348425196851
21
3.662268149606299
0
LINE
8
BLACK
6
CONTINUOUS
10
-1.1747348425196851
20
3.662268149606299
11
-1.1746683858267717
21
3.6623491338582674
0
LINE
8
BLACK
6
CONTINUOUS
10
-1.1746683858267717
20
3.6623491338582674
11
-1.1746124015748032
21
3.6624380708661417
0
LINE
8
BLACK
6
CONTINUOUS
10
-1.1746124015748032
20
3.6624380708661417
11
-1.1745534251968504
21
3.6624892519685037
0
LINE
8
BLACK
6
CONTINUOUS
10
-1.1745534251968504
20
3.6624892519685037
11
-1.1743676377952756
21
3.6627155905511812
0
LINE
8
BLACK
6
CONTINUOUS
10
-1.1743676377952756
20
3.6627155905511812
11
-1.1724928740157481
21
3.6645903543307088
0
LINE
8
BLACK
6
CONTINUOUS
10
-1.1724928740157481
20
3.6645903543307088
11
-1.1722665354330708
21
3.6647761417322835
0
LINE
8
BLACK
6
CONTINUOUS
10
-1.1722665354330708
20
3.6647761417322835
11
-1.1722153543307086
21
3.6648351181102363
0
LINE
8
BLACK
6
CONTINUOUS
10
-1.1722153543307086
20
3.6648351181102363
11
-1.1721264173228345
21
3.6648911023622048
0
LINE
8
BLACK
6
CONTINUOUS
10
-1.1721264173228345
20
3.6648911023622048
11
-1.1720454330708661
21
3.664957559055118
0
LINE
8
BLACK
6
CONTINUOUS
10
-1.1720454330708661
20
3.664957559055118
11
-1.1719735039370078
21
3.6649874015748032
0
LINE
8
BLACK
6
CONTINUOUS
10
-1.1719735039370078
20
3.6649874015748032
11
-1.1717254724409449
21
3.665143464566929
0
LINE
8
BLACK
6
CONTINUOUS
10
-1.1717254724409449
20
3.665143464566929
11
-1.1679759448818898
21
3.6670182283464565
0
LINE
8
BLACK
6
CONTINUOUS
10
-1.1679759448818898
20
3.6670182283464565
11
-1.1674353543307086
21
3.667225118110236
0
LINE
8
BLACK
6
CONTINUOUS
10
-1.1674353543307086
20
3.667225118110236
11
-1.1673294881889764
21
3.6672326771653543
0
LINE
8
BLACK
6
CONTINUOUS
10
-1.1673294881889764
20
3.6672326771653543
11
-1.1672314960629921
21
3.6672732283464566
0
LINE
8
BLACK
6
CONTINUOUS
10
-1.1672314960629921
20
3.6672732283464566
11
-1.1666554330708661
21
3.667329960629921
0
LINE
8
BLACK
6
CONTINUOUS
10
-1.1666554330708661
20
3.667329960629921
11
-1.1629059055118109
21
3.667329960629921
0
LINE
8
BLACK
6
CONTINUOUS
10
-1.1629059055118109
20
3.667329960629921
11
-1.1623298425196851
21
3.6672732283464566
0
LINE
8
BLACK
6
CONTINUOUS
10
-1.1686558661417323
20
3.6600757086614171
11
-1.1698529921259841
21
3.6588785826771653
0
LINE
8
BLACK
6
CONTINUOUS
10
-1.1698529921259841
20
3.6588785826771653
11
-1.1713685039370079
21
3.6558475984251966
0
LINE
8
BLACK
6
CONTINUOUS
10
-1.1713685039370079
20
3.6558475984251966
11
-1.173076496062992
21
3.6490155511811024
0
LINE
8
BLACK
6
CONTINUOUS
10
-1.173076496062992
20
3.6490155511811024
11
-1.173076496062992
21
3.6403688188976377
0
LINE
8
BLACK
6
CONTINUOUS
10
-1.173076496062992
20
3.6403688188976377
11
-1.1713685039370079
21
3.6335367716535432
0
LINE
8
BLACK
6
CONTINUOUS
10
-1.1713685039370079
20
3.6335367716535432
11
-1.1698529921259841
21
3.6305057874015749
0
LINE
8
BLACK
6
CONTINUOUS
10
-1.1698529921259841
20
3.6305057874015749
11
-1.1686558661417323
21
3.6293086220472439
0
LINE
8
BLACK
6
CONTINUOUS
10
-1.1686558661417323
20
3.6293086220472439
11
-1.1659583858267717
21
3.6279598818897636
0
LINE
8
BLACK
6
CONTINUOUS
10
-1.1659583858267717
20
3.6279598818897636
11
-1.1636029527559055
21
3.6279598818897636
0
LINE
8
BLACK
6
CONTINUOUS
10
-1.1636029527559055
20
3.6279598818897636
11
-1.1609055118110236
21
3.6293086220472439
0
LINE
8
BLACK
6
CONTINUOUS
10
-1.1609055118110236
20
3.6293086220472439
11
-1.1597083858267716
21
3.6305057874015749
0
LINE
8
BLACK
6
CONTINUOUS
10
-1.1597083858267716
20
3.6305057874015749
11
-1.1581928740157481
21
3.6335367716535432
0
LINE
8
BLACK
6
CONTINUOUS
10
-1.1581928740157481
20
3.6335367716535432
11
-1.156484842519685
21
3.6403688188976377
0
LINE
8
BLACK
6
CONTINUOUS
10
-1.156484842519685
20
3.6403688188976377
11
-1.156484842519685
21
3.6490155511811024
0
LINE
8
BLACK
6
CONTINUOUS
10
-1.156484842519685
20
3.6490155511811024
11
-1.1581928740157481
21
3.6558475984251966
0
LINE
8
BLACK
6
CONTINUOUS
10
-1.1581928740157481
20
3.6558475984251966
11
-1.1597083464566929
21
3.6588785826771653
0
LINE
8
BLACK
6
CONTINUOUS
10
-1.1597083464566929
20
3.6588785826771653
11
-1.1609054724409449
21
3.6600757086614171
0
LINE
8
BLACK
6
CONTINUOUS
10
-1.1609054724409449
20
3.6600757086614171
11
-1.1636029527559055
21
3.6614244488188974
0
LINE
8
BLACK
6
CONTINUOUS
10
-1.1636029527559055
20
3.6614244488188974
11
-1.1659583858267717
21
3.6614244488188974
0
LINE
8
BLACK
6
CONTINUOUS
10
-1.1659583858267717
20
3.6614244488188974
11
-1.1686558661417323
21
3.6600757086614171
0
LINE
8
BLACK
6
CONTINUOUS
10
-1.3044679527559055
20
3.6315101968503938
11
-1.3037476377952755
21
3.6312118503937008
0
LINE
8
BLACK
6
CONTINUOUS
10
-1.3037476377952755
20
3.6312118503937008
11
-1.3037475984251967
21
3.631211811023622
0
LINE
8
BLACK
6
CONTINUOUS
10
-1.3037475984251967
20
3.631211811023622
11
-1.3033001181102362
21
3.6308445669291336
0
LINE
8
BLACK
6
CONTINUOUS
10
-1.3033001181102362
20
3.6308445669291336
11
-1.3014253937007874
21
3.628969803149606
0
LINE
8
BLACK
6
CONTINUOUS
10
-1.3014253937007874
20
3.628969803149606
11
-1.3010581496062992
21
3.6285223228346455
0
LINE
8
BLACK
6
CONTINUOUS
10
-1.3010581496062992
20
3.6285223228346455
11
-1.3006860236220472
21
3.627623897637795
0
LINE
8
BLACK
6
CONTINUOUS
10
-1.3006860236220472
20
3.627623897637795
11
-1.3006172834645668
21
3.6274579133858267
0
LINE
8
BLACK
6
CONTINUOUS
10
-1.3006172834645668
20
3.6274579133858267
11
-1.3006172834645668
21
3.6263058267716533
0
LINE
8
BLACK
6
CONTINUOUS
10
-1.3006172834645668
20
3.6263058267716533
11
-1.3010581889763779
21
3.6252414173228344
0
LINE
8
BLACK
6
CONTINUOUS
10
-1.3010581889763779
20
3.6252414173228344
11
-1.3014253937007874
21
3.6247939763779526
0
LINE
8
BLACK
6
CONTINUOUS
10
-1.3014253937007874
20
3.6247939763779526
11
-1.3033001574803149
21
3.6229192125984251
0
LINE
8
BLACK
6
CONTINUOUS
10
-1.3033001574803149
20
3.6229192125984251
11
-1.3037475984251967
21
3.6225520078740159
0
LINE
8
BLACK
6
CONTINUOUS
10
-1.3037475984251967
20
3.6225520078740159
11
-1.3048120078740157
21
3.6221111023622048
0
LINE
8
BLACK
6
CONTINUOUS
10
-1.3048120078740157
20
3.6221111023622048
11
-1.3048120472440945
21
3.6221111023622048
0
LINE
8
BLACK
6
CONTINUOUS
10
-1.3048120472440945
20
3.6221111023622048
11
-1.305964094488189
21
3.6221111023622048
0
LINE
8
BLACK
6
CONTINUOUS
10
-1.305964094488189
20
3.6221111023622048
11
-1.3059641338582677
21
3.6221111023622048
0
LINE
8
BLACK
6
CONTINUOUS
10
-1.3059641338582677
20
3.6221111023622048
11
-1.3070285433070865
21
3.6225520078740159
0
LINE
8
BLACK
6
CONTINUOUS
10
-1.3070285433070865
20
3.6225520078740159
11
-1.3074759842519685
21
3.6229192125984251
0
LINE
8
BLACK
6
CONTINUOUS
10
-1.3074759842519685
20
3.6229192125984251
11
-1.3093507480314961
21
3.6247939763779526
0
LINE
8
BLACK
6
CONTINUOUS
10
-1.3093507480314961
20
3.6247939763779526
11
-1.3097179527559055
21
3.6252414173228344
0
LINE
8
BLACK
6
CONTINUOUS
10
-1.3097179527559055
20
3.6252414173228344
11
-1.3099605511811023
21
3.6258271259842521
0
LINE
8
BLACK
6
CONTINUOUS
10
-1.3099605511811023
20
3.6258271259842521
11
-1.3101588582677166
21
3.6263058267716533
0
LINE
8
BLACK
6
CONTINUOUS
10
-1.3101588582677166
20
3.6263058267716533
11
-1.3101588582677166
21
3.6274579133858267
0
LINE
8
BLACK
6
CONTINUOUS
10
-1.3101588582677166
20
3.6274579133858267
11
-1.3097179921259843
21
3.6285223228346455
0
LINE
8
BLACK
6
CONTINUOUS
10
-1.3097179921259843
20
3.6285223228346455
11
-1.3093507874015748
21
3.6289697637795273
0
LINE
8
BLACK
6
CONTINUOUS
10
-1.3093507874015748
20
3.6289697637795273
11
-1.3074760236220473
21
3.6308445669291336
0
LINE
8
BLACK
6
CONTINUOUS
10
-1.3074760236220473
20
3.6308445669291336
11
-1.3070285433070865
21
3.631211811023622
0
LINE
8
BLACK
6
CONTINUOUS
10
-1.3070285433070865
20
3.631211811023622
11
-1.3070285039370078
21
3.6312118503937008
0
LINE
8
BLACK
6
CONTINUOUS
10
-1.3070285039370078
20
3.6312118503937008
11
-1.3063081889763779
21
3.6315101968503938
0
LINE
8
BLACK
6
CONTINUOUS
10
-1.3063081889763779
20
3.6315101968503938
11
-1.3059641338582677
21
3.6316527165354331
0
LINE
8
BLACK
6
CONTINUOUS
10
-1.3059641338582677
20
3.6316527165354331
11
-1.3048120472440945
21
3.6316527165354331
0
LINE
8
BLACK
6
CONTINUOUS
10
-1.3048120472440945
20
3.6316527165354331
11
-1.3048120078740157
21
3.6316527165354331
0
LINE
8
BLACK
6
CONTINUOUS
10
-1.3048120078740157
20
3.6316527165354331
11
-1.3044679527559055
21
3.6315101968503938
0
LINE
8
BLACK
6
CONTINUOUS
10
-1.2026884645669291
20
3.6688172047244092
11
-1.2018180708661417
21
3.6680623228346456
0
LINE
8
BLACK
6
CONTINUOUS
10
-1.2018180708661417
20
3.6680623228346456
11
-1.2013028740157481
21
3.6670318503937005
0
LINE
8
BLACK
6
CONTINUOUS
10
-1.2013028740157481
20
3.6670318503937005
11
-1.2012211811023621
21
3.6658826377952756
0
LINE
8
BLACK
6
CONTINUOUS
10
-1.2012211811023621
20
3.6658826377952756
11
-1.2013495275590551
21
3.6653181889763777
0
LINE
8
BLACK
6
CONTINUOUS
10
-1.2013495275590551
20
3.6653181889763777
11
-1.2094278346456693
21
3.6410832677165352
0
LINE
8
BLACK
6
CONTINUOUS
10
-1.2094278346456693
20
3.6410832677165352
11
-1.1977296850393702
21
3.6410832677165352
0
LINE
8
BLACK
6
CONTINUOUS
10
-1.1977296850393702
20
3.6410832677165352
11
-1.1977296850393702
21
3.6512538582677165
0
LINE
8
BLACK
6
CONTINUOUS
10
-1.1977296850393702
20
3.6512538582677165
11
-1.1976729527559056
21
3.6518299212598424
0
LINE
8
BLACK
6
CONTINUOUS
10
-1.1976729527559056
20
3.6518299212598424
11
-1.1972320472440945
21
3.6528943307086612
0
LINE
8
BLACK
6
CONTINUOUS
10
-1.1972320472440945
20
3.6528943307086612
11
-1.196417401574803
21
3.6537089763779527
0
LINE
8
BLACK
6
CONTINUOUS
10
-1.196417401574803
20
3.6537089763779527
11
-1.1953529921259842
21
3.6541498818897638
0
LINE
8
BLACK
6
CONTINUOUS
10
-1.1953529921259842
20
3.6541498818897638
11
-1.1942008661417323
21
3.6541498818897638
0
LINE
8
BLACK
6
CONTINUOUS
10
-1.1942008661417323
20
3.6541498818897638
11
-1.1931364566929135
21
3.6537089763779527
0
LINE
8
BLACK
6
CONTINUOUS
10
-1.1931364566929135
20
3.6537089763779527
11
-1.192321811023622
21
3.6528943307086612
0
LINE
8
BLACK
6
CONTINUOUS
10
-1.192321811023622
20
3.6528943307086612
11
-1.1918809055118109
21
3.6518299212598424
0
LINE
8
BLACK
6
CONTINUOUS
10
-1.1918809055118109
20
3.6518299212598424
11
-1.1918241732283463
21
3.6512538582677165
0
LINE
8
BLACK
6
CONTINUOUS
10
-1.1918241732283463
20
3.6512538582677165
11
-1.1918241732283463
21
3.6410832677165352
0
LINE
8
BLACK
6
CONTINUOUS
10
-1.1918241732283463
20
3.6410832677165352
11
-1.1891526377952755
21
3.6410832677165352
0
LINE
8
BLACK
6
CONTINUOUS
10
-1.1891526377952755
20
3.6410832677165352
11
-1.1885765748031496
21
3.6410265354330709
0
LINE
8
BLACK
6
CONTINUOUS
10
-1.1885765748031496
20
3.6410265354330709
11
-1.1875121653543306
21
3.6405856299212598
0
LINE
8
BLACK
6
CONTINUOUS
10
-1.1875121653543306
20
3.6405856299212598
11
-1.1866975196850393
21
3.6397709842519683
0
LINE
8
BLACK
6
CONTINUOUS
10
-1.1866975196850393
20
3.6397709842519683
11
-1.1862566141732283
21
3.6387065748031495
0
LINE
8
BLACK
6
CONTINUOUS
10
-1.1862566141732283
20
3.6387065748031495
11
-1.1862566141732283
21
3.6375544488188973
0
LINE
8
BLACK
6
CONTINUOUS
10
-1.1862566141732283
20
3.6375544488188973
11
-1.1866975196850393
21
3.6364900393700785
0
LINE
8
BLACK
6
CONTINUOUS
10
-1.1866975196850393
20
3.6364900393700785
11
-1.1875121653543306
21
3.6356753937007875
0
LINE
8
BLACK
6
CONTINUOUS
10
-1.1875121653543306
20
3.6356753937007875
11
-1.1885765748031496
21
3.6352344881889764
0
LINE
8
BLACK
6
CONTINUOUS
10
-1.1885765748031496
20
3.6352344881889764
11
-1.1891526377952755
21
3.6351777559055116
0
LINE
8
BLACK
6
CONTINUOUS
10
-1.1891526377952755
20
3.6351777559055116
11
-1.1918241732283463
21
3.6351777559055116
0
LINE
8
BLACK
6
CONTINUOUS
10
-1.1918241732283463
20
3.6351777559055116
11
-1.1918241732283463
21
3.625007125984252
0
LINE
8
BLACK
6
CONTINUOUS
10
-1.1918241732283463
20
3.625007125984252
11
-1.1918809055118109
21
3.6244310629921257
0
LINE
8
BLACK
6
CONTINUOUS
10
-1.1918809055118109
20
3.6244310629921257
11
-1.192321811023622
21
3.6233666535433069
0
LINE
8
BLACK
6
CONTINUOUS
10
-1.192321811023622
20
3.6233666535433069
11
-1.1931364566929135
21
3.6225520078740159
0
LINE
8
BLACK
6
CONTINUOUS
10
-1.1931364566929135
20
3.6225520078740159
11
-1.1942008661417323
21
3.6221111023622048
0
LINE
8
BLACK
6
CONTINUOUS
10
-1.1942008661417323
20
3.6221111023622048
11
-1.1953529921259842
21
3.6221111023622048
0
LINE
8
BLACK
6
CONTINUOUS
10
-1.1953529921259842
20
3.6221111023622048
11
-1.196417401574803
21
3.6225520078740159
0
LINE
8
BLACK
6
CONTINUOUS
10
-1.196417401574803
20
3.6225520078740159
11
-1.1972320472440945
21
3.6233666535433069
0
LINE
8
BLACK
6
CONTINUOUS
10
-1.1972320472440945
20
3.6233666535433069
11
-1.1976729527559056
21
3.6244310629921257
0
LINE
8
BLACK
6
CONTINUOUS
10
-1.1976729527559056
20
3.6244310629921257
11
-1.1977296850393702
21
3.625007125984252
0
LINE
8
BLACK
6
CONTINUOUS
10
-1.1977296850393702
20
3.625007125984252
11
-1.1977296850393702
21
3.6351777559055116
0
LINE
8
BLACK
6
CONTINUOUS
10
-1.1977296850393702
20
3.6351777559055116
11
-1.2135245669291339
21
3.6351777559055116
0
LINE
8
BLACK
6
CONTINUOUS
10
-1.2135245669291339
20
3.6351777559055116
11
-1.2138161417322835
21
3.6352064960629922
0
LINE
8
BLACK
6
CONTINUOUS
10
-1.2138161417322835
20
3.6352064960629922
11
-1.2138938582677166
21
3.6352009448818898
0
LINE
8
BLACK
6
CONTINUOUS
10
-1.2138938582677166
20
3.6352009448818898
11
-1.2139499999999999
21
3.6352196850393699
0
LINE
8
BLACK
6
CONTINUOUS
10
-1.2139499999999999
20
3.6352196850393699
11
-1.2141006299212598
21
3.6352344881889764
0
LINE
8
BLACK
6
CONTINUOUS
10
-1.2141006299212598
20
3.6352344881889764
11
-1.2145379527559055
21
3.6354156299212597
0
LINE
8
BLACK
6
CONTINUOUS
10
-1.2145379527559055
20
3.6354156299212597
11
-1.2149868897637794
21
3.635565275590551
0
LINE
8
BLACK
6
CONTINUOUS
10
-1.2149868897637794
20
3.635565275590551
11
-1.2150670866141733
21
3.6356348425196852
0
LINE
8
BLACK
6
CONTINUOUS
10
-1.2150670866141733
20
3.6356348425196852
11
-1.2151650393700788
21
3.6356753937007875
0
LINE
8
BLACK
6
CONTINUOUS
10
-1.2151650393700788
20
3.6356753937007875
11
-1.21549968503937
21
3.6360100393700785
0
LINE
8
BLACK
6
CONTINUOUS
10
-1.21549968503937
20
3.6360100393700785
11
-1.2158572440944881
21
3.636320157480315
0
LINE
8
BLACK
6
CONTINUOUS
10
-1.2158572440944881
20
3.636320157480315
11
-1.21590468503937
21
3.6364150393700787
0
LINE
8
BLACK
6
CONTINUOUS
10
-1.21590468503937
20
3.6364150393700787
11
-1.21597968503937
21
3.6364900393700785
0
LINE
8
BLACK
6
CONTINUOUS
10
-1.21597968503937
20
3.6364900393700785
11
-1.2161608661417322
21
3.6369274015748032
0
LINE
8
BLACK
6
CONTINUOUS
10
-1.2161608661417322
20
3.6369274015748032
11
-1.2163724409448819
21
3.6373505905511809
0
LINE
8
BLACK
6
CONTINUOUS
10
-1.2163724409448819
20
3.6373505905511809
11
-1.2163799606299213
21
3.637456377952756
0
LINE
8
BLACK
6
CONTINUOUS
10
-1.2163799606299213
20
3.637456377952756
11
-1.2164205905511811
21
3.6375544488188973
0
LINE
8
BLACK
6
CONTINUOUS
10
-1.2164205905511811
20
3.6375544488188973
11
-1.2164205905511811
21
3.6380279527559054
0
LINE
8
BLACK
6
CONTINUOUS
10
-1.2164205905511811
20
3.6380279527559054
11
-1.2164541338582677
21
3.6384998031496063
0
LINE
8
BLACK
6
CONTINUOUS
10
-1.2164541338582677
20
3.6384998031496063
11
-1.2164205905511811
21
3.6386473228346454
0
LINE
8
BLACK
6
CONTINUOUS
10
-1.2164205905511811
20
3.6386473228346454
11
-1.2164205905511811
21
3.6387065748031495
0
LINE
8
BLACK
6
CONTINUOUS
10
-1.2164205905511811
20
3.6387065748031495
11
-1.2163907480314959
21
3.6387787007874013
0
LINE
8
BLACK
6
CONTINUOUS
10
-1.2163907480314959
20
3.6387787007874013
11
-1.2163257874015747
21
3.6390642519685037
0
LINE
8
BLACK
6
CONTINUOUS
10
-1.2163257874015747
20
3.6390642519685037
11
-1.2069519685039369
21
3.667185708661417
0
LINE
8
BLACK
6
CONTINUOUS
10
-1.2069519685039369
20
3.667185708661417
11
-1.2067159842519686
21
3.667714251968504
0
LINE
8
BLACK
6
CONTINUOUS
10
-1.2067159842519686
20
3.667714251968504
11
-1.2059611023622048
21
3.6685846062992127
0
LINE
8
BLACK
6
CONTINUOUS
10
-1.2059611023622048
20
3.6685846062992127
11
-1.2049306692913386
21
3.6690998425196848
0
LINE
8
BLACK
6
CONTINUOUS
10
-1.2049306692913386
20
3.6690998425196848
11
-1.2037814566929133
21
3.6691815354330708
0
LINE
8
BLACK
6
CONTINUOUS
10
-1.2037814566929133
20
3.6691815354330708
11
-1.2026884645669291
21
3.6688172047244092
0
LINE
8
BLACK
6
CONTINUOUS
10
-1.0948382677165354
20
3.6541498818897638
11
-1.0947402755905511
21
3.6541092913385826
0
LINE
8
BLACK
6
CONTINUOUS
10
-1.0947402755905511
20
3.6541092913385826
11
-1.0946344488188977
21
3.6541017716535431
0
LINE
8
BLACK
6
CONTINUOUS
10
-1.0946344488188977
20
3.6541017716535431
11
-1.0940938188976377
21
3.6538948818897636
0
LINE
8
BLACK
6
CONTINUOUS
10
-1.0940938188976377
20
3.6538948818897636
11
-1.0903442913385826
21
3.6520201181102361
0
LINE
8
BLACK
6
CONTINUOUS
10
-1.0903442913385826
20
3.6520201181102361
11
-1.0902479527559055
21
3.6519594881889761
0
LINE
8
BLACK
6
CONTINUOUS
10
-1.0902479527559055
20
3.6519594881889761
11
-1.0902025196850393
21
3.6519443307086612
0
LINE
8
BLACK
6
CONTINUOUS
10
-1.0902025196850393
20
3.6519443307086612
11
-1.0901459842519685
21
3.6518953149606297
0
LINE
8
BLACK
6
CONTINUOUS
10
-1.0901459842519685
20
3.6518953149606297
11
-1.089854409448819
21
3.6517117716535434
0
LINE
8
BLACK
6
CONTINUOUS
10
-1.089854409448819
20
3.6517117716535434
11
-1.0897900393700788
21
3.6516375590551182
0
LINE
8
BLACK
6
CONTINUOUS
10
-1.0897900393700788
20
3.6516375590551182
11
-1.0897256692913386
21
3.6517117716535434
0
LINE
8
BLACK
6
CONTINUOUS
10
-1.0897256692913386
20
3.6517117716535434
11
-1.0894341338582676
21
3.6518953149606297
0
LINE
8
BLACK
6
CONTINUOUS
10
-1.0894341338582676
20
3.6518953149606297
11
-1.089377559055118
21
3.6519443307086612
0
LINE
8
BLACK
6
CONTINUOUS
10
-1.089377559055118
20
3.6519443307086612
11
-1.0893321653543306
21
3.6519594881889761
0
LINE
8
BLACK
6
CONTINUOUS
10
-1.0893321653543306
20
3.6519594881889761
11
-1.0892357874015748
21
3.6520201181102361
0
LINE
8
BLACK
6
CONTINUOUS
10
-1.0892357874015748
20
3.6520201181102361
11
-1.0854862598425197
21
3.6538948818897636
0
LINE
8
BLACK
6
CONTINUOUS
10
-1.0854862598425197
20
3.6538948818897636
11
-1.0849456692913386
21
3.6541017716535431
0
LINE
8
BLACK
6
CONTINUOUS
10
-1.0849456692913386
20
3.6541017716535431
11
-1.0848398031496063
21
3.6541093307086614
0
LINE
8
BLACK
6
CONTINUOUS
10
-1.0848398031496063
20
3.6541093307086614
11
-1.084741811023622
21
3.6541498818897638
0
LINE
8
BLACK
6
CONTINUOUS
10
-1.084741811023622
20
3.6541498818897638
11
-1.0841657480314961
21
3.6542066141732281
0
LINE
8
BLACK
6
CONTINUOUS
10
-1.0841657480314961
20
3.6542066141732281
11
-1.0785414566929135
21
3.6542066141732281
0
LINE
8
BLACK
6
CONTINUOUS
10
-1.0785414566929135
20
3.6542066141732281
11
-1.0779653937007874
21
3.6541498818897638
0
LINE
8
BLACK
6
CONTINUOUS
10
-1.0779653937007874
20
3.6541498818897638
11
-1.0778674015748031
21
3.6541092913385826
0
LINE
8
BLACK
6
CONTINUOUS
10
-1.0778674015748031
20
3.6541092913385826
11
-1.0777615748031495
21
3.6541017716535431
0
LINE
8
BLACK
6
CONTINUOUS
10
-1.0777615748031495
20
3.6541017716535431
11
-1.0772209448818897
21
3.6538948818897636
0
LINE
8
BLACK
6
CONTINUOUS
10
-1.0772209448818897
20
3.6538948818897636
11
-1.0734713779527558
21
3.6520201181102361
0
LINE
8
BLACK
6
CONTINUOUS
10
-1.0734713779527558
20
3.6520201181102361
11
-1.0733750787401575
21
3.6519594881889761
0
LINE
8
BLACK
6
CONTINUOUS
10
-1.0733750787401575
20
3.6519594881889761
11
-1.0733296062992126
21
3.6519443307086612
0
LINE
8
BLACK
6
CONTINUOUS
10
-1.0733296062992126
20
3.6519443307086612
11
-1.073273031496063
21
3.6518952755905509
0
LINE
8
BLACK
6
CONTINUOUS
10
-1.073273031496063
20
3.6518952755905509
11
-1.0729815354330707
21
3.6517117716535434
0
LINE
8
BLACK
6
CONTINUOUS
10
-1.0729815354330707
20
3.6517117716535434
11
-1.0727390551181102
21
3.6514321653543305
0
LINE
8
BLACK
6
CONTINUOUS
10
-1.0727390551181102
20
3.6514321653543305
11
-1.0724592125984251
21
3.6511894881889764
0
LINE
8
BLACK
6
CONTINUOUS
10
-1.0724592125984251
20
3.6511894881889764
11
-1.0722757086614172
21
3.6508979527559053
0
LINE
8
BLACK
6
CONTINUOUS
10
-1.0722757086614172
20
3.6508979527559053
11
-1.0722266535433072
21
3.650841377952756
0
LINE
8
BLACK
6
CONTINUOUS
10
-1.0722266535433072
20
3.650841377952756
11
-1.0722115354330708
21
3.6507959842519684
0
LINE
8
BLACK
6
CONTINUOUS
10
-1.0722115354330708
20
3.6507959842519684
11
-1.0721508661417323
21
3.6506996062992125
0
LINE
8
BLACK
6
CONTINUOUS
10
-1.0721508661417323
20
3.6506996062992125
11
-1.0702761023622047
21
3.6469500787401574
0
LINE
8
BLACK
6
CONTINUOUS
10
-1.0702761023622047
20
3.6469500787401574
11
-1.0700692125984252
21
3.6464094881889761
0
LINE
8
BLACK
6
CONTINUOUS
10
-1.0700692125984252
20
3.6464094881889761
11
-1.0700616929133857
21
3.646303622047244
0
LINE
8
BLACK
6
CONTINUOUS
10
-1.0700616929133857
20
3.646303622047244
11
-1.0700211023622046
21
3.6462056299212597
0
LINE
8
BLACK
6
CONTINUOUS
10
-1.0700211023622046
20
3.6462056299212597
11
-1.0699643700787402
21
3.6456295669291339
0
LINE
8
BLACK
6
CONTINUOUS
10
-1.0699643700787402
20
3.6456295669291339
11
-1.0699643700787402
21
3.625007125984252
0
LINE
8
BLACK
6
CONTINUOUS
10
-1.0699643700787402
20
3.625007125984252
11
-1.0700211023622046
21
3.6244310629921257
0
LINE
8
BLACK
6
CONTINUOUS
10
-1.0700211023622046
20
3.6244310629921257
11
-1.0704620078740157
21
3.6233666535433069
0
LINE
8
BLACK
6
CONTINUOUS
10
-1.0704620078740157
20
3.6233666535433069
11
-1.0712766535433071
21
3.6225520078740159
0
LINE
8
BLACK
6
CONTINUOUS
10
-1.0712766535433071
20
3.6225520078740159
11
-1.0723410629921259
21
3.6221111023622048
0
LINE
8
BLACK
6
CONTINUOUS
10
-1.0723410629921259
20
3.6221111023622048
11
-1.0734931889763779
21
3.6221111023622048
0
LINE
8
BLACK
6
CONTINUOUS
10
-1.0734931889763779
20
3.6221111023622048
11
-1.0745575984251969
21
3.6225520078740159
0
LINE
8
BLACK
6
CONTINUOUS
10
-1.0745575984251969
20
3.6225520078740159
11
-1.0753722440944882
21
3.6233666535433069
0
LINE
8
BLACK
6
CONTINUOUS
10
-1.0753722440944882
20
3.6233666535433069
11
-1.0758131496062993
21
3.6244310629921257
0
LINE
8
BLACK
6
CONTINUOUS
10
-1.0758131496062993
20
3.6244310629921257
11
-1.0758698818897638
21
3.625007125984252
0
LINE
8
BLACK
6
CONTINUOUS
10
-1.0758698818897638
20
3.625007125984252
11
-1.0758698818897638
21
3.6449325196850393
0
LINE
8
BLACK
6
CONTINUOUS
10
-1.0758698818897638
20
3.6449325196850393
11
-1.0769927559055117
21
3.6471782677165354
0
LINE
8
BLACK
6
CONTINUOUS
10
-1.0769927559055117
20
3.6471782677165354
11
-1.0792385039370078
21
3.6483011023622045
0
LINE
8
BLACK
6
CONTINUOUS
10
-1.0792385039370078
20
3.6483011023622045
11
-1.0834687007874015
21
3.6483011023622045
0
LINE
8
BLACK
6
CONTINUOUS
10
-1.0834687007874015
20
3.6483011023622045
11
-1.0857144488188977
21
3.6471782677165354
0
LINE
8
BLACK
6
CONTINUOUS
10
-1.0857144488188977
20
3.6471782677165354
11
-1.086837283464567
21
3.6449325196850393
0
LINE
8
BLACK
6
CONTINUOUS
10
-1.086837283464567
20
3.6449325196850393
11
-1.086837283464567
21
3.625007125984252
0
LINE
8
BLACK
6
CONTINUOUS
10
-1.086837283464567
20
3.625007125984252
11
-1.0868940157480316
21
3.6244310629921257
0
LINE
8
BLACK
6
CONTINUOUS
10
-1.0868940157480316
20
3.6244310629921257
11
-1.0873349212598424
21
3.6233666535433069
0
LINE
8
BLACK
6
CONTINUOUS
10
-1.0873349212598424
20
3.6233666535433069
11
-1.0881495669291339
21
3.6225520078740159
0
LINE
8
BLACK
6
CONTINUOUS
10
-1.0881495669291339
20
3.6225520078740159
11
-1.0892139763779527
21
3.6221111023622048
0
LINE
8
BLACK
6
CONTINUOUS
10
-1.0892139763779527
20
3.6221111023622048
11
-1.0903661023622047
21
3.6221111023622048
0
LINE
8
BLACK
6
CONTINUOUS
10
-1.0903661023622047
20
3.6221111023622048
11
-1.0914305118110237
21
3.6225520078740159
0
LINE
8
BLACK
6
CONTINUOUS
10
-1.0914305118110237
20
3.6225520078740159
11
-1.0922451574803149
21
3.6233666535433069
0
LINE
8
BLACK
6
CONTINUOUS
10
-1.0922451574803149
20
3.6233666535433069
11
-1.092686062992126
21
3.6244310629921257
0
LINE
8
BLACK
6
CONTINUOUS
10
-1.092686062992126
20
3.6244310629921257
11
-1.0927427952755906
21
3.625007125984252
0
LINE
8
BLACK
6
CONTINUOUS
10
-1.0927427952755906
20
3.625007125984252
11
-1.0927427952755906
21
3.6449325196850393
0
LINE
8
BLACK
6
CONTINUOUS
10
-1.0927427952755906
20
3.6449325196850393
11
-1.0938656692913387
21
3.6471782677165354
0
LINE
8
BLACK
6
CONTINUOUS
10
-1.0938656692913387
20
3.6471782677165354
11
-1.0961113779527558
21
3.6483011023622045
0
LINE
8
BLACK
6
CONTINUOUS
10
-1.0961113779527558
20
3.6483011023622045
11
-1.1003415748031495
21
3.6483011023622045
0
LINE
8
BLACK
6
CONTINUOUS
10
-1.1003415748031495
20
3.6483011023622045
11
-1.1030390551181102
21
3.6469523622047242
0
LINE
8
BLACK
6
CONTINUOUS
10
-1.1030390551181102
20
3.6469523622047242
11
-1.103710157480315
21
3.6462812598425196
0
LINE
8
BLACK
6
CONTINUOUS
10
-1.103710157480315
20
3.6462812598425196
11
-1.103710157480315
21
3.625007125984252
0
LINE
8
BLACK
6
CONTINUOUS
10
-1.103710157480315
20
3.625007125984252
11
-1.1037668897637796
21
3.6244310629921257
0
LINE
8
BLACK
6
CONTINUOUS
10
-1.1037668897637796
20
3.6244310629921257
11
-1.1042077952755904
21
3.6233666535433069
0
LINE
8
BLACK
6
CONTINUOUS
10
-1.1042077952755904
20
3.6233666535433069
11
-1.1050224409448819
21
3.6225520078740159
0
LINE
8
BLACK
6
CONTINUOUS
10
-1.1050224409448819
20
3.6225520078740159
11
-1.1060868503937007
21
3.6221111023622048
0
LINE
8
BLACK
6
CONTINUOUS
10
-1.1060868503937007
20
3.6221111023622048
11
-1.1072389763779527
21
3.6221111023622048
0
LINE
8
BLACK
6
CONTINUOUS
10
-1.1072389763779527
20
3.6221111023622048
11
-1.1083033858267717
21
3.6225520078740159
0
LINE
8
BLACK
6
CONTINUOUS
10
-1.1083033858267717
20
3.6225520078740159
11
-1.1091180314960629
21
3.6233666535433069
0
LINE
8
BLACK
6
CONTINUOUS
10
-1.1091180314960629
20
3.6233666535433069
11
-1.109558937007874
21
3.6244310629921257
0
LINE
8
BLACK
6
CONTINUOUS
10
-1.109558937007874
20
3.6244310629921257
11
-1.1096156692913386
21
3.625007125984252
0
LINE
8
BLACK
6
CONTINUOUS
10
-1.1096156692913386
20
3.625007125984252
11
-1.1096156692913386
21
3.6512538582677165
0
LINE
8
BLACK
6
CONTINUOUS
10
-1.1096156692913386
20
3.6512538582677165
11
-1.109558937007874
21
3.6518299212598424
0
LINE
8
BLACK
6
CONTINUOUS
10
-1.109558937007874
20
3.6518299212598424
11
-1.1091180314960629
21
3.6528943307086612
0
LINE
8
BLACK
6
CONTINUOUS
10
-1.1091180314960629
20
3.6528943307086612
11
-1.1083033858267717
21
3.6537089763779527
0
LINE
8
BLACK
6
CONTINUOUS
10
-1.1083033858267717
20
3.6537089763779527
11
-1.1072389763779527
21
3.6541498818897638
0
LINE
8
BLACK
6
CONTINUOUS
10
-1.1072389763779527
20
3.6541498818897638
11
-1.1060868503937007
21
3.6541498818897638
0
LINE
8
BLACK
6
CONTINUOUS
10
-1.1060868503937007
20
3.6541498818897638
11
-1.1050224409448819
21
3.6537089763779527
0
LINE
8
BLACK
6
CONTINUOUS
10
-1.1050224409448819
20
3.6537089763779527
11
-1.1042586220472441
21
3.6529451574803149
0
LINE
8
BLACK
6
CONTINUOUS
10
-1.1042586220472441
20
3.6529451574803149
11
-1.1023591338582677
21
3.6538948818897636
0
LINE
8
BLACK
6
CONTINUOUS
10
-1.1023591338582677
20
3.6538948818897636
11
-1.1018185433070866
21
3.6541017716535431
0
LINE
8
BLACK
6
CONTINUOUS
10
-1.1018185433070866
20
3.6541017716535431
11
-1.1017126771653543
21
3.6541093307086614
0
LINE
8
BLACK
6
CONTINUOUS
10
-1.1017126771653543
20
3.6541093307086614
11
-1.10161468503937
21
3.6541498818897638
0
LINE
8
BLACK
6
CONTINUOUS
10
-1.10161468503937
20
3.6541498818897638
11
-1.1010386220472441
21
3.6542066141732281
0
LINE
8
BLACK
6
CONTINUOUS
10
-1.1010386220472441
20
3.6542066141732281
11
-1.0954143307086615
21
3.6542066141732281
0
LINE
8
BLACK
6
CONTINUOUS
10
-1.0954143307086615
20
3.6542066141732281
11
-1.0948382677165354
21
3.6541498818897638
0
LINE
8
BLACK
6
CONTINUOUS
10
-1.0423448425196851
20
3.6541498818897638
11
-1.0422468503937008
21
3.6541092913385826
0
LINE
8
BLACK
6
CONTINUOUS
10
-1.0422468503937008
20
3.6541092913385826
11
-1.0421410236220472
21
3.6541017716535431
0
LINE
8
BLACK
6
CONTINUOUS
10
-1.0421410236220472
20
3.6541017716535431
11
-1.0416003937007874
21
3.6538948818897636
0
LINE
8
BLACK
6
CONTINUOUS
10
-1.0416003937007874
20
3.6538948818897636
11
-1.0378508661417323
21
3.6520201181102361
0
LINE
8
BLACK
6
CONTINUOUS
10
-1.0378508661417323
20
3.6520201181102361
11
-1.0377545275590552
21
3.6519594881889761
0
LINE
8
BLACK
6
CONTINUOUS
10
-1.0377545275590552
20
3.6519594881889761
11
-1.037709094488189
21
3.6519443307086612
0
LINE
8
BLACK
6
CONTINUOUS
10
-1.037709094488189
20
3.6519443307086612
11
-1.037652559055118
21
3.6518953149606297
0
LINE
8
BLACK
6
CONTINUOUS
10
-1.037652559055118
20
3.6518953149606297
11
-1.0373609842519684
21
3.6517117716535434
0
LINE
8
BLACK
6
CONTINUOUS
10
-1.0373609842519684
20
3.6517117716535434
11
-1.0372966141732283
21
3.6516375590551182
0
LINE
8
BLACK
6
CONTINUOUS
10
-1.0372966141732283
20
3.6516375590551182
11
-1.0372322440944881
21
3.6517117716535434
0
LINE
8
BLACK
6
CONTINUOUS
10
-1.0372322440944881
20
3.6517117716535434
11
-1.0369407086614173
21
3.6518953149606297
0
LINE
8
BLACK
6
CONTINUOUS
10
-1.0369407086614173
20
3.6518953149606297
11
-1.0368841338582677
21
3.6519443307086612
0
LINE
8
BLACK
6
CONTINUOUS
10
-1.0368841338582677
20
3.6519443307086612
11
-1.0368387401574803
21
3.6519594881889761
0
LINE
8
BLACK
6
CONTINUOUS
10
-1.0368387401574803
20
3.6519594881889761
11
-1.0367423622047245
21
3.6520201181102361
0
LINE
8
BLACK
6
CONTINUOUS
10
-1.0367423622047245
20
3.6520201181102361
11
-1.0329928346456694
21
3.6538948818897636
0
LINE
8
BLACK
6
CONTINUOUS
10
-1.0329928346456694
20
3.6538948818897636
11
-1.0324522440944881
21
3.6541017716535431
0
LINE
8
BLACK
6
CONTINUOUS
10
-1.0324522440944881
20
3.6541017716535431
11
-1.032346377952756
21
3.6541093307086614
0
LINE
8
BLACK
6
CONTINUOUS
10
-1.032346377952756
20
3.6541093307086614
11
-1.0322483858267717
21
3.6541498818897638
0
LINE
8
BLACK
6
CONTINUOUS
10
-1.0322483858267717
20
3.6541498818897638
11
-1.0316723228346456
21
3.6542066141732281
0
LINE
8
BLACK
6
CONTINUOUS
10
-1.0316723228346456
20
3.6542066141732281
11
-1.0260480314960629
21
3.6542066141732281
0
LINE
8
BLACK
6
CONTINUOUS
10
-1.0260480314960629
20
3.6542066141732281
11
-1.0254719685039371
21
3.6541498818897638
0
LINE
8
BLACK
6
CONTINUOUS
10
-1.0254719685039371
20
3.6541498818897638
11
-1.0253739763779528
21
3.6541092913385826
0
LINE
8
BLACK
6
CONTINUOUS
10
-1.0253739763779528
20
3.6541092913385826
11
-1.0252681496062992
21
3.6541017716535431
0
LINE
8
BLACK
6
CONTINUOUS
10
-1.0252681496062992
20
3.6541017716535431
11
-1.0247275196850394
21
3.6538948818897636
0
LINE
8
BLACK
6
CONTINUOUS
10
-1.0247275196850394
20
3.6538948818897636
11
-1.0209779527559055
21
3.6520201181102361
0
LINE
8
BLACK
6
CONTINUOUS
10
-1.0209779527559055
20
3.6520201181102361
11
-1.020881653543307
21
3.6519594881889761
0
LINE
8
BLACK
6
CONTINUOUS
10
-1.020881653543307
20
3.6519594881889761
11
-1.0208361811023621
21
3.6519443307086612
0
LINE
8
BLACK
6
CONTINUOUS
10
-1.0208361811023621
20
3.6519443307086612
11
-1.0207796062992125
21
3.6518952755905509
0
LINE
8
BLACK
6
CONTINUOUS
10
-1.0207796062992125
20
3.6518952755905509
11
-1.0204881102362204
21
3.6517117716535434
0
LINE
8
BLACK
6
CONTINUOUS
10
-1.0204881102362204
20
3.6517117716535434
11
-1.0202456299212599
21
3.6514321653543305
0
LINE
8
BLACK
6
CONTINUOUS
10
-1.0202456299212599
20
3.6514321653543305
11
-1.0199657874015748
21
3.6511894881889764
0
LINE
8
BLACK
6
CONTINUOUS
10
-1.0199657874015748
20
3.6511894881889764
11
-1.0197822834645669
21
3.6508979527559053
0
LINE
8
BLACK
6
CONTINUOUS
10
-1.0197822834645669
20
3.6508979527559053
11
-1.0197332283464566
21
3.650841377952756
0
LINE
8
BLACK
6
CONTINUOUS
10
-1.0197332283464566
20
3.650841377952756
11
-1.0197181102362205
21
3.6507959842519684
0
LINE
8
BLACK
6
CONTINUOUS
10
-1.0197181102362205
20
3.6507959842519684
11
-1.019657440944882
21
3.6506996062992125
0
LINE
8
BLACK
6
CONTINUOUS
10
-1.019657440944882
20
3.6506996062992125
11
-1.0177826771653542
21
3.6469500787401574
0
LINE
8
BLACK
6
CONTINUOUS
10
-1.0177826771653542
20
3.6469500787401574
11
-1.0175757874015747
21
3.6464094881889761
0
LINE
8
BLACK
6
CONTINUOUS
10
-1.0175757874015747
20
3.6464094881889761
11
-1.0175682677165354
21
3.646303622047244
0
LINE
8
BLACK
6
CONTINUOUS
10
-1.0175682677165354
20
3.646303622047244
11
-1.0175276771653543
21
3.6462056299212597
0
LINE
8
BLACK
6
CONTINUOUS
10
-1.0175276771653543
20
3.6462056299212597
11
-1.0174709448818897
21
3.6456295669291339
0
LINE
8
BLACK
6
CONTINUOUS
10
-1.0174709448818897
20
3.6456295669291339
11
-1.0174709448818897
21
3.625007125984252
0
LINE
8
BLACK
6
CONTINUOUS
10
-1.0174709448818897
20
3.625007125984252
11
-1.0175276771653543
21
3.6244310629921257
0
LINE
8
BLACK
6
CONTINUOUS
10
-1.0175276771653543
20
3.6244310629921257
11
-1.0179685826771654
21
3.6233666535433069
0
LINE
8
BLACK
6
CONTINUOUS
10
-1.0179685826771654
20
3.6233666535433069
11
-1.0187832283464566
21
3.6225520078740159
0
LINE
8
BLACK
6
CONTINUOUS
10
-1.0187832283464566
20
3.6225520078740159
11
-1.0198476377952757
21
3.6221111023622048
0
LINE
8
BLACK
6
CONTINUOUS
10
-1.0198476377952757
20
3.6221111023622048
11
-1.0209997637795276
21
3.6221111023622048
0
LINE
8
BLACK
6
CONTINUOUS
10
-1.0209997637795276
20
3.6221111023622048
11
-1.0220641732283464
21
3.6225520078740159
0
LINE
8
BLACK
6
CONTINUOUS
10
-1.0220641732283464
20
3.6225520078740159
11
-1.0228788188976379
21
3.6233666535433069
0
LINE
8
BLACK
6
CONTINUOUS
10
-1.0228788188976379
20
3.6233666535433069
11
-1.0233197244094487
21
3.6244310629921257
0
LINE
8
BLACK
6
CONTINUOUS
10
-1.0233197244094487
20
3.6244310629921257
11
-1.0233764566929133
21
3.625007125984252
0
LINE
8
BLACK
6
CONTINUOUS
10
-1.0233764566929133
20
3.625007125984252
11
-1.0233764566929133
21
3.6449325196850393
0
LINE
8
BLACK
6
CONTINUOUS
10
-1.0233764566929133
20
3.6449325196850393
11
-1.0244993307086614
21
3.6471782677165354
0
LINE
8
BLACK
6
CONTINUOUS
10
-1.0244993307086614
20
3.6471782677165354
11
-1.0267450787401575
21
3.6483011023622045
0
LINE
8
BLACK
6
CONTINUOUS
10
-1.0267450787401575
20
3.6483011023622045
11
-1.0309752755905512
21
3.6483011023622045
0
LINE
8
BLACK
6
CONTINUOUS
10
-1.0309752755905512
20
3.6483011023622045
11
-1.0332210236220472
21
3.6471782677165354
0
LINE
8
BLACK
6
CONTINUOUS
10
-1.0332210236220472
20
3.6471782677165354
11
-1.0343438582677165
21
3.6449325196850393
0
LINE
8
BLACK
6
CONTINUOUS
10
-1.0343438582677165
20
3.6449325196850393
11
-1.0343438582677165
21
3.625007125984252
0
LINE
8
BLACK
6
CONTINUOUS
10
-1.0343438582677165
20
3.625007125984252
11
-1.0344005905511811
21
3.6244310629921257
0
LINE
8
BLACK
6
CONTINUOUS
10
-1.0344005905511811
20
3.6244310629921257
11
-1.0348414960629921
21
3.6233666535433069
0
LINE
8
BLACK
6
CONTINUOUS
10
-1.0348414960629921
20
3.6233666535433069
11
-1.0356561417322834
21
3.6225520078740159
0
LINE
8
BLACK
6
CONTINUOUS
10
-1.0356561417322834
20
3.6225520078740159
11
-1.0367205511811024
21
3.6221111023622048
0
LINE
8
BLACK
6
CONTINUOUS
10
-1.0367205511811024
20
3.6221111023622048
11
-1.0378726771653544
21
3.6221111023622048
0
LINE
8
BLACK
6
CONTINUOUS
10
-1.0378726771653544
20
3.6221111023622048
11
-1.0389370866141732
21
3.6225520078740159
0
LINE
8
BLACK
6
CONTINUOUS
10
-1.0389370866141732
20
3.6225520078740159
11
-1.0397517322834646
21
3.6233666535433069
0
LINE
8
BLACK
6
CONTINUOUS
10
-1.0397517322834646
20
3.6233666535433069
11
-1.0401926377952755
21
3.6244310629921257
0
LINE
8
BLACK
6
CONTINUOUS
10
-1.0401926377952755
20
3.6244310629921257
11
-1.0402493700787401
21
3.625007125984252
0
LINE
8
BLACK
6
CONTINUOUS
10
-1.0402493700787401
20
3.625007125984252
11
-1.0402493700787401
21
3.6449325196850393
0
LINE
8
BLACK
6
CONTINUOUS
10
-1.0402493700787401
20
3.6449325196850393
11
-1.0413722440944881
21
3.6471782677165354
0
LINE
8
BLACK
6
CONTINUOUS
10
-1.0413722440944881
20
3.6471782677165354
11
-1.0436179527559055
21
3.6483011023622045
0
LINE
8
BLACK
6
CONTINUOUS
10
-1.0436179527559055
20
3.6483011023622045
11
-1.0478481496062992
21
3.6483011023622045
0
LINE
8
BLACK
6
CONTINUOUS
10
-1.0478481496062992
20
3.6483011023622045
11
-1.0505456299212599
21
3.6469523622047242
0
LINE
8
BLACK
6
CONTINUOUS
10
-1.0505456299212599
20
3.6469523622047242
11
-1.0512167322834645
21
3.6462812598425196
0
LINE
8
BLACK
6
CONTINUOUS
10
-1.0512167322834645
20
3.6462812598425196
11
-1.0512167322834645
21
3.625007125984252
0
LINE
8
BLACK
6
CONTINUOUS
10
-1.0512167322834645
20
3.625007125984252
11
-1.0512734645669291
21
3.6244310629921257
0
LINE
8
BLACK
6
CONTINUOUS
10
-1.0512734645669291
20
3.6244310629921257
11
-1.0517143700787401
21
3.6233666535433069
0
LINE
8
BLACK
6
CONTINUOUS
10
-1.0517143700787401
20
3.6233666535433069
11
-1.0525290157480314
21
3.6225520078740159
0
LINE
8
BLACK
6
CONTINUOUS
10
-1.0525290157480314
20
3.6225520078740159
11
-1.0535934251968504
21
3.6221111023622048
0
LINE
8
BLACK
6
CONTINUOUS
10
-1.0535934251968504
20
3.6221111023622048
11
-1.0547455511811024
21
3.6221111023622048
0
LINE
8
BLACK
6
CONTINUOUS
10
-1.0547455511811024
20
3.6221111023622048
11
-1.0558099606299212
21
3.6225520078740159
0
LINE
8
BLACK
6
CONTINUOUS
10
-1.0558099606299212
20
3.6225520078740159
11
-1.0566246062992126
21
3.6233666535433069
0
LINE
8
BLACK
6
CONTINUOUS
10
-1.0566246062992126
20
3.6233666535433069
11
-1.0570655118110237
21
3.6244310629921257
0
LINE
8
BLACK
6
CONTINUOUS
10
-1.0570655118110237
20
3.6244310629921257
11
-1.0571222440944881
21
3.625007125984252
0
LINE
8
BLACK
6
CONTINUOUS
10
-1.0571222440944881
20
3.625007125984252
11
-1.0571222440944881
21
3.6512538582677165
0
LINE
8
BLACK
6
CONTINUOUS
10
-1.0571222440944881
20
3.6512538582677165
11
-1.0570655118110237
21
3.6518299212598424
0
LINE
8
BLACK
6
CONTINUOUS
10
-1.0570655118110237
20
3.6518299212598424
11
-1.0566246062992126
21
3.6528943307086612
0
LINE
8
BLACK
6
CONTINUOUS
10
-1.0566246062992126
20
3.6528943307086612
11
-1.0558099606299212
21
3.6537089763779527
0
LINE
8
BLACK
6
CONTINUOUS
10
-1.0558099606299212
20
3.6537089763779527
11
-1.0547455511811024
21
3.6541498818897638
0
LINE
8
BLACK
6
CONTINUOUS
10
-1.0547455511811024
20
3.6541498818897638
11
-1.0535934251968504
21
3.6541498818897638
0
LINE
8
BLACK
6
CONTINUOUS
10
-1.0535934251968504
20
3.6541498818897638
11
-1.0525290157480314
21
3.6537089763779527
0
LINE
8
BLACK
6
CONTINUOUS
10
-1.0525290157480314
20
3.6537089763779527
11
-1.0517651968503936
21
3.6529451574803149
0
LINE
8
BLACK
6
CONTINUOUS
10
-1.0517651968503936
20
3.6529451574803149
11
-1.0498657086614174
21
3.6538948818897636
0
LINE
8
BLACK
6
CONTINUOUS
10
-1.0498657086614174
20
3.6538948818897636
11
-1.0493251181102361
21
3.6541017716535431
0
LINE
8
BLACK
6
CONTINUOUS
10
-1.0493251181102361
20
3.6541017716535431
11
-1.049219251968504
21
3.6541093307086614
0
LINE
8
BLACK
6
CONTINUOUS
10
-1.049219251968504
20
3.6541093307086614
11
-1.0491212598425197
21
3.6541498818897638
0
LINE
8
BLACK
6
CONTINUOUS
10
-1.0491212598425197
20
3.6541498818897638
11
-1.0485451968503936
21
3.6542066141732281
0
LINE
8
BLACK
6
CONTINUOUS
10
-1.0485451968503936
20
3.6542066141732281
11
-1.0429209055118109
21
3.6542066141732281
0
LINE
8
BLACK
6
CONTINUOUS
10
-1.0429209055118109
20
3.6542066141732281
11
-1.0423448425196851
21
3.6541498818897638
0
LINE
8
BLACK
6
CONTINUOUS
10
-0.3175247244094488
20
3.6721944881889761
11
-0.3172323228346456
21
3.6721944881889761
0
LINE
8
BLACK
6
CONTINUOUS
10
-0.3172323228346456
20
3.6721944881889761
11
-0.3169650787401574
21
3.6720837795275592
0
LINE
8
BLACK
6
CONTINUOUS
10
-0.3169650787401574
20
3.6720837795275592
11
-0.3166812598425197
21
3.6720276377952756
0
LINE
8
BLACK
6
CONTINUOUS
10
-0.3166812598425197
20
3.6720276377952756
11
-0.3164379921259842
21
3.671865472440945
0
LINE
8
BLACK
6
CONTINUOUS
10
-0.3164379921259842
20
3.671865472440945
11
-0.3161679133858268
21
3.6717535826771655
0
LINE
8
BLACK
6
CONTINUOUS
10
-0.3161679133858268
20
3.6717535826771655
11
-0.3159634645669291
21
3.6715491338582678
0
LINE
8
BLACK
6
CONTINUOUS
10
-0.3159634645669291
20
3.6715491338582678
11
-0.3157226377952756
21
3.6713885826771651
0
LINE
8
BLACK
6
CONTINUOUS
10
-0.3157226377952756
20
3.6713885826771651
11
-0.3155599212598425
21
3.6711455905511809
0
LINE
8
BLACK
6
CONTINUOUS
10
-0.3155599212598425
20
3.6711455905511809
11
-0.3153532677165354
21
3.670938937007874
0
LINE
8
BLACK
6
CONTINUOUS
10
-0.3153532677165354
20
3.670938937007874
11
-0.3152425984251969
21
3.6706717322834646
0
LINE
8
BLACK
6
CONTINUOUS
10
-0.3152425984251969
20
3.6706717322834646
11
-0.3150815748031496
21
3.6704312992125985
0
LINE
8
BLACK
6
CONTINUOUS
10
-0.3150815748031496
20
3.6704312992125985
11
-0.3150242519685039
21
3.6701446456692914
0
LINE
8
BLACK
6
CONTINUOUS
10
-0.3150242519685039
20
3.6701446456692914
11
-0.3149123622047244
21
3.6698745275590552
0
LINE
8
BLACK
6
CONTINUOUS
10
-0.3149123622047244
20
3.6698745275590552
11
-0.3148562598425197
21
3.6693046062992125
0
LINE
8
BLACK
6
CONTINUOUS
10
-0.3148562598425197
20
3.6693046062992125
11
-0.3148556299212598
21
3.6693015748031494
0
LINE
8
BLACK
6
CONTINUOUS
10
-0.3148556299212598
20
3.6693015748031494
11
-0.3148558661417323
21
3.6693005511811023
0
LINE
8
BLACK
6
CONTINUOUS
10
-0.3148558661417323
20
3.6693005511811023
11
-0.3148556299212598
21
3.6692984645669289
0
LINE
8
BLACK
6
CONTINUOUS
10
-0.3148556299212598
20
3.6692984645669289
11
-0.3148556299212598
21
3.6328811417322835
0
LINE
8
BLACK
6
CONTINUOUS
10
-0.3148556299212598
20
3.6328811417322835
11
-0.3065598031496063
21
3.6328811417322835
0
LINE
8
BLACK
6
CONTINUOUS
10
-0.3065598031496063
20
3.6328811417322835
11
-0.3059837401574803
21
3.6328244094488187
0
LINE
8
BLACK
6
CONTINUOUS
10
-0.3059837401574803
20
3.6328244094488187
11
-0.3049193307086614
21
3.6323835039370076
0
LINE
8
BLACK
6
CONTINUOUS
10
-0.3049193307086614
20
3.6323835039370076
11
-0.30410468503937
21
3.6315688582677166
0
LINE
8
BLACK
6
CONTINUOUS
10
-0.30410468503937
20
3.6315688582677166
11
-0.3036637795275591
21
3.6305044488188973
0
LINE
8
BLACK
6
CONTINUOUS
10
-0.3036637795275591
20
3.6305044488188973
11
-0.3036637795275591
21
3.6293523228346456
0
LINE
8
BLACK
6
CONTINUOUS
10
-0.3036637795275591
20
3.6293523228346456
11
-0.30410468503937
21
3.6282879133858268
0
LINE
8
BLACK
6
CONTINUOUS
10
-0.30410468503937
20
3.6282879133858268
11
-0.3049193307086614
21
3.6274732677165353
0
LINE
8
BLACK
6
CONTINUOUS
10
-0.3049193307086614
20
3.6274732677165353
11
-0.3059837401574803
21
3.6270323622047242
0
LINE
8
BLACK
6
CONTINUOUS
10
-0.3059837401574803
20
3.6270323622047242
11
-0.3065598031496063
21
3.6269756299212599
0
LINE
8
BLACK
6
CONTINUOUS
10
-0.3065598031496063
20
3.6269756299212599
11
-0.329056968503937
21
3.6269756299212599
0
LINE
8
BLACK
6
CONTINUOUS
10
-0.329056968503937
20
3.6269756299212599
11
-0.329633031496063
21
3.6270323622047242
0
LINE
8
BLACK
6
CONTINUOUS
10
-0.329633031496063
20
3.6270323622047242
11
-0.3306974409448819
21
3.6274732677165353
0
LINE
8
BLACK
6
CONTINUOUS
10
-0.3306974409448819
20
3.6274732677165353
11
-0.3315120866141732
21
3.6282879133858268
0
LINE
8
BLACK
6
CONTINUOUS
10
-0.3315120866141732
20
3.6282879133858268
11
-0.3319529921259842
21
3.6293523228346456
0
LINE
8
BLACK
6
CONTINUOUS
10
-0.3319529921259842
20
3.6293523228346456
11
-0.3319529921259842
21
3.6305044488188973
0
LINE
8
BLACK
6
CONTINUOUS
10
-0.3319529921259842
20
3.6305044488188973
11
-0.3315120866141732
21
3.6315688582677166
0
LINE
8
BLACK
6
CONTINUOUS
10
-0.3315120866141732
20
3.6315688582677166
11
-0.3306974409448819
21
3.6323835039370076
0
LINE
8
BLACK
6
CONTINUOUS
10
-0.3306974409448819
20
3.6323835039370076
11
-0.329633031496063
21
3.6328244094488187
0
LINE
8
BLACK
6
CONTINUOUS
10
-0.329633031496063
20
3.6328244094488187
11
-0.329056968503937
21
3.6328811417322835
0
LINE
8
BLACK
6
CONTINUOUS
10
-0.329056968503937
20
3.6328811417322835
11
-0.3207611417322835
21
3.6328811417322835
0
LINE
8
BLACK
6
CONTINUOUS
10
-0.3207611417322835
20
3.6328811417322835
11
-0.3207611417322835
21
3.6602951181102363
0
LINE
8
BLACK
6
CONTINUOUS
10
-0.3207611417322835
20
3.6602951181102363
11
-0.3232195275590551
21
3.6578367322834646
0
LINE
8
BLACK
6
CONTINUOUS
10
-0.3232195275590551
20
3.6578367322834646
11
-0.323445905511811
21
3.6576509842519682
0
LINE
8
BLACK
6
CONTINUOUS
10
-0.323445905511811
20
3.6576509842519682
11
-0.3234970472440945
21
3.6575919685039371
0
LINE
8
BLACK
6
CONTINUOUS
10
-0.3234970472440945
20
3.6575919685039371
11
-0.3235860236220472
21
3.6575360236220473
0
LINE
8
BLACK
6
CONTINUOUS
10
-0.3235860236220472
20
3.6575360236220473
11
-0.323666968503937
21
3.657469527559055
0
LINE
8
BLACK
6
CONTINUOUS
10
-0.323666968503937
20
3.657469527559055
11
-0.323738937007874
21
3.6574397244094485
0
LINE
8
BLACK
6
CONTINUOUS
10
-0.323738937007874
20
3.6574397244094485
11
-0.3239869291338582
21
3.657283622047244
0
LINE
8
BLACK
6
CONTINUOUS
10
-0.3239869291338582
20
3.657283622047244
11
-0.3277364566929134
21
3.6554088582677164
0
LINE
8
BLACK
6
CONTINUOUS
10
-0.3277364566929134
20
3.6554088582677164
11
-0.3282770866141732
21
3.655201968503937
0
LINE
8
BLACK
6
CONTINUOUS
10
-0.3282770866141732
20
3.655201968503937
11
-0.3294262992125984
21
3.6551203149606297
0
LINE
8
BLACK
6
CONTINUOUS
10
-0.3294262992125984
20
3.6551203149606297
11
-0.3305192519685039
21
3.6554846456692913
0
LINE
8
BLACK
6
CONTINUOUS
10
-0.3305192519685039
20
3.6554846456692913
11
-0.3313896456692914
21
3.6562394881889761
0
LINE
8
BLACK
6
CONTINUOUS
10
-0.3313896456692914
20
3.6562394881889761
11
-0.3319048818897637
21
3.65727
0
LINE
8
BLACK
6
CONTINUOUS
10
-0.3319048818897637
20
3.65727
11
-0.3319865354330709
21
3.658419212598425
0
LINE
8
BLACK
6
CONTINUOUS
10
-0.3319865354330709
20
3.658419212598425
11
-0.3316222047244095
21
3.6595121653543305
0
LINE
8
BLACK
6
CONTINUOUS
10
-0.3316222047244095
20
3.6595121653543305
11
-0.3308673622047244
21
3.660382559055118
0
LINE
8
BLACK
6
CONTINUOUS
10
-0.3308673622047244
20
3.660382559055118
11
-0.3303774803149606
21
3.6606909055118111
0
LINE
8
BLACK
6
CONTINUOUS
10
-0.3303774803149606
20
3.6606909055118111
11
-0.3270565354330708
21
3.6623513779527559
0
LINE
8
BLACK
6
CONTINUOUS
10
-0.3270565354330708
20
3.6623513779527559
11
-0.3238526377952756
21
3.6655552755905512
0
LINE
8
BLACK
6
CONTINUOUS
10
-0.3238526377952756
20
3.6655552755905512
11
-0.3202652362204724
21
3.670936377952756
0
LINE
8
BLACK
6
CONTINUOUS
10
-0.3202652362204724
20
3.670936377952756
11
-0.3202638976377953
21
3.6709380708661414
0
LINE
8
BLACK
6
CONTINUOUS
10
-0.3202638976377953
20
3.6709380708661414
11
-0.3202635039370079
21
3.670938937007874
0
LINE
8
BLACK
6
CONTINUOUS
10
-0.3202635039370079
20
3.670938937007874
11
-0.3202614960629921
21
3.6709409842519682
0
LINE
8
BLACK
6
CONTINUOUS
10
-0.3202614960629921
20
3.6709409842519682
11
-0.3198984645669291
21
3.6713842125984253
0
LINE
8
BLACK
6
CONTINUOUS
10
-0.3198984645669291
20
3.6713842125984253
11
-0.3196555905511811
21
3.6715468897637793
0
LINE
8
BLACK
6
CONTINUOUS
10
-0.3196555905511811
20
3.6715468897637793
11
-0.3194488582677165
21
3.6717535826771655
0
LINE
8
BLACK
6
CONTINUOUS
10
-0.3194488582677165
20
3.6717535826771655
11
-0.3191815748031496
21
3.6718643307086611
0
LINE
8
BLACK
6
CONTINUOUS
10
-0.3191815748031496
20
3.6718643307086611
11
-0.3189411811023622
21
3.6720252755905509
0
LINE
8
BLACK
6
CONTINUOUS
10
-0.3189411811023622
20
3.6720252755905509
11
-0.3186545669291339
21
3.6720826377952753
0
LINE
8
BLACK
6
CONTINUOUS
10
-0.3186545669291339
20
3.6720826377952753
11
-0.3183844488188976
21
3.6721944881889761
0
LINE
8
BLACK
6
CONTINUOUS
10
-0.3183844488188976
20
3.6721944881889761
11
-0.318095157480315
21
3.6721944881889761
0
LINE
8
BLACK
6
CONTINUOUS
10
-0.318095157480315
20
3.6721944881889761
11
-0.3178114960629921
21
3.6722512204724409
0
LINE
8
BLACK
6
CONTINUOUS
10
-0.3178114960629921
20
3.6722512204724409
11
-0.3175247244094488
21
3.6721944881889761
0
LINE
8
BLACK
6
CONTINUOUS
10
-0.2778622440944882
20
3.6721944881889761
11
-0.2777642519685039
21
3.672153897637795
0
LINE
8
BLACK
6
CONTINUOUS
10
-0.2777642519685039
20
3.672153897637795
11
-0.2776584251968504
21
3.6721463779527559
0
LINE
8
BLACK
6
CONTINUOUS
10
-0.2776584251968504
20
3.6721463779527559
11
-0.2771177952755906
21
3.6719394881889764
0
LINE
8
BLACK
6
CONTINUOUS
10
-0.2771177952755906
20
3.6719394881889764
11
-0.2733682677165354
21
3.6700647244094489
0
LINE
8
BLACK
6
CONTINUOUS
10
-0.2733682677165354
20
3.6700647244094489
11
-0.2731202755905512
21
3.6699086614173226
0
LINE
8
BLACK
6
CONTINUOUS
10
-0.2731202755905512
20
3.6699086614173226
11
-0.2730483070866142
21
3.6698788188976379
0
LINE
8
BLACK
6
CONTINUOUS
10
-0.2730483070866142
20
3.6698788188976379
11
-0.2729673622047244
21
3.6698123622047243
0
LINE
8
BLACK
6
CONTINUOUS
10
-0.2729673622047244
20
3.6698123622047243
11
-0.2728783858267717
21
3.6697563779527558
0
LINE
8
BLACK
6
CONTINUOUS
10
-0.2728783858267717
20
3.6697563779527558
11
-0.2728272440944882
21
3.669697401574803
0
LINE
8
BLACK
6
CONTINUOUS
10
-0.2728272440944882
20
3.669697401574803
11
-0.2726008661417323
21
3.6695116141732282
0
LINE
8
BLACK
6
CONTINUOUS
10
-0.2726008661417323
20
3.6695116141732282
11
-0.2707261023622047
21
3.6676368503937007
0
LINE
8
BLACK
6
CONTINUOUS
10
-0.2707261023622047
20
3.6676368503937007
11
-0.2705403543307087
21
3.6674105118110236
0
LINE
8
BLACK
6
CONTINUOUS
10
-0.2705403543307087
20
3.6674105118110236
11
-0.2704813385826771
21
3.6673593307086612
0
LINE
8
BLACK
6
CONTINUOUS
10
-0.2704813385826771
20
3.6673593307086612
11
-0.2704253937007874
21
3.6672703937007873
0
LINE
8
BLACK
6
CONTINUOUS
10
-0.2704253937007874
20
3.6672703937007873
11
-0.2703588976377952
21
3.6671894094488189
0
LINE
8
BLACK
6
CONTINUOUS
10
-0.2703588976377952
20
3.6671894094488189
11
-0.270329094488189
21
3.6671174803149604
0
LINE
8
BLACK
6
CONTINUOUS
10
-0.270329094488189
20
3.6671174803149604
11
-0.2701729921259842
21
3.6668694488188978
0
LINE
8
BLACK
6
CONTINUOUS
10
-0.2701729921259842
20
3.6668694488188978
11
-0.2682982283464567
21
3.6631199212598426
0
LINE
8
BLACK
6
CONTINUOUS
10
-0.2682982283464567
20
3.6631199212598426
11
-0.2682821259842519
21
3.6630778346456694
0
LINE
8
BLACK
6
CONTINUOUS
10
-0.2682821259842519
20
3.6630778346456694
11
-0.2682694094488189
21
3.6630606692913386
0
LINE
8
BLACK
6
CONTINUOUS
10
-0.2682694094488189
20
3.6630606692913386
11
-0.2681831102362205
21
3.6628190944881891
0
LINE
8
BLACK
6
CONTINUOUS
10
-0.2681831102362205
20
3.6628190944881891
11
-0.2680913385826771
21
3.6625793307086614
0
LINE
8
BLACK
6
CONTINUOUS
10
-0.2680913385826771
20
3.6625793307086614
11
-0.268089842519685
21
3.6625580708661416
0
LINE
8
BLACK
6
CONTINUOUS
10
-0.268089842519685
20
3.6625580708661416
11
-0.2680746456692913
21
3.6625155511811021
0
LINE
8
BLACK
6
CONTINUOUS
10
-0.2680746456692913
20
3.6625155511811021
11
-0.2661998818897638
21
3.6550164960629918
0
LINE
8
BLACK
6
CONTINUOUS
10
-0.2661998818897638
20
3.6550164960629918
11
-0.2661851181102362
21
3.6549166535433071
0
LINE
8
BLACK
6
CONTINUOUS
10
-0.2661851181102362
20
3.6549166535433071
11
-0.2661684645669291
21
3.6548764173228347
0
LINE
8
BLACK
6
CONTINUOUS
10
-0.2661684645669291
20
3.6548764173228347
11
-0.2661471259842519
21
3.654659409448819
0
LINE
8
BLACK
6
CONTINUOUS
10
-0.2661471259842519
20
3.654659409448819
11
-0.2661152362204725
21
3.6544438976377953
0
LINE
8
BLACK
6
CONTINUOUS
10
-0.2661152362204725
20
3.6544438976377953
11
-0.2661216535433071
21
3.6544009055118107
0
LINE
8
BLACK
6
CONTINUOUS
10
-0.2661216535433071
20
3.6544009055118107
11
-0.2661117322834646
21
3.6543003543307084
0
LINE
8
BLACK
6
CONTINUOUS
10
-0.2661117322834646
20
3.6543003543307084
11
-0.2661117322834646
21
3.6449265354330707
0
LINE
8
BLACK
6
CONTINUOUS
10
-0.2661117322834646
20
3.6449265354330707
11
-0.2661216535433071
21
3.6448260236220471
0
LINE
8
BLACK
6
CONTINUOUS
10
-0.2661216535433071
20
3.6448260236220471
11
-0.2661152362204725
21
3.6447829921259842
0
LINE
8
BLACK
6
CONTINUOUS
10
-0.2661152362204725
20
3.6447829921259842
11
-0.2661471259842519
21
3.6445675196850393
0
LINE
8
BLACK
6
CONTINUOUS
10
-0.2661471259842519
20
3.6445675196850393
11
-0.2661684645669291
21
3.6443504724409448
0
LINE
8
BLACK
6
CONTINUOUS
10
-0.2661684645669291
20
3.6443504724409448
11
-0.2661851181102362
21
3.6443102755905512
0
LINE
8
BLACK
6
CONTINUOUS
10
-0.2661851181102362
20
3.6443102755905512
11
-0.2661998818897638
21
3.6442103937007873
0
LINE
8
BLACK
6
CONTINUOUS
10
-0.2661998818897638
20
3.6442103937007873
11
-0.2680746456692913
21
3.636711338582677
0
LINE
8
BLACK
6
CONTINUOUS
10
-0.2680746456692913
20
3.636711338582677
11
-0.268089842519685
21
3.6366688582677162
0
LINE
8
BLACK
6
CONTINUOUS
10
-0.268089842519685
20
3.6366688582677162
11
-0.2680913385826771
21
3.6366475590551182
0
LINE
8
BLACK
6
CONTINUOUS
10
-0.2680913385826771
20
3.6366475590551182
11
-0.2681831102362205
21
3.6364078346456692
0
LINE
8
BLACK
6
CONTINUOUS
10
-0.2681831102362205
20
3.6364078346456692
11
-0.2682694094488189
21
3.636166220472441
0
LINE
8
BLACK
6
CONTINUOUS
10
-0.2682694094488189
20
3.636166220472441
11
-0.2682821259842519
21
3.6361490944881889
0
LINE
8
BLACK
6
CONTINUOUS
10
-0.2682821259842519
20
3.6361490944881889
11
-0.2682982283464567
21
3.6361069685039369
0
LINE
8
BLACK
6
CONTINUOUS
10
-0.2682982283464567
20
3.6361069685039369
11
-0.2701729921259842
21
3.6323574409448818
0
LINE
8
BLACK
6
CONTINUOUS
10
-0.2701729921259842
20
3.6323574409448818
11
-0.2703290551181102
21
3.6321095669291337
0
LINE
8
BLACK
6
CONTINUOUS
10
-0.2703290551181102
20
3.6321095669291337
11
-0.2703588582677166
21
3.6320375196850394
0
LINE
8
BLACK
6
CONTINUOUS
10
-0.2703588582677166
20
3.6320375196850394
11
-0.2704253937007874
21
3.6319564960629922
0
LINE
8
BLACK
6
CONTINUOUS
10
-0.2704253937007874
20
3.6319564960629922
11
-0.2704813385826771
21
3.6318675590551179
0
LINE
8
BLACK
6
CONTINUOUS
10
-0.2704813385826771
20
3.6318675590551179
11
-0.2705403543307087
21
3.6318164173228347
0
LINE
8
BLACK
6
CONTINUOUS
10
-0.2705403543307087
20
3.6318164173228347
11
-0.2707261023622047
21
3.6315900393700788
0
LINE
8
BLACK
6
CONTINUOUS
10
-0.2707261023622047
20
3.6315900393700788
11
-0.2726008267716535
21
3.6297152755905513
0
LINE
8
BLACK
6
CONTINUOUS
10
-0.2726008267716535
20
3.6297152755905513
11
-0.2728272047244095
21
3.6295295275590549
0
LINE
8
BLACK
6
CONTINUOUS
10
-0.2728272047244095
20
3.6295295275590549
11
-0.2728783858267717
21
3.629470472440945
0
LINE
8
BLACK
6
CONTINUOUS
10
-0.2728783858267717
20
3.629470472440945
11
-0.2729673622047244
21
3.6294144881889765
0
LINE
8
BLACK
6
CONTINUOUS
10
-0.2729673622047244
20
3.6294144881889765
11
-0.2730483070866142
21
3.6293480314960629
0
LINE
8
BLACK
6
CONTINUOUS
10
-0.2730483070866142
20
3.6293480314960629
11
-0.2731202755905512
21
3.6293182283464565
0
LINE
8
BLACK
6
CONTINUOUS
10
-0.2731202755905512
20
3.6293182283464565
11
-0.2733682677165354
21
3.6291621259842519
0
LINE
8
BLACK
6
CONTINUOUS
10
-0.2733682677165354
20
3.6291621259842519
11
-0.2771177952755906
21
3.6272873622047244
0
LINE
8
BLACK
6
CONTINUOUS
10
-0.2771177952755906
20
3.6272873622047244
11
-0.2776584251968504
21
3.6270804724409449
0
LINE
8
BLACK
6
CONTINUOUS
10
-0.2776584251968504
20
3.6270804724409449
11
-0.2777642519685039
21
3.6270729921259841
0
LINE
8
BLACK
6
CONTINUOUS
10
-0.2777642519685039
20
3.6270729921259841
11
-0.2778622440944882
21
3.6270323622047242
0
LINE
8
BLACK
6
CONTINUOUS
10
-0.2778622440944882
20
3.6270323622047242
11
-0.2784383070866142
21
3.6269756299212599
0
LINE
8
BLACK
6
CONTINUOUS
10
-0.2784383070866142
20
3.6269756299212599
11
-0.2821878346456693
21
3.6269756299212599
0
LINE
8
BLACK
6
CONTINUOUS
10
-0.2821878346456693
20
3.6269756299212599
11
-0.2827638976377952
21
3.6270323622047242
0
LINE
8
BLACK
6
CONTINUOUS
10
-0.2827638976377952
20
3.6270323622047242
11
-0.2828618897637795
21
3.6270729527559054
0
LINE
8
BLACK
6
CONTINUOUS
10
-0.2828618897637795
20
3.6270729527559054
11
-0.2829677559055118
21
3.6270804724409449
0
LINE
8
BLACK
6
CONTINUOUS
10
-0.2829677559055118
20
3.6270804724409449
11
-0.2835083464566929
21
3.6272873622047244
0
LINE
8
BLACK
6
CONTINUOUS
10
-0.2835083464566929
20
3.6272873622047244
11
-0.287257874015748
21
3.6291621259842519
0
LINE
8
BLACK
6
CONTINUOUS
10
-0.287257874015748
20
3.6291621259842519
11
-0.287505905511811
21
3.6293182283464565
0
LINE
8
BLACK
6
CONTINUOUS
10
-0.287505905511811
20
3.6293182283464565
11
-0.2875778346456693
21
3.6293480314960629
0
LINE
8
BLACK
6
CONTINUOUS
10
-0.2875778346456693
20
3.6293480314960629
11
-0.2876588188976378
21
3.6294144881889765
0
LINE
8
BLACK
6
CONTINUOUS
10
-0.2876588188976378
20
3.6294144881889765
11
-0.2877477559055118
21
3.629470472440945
0
LINE
8
BLACK
6
CONTINUOUS
10
-0.2877477559055118
20
3.629470472440945
11
-0.2877989763779528
21
3.6295295275590549
0
LINE
8
BLACK
6
CONTINUOUS
10
-0.2877989763779528
20
3.6295295275590549
11
-0.2880253149606299
21
3.6297152755905513
0
LINE
8
BLACK
6
CONTINUOUS
10
-0.2880253149606299
20
3.6297152755905513
11
-0.2899000787401575
21
3.6315900787401576
0
LINE
8
BLACK
6
CONTINUOUS
10
-0.2899000787401575
20
3.6315900787401576
11
-0.2900858267716535
21
3.6318164173228347
0
LINE
8
BLACK
6
CONTINUOUS
10
-0.2900858267716535
20
3.6318164173228347
11
-0.2901448031496063
21
3.6318675590551179
0
LINE
8
BLACK
6
CONTINUOUS
10
-0.2901448031496063
20
3.6318675590551179
11
-0.2902007874015748
21
3.6319564960629922
0
LINE
8
BLACK
6
CONTINUOUS
10
-0.2902007874015748
20
3.6319564960629922
11
-0.2902672834645669
21
3.6320375196850394
0
LINE
8
BLACK
6
CONTINUOUS
10
-0.2902672834645669
20
3.6320375196850394
11
-0.2902971259842519
21
3.6321095669291337
0
LINE
8
BLACK
6
CONTINUOUS
10
-0.2902971259842519
20
3.6321095669291337
11
-0.2904531496062992
21
3.6323574409448818
0
LINE
8
BLACK
6
CONTINUOUS
10
-0.2904531496062992
20
3.6323574409448818
11
-0.2923279133858268
21
3.6361069685039369
0
LINE
8
BLACK
6
CONTINUOUS
10
-0.2923279133858268
20
3.6361069685039369
11
-0.2923440551181102
21
3.6361490944881889
0
LINE
8
BLACK
6
CONTINUOUS
10
-0.2923440551181102
20
3.6361490944881889
11
-0.2923567322834645
21
3.636166220472441
0
LINE
8
BLACK
6
CONTINUOUS
10
-0.2923567322834645
20
3.636166220472441
11
-0.2924431889763779
21
3.636408188976378
0
LINE
8
BLACK
6
CONTINUOUS
10
-0.2924431889763779
20
3.636408188976378
11
-0.2925348031496063
21
3.6366475984251969
0
LINE
8
BLACK
6
CONTINUOUS
10
-0.2925348031496063
20
3.6366475984251969
11
-0.2925363385826771
21
3.6366688582677162
0
LINE
8
BLACK
6
CONTINUOUS
10
-0.2925363385826771
20
3.6366688582677162
11
-0.2925514960629921
21
3.636711338582677
0
LINE
8
BLACK
6
CONTINUOUS
10
-0.2925514960629921
20
3.636711338582677
11
-0.2944262598425197
21
3.6442103937007873
0
LINE
8
BLACK
6
CONTINUOUS
10
-0.2944262598425197
20
3.6442103937007873
11
-0.294441062992126
21
3.6443102755905512
0
LINE
8
BLACK
6
CONTINUOUS
10
-0.294441062992126
20
3.6443102755905512
11
-0.2944576771653543
21
3.6443504724409448
0
LINE
8
BLACK
6
CONTINUOUS
10
-0.2944576771653543
20
3.6443504724409448
11
-0.2944790551181102
21
3.6445675196850393
0
LINE
8
BLACK
6
CONTINUOUS
10
-0.2944790551181102
20
3.6445675196850393
11
-0.294510905511811
21
3.6447829921259842
0
LINE
8
BLACK
6
CONTINUOUS
10
-0.294510905511811
20
3.6447829921259842
11
-0.2945045275590551
21
3.6448260236220471
0
LINE
8
BLACK
6
CONTINUOUS
10
-0.2945045275590551
20
3.6448260236220471
11
-0.2945144094488189
21
3.6449265354330707
0
LINE
8
BLACK
6
CONTINUOUS
10
-0.2945144094488189
20
3.6449265354330707
11
-0.2945144094488189
21
3.6543003543307084
0
LINE
8
BLACK
6
CONTINUOUS
10
-0.2945144094488189
20
3.6543003543307084
11
-0.2945045275590551
21
3.6544009055118107
0
LINE
8
BLACK
6
CONTINUOUS
10
-0.2945045275590551
20
3.6544009055118107
11
-0.294510905511811
21
3.6544438976377953
0
LINE
8
BLACK
6
CONTINUOUS
10
-0.294510905511811
20
3.6544438976377953
11
-0.2944790551181102
21
3.654659409448819
0
LINE
8
BLACK
6
CONTINUOUS
10
-0.2944790551181102
20
3.654659409448819
11
-0.2944576771653543
21
3.6548764173228347
0
LINE
8
BLACK
6
CONTINUOUS
10
-0.2944576771653543
20
3.6548764173228347
11
-0.294441062992126
21
3.6549166535433071
0
LINE
8
BLACK
6
CONTINUOUS
10
-0.294441062992126
20
3.6549166535433071
11
-0.2944262598425197
21
3.6550164960629918
0
LINE
8
BLACK
6
CONTINUOUS
10
-0.2944262598425197
20
3.6550164960629918
11
-0.2925514960629921
21
3.6625155511811021
0
LINE
8
BLACK
6
CONTINUOUS
10
-0.2925514960629921
20
3.6625155511811021
11
-0.2925363385826771
21
3.6625580708661416
0
LINE
8
BLACK
6
CONTINUOUS
10
-0.2925363385826771
20
3.6625580708661416
11
-0.2925348031496063
21
3.6625792913385826
0
LINE
8
BLACK
6
CONTINUOUS
10
-0.2925348031496063
20
3.6625792913385826
11
-0.2924431889763779
21
3.6628187401574803
0
LINE
8
BLACK
6
CONTINUOUS
10
-0.2924431889763779
20
3.6628187401574803
11
-0.2923567322834645
21
3.6630606692913386
0
LINE
8
BLACK
6
CONTINUOUS
10
-0.2923567322834645
20
3.6630606692913386
11
-0.2923440551181102
21
3.6630778346456694
0
LINE
8
BLACK
6
CONTINUOUS
10
-0.2923440551181102
20
3.6630778346456694
11
-0.2923279133858268
21
3.6631199212598426
0
LINE
8
BLACK
6
CONTINUOUS
10
-0.2923279133858268
20
3.6631199212598426
11
-0.2904531496062992
21
3.6668694488188978
0
LINE
8
BLACK
6
CONTINUOUS
10
-0.2904531496062992
20
3.6668694488188978
11
-0.2902970866141732
21
3.6671174803149604
0
LINE
8
BLACK
6
CONTINUOUS
10
-0.2902970866141732
20
3.6671174803149604
11
-0.2902672440944882
21
3.6671894094488189
0
LINE
8
BLACK
6
CONTINUOUS
10
-0.2902672440944882
20
3.6671894094488189
11
-0.2902007874015748
21
3.6672703937007873
0
LINE
8
BLACK
6
CONTINUOUS
10
-0.2902007874015748
20
3.6672703937007873
11
-0.2901448031496063
21
3.6673593307086612
0
LINE
8
BLACK
6
CONTINUOUS
10
-0.2901448031496063
20
3.6673593307086612
11
-0.2900858267716535
21
3.6674105118110236
0
LINE
8
BLACK
6
CONTINUOUS
10
-0.2900858267716535
20
3.6674105118110236
11
-0.2899000393700787
21
3.6676368503937007
0
LINE
8
BLACK
6
CONTINUOUS
10
-0.2899000393700787
20
3.6676368503937007
11
-0.2880252755905512
21
3.6695116141732282
0
LINE
8
BLACK
6
CONTINUOUS
10
-0.2880252755905512
20
3.6695116141732282
11
-0.287798937007874
21
3.669697401574803
0
LINE
8
BLACK
6
CONTINUOUS
10
-0.287798937007874
20
3.669697401574803
11
-0.2877477559055118
21
3.6697563779527558
0
LINE
8
BLACK
6
CONTINUOUS
10
-0.2877477559055118
20
3.6697563779527558
11
-0.2876588188976378
21
3.6698123622047243
0
LINE
8
BLACK
6
CONTINUOUS
10
-0.2876588188976378
20
3.6698123622047243
11
-0.2875778346456693
21
3.6698788188976379
0
LINE
8
BLACK
6
CONTINUOUS
10
-0.2875778346456693
20
3.6698788188976379
11
-0.287505905511811
21
3.6699086614173226
0
LINE
8
BLACK
6
CONTINUOUS
10
-0.287505905511811
20
3.6699086614173226
11
-0.287257874015748
21
3.6700647244094489
0
LINE
8
BLACK
6
CONTINUOUS
10
-0.287257874015748
20
3.6700647244094489
11
-0.2835083464566929
21
3.6719394881889764
0
LINE
8
BLACK
6
CONTINUOUS
10
-0.2835083464566929
20
3.6719394881889764
11
-0.2829677559055118
21
3.6721463779527559
0
LINE
8
BLACK
6
CONTINUOUS
10
-0.2829677559055118
20
3.6721463779527559
11
-0.2828618897637795
21
3.6721539370078737
0
LINE
8
BLACK
6
CONTINUOUS
10
-0.2828618897637795
20
3.6721539370078737
11
-0.2827638976377952
21
3.6721944881889761
0
LINE
8
BLACK
6
CONTINUOUS
10
-0.2827638976377952
20
3.6721944881889761
11
-0.2821878346456693
21
3.6722512204724409
0
LINE
8
BLACK
6
CONTINUOUS
10
-0.2821878346456693
20
3.6722512204724409
11
-0.2784383070866142
21
3.6722512204724409
0
LINE
8
BLACK
6
CONTINUOUS
10
-0.2784383070866142
20
3.6722512204724409
11
-0.2778622440944882
21
3.6721944881889761
0
LINE
8
BLACK
6
CONTINUOUS
10
-0.2841882677165354
20
3.664996968503937
11
-0.2853853937007874
21
3.6637998425196852
0
LINE
8
BLACK
6
CONTINUOUS
10
-0.2853853937007874
20
3.6637998425196852
11
-0.286900905511811
21
3.6607688582677165
0
LINE
8
BLACK
6
CONTINUOUS
10
-0.286900905511811
20
3.6607688582677165
11
-0.2886088976377953
21
3.6539368110236219
0
LINE
8
BLACK
6
CONTINUOUS
10
-0.2886088976377953
20
3.6539368110236219
11
-0.2886088976377953
21
3.6452900787401572
0
LINE
8
BLACK
6
CONTINUOUS
10
-0.2886088976377953
20
3.6452900787401572
11
-0.286900905511811
21
3.6384580314960631
0
LINE
8
BLACK
6
CONTINUOUS
10
-0.286900905511811
20
3.6384580314960631
11
-0.2853853937007874
21
3.6354270472440944
0
LINE
8
BLACK
6
CONTINUOUS
10
-0.2853853937007874
20
3.6354270472440944
11
-0.2841882677165354
21
3.6342298818897638
0
LINE
8
BLACK
6
CONTINUOUS
10
-0.2841882677165354
20
3.6342298818897638
11
-0.2814907874015748
21
3.6328811417322835
0
LINE
8
BLACK
6
CONTINUOUS
10
-0.2814907874015748
20
3.6328811417322835
11
-0.2791353543307086
21
3.6328811417322835
0
LINE
8
BLACK
6
CONTINUOUS
10
-0.2791353543307086
20
3.6328811417322835
11
-0.2764379133858267
21
3.6342298818897638
0
LINE
8
BLACK
6
CONTINUOUS
10
-0.2764379133858267
20
3.6342298818897638
11
-0.2752407874015748
21
3.6354270472440944
0
LINE
8
BLACK
6
CONTINUOUS
10
-0.2752407874015748
20
3.6354270472440944
11
-0.2737252755905512
21
3.6384580314960631
0
LINE
8
BLACK
6
CONTINUOUS
10
-0.2737252755905512
20
3.6384580314960631
11
-0.2720172440944882
21
3.6452900787401572
0
LINE
8
BLACK
6
CONTINUOUS
10
-0.2720172440944882
20
3.6452900787401572
11
-0.2720172440944882
21
3.6539368110236219
0
LINE
8
BLACK
6
CONTINUOUS
10
-0.2720172440944882
20
3.6539368110236219
11
-0.2737252755905512
21
3.6607688582677165
0
LINE
8
BLACK
6
CONTINUOUS
10
-0.2737252755905512
20
3.6607688582677165
11
-0.2752407480314961
21
3.6637998425196852
0
LINE
8
BLACK
6
CONTINUOUS
10
-0.2752407480314961
20
3.6637998425196852
11
-0.276437874015748
21
3.664996968503937
0
LINE
8
BLACK
6
CONTINUOUS
10
-0.276437874015748
20
3.664996968503937
11
-0.2791353543307086
21
3.6663457086614173
0
LINE
8
BLACK
6
CONTINUOUS
10
-0.2791353543307086
20
3.6663457086614173
11
-0.2814907874015748
21
3.6663457086614173
0
LINE
8
BLACK
6
CONTINUOUS
10
-0.2814907874015748
20
3.6663457086614173
11
-0.2841882677165354
21
3.664996968503937
0
LINE
8
BLACK
6
CONTINUOUS
10
-0.2237864566929134
20
3.6721944881889761
11
-0.2234940551181102
21
3.6721944881889761
0
LINE
8
BLACK
6
CONTINUOUS
10
-0.2234940551181102
20
3.6721944881889761
11
-0.223226811023622
21
3.6720837795275592
0
LINE
8
BLACK
6
CONTINUOUS
10
-0.223226811023622
20
3.6720837795275592
11
-0.2229429921259843
21
3.6720276377952756
0
LINE
8
BLACK
6
CONTINUOUS
10
-0.2229429921259843
20
3.6720276377952756
11
-0.2226997244094488
21
3.671865472440945
0
LINE
8
BLACK
6
CONTINUOUS
10
-0.2226997244094488
20
3.671865472440945
11
-0.2224296456692913
21
3.6717535826771655
0
LINE
8
BLACK
6
CONTINUOUS
10
-0.2224296456692913
20
3.6717535826771655
11
-0.2222251968503937
21
3.6715491338582678
0
LINE
8
BLACK
6
CONTINUOUS
10
-0.2222251968503937
20
3.6715491338582678
11
-0.2219843700787401
21
3.6713885826771651
0
LINE
8
BLACK
6
CONTINUOUS
10
-0.2219843700787401
20
3.6713885826771651
11
-0.2218216535433071
21
3.6711455905511809
0
LINE
8
BLACK
6
CONTINUOUS
10
-0.2218216535433071
20
3.6711455905511809
11
-0.221615
21
3.670938937007874
0
LINE
8
BLACK
6
CONTINUOUS
10
-0.221615
20
3.670938937007874
11
-0.2215043307086614
21
3.6706717322834646
0
LINE
8
BLACK
6
CONTINUOUS
10
-0.2215043307086614
20
3.6706717322834646
11
-0.2213433070866142
21
3.6704312992125985
0
LINE
8
BLACK
6
CONTINUOUS
10
-0.2213433070866142
20
3.6704312992125985
11
-0.2212859842519685
21
3.6701446456692914
0
LINE
8
BLACK
6
CONTINUOUS
10
-0.2212859842519685
20
3.6701446456692914
11
-0.221174094488189
21
3.6698745275590552
0
LINE
8
BLACK
6
CONTINUOUS
10
-0.221174094488189
20
3.6698745275590552
11
-0.2211179921259842
21
3.6693046062992125
0
LINE
8
BLACK
6
CONTINUOUS
10
-0.2211179921259842
20
3.6693046062992125
11
-0.2211173622047244
21
3.6693015748031494
0
LINE
8
BLACK
6
CONTINUOUS
10
-0.2211173622047244
20
3.6693015748031494
11
-0.2211175984251968
21
3.6693005511811023
0
LINE
8
BLACK
6
CONTINUOUS
10
-0.2211175984251968
20
3.6693005511811023
11
-0.2211173622047244
21
3.6692984645669289
0
LINE
8
BLACK
6
CONTINUOUS
10
-0.2211173622047244
20
3.6692984645669289
11
-0.2211173622047244
21
3.6328811417322835
0
LINE
8
BLACK
6
CONTINUOUS
10
-0.2211173622047244
20
3.6328811417322835
11
-0.2128215354330709
21
3.6328811417322835
0
LINE
8
BLACK
6
CONTINUOUS
10
-0.2128215354330709
20
3.6328811417322835
11
-0.2122454724409449
21
3.6328244094488187
0
LINE
8
BLACK
6
CONTINUOUS
10
-0.2122454724409449
20
3.6328244094488187
11
-0.211181062992126
21
3.6323835039370076
0
LINE
8
BLACK
6
CONTINUOUS
10
-0.211181062992126
20
3.6323835039370076
11
-0.2103664173228346
21
3.6315688582677166
0
LINE
8
BLACK
6
CONTINUOUS
10
-0.2103664173228346
20
3.6315688582677166
11
-0.2099255118110236
21
3.6305044488188973
0
LINE
8
BLACK
6
CONTINUOUS
10
-0.2099255118110236
20
3.6305044488188973
11
-0.2099255118110236
21
3.6293523228346456
0
LINE
8
BLACK
6
CONTINUOUS
10
-0.2099255118110236
20
3.6293523228346456
11
-0.2103664173228346
21
3.6282879133858268
0
LINE
8
BLACK
6
CONTINUOUS
10
-0.2103664173228346
20
3.6282879133858268
11
-0.211181062992126
21
3.6274732677165353
0
LINE
8
BLACK
6
CONTINUOUS
10
-0.211181062992126
20
3.6274732677165353
11
-0.2122454724409449
21
3.6270323622047242
0
LINE
8
BLACK
6
CONTINUOUS
10
-0.2122454724409449
20
3.6270323622047242
11
-0.2128215354330709
21
3.6269756299212599
0
LINE
8
BLACK
6
CONTINUOUS
10
-0.2128215354330709
20
3.6269756299212599
11
-0.2353187007874016
21
3.6269756299212599
0
LINE
8
BLACK
6
CONTINUOUS
10
-0.2353187007874016
20
3.6269756299212599
11
-0.2358947637795276
21
3.6270323622047242
0
LINE
8
BLACK
6
CONTINUOUS
10
-0.2358947637795276
20
3.6270323622047242
11
-0.2369591732283464
21
3.6274732677165353
0
LINE
8
BLACK
6
CONTINUOUS
10
-0.2369591732283464
20
3.6274732677165353
11
-0.2377738188976378
21
3.6282879133858268
0
LINE
8
BLACK
6
CONTINUOUS
10
-0.2377738188976378
20
3.6282879133858268
11
-0.2382147244094488
21
3.6293523228346456
0
LINE
8
BLACK
6
CONTINUOUS
10
-0.2382147244094488
20
3.6293523228346456
11
-0.2382147244094488
21
3.6305044488188973
0
LINE
8
BLACK
6
CONTINUOUS
10
-0.2382147244094488
20
3.6305044488188973
11
-0.2377738188976378
21
3.6315688582677166
0
LINE
8
BLACK
6
CONTINUOUS
10
-0.2377738188976378
20
3.6315688582677166
11
-0.2369591732283464
21
3.6323835039370076
0
LINE
8
BLACK
6
CONTINUOUS
10
-0.2369591732283464
20
3.6323835039370076
11
-0.2358947637795276
21
3.6328244094488187
0
LINE
8
BLACK
6
CONTINUOUS
10
-0.2358947637795276
20
3.6328244094488187
11
-0.2353187007874016
21
3.6328811417322835
0
LINE
8
BLACK
6
CONTINUOUS
10
-0.2353187007874016
20
3.6328811417322835
11
-0.227022874015748
21
3.6328811417322835
0
LINE
8
BLACK
6
CONTINUOUS
10
-0.227022874015748
20
3.6328811417322835
11
-0.227022874015748
21
3.6602951181102363
0
LINE
8
BLACK
6
CONTINUOUS
10
-0.227022874015748
20
3.6602951181102363
11
-0.2294812598425197
21
3.6578367322834646
0
LINE
8
BLACK
6
CONTINUOUS
10
-0.2294812598425197
20
3.6578367322834646
11
-0.2297076377952756
21
3.6576509842519682
0
LINE
8
BLACK
6
CONTINUOUS
10
-0.2297076377952756
20
3.6576509842519682
11
-0.229758779527559
21
3.6575919685039371
0
LINE
8
BLACK
6
CONTINUOUS
10
-0.229758779527559
20
3.6575919685039371
11
-0.2298477559055118
21
3.6575360236220473
0
LINE
8
BLACK
6
CONTINUOUS
10
-0.2298477559055118
20
3.6575360236220473
11
-0.2299287007874016
21
3.657469527559055
0
LINE
8
BLACK
6
CONTINUOUS
10
-0.2299287007874016
20
3.657469527559055
11
-0.2300006692913386
21
3.6574397244094485
0
LINE
8
BLACK
6
CONTINUOUS
10
-0.2300006692913386
20
3.6574397244094485
11
-0.2302486614173228
21
3.657283622047244
0
LINE
8
BLACK
6
CONTINUOUS
10
-0.2302486614173228
20
3.657283622047244
11
-0.2339981889763779
21
3.6554088582677164
0
LINE
8
BLACK
6
CONTINUOUS
10
-0.2339981889763779
20
3.6554088582677164
11
-0.2345388188976378
21
3.655201968503937
0
LINE
8
BLACK
6
CONTINUOUS
10
-0.2345388188976378
20
3.655201968503937
11
-0.235688031496063
21
3.6551203149606297
0
LINE
8
BLACK
6
CONTINUOUS
10
-0.235688031496063
20
3.6551203149606297
11
-0.2367809842519685
21
3.6554846456692913
0
LINE
8
BLACK
6
CONTINUOUS
10
-0.2367809842519685
20
3.6554846456692913
11
-0.2376513779527559
21
3.6562394881889761
0
LINE
8
BLACK
6
CONTINUOUS
10
-0.2376513779527559
20
3.6562394881889761
11
-0.2381666141732283
21
3.65727
0
LINE
8
BLACK
6
CONTINUOUS
10
-0.2381666141732283
20
3.65727
11
-0.2382482677165354
21
3.658419212598425
0
LINE
8
BLACK
6
CONTINUOUS
10
-0.2382482677165354
20
3.658419212598425
11
-0.237883937007874
21
3.6595121653543305
0
LINE
8
BLACK
6
CONTINUOUS
10
-0.237883937007874
20
3.6595121653543305
11
-0.237129094488189
21
3.660382559055118
0
LINE
8
BLACK
6
CONTINUOUS
10
-0.237129094488189
20
3.660382559055118
11
-0.2366392125984252
21
3.6606909055118111
0
LINE
8
BLACK
6
CONTINUOUS
10
-0.2366392125984252
20
3.6606909055118111
11
-0.2333182677165354
21
3.6623513779527559
0
LINE
8
BLACK
6
CONTINUOUS
10
-0.2333182677165354
20
3.6623513779527559
11
-0.2301143700787402
21
3.6655552755905512
0
LINE
8
BLACK
6
CONTINUOUS
10
-0.2301143700787402
20
3.6655552755905512
11
-0.226526968503937
21
3.670936377952756
0
LINE
8
BLACK
6
CONTINUOUS
10
-0.226526968503937
20
3.670936377952756
11
-0.2265256299212598
21
3.6709380708661414
0
LINE
8
BLACK
6
CONTINUOUS
10
-0.2265256299212598
20
3.6709380708661414
11
-0.2265252362204724
21
3.670938937007874
0
LINE
8
BLACK
6
CONTINUOUS
10
-0.2265252362204724
20
3.670938937007874
11
-0.2265232283464567
21
3.6709409842519682
0
LINE
8
BLACK
6
CONTINUOUS
10
-0.2265232283464567
20
3.6709409842519682
11
-0.2261601968503937
21
3.6713842125984253
0
LINE
8
BLACK
6
CONTINUOUS
10
-0.2261601968503937
20
3.6713842125984253
11
-0.2259173228346457
21
3.6715468897637793
0
LINE
8
BLACK
6
CONTINUOUS
10
-0.2259173228346457
20
3.6715468897637793
11
-0.2257105905511811
21
3.6717535826771655
0
LINE
8
BLACK
6
CONTINUOUS
10
-0.2257105905511811
20
3.6717535826771655
11
-0.2254433070866142
21
3.6718643307086611
0
LINE
8
BLACK
6
CONTINUOUS
10
-0.2254433070866142
20
3.6718643307086611
11
-0.2252029133858268
21
3.6720252755905509
0
LINE
8
BLACK
6
CONTINUOUS
10
-0.2252029133858268
20
3.6720252755905509
11
-0.2249162992125984
21
3.6720826377952753
0
LINE
8
BLACK
6
CONTINUOUS
10
-0.2249162992125984
20
3.6720826377952753
11
-0.2246461811023622
21
3.6721944881889761
0
LINE
8
BLACK
6
CONTINUOUS
10
-0.2246461811023622
20
3.6721944881889761
11
-0.2243568897637795
21
3.6721944881889761
0
LINE
8
BLACK
6
CONTINUOUS
10
-0.2243568897637795
20
3.6721944881889761
11
-0.2240732283464567
21
3.6722512204724409
0
LINE
8
BLACK
6
CONTINUOUS
10
-0.2240732283464567
20
3.6722512204724409
11
-0.2237864566929134
21
3.6721944881889761
0
LINE
8
BLACK
6
CONTINUOUS
10
-0.1784996850393701
20
3.6721944881889761
11
-0.1774352755905512
21
3.6717535826771655
0
LINE
8
BLACK
6
CONTINUOUS
10
-0.1774352755905512
20
3.6717535826771655
11
-0.1766206299212598
21
3.670938937007874
0
LINE
8
BLACK
6
CONTINUOUS
10
-0.1766206299212598
20
3.670938937007874
11
-0.1761797244094488
21
3.6698745275590552
0
LINE
8
BLACK
6
CONTINUOUS
10
-0.1761797244094488
20
3.6698745275590552
11
-0.1761797244094488
21
3.668722401574803
0
LINE
8
BLACK
6
CONTINUOUS
10
-0.1761797244094488
20
3.668722401574803
11
-0.1766206299212598
21
3.6676579921259842
0
LINE
8
BLACK
6
CONTINUOUS
10
-0.1766206299212598
20
3.6676579921259842
11
-0.1774352755905512
21
3.6668433464566927
0
LINE
8
BLACK
6
CONTINUOUS
10
-0.1774352755905512
20
3.6668433464566927
11
-0.1784996850393701
21
3.6664024409448817
0
LINE
8
BLACK
6
CONTINUOUS
10
-0.1784996850393701
20
3.6664024409448817
11
-0.1790757480314961
21
3.6663457086614173
0
LINE
8
BLACK
6
CONTINUOUS
10
-0.1790757480314961
20
3.6663457086614173
11
-0.1858777559055118
21
3.6663457086614173
0
LINE
8
BLACK
6
CONTINUOUS
10
-0.1858777559055118
20
3.6663457086614173
11
-0.1885752362204724
21
3.664996968503937
0
LINE
8
BLACK
6
CONTINUOUS
10
-0.1885752362204724
20
3.664996968503937
11
-0.1899044488188976
21
3.6636677952755905
0
LINE
8
BLACK
6
CONTINUOUS
10
-0.1899044488188976
20
3.6636677952755905
11
-0.1932080708661417
21
3.6587123228346456
0
LINE
8
BLACK
6
CONTINUOUS
10
-0.1932080708661417
20
3.6587123228346456
11
-0.1939373622047244
21
3.6557951181102362
0
LINE
8
BLACK
6
CONTINUOUS
10
-0.1939373622047244
20
3.6557951181102362
11
-0.191644842519685
21
3.656941377952756
0
LINE
8
BLACK
6
CONTINUOUS
10
-0.191644842519685
20
3.656941377952756
11
-0.1911042519685039
21
3.6571482677165355
0
LINE
8
BLACK
6
CONTINUOUS
10
-0.1911042519685039
20
3.6571482677165355
11
-0.1909983858267716
21
3.6571558267716533
0
LINE
8
BLACK
6
CONTINUOUS
10
-0.1909983858267716
20
3.6571558267716533
11
-0.1909003937007874
21
3.6571963779527557
0
LINE
8
BLACK
6
CONTINUOUS
10
-0.1909003937007874
20
3.6571963779527557
11
-0.1903243307086614
21
3.6572531102362205
0
LINE
8
BLACK
6
CONTINUOUS
10
-0.1903243307086614
20
3.6572531102362205
11
-0.1828252755905512
21
3.6572531102362205
0
LINE
8
BLACK
6
CONTINUOUS
10
-0.1828252755905512
20
3.6572531102362205
11
-0.1822492125984252
21
3.6571963779527557
0
LINE
8
BLACK
6
CONTINUOUS
10
-0.1822492125984252
20
3.6571963779527557
11
-0.182151220472441
21
3.6571557874015745
0
LINE
8
BLACK
6
CONTINUOUS
10
-0.182151220472441
20
3.6571557874015745
11
-0.1820453937007874
21
3.6571482677165355
0
LINE
8
BLACK
6
CONTINUOUS
10
-0.1820453937007874
20
3.6571482677165355
11
-0.1815047637795276
21
3.656941377952756
0
LINE
8
BLACK
6
CONTINUOUS
10
-0.1815047637795276
20
3.656941377952756
11
-0.1777552362204724
21
3.6550666141732284
0
LINE
8
BLACK
6
CONTINUOUS
10
-0.1777552362204724
20
3.6550666141732284
11
-0.1775072440944882
21
3.6549105511811022
0
LINE
8
BLACK
6
CONTINUOUS
10
-0.1775072440944882
20
3.6549105511811022
11
-0.1774352755905512
21
3.6548807086614175
0
LINE
8
BLACK
6
CONTINUOUS
10
-0.1774352755905512
20
3.6548807086614175
11
-0.1773543307086614
21
3.6548142519685038
0
LINE
8
BLACK
6
CONTINUOUS
10
-0.1773543307086614
20
3.6548142519685038
11
-0.1772653543307087
21
3.6547582677165353
0
LINE
8
BLACK
6
CONTINUOUS
10
-0.1772653543307087
20
3.6547582677165353
11
-0.1772142125984252
21
3.6546992913385825
0
LINE
8
BLACK
6
CONTINUOUS
10
-0.1772142125984252
20
3.6546992913385825
11
-0.1769878346456693
21
3.6545135039370078
0
LINE
8
BLACK
6
CONTINUOUS
10
-0.1769878346456693
20
3.6545135039370078
11
-0.1751130708661417
21
3.6526387401574802
0
LINE
8
BLACK
6
CONTINUOUS
10
-0.1751130708661417
20
3.6526387401574802
11
-0.1749273228346457
21
3.6524124015748032
0
LINE
8
BLACK
6
CONTINUOUS
10
-0.1749273228346457
20
3.6524124015748032
11
-0.1748683070866142
21
3.6523612204724407
0
LINE
8
BLACK
6
CONTINUOUS
10
-0.1748683070866142
20
3.6523612204724407
11
-0.1748123622047244
21
3.6522722834645669
0
LINE
8
BLACK
6
CONTINUOUS
10
-0.1748123622047244
20
3.6522722834645669
11
-0.1747458661417323
21
3.6521912992125984
0
LINE
8
BLACK
6
CONTINUOUS
10
-0.1747458661417323
20
3.6521912992125984
11
-0.174716062992126
21
3.65211937007874
0
LINE
8
BLACK
6
CONTINUOUS
10
-0.174716062992126
20
3.65211937007874
11
-0.1745599606299213
21
3.6518713385826769
0
LINE
8
BLACK
6
CONTINUOUS
10
-0.1745599606299213
20
3.6518713385826769
11
-0.1726851968503937
21
3.6481218110236218
0
LINE
8
BLACK
6
CONTINUOUS
10
-0.1726851968503937
20
3.6481218110236218
11
-0.1724783070866142
21
3.6475812204724409
0
LINE
8
BLACK
6
CONTINUOUS
10
-0.1724783070866142
20
3.6475812204724409
11
-0.1724707874015748
21
3.6474753543307088
0
LINE
8
BLACK
6
CONTINUOUS
10
-0.1724707874015748
20
3.6474753543307088
11
-0.1724301968503937
21
3.6473773622047245
0
LINE
8
BLACK
6
CONTINUOUS
10
-0.1724301968503937
20
3.6473773622047245
11
-0.1723734645669291
21
3.6468012992125982
0
LINE
8
BLACK
6
CONTINUOUS
10
-0.1723734645669291
20
3.6468012992125982
11
-0.1723734645669291
21
3.6374274803149604
0
LINE
8
BLACK
6
CONTINUOUS
10
-0.1723734645669291
20
3.6374274803149604
11
-0.1724301968503937
21
3.6368514173228346
0
LINE
8
BLACK
6
CONTINUOUS
10
-0.1724301968503937
20
3.6368514173228346
11
-0.1724707874015748
21
3.6367534645669291
0
LINE
8
BLACK
6
CONTINUOUS
10
-0.1724707874015748
20
3.6367534645669291
11
-0.1724783070866142
21
3.6366475590551182
0
LINE
8
BLACK
6
CONTINUOUS
10
-0.1724783070866142
20
3.6366475590551182
11
-0.1726851968503937
21
3.6361069685039369
0
LINE
8
BLACK
6
CONTINUOUS
10
-0.1726851968503937
20
3.6361069685039369
11
-0.1745599606299213
21
3.6323574409448818
0
LINE
8
BLACK
6
CONTINUOUS
10
-0.1745599606299213
20
3.6323574409448818
11
-0.1747160236220472
21
3.6321095669291337
0
LINE
8
BLACK
6
CONTINUOUS
10
-0.1747160236220472
20
3.6321095669291337
11
-0.1747458267716535
21
3.6320375196850394
0
LINE
8
BLACK
6
CONTINUOUS
10
-0.1747458267716535
20
3.6320375196850394
11
-0.1748123622047244
21
3.6319564960629922
0
LINE
8
BLACK
6
CONTINUOUS
10
-0.1748123622047244
20
3.6319564960629922
11
-0.1748683070866142
21
3.6318675590551179
0
LINE
8
BLACK
6
CONTINUOUS
10
-0.1748683070866142
20
3.6318675590551179
11
-0.1749273228346457
21
3.6318164173228347
0
LINE
8
BLACK
6
CONTINUOUS
10
-0.1749273228346457
20
3.6318164173228347
11
-0.1751130708661417
21
3.6315900393700788
0
LINE
8
BLACK
6
CONTINUOUS
10
-0.1751130708661417
20
3.6315900393700788
11
-0.1769877952755906
21
3.6297152755905513
0
LINE
8
BLACK
6
CONTINUOUS
10
-0.1769877952755906
20
3.6297152755905513
11
-0.1772141732283465
21
3.6295295275590549
0
LINE
8
BLACK
6
CONTINUOUS
10
-0.1772141732283465
20
3.6295295275590549
11
-0.1772653543307087
21
3.629470472440945
0
LINE
8
BLACK
6
CONTINUOUS
10
-0.1772653543307087
20
3.629470472440945
11
-0.1773543307086614
21
3.6294144881889765
0
LINE
8
BLACK
6
CONTINUOUS
10
-0.1773543307086614
20
3.6294144881889765
11
-0.1774352755905512
21
3.6293480314960629
0
LINE
8
BLACK
6
CONTINUOUS
10
-0.1774352755905512
20
3.6293480314960629
11
-0.1775072440944882
21
3.6293182283464565
0
LINE
8
BLACK
6
CONTINUOUS
10
-0.1775072440944882
20
3.6293182283464565
11
-0.1777552362204724
21
3.6291621259842519
0
LINE
8
BLACK
6
CONTINUOUS
10
-0.1777552362204724
20
3.6291621259842519
11
-0.1815047637795276
21
3.6272873622047244
0
LINE
8
BLACK
6
CONTINUOUS
10
-0.1815047637795276
20
3.6272873622047244
11
-0.1820453937007874
21
3.6270804724409449
0
LINE
8
BLACK
6
CONTINUOUS
10
-0.1820453937007874
20
3.6270804724409449
11
-0.182151220472441
21
3.6270729921259841
0
LINE
8
BLACK
6
CONTINUOUS
10
-0.182151220472441
20
3.6270729921259841
11
-0.1822492125984252
21
3.6270323622047242
0
LINE
8
BLACK
6
CONTINUOUS
10
-0.1822492125984252
20
3.6270323622047242
11
-0.1828252755905512
21
3.6269756299212599
0
LINE
8
BLACK
6
CONTINUOUS
10
-0.1828252755905512
20
3.6269756299212599
11
-0.1903243307086614
21
3.6269756299212599
0
LINE
8
BLACK
6
CONTINUOUS
10
-0.1903243307086614
20
3.6269756299212599
11
-0.1909003937007874
21
3.6270323622047242
0
LINE
8
BLACK
6
CONTINUOUS
10
-0.1909003937007874
20
3.6270323622047242
11
-0.1909983858267716
21
3.6270729527559054
0
LINE
8
BLACK
6
CONTINUOUS
10
-0.1909983858267716
20
3.6270729527559054
11
-0.1911042519685039
21
3.6270804724409449
0
LINE
8
BLACK
6
CONTINUOUS
10
-0.1911042519685039
20
3.6270804724409449
11
-0.191644842519685
21
3.6272873622047244
0
LINE
8
BLACK
6
CONTINUOUS
10
-0.191644842519685
20
3.6272873622047244
11
-0.1953943700787402
21
3.6291621259842519
0
LINE
8
BLACK
6
CONTINUOUS
10
-0.1953943700787402
20
3.6291621259842519
11
-0.1956424015748031
21
3.6293182283464565
0
LINE
8
BLACK
6
CONTINUOUS
10
-0.1956424015748031
20
3.6293182283464565
11
-0.1957143307086614
21
3.6293480314960629
0
LINE
8
BLACK
6
CONTINUOUS
10
-0.1957143307086614
20
3.6293480314960629
11
-0.1957953149606299
21
3.6294144881889765
0
LINE
8
BLACK
6
CONTINUOUS
10
-0.1957953149606299
20
3.6294144881889765
11
-0.1958842519685039
21
3.629470472440945
0
LINE
8
BLACK
6
CONTINUOUS
10
-0.1958842519685039
20
3.629470472440945
11
-0.1959354724409449
21
3.6295295275590549
0
LINE
8
BLACK
6
CONTINUOUS
10
-0.1959354724409449
20
3.6295295275590549
11
-0.196161811023622
21
3.6297152755905513
0
LINE
8
BLACK
6
CONTINUOUS
10
-0.196161811023622
20
3.6297152755905513
11
-0.1980365748031496
21
3.6315900787401576
0
LINE
8
BLACK
6
CONTINUOUS
10
-0.1980365748031496
20
3.6315900787401576
11
-0.1982223228346457
21
3.6318164173228347
0
LINE
8
BLACK
6
CONTINUOUS
10
-0.1982223228346457
20
3.6318164173228347
11
-0.1982812992125984
21
3.6318675590551179
0
LINE
8
BLACK
6
CONTINUOUS
10
-0.1982812992125984
20
3.6318675590551179
11
-0.1983372834645669
21
3.6319564960629922
0
LINE
8
BLACK
6
CONTINUOUS
10
-0.1983372834645669
20
3.6319564960629922
11
-0.1984037795275591
21
3.6320375196850394
0
LINE
8
BLACK
6
CONTINUOUS
10
-0.1984037795275591
20
3.6320375196850394
11
-0.1984336220472441
21
3.6321095669291337
0
LINE
8
BLACK
6
CONTINUOUS
10
-0.1984336220472441
20
3.6321095669291337
11
-0.1985896456692913
21
3.6323574409448818
0
LINE
8
BLACK
6
CONTINUOUS
10
-0.1985896456692913
20
3.6323574409448818
11
-0.2004644094488189
21
3.6361069685039369
0
LINE
8
BLACK
6
CONTINUOUS
10
-0.2004644094488189
20
3.6361069685039369
11
-0.2006712992125984
21
3.6366475984251969
0
LINE
8
BLACK
6
CONTINUOUS
10
-0.2006712992125984
20
3.6366475984251969
11
-0.2006788188976378
21
3.6367534251968503
0
LINE
8
BLACK
6
CONTINUOUS
10
-0.2006788188976378
20
3.6367534251968503
11
-0.2007194094488189
21
3.6368514173228346
0
LINE
8
BLACK
6
CONTINUOUS
10
-0.2007194094488189
20
3.6368514173228346
11
-0.2007761417322834
21
3.6374274803149604
0
LINE
8
BLACK
6
CONTINUOUS
10
-0.2007761417322834
20
3.6374274803149604
11
-0.2007761417322834
21
3.6524255905511809
0
LINE
8
BLACK
6
CONTINUOUS
10
-0.2007761417322834
20
3.6524255905511809
11
-0.2007662598425197
21
3.6525261417322832
0
LINE
8
BLACK
6
CONTINUOUS
10
-0.2007662598425197
20
3.6525261417322832
11
-0.2007726377952756
21
3.6525691338582678
0
LINE
8
BLACK
6
CONTINUOUS
10
-0.2007726377952756
20
3.6525691338582678
11
-0.2007407874015748
21
3.6527846456692914
0
LINE
8
BLACK
6
CONTINUOUS
10
-0.2007407874015748
20
3.6527846456692914
11
-0.2007194094488189
21
3.6530016535433072
0
LINE
8
BLACK
6
CONTINUOUS
10
-0.2007194094488189
20
3.6530016535433072
11
-0.2007027952755905
21
3.6530418897637795
0
LINE
8
BLACK
6
CONTINUOUS
10
-0.2007027952755905
20
3.6530418897637795
11
-0.2006879921259843
21
3.6531417322834643
0
LINE
8
BLACK
6
CONTINUOUS
10
-0.2006879921259843
20
3.6531417322834643
11
-0.1988132283464567
21
3.6606407874015745
0
LINE
8
BLACK
6
CONTINUOUS
10
-0.1988132283464567
20
3.6606407874015745
11
-0.198691968503937
21
3.6609802755905512
0
LINE
8
BLACK
6
CONTINUOUS
10
-0.198691968503937
20
3.6609802755905512
11
-0.1986777952755905
21
3.6610517716535433
0
LINE
8
BLACK
6
CONTINUOUS
10
-0.1986777952755905
20
3.6610517716535433
11
-0.1986432283464567
21
3.6611166535433068
0
LINE
8
BLACK
6
CONTINUOUS
10
-0.1986432283464567
20
3.6611166535433068
11
-0.1986184645669291
21
3.661185905511811
0
LINE
8
BLACK
6
CONTINUOUS
10
-0.1986184645669291
20
3.661185905511811
11
-0.1985750393700787
21
3.6612445275590551
0
LINE
8
BLACK
6
CONTINUOUS
10
-0.1985750393700787
20
3.6612445275590551
11
-0.1984054724409449
21
3.6615625590551182
0
LINE
8
BLACK
6
CONTINUOUS
10
-0.1984054724409449
20
3.6615625590551182
11
-0.1946559448818898
21
3.6671868503937008
0
LINE
8
BLACK
6
CONTINUOUS
10
-0.1946559448818898
20
3.6671868503937008
11
-0.1946546062992126
21
3.6671885433070863
0
LINE
8
BLACK
6
CONTINUOUS
10
-0.1946546062992126
20
3.6671885433070863
11
-0.1946542125984252
21
3.6671894094488189
0
LINE
8
BLACK
6
CONTINUOUS
10
-0.1946542125984252
20
3.6671894094488189
11
-0.1944775196850394
21
3.6674047244094488
0
LINE
8
BLACK
6
CONTINUOUS
10
-0.1944775196850394
20
3.6674047244094488
11
-0.1942891732283465
21
3.6676346850393702
0
LINE
8
BLACK
6
CONTINUOUS
10
-0.1942891732283465
20
3.6676346850393702
11
-0.1942883464566929
21
3.667635275590551
0
LINE
8
BLACK
6
CONTINUOUS
10
-0.1942883464566929
20
3.667635275590551
11
-0.1942870078740157
21
3.6676368503937007
0
LINE
8
BLACK
6
CONTINUOUS
10
-0.1942870078740157
20
3.6676368503937007
11
-0.1924122440944882
21
3.6695116141732282
0
LINE
8
BLACK
6
CONTINUOUS
10
-0.1924122440944882
20
3.6695116141732282
11
-0.192185905511811
21
3.669697401574803
0
LINE
8
BLACK
6
CONTINUOUS
10
-0.192185905511811
20
3.669697401574803
11
-0.1921347244094488
21
3.6697563779527558
0
LINE
8
BLACK
6
CONTINUOUS
10
-0.1921347244094488
20
3.6697563779527558
11
-0.1920457874015748
21
3.6698123622047243
0
LINE
8
BLACK
6
CONTINUOUS
10
-0.1920457874015748
20
3.6698123622047243
11
-0.1919648031496063
21
3.6698788188976379
0
LINE
8
BLACK
6
CONTINUOUS
10
-0.1919648031496063
20
3.6698788188976379
11
-0.191892874015748
21
3.6699086614173226
0
LINE
8
BLACK
6
CONTINUOUS
10
-0.191892874015748
20
3.6699086614173226
11
-0.191644842519685
21
3.6700647244094489
0
LINE
8
BLACK
6
CONTINUOUS
10
-0.191644842519685
20
3.6700647244094489
11
-0.1878953149606299
21
3.6719394881889764
0
LINE
8
BLACK
6
CONTINUOUS
10
-0.1878953149606299
20
3.6719394881889764
11
-0.1873547244094488
21
3.6721463779527559
0
LINE
8
BLACK
6
CONTINUOUS
10
-0.1873547244094488
20
3.6721463779527559
11
-0.1872488582677165
21
3.6721539370078737
0
LINE
8
BLACK
6
CONTINUOUS
10
-0.1872488582677165
20
3.6721539370078737
11
-0.1871508661417323
21
3.6721944881889761
0
LINE
8
BLACK
6
CONTINUOUS
10
-0.1871508661417323
20
3.6721944881889761
11
-0.1865748031496063
21
3.6722512204724409
0
LINE
8
BLACK
6
CONTINUOUS
10
-0.1865748031496063
20
3.6722512204724409
11
-0.1790757480314961
21
3.6722512204724409
0
LINE
8
BLACK
6
CONTINUOUS
10
-0.1790757480314961
20
3.6722512204724409
11
-0.1784996850393701
21
3.6721944881889761
0
LINE
8
BLACK
6
CONTINUOUS
10
-0.1923247637795276
20
3.6499988582677165
11
-0.1935218897637795
21
3.6488017322834643
0
LINE
8
BLACK
6
CONTINUOUS
10
-0.1935218897637795
20
3.6488017322834643
11
-0.1948706299212598
21
3.6461042519685041
0
LINE
8
BLACK
6
CONTINUOUS
10
-0.1948706299212598
20
3.6461042519685041
11
-0.1948706299212598
21
3.638124527559055
0
LINE
8
BLACK
6
CONTINUOUS
10
-0.1948706299212598
20
3.638124527559055
11
-0.1935218897637795
21
3.6354270472440944
0
LINE
8
BLACK
6
CONTINUOUS
10
-0.1935218897637795
20
3.6354270472440944
11
-0.1923247637795276
21
3.6342298818897638
0
LINE
8
BLACK
6
CONTINUOUS
10
-0.1923247637795276
20
3.6342298818897638
11
-0.1896272834645669
21
3.6328811417322835
0
LINE
8
BLACK
6
CONTINUOUS
10
-0.1896272834645669
20
3.6328811417322835
11
-0.1835223228346457
21
3.6328811417322835
0
LINE
8
BLACK
6
CONTINUOUS
10
-0.1835223228346457
20
3.6328811417322835
11
-0.1808248818897638
21
3.6342298818897638
0
LINE
8
BLACK
6
CONTINUOUS
10
-0.1808248818897638
20
3.6342298818897638
11
-0.1796277559055118
21
3.6354270472440944
0
LINE
8
BLACK
6
CONTINUOUS
10
-0.1796277559055118
20
3.6354270472440944
11
-0.1782789763779528
21
3.638124527559055
0
LINE
8
BLACK
6
CONTINUOUS
10
-0.1782789763779528
20
3.638124527559055
11
-0.1782789763779528
21
3.6461042519685041
0
LINE
8
BLACK
6
CONTINUOUS
10
-0.1782789763779528
20
3.6461042519685041
11
-0.1796277165354331
21
3.6488017322834643
0
LINE
8
BLACK
6
CONTINUOUS
10
-0.1796277165354331
20
3.6488017322834643
11
-0.180824842519685
21
3.6499988582677165
0
LINE
8
BLACK
6
CONTINUOUS
10
-0.180824842519685
20
3.6499988582677165
11
-0.1835223228346457
21
3.6513475984251968
0
LINE
8
BLACK
6
CONTINUOUS
10
-0.1835223228346457
20
3.6513475984251968
11
-0.1896272834645669
21
3.6513475984251968
0
LINE
8
BLACK
6
CONTINUOUS
10
-0.1896272834645669
20
3.6513475984251968
11
-0.1923247637795276
21
3.6499988582677165
0
LINE
8
BLACK
6
CONTINUOUS
10
-0.1466286614173228
20
3.6721944881889761
11
-0.1465306692913386
21
3.672153897637795
0
LINE
8
BLACK
6
CONTINUOUS
10
-0.1465306692913386
20
3.672153897637795
11
-0.146424842519685
21
3.6721463779527559
0
LINE
8
BLACK
6
CONTINUOUS
10
-0.146424842519685
20
3.6721463779527559
11
-0.1458842125984252
21
3.6719394881889764
0
LINE
8
BLACK
6
CONTINUOUS
10
-0.1458842125984252
20
3.6719394881889764
11
-0.1421346850393701
21
3.6700647244094489
0
LINE
8
BLACK
6
CONTINUOUS
10
-0.1421346850393701
20
3.6700647244094489
11
-0.1418866929133858
21
3.6699086614173226
0
LINE
8
BLACK
6
CONTINUOUS
10
-0.1418866929133858
20
3.6699086614173226
11
-0.1418147244094488
21
3.6698788188976379
0
LINE
8
BLACK
6
CONTINUOUS
10
-0.1418147244094488
20
3.6698788188976379
11
-0.1417337795275591
21
3.6698123622047243
0
LINE
8
BLACK
6
CONTINUOUS
10
-0.1417337795275591
20
3.6698123622047243
11
-0.1416448031496063
21
3.6697563779527558
0
LINE
8
BLACK
6
CONTINUOUS
10
-0.1416448031496063
20
3.6697563779527558
11
-0.1415936614173228
21
3.669697401574803
0
LINE
8
BLACK
6
CONTINUOUS
10
-0.1415936614173228
20
3.669697401574803
11
-0.1413672834645669
21
3.6695116141732282
0
LINE
8
BLACK
6
CONTINUOUS
10
-0.1413672834645669
20
3.6695116141732282
11
-0.1394925196850394
21
3.6676368503937007
0
LINE
8
BLACK
6
CONTINUOUS
10
-0.1394925196850394
20
3.6676368503937007
11
-0.1393067716535433
21
3.6674105118110236
0
LINE
8
BLACK
6
CONTINUOUS
10
-0.1393067716535433
20
3.6674105118110236
11
-0.1392477559055118
21
3.6673593307086612
0
LINE
8
BLACK
6
CONTINUOUS
10
-0.1392477559055118
20
3.6673593307086612
11
-0.139191811023622
21
3.6672703937007873
0
LINE
8
BLACK
6
CONTINUOUS
10
-0.139191811023622
20
3.6672703937007873
11
-0.1391253149606299
21
3.6671894094488189
0
LINE
8
BLACK
6
CONTINUOUS
10
-0.1391253149606299
20
3.6671894094488189
11
-0.1390955118110236
21
3.6671174803149604
0
LINE
8
BLACK
6
CONTINUOUS
10
-0.1390955118110236
20
3.6671174803149604
11
-0.1389394094488189
21
3.6668694488188978
0
LINE
8
BLACK
6
CONTINUOUS
10
-0.1389394094488189
20
3.6668694488188978
11
-0.1370646456692913
21
3.6631199212598426
0
LINE
8
BLACK
6
CONTINUOUS
10
-0.1370646456692913
20
3.6631199212598426
11
-0.1370485433070866
21
3.6630778346456694
0
LINE
8
BLACK
6
CONTINUOUS
10
-0.1370485433070866
20
3.6630778346456694
11
-0.1370358267716535
21
3.6630606692913386
0
LINE
8
BLACK
6
CONTINUOUS
10
-0.1370358267716535
20
3.6630606692913386
11
-0.1369495275590551
21
3.6628190944881891
0
LINE
8
BLACK
6
CONTINUOUS
10
-0.1369495275590551
20
3.6628190944881891
11
-0.1368577559055118
21
3.6625793307086614
0
LINE
8
BLACK
6
CONTINUOUS
10
-0.1368577559055118
20
3.6625793307086614
11
-0.1368562598425197
21
3.6625580708661416
0
LINE
8
BLACK
6
CONTINUOUS
10
-0.1368562598425197
20
3.6625580708661416
11
-0.136841062992126
21
3.6625155511811021
0
LINE
8
BLACK
6
CONTINUOUS
10
-0.136841062992126
20
3.6625155511811021
11
-0.1349662992125984
21
3.6550164960629918
0
LINE
8
BLACK
6
CONTINUOUS
10
-0.1349662992125984
20
3.6550164960629918
11
-0.1349515354330709
21
3.6549166535433071
0
LINE
8
BLACK
6
CONTINUOUS
10
-0.1349515354330709
20
3.6549166535433071
11
-0.1349348818897638
21
3.6548764173228347
0
LINE
8
BLACK
6
CONTINUOUS
10
-0.1349348818897638
20
3.6548764173228347
11
-0.1349135433070866
21
3.654659409448819
0
LINE
8
BLACK
6
CONTINUOUS
10
-0.1349135433070866
20
3.654659409448819
11
-0.1348816535433071
21
3.6544438976377953
0
LINE
8
BLACK
6
CONTINUOUS
10
-0.1348816535433071
20
3.6544438976377953
11
-0.1348880708661417
21
3.6544009055118107
0
LINE
8
BLACK
6
CONTINUOUS
10
-0.1348880708661417
20
3.6544009055118107
11
-0.1348781496062992
21
3.6543003543307084
0
LINE
8
BLACK
6
CONTINUOUS
10
-0.1348781496062992
20
3.6543003543307084
11
-0.1348781496062992
21
3.6449265354330707
0
LINE
8
BLACK
6
CONTINUOUS
10
-0.1348781496062992
20
3.6449265354330707
11
-0.1348880708661417
21
3.6448260236220471
0
LINE
8
BLACK
6
CONTINUOUS
10
-0.1348880708661417
20
3.6448260236220471
11
-0.1348816535433071
21
3.6447829921259842
0
LINE
8
BLACK
6
CONTINUOUS
10
-0.1348816535433071
20
3.6447829921259842
11
-0.1349135433070866
21
3.6445675196850393
0
LINE
8
BLACK
6
CONTINUOUS
10
-0.1349135433070866
20
3.6445675196850393
11
-0.1349348818897638
21
3.6443504724409448
0
LINE
8
BLACK
6
CONTINUOUS
10
-0.1349348818897638
20
3.6443504724409448
11
-0.1349515354330709
21
3.6443102755905512
0
LINE
8
BLACK
6
CONTINUOUS
10
-0.1349515354330709
20
3.6443102755905512
11
-0.1349662992125984
21
3.6442103937007873
0
LINE
8
BLACK
6
CONTINUOUS
10
-0.1349662992125984
20
3.6442103937007873
11
-0.136841062992126
21
3.636711338582677
0
LINE
8
BLACK
6
CONTINUOUS
10
-0.136841062992126
20
3.636711338582677
11
-0.1368562598425197
21
3.6366688582677162
0
LINE
8
BLACK
6
CONTINUOUS
10
-0.1368562598425197
20
3.6366688582677162
11
-0.1368577559055118
21
3.6366475590551182
0
LINE
8
BLACK
6
CONTINUOUS
10
-0.1368577559055118
20
3.6366475590551182
11
-0.1369495275590551
21
3.6364078346456692
0
LINE
8
BLACK
6
CONTINUOUS
10
-0.1369495275590551
20
3.6364078346456692
11
-0.1370358267716535
21
3.636166220472441
0
LINE
8
BLACK
6
CONTINUOUS
10
-0.1370358267716535
20
3.636166220472441
11
-0.1370485433070866
21
3.6361490944881889
0
LINE
8
BLACK
6
CONTINUOUS
10
-0.1370485433070866
20
3.6361490944881889
11
-0.1370646456692913
21
3.6361069685039369
0
LINE
8
BLACK
6
CONTINUOUS
10
-0.1370646456692913
20
3.6361069685039369
11
-0.1389394094488189
21
3.6323574409448818
0
LINE
8
BLACK
6
CONTINUOUS
10
-0.1389394094488189
20
3.6323574409448818
11
-0.1390954724409449
21
3.6321095669291337
0
LINE
8
BLACK
6
CONTINUOUS
10
-0.1390954724409449
20
3.6321095669291337
11
-0.1391252755905512
21
3.6320375196850394
0
LINE
8
BLACK
6
CONTINUOUS
10
-0.1391252755905512
20
3.6320375196850394
11
-0.139191811023622
21
3.6319564960629922
0
LINE
8
BLACK
6
CONTINUOUS
10
-0.139191811023622
20
3.6319564960629922
11
-0.1392477559055118
21
3.6318675590551179
0
LINE
8
BLACK
6
CONTINUOUS
10
-0.1392477559055118
20
3.6318675590551179
11
-0.1393067716535433
21
3.6318164173228347
0
LINE
8
BLACK
6
CONTINUOUS
10
-0.1393067716535433
20
3.6318164173228347
11
-0.1394925196850394
21
3.6315900393700788
0
LINE
8
BLACK
6
CONTINUOUS
10
-0.1394925196850394
20
3.6315900393700788
11
-0.1413672440944882
21
3.6297152755905513
0
LINE
8
BLACK
6
CONTINUOUS
10
-0.1413672440944882
20
3.6297152755905513
11
-0.1415936220472441
21
3.6295295275590549
0
LINE
8
BLACK
6
CONTINUOUS
10
-0.1415936220472441
20
3.6295295275590549
11
-0.1416448031496063
21
3.629470472440945
0
LINE
8
BLACK
6
CONTINUOUS
10
-0.1416448031496063
20
3.629470472440945
11
-0.1417337795275591
21
3.6294144881889765
0
LINE
8
BLACK
6
CONTINUOUS
10
-0.1417337795275591
20
3.6294144881889765
11
-0.1418147244094488
21
3.6293480314960629
0
LINE
8
BLACK
6
CONTINUOUS
10
-0.1418147244094488
20
3.6293480314960629
11
-0.1418866929133858
21
3.6293182283464565
0
LINE
8
BLACK
6
CONTINUOUS
10
-0.1418866929133858
20
3.6293182283464565
11
-0.1421346850393701
21
3.6291621259842519
0
LINE
8
BLACK
6
CONTINUOUS
10
-0.1421346850393701
20
3.6291621259842519
11
-0.1458842125984252
21
3.6272873622047244
0
LINE
8
BLACK
6
CONTINUOUS
10
-0.1458842125984252
20
3.6272873622047244
11
-0.146424842519685
21
3.6270804724409449
0
LINE
8
BLACK
6
CONTINUOUS
10
-0.146424842519685
20
3.6270804724409449
11
-0.1465306692913386
21
3.6270729921259841
0
LINE
8
BLACK
6
CONTINUOUS
10
-0.1465306692913386
20
3.6270729921259841
11
-0.1466286614173228
21
3.6270323622047242
0
LINE
8
BLACK
6
CONTINUOUS
10
-0.1466286614173228
20
3.6270323622047242
11
-0.1472047244094488
21
3.6269756299212599
0
LINE
8
BLACK
6
CONTINUOUS
10
-0.1472047244094488
20
3.6269756299212599
11
-0.1509542519685039
21
3.6269756299212599
0
LINE
8
BLACK
6
CONTINUOUS
10
-0.1509542519685039
20
3.6269756299212599
11
-0.1515303149606299
21
3.6270323622047242
0
LINE
8
BLACK
6
CONTINUOUS
10
-0.1515303149606299
20
3.6270323622047242
11
-0.1516283070866142
21
3.6270729527559054
0
LINE
8
BLACK
6
CONTINUOUS
10
-0.1516283070866142
20
3.6270729527559054
11
-0.1517341732283465
21
3.6270804724409449
0
LINE
8
BLACK
6
CONTINUOUS
10
-0.1517341732283465
20
3.6270804724409449
11
-0.1522747637795276
21
3.6272873622047244
0
LINE
8
BLACK
6
CONTINUOUS
10
-0.1522747637795276
20
3.6272873622047244
11
-0.1560242913385827
21
3.6291621259842519
0
LINE
8
BLACK
6
CONTINUOUS
10
-0.1560242913385827
20
3.6291621259842519
11
-0.1562723228346457
21
3.6293182283464565
0
LINE
8
BLACK
6
CONTINUOUS
10
-0.1562723228346457
20
3.6293182283464565
11
-0.1563442519685039
21
3.6293480314960629
0
LINE
8
BLACK
6
CONTINUOUS
10
-0.1563442519685039
20
3.6293480314960629
11
-0.1564252362204724
21
3.6294144881889765
0
LINE
8
BLACK
6
CONTINUOUS
10
-0.1564252362204724
20
3.6294144881889765
11
-0.1565141732283465
21
3.629470472440945
0
LINE
8
BLACK
6
CONTINUOUS
10
-0.1565141732283465
20
3.629470472440945
11
-0.1565653937007874
21
3.6295295275590549
0
LINE
8
BLACK
6
CONTINUOUS
10
-0.1565653937007874
20
3.6295295275590549
11
-0.1567917322834646
21
3.6297152755905513
0
LINE
8
BLACK
6
CONTINUOUS
10
-0.1567917322834646
20
3.6297152755905513
11
-0.1586664960629921
21
3.6315900787401576
0
LINE
8
BLACK
6
CONTINUOUS
10
-0.1586664960629921
20
3.6315900787401576
11
-0.1588522440944882
21
3.6318164173228347
0
LINE
8
BLACK
6
CONTINUOUS
10
-0.1588522440944882
20
3.6318164173228347
11
-0.1589112204724409
21
3.6318675590551179
0
LINE
8
BLACK
6
CONTINUOUS
10
-0.1589112204724409
20
3.6318675590551179
11
-0.1589672047244094
21
3.6319564960629922
0
LINE
8
BLACK
6
CONTINUOUS
10
-0.1589672047244094
20
3.6319564960629922
11
-0.1590337007874016
21
3.6320375196850394
0
LINE
8
BLACK
6
CONTINUOUS
10
-0.1590337007874016
20
3.6320375196850394
11
-0.1590635433070866
21
3.6321095669291337
0
LINE
8
BLACK
6
CONTINUOUS
10
-0.1590635433070866
20
3.6321095669291337
11
-0.1592195669291339
21
3.6323574409448818
0
LINE
8
BLACK
6
CONTINUOUS
10
-0.1592195669291339
20
3.6323574409448818
11
-0.1610943307086614
21
3.6361069685039369
0
LINE
8
BLACK
6
CONTINUOUS
10
-0.1610943307086614
20
3.6361069685039369
11
-0.1611104724409449
21
3.6361490944881889
0
LINE
8
BLACK
6
CONTINUOUS
10
-0.1611104724409449
20
3.6361490944881889
11
-0.1611231496062992
21
3.636166220472441
0
LINE
8
BLACK
6
CONTINUOUS
10
-0.1611231496062992
20
3.636166220472441
11
-0.1612096062992126
21
3.636408188976378
0
LINE
8
BLACK
6
CONTINUOUS
10
-0.1612096062992126
20
3.636408188976378
11
-0.1613012204724409
21
3.6366475984251969
0
LINE
8
BLACK
6
CONTINUOUS
10
-0.1613012204724409
20
3.6366475984251969
11
-0.1613027559055118
21
3.6366688582677162
0
LINE
8
BLACK
6
CONTINUOUS
10
-0.1613027559055118
20
3.6366688582677162
11
-0.1613179133858268
21
3.636711338582677
0
LINE
8
BLACK
6
CONTINUOUS
10
-0.1613179133858268
20
3.636711338582677
11
-0.1631926771653543
21
3.6442103937007873
0
LINE
8
BLACK
6
CONTINUOUS
10
-0.1631926771653543
20
3.6442103937007873
11
-0.1632074803149606
21
3.6443102755905512
0
LINE
8
BLACK
6
CONTINUOUS
10
-0.1632074803149606
20
3.6443102755905512
11
-0.163224094488189
21
3.6443504724409448
0
LINE
8
BLACK
6
CONTINUOUS
10
-0.163224094488189
20
3.6443504724409448
11
-0.1632454724409449
21
3.6445675196850393
0
LINE
8
BLACK
6
CONTINUOUS
10
-0.1632454724409449
20
3.6445675196850393
11
-0.1632773228346457
21
3.6447829921259842
0
LINE
8
BLACK
6
CONTINUOUS
10
-0.1632773228346457
20
3.6447829921259842
11
-0.1632709448818898
21
3.6448260236220471
0
LINE
8
BLACK
6
CONTINUOUS
10
-0.1632709448818898
20
3.6448260236220471
11
-0.1632808267716535
21
3.6449265354330707
0
LINE
8
BLACK
6
CONTINUOUS
10
-0.1632808267716535
20
3.6449265354330707
11
-0.1632808267716535
21
3.6543003543307084
0
LINE
8
BLACK
6
CONTINUOUS
10
-0.1632808267716535
20
3.6543003543307084
11
-0.1632709448818898
21
3.6544009055118107
0
LINE
8
BLACK
6
CONTINUOUS
10
-0.1632709448818898
20
3.6544009055118107
11
-0.1632773228346457
21
3.6544438976377953
0
LINE
8
BLACK
6
CONTINUOUS
10
-0.1632773228346457
20
3.6544438976377953
11
-0.1632454724409449
21
3.654659409448819
0
LINE
8
BLACK
6
CONTINUOUS
10
-0.1632454724409449
20
3.654659409448819
11
-0.163224094488189
21
3.6548764173228347
0
LINE
8
BLACK
6
CONTINUOUS
10
-0.163224094488189
20
3.6548764173228347
11
-0.1632074803149606
21
3.6549166535433071
0
LINE
8
BLACK
6
CONTINUOUS
10
-0.1632074803149606
20
3.6549166535433071
11
-0.1631926771653543
21
3.6550164960629918
0
LINE
8
BLACK
6
CONTINUOUS
10
-0.1631926771653543
20
3.6550164960629918
11
-0.1613179133858268
21
3.6625155511811021
0
LINE
8
BLACK
6
CONTINUOUS
10
-0.1613179133858268
20
3.6625155511811021
11
-0.1613027559055118
21
3.6625580708661416
0
LINE
8
BLACK
6
CONTINUOUS
10
-0.1613027559055118
20
3.6625580708661416
11
-0.1613012204724409
21
3.6625792913385826
0
LINE
8
BLACK
6
CONTINUOUS
10
-0.1613012204724409
20
3.6625792913385826
11
-0.1612096062992126
21
3.6628187401574803
0
LINE
8
BLACK
6
CONTINUOUS
10
-0.1612096062992126
20
3.6628187401574803
11
-0.1611231496062992
21
3.6630606692913386
0
LINE
8
BLACK
6
CONTINUOUS
10
-0.1611231496062992
20
3.6630606692913386
11
-0.1611104724409449
21
3.6630778346456694
0
LINE
8
BLACK
6
CONTINUOUS
10
-0.1611104724409449
20
3.6630778346456694
11
-0.1610943307086614
21
3.6631199212598426
0
LINE
8
BLACK
6
CONTINUOUS
10
-0.1610943307086614
20
3.6631199212598426
11
-0.1592195669291339
21
3.6668694488188978
0
LINE
8
BLACK
6
CONTINUOUS
10
-0.1592195669291339
20
3.6668694488188978
11
-0.1590635039370079
21
3.6671174803149604
0
LINE
8
BLACK
6
CONTINUOUS
10
-0.1590635039370079
20
3.6671174803149604
11
-0.1590336614173228
21
3.6671894094488189
0
LINE
8
BLACK
6
CONTINUOUS
10
-0.1590336614173228
20
3.6671894094488189
11
-0.1589672047244094
21
3.6672703937007873
0
LINE
8
BLACK
6
CONTINUOUS
10
-0.1589672047244094
20
3.6672703937007873
11
-0.1589112204724409
21
3.6673593307086612
0
LINE
8
BLACK
6
CONTINUOUS
10
-0.1589112204724409
20
3.6673593307086612
11
-0.1588522440944882
21
3.6674105118110236
0
LINE
8
BLACK
6
CONTINUOUS
10
-0.1588522440944882
20
3.6674105118110236
11
-0.1586664566929134
21
3.6676368503937007
0
LINE
8
BLACK
6
CONTINUOUS
10
-0.1586664566929134
20
3.6676368503937007
11
-0.1567916929133858
21
3.6695116141732282
0
LINE
8
BLACK
6
CONTINUOUS
10
-0.1567916929133858
20
3.6695116141732282
11
-0.1565653543307086
21
3.669697401574803
0
LINE
8
BLACK
6
CONTINUOUS
10
-0.1565653543307086
20
3.669697401574803
11
-0.1565141732283465
21
3.6697563779527558
0
LINE
8
BLACK
6
CONTINUOUS
10
-0.1565141732283465
20
3.6697563779527558
11
-0.1564252362204724
21
3.6698123622047243
0
LINE
8
BLACK
6
CONTINUOUS
10
-0.1564252362204724
20
3.6698123622047243
11
-0.1563442519685039
21
3.6698788188976379
0
LINE
8
BLACK
6
CONTINUOUS
10
-0.1563442519685039
20
3.6698788188976379
11
-0.1562723228346457
21
3.6699086614173226
0
LINE
8
BLACK
6
CONTINUOUS
10
-0.1562723228346457
20
3.6699086614173226
11
-0.1560242913385827
21
3.6700647244094489
0
LINE
8
BLACK
6
CONTINUOUS
10
-0.1560242913385827
20
3.6700647244094489
11
-0.1522747637795276
21
3.6719394881889764
0
LINE
8
BLACK
6
CONTINUOUS
10
-0.1522747637795276
20
3.6719394881889764
11
-0.1517341732283465
21
3.6721463779527559
0
LINE
8
BLACK
6
CONTINUOUS
10
-0.1517341732283465
20
3.6721463779527559
11
-0.1516283070866142
21
3.6721539370078737
0
LINE
8
BLACK
6
CONTINUOUS
10
-0.1516283070866142
20
3.6721539370078737
11
-0.1515303149606299
21
3.6721944881889761
0
LINE
8
BLACK
6
CONTINUOUS
10
-0.1515303149606299
20
3.6721944881889761
11
-0.1509542519685039
21
3.6722512204724409
0
LINE
8
BLACK
6
CONTINUOUS
10
-0.1509542519685039
20
3.6722512204724409
11
-0.1472047244094488
21
3.6722512204724409
0
LINE
8
BLACK
6
CONTINUOUS
10
-0.1472047244094488
20
3.6722512204724409
11
-0.1466286614173228
21
3.6721944881889761
0
LINE
8
BLACK
6
CONTINUOUS
10
-0.1529546850393701
20
3.664996968503937
11
-0.154151811023622
21
3.6637998425196852
0
LINE
8
BLACK
6
CONTINUOUS
10
-0.154151811023622
20
3.6637998425196852
11
-0.1556673228346457
21
3.6607688582677165
0
LINE
8
BLACK
6
CONTINUOUS
10
-0.1556673228346457
20
3.6607688582677165
11
-0.1573753149606299
21
3.6539368110236219
0
LINE
8
BLACK
6
CONTINUOUS
10
-0.1573753149606299
20
3.6539368110236219
11
-0.1573753149606299
21
3.6452900787401572
0
LINE
8
BLACK
6
CONTINUOUS
10
-0.1573753149606299
20
3.6452900787401572
11
-0.1556673228346457
21
3.6384580314960631
0
LINE
8
BLACK
6
CONTINUOUS
10
-0.1556673228346457
20
3.6384580314960631
11
-0.154151811023622
21
3.6354270472440944
0
LINE
8
BLACK
6
CONTINUOUS
10
-0.154151811023622
20
3.6354270472440944
11
-0.1529546850393701
21
3.6342298818897638
0
LINE
8
BLACK
6
CONTINUOUS
10
-0.1529546850393701
20
3.6342298818897638
11
-0.1502572047244095
21
3.6328811417322835
0
LINE
8
BLACK
6
CONTINUOUS
10
-0.1502572047244095
20
3.6328811417322835
11
-0.1479017716535433
21
3.6328811417322835
0
LINE
8
BLACK
6
CONTINUOUS
10
-0.1479017716535433
20
3.6328811417322835
11
-0.1452043307086614
21
3.6342298818897638
0
LINE
8
BLACK
6
CONTINUOUS
10
-0.1452043307086614
20
3.6342298818897638
11
-0.1440072047244094
21
3.6354270472440944
0
LINE
8
BLACK
6
CONTINUOUS
10
-0.1440072047244094
20
3.6354270472440944
11
-0.1424916929133858
21
3.6384580314960631
0
LINE
8
BLACK
6
CONTINUOUS
10
-0.1424916929133858
20
3.6384580314960631
11
-0.1407836614173228
21
3.6452900787401572
0
LINE
8
BLACK
6
CONTINUOUS
10
-0.1407836614173228
20
3.6452900787401572
11
-0.1407836614173228
21
3.6539368110236219
0
LINE
8
BLACK
6
CONTINUOUS
10
-0.1407836614173228
20
3.6539368110236219
11
-0.1424916929133858
21
3.6607688582677165
0
LINE
8
BLACK
6
CONTINUOUS
10
-0.1424916929133858
20
3.6607688582677165
11
-0.1440071653543307
21
3.6637998425196852
0
LINE
8
BLACK
6
CONTINUOUS
10
-0.1440071653543307
20
3.6637998425196852
11
-0.1452042913385827
21
3.664996968503937
0
LINE
8
BLACK
6
CONTINUOUS
10
-0.1452042913385827
20
3.664996968503937
11
-0.1479017716535433
21
3.6663457086614173
0
LINE
8
BLACK
6
CONTINUOUS
10
-0.1479017716535433
20
3.6663457086614173
11
-0.1502572047244095
21
3.6663457086614173
0
LINE
8
BLACK
6
CONTINUOUS
10
-0.1502572047244095
20
3.6663457086614173
11
-0.1529546850393701
21
3.664996968503937
0
LINE
8
BLACK
6
CONTINUOUS
10
-0.1091333464566929
20
3.6721944881889761
11
-0.1090353543307087
21
3.672153897637795
0
LINE
8
BLACK
6
CONTINUOUS
10
-0.1090353543307087
20
3.672153897637795
11
-0.1089295275590551
21
3.6721463779527559
0
LINE
8
BLACK
6
CONTINUOUS
10
-0.1089295275590551
20
3.6721463779527559
11
-0.1083888976377953
21
3.6719394881889764
0
LINE
8
BLACK
6
CONTINUOUS
10
-0.1083888976377953
20
3.6719394881889764
11
-0.1046393700787401
21
3.6700647244094489
0
LINE
8
BLACK
6
CONTINUOUS
10
-0.1046393700787401
20
3.6700647244094489
11
-0.1043913779527559
21
3.6699086614173226
0
LINE
8
BLACK
6
CONTINUOUS
10
-0.1043913779527559
20
3.6699086614173226
11
-0.1043194094488189
21
3.6698788188976379
0
LINE
8
BLACK
6
CONTINUOUS
10
-0.1043194094488189
20
3.6698788188976379
11
-0.1042384645669291
21
3.6698123622047243
0
LINE
8
BLACK
6
CONTINUOUS
10
-0.1042384645669291
20
3.6698123622047243
11
-0.1041494881889764
21
3.6697563779527558
0
LINE
8
BLACK
6
CONTINUOUS
10
-0.1041494881889764
20
3.6697563779527558
11
-0.1040983464566929
21
3.669697401574803
0
LINE
8
BLACK
6
CONTINUOUS
10
-0.1040983464566929
20
3.669697401574803
11
-0.103871968503937
21
3.6695116141732282
0
LINE
8
BLACK
6
CONTINUOUS
10
-0.103871968503937
20
3.6695116141732282
11
-0.1019972047244094
21
3.6676368503937007
0
LINE
8
BLACK
6
CONTINUOUS
10
-0.1019972047244094
20
3.6676368503937007
11
-0.1018114566929134
21
3.6674105118110236
0
LINE
8
BLACK
6
CONTINUOUS
10
-0.1018114566929134
20
3.6674105118110236
11
-0.1017524409448819
21
3.6673593307086612
0
LINE
8
BLACK
6
CONTINUOUS
10
-0.1017524409448819
20
3.6673593307086612
11
-0.1016964960629921
21
3.6672703937007873
0
LINE
8
BLACK
6
CONTINUOUS
10
-0.1016964960629921
20
3.6672703937007873
11
-0.10163
21
3.6671894094488189
0
LINE
8
BLACK
6
CONTINUOUS
10
-0.10163
20
3.6671894094488189
11
-0.1016001968503937
21
3.6671174803149604
0
LINE
8
BLACK
6
CONTINUOUS
10
-0.1016001968503937
20
3.6671174803149604
11
-0.101444094488189
21
3.6668694488188978
0
LINE
8
BLACK
6
CONTINUOUS
10
-0.101444094488189
20
3.6668694488188978
11
-0.0995693307086614
21
3.6631199212598426
0
LINE
8
BLACK
6
CONTINUOUS
10
-0.0995693307086614
20
3.6631199212598426
11
-0.0995532283464567
21
3.6630778346456694
0
LINE
8
BLACK
6
CONTINUOUS
10
-0.0995532283464567
20
3.6630778346456694
11
-0.0995405118110236
21
3.6630606692913386
0
LINE
8
BLACK
6
CONTINUOUS
10
-0.0995405118110236
20
3.6630606692913386
11
-0.0994542125984252
21
3.6628190944881891
0
LINE
8
BLACK
6
CONTINUOUS
10
-0.0994542125984252
20
3.6628190944881891
11
-0.0993624409448819
21
3.6625793307086614
0
LINE
8
BLACK
6
CONTINUOUS
10
-0.0993624409448819
20
3.6625793307086614
11
-0.0993609448818898
21
3.6625580708661416
0
LINE
8
BLACK
6
CONTINUOUS
10
-0.0993609448818898
20
3.6625580708661416
11
-0.0993457480314961
21
3.6625155511811021
0
LINE
8
BLACK
6
CONTINUOUS
10
-0.0993457480314961
20
3.6625155511811021
11
-0.0974709842519685
21
3.6550164960629918
0
LINE
8
BLACK
6
CONTINUOUS
10
-0.0974709842519685
20
3.6550164960629918
11
-0.0974562204724409
21
3.6549166535433071
0
LINE
8
BLACK
6
CONTINUOUS
10
-0.0974562204724409
20
3.6549166535433071
11
-0.0974395669291339
21
3.6548764173228347
0
LINE
8
BLACK
6
CONTINUOUS
10
-0.0974395669291339
20
3.6548764173228347
11
-0.0974182283464567
21
3.654659409448819
0
LINE
8
BLACK
6
CONTINUOUS
10
-0.0974182283464567
20
3.654659409448819
11
-0.0973863385826772
21
3.6544438976377953
0
LINE
8
BLACK
6
CONTINUOUS
10
-0.0973863385826772
20
3.6544438976377953
11
-0.0973927559055118
21
3.6544009055118107
0
LINE
8
BLACK
6
CONTINUOUS
10
-0.0973927559055118
20
3.6544009055118107
11
-0.0973828346456693
21
3.6543003543307084
0
LINE
8
BLACK
6
CONTINUOUS
10
-0.0973828346456693
20
3.6543003543307084
11
-0.0973828346456693
21
3.6449265354330707
0
LINE
8
BLACK
6
CONTINUOUS
10
-0.0973828346456693
20
3.6449265354330707
11
-0.0973927559055118
21
3.6448260236220471
0
LINE
8
BLACK
6
CONTINUOUS
10
-0.0973927559055118
20
3.6448260236220471
11
-0.0973863385826772
21
3.6447829921259842
0
LINE
8
BLACK
6
CONTINUOUS
10
-0.0973863385826772
20
3.6447829921259842
11
-0.0974182283464567
21
3.6445675196850393
0
LINE
8
BLACK
6
CONTINUOUS
10
-0.0974182283464567
20
3.6445675196850393
11
-0.0974395669291339
21
3.6443504724409448
0
LINE
8
BLACK
6
CONTINUOUS
10
-0.0974395669291339
20
3.6443504724409448
11
-0.0974562204724409
21
3.6443102755905512
0
LINE
8
BLACK
6
CONTINUOUS
10
-0.0974562204724409
20
3.6443102755905512
11
-0.0974709842519685
21
3.6442103937007873
0
LINE
8
BLACK
6
CONTINUOUS
10
-0.0974709842519685
20
3.6442103937007873
11
-0.0993457480314961
21
3.636711338582677
0
LINE
8
BLACK
6
CONTINUOUS
10
-0.0993457480314961
20
3.636711338582677
11
-0.0993609448818898
21
3.6366688582677162
0
LINE
8
BLACK
6
CONTINUOUS
10
-0.0993609448818898
20
3.6366688582677162
11
-0.0993624409448819
21
3.6366475590551182
0
LINE
8
BLACK
6
CONTINUOUS
10
-0.0993624409448819
20
3.6366475590551182
11
-0.0994542125984252
21
3.6364078346456692
0
LINE
8
BLACK
6
CONTINUOUS
10
-0.0994542125984252
20
3.6364078346456692
11
-0.0995405118110236
21
3.636166220472441
0
LINE
8
BLACK
6
CONTINUOUS
10
-0.0995405118110236
20
3.636166220472441
11
-0.0995532283464567
21
3.6361490944881889
0
LINE
8
BLACK
6
CONTINUOUS
10
-0.0995532283464567
20
3.6361490944881889
11
-0.0995693307086614
21
3.6361069685039369
0
LINE
8
BLACK
6
CONTINUOUS
10
-0.0995693307086614
20
3.6361069685039369
11
-0.101444094488189
21
3.6323574409448818
0
LINE
8
BLACK
6
CONTINUOUS
10
-0.101444094488189
20
3.6323574409448818
11
-0.101600157480315
21
3.6321095669291337
0
LINE
8
BLACK
6
CONTINUOUS
10
-0.101600157480315
20
3.6321095669291337
11
-0.1016299606299213
21
3.6320375196850394
0
LINE
8
BLACK
6
CONTINUOUS
10
-0.1016299606299213
20
3.6320375196850394
11
-0.1016964960629921
21
3.6319564960629922
0
LINE
8
BLACK
6
CONTINUOUS
10
-0.1016964960629921
20
3.6319564960629922
11
-0.1017524409448819
21
3.6318675590551179
0
LINE
8
BLACK
6
CONTINUOUS
10
-0.1017524409448819
20
3.6318675590551179
11
-0.1018114566929134
21
3.6318164173228347
0
LINE
8
BLACK
6
CONTINUOUS
10
-0.1018114566929134
20
3.6318164173228347
11
-0.1019972047244094
21
3.6315900393700788
0
LINE
8
BLACK
6
CONTINUOUS
10
-0.1019972047244094
20
3.6315900393700788
11
-0.1038719291338583
21
3.6297152755905513
0
LINE
8
BLACK
6
CONTINUOUS
10
-0.1038719291338583
20
3.6297152755905513
11
-0.1040983070866142
21
3.6295295275590549
0
LINE
8
BLACK
6
CONTINUOUS
10
-0.1040983070866142
20
3.6295295275590549
11
-0.1041494881889764
21
3.629470472440945
0
LINE
8
BLACK
6
CONTINUOUS
10
-0.1041494881889764
20
3.629470472440945
11
-0.1042384645669291
21
3.6294144881889765
0
LINE
8
BLACK
6
CONTINUOUS
10
-0.1042384645669291
20
3.6294144881889765
11
-0.1043194094488189
21
3.6293480314960629
0
LINE
8
BLACK
6
CONTINUOUS
10
-0.1043194094488189
20
3.6293480314960629
11
-0.1043913779527559
21
3.6293182283464565
0
LINE
8
BLACK
6
CONTINUOUS
10
-0.1043913779527559
20
3.6293182283464565
11
-0.1046393700787401
21
3.6291621259842519
0
LINE
8
BLACK
6
CONTINUOUS
10
-0.1046393700787401
20
3.6291621259842519
11
-0.1083888976377953
21
3.6272873622047244
0
LINE
8
BLACK
6
CONTINUOUS
10
-0.1083888976377953
20
3.6272873622047244
11
-0.1089295275590551
21
3.6270804724409449
0
LINE
8
BLACK
6
CONTINUOUS
10
-0.1089295275590551
20
3.6270804724409449
11
-0.1090353543307087
21
3.6270729921259841
0
LINE
8
BLACK
6
CONTINUOUS
10
-0.1090353543307087
20
3.6270729921259841
11
-0.1091333464566929
21
3.6270323622047242
0
LINE
8
BLACK
6
CONTINUOUS
10
-0.1091333464566929
20
3.6270323622047242
11
-0.1097094094488189
21
3.6269756299212599
0
LINE
8
BLACK
6
CONTINUOUS
10
-0.1097094094488189
20
3.6269756299212599
11
-0.113458937007874
21
3.6269756299212599
0
LINE
8
BLACK
6
CONTINUOUS
10
-0.113458937007874
20
3.6269756299212599
11
-0.114035
21
3.6270323622047242
0
LINE
8
BLACK
6
CONTINUOUS
10
-0.114035
20
3.6270323622047242
11
-0.1141329921259843
21
3.6270729527559054
0
LINE
8
BLACK
6
CONTINUOUS
10
-0.1141329921259843
20
3.6270729527559054
11
-0.1142388582677165
21
3.6270804724409449
0
LINE
8
BLACK
6
CONTINUOUS
10
-0.1142388582677165
20
3.6270804724409449
11
-0.1147794488188976
21
3.6272873622047244
0
LINE
8
BLACK
6
CONTINUOUS
10
-0.1147794488188976
20
3.6272873622047244
11
-0.1185289763779527
21
3.6291621259842519
0
LINE
8
BLACK
6
CONTINUOUS
10
-0.1185289763779527
20
3.6291621259842519
11
-0.1187770078740157
21
3.6293182283464565
0
LINE
8
BLACK
6
CONTINUOUS
10
-0.1187770078740157
20
3.6293182283464565
11
-0.118848937007874
21
3.6293480314960629
0
LINE
8
BLACK
6
CONTINUOUS
10
-0.118848937007874
20
3.6293480314960629
11
-0.1189299212598425
21
3.6294144881889765
0
LINE
8
BLACK
6
CONTINUOUS
10
-0.1189299212598425
20
3.6294144881889765
11
-0.1190188582677165
21
3.629470472440945
0
LINE
8
BLACK
6
CONTINUOUS
10
-0.1190188582677165
20
3.629470472440945
11
-0.1190700787401575
21
3.6295295275590549
0
LINE
8
BLACK
6
CONTINUOUS
10
-0.1190700787401575
20
3.6295295275590549
11
-0.1192964173228346
21
3.6297152755905513
0
LINE
8
BLACK
6
CONTINUOUS
10
-0.1192964173228346
20
3.6297152755905513
11
-0.1211711811023622
21
3.6315900787401576
0
LINE
8
BLACK
6
CONTINUOUS
10
-0.1211711811023622
20
3.6315900787401576
11
-0.1213569291338583
21
3.6318164173228347
0
LINE
8
BLACK
6
CONTINUOUS
10
-0.1213569291338583
20
3.6318164173228347
11
-0.121415905511811
21
3.6318675590551179
0
LINE
8
BLACK
6
CONTINUOUS
10
-0.121415905511811
20
3.6318675590551179
11
-0.1214718897637795
21
3.6319564960629922
0
LINE
8
BLACK
6
CONTINUOUS
10
-0.1214718897637795
20
3.6319564960629922
11
-0.1215383858267716
21
3.6320375196850394
0
LINE
8
BLACK
6
CONTINUOUS
10
-0.1215383858267716
20
3.6320375196850394
11
-0.1215682283464567
21
3.6321095669291337
0
LINE
8
BLACK
6
CONTINUOUS
10
-0.1215682283464567
20
3.6321095669291337
11
-0.1217242519685039
21
3.6323574409448818
0
LINE
8
BLACK
6
CONTINUOUS
10
-0.1217242519685039
20
3.6323574409448818
11
-0.1235990157480315
21
3.6361069685039369
0
LINE
8
BLACK
6
CONTINUOUS
10
-0.1235990157480315
20
3.6361069685039369
11
-0.123615157480315
21
3.6361490944881889
0
LINE
8
BLACK
6
CONTINUOUS
10
-0.123615157480315
20
3.6361490944881889
11
-0.1236278346456693
21
3.636166220472441
0
LINE
8
BLACK
6
CONTINUOUS
10
-0.1236278346456693
20
3.636166220472441
11
-0.1237142913385827
21
3.636408188976378
0
LINE
8
BLACK
6
CONTINUOUS
10
-0.1237142913385827
20
3.636408188976378
11
-0.123805905511811
21
3.6366475984251969
0
LINE
8
BLACK
6
CONTINUOUS
10
-0.123805905511811
20
3.6366475984251969
11
-0.1238074409448819
21
3.6366688582677162
0
LINE
8
BLACK
6
CONTINUOUS
10
-0.1238074409448819
20
3.6366688582677162
11
-0.1238225984251968
21
3.636711338582677
0
LINE
8
BLACK
6
CONTINUOUS
10
-0.1238225984251968
20
3.636711338582677
11
-0.1256973622047244
21
3.6442103937007873
0
LINE
8
BLACK
6
CONTINUOUS
10
-0.1256973622047244
20
3.6442103937007873
11
-0.1257121653543307
21
3.6443102755905512
0
LINE
8
BLACK
6
CONTINUOUS
10
-0.1257121653543307
20
3.6443102755905512
11
-0.1257287795275591
21
3.6443504724409448
0
LINE
8
BLACK
6
CONTINUOUS
10
-0.1257287795275591
20
3.6443504724409448
11
-0.125750157480315
21
3.6445675196850393
0
LINE
8
BLACK
6
CONTINUOUS
10
-0.125750157480315
20
3.6445675196850393
11
-0.1257820078740157
21
3.6447829921259842
0
LINE
8
BLACK
6
CONTINUOUS
10
-0.1257820078740157
20
3.6447829921259842
11
-0.1257756299212598
21
3.6448260236220471
0
LINE
8
BLACK
6
CONTINUOUS
10
-0.1257756299212598
20
3.6448260236220471
11
-0.1257855118110236
21
3.6449265354330707
0
LINE
8
BLACK
6
CONTINUOUS
10
-0.1257855118110236
20
3.6449265354330707
11
-0.1257855118110236
21
3.6543003543307084
0
LINE
8
BLACK
6
CONTINUOUS
10
-0.1257855118110236
20
3.6543003543307084
11
-0.1257756299212598
21
3.6544009055118107
0
LINE
8
BLACK
6
CONTINUOUS
10
-0.1257756299212598
20
3.6544009055118107
11
-0.1257820078740157
21
3.6544438976377953
0
LINE
8
BLACK
6
CONTINUOUS
10
-0.1257820078740157
20
3.6544438976377953
11
-0.125750157480315
21
3.654659409448819
0
LINE
8
BLACK
6
CONTINUOUS
10
-0.125750157480315
20
3.654659409448819
11
-0.1257287795275591
21
3.6548764173228347
0
LINE
8
BLACK
6
CONTINUOUS
10
-0.1257287795275591
20
3.6548764173228347
11
-0.1257121653543307
21
3.6549166535433071
0
LINE
8
BLACK
6
CONTINUOUS
10
-0.1257121653543307
20
3.6549166535433071
11
-0.1256973622047244
21
3.6550164960629918
0
LINE
8
BLACK
6
CONTINUOUS
10
-0.1256973622047244
20
3.6550164960629918
11
-0.1238225984251968
21
3.6625155511811021
0
LINE
8
BLACK
6
CONTINUOUS
10
-0.1238225984251968
20
3.6625155511811021
11
-0.1238074409448819
21
3.6625580708661416
0
LINE
8
BLACK
6
CONTINUOUS
10
-0.1238074409448819
20
3.6625580708661416
11
-0.123805905511811
21
3.6625792913385826
0
LINE
8
BLACK
6
CONTINUOUS
10
-0.123805905511811
20
3.6625792913385826
11
-0.1237142913385827
21
3.6628187401574803
0
LINE
8
BLACK
6
CONTINUOUS
10
-0.1237142913385827
20
3.6628187401574803
11
-0.1236278346456693
21
3.6630606692913386
0
LINE
8
BLACK
6
CONTINUOUS
10
-0.1236278346456693
20
3.6630606692913386
11
-0.123615157480315
21
3.6630778346456694
0
LINE
8
BLACK
6
CONTINUOUS
10
-0.123615157480315
20
3.6630778346456694
11
-0.1235990157480315
21
3.6631199212598426
0
LINE
8
BLACK
6
CONTINUOUS
10
-0.1235990157480315
20
3.6631199212598426
11
-0.1217242519685039
21
3.6668694488188978
0
LINE
8
BLACK
6
CONTINUOUS
10
-0.1217242519685039
20
3.6668694488188978
11
-0.1215681889763779
21
3.6671174803149604
0
LINE
8
BLACK
6
CONTINUOUS
10
-0.1215681889763779
20
3.6671174803149604
11
-0.1215383464566929
21
3.6671894094488189
0
LINE
8
BLACK
6
CONTINUOUS
10
-0.1215383464566929
20
3.6671894094488189
11
-0.1214718897637795
21
3.6672703937007873
0
LINE
8
BLACK
6
CONTINUOUS
10
-0.1214718897637795
20
3.6672703937007873
11
-0.121415905511811
21
3.6673593307086612
0
LINE
8
BLACK
6
CONTINUOUS
10
-0.121415905511811
20
3.6673593307086612
11
-0.1213569291338583
21
3.6674105118110236
0
LINE
8
BLACK
6
CONTINUOUS
10
-0.1213569291338583
20
3.6674105118110236
11
-0.1211711417322835
21
3.6676368503937007
0
LINE
8
BLACK
6
CONTINUOUS
10
-0.1211711417322835
20
3.6676368503937007
11
-0.1192963779527559
21
3.6695116141732282
0
LINE
8
BLACK
6
CONTINUOUS
10
-0.1192963779527559
20
3.6695116141732282
11
-0.1190700393700787
21
3.669697401574803
0
LINE
8
BLACK
6
CONTINUOUS
10
-0.1190700393700787
20
3.669697401574803
11
-0.1190188582677165
21
3.6697563779527558
0
LINE
8
BLACK
6
CONTINUOUS
10
-0.1190188582677165
20
3.6697563779527558
11
-0.1189299212598425
21
3.6698123622047243
0
LINE
8
BLACK
6
CONTINUOUS
10
-0.1189299212598425
20
3.6698123622047243
11
-0.118848937007874
21
3.6698788188976379
0
LINE
8
BLACK
6
CONTINUOUS
10
-0.118848937007874
20
3.6698788188976379
11
-0.1187770078740157
21
3.6699086614173226
0
LINE
8
BLACK
6
CONTINUOUS
10
-0.1187770078740157
20
3.6699086614173226
11
-0.1185289763779527
21
3.6700647244094489
0
LINE
8
BLACK
6
CONTINUOUS
10
-0.1185289763779527
20
3.6700647244094489
11
-0.1147794488188976
21
3.6719394881889764
0
LINE
8
BLACK
6
CONTINUOUS
10
-0.1147794488188976
20
3.6719394881889764
11
-0.1142388582677165
21
3.6721463779527559
0
LINE
8
BLACK
6
CONTINUOUS
10
-0.1142388582677165
20
3.6721463779527559
11
-0.1141329921259843
21
3.6721539370078737
0
LINE
8
BLACK
6
CONTINUOUS
10
-0.1141329921259843
20
3.6721539370078737
11
-0.114035
21
3.6721944881889761
0
LINE
8
BLACK
6
CONTINUOUS
10
-0.114035
20
3.6721944881889761
11
-0.113458937007874
21
3.6722512204724409
0
LINE
8
BLACK
6
CONTINUOUS
10
-0.113458937007874
20
3.6722512204724409
11
-0.1097094094488189
21
3.6722512204724409
0
LINE
8
BLACK
6
CONTINUOUS
10
-0.1097094094488189
20
3.6722512204724409
11
-0.1091333464566929
21
3.6721944881889761
0
LINE
8
BLACK
6
CONTINUOUS
10
-0.1154593700787402
20
3.664996968503937
11
-0.1166564960629921
21
3.6637998425196852
0
LINE
8
BLACK
6
CONTINUOUS
10
-0.1166564960629921
20
3.6637998425196852
11
-0.1181720078740157
21
3.6607688582677165
0
LINE
8
BLACK
6
CONTINUOUS
10
-0.1181720078740157
20
3.6607688582677165
11
-0.11988
21
3.6539368110236219
0
LINE
8
BLACK
6
CONTINUOUS
10
-0.11988
20
3.6539368110236219
11
-0.11988
21
3.6452900787401572
0
LINE
8
BLACK
6
CONTINUOUS
10
-0.11988
20
3.6452900787401572
11
-0.1181720078740157
21
3.6384580314960631
0
LINE
8
BLACK
6
CONTINUOUS
10
-0.1181720078740157
20
3.6384580314960631
11
-0.1166564960629921
21
3.6354270472440944
0
LINE
8
BLACK
6
CONTINUOUS
10
-0.1166564960629921
20
3.6354270472440944
11
-0.1154593700787402
21
3.6342298818897638
0
LINE
8
BLACK
6
CONTINUOUS
10
-0.1154593700787402
20
3.6342298818897638
11
-0.1127618897637795
21
3.6328811417322835
0
LINE
8
BLACK
6
CONTINUOUS
10
-0.1127618897637795
20
3.6328811417322835
11
-0.1104064566929134
21
3.6328811417322835
0
LINE
8
BLACK
6
CONTINUOUS
10
-0.1104064566929134
20
3.6328811417322835
11
-0.1077090157480315
21
3.6342298818897638
0
LINE
8
BLACK
6
CONTINUOUS
10
-0.1077090157480315
20
3.6342298818897638
11
-0.1065118897637795
21
3.6354270472440944
0
LINE
8
BLACK
6
CONTINUOUS
10
-0.1065118897637795
20
3.6354270472440944
11
-0.1049963779527559
21
3.6384580314960631
0
LINE
8
BLACK
6
CONTINUOUS
10
-0.1049963779527559
20
3.6384580314960631
11
-0.1032883464566929
21
3.6452900787401572
0
LINE
8
BLACK
6
CONTINUOUS
10
-0.1032883464566929
20
3.6452900787401572
11
-0.1032883464566929
21
3.6539368110236219
0
LINE
8
BLACK
6
CONTINUOUS
10
-0.1032883464566929
20
3.6539368110236219
11
-0.1049963779527559
21
3.6607688582677165
0
LINE
8
BLACK
6
CONTINUOUS
10
-0.1049963779527559
20
3.6607688582677165
11
-0.1065118503937008
21
3.6637998425196852
0
LINE
8
BLACK
6
CONTINUOUS
10
-0.1065118503937008
20
3.6637998425196852
11
-0.1077089763779528
21
3.664996968503937
0
LINE
8
BLACK
6
CONTINUOUS
10
-0.1077089763779528
20
3.664996968503937
11
-0.1104064566929134
21
3.6663457086614173
0
LINE
8
BLACK
6
CONTINUOUS
10
-0.1104064566929134
20
3.6663457086614173
11
-0.1127618897637795
21
3.6663457086614173
0
LINE
8
BLACK
6
CONTINUOUS
10
-0.1127618897637795
20
3.6663457086614173
11
-0.1154593700787402
21
3.664996968503937
0
LINE
8
BLACK
6
CONTINUOUS
10
-0.2512714566929134
20
3.6364314566929132
11
-0.2505511417322834
21
3.6361331102362202
0
LINE
8
BLACK
6
CONTINUOUS
10
-0.2505511417322834
20
3.6361331102362202
11
-0.2505511023622047
21
3.6361330708661415
0
LINE
8
BLACK
6
CONTINUOUS
10
-0.2505511023622047
20
3.6361330708661415
11
-0.2501036220472441
21
3.6357658267716535
0
LINE
8
BLACK
6
CONTINUOUS
10
-0.2501036220472441
20
3.6357658267716535
11
-0.2482288976377953
21
3.6338910629921259
0
LINE
8
BLACK
6
CONTINUOUS
10
-0.2482288976377953
20
3.6338910629921259
11
-0.2478616535433071
21
3.6334435826771654
0
LINE
8
BLACK
6
CONTINUOUS
10
-0.2478616535433071
20
3.6334435826771654
11
-0.2474225984251968
21
3.6323835039370076
0
LINE
8
BLACK
6
CONTINUOUS
10
-0.2474225984251968
20
3.6323835039370076
11
-0.2474207874015748
21
3.6323791732283466
0
LINE
8
BLACK
6
CONTINUOUS
10
-0.2474207874015748
20
3.6323791732283466
11
-0.2474207874015748
21
3.6312270866141731
0
LINE
8
BLACK
6
CONTINUOUS
10
-0.2474207874015748
20
3.6312270866141731
11
-0.2478616929133858
21
3.6301626771653543
0
LINE
8
BLACK
6
CONTINUOUS
10
-0.2478616929133858
20
3.6301626771653543
11
-0.2482288976377953
21
3.6297152362204725
0
LINE
8
BLACK
6
CONTINUOUS
10
-0.2482288976377953
20
3.6297152362204725
11
-0.2501036614173228
21
3.627840472440945
0
LINE
8
BLACK
6
CONTINUOUS
10
-0.2501036614173228
20
3.627840472440945
11
-0.2505511023622047
21
3.6274732677165353
0
LINE
8
BLACK
6
CONTINUOUS
10
-0.2505511023622047
20
3.6274732677165353
11
-0.2516155118110236
21
3.6270323622047242
0
LINE
8
BLACK
6
CONTINUOUS
10
-0.2516155118110236
20
3.6270323622047242
11
-0.2516155511811023
21
3.6270323622047242
0
LINE
8
BLACK
6
CONTINUOUS
10
-0.2516155511811023
20
3.6270323622047242
11
-0.2527675984251969
21
3.6270323622047242
0
LINE
8
BLACK
6
CONTINUOUS
10
-0.2527675984251969
20
3.6270323622047242
11
-0.2527676377952756
21
3.6270323622047242
0
LINE
8
BLACK
6
CONTINUOUS
10
-0.2527676377952756
20
3.6270323622047242
11
-0.2538320472440945
21
3.6274732677165353
0
LINE
8
BLACK
6
CONTINUOUS
10
-0.2538320472440945
20
3.6274732677165353
11
-0.2542794881889764
21
3.627840472440945
0
LINE
8
BLACK
6
CONTINUOUS
10
-0.2542794881889764
20
3.627840472440945
11
-0.2561542519685039
21
3.6297152362204725
0
LINE
8
BLACK
6
CONTINUOUS
10
-0.2561542519685039
20
3.6297152362204725
11
-0.2565214566929134
21
3.6301626771653543
0
LINE
8
BLACK
6
CONTINUOUS
10
-0.2565214566929134
20
3.6301626771653543
11
-0.2567640551181102
21
3.6307483858267715
0
LINE
8
BLACK
6
CONTINUOUS
10
-0.2567640551181102
20
3.6307483858267715
11
-0.2569623622047244
21
3.6312270866141731
0
LINE
8
BLACK
6
CONTINUOUS
10
-0.2569623622047244
20
3.6312270866141731
11
-0.2569623622047244
21
3.6323791732283466
0
LINE
8
BLACK
6
CONTINUOUS
10
-0.2569623622047244
20
3.6323791732283466
11
-0.2565214960629921
21
3.6334435826771654
0
LINE
8
BLACK
6
CONTINUOUS
10
-0.2565214960629921
20
3.6334435826771654
11
-0.2561542913385827
21
3.6338910236220472
0
LINE
8
BLACK
6
CONTINUOUS
10
-0.2561542913385827
20
3.6338910236220472
11
-0.2542795275590551
21
3.6357658267716535
0
LINE
8
BLACK
6
CONTINUOUS
10
-0.2542795275590551
20
3.6357658267716535
11
-0.2538320472440945
21
3.6361330708661415
0
LINE
8
BLACK
6
CONTINUOUS
10
-0.2538320472440945
20
3.6361330708661415
11
-0.2538320078740157
21
3.6361331102362202
0
LINE
8
BLACK
6
CONTINUOUS
10
-0.2538320078740157
20
3.6361331102362202
11
-0.2531116929133858
21
3.6364314566929132
0
LINE
8
BLACK
6
CONTINUOUS
10
-0.2531116929133858
20
3.6364314566929132
11
-0.2527676377952756
21
3.6365739763779525
0
LINE
8
BLACK
6
CONTINUOUS
10
-0.2527676377952756
20
3.6365739763779525
11
-0.2516155511811023
21
3.6365739763779525
0
LINE
8
BLACK
6
CONTINUOUS
10
-0.2516155511811023
20
3.6365739763779525
11
-0.2516155118110236
21
3.6365739763779525
0
LINE
8
BLACK
6
CONTINUOUS
10
-0.2516155118110236
20
3.6365739763779525
11
-0.2512714566929134
21
3.6364314566929132
0
LINE
8
BLACK
6
CONTINUOUS
10
-0.0416417716535433
20
3.6590711417322832
11
-0.0415437795275591
21
3.6590305511811021
0
LINE
8
BLACK
6
CONTINUOUS
10
-0.0415437795275591
20
3.6590305511811021
11
-0.0414379527559055
21
3.659023031496063
0
LINE
8
BLACK
6
CONTINUOUS
10
-0.0414379527559055
20
3.659023031496063
11
-0.0408973228346457
21
3.6588161417322835
0
LINE
8
BLACK
6
CONTINUOUS
10
-0.0408973228346457
20
3.6588161417322835
11
-0.0371477952755905
21
3.656941377952756
0
LINE
8
BLACK
6
CONTINUOUS
10
-0.0371477952755905
20
3.656941377952756
11
-0.0370514566929134
21
3.656880748031496
0
LINE
8
BLACK
6
CONTINUOUS
10
-0.0370514566929134
20
3.656880748031496
11
-0.0370060236220472
21
3.6568655905511811
0
LINE
8
BLACK
6
CONTINUOUS
10
-0.0370060236220472
20
3.6568655905511811
11
-0.0369494881889764
21
3.6568165748031496
0
LINE
8
BLACK
6
CONTINUOUS
10
-0.0369494881889764
20
3.6568165748031496
11
-0.0366579133858268
21
3.6566330314960629
0
LINE
8
BLACK
6
CONTINUOUS
10
-0.0366579133858268
20
3.6566330314960629
11
-0.0365935433070866
21
3.6565588188976377
0
LINE
8
BLACK
6
CONTINUOUS
10
-0.0365935433070866
20
3.6565588188976377
11
-0.0365291732283465
21
3.6566330314960629
0
LINE
8
BLACK
6
CONTINUOUS
10
-0.0365291732283465
20
3.6566330314960629
11
-0.0362376377952756
21
3.6568165748031496
0
LINE
8
BLACK
6
CONTINUOUS
10
-0.0362376377952756
20
3.6568165748031496
11
-0.036181062992126
21
3.6568655905511811
0
LINE
8
BLACK
6
CONTINUOUS
10
-0.036181062992126
20
3.6568655905511811
11
-0.0361356692913386
21
3.656880748031496
0
LINE
8
BLACK
6
CONTINUOUS
10
-0.0361356692913386
20
3.656880748031496
11
-0.0360392913385827
21
3.656941377952756
0
LINE
8
BLACK
6
CONTINUOUS
10
-0.0360392913385827
20
3.656941377952756
11
-0.0322897637795276
21
3.6588161417322835
0
LINE
8
BLACK
6
CONTINUOUS
10
-0.0322897637795276
20
3.6588161417322835
11
-0.0317491732283465
21
3.659023031496063
0
LINE
8
BLACK
6
CONTINUOUS
10
-0.0317491732283465
20
3.659023031496063
11
-0.0316433070866142
21
3.6590305905511809
0
LINE
8
BLACK
6
CONTINUOUS
10
-0.0316433070866142
20
3.6590305905511809
11
-0.0315453149606299
21
3.6590711417322832
0
LINE
8
BLACK
6
CONTINUOUS
10
-0.0315453149606299
20
3.6590711417322832
11
-0.0309692519685039
21
3.659127874015748
0
LINE
8
BLACK
6
CONTINUOUS
10
-0.0309692519685039
20
3.659127874015748
11
-0.0253449606299213
21
3.659127874015748
0
LINE
8
BLACK
6
CONTINUOUS
10
-0.0253449606299213
20
3.659127874015748
11
-0.0247688976377953
21
3.6590711417322832
0
LINE
8
BLACK
6
CONTINUOUS
10
-0.0247688976377953
20
3.6590711417322832
11
-0.024670905511811
21
3.6590305511811021
0
LINE
8
BLACK
6
CONTINUOUS
10
-0.024670905511811
20
3.6590305511811021
11
-0.0245650787401575
21
3.659023031496063
0
LINE
8
BLACK
6
CONTINUOUS
10
-0.0245650787401575
20
3.659023031496063
11
-0.0240244488188976
21
3.6588161417322835
0
LINE
8
BLACK
6
CONTINUOUS
10
-0.0240244488188976
20
3.6588161417322835
11
-0.0202748818897638
21
3.656941377952756
0
LINE
8
BLACK
6
CONTINUOUS
10
-0.0202748818897638
20
3.656941377952756
11
-0.0201785826771654
21
3.656880748031496
0
LINE
8
BLACK
6
CONTINUOUS
10
-0.0201785826771654
20
3.656880748031496
11
-0.0201331102362205
21
3.6568655905511811
0
LINE
8
BLACK
6
CONTINUOUS
10
-0.0201331102362205
20
3.6568655905511811
11
-0.0200765354330709
21
3.6568165354330708
0
LINE
8
BLACK
6
CONTINUOUS
10
-0.0200765354330709
20
3.6568165354330708
11
-0.0197850393700787
21
3.6566330314960629
0
LINE
8
BLACK
6
CONTINUOUS
10
-0.0197850393700787
20
3.6566330314960629
11
-0.0195425590551181
21
3.6563534251968504
0
LINE
8
BLACK
6
CONTINUOUS
10
-0.0195425590551181
20
3.6563534251968504
11
-0.0192627165354331
21
3.6561107480314958
0
LINE
8
BLACK
6
CONTINUOUS
10
-0.0192627165354331
20
3.6561107480314958
11
-0.0190792125984252
21
3.6558192125984252
0
LINE
8
BLACK
6
CONTINUOUS
10
-0.0190792125984252
20
3.6558192125984252
11
-0.019030157480315
21
3.6557626377952754
0
LINE
8
BLACK
6
CONTINUOUS
10
-0.019030157480315
20
3.6557626377952754
11
-0.0190150393700787
21
3.6557172440944883
0
LINE
8
BLACK
6
CONTINUOUS
10
-0.0190150393700787
20
3.6557172440944883
11
-0.0189543700787402
21
3.655620866141732
0
LINE
8
BLACK
6
CONTINUOUS
10
-0.0189543700787402
20
3.655620866141732
11
-0.0170796062992126
21
3.6518713385826769
0
LINE
8
BLACK
6
CONTINUOUS
10
-0.0170796062992126
20
3.6518713385826769
11
-0.0168727165354331
21
3.651330748031496
0
LINE
8
BLACK
6
CONTINUOUS
10
-0.0168727165354331
20
3.651330748031496
11
-0.0168651968503937
21
3.6512248818897639
0
LINE
8
BLACK
6
CONTINUOUS
10
-0.0168651968503937
20
3.6512248818897639
11
-0.0168246062992126
21
3.6511268897637796
0
LINE
8
BLACK
6
CONTINUOUS
10
-0.0168246062992126
20
3.6511268897637796
11
-0.016767874015748
21
3.6505508267716533
0
LINE
8
BLACK
6
CONTINUOUS
10
-0.016767874015748
20
3.6505508267716533
11
-0.016767874015748
21
3.6299283858267715
0
LINE
8
BLACK
6
CONTINUOUS
10
-0.016767874015748
20
3.6299283858267715
11
-0.0168246062992126
21
3.6293523228346456
0
LINE
8
BLACK
6
CONTINUOUS
10
-0.0168246062992126
20
3.6293523228346456
11
-0.0172655118110236
21
3.6282879133858268
0
LINE
8
BLACK
6
CONTINUOUS
10
-0.0172655118110236
20
3.6282879133858268
11
-0.018080157480315
21
3.6274732677165353
0
LINE
8
BLACK
6
CONTINUOUS
10
-0.018080157480315
20
3.6274732677165353
11
-0.0191445669291339
21
3.6270323622047242
0
LINE
8
BLACK
6
CONTINUOUS
10
-0.0191445669291339
20
3.6270323622047242
11
-0.0202966929133858
21
3.6270323622047242
0
LINE
8
BLACK
6
CONTINUOUS
10
-0.0202966929133858
20
3.6270323622047242
11
-0.0213611023622047
21
3.6274732677165353
0
LINE
8
BLACK
6
CONTINUOUS
10
-0.0213611023622047
20
3.6274732677165353
11
-0.0221757480314961
21
3.6282879133858268
0
LINE
8
BLACK
6
CONTINUOUS
10
-0.0221757480314961
20
3.6282879133858268
11
-0.0226166535433071
21
3.6293523228346456
0
LINE
8
BLACK
6
CONTINUOUS
10
-0.0226166535433071
20
3.6293523228346456
11
-0.0226733858267717
21
3.6299283858267715
0
LINE
8
BLACK
6
CONTINUOUS
10
-0.0226733858267717
20
3.6299283858267715
11
-0.0226733858267717
21
3.6498537795275592
0
LINE
8
BLACK
6
CONTINUOUS
10
-0.0226733858267717
20
3.6498537795275592
11
-0.0237962598425197
21
3.6520995275590549
0
LINE
8
BLACK
6
CONTINUOUS
10
-0.0237962598425197
20
3.6520995275590549
11
-0.0260420078740157
21
3.6532223622047244
0
LINE
8
BLACK
6
CONTINUOUS
10
-0.0260420078740157
20
3.6532223622047244
11
-0.0302722047244094
21
3.6532223622047244
0
LINE
8
BLACK
6
CONTINUOUS
10
-0.0302722047244094
20
3.6532223622047244
11
-0.0325179527559055
21
3.6520995275590549
0
LINE
8
BLACK
6
CONTINUOUS
10
-0.0325179527559055
20
3.6520995275590549
11
-0.0336407874015748
21
3.6498537795275592
0
LINE
8
BLACK
6
CONTINUOUS
10
-0.0336407874015748
20
3.6498537795275592
11
-0.0336407874015748
21
3.6299283858267715
0
LINE
8
BLACK
6
CONTINUOUS
10
-0.0336407874015748
20
3.6299283858267715
11
-0.0336975196850394
21
3.6293523228346456
0
LINE
8
BLACK
6
CONTINUOUS
10
-0.0336975196850394
20
3.6293523228346456
11
-0.0341384251968504
21
3.6282879133858268
0
LINE
8
BLACK
6
CONTINUOUS
10
-0.0341384251968504
20
3.6282879133858268
11
-0.0349530708661417
21
3.6274732677165353
0
LINE
8
BLACK
6
CONTINUOUS
10
-0.0349530708661417
20
3.6274732677165353
11
-0.0360174803149606
21
3.6270323622047242
0
LINE
8
BLACK
6
CONTINUOUS
10
-0.0360174803149606
20
3.6270323622047242
11
-0.0371696062992126
21
3.6270323622047242
0
LINE
8
BLACK
6
CONTINUOUS
10
-0.0371696062992126
20
3.6270323622047242
11
-0.0382340157480315
21
3.6274732677165353
0
LINE
8
BLACK
6
CONTINUOUS
10
-0.0382340157480315
20
3.6274732677165353
11
-0.0390486614173228
21
3.6282879133858268
0
LINE
8
BLACK
6
CONTINUOUS
10
-0.0390486614173228
20
3.6282879133858268
11
-0.0394895669291339
21
3.6293523228346456
0
LINE
8
BLACK
6
CONTINUOUS
10
-0.0394895669291339
20
3.6293523228346456
11
-0.0395462992125984
21
3.6299283858267715
0
LINE
8
BLACK
6
CONTINUOUS
10
-0.0395462992125984
20
3.6299283858267715
11
-0.0395462992125984
21
3.6498537795275592
0
LINE
8
BLACK
6
CONTINUOUS
10
-0.0395462992125984
20
3.6498537795275592
11
-0.0406691732283465
21
3.6520995275590549
0
LINE
8
BLACK
6
CONTINUOUS
10
-0.0406691732283465
20
3.6520995275590549
11
-0.0429148818897638
21
3.6532223622047244
0
LINE
8
BLACK
6
CONTINUOUS
10
-0.0429148818897638
20
3.6532223622047244
11
-0.0471450787401575
21
3.6532223622047244
0
LINE
8
BLACK
6
CONTINUOUS
10
-0.0471450787401575
20
3.6532223622047244
11
-0.0498425590551181
21
3.6518736220472441
0
LINE
8
BLACK
6
CONTINUOUS
10
-0.0498425590551181
20
3.6518736220472441
11
-0.0505136614173228
21
3.6512025196850395
0
LINE
8
BLACK
6
CONTINUOUS
10
-0.0505136614173228
20
3.6512025196850395
11
-0.0505136614173228
21
3.6299283858267715
0
LINE
8
BLACK
6
CONTINUOUS
10
-0.0505136614173228
20
3.6299283858267715
11
-0.0505703937007874
21
3.6293523228346456
0
LINE
8
BLACK
6
CONTINUOUS
10
-0.0505703937007874
20
3.6293523228346456
11
-0.0510112992125984
21
3.6282879133858268
0
LINE
8
BLACK
6
CONTINUOUS
10
-0.0510112992125984
20
3.6282879133858268
11
-0.0518259448818898
21
3.6274732677165353
0
LINE
8
BLACK
6
CONTINUOUS
10
-0.0518259448818898
20
3.6274732677165353
11
-0.0528903543307087
21
3.6270323622047242
0
LINE
8
BLACK
6
CONTINUOUS
10
-0.0528903543307087
20
3.6270323622047242
11
-0.0540424803149606
21
3.6270323622047242
0
LINE
8
BLACK
6
CONTINUOUS
10
-0.0540424803149606
20
3.6270323622047242
11
-0.0551068897637795
21
3.6274732677165353
0
LINE
8
BLACK
6
CONTINUOUS
10
-0.0551068897637795
20
3.6274732677165353
11
-0.0559215354330709
21
3.6282879133858268
0
LINE
8
BLACK
6
CONTINUOUS
10
-0.0559215354330709
20
3.6282879133858268
11
-0.0563624409448819
21
3.6293523228346456
0
LINE
8
BLACK
6
CONTINUOUS
10
-0.0563624409448819
20
3.6293523228346456
11
-0.0564191732283465
21
3.6299283858267715
0
LINE
8
BLACK
6
CONTINUOUS
10
-0.0564191732283465
20
3.6299283858267715
11
-0.0564191732283465
21
3.656175118110236
0
LINE
8
BLACK
6
CONTINUOUS
10
-0.0564191732283465
20
3.656175118110236
11
-0.0563624409448819
21
3.6567511811023623
0
LINE
8
BLACK
6
CONTINUOUS
10
-0.0563624409448819
20
3.6567511811023623
11
-0.0559215354330709
21
3.6578155905511811
0
LINE
8
BLACK
6
CONTINUOUS
10
-0.0559215354330709
20
3.6578155905511811
11
-0.0551068897637795
21
3.6586302362204726
0
LINE
8
BLACK
6
CONTINUOUS
10
-0.0551068897637795
20
3.6586302362204726
11
-0.0540424803149606
21
3.6590711417322832
0
LINE
8
BLACK
6
CONTINUOUS
10
-0.0540424803149606
20
3.6590711417322832
11
-0.0528903543307087
21
3.6590711417322832
0
LINE
8
BLACK
6
CONTINUOUS
10
-0.0528903543307087
20
3.6590711417322832
11
-0.0518259448818898
21
3.6586302362204726
0
LINE
8
BLACK
6
CONTINUOUS
10
-0.0518259448818898
20
3.6586302362204726
11
-0.051062125984252
21
3.6578664173228344
0
LINE
8
BLACK
6
CONTINUOUS
10
-0.051062125984252
20
3.6578664173228344
11
-0.0491626377952756
21
3.6588161417322835
0
LINE
8
BLACK
6
CONTINUOUS
10
-0.0491626377952756
20
3.6588161417322835
11
-0.0486220472440945
21
3.659023031496063
0
LINE
8
BLACK
6
CONTINUOUS
10
-0.0486220472440945
20
3.659023031496063
11
-0.0485161811023622
21
3.6590305905511809
0
LINE
8
BLACK
6
CONTINUOUS
10
-0.0485161811023622
20
3.6590305905511809
11
-0.048418188976378
21
3.6590711417322832
0
LINE
8
BLACK
6
CONTINUOUS
10
-0.048418188976378
20
3.6590711417322832
11
-0.047842125984252
21
3.659127874015748
0
LINE
8
BLACK
6
CONTINUOUS
10
-0.047842125984252
20
3.659127874015748
11
-0.0422178346456693
21
3.659127874015748
0
LINE
8
BLACK
6
CONTINUOUS
10
-0.0422178346456693
20
3.659127874015748
11
-0.0416417716535433
21
3.6590711417322832
0
LINE
8
BLACK
6
CONTINUOUS
10
0.0108516535433071
20
3.6590711417322832
11
0.0109496456692913
21
3.6590305511811021
0
LINE
8
BLACK
6
CONTINUOUS
10
0.0109496456692913
20
3.6590305511811021
11
0.0110554724409449
21
3.659023031496063
0
LINE
8
BLACK
6
CONTINUOUS
10
0.0110554724409449
20
3.659023031496063
11
0.0115961023622047
21
3.6588161417322835
0
LINE
8
BLACK
6
CONTINUOUS
10
0.0115961023622047
20
3.6588161417322835
11
0.0153456299212598
21
3.656941377952756
0
LINE
8
BLACK
6
CONTINUOUS
10
0.0153456299212598
20
3.656941377952756
11
0.015441968503937
21
3.656880748031496
0
LINE
8
BLACK
6
CONTINUOUS
10
0.015441968503937
20
3.656880748031496
11
0.0154874015748031
21
3.6568655905511811
0
LINE
8
BLACK
6
CONTINUOUS
10
0.0154874015748031
20
3.6568655905511811
11
0.015543937007874
21
3.6568165748031496
0
LINE
8
BLACK
6
CONTINUOUS
10
0.015543937007874
20
3.6568165748031496
11
0.0158355118110236
21
3.6566330314960629
0
LINE
8
BLACK
6
CONTINUOUS
10
0.0158355118110236
20
3.6566330314960629
11
0.0158998818897638
21
3.6565588188976377
0
LINE
8
BLACK
6
CONTINUOUS
10
0.0158998818897638
20
3.6565588188976377
11
0.0159642519685039
21
3.6566330314960629
0
LINE
8
BLACK
6
CONTINUOUS
10
0.0159642519685039
20
3.6566330314960629
11
0.0162557874015748
21
3.6568165748031496
0
LINE
8
BLACK
6
CONTINUOUS
10
0.0162557874015748
20
3.6568165748031496
11
0.0163123622047244
21
3.6568655905511811
0
LINE
8
BLACK
6
CONTINUOUS
10
0.0163123622047244
20
3.6568655905511811
11
0.0163577559055118
21
3.656880748031496
0
LINE
8
BLACK
6
CONTINUOUS
10
0.0163577559055118
20
3.656880748031496
11
0.0164541338582677
21
3.656941377952756
0
LINE
8
BLACK
6
CONTINUOUS
10
0.0164541338582677
20
3.656941377952756
11
0.0202036614173228
21
3.6588161417322835
0
LINE
8
BLACK
6
CONTINUOUS
10
0.0202036614173228
20
3.6588161417322835
11
0.0207442519685039
21
3.659023031496063
0
LINE
8
BLACK
6
CONTINUOUS
10
0.0207442519685039
20
3.659023031496063
11
0.0208501181102362
21
3.6590305905511809
0
LINE
8
BLACK
6
CONTINUOUS
10
0.0208501181102362
20
3.6590305905511809
11
0.0209481102362205
21
3.6590711417322832
0
LINE
8
BLACK
6
CONTINUOUS
10
0.0209481102362205
20
3.6590711417322832
11
0.0215241732283465
21
3.659127874015748
0
LINE
8
BLACK
6
CONTINUOUS
10
0.0215241732283465
20
3.659127874015748
11
0.0271484645669291
21
3.659127874015748
0
LINE
8
BLACK
6
CONTINUOUS
10
0.0271484645669291
20
3.659127874015748
11
0.0277245275590551
21
3.6590711417322832
0
LINE
8
BLACK
6
CONTINUOUS
10
0.0277245275590551
20
3.6590711417322832
11
0.0278225196850394
21
3.6590305511811021
0
LINE
8
BLACK
6
CONTINUOUS
10
0.0278225196850394
20
3.6590305511811021
11
0.0279283464566929
21
3.659023031496063
0
LINE
8
BLACK
6
CONTINUOUS
10
0.0279283464566929
20
3.659023031496063
11
0.0284689763779528
21
3.6588161417322835
0
LINE
8
BLACK
6
CONTINUOUS
10
0.0284689763779528
20
3.6588161417322835
11
0.0322185433070866
21
3.656941377952756
0
LINE
8
BLACK
6
CONTINUOUS
10
0.0322185433070866
20
3.656941377952756
11
0.032314842519685
21
3.656880748031496
0
LINE
8
BLACK
6
CONTINUOUS
10
0.032314842519685
20
3.656880748031496
11
0.0323603149606299
21
3.6568655905511811
0
LINE
8
BLACK
6
CONTINUOUS
10
0.0323603149606299
20
3.6568655905511811
11
0.0324168897637795
21
3.6568165354330708
0
LINE
8
BLACK
6
CONTINUOUS
10
0.0324168897637795
20
3.6568165354330708
11
0.0327083858267717
21
3.6566330314960629
0
LINE
8
BLACK
6
CONTINUOUS
10
0.0327083858267717
20
3.6566330314960629
11
0.0329508661417323
21
3.6563534251968504
0
LINE
8
BLACK
6
CONTINUOUS
10
0.0329508661417323
20
3.6563534251968504
11
0.0332307086614173
21
3.6561107480314958
0
LINE
8
BLACK
6
CONTINUOUS
10
0.0332307086614173
20
3.6561107480314958
11
0.0334142125984252
21
3.6558192125984252
0
LINE
8
BLACK
6
CONTINUOUS
10
0.0334142125984252
20
3.6558192125984252
11
0.0334632677165354
21
3.6557626377952754
0
LINE
8
BLACK
6
CONTINUOUS
10
0.0334632677165354
20
3.6557626377952754
11
0.0334783858267717
21
3.6557172440944883
0
LINE
8
BLACK
6
CONTINUOUS
10
0.0334783858267717
20
3.6557172440944883
11
0.0335390551181102
21
3.655620866141732
0
LINE
8
BLACK
6
CONTINUOUS
10
0.0335390551181102
20
3.655620866141732
11
0.0354138188976378
21
3.6518713385826769
0
LINE
8
BLACK
6
CONTINUOUS
10
0.0354138188976378
20
3.6518713385826769
11
0.0356207086614173
21
3.651330748031496
0
LINE
8
BLACK
6
CONTINUOUS
10
0.0356207086614173
20
3.651330748031496
11
0.0356282283464567
21
3.6512248818897639
0
LINE
8
BLACK
6
CONTINUOUS
10
0.0356282283464567
20
3.6512248818897639
11
0.0356688188976378
21
3.6511268897637796
0
LINE
8
BLACK
6
CONTINUOUS
10
0.0356688188976378
20
3.6511268897637796
11
0.0357255511811024
21
3.6505508267716533
0
LINE
8
BLACK
6
CONTINUOUS
10
0.0357255511811024
20
3.6505508267716533
11
0.0357255511811024
21
3.6299283858267715
0
LINE
8
BLACK
6
CONTINUOUS
10
0.0357255511811024
20
3.6299283858267715
11
0.0356688188976378
21
3.6293523228346456
0
LINE
8
BLACK
6
CONTINUOUS
10
0.0356688188976378
20
3.6293523228346456
11
0.0352279133858268
21
3.6282879133858268
0
LINE
8
BLACK
6
CONTINUOUS
10
0.0352279133858268
20
3.6282879133858268
11
0.0344132677165354
21
3.6274732677165353
0
LINE
8
BLACK
6
CONTINUOUS
10
0.0344132677165354
20
3.6274732677165353
11
0.0333488582677165
21
3.6270323622047242
0
LINE
8
BLACK
6
CONTINUOUS
10
0.0333488582677165
20
3.6270323622047242
11
0.0321967322834646
21
3.6270323622047242
0
LINE
8
BLACK
6
CONTINUOUS
10
0.0321967322834646
20
3.6270323622047242
11
0.0311323228346457
21
3.6274732677165353
0
LINE
8
BLACK
6
CONTINUOUS
10
0.0311323228346457
20
3.6274732677165353
11
0.0303176771653543
21
3.6282879133858268
0
LINE
8
BLACK
6
CONTINUOUS
10
0.0303176771653543
20
3.6282879133858268
11
0.0298767716535433
21
3.6293523228346456
0
LINE
8
BLACK
6
CONTINUOUS
10
0.0298767716535433
20
3.6293523228346456
11
0.0298200393700787
21
3.6299283858267715
0
LINE
8
BLACK
6
CONTINUOUS
10
0.0298200393700787
20
3.6299283858267715
11
0.0298200393700787
21
3.6498537795275592
0
LINE
8
BLACK
6
CONTINUOUS
10
0.0298200393700787
20
3.6498537795275592
11
0.0286971653543307
21
3.6520995275590549
0
LINE
8
BLACK
6
CONTINUOUS
10
0.0286971653543307
20
3.6520995275590549
11
0.0264514173228346
21
3.6532223622047244
0
LINE
8
BLACK
6
CONTINUOUS
10
0.0264514173228346
20
3.6532223622047244
11
0.0222212204724409
21
3.6532223622047244
0
LINE
8
BLACK
6
CONTINUOUS
10
0.0222212204724409
20
3.6532223622047244
11
0.0199754724409449
21
3.6520995275590549
0
LINE
8
BLACK
6
CONTINUOUS
10
0.0199754724409449
20
3.6520995275590549
11
0.0188526377952756
21
3.6498537795275592
0
LINE
8
BLACK
6
CONTINUOUS
10
0.0188526377952756
20
3.6498537795275592
11
0.0188526377952756
21
3.6299283858267715
0
LINE
8
BLACK
6
CONTINUOUS
10
0.0188526377952756
20
3.6299283858267715
11
0.018795905511811
21
3.6293523228346456
0
LINE
8
BLACK
6
CONTINUOUS
10
0.018795905511811
20
3.6293523228346456
11
0.018355
21
3.6282879133858268
0
LINE
8
BLACK
6
CONTINUOUS
10
0.018355
20
3.6282879133858268
11
0.0175403543307087
21
3.6274732677165353
0
LINE
8
BLACK
6
CONTINUOUS
10
0.0175403543307087
20
3.6274732677165353
11
0.0164759448818898
21
3.6270323622047242
0
LINE
8
BLACK
6
CONTINUOUS
10
0.0164759448818898
20
3.6270323622047242
11
0.0153238188976378
21
3.6270323622047242
0
LINE
8
BLACK
6
CONTINUOUS
10
0.0153238188976378
20
3.6270323622047242
11
0.0142594094488189
21
3.6274732677165353
0
LINE
8
BLACK
6
CONTINUOUS
10
0.0142594094488189
20
3.6274732677165353
11
0.0134447637795276
21
3.6282879133858268
0
LINE
8
BLACK
6
CONTINUOUS
10
0.0134447637795276
20
3.6282879133858268
11
0.0130038582677165
21
3.6293523228346456
0
LINE
8
BLACK
6
CONTINUOUS
10
0.0130038582677165
20
3.6293523228346456
11
0.012947125984252
21
3.6299283858267715
0
LINE
8
BLACK
6
CONTINUOUS
10
0.012947125984252
20
3.6299283858267715
11
0.012947125984252
21
3.6498537795275592
0
LINE
8
BLACK
6
CONTINUOUS
10
0.012947125984252
20
3.6498537795275592
11
0.0118242519685039
21
3.6520995275590549
0
LINE
8
BLACK
6
CONTINUOUS
10
0.0118242519685039
20
3.6520995275590549
11
0.0095785433070866
21
3.6532223622047244
0
LINE
8
BLACK
6
CONTINUOUS
10
0.0095785433070866
20
3.6532223622047244
11
0.0053483464566929
21
3.6532223622047244
0
LINE
8
BLACK
6
CONTINUOUS
10
0.0053483464566929
20
3.6532223622047244
11
0.0026508661417323
21
3.6518736220472441
0
LINE
8
BLACK
6
CONTINUOUS
10
0.0026508661417323
20
3.6518736220472441
11
0.0019797637795276
21
3.6512025196850395
0
LINE
8
BLACK
6
CONTINUOUS
10
0.0019797637795276
20
3.6512025196850395
11
0.0019797637795276
21
3.6299283858267715
0
LINE
8
BLACK
6
CONTINUOUS
10
0.0019797637795276
20
3.6299283858267715
11
0.001923031496063
21
3.6293523228346456
0
LINE
8
BLACK
6
CONTINUOUS
10
0.001923031496063
20
3.6293523228346456
11
0.001482125984252
21
3.6282879133858268
0
LINE
8
BLACK
6
CONTINUOUS
10
0.001482125984252
20
3.6282879133858268
11
0.0006674803149606
21
3.6274732677165353
0
LINE
8
BLACK
6
CONTINUOUS
10
0.0006674803149606
20
3.6274732677165353
11
-0.0003969291338583
21
3.6270323622047242
0
LINE
8
BLACK
6
CONTINUOUS
10
-0.0003969291338583
20
3.6270323622047242
11
-0.0015490551181102
21
3.6270323622047242
0
LINE
8
BLACK
6
CONTINUOUS
10
-0.0015490551181102
20
3.6270323622047242
11
-0.0026134645669291
21
3.6274732677165353
0
LINE
8
BLACK
6
CONTINUOUS
10
-0.0026134645669291
20
3.6274732677165353
11
-0.0034281102362205
21
3.6282879133858268
0
LINE
8
BLACK
6
CONTINUOUS
10
-0.0034281102362205
20
3.6282879133858268
11
-0.0038690157480315
21
3.6293523228346456
0
LINE
8
BLACK
6
CONTINUOUS
10
-0.0038690157480315
20
3.6293523228346456
11
-0.0039257480314961
21
3.6299283858267715
0
LINE
8
BLACK
6
CONTINUOUS
10
-0.0039257480314961
20
3.6299283858267715
11
-0.0039257480314961
21
3.656175118110236
0
LINE
8
BLACK
6
CONTINUOUS
10
-0.0039257480314961
20
3.656175118110236
11
-0.0038690157480315
21
3.6567511811023623
0
LINE
8
BLACK
6
CONTINUOUS
10
-0.0038690157480315
20
3.6567511811023623
11
-0.0034281102362205
21
3.6578155905511811
0
LINE
8
BLACK
6
CONTINUOUS
10
-0.0034281102362205
20
3.6578155905511811
11
-0.0026134645669291
21
3.6586302362204726
0
LINE
8
BLACK
6
CONTINUOUS
10
-0.0026134645669291
20
3.6586302362204726
11
-0.0015490551181102
21
3.6590711417322832
0
LINE
8
BLACK
6
CONTINUOUS
10
-0.0015490551181102
20
3.6590711417322832
11
-0.0003969291338583
21
3.6590711417322832
0
LINE
8
BLACK
6
CONTINUOUS
10
-0.0003969291338583
20
3.6590711417322832
11
0.0006674803149606
21
3.6586302362204726
0
LINE
8
BLACK
6
CONTINUOUS
10
0.0006674803149606
20
3.6586302362204726
11
0.0014312992125984
21
3.6578664173228344
0
LINE
8
BLACK
6
CONTINUOUS
10
0.0014312992125984
20
3.6578664173228344
11
0.0033307874015748
21
3.6588161417322835
0
LINE
8
BLACK
6
CONTINUOUS
10
0.0033307874015748
20
3.6588161417322835
11
0.0038713779527559
21
3.659023031496063
0
LINE
8
BLACK
6
CONTINUOUS
10
0.0038713779527559
20
3.659023031496063
11
0.0039772440944882
21
3.6590305905511809
0
LINE
8
BLACK
6
CONTINUOUS
10
0.0039772440944882
20
3.6590305905511809
11
0.0040752362204724
21
3.6590711417322832
0
LINE
8
BLACK
6
CONTINUOUS
10
0.0040752362204724
20
3.6590711417322832
11
0.0046512992125984
21
3.659127874015748
0
LINE
8
BLACK
6
CONTINUOUS
10
0.0046512992125984
20
3.659127874015748
11
0.0102755905511811
21
3.659127874015748
0
LINE
8
BLACK
6
CONTINUOUS
10
0.0102755905511811
20
3.659127874015748
11
0.0108516535433071
21
3.6590711417322832
0
CIRCLE
8
BLACK
10
-0.3803149606299213
20
3.2884842519685038
40
0.0068897637795276
0
CIRCLE
8
BLACK
10
-0.3661417322834646
20
0.7419291338582678
40
0.0068897637795276
0
CIRCLE
8
BLACK
10
-0.3661417322834646
20
2.6399606299212599
40
0.0068897637795276
0
CIRCLE
8
BLACK
10
-0.1692913385826772
20
1.5151574803149606
40
0.0068897637795276
0
CIRCLE
8
BLACK
10
-0.1692913385826772
20
1.5938976377952756
40
0.0068897637795276
0
CIRCLE
8
BLACK
10
-0.1692913385826772
20
1.6726377952755904
40
0.0068897637795276
0
CIRCLE
8
BLACK
10
-0.1692913385826772
20
1.7513779527559055
40
0.0068897637795276
0
CIRCLE
8
BLACK
10
-0.1692913385826772
20
1.8301181102362205
40
0.0068897637795276
0
CIRCLE
8
BLACK
10
-0.1692913385826772
20
1.9088582677165353
40
0.0068897637795276
0
CIRCLE
8
BLACK
10
-0.2480314960629921
20
1.5151574803149606
40
0.0068897637795276
0
CIRCLE
8
BLACK
10
-0.2480314960629921
20
1.5938976377952756
40
0.0068897637795276
0
CIRCLE
8
BLACK
10
-0.2480314960629921
20
1.6726377952755904
40
0.0068897637795276
0
CIRCLE
8
BLACK
10
-0.2480314960629921
20
1.7513779527559055
40
0.0068897637795276
0
CIRCLE
8
BLACK
10
-0.2480314960629921
20
1.8301181102362205
40
0.0068897637795276
0
CIRCLE
8
BLACK
10
-0.2480314960629921
20
1.9088582677165353
40
0.0068897637795276
0
CIRCLE
8
BLACK
10
-0.3267716535433071
20
1.5151574803149606
40
0.0068897637795276
0
CIRCLE
8
BLACK
10
-0.3267716535433071
20
1.5938976377952756
40
0.0068897637795276
0
CIRCLE
8
BLACK
10
-0.3267716535433071
20
1.6726377952755904
40
0.0068897637795276
0
CIRCLE
8
BLACK
10
-0.3267716535433071
20
1.7513779527559055
40
0.0068897637795276
0
CIRCLE
8
BLACK
10
-0.3267716535433071
20
1.8301181102362205
40
0.0068897637795276
0
CIRCLE
8
BLACK
10
-0.3267716535433071
20
1.9088582677165353
40
0.0068897637795276
0
CIRCLE
8
BLACK
10
-0.405511811023622
20
1.5151574803149606
40
0.0068897637795276
0
CIRCLE
8
BLACK
10
-0.405511811023622
20
1.5938976377952756
40
0.0068897637795276
0
CIRCLE
8
BLACK
10
-0.405511811023622
20
1.6726377952755904
40
0.0068897637795276
0
CIRCLE
8
BLACK
10
-0.405511811023622
20
1.7513779527559055
40
0.0068897637795276
0
CIRCLE
8
BLACK
10
-0.405511811023622
20
1.8301181102362205
40
0.0068897637795276
0
CIRCLE
8
BLACK
10
-0.405511811023622
20
1.9088582677165353
40
0.0068897637795276
0
CIRCLE
8
BLACK
10
-0.484251968503937
20
1.5151574803149606
40
0.0068897637795276
0
CIRCLE
8
BLACK
10
-0.484251968503937
20
1.5938976377952756
40
0.0068897637795276
0
CIRCLE
8
BLACK
10
-0.484251968503937
20
1.6726377952755904
40
0.0068897637795276
0
CIRCLE
8
BLACK
10
-0.484251968503937
20
1.7513779527559055
40
0.0068897637795276
0
CIRCLE
8
BLACK
10
-0.484251968503937
20
1.8301181102362205
40
0.0068897637795276
0
CIRCLE
8
BLACK
10
-0.484251968503937
20
1.9088582677165353
40
0.0068897637795276
0
CIRCLE
8
BLACK
10
-0.562992125984252
20
0.9584645669291338
40
0.0068897637795276
0
CIRCLE
8
BLACK
10
-0.4645669291338583
20
0.9584645669291338
40
0.0068897637795276
0
CIRCLE
8
BLACK
10
-0.3661417322834646
20
0.9584645669291338
40
0.0068897637795276
0
CIRCLE
8
BLACK
10
-0.2677165354330708
20
0.9584645669291338
40
0.0068897637795276
0
CIRCLE
8
BLACK
10
-0.1692913385826772
20
0.9584645669291338
40
0.0068897637795276
0
CIRCLE
8
BLACK
10
-0.562992125984252
20
1.0765748031496063
40
0.0068897637795276
0
CIRCLE
8
BLACK
10
-0.4645669291338583
20
1.0765748031496063
40
0.0068897637795276
0
CIRCLE
8
BLACK
10
-0.3661417322834646
20
1.0765748031496063
40
0.0068897637795276
0
CIRCLE
8
BLACK
10
-0.2677165354330708
20
1.0765748031496063
40
0.0068897637795276
0
CIRCLE
8
BLACK
10
-0.1692913385826772
20
1.0765748031496063
40
0.0068897637795276
0
CIRCLE
8
BLACK
10
-0.562992125984252
20
1.175
40
0.0068897637795276
0
CIRCLE
8
BLACK
10
-0.4645669291338583
20
1.175
40
0.0068897637795276
0
CIRCLE
8
BLACK
10
-0.3661417322834646
20
1.175
40
0.0068897637795276
0
CIRCLE
8
BLACK
10
-0.2677165354330708
20
1.175
40
0.0068897637795276
0
CIRCLE
8
BLACK
10
-0.1692913385826772
20
1.175
40
0.0068897637795276
0
CIRCLE
8
BLACK
10
-0.562992125984252
20
1.2931102362204725
40
0.0068897637795276
0
CIRCLE
8
BLACK
10
-0.4645669291338583
20
1.2931102362204725
40
0.0068897637795276
0
CIRCLE
8
BLACK
10
-0.3661417322834646
20
1.2931102362204725
40
0.0068897637795276
0
CIRCLE
8
BLACK
10
-0.2677165354330708
20
1.2931102362204725
40
0.0068897637795276
0
CIRCLE
8
BLACK
10
-0.1692913385826772
20
1.2931102362204725
40
0.0068897637795276
0
CIRCLE
8
BLACK
10
-0.562992125984252
20
2.0887795275590553
40
0.0068897637795276
0
CIRCLE
8
BLACK
10
-0.4645669291338583
20
2.0887795275590553
40
0.0068897637795276
0
CIRCLE
8
BLACK
10
-0.3661417322834646
20
2.0887795275590553
40
0.0068897637795276
0
CIRCLE
8
BLACK
10
-0.2677165354330708
20
2.0887795275590553
40
0.0068897637795276
0
CIRCLE
8
BLACK
10
-0.1692913385826772
20
2.0887795275590553
40
0.0068897637795276
0
CIRCLE
8
BLACK
10
-0.562992125984252
20
2.2068897637795275
40
0.0068897637795276
0
CIRCLE
8
BLACK
10
-0.4645669291338583
20
2.2068897637795275
40
0.0068897637795276
0
CIRCLE
8
BLACK
10
-0.3661417322834646
20
2.2068897637795275
40
0.0068897637795276
0
CIRCLE
8
BLACK
10
-0.2677165354330708
20
2.2068897637795275
40
0.0068897637795276
0
CIRCLE
8
BLACK
10
-0.1692913385826772
20
2.2068897637795275
40
0.0068897637795276
0
CIRCLE
8
BLACK
10
-0.562992125984252
20
2.305314960629921
40
0.0068897637795276
0
CIRCLE
8
BLACK
10
-0.4645669291338583
20
2.305314960629921
40
0.0068897637795276
0
CIRCLE
8
BLACK
10
-0.3661417322834646
20
2.305314960629921
40
0.0068897637795276
0
CIRCLE
8
BLACK
10
-0.2677165354330708
20
2.305314960629921
40
0.0068897637795276
0
CIRCLE
8
BLACK
10
-0.1692913385826772
20
2.305314960629921
40
0.0068897637795276
0
CIRCLE
8
BLACK
10
-0.562992125984252
20
2.4234251968503937
40
0.0068897637795276
0
CIRCLE
8
BLACK
10
-0.4645669291338583
20
2.4234251968503937
40
0.0068897637795276
0
CIRCLE
8
BLACK
10
-0.3661417322834646
20
2.4234251968503937
40
0.0068897637795276
0
CIRCLE
8
BLACK
10
-0.2677165354330708
20
2.4234251968503937
40
0.0068897637795276
0
CIRCLE
8
BLACK
10
-0.1692913385826772
20
2.4234251968503937
40
0.0068897637795276
0
CIRCLE
8
BLACK
10
-0.7803149606299212
20
2.8884842519685039
40
0.0068897637795276
0
CIRCLE
8
BLACK
10
-0.3803149606299213
20
0.0884842519685039
40
0.0068897637795276
0
CIRCLE
8
BLACK
10
-0.7803149606299212
20
0.4884842519685039
40
0.0068897637795276
0
CIRCLE
8
BLACK
10
-0.8803149606299212
20
2.390748031496063
40
0.0068897637795276
0
CIRCLE
8
BLACK
10
-0.7803149606299212
20
2.390748031496063
40
0.0068897637795276
0
CIRCLE
8
BLACK
10
-0.8803149606299212
20
2.2907480314960629
40
0.0068897637795276
0
CIRCLE
8
BLACK
10
-0.7803149606299212
20
2.2907480314960629
40
0.0068897637795276
0
CIRCLE
8
BLACK
10
-0.8803149606299212
20
2.1907480314960628
40
0.0068897637795276
0
CIRCLE
8
BLACK
10
-0.7803149606299212
20
2.1907480314960628
40
0.0068897637795276
0
CIRCLE
8
BLACK
10
-0.8803149606299212
20
2.0907480314960631
40
0.0068897637795276
0
CIRCLE
8
BLACK
10
-0.7803149606299212
20
2.0907480314960631
40
0.0068897637795276
0
CIRCLE
8
BLACK
10
-0.8803149606299212
20
1.9907480314960631
40
0.0068897637795276
0
CIRCLE
8
BLACK
10
-0.7803149606299212
20
1.9907480314960631
40
0.0068897637795276
0
CIRCLE
8
BLACK
10
-0.8803149606299212
20
1.890748031496063
40
0.0068897637795276
0
CIRCLE
8
BLACK
10
-0.7803149606299212
20
1.890748031496063
40
0.0068897637795276
0
CIRCLE
8
BLACK
10
-0.8803149606299212
20
1.7907480314960629
40
0.0068897637795276
0
CIRCLE
8
BLACK
10
-0.7803149606299212
20
1.7907480314960629
40
0.0068897637795276
0
CIRCLE
8
BLACK
10
-0.8803149606299212
20
1.690748031496063
40
0.0068897637795276
0
CIRCLE
8
BLACK
10
-0.7803149606299212
20
1.690748031496063
40
0.0068897637795276
0
CIRCLE
8
BLACK
10
-0.8803149606299212
20
1.5907480314960629
40
0.0068897637795276
0
CIRCLE
8
BLACK
10
-0.7803149606299212
20
1.5907480314960629
40
0.0068897637795276
0
CIRCLE
8
BLACK
10
-0.8803149606299212
20
1.4907480314960631
40
0.0068897637795276
0
CIRCLE
8
BLACK
10
-0.7803149606299212
20
1.4907480314960631
40
0.0068897637795276
0
CIRCLE
8
BLACK
10
-0.8803149606299212
20
1.390748031496063
40
0.0068897637795276
0
CIRCLE
8
BLACK
10
-0.7803149606299212
20
1.390748031496063
40
0.0068897637795276
0
CIRCLE
8
BLACK
10
-0.8803149606299212
20
1.2907480314960629
40
0.0068897637795276
0
CIRCLE
8
BLACK
10
-0.7803149606299212
20
1.2907480314960629
40
0.0068897637795276
0
CIRCLE
8
BLACK
10
-0.8803149606299212
20
1.190748031496063
40
0.0068897637795276
0
CIRCLE
8
BLACK
10
-0.7803149606299212
20
1.190748031496063
40
0.0068897637795276
0
CIRCLE
8
BLACK
10
-0.8803149606299212
20
1.0907480314960629
40
0.0068897637795276
0
CIRCLE
8
BLACK
10
-0.7803149606299212
20
1.0907480314960629
40
0.0068897637795276
0
CIRCLE
8
BLACK
10
-0.8803149606299212
20
0.9907480314960629
40
0.0068897637795276
0
CIRCLE
8
BLACK
10
-0.7803149606299212
20
0.9907480314960629
40
0.0068897637795276
  0
ENDSEC
  0
EOF
