  0
SECTION
  2
HEADER
  9
$ANGBASE
  50
0.0
  9
$ANGDIR
  70
1
  9
$MEASUREMENT
  70
0
  0
ENDSEC
  0
SECTION
  2
TABLES
  0
TABLE
  2
LTYPE
  70
4
  0
LTYPE
  5
40F
  2
CONTINUOUS
  70
0
  3
Solid line
  72
65
  73
0
  40
0.0
  0
LTYPE
  5
410
  2
DASHDOT
 70
0
  3
Dash Dot ____ _ ____ _
 72
65
 73
4
 40
2.0
 49
1.25
 49
-0.25
 49
0.25
 49
-0.25
  0
LTYPE
  5
411
  2
DASHED
 70
0
  3
Dashed __ __ __ __ __
 72
65
 73
2
 40
0.75
 49
0.5
 49
-0.25
  0
LTYPE
  5
43B
  2
DOTTED
 70
0
  3
Dotted .  .  .  .
 72
65
 73
2
 40
0.2
 49
0.0
 49
-0.2
  0
ENDTAB
  0
TABLE
  2
STYLE
  70
4
  0
STYLE
  2
KICAD
  70
0
  40
0
  41
1
  42
1
  50
0
  71
0
  3
isocp.shx
  0
STYLE
  2
KICADB
  70
0
  40
0
  41
1
  42
1
  50
0
  71
0
  3
isocp.shx
  0
STYLE
  2
KICADI
  70
0
  40
0
  41
1
  42
1
  50
15
  71
0
  3
isocp.shx
  0
STYLE
  2
KICADBI
  70
0
  40
0
  41
1
  42
1
  50
15
  71
0
  3
isocp.shx
  0
ENDTAB
  0
TABLE
  2
LAYER
  70
1
  0
LAYER
  2
BLACK
  70
0
  62
7
  6
CONTINUOUS
  0
ENDTAB
  0
ENDSEC
  0
SECTION
  2
ENTITIES
0
LINE
8
BLACK
6
CONTINUOUS
10
-0.8550482283464567
20
0.8629331496062992
11
-0.8539838188976377
21
0.8624922440944882
0
LINE
8
BLACK
6
CONTINUOUS
10
-0.8539838188976377
20
0.8624922440944882
11
-0.8531691732283464
21
0.8616775984251969
0
LINE
8
BLACK
6
CONTINUOUS
10
-0.8531691732283464
20
0.8616775984251969
11
-0.8527282677165354
21
0.860613188976378
0
LINE
8
BLACK
6
CONTINUOUS
10
-0.8527282677165354
20
0.860613188976378
11
-0.8527282677165354
21
0.859461062992126
0
LINE
8
BLACK
6
CONTINUOUS
10
-0.8527282677165354
20
0.859461062992126
11
-0.8531691732283464
21
0.8583966535433071
0
LINE
8
BLACK
6
CONTINUOUS
10
-0.8531691732283464
20
0.8583966535433071
11
-0.8539838188976377
21
0.8575820078740157
0
LINE
8
BLACK
6
CONTINUOUS
10
-0.8539838188976377
20
0.8575820078740157
11
-0.8550482283464567
21
0.8571411023622048
0
LINE
8
BLACK
6
CONTINUOUS
10
-0.8550482283464567
20
0.8571411023622048
11
-0.8556242913385826
21
0.8570843700787402
0
LINE
8
BLACK
6
CONTINUOUS
10
-0.8556242913385826
20
0.8570843700787402
11
-0.8856205511811024
21
0.8570843700787402
0
LINE
8
BLACK
6
CONTINUOUS
10
-0.8856205511811024
20
0.8570843700787402
11
-0.8861966141732284
21
0.8571411023622048
0
LINE
8
BLACK
6
CONTINUOUS
10
-0.8861966141732284
20
0.8571411023622048
11
-0.8872610236220472
21
0.8575820078740157
0
LINE
8
BLACK
6
CONTINUOUS
10
-0.8872610236220472
20
0.8575820078740157
11
-0.8880756692913385
21
0.8583966535433071
0
LINE
8
BLACK
6
CONTINUOUS
10
-0.8880756692913385
20
0.8583966535433071
11
-0.8885165748031496
21
0.859461062992126
0
LINE
8
BLACK
6
CONTINUOUS
10
-0.8885165748031496
20
0.859461062992126
11
-0.8885165748031496
21
0.860613188976378
0
LINE
8
BLACK
6
CONTINUOUS
10
-0.8885165748031496
20
0.860613188976378
11
-0.8880756692913385
21
0.8616775984251969
0
LINE
8
BLACK
6
CONTINUOUS
10
-0.8880756692913385
20
0.8616775984251969
11
-0.8872610236220472
21
0.8624922440944882
0
LINE
8
BLACK
6
CONTINUOUS
10
-0.8872610236220472
20
0.8624922440944882
11
-0.8861966141732284
21
0.8629331496062992
0
LINE
8
BLACK
6
CONTINUOUS
10
-0.8861966141732284
20
0.8629331496062992
11
-0.8856205511811024
21
0.8629898818897638
0
LINE
8
BLACK
6
CONTINUOUS
10
-0.8856205511811024
20
0.8629898818897638
11
-0.8556242913385826
21
0.8629898818897638
0
LINE
8
BLACK
6
CONTINUOUS
10
-0.8556242913385826
20
0.8629898818897638
11
-0.8550482283464567
21
0.8629331496062992
0
LINE
8
BLACK
6
CONTINUOUS
10
-0.898167874015748
20
0.9060527559055118
11
-0.8980698818897638
21
0.9060121653543307
0
LINE
8
BLACK
6
CONTINUOUS
10
-0.8980698818897638
20
0.9060121653543307
11
-0.8979640551181102
21
0.9060046456692913
0
LINE
8
BLACK
6
CONTINUOUS
10
-0.8979640551181102
20
0.9060046456692913
11
-0.8974234251968504
21
0.9057977559055118
0
LINE
8
BLACK
6
CONTINUOUS
10
-0.8974234251968504
20
0.9057977559055118
11
-0.8936738976377953
21
0.9039229921259843
0
LINE
8
BLACK
6
CONTINUOUS
10
-0.8936738976377953
20
0.9039229921259843
11
-0.893425905511811
21
0.9037669291338583
0
LINE
8
BLACK
6
CONTINUOUS
10
-0.893425905511811
20
0.9037669291338583
11
-0.893353937007874
21
0.9037370866141732
0
LINE
8
BLACK
6
CONTINUOUS
10
-0.893353937007874
20
0.9037370866141732
11
-0.8932729921259842
21
0.9036706299212598
0
LINE
8
BLACK
6
CONTINUOUS
10
-0.8932729921259842
20
0.9036706299212598
11
-0.8931840157480315
21
0.9036146456692913
0
LINE
8
BLACK
6
CONTINUOUS
10
-0.8931840157480315
20
0.9036146456692913
11
-0.893132874015748
21
0.9035556692913386
0
LINE
8
BLACK
6
CONTINUOUS
10
-0.893132874015748
20
0.9035556692913386
11
-0.8929064960629921
21
0.9033698818897637
0
LINE
8
BLACK
6
CONTINUOUS
10
-0.8929064960629921
20
0.9033698818897637
11
-0.8910317322834646
21
0.9014951181102362
0
LINE
8
BLACK
6
CONTINUOUS
10
-0.8910317322834646
20
0.9014951181102362
11
-0.8906645275590551
21
0.9010476771653543
0
LINE
8
BLACK
6
CONTINUOUS
10
-0.8906645275590551
20
0.9010476771653543
11
-0.890223622047244
21
0.8999832677165354
0
LINE
8
BLACK
6
CONTINUOUS
10
-0.890223622047244
20
0.8999832677165354
11
-0.890223622047244
21
0.8988311811023622
0
LINE
8
BLACK
6
CONTINUOUS
10
-0.890223622047244
20
0.8988311811023622
11
-0.8906645275590551
21
0.8977667716535432
0
LINE
8
BLACK
6
CONTINUOUS
10
-0.8906645275590551
20
0.8977667716535432
11
-0.8914792125984252
21
0.8969520866141732
0
LINE
8
BLACK
6
CONTINUOUS
10
-0.8914792125984252
20
0.8969520866141732
11
-0.892543622047244
21
0.8965111811023622
0
LINE
8
BLACK
6
CONTINUOUS
10
-0.892543622047244
20
0.8965111811023622
11
-0.8936957086614173
21
0.8965111811023622
0
LINE
8
BLACK
6
CONTINUOUS
10
-0.8936957086614173
20
0.8965111811023622
11
-0.8947601181102361
21
0.8969520866141732
0
LINE
8
BLACK
6
CONTINUOUS
10
-0.8947601181102361
20
0.8969520866141732
11
-0.8952075590551181
21
0.8973192913385827
0
LINE
8
BLACK
6
CONTINUOUS
10
-0.8952075590551181
20
0.8973192913385827
11
-0.8967435039370079
21
0.8988552362204725
0
LINE
8
BLACK
6
CONTINUOUS
10
-0.8967435039370079
20
0.8988552362204725
11
-0.8994409842519685
21
0.9002039763779527
0
LINE
8
BLACK
6
CONTINUOUS
10
-0.8994409842519685
20
0.9002039763779527
11
-0.9074207086614173
21
0.9002039763779527
0
LINE
8
BLACK
6
CONTINUOUS
10
-0.9074207086614173
20
0.9002039763779527
11
-0.910118188976378
21
0.8988552362204725
0
LINE
8
BLACK
6
CONTINUOUS
10
-0.910118188976378
20
0.8988552362204725
11
-0.9113153149606299
21
0.8976581102362204
0
LINE
8
BLACK
6
CONTINUOUS
10
-0.9113153149606299
20
0.8976581102362204
11
-0.9126640551181102
21
0.8949606299212598
0
LINE
8
BLACK
6
CONTINUOUS
10
-0.9126640551181102
20
0.8949606299212598
11
-0.9126640551181102
21
0.8923873228346456
0
LINE
8
BLACK
6
CONTINUOUS
10
-0.9126640551181102
20
0.8923873228346456
11
-0.9111612598425196
21
0.8878788976377953
0
LINE
8
BLACK
6
CONTINUOUS
10
-0.9111612598425196
20
0.8878788976377953
11
-0.9005815748031496
21
0.8772992125984251
0
LINE
8
BLACK
6
CONTINUOUS
10
-0.9005815748031496
20
0.8772992125984251
11
-0.842270748031496
21
0.8772992125984251
0
LINE
8
BLACK
6
CONTINUOUS
10
-0.842270748031496
20
0.8772992125984251
11
-0.8406700787401574
21
0.879585905511811
0
LINE
8
BLACK
6
CONTINUOUS
10
-0.8406700787401574
20
0.879585905511811
11
-0.8412022440944882
21
0.8796383070866142
0
LINE
8
BLACK
6
CONTINUOUS
10
-0.8412022440944882
20
0.8796383070866142
11
-0.8413002362204725
21
0.8796788976377953
0
LINE
8
BLACK
6
CONTINUOUS
10
-0.8413002362204725
20
0.8796788976377953
11
-0.8414061023622047
21
0.8796864173228346
0
LINE
8
BLACK
6
CONTINUOUS
10
-0.8414061023622047
20
0.8796864173228346
11
-0.8419466929133858
21
0.8798933070866142
0
LINE
8
BLACK
6
CONTINUOUS
10
-0.8419466929133858
20
0.8798933070866142
11
-0.845696220472441
21
0.8817680708661417
0
LINE
8
BLACK
6
CONTINUOUS
10
-0.845696220472441
20
0.8817680708661417
11
-0.8459442519685039
21
0.8819241732283465
0
LINE
8
BLACK
6
CONTINUOUS
10
-0.8459442519685039
20
0.8819241732283465
11
-0.8460161811023622
21
0.8819539763779527
0
LINE
8
BLACK
6
CONTINUOUS
10
-0.8460161811023622
20
0.8819539763779527
11
-0.8460971653543307
21
0.8820204724409448
0
LINE
8
BLACK
6
CONTINUOUS
10
-0.8460971653543307
20
0.8820204724409448
11
-0.8461861023622047
21
0.8820764173228346
0
LINE
8
BLACK
6
CONTINUOUS
10
-0.8461861023622047
20
0.8820764173228346
11
-0.8462372834645669
21
0.8821354330708662
0
LINE
8
BLACK
6
CONTINUOUS
10
-0.8462372834645669
20
0.8821354330708662
11
-0.8464636220472441
21
0.8823211811023622
0
LINE
8
BLACK
6
CONTINUOUS
10
-0.8464636220472441
20
0.8823211811023622
11
-0.8483383858267717
21
0.8841959448818898
0
LINE
8
BLACK
6
CONTINUOUS
10
-0.8483383858267717
20
0.8841959448818898
11
-0.8485241732283464
21
0.8844223228346456
0
LINE
8
BLACK
6
CONTINUOUS
10
-0.8485241732283464
20
0.8844223228346456
11
-0.8485831496062992
21
0.8844734645669291
0
LINE
8
BLACK
6
CONTINUOUS
10
-0.8485831496062992
20
0.8844734645669291
11
-0.8486391338582677
21
0.8845624409448819
0
LINE
8
BLACK
6
CONTINUOUS
10
-0.8486391338582677
20
0.8845624409448819
11
-0.8487055905511811
21
0.8846433858267716
0
LINE
8
BLACK
6
CONTINUOUS
10
-0.8487055905511811
20
0.8846433858267716
11
-0.8487354330708661
21
0.8847153543307087
0
LINE
8
BLACK
6
CONTINUOUS
10
-0.8487354330708661
20
0.8847153543307087
11
-0.8488914960629921
21
0.8849633464566929
0
LINE
8
BLACK
6
CONTINUOUS
10
-0.8488914960629921
20
0.8849633464566929
11
-0.8507662598425196
21
0.8887128740157481
0
LINE
8
BLACK
6
CONTINUOUS
10
-0.8507662598425196
20
0.8887128740157481
11
-0.8509731496062992
21
0.8892535039370079
0
LINE
8
BLACK
6
CONTINUOUS
10
-0.8509731496062992
20
0.8892535039370079
11
-0.8509806692913385
21
0.8893593307086614
0
LINE
8
BLACK
6
CONTINUOUS
10
-0.8509806692913385
20
0.8893593307086614
11
-0.8510212598425196
21
0.8894573228346456
0
LINE
8
BLACK
6
CONTINUOUS
10
-0.8510212598425196
20
0.8894573228346456
11
-0.8510779921259842
21
0.8900333858267716
0
LINE
8
BLACK
6
CONTINUOUS
10
-0.8510779921259842
20
0.8900333858267716
11
-0.8510779921259842
21
0.8956576771653543
0
LINE
8
BLACK
6
CONTINUOUS
10
-0.8510779921259842
20
0.8956576771653543
11
-0.8510212598425196
21
0.8962337401574803
0
LINE
8
BLACK
6
CONTINUOUS
10
-0.8510212598425196
20
0.8962337401574803
11
-0.8509806692913385
21
0.8963317716535433
0
LINE
8
BLACK
6
CONTINUOUS
10
-0.8509806692913385
20
0.8963317716535433
11
-0.8509731496062992
21
0.8964375590551181
0
LINE
8
BLACK
6
CONTINUOUS
10
-0.8509731496062992
20
0.8964375590551181
11
-0.8507662598425196
21
0.8969781889763779
0
LINE
8
BLACK
6
CONTINUOUS
10
-0.8507662598425196
20
0.8969781889763779
11
-0.8488914960629921
21
0.900727716535433
0
LINE
8
BLACK
6
CONTINUOUS
10
-0.8488914960629921
20
0.900727716535433
11
-0.8487354330708661
21
0.900975748031496
0
LINE
8
BLACK
6
CONTINUOUS
10
-0.8487354330708661
20
0.900975748031496
11
-0.8487055905511811
21
0.9010476771653543
0
LINE
8
BLACK
6
CONTINUOUS
10
-0.8487055905511811
20
0.9010476771653543
11
-0.8486391338582677
21
0.9011286614173228
0
LINE
8
BLACK
6
CONTINUOUS
10
-0.8486391338582677
20
0.9011286614173228
11
-0.8485831496062992
21
0.9012175984251968
0
LINE
8
BLACK
6
CONTINUOUS
10
-0.8485831496062992
20
0.9012175984251968
11
-0.8485241732283464
21
0.901268779527559
0
LINE
8
BLACK
6
CONTINUOUS
10
-0.8485241732283464
20
0.901268779527559
11
-0.8483383858267717
21
0.9014951181102362
0
LINE
8
BLACK
6
CONTINUOUS
10
-0.8483383858267717
20
0.9014951181102362
11
-0.8464636220472441
21
0.9033698818897637
0
LINE
8
BLACK
6
CONTINUOUS
10
-0.8464636220472441
20
0.9033698818897637
11
-0.8462372834645669
21
0.9035556692913386
0
LINE
8
BLACK
6
CONTINUOUS
10
-0.8462372834645669
20
0.9035556692913386
11
-0.8461861023622047
21
0.9036146456692913
0
LINE
8
BLACK
6
CONTINUOUS
10
-0.8461861023622047
20
0.9036146456692913
11
-0.8460971653543307
21
0.9036706299212598
0
LINE
8
BLACK
6
CONTINUOUS
10
-0.8460971653543307
20
0.9036706299212598
11
-0.8460161811023622
21
0.9037370866141732
0
LINE
8
BLACK
6
CONTINUOUS
10
-0.8460161811023622
20
0.9037370866141732
11
-0.8459442519685039
21
0.9037669291338583
0
LINE
8
BLACK
6
CONTINUOUS
10
-0.8459442519685039
20
0.9037669291338583
11
-0.845696220472441
21
0.9039229921259843
0
LINE
8
BLACK
6
CONTINUOUS
10
-0.845696220472441
20
0.9039229921259843
11
-0.8419466929133858
21
0.9057977559055118
0
LINE
8
BLACK
6
CONTINUOUS
10
-0.8419466929133858
20
0.9057977559055118
11
-0.8414061023622047
21
0.9060046456692913
0
LINE
8
BLACK
6
CONTINUOUS
10
-0.8414061023622047
20
0.9060046456692913
11
-0.8413002362204725
21
0.9060122047244095
0
LINE
8
BLACK
6
CONTINUOUS
10
-0.8413002362204725
20
0.9060122047244095
11
-0.8412022440944882
21
0.9060527559055118
0
LINE
8
BLACK
6
CONTINUOUS
10
-0.8412022440944882
20
0.9060527559055118
11
-0.8406261811023622
21
0.9061094881889764
0
LINE
8
BLACK
6
CONTINUOUS
10
-0.8406261811023622
20
0.9061094881889764
11
-0.8256280708661418
21
0.9061094881889764
0
LINE
8
BLACK
6
CONTINUOUS
10
-0.8256280708661418
20
0.9061094881889764
11
-0.8250520078740158
21
0.9060527559055118
0
LINE
8
BLACK
6
CONTINUOUS
10
-0.8250520078740158
20
0.9060527559055118
11
-0.8239875984251969
21
0.9056118503937007
0
LINE
8
BLACK
6
CONTINUOUS
10
-0.8239875984251969
20
0.9056118503937007
11
-0.8231729527559055
21
0.9047972047244094
0
LINE
8
BLACK
6
CONTINUOUS
10
-0.8231729527559055
20
0.9047972047244094
11
-0.8227320472440944
21
0.9037327952755906
0
LINE
8
BLACK
6
CONTINUOUS
10
-0.8227320472440944
20
0.9037327952755906
11
-0.82267531496063
21
0.9031567322834645
0
LINE
8
BLACK
6
CONTINUOUS
10
-0.82267531496063
20
0.9031567322834645
11
-0.82267531496063
21
0.8772992125984251
0
LINE
8
BLACK
6
CONTINUOUS
10
-0.82267531496063
20
0.8772992125984251
11
-0.7929602755905512
21
0.8772992125984251
0
LINE
8
BLACK
6
CONTINUOUS
10
-0.7929602755905512
20
0.8772992125984251
11
-0.7929602755905512
21
0.8814563385826771
0
LINE
8
BLACK
6
CONTINUOUS
10
-0.7929602755905512
20
0.8814563385826771
11
-0.8031308661417322
21
0.8814563385826771
0
LINE
8
BLACK
6
CONTINUOUS
10
-0.8031308661417322
20
0.8814563385826771
11
-0.8037069291338582
21
0.8815130708661417
0
LINE
8
BLACK
6
CONTINUOUS
10
-0.8037069291338582
20
0.8815130708661417
11
-0.8047713385826771
21
0.8819539763779527
0
LINE
8
BLACK
6
CONTINUOUS
10
-0.8047713385826771
20
0.8819539763779527
11
-0.8055859842519685
21
0.882768622047244
0
LINE
8
BLACK
6
CONTINUOUS
10
-0.8055859842519685
20
0.882768622047244
11
-0.8060268897637796
21
0.883833031496063
0
LINE
8
BLACK
6
CONTINUOUS
10
-0.8060268897637796
20
0.883833031496063
11
-0.8060268897637796
21
0.8849851574803149
0
LINE
8
BLACK
6
CONTINUOUS
10
-0.8060268897637796
20
0.8849851574803149
11
-0.8055859842519685
21
0.8860495669291338
0
LINE
8
BLACK
6
CONTINUOUS
10
-0.8055859842519685
20
0.8860495669291338
11
-0.8047713385826771
21
0.8868642125984252
0
LINE
8
BLACK
6
CONTINUOUS
10
-0.8047713385826771
20
0.8868642125984252
11
-0.8037069291338582
21
0.8873051181102362
0
LINE
8
BLACK
6
CONTINUOUS
10
-0.8037069291338582
20
0.8873051181102362
11
-0.8031308661417322
21
0.8873618503937007
0
LINE
8
BLACK
6
CONTINUOUS
10
-0.8031308661417322
20
0.8873618503937007
11
-0.7929602755905512
21
0.8873618503937007
0
LINE
8
BLACK
6
CONTINUOUS
10
-0.7929602755905512
20
0.8873618503937007
11
-0.7929602755905512
21
0.9002039763779527
0
LINE
8
BLACK
6
CONTINUOUS
10
-0.7929602755905512
20
0.9002039763779527
11
-0.8087551574803149
21
0.9002039763779527
0
LINE
8
BLACK
6
CONTINUOUS
10
-0.8087551574803149
20
0.9002039763779527
11
-0.8093312204724409
21
0.9002607086614173
0
LINE
8
BLACK
6
CONTINUOUS
10
-0.8093312204724409
20
0.9002607086614173
11
-0.8103956299212598
21
0.9007016141732284
0
LINE
8
BLACK
6
CONTINUOUS
10
-0.8103956299212598
20
0.9007016141732284
11
-0.8112102755905511
21
0.9015162598425197
0
LINE
8
BLACK
6
CONTINUOUS
10
-0.8112102755905511
20
0.9015162598425197
11
-0.8116511811023622
21
0.9025806692913385
0
LINE
8
BLACK
6
CONTINUOUS
10
-0.8116511811023622
20
0.9025806692913385
11
-0.8116511811023622
21
0.9037327952755906
0
LINE
8
BLACK
6
CONTINUOUS
10
-0.8116511811023622
20
0.9037327952755906
11
-0.8112102755905511
21
0.9047972047244094
0
LINE
8
BLACK
6
CONTINUOUS
10
-0.8112102755905511
20
0.9047972047244094
11
-0.8103956299212598
21
0.9056118503937007
0
LINE
8
BLACK
6
CONTINUOUS
10
-0.8103956299212598
20
0.9056118503937007
11
-0.8093312204724409
21
0.9060527559055118
0
LINE
8
BLACK
6
CONTINUOUS
10
-0.8093312204724409
20
0.9060527559055118
11
-0.8087551574803149
21
0.9061094881889764
0
LINE
8
BLACK
6
CONTINUOUS
10
-0.8087551574803149
20
0.9061094881889764
11
-0.7900075196850393
21
0.9061094881889764
0
LINE
8
BLACK
6
CONTINUOUS
10
-0.7900075196850393
20
0.9061094881889764
11
-0.7894314566929134
21
0.9060527559055118
0
LINE
8
BLACK
6
CONTINUOUS
10
-0.7894314566929134
20
0.9060527559055118
11
-0.7883670472440945
21
0.9056118503937007
0
LINE
8
BLACK
6
CONTINUOUS
10
-0.7883670472440945
20
0.9056118503937007
11
-0.7875524015748031
21
0.9047972047244094
0
LINE
8
BLACK
6
CONTINUOUS
10
-0.7875524015748031
20
0.9047972047244094
11
-0.7871114960629921
21
0.9037327952755906
0
LINE
8
BLACK
6
CONTINUOUS
10
-0.7871114960629921
20
0.9037327952755906
11
-0.7870547637795275
21
0.9031567322834645
0
LINE
8
BLACK
6
CONTINUOUS
10
-0.7870547637795275
20
0.9031567322834645
11
-0.7870547637795275
21
0.8772992125984251
0
LINE
8
BLACK
6
CONTINUOUS
10
-0.7870547637795275
20
0.8772992125984251
11
-0.7753381496062992
21
0.8772992125984251
0
LINE
8
BLACK
6
CONTINUOUS
10
-0.7753381496062992
20
0.8772992125984251
11
-0.7759992125984252
21
0.8799434251968504
0
LINE
8
BLACK
6
CONTINUOUS
10
-0.7759992125984252
20
0.8799434251968504
11
-0.7760140157480315
21
0.8800433070866142
0
LINE
8
BLACK
6
CONTINUOUS
10
-0.7760140157480315
20
0.8800433070866142
11
-0.7760306299212598
21
0.8800835039370078
0
LINE
8
BLACK
6
CONTINUOUS
10
-0.7760306299212598
20
0.8800835039370078
11
-0.7760520078740157
21
0.8803005511811024
0
LINE
8
BLACK
6
CONTINUOUS
10
-0.7760520078740157
20
0.8803005511811024
11
-0.7760838582677165
21
0.8805160236220472
0
LINE
8
BLACK
6
CONTINUOUS
10
-0.7760838582677165
20
0.8805160236220472
11
-0.7760774803149606
21
0.8805590551181102
0
LINE
8
BLACK
6
CONTINUOUS
10
-0.7760774803149606
20
0.8805590551181102
11
-0.7760873622047244
21
0.8806595669291338
0
LINE
8
BLACK
6
CONTINUOUS
10
-0.7760873622047244
20
0.8806595669291338
11
-0.7760873622047244
21
0.8862838582677165
0
LINE
8
BLACK
6
CONTINUOUS
10
-0.7760873622047244
20
0.8862838582677165
11
-0.7760774803149606
21
0.8863844094488189
0
LINE
8
BLACK
6
CONTINUOUS
10
-0.7760774803149606
20
0.8863844094488189
11
-0.7760838582677165
21
0.8864274015748032
0
LINE
8
BLACK
6
CONTINUOUS
10
-0.7760838582677165
20
0.8864274015748032
11
-0.7760520078740157
21
0.8866429133858268
0
LINE
8
BLACK
6
CONTINUOUS
10
-0.7760520078740157
20
0.8866429133858268
11
-0.7760306299212598
21
0.8868599212598425
0
LINE
8
BLACK
6
CONTINUOUS
10
-0.7760306299212598
20
0.8868599212598425
11
-0.7760140157480315
21
0.8869001574803149
0
LINE
8
BLACK
6
CONTINUOUS
10
-0.7760140157480315
20
0.8869001574803149
11
-0.7759992125984252
21
0.887
0
LINE
8
BLACK
6
CONTINUOUS
10
-0.7759992125984252
20
0.887
11
-0.7741244488188976
21
0.8944990551181102
0
LINE
8
BLACK
6
CONTINUOUS
10
-0.7741244488188976
20
0.8944990551181102
11
-0.7741092913385826
21
0.8945415748031496
0
LINE
8
BLACK
6
CONTINUOUS
10
-0.7741092913385826
20
0.8945415748031496
11
-0.7741077559055118
21
0.8945627952755906
0
LINE
8
BLACK
6
CONTINUOUS
10
-0.7741077559055118
20
0.8945627952755906
11
-0.7740157480314961
21
0.8948032677165354
0
LINE
8
BLACK
6
CONTINUOUS
10
-0.7740157480314961
20
0.8948032677165354
11
-0.7739296850393701
21
0.8950441732283464
0
LINE
8
BLACK
6
CONTINUOUS
10
-0.7739296850393701
20
0.8950441732283464
11
-0.7739170078740157
21
0.8950613385826771
0
LINE
8
BLACK
6
CONTINUOUS
10
-0.7739170078740157
20
0.8950613385826771
11
-0.7739008661417323
21
0.8951034251968504
0
LINE
8
BLACK
6
CONTINUOUS
10
-0.7739008661417323
20
0.8951034251968504
11
-0.7720261023622047
21
0.8988529527559055
0
LINE
8
BLACK
6
CONTINUOUS
10
-0.7720261023622047
20
0.8988529527559055
11
-0.7718700393700787
21
0.8991009842519685
0
LINE
8
BLACK
6
CONTINUOUS
10
-0.7718700393700787
20
0.8991009842519685
11
-0.7718401968503937
21
0.8991729133858267
0
LINE
8
BLACK
6
CONTINUOUS
10
-0.7718401968503937
20
0.8991729133858267
11
-0.7717737401574803
21
0.8992538976377953
0
LINE
8
BLACK
6
CONTINUOUS
10
-0.7717737401574803
20
0.8992538976377953
11
-0.7717177559055118
21
0.8993428346456692
0
LINE
8
BLACK
6
CONTINUOUS
10
-0.7717177559055118
20
0.8993428346456692
11
-0.771658779527559
21
0.8993940157480315
0
LINE
8
BLACK
6
CONTINUOUS
10
-0.771658779527559
20
0.8993940157480315
11
-0.7714729921259842
21
0.8996203543307086
0
LINE
8
BLACK
6
CONTINUOUS
10
-0.7714729921259842
20
0.8996203543307086
11
-0.7677234645669291
21
0.9033698818897637
0
LINE
8
BLACK
6
CONTINUOUS
10
-0.7677234645669291
20
0.9033698818897637
11
-0.7672760236220473
21
0.9037371259842519
0
LINE
8
BLACK
6
CONTINUOUS
10
-0.7672760236220473
20
0.9037371259842519
11
-0.7671779921259843
21
0.9037777559055118
0
LINE
8
BLACK
6
CONTINUOUS
10
-0.7671779921259843
20
0.9037777559055118
11
-0.767097874015748
21
0.9038472047244094
0
LINE
8
BLACK
6
CONTINUOUS
10
-0.767097874015748
20
0.9038472047244094
11
-0.7665692913385826
21
0.904083188976378
0
LINE
8
BLACK
6
CONTINUOUS
10
-0.7665692913385826
20
0.904083188976378
11
-0.7609450393700787
21
0.9059579527559055
0
LINE
8
BLACK
6
CONTINUOUS
10
-0.7609450393700787
20
0.9059579527559055
11
-0.7606594094488189
21
0.9060229133858267
0
LINE
8
BLACK
6
CONTINUOUS
10
-0.7606594094488189
20
0.9060229133858267
11
-0.7605873228346457
21
0.9060527559055118
0
LINE
8
BLACK
6
CONTINUOUS
10
-0.7605873228346457
20
0.9060527559055118
11
-0.760482874015748
21
0.9060630708661417
0
LINE
8
BLACK
6
CONTINUOUS
10
-0.760482874015748
20
0.9060630708661417
11
-0.7603805905511811
21
0.9060862992125984
0
LINE
8
BLACK
6
CONTINUOUS
10
-0.7603805905511811
20
0.9060862992125984
11
-0.760302874015748
21
0.9060807874015748
0
LINE
8
BLACK
6
CONTINUOUS
10
-0.760302874015748
20
0.9060807874015748
11
-0.7600112598425197
21
0.9061094881889764
0
LINE
8
BLACK
6
CONTINUOUS
10
-0.7600112598425197
20
0.9061094881889764
11
-0.7506374409448818
21
0.9061094881889764
0
LINE
8
BLACK
6
CONTINUOUS
10
-0.7506374409448818
20
0.9061094881889764
11
-0.7500613779527558
21
0.9060527559055118
0
LINE
8
BLACK
6
CONTINUOUS
10
-0.7500613779527558
20
0.9060527559055118
11
-0.748996968503937
21
0.9056118503937007
0
LINE
8
BLACK
6
CONTINUOUS
10
-0.748996968503937
20
0.9056118503937007
11
-0.7481823228346457
21
0.9047972047244094
0
LINE
8
BLACK
6
CONTINUOUS
10
-0.7481823228346457
20
0.9047972047244094
11
-0.7477414173228346
21
0.9037327952755906
0
LINE
8
BLACK
6
CONTINUOUS
10
-0.7477414173228346
20
0.9037327952755906
11
-0.74768468503937
21
0.9031567322834645
0
LINE
8
BLACK
6
CONTINUOUS
10
-0.74768468503937
20
0.9031567322834645
11
-0.74768468503937
21
0.8772992125984251
0
LINE
8
BLACK
6
CONTINUOUS
10
-0.74768468503937
20
0.8772992125984251
11
-0.7361223228346456
21
0.8772992125984251
0
LINE
8
BLACK
6
CONTINUOUS
10
-0.7361223228346456
20
0.8772992125984251
11
-0.7271919291338582
21
0.9040904724409449
0
LINE
8
BLACK
6
CONTINUOUS
10
-0.7271919291338582
20
0.9040904724409449
11
-0.7269559448818897
21
0.9046190157480315
0
LINE
8
BLACK
6
CONTINUOUS
10
-0.7269559448818897
20
0.9046190157480315
11
-0.7268177559055118
21
0.9047783858267716
0
LINE
8
BLACK
6
CONTINUOUS
10
-0.7268177559055118
20
0.9047783858267716
11
-0.7267233858267717
21
0.9049670866141732
0
LINE
8
BLACK
6
CONTINUOUS
10
-0.7267233858267717
20
0.9049670866141732
11
-0.7264435433070866
21
0.9052098425196851
0
LINE
8
BLACK
6
CONTINUOUS
10
-0.7264435433070866
20
0.9052098425196851
11
-0.7262010629921259
21
0.9054893700787401
0
LINE
8
BLACK
6
CONTINUOUS
10
-0.7262010629921259
20
0.9054893700787401
11
-0.7260125196850393
21
0.9055836614173228
0
LINE
8
BLACK
6
CONTINUOUS
10
-0.7260125196850393
20
0.9055836614173228
11
-0.725853031496063
21
0.9057219685039369
0
LINE
8
BLACK
6
CONTINUOUS
10
-0.725853031496063
20
0.9057219685039369
11
-0.7255016535433071
21
0.905839094488189
0
LINE
8
BLACK
6
CONTINUOUS
10
-0.7255016535433071
20
0.905839094488189
11
-0.7251706299212598
21
0.9060046062992125
0
LINE
8
BLACK
6
CONTINUOUS
10
-0.7251706299212598
20
0.9060046062992125
11
-0.7249602362204725
21
0.9060195669291339
0
LINE
8
BLACK
6
CONTINUOUS
10
-0.7249602362204725
20
0.9060195669291339
11
-0.72476
21
0.9060862992125984
0
LINE
8
BLACK
6
CONTINUOUS
10
-0.72476
20
0.9060862992125984
11
-0.7243907086614173
21
0.9060600787401575
0
LINE
8
BLACK
6
CONTINUOUS
10
-0.7243907086614173
20
0.9060600787401575
11
-0.7240214173228346
21
0.9060862992125984
0
LINE
8
BLACK
6
CONTINUOUS
10
-0.7240214173228346
20
0.9060862992125984
11
-0.7238212204724409
21
0.9060195669291339
0
LINE
8
BLACK
6
CONTINUOUS
10
-0.7238212204724409
20
0.9060195669291339
11
-0.7236107874015748
21
0.9060046062992125
0
LINE
8
BLACK
6
CONTINUOUS
10
-0.7236107874015748
20
0.9060046062992125
11
-0.72327968503937
21
0.9058390551181102
0
LINE
8
BLACK
6
CONTINUOUS
10
-0.72327968503937
20
0.9058390551181102
11
-0.7229284251968504
21
0.9057219685039369
0
LINE
8
BLACK
6
CONTINUOUS
10
-0.7229284251968504
20
0.9057219685039369
11
-0.7227690944881889
21
0.9055837795275591
0
LINE
8
BLACK
6
CONTINUOUS
10
-0.7227690944881889
20
0.9055837795275591
11
-0.7225803543307087
21
0.9054894094488188
0
LINE
8
BLACK
6
CONTINUOUS
10
-0.7225803543307087
20
0.9054894094488188
11
-0.7223377165354331
21
0.90520968503937
0
LINE
8
BLACK
6
CONTINUOUS
10
-0.7223377165354331
20
0.90520968503937
11
-0.722058031496063
21
0.9049670866141732
0
LINE
8
BLACK
6
CONTINUOUS
10
-0.722058031496063
20
0.9049670866141732
11
-0.7219637401574803
21
0.9047784645669291
0
LINE
8
BLACK
6
CONTINUOUS
10
-0.7219637401574803
20
0.9047784645669291
11
-0.7218254724409449
21
0.9046190551181102
0
LINE
8
BLACK
6
CONTINUOUS
10
-0.7218254724409449
20
0.9046190551181102
11
-0.7215894881889764
21
0.9040904724409449
0
LINE
8
BLACK
6
CONTINUOUS
10
-0.7215894881889764
20
0.9040904724409449
11
-0.712659094488189
21
0.8772992125984251
0
LINE
8
BLACK
6
CONTINUOUS
10
-0.712659094488189
20
0.8772992125984251
11
-0.6842238582677165
21
0.8772992125984251
0
LINE
8
BLACK
6
CONTINUOUS
10
-0.6842238582677165
20
0.8772992125984251
11
-0.6842238582677165
21
0.8814563385826771
0
LINE
8
BLACK
6
CONTINUOUS
10
-0.6842238582677165
20
0.8814563385826771
11
-0.6943944488188977
21
0.8814563385826771
0
LINE
8
BLACK
6
CONTINUOUS
10
-0.6943944488188977
20
0.8814563385826771
11
-0.6949705118110237
21
0.8815130708661417
0
LINE
8
BLACK
6
CONTINUOUS
10
-0.6949705118110237
20
0.8815130708661417
11
-0.6960349212598425
21
0.8819539763779527
0
LINE
8
BLACK
6
CONTINUOUS
10
-0.6960349212598425
20
0.8819539763779527
11
-0.6968495669291338
21
0.882768622047244
0
LINE
8
BLACK
6
CONTINUOUS
10
-0.6968495669291338
20
0.882768622047244
11
-0.6972904724409449
21
0.883833031496063
0
LINE
8
BLACK
6
CONTINUOUS
10
-0.6972904724409449
20
0.883833031496063
11
-0.6972904724409449
21
0.8849851574803149
0
LINE
8
BLACK
6
CONTINUOUS
10
-0.6972904724409449
20
0.8849851574803149
11
-0.6968495669291338
21
0.8860495669291338
0
LINE
8
BLACK
6
CONTINUOUS
10
-0.6968495669291338
20
0.8860495669291338
11
-0.6960349212598425
21
0.8868642125984252
0
LINE
8
BLACK
6
CONTINUOUS
10
-0.6960349212598425
20
0.8868642125984252
11
-0.6949705118110237
21
0.8873051181102362
0
LINE
8
BLACK
6
CONTINUOUS
10
-0.6949705118110237
20
0.8873051181102362
11
-0.6943944488188977
21
0.8873618503937007
0
LINE
8
BLACK
6
CONTINUOUS
10
-0.6943944488188977
20
0.8873618503937007
11
-0.6842238582677165
21
0.8873618503937007
0
LINE
8
BLACK
6
CONTINUOUS
10
-0.6842238582677165
20
0.8873618503937007
11
-0.6842238582677165
21
0.9002039763779527
0
LINE
8
BLACK
6
CONTINUOUS
10
-0.6842238582677165
20
0.9002039763779527
11
-0.7000187401574803
21
0.9002039763779527
0
LINE
8
BLACK
6
CONTINUOUS
10
-0.7000187401574803
20
0.9002039763779527
11
-0.7005948031496063
21
0.9002607086614173
0
LINE
8
BLACK
6
CONTINUOUS
10
-0.7005948031496063
20
0.9002607086614173
11
-0.7016592125984252
21
0.9007016141732284
0
LINE
8
BLACK
6
CONTINUOUS
10
-0.7016592125984252
20
0.9007016141732284
11
-0.7024738582677165
21
0.9015162598425197
0
LINE
8
BLACK
6
CONTINUOUS
10
-0.7024738582677165
20
0.9015162598425197
11
-0.7029147637795276
21
0.9025806692913385
0
LINE
8
BLACK
6
CONTINUOUS
10
-0.7029147637795276
20
0.9025806692913385
11
-0.7029147637795276
21
0.9037327952755906
0
LINE
8
BLACK
6
CONTINUOUS
10
-0.7029147637795276
20
0.9037327952755906
11
-0.7024738582677165
21
0.9047972047244094
0
LINE
8
BLACK
6
CONTINUOUS
10
-0.7024738582677165
20
0.9047972047244094
11
-0.7016592125984252
21
0.9056118503937007
0
LINE
8
BLACK
6
CONTINUOUS
10
-0.7016592125984252
20
0.9056118503937007
11
-0.7005948031496063
21
0.9060527559055118
0
LINE
8
BLACK
6
CONTINUOUS
10
-0.7005948031496063
20
0.9060527559055118
11
-0.7000187401574803
21
0.9061094881889764
0
LINE
8
BLACK
6
CONTINUOUS
10
-0.7000187401574803
20
0.9061094881889764
11
-0.6812711023622047
21
0.9061094881889764
0
LINE
8
BLACK
6
CONTINUOUS
10
-0.6812711023622047
20
0.9061094881889764
11
-0.6806950393700787
21
0.9060527559055118
0
LINE
8
BLACK
6
CONTINUOUS
10
-0.6806950393700787
20
0.9060527559055118
11
-0.6796306299212598
21
0.9056118503937007
0
LINE
8
BLACK
6
CONTINUOUS
10
-0.6796306299212598
20
0.9056118503937007
11
-0.6788159842519685
21
0.9047972047244094
0
LINE
8
BLACK
6
CONTINUOUS
10
-0.6788159842519685
20
0.9047972047244094
11
-0.6783750787401575
21
0.9037327952755906
0
LINE
8
BLACK
6
CONTINUOUS
10
-0.6783750787401575
20
0.9037327952755906
11
-0.6783183464566929
21
0.9031567322834645
0
LINE
8
BLACK
6
CONTINUOUS
10
-0.6783183464566929
20
0.9031567322834645
11
-0.6783183464566929
21
0.8772992125984251
0
LINE
8
BLACK
6
CONTINUOUS
10
-0.6783183464566929
20
0.8772992125984251
11
-0.6654761811023622
21
0.8772992125984251
0
LINE
8
BLACK
6
CONTINUOUS
10
-0.6654761811023622
20
0.8772992125984251
11
-0.6654761811023622
21
0.9031567322834645
0
LINE
8
BLACK
6
CONTINUOUS
10
-0.6654761811023622
20
0.9031567322834645
11
-0.6654194488188976
21
0.9037327952755906
0
LINE
8
BLACK
6
CONTINUOUS
10
-0.6654194488188976
20
0.9037327952755906
11
-0.6649785433070866
21
0.9047972047244094
0
LINE
8
BLACK
6
CONTINUOUS
10
-0.6649785433070866
20
0.9047972047244094
11
-0.6641638976377953
21
0.9056118503937007
0
LINE
8
BLACK
6
CONTINUOUS
10
-0.6641638976377953
20
0.9056118503937007
11
-0.6630994881889763
21
0.9060527559055118
0
LINE
8
BLACK
6
CONTINUOUS
10
-0.6630994881889763
20
0.9060527559055118
11
-0.6619473622047244
21
0.9060527559055118
0
LINE
8
BLACK
6
CONTINUOUS
10
-0.6619473622047244
20
0.9060527559055118
11
-0.6608829527559055
21
0.9056118503937007
0
LINE
8
BLACK
6
CONTINUOUS
10
-0.6608829527559055
20
0.9056118503937007
11
-0.6600683070866141
21
0.9047972047244094
0
LINE
8
BLACK
6
CONTINUOUS
10
-0.6600683070866141
20
0.9047972047244094
11
-0.6596274015748032
21
0.9037327952755906
0
LINE
8
BLACK
6
CONTINUOUS
10
-0.6596274015748032
20
0.9037327952755906
11
-0.6595706692913386
21
0.9031567322834645
0
LINE
8
BLACK
6
CONTINUOUS
10
-0.6595706692913386
20
0.9031567322834645
11
-0.6595706692913386
21
0.8873618503937007
0
LINE
8
BLACK
6
CONTINUOUS
10
-0.6595706692913386
20
0.8873618503937007
11
-0.6429790157480315
21
0.8873618503937007
0
LINE
8
BLACK
6
CONTINUOUS
10
-0.6429790157480315
20
0.8873618503937007
11
-0.6429790157480315
21
0.9031567322834645
0
LINE
8
BLACK
6
CONTINUOUS
10
-0.6429790157480315
20
0.9031567322834645
11
-0.6429222834645669
21
0.9037327952755906
0
LINE
8
BLACK
6
CONTINUOUS
10
-0.6429222834645669
20
0.9037327952755906
11
-0.6424813779527558
21
0.9047972047244094
0
LINE
8
BLACK
6
CONTINUOUS
10
-0.6424813779527558
20
0.9047972047244094
11
-0.6416667322834646
21
0.9056118503937007
0
LINE
8
BLACK
6
CONTINUOUS
10
-0.6416667322834646
20
0.9056118503937007
11
-0.6406023228346457
21
0.9060527559055118
0
LINE
8
BLACK
6
CONTINUOUS
10
-0.6406023228346457
20
0.9060527559055118
11
-0.6394501968503937
21
0.9060527559055118
0
LINE
8
BLACK
6
CONTINUOUS
10
-0.6394501968503937
20
0.9060527559055118
11
-0.6383857874015748
21
0.9056118503937007
0
LINE
8
BLACK
6
CONTINUOUS
10
-0.6383857874015748
20
0.9056118503937007
11
-0.6375711417322835
21
0.9047972047244094
0
LINE
8
BLACK
6
CONTINUOUS
10
-0.6375711417322835
20
0.9047972047244094
11
-0.6371302362204724
21
0.9037327952755906
0
LINE
8
BLACK
6
CONTINUOUS
10
-0.6371302362204724
20
0.9037327952755906
11
-0.6370735039370079
21
0.9031567322834645
0
LINE
8
BLACK
6
CONTINUOUS
10
-0.6370735039370079
20
0.9031567322834645
11
-0.6370735039370079
21
0.8637866535433071
0
LINE
8
BLACK
6
CONTINUOUS
10
-0.6370735039370079
20
0.8637866535433071
11
-0.6371302362204724
21
0.8632105905511811
0
LINE
8
BLACK
6
CONTINUOUS
10
-0.6371302362204724
20
0.8632105905511811
11
-0.6375711417322835
21
0.8621461811023622
0
LINE
8
BLACK
6
CONTINUOUS
10
-0.6375711417322835
20
0.8621461811023622
11
-0.6383857874015748
21
0.8613315354330708
0
LINE
8
BLACK
6
CONTINUOUS
10
-0.6383857874015748
20
0.8613315354330708
11
-0.6394501968503937
21
0.8608906299212599
0
LINE
8
BLACK
6
CONTINUOUS
10
-0.6394501968503937
20
0.8608906299212599
11
-0.6406023228346457
21
0.8608906299212599
0
LINE
8
BLACK
6
CONTINUOUS
10
-0.6406023228346457
20
0.8608906299212599
11
-0.6416667322834646
21
0.8613315354330708
0
LINE
8
BLACK
6
CONTINUOUS
10
-0.6416667322834646
20
0.8613315354330708
11
-0.6424813779527558
21
0.8621461811023622
0
LINE
8
BLACK
6
CONTINUOUS
10
-0.6424813779527558
20
0.8621461811023622
11
-0.6429222834645669
21
0.8632105905511811
0
LINE
8
BLACK
6
CONTINUOUS
10
-0.6429222834645669
20
0.8632105905511811
11
-0.6429790157480315
21
0.8637866535433071
0
LINE
8
BLACK
6
CONTINUOUS
10
-0.6429790157480315
20
0.8637866535433071
11
-0.6429790157480315
21
0.8814563385826771
0
LINE
8
BLACK
6
CONTINUOUS
10
-0.6429790157480315
20
0.8814563385826771
11
-0.6595706692913386
21
0.8814563385826771
0
LINE
8
BLACK
6
CONTINUOUS
10
-0.6595706692913386
20
0.8814563385826771
11
-0.6595706692913386
21
0.8637866535433071
0
LINE
8
BLACK
6
CONTINUOUS
10
-0.6595706692913386
20
0.8637866535433071
11
-0.6596274015748032
21
0.8632105905511811
0
LINE
8
BLACK
6
CONTINUOUS
10
-0.6596274015748032
20
0.8632105905511811
11
-0.6600683070866141
21
0.8621461811023622
0
LINE
8
BLACK
6
CONTINUOUS
10
-0.6600683070866141
20
0.8621461811023622
11
-0.6605590551181102
21
0.8616554330708661
0
LINE
8
BLACK
6
CONTINUOUS
10
-0.6605590551181102
20
0.8616554330708661
11
-0.6605590551181102
21
0.6743464566929134
0
LINE
8
BLACK
6
CONTINUOUS
10
-0.6605590551181102
20
0.6743464566929134
11
-0.6606157874015748
21
0.6737703937007874
0
LINE
8
BLACK
6
CONTINUOUS
10
-0.6606157874015748
20
0.6737703937007874
11
-0.6610566929133858
21
0.6727059842519685
0
LINE
8
BLACK
6
CONTINUOUS
10
-0.6610566929133858
20
0.6727059842519685
11
-0.6618713385826771
21
0.6718913385826771
0
LINE
8
BLACK
6
CONTINUOUS
10
-0.6618713385826771
20
0.6718913385826771
11
-0.662935748031496
21
0.6714504330708662
0
LINE
8
BLACK
6
CONTINUOUS
10
-0.662935748031496
20
0.6714504330708662
11
-0.663511811023622
21
0.6713937007874016
0
LINE
8
BLACK
6
CONTINUOUS
10
-0.663511811023622
20
0.6713937007874016
11
-0.963511811023622
21
0.6713937007874016
0
LINE
8
BLACK
6
CONTINUOUS
10
-0.963511811023622
20
0.6713937007874016
11
-0.964087874015748
21
0.6714504330708662
0
LINE
8
BLACK
6
CONTINUOUS
10
-0.964087874015748
20
0.6714504330708662
11
-0.9651522834645669
21
0.6718913385826771
0
LINE
8
BLACK
6
CONTINUOUS
10
-0.9651522834645669
20
0.6718913385826771
11
-0.9659669291338583
21
0.6727059842519685
0
LINE
8
BLACK
6
CONTINUOUS
10
-0.9659669291338583
20
0.6727059842519685
11
-0.9664078346456693
21
0.6737703937007874
0
LINE
8
BLACK
6
CONTINUOUS
10
-0.9664078346456693
20
0.6737703937007874
11
-0.9664645669291339
21
0.6743464566929134
0
LINE
8
BLACK
6
CONTINUOUS
10
-0.9664645669291339
20
0.6743464566929134
11
-0.9664645669291339
21
0.8608338976377953
0
LINE
8
BLACK
6
CONTINUOUS
10
-0.9664645669291339
20
0.8608338976377953
11
-0.9849831496062992
21
0.8608338976377953
0
LINE
8
BLACK
6
CONTINUOUS
10
-0.9849831496062992
20
0.8608338976377953
11
-0.9855592125984252
21
0.8608906299212599
0
LINE
8
BLACK
6
CONTINUOUS
10
-0.9855592125984252
20
0.8608906299212599
11
-0.9866236220472441
21
0.8613315354330708
0
LINE
8
BLACK
6
CONTINUOUS
10
-0.9866236220472441
20
0.8613315354330708
11
-0.9874382677165354
21
0.8621461811023622
0
LINE
8
BLACK
6
CONTINUOUS
10
-0.9874382677165354
20
0.8621461811023622
11
-0.9878791732283464
21
0.8632105905511811
0
LINE
8
BLACK
6
CONTINUOUS
10
-0.9878791732283464
20
0.8632105905511811
11
-0.9878791732283464
21
0.8643627165354331
0
LINE
8
BLACK
6
CONTINUOUS
10
-0.9878791732283464
20
0.8643627165354331
11
-0.9874382677165354
21
0.865427125984252
0
LINE
8
BLACK
6
CONTINUOUS
10
-0.9874382677165354
20
0.865427125984252
11
-0.9866236220472441
21
0.8662417716535433
0
LINE
8
BLACK
6
CONTINUOUS
10
-0.9866236220472441
20
0.8662417716535433
11
-0.9855592125984252
21
0.8666826771653543
0
LINE
8
BLACK
6
CONTINUOUS
10
-0.9855592125984252
20
0.8666826771653543
11
-0.9849831496062992
21
0.8667394094488189
0
LINE
8
BLACK
6
CONTINUOUS
10
-0.9849831496062992
20
0.8667394094488189
11
-0.9766873228346457
21
0.8667394094488189
0
LINE
8
BLACK
6
CONTINUOUS
10
-0.9766873228346457
20
0.8667394094488189
11
-0.9766873228346457
21
0.9031567322834645
0
LINE
8
BLACK
6
CONTINUOUS
10
-0.9766873228346457
20
0.9031567322834645
11
-0.9766871259842519
21
0.9031588188976378
0
LINE
8
BLACK
6
CONTINUOUS
10
-0.9766871259842519
20
0.9031588188976378
11
-0.9766873228346457
21
0.9031598425196851
0
LINE
8
BLACK
6
CONTINUOUS
10
-0.9766873228346457
20
0.9031598425196851
11
-0.9766867322834646
21
0.903162874015748
0
LINE
8
BLACK
6
CONTINUOUS
10
-0.9766867322834646
20
0.903162874015748
11
-0.9766305905511811
21
0.9037327952755906
0
LINE
8
BLACK
6
CONTINUOUS
10
-0.9766305905511811
20
0.9037327952755906
11
-0.9765187401574803
21
0.9040029133858267
0
LINE
8
BLACK
6
CONTINUOUS
10
-0.9765187401574803
20
0.9040029133858267
11
-0.9764613779527559
21
0.9042895275590551
0
LINE
8
BLACK
6
CONTINUOUS
10
-0.9764613779527559
20
0.9042895275590551
11
-0.9763004330708661
21
0.9045299212598426
0
LINE
8
BLACK
6
CONTINUOUS
10
-0.9763004330708661
20
0.9045299212598426
11
-0.9761896850393701
21
0.9047972047244094
0
LINE
8
BLACK
6
CONTINUOUS
10
-0.9761896850393701
20
0.9047972047244094
11
-0.9759829921259843
21
0.905003937007874
0
LINE
8
BLACK
6
CONTINUOUS
10
-0.9759829921259843
20
0.905003937007874
11
-0.9758203149606299
21
0.905246811023622
0
LINE
8
BLACK
6
CONTINUOUS
10
-0.9758203149606299
20
0.905246811023622
11
-0.9755796062992126
21
0.9054073228346456
0
LINE
8
BLACK
6
CONTINUOUS
10
-0.9755796062992126
20
0.9054073228346456
11
-0.9753750393700787
21
0.9056118503937007
0
LINE
8
BLACK
6
CONTINUOUS
10
-0.9753750393700787
20
0.9056118503937007
11
-0.9751049606299212
21
0.9057237401574803
0
LINE
8
BLACK
6
CONTINUOUS
10
-0.9751049606299212
20
0.9057237401574803
11
-0.9748616929133858
21
0.905885905511811
0
LINE
8
BLACK
6
CONTINUOUS
10
-0.9748616929133858
20
0.905885905511811
11
-0.9745779133858268
21
0.9059420472440944
0
LINE
8
BLACK
6
CONTINUOUS
10
-0.9745779133858268
20
0.9059420472440944
11
-0.9743106299212598
21
0.9060527559055118
0
LINE
8
BLACK
6
CONTINUOUS
10
-0.9743106299212598
20
0.9060527559055118
11
-0.9740182283464567
21
0.9060527559055118
0
LINE
8
BLACK
6
CONTINUOUS
10
-0.9740182283464567
20
0.9060527559055118
11
-0.9737314566929134
21
0.9061094881889764
0
LINE
8
BLACK
6
CONTINUOUS
10
-0.9737314566929134
20
0.9061094881889764
11
-0.9734477952755906
21
0.9060527559055118
0
LINE
8
BLACK
6
CONTINUOUS
10
-0.9734477952755906
20
0.9060527559055118
11
-0.9731585039370079
21
0.9060527559055118
0
LINE
8
BLACK
6
CONTINUOUS
10
-0.9731585039370079
20
0.9060527559055118
11
-0.9728884251968504
21
0.9059409055118111
0
LINE
8
BLACK
6
CONTINUOUS
10
-0.9728884251968504
20
0.9059409055118111
11
-0.9726017716535433
21
0.9058835433070866
0
LINE
8
BLACK
6
CONTINUOUS
10
-0.9726017716535433
20
0.9058835433070866
11
-0.9723614173228347
21
0.9057225984251969
0
LINE
8
BLACK
6
CONTINUOUS
10
-0.9723614173228347
20
0.9057225984251969
11
-0.972094094488189
21
0.9056118503937007
0
LINE
8
BLACK
6
CONTINUOUS
10
-0.972094094488189
20
0.9056118503937007
11
-0.9718874015748031
21
0.9054051574803149
0
LINE
8
BLACK
6
CONTINUOUS
10
-0.9718874015748031
20
0.9054051574803149
11
-0.9716444881889763
21
0.9052424803149606
0
LINE
8
BLACK
6
CONTINUOUS
10
-0.9716444881889763
20
0.9052424803149606
11
-0.9712814960629921
21
0.904799251968504
0
LINE
8
BLACK
6
CONTINUOUS
10
-0.9712814960629921
20
0.904799251968504
11
-0.9712794488188976
21
0.9047972047244094
0
LINE
8
BLACK
6
CONTINUOUS
10
-0.9712794488188976
20
0.9047972047244094
11
-0.9712790944881889
21
0.9047963385826772
0
LINE
8
BLACK
6
CONTINUOUS
10
-0.9712790944881889
20
0.9047963385826772
11
-0.971277716535433
21
0.9047946456692914
0
LINE
8
BLACK
6
CONTINUOUS
10
-0.971277716535433
20
0.9047946456692914
11
-0.9676903937007874
21
0.8994136220472441
0
LINE
8
BLACK
6
CONTINUOUS
10
-0.9676903937007874
20
0.8994136220472441
11
-0.9644864173228346
21
0.8962096456692913
0
LINE
8
BLACK
6
CONTINUOUS
10
-0.9644864173228346
20
0.8962096456692913
11
-0.9611654724409449
21
0.8945491732283465
0
LINE
8
BLACK
6
CONTINUOUS
10
-0.9611654724409449
20
0.8945491732283465
11
-0.9606755905511811
21
0.8942408267716535
0
LINE
8
BLACK
6
CONTINUOUS
10
-0.9606755905511811
20
0.8942408267716535
11
-0.9599207480314961
21
0.8933704330708662
0
LINE
8
BLACK
6
CONTINUOUS
10
-0.9599207480314961
20
0.8933704330708662
11
-0.9595564173228346
21
0.8922774803149606
0
LINE
8
BLACK
6
CONTINUOUS
10
-0.9595564173228346
20
0.8922774803149606
11
-0.9596380708661417
21
0.8911282677165354
0
LINE
8
BLACK
6
CONTINUOUS
10
-0.9596380708661417
20
0.8911282677165354
11
-0.9601533464566929
21
0.8900977559055118
0
LINE
8
BLACK
6
CONTINUOUS
10
-0.9601533464566929
20
0.8900977559055118
11
-0.9610237007874015
21
0.8893429133858267
0
LINE
8
BLACK
6
CONTINUOUS
10
-0.9610237007874015
20
0.8893429133858267
11
-0.9621166929133858
21
0.8889785826771653
0
LINE
8
BLACK
6
CONTINUOUS
10
-0.9621166929133858
20
0.8889785826771653
11
-0.963265905511811
21
0.8890602362204724
0
LINE
8
BLACK
6
CONTINUOUS
10
-0.963265905511811
20
0.8890602362204724
11
-0.9638064960629921
21
0.8892671259842519
0
LINE
8
BLACK
6
CONTINUOUS
10
-0.9638064960629921
20
0.8892671259842519
11
-0.9675560236220472
21
0.8911418897637795
0
LINE
8
BLACK
6
CONTINUOUS
10
-0.9675560236220472
20
0.8911418897637795
11
-0.9678038582677165
21
0.8912979133858268
0
LINE
8
BLACK
6
CONTINUOUS
10
-0.9678038582677165
20
0.8912979133858268
11
-0.9678759842519685
21
0.8913277559055118
0
LINE
8
BLACK
6
CONTINUOUS
10
-0.9678759842519685
20
0.8913277559055118
11
-0.9679571653543307
21
0.8913943700787401
0
LINE
8
BLACK
6
CONTINUOUS
10
-0.9679571653543307
20
0.8913943700787401
11
-0.968045905511811
21
0.8914502362204724
0
LINE
8
BLACK
6
CONTINUOUS
10
-0.968045905511811
20
0.8914502362204724
11
-0.9680970472440945
21
0.8915091732283464
0
LINE
8
BLACK
6
CONTINUOUS
10
-0.9680970472440945
20
0.8915091732283464
11
-0.9683234251968503
21
0.891695
0
LINE
8
BLACK
6
CONTINUOUS
10
-0.9683234251968503
20
0.891695
11
-0.970781811023622
21
0.8941533858267716
0
LINE
8
BLACK
6
CONTINUOUS
10
-0.970781811023622
20
0.8941533858267716
11
-0.970781811023622
21
0.8667394094488189
0
LINE
8
BLACK
6
CONTINUOUS
10
-0.970781811023622
20
0.8667394094488189
11
-0.9664645669291339
21
0.8667394094488189
0
LINE
8
BLACK
6
CONTINUOUS
10
-0.9664645669291339
20
0.8667394094488189
11
-0.9664645669291339
21
0.8743464566929133
0
LINE
8
BLACK
6
CONTINUOUS
10
-0.9664645669291339
20
0.8743464566929133
11
-0.9664078346456693
21
0.8749225196850393
0
LINE
8
BLACK
6
CONTINUOUS
10
-0.9664078346456693
20
0.8749225196850393
11
-0.9659669291338583
21
0.8759869291338582
0
LINE
8
BLACK
6
CONTINUOUS
10
-0.9659669291338583
20
0.8759869291338582
11
-0.9651522834645669
21
0.8768015748031496
0
LINE
8
BLACK
6
CONTINUOUS
10
-0.9651522834645669
20
0.8768015748031496
11
-0.964087874015748
21
0.8772424803149607
0
LINE
8
BLACK
6
CONTINUOUS
10
-0.964087874015748
20
0.8772424803149607
11
-0.963511811023622
21
0.8772992125984251
0
LINE
8
BLACK
6
CONTINUOUS
10
-0.963511811023622
20
0.8772992125984251
11
-0.9431124015748031
21
0.8772992125984251
0
LINE
8
BLACK
6
CONTINUOUS
10
-0.9431124015748031
20
0.8772992125984251
11
-0.9516844094488188
21
0.888209094488189
0
LINE
8
BLACK
6
CONTINUOUS
10
-0.9516844094488188
20
0.888209094488189
11
-0.9519957086614173
21
0.888697125984252
0
LINE
8
BLACK
6
CONTINUOUS
10
-0.9519957086614173
20
0.888697125984252
11
-0.9523066141732284
21
0.8898064960629921
0
LINE
8
BLACK
6
CONTINUOUS
10
-0.9523066141732284
20
0.8898064960629921
11
-0.9521693700787401
21
0.8909503543307087
0
LINE
8
BLACK
6
CONTINUOUS
10
-0.9521693700787401
20
0.8909503543307087
11
-0.9516048031496063
21
0.89195468503937
0
LINE
8
BLACK
6
CONTINUOUS
10
-0.9516048031496063
20
0.89195468503937
11
-0.9506988582677165
21
0.8926664960629921
0
LINE
8
BLACK
6
CONTINUOUS
10
-0.9506988582677165
20
0.8926664960629921
11
-0.9495894881889764
21
0.8929774015748031
0
LINE
8
BLACK
6
CONTINUOUS
10
-0.9495894881889764
20
0.8929774015748031
11
-0.9484456299212598
21
0.892840157480315
0
LINE
8
BLACK
6
CONTINUOUS
10
-0.9484456299212598
20
0.892840157480315
11
-0.9474412992125985
21
0.8922755905511811
0
LINE
8
BLACK
6
CONTINUOUS
10
-0.9474412992125985
20
0.8922755905511811
11
-0.9470407874015748
21
0.8918576771653544
0
LINE
8
BLACK
6
CONTINUOUS
10
-0.9470407874015748
20
0.8918576771653544
11
-0.9390514173228346
21
0.8816893700787402
0
LINE
8
BLACK
6
CONTINUOUS
10
-0.9390514173228346
20
0.8816893700787402
11
-0.9310620078740157
21
0.8918576771653544
0
LINE
8
BLACK
6
CONTINUOUS
10
-0.9310620078740157
20
0.8918576771653544
11
-0.9306614960629921
21
0.8922755905511811
0
LINE
8
BLACK
6
CONTINUOUS
10
-0.9306614960629921
20
0.8922755905511811
11
-0.9296571653543307
21
0.892840157480315
0
LINE
8
BLACK
6
CONTINUOUS
10
-0.9296571653543307
20
0.892840157480315
11
-0.9285133070866142
21
0.8929774015748031
0
LINE
8
BLACK
6
CONTINUOUS
10
-0.9285133070866142
20
0.8929774015748031
11
-0.927403937007874
21
0.8926664960629921
0
LINE
8
BLACK
6
CONTINUOUS
10
-0.927403937007874
20
0.8926664960629921
11
-0.9264979921259843
21
0.89195468503937
0
LINE
8
BLACK
6
CONTINUOUS
10
-0.9264979921259843
20
0.89195468503937
11
-0.9259334251968504
21
0.8909503543307087
0
LINE
8
BLACK
6
CONTINUOUS
10
-0.9259334251968504
20
0.8909503543307087
11
-0.9257961811023622
21
0.8898064960629921
0
LINE
8
BLACK
6
CONTINUOUS
10
-0.9257961811023622
20
0.8898064960629921
11
-0.9261070866141732
21
0.888697125984252
0
LINE
8
BLACK
6
CONTINUOUS
10
-0.9261070866141732
20
0.888697125984252
11
-0.9264183858267716
21
0.888209094488189
0
LINE
8
BLACK
6
CONTINUOUS
10
-0.9264183858267716
20
0.888209094488189
11
-0.9349904330708662
21
0.8772992125984251
0
LINE
8
BLACK
6
CONTINUOUS
10
-0.9349904330708662
20
0.8772992125984251
11
-0.9089332283464566
21
0.8772992125984251
0
LINE
8
BLACK
6
CONTINUOUS
10
-0.9089332283464566
20
0.8772992125984251
11
-0.9158299606299213
21
0.8841959448818898
0
LINE
8
BLACK
6
CONTINUOUS
10
-0.9158299606299213
20
0.8841959448818898
11
-0.9161971653543307
21
0.8846433858267716
0
LINE
8
BLACK
6
CONTINUOUS
10
-0.9161971653543307
20
0.8846433858267716
11
-0.9162377952755906
21
0.8847414566929134
0
LINE
8
BLACK
6
CONTINUOUS
10
-0.9162377952755906
20
0.8847414566929134
11
-0.9163072834645669
21
0.8848215748031496
0
LINE
8
BLACK
6
CONTINUOUS
10
-0.9163072834645669
20
0.8848215748031496
11
-0.9165432677165354
21
0.8853501181102362
0
LINE
8
BLACK
6
CONTINUOUS
10
-0.9165432677165354
20
0.8853501181102362
11
-0.9184180314960629
21
0.8909744094488189
0
LINE
8
BLACK
6
CONTINUOUS
10
-0.9184180314960629
20
0.8909744094488189
11
-0.9184829921259843
21
0.8912599999999999
0
LINE
8
BLACK
6
CONTINUOUS
10
-0.9184829921259843
20
0.8912599999999999
11
-0.9185128346456692
21
0.8913320866141732
0
LINE
8
BLACK
6
CONTINUOUS
10
-0.9185128346456692
20
0.8913320866141732
11
-0.9185231496062992
21
0.8914366141732283
0
LINE
8
BLACK
6
CONTINUOUS
10
-0.9185231496062992
20
0.8914366141732283
11
-0.9185463779527558
21
0.8915388582677165
0
LINE
8
BLACK
6
CONTINUOUS
10
-0.9185463779527558
20
0.8915388582677165
11
-0.9185408661417322
21
0.8916166141732284
0
LINE
8
BLACK
6
CONTINUOUS
10
-0.9185408661417322
20
0.8916166141732284
11
-0.9185695669291338
21
0.8919081496062992
0
LINE
8
BLACK
6
CONTINUOUS
10
-0.9185695669291338
20
0.8919081496062992
11
-0.9185695669291338
21
0.8956576771653543
0
LINE
8
BLACK
6
CONTINUOUS
10
-0.9185695669291338
20
0.8956576771653543
11
-0.9185128346456692
21
0.8962337401574803
0
LINE
8
BLACK
6
CONTINUOUS
10
-0.9185128346456692
20
0.8962337401574803
11
-0.9184722440944881
21
0.8963317716535433
0
LINE
8
BLACK
6
CONTINUOUS
10
-0.9184722440944881
20
0.8963317716535433
11
-0.9184647244094488
21
0.8964375590551181
0
LINE
8
BLACK
6
CONTINUOUS
10
-0.9184647244094488
20
0.8964375590551181
11
-0.9182578346456692
21
0.8969781889763779
0
LINE
8
BLACK
6
CONTINUOUS
10
-0.9182578346456692
20
0.8969781889763779
11
-0.9163830708661417
21
0.900727716535433
0
LINE
8
BLACK
6
CONTINUOUS
10
-0.9163830708661417
20
0.900727716535433
11
-0.9162270078740157
21
0.900975748031496
0
LINE
8
BLACK
6
CONTINUOUS
10
-0.9162270078740157
20
0.900975748031496
11
-0.9161971653543307
21
0.9010476771653543
0
LINE
8
BLACK
6
CONTINUOUS
10
-0.9161971653543307
20
0.9010476771653543
11
-0.9161307086614173
21
0.9011286614173228
0
LINE
8
BLACK
6
CONTINUOUS
10
-0.9161307086614173
20
0.9011286614173228
11
-0.9160747244094488
21
0.9012175984251968
0
LINE
8
BLACK
6
CONTINUOUS
10
-0.9160747244094488
20
0.9012175984251968
11
-0.916015748031496
21
0.901268779527559
0
LINE
8
BLACK
6
CONTINUOUS
10
-0.916015748031496
20
0.901268779527559
11
-0.9158299606299213
21
0.9014951181102362
0
LINE
8
BLACK
6
CONTINUOUS
10
-0.9158299606299213
20
0.9014951181102362
11
-0.9139551968503937
21
0.9033698818897637
0
LINE
8
BLACK
6
CONTINUOUS
10
-0.9139551968503937
20
0.9033698818897637
11
-0.9137288582677165
21
0.9035556692913386
0
LINE
8
BLACK
6
CONTINUOUS
10
-0.9137288582677165
20
0.9035556692913386
11
-0.9136776771653543
21
0.9036146456692913
0
LINE
8
BLACK
6
CONTINUOUS
10
-0.9136776771653543
20
0.9036146456692913
11
-0.9135887401574803
21
0.9036706299212598
0
LINE
8
BLACK
6
CONTINUOUS
10
-0.9135887401574803
20
0.9036706299212598
11
-0.9135077559055118
21
0.9037370866141732
0
LINE
8
BLACK
6
CONTINUOUS
10
-0.9135077559055118
20
0.9037370866141732
11
-0.9134358267716535
21
0.9037669291338583
0
LINE
8
BLACK
6
CONTINUOUS
10
-0.9134358267716535
20
0.9037669291338583
11
-0.9131877952755906
21
0.9039229921259843
0
LINE
8
BLACK
6
CONTINUOUS
10
-0.9131877952755906
20
0.9039229921259843
11
-0.9094382677165355
21
0.9057977559055118
0
LINE
8
BLACK
6
CONTINUOUS
10
-0.9094382677165355
20
0.9057977559055118
11
-0.9088976771653543
21
0.9060046456692913
0
LINE
8
BLACK
6
CONTINUOUS
10
-0.9088976771653543
20
0.9060046456692913
11
-0.9087918110236221
21
0.9060122047244095
0
LINE
8
BLACK
6
CONTINUOUS
10
-0.9087918110236221
20
0.9060122047244095
11
-0.9086938188976378
21
0.9060527559055118
0
LINE
8
BLACK
6
CONTINUOUS
10
-0.9086938188976378
20
0.9060527559055118
11
-0.9081177559055118
21
0.9061094881889764
0
LINE
8
BLACK
6
CONTINUOUS
10
-0.9081177559055118
20
0.9061094881889764
11
-0.898743937007874
21
0.9061094881889764
0
LINE
8
BLACK
6
CONTINUOUS
10
-0.898743937007874
20
0.9061094881889764
11
-0.898167874015748
21
0.9060527559055118
0
LINE
8
BLACK
6
CONTINUOUS
10
-0.6783183464566929
20
0.8713937007874015
11
-0.6783183464566929
21
0.8637866535433071
0
LINE
8
BLACK
6
CONTINUOUS
10
-0.6783183464566929
20
0.8637866535433071
11
-0.6783750787401575
21
0.8632105905511811
0
LINE
8
BLACK
6
CONTINUOUS
10
-0.6783750787401575
20
0.8632105905511811
11
-0.6788159842519685
21
0.8621461811023622
0
LINE
8
BLACK
6
CONTINUOUS
10
-0.6788159842519685
20
0.8621461811023622
11
-0.6796306299212598
21
0.8613315354330708
0
LINE
8
BLACK
6
CONTINUOUS
10
-0.6796306299212598
20
0.8613315354330708
11
-0.6806950393700787
21
0.8608906299212599
0
LINE
8
BLACK
6
CONTINUOUS
10
-0.6806950393700787
20
0.8608906299212599
11
-0.6812711023622047
21
0.8608338976377953
0
LINE
8
BLACK
6
CONTINUOUS
10
-0.6812711023622047
20
0.8608338976377953
11
-0.7000187401574803
21
0.8608338976377953
0
LINE
8
BLACK
6
CONTINUOUS
10
-0.7000187401574803
20
0.8608338976377953
11
-0.7005948031496063
21
0.8608906299212599
0
LINE
8
BLACK
6
CONTINUOUS
10
-0.7005948031496063
20
0.8608906299212599
11
-0.7016592125984252
21
0.8613315354330708
0
LINE
8
BLACK
6
CONTINUOUS
10
-0.7016592125984252
20
0.8613315354330708
11
-0.7024738582677165
21
0.8621461811023622
0
LINE
8
BLACK
6
CONTINUOUS
10
-0.7024738582677165
20
0.8621461811023622
11
-0.7029147637795276
21
0.8632105905511811
0
LINE
8
BLACK
6
CONTINUOUS
10
-0.7029147637795276
20
0.8632105905511811
11
-0.7029147637795276
21
0.8643627165354331
0
LINE
8
BLACK
6
CONTINUOUS
10
-0.7029147637795276
20
0.8643627165354331
11
-0.7024738582677165
21
0.865427125984252
0
LINE
8
BLACK
6
CONTINUOUS
10
-0.7024738582677165
20
0.865427125984252
11
-0.7016592125984252
21
0.8662417716535433
0
LINE
8
BLACK
6
CONTINUOUS
10
-0.7016592125984252
20
0.8662417716535433
11
-0.7005948031496063
21
0.8666826771653543
0
LINE
8
BLACK
6
CONTINUOUS
10
-0.7005948031496063
20
0.8666826771653543
11
-0.7000187401574803
21
0.8667394094488189
0
LINE
8
BLACK
6
CONTINUOUS
10
-0.7000187401574803
20
0.8667394094488189
11
-0.6842238582677165
21
0.8667394094488189
0
LINE
8
BLACK
6
CONTINUOUS
10
-0.6842238582677165
20
0.8667394094488189
11
-0.6842238582677165
21
0.8713937007874015
0
LINE
8
BLACK
6
CONTINUOUS
10
-0.6842238582677165
20
0.8713937007874015
11
-0.7106905905511811
21
0.8713937007874015
0
LINE
8
BLACK
6
CONTINUOUS
10
-0.7106905905511811
20
0.8713937007874015
11
-0.7084661417322834
21
0.8647203937007873
0
LINE
8
BLACK
6
CONTINUOUS
10
-0.7084661417322834
20
0.8647203937007873
11
-0.7083377952755905
21
0.8641559842519685
0
LINE
8
BLACK
6
CONTINUOUS
10
-0.7083377952755905
20
0.8641559842519685
11
-0.7084194881889764
21
0.8630067716535433
0
LINE
8
BLACK
6
CONTINUOUS
10
-0.7084194881889764
20
0.8630067716535433
11
-0.7089346850393701
21
0.8619762992125984
0
LINE
8
BLACK
6
CONTINUOUS
10
-0.7089346850393701
20
0.8619762992125984
11
-0.7098050787401574
21
0.8612214173228346
0
LINE
8
BLACK
6
CONTINUOUS
10
-0.7098050787401574
20
0.8612214173228346
11
-0.7108980708661418
21
0.8608570866141733
0
LINE
8
BLACK
6
CONTINUOUS
10
-0.7108980708661418
20
0.8608570866141733
11
-0.7120472834645669
21
0.860938779527559
0
LINE
8
BLACK
6
CONTINUOUS
10
-0.7120472834645669
20
0.860938779527559
11
-0.7130777165354331
21
0.8614540157480315
0
LINE
8
BLACK
6
CONTINUOUS
10
-0.7130777165354331
20
0.8614540157480315
11
-0.7138325984251969
21
0.8623243700787402
0
LINE
8
BLACK
6
CONTINUOUS
10
-0.7138325984251969
20
0.8623243700787402
11
-0.7140685826771653
21
0.8628529133858267
0
LINE
8
BLACK
6
CONTINUOUS
10
-0.7140685826771653
20
0.8628529133858267
11
-0.7169155118110236
21
0.8713937007874015
0
LINE
8
BLACK
6
CONTINUOUS
10
-0.7169155118110236
20
0.8713937007874015
11
-0.731865905511811
21
0.8713937007874015
0
LINE
8
BLACK
6
CONTINUOUS
10
-0.731865905511811
20
0.8713937007874015
11
-0.7347128346456693
21
0.8628529133858267
0
LINE
8
BLACK
6
CONTINUOUS
10
-0.7347128346456693
20
0.8628529133858267
11
-0.7349488188976377
21
0.8623243307086614
0
LINE
8
BLACK
6
CONTINUOUS
10
-0.7349488188976377
20
0.8623243307086614
11
-0.7357037007874015
21
0.8614539763779527
0
LINE
8
BLACK
6
CONTINUOUS
10
-0.7357037007874015
20
0.8614539763779527
11
-0.7367341338582677
21
0.860938779527559
0
LINE
8
BLACK
6
CONTINUOUS
10
-0.7367341338582677
20
0.860938779527559
11
-0.7378833464566928
21
0.8608570866141733
0
LINE
8
BLACK
6
CONTINUOUS
10
-0.7378833464566928
20
0.8608570866141733
11
-0.7389763779527558
21
0.8612214173228346
0
LINE
8
BLACK
6
CONTINUOUS
10
-0.7389763779527558
20
0.8612214173228346
11
-0.7398467322834645
21
0.8619762992125984
0
LINE
8
BLACK
6
CONTINUOUS
10
-0.7398467322834645
20
0.8619762992125984
11
-0.7403619291338582
21
0.8630067322834646
0
LINE
8
BLACK
6
CONTINUOUS
10
-0.7403619291338582
20
0.8630067322834646
11
-0.7404436220472441
21
0.8641559448818897
0
LINE
8
BLACK
6
CONTINUOUS
10
-0.7404436220472441
20
0.8641559448818897
11
-0.7403152755905512
21
0.8647203937007873
0
LINE
8
BLACK
6
CONTINUOUS
10
-0.7403152755905512
20
0.8647203937007873
11
-0.7380908267716535
21
0.8713937007874015
0
LINE
8
BLACK
6
CONTINUOUS
10
-0.7380908267716535
20
0.8713937007874015
11
-0.74768468503937
21
0.8713937007874015
0
LINE
8
BLACK
6
CONTINUOUS
10
-0.74768468503937
20
0.8713937007874015
11
-0.74768468503937
21
0.8637866535433071
0
LINE
8
BLACK
6
CONTINUOUS
10
-0.74768468503937
20
0.8637866535433071
11
-0.7477414173228346
21
0.8632105905511811
0
LINE
8
BLACK
6
CONTINUOUS
10
-0.7477414173228346
20
0.8632105905511811
11
-0.7481823228346457
21
0.8621461811023622
0
LINE
8
BLACK
6
CONTINUOUS
10
-0.7481823228346457
20
0.8621461811023622
11
-0.748996968503937
21
0.8613315354330708
0
LINE
8
BLACK
6
CONTINUOUS
10
-0.748996968503937
20
0.8613315354330708
11
-0.7500613779527558
21
0.8608906299212599
0
LINE
8
BLACK
6
CONTINUOUS
10
-0.7500613779527558
20
0.8608906299212599
11
-0.7506374409448818
21
0.8608338976377953
0
LINE
8
BLACK
6
CONTINUOUS
10
-0.7506374409448818
20
0.8608338976377953
11
-0.7600112598425197
21
0.8608338976377953
0
LINE
8
BLACK
6
CONTINUOUS
10
-0.7600112598425197
20
0.8608338976377953
11
-0.760302874015748
21
0.8608626377952756
0
LINE
8
BLACK
6
CONTINUOUS
10
-0.760302874015748
20
0.8608626377952756
11
-0.7603805905511811
21
0.8608570866141733
0
LINE
8
BLACK
6
CONTINUOUS
10
-0.7603805905511811
20
0.8608570866141733
11
-0.760482874015748
21
0.8608803543307086
0
LINE
8
BLACK
6
CONTINUOUS
10
-0.760482874015748
20
0.8608803543307086
11
-0.7605873228346457
21
0.8608906299212599
0
LINE
8
BLACK
6
CONTINUOUS
10
-0.7605873228346457
20
0.8608906299212599
11
-0.7606594094488189
21
0.8609205118110236
0
LINE
8
BLACK
6
CONTINUOUS
10
-0.7606594094488189
20
0.8609205118110236
11
-0.7609450393700787
21
0.8609854330708662
0
LINE
8
BLACK
6
CONTINUOUS
10
-0.7609450393700787
20
0.8609854330708662
11
-0.7665692913385826
21
0.8628601968503937
0
LINE
8
BLACK
6
CONTINUOUS
10
-0.7665692913385826
20
0.8628601968503937
11
-0.767097874015748
21
0.8630961811023622
0
LINE
8
BLACK
6
CONTINUOUS
10
-0.767097874015748
20
0.8630961811023622
11
-0.7671779921259843
21
0.8631656692913385
0
LINE
8
BLACK
6
CONTINUOUS
10
-0.7671779921259843
20
0.8631656692913385
11
-0.7672760236220473
21
0.8632062598425196
0
LINE
8
BLACK
6
CONTINUOUS
10
-0.7672760236220473
20
0.8632062598425196
11
-0.7677234645669291
21
0.8635735039370078
0
LINE
8
BLACK
6
CONTINUOUS
10
-0.7677234645669291
20
0.8635735039370078
11
-0.7714729921259842
21
0.8673230708661417
0
LINE
8
BLACK
6
CONTINUOUS
10
-0.7714729921259842
20
0.8673230708661417
11
-0.771658779527559
21
0.8675494488188976
0
LINE
8
BLACK
6
CONTINUOUS
10
-0.771658779527559
20
0.8675494488188976
11
-0.7717177559055118
21
0.8676005905511811
0
LINE
8
BLACK
6
CONTINUOUS
10
-0.7717177559055118
20
0.8676005905511811
11
-0.7717737401574803
21
0.8676895275590552
0
LINE
8
BLACK
6
CONTINUOUS
10
-0.7717737401574803
20
0.8676895275590552
11
-0.7718402362204724
21
0.8677705511811024
0
LINE
8
BLACK
6
CONTINUOUS
10
-0.7718402362204724
20
0.8677705511811024
11
-0.7718700787401575
21
0.8678425984251968
0
LINE
8
BLACK
6
CONTINUOUS
10
-0.7718700787401575
20
0.8678425984251968
11
-0.7720261023622047
21
0.8680904724409448
0
LINE
8
BLACK
6
CONTINUOUS
10
-0.7720261023622047
20
0.8680904724409448
11
-0.773677716535433
21
0.8713937007874015
0
LINE
8
BLACK
6
CONTINUOUS
10
-0.773677716535433
20
0.8713937007874015
11
-0.7870547637795275
21
0.8713937007874015
0
LINE
8
BLACK
6
CONTINUOUS
10
-0.7870547637795275
20
0.8713937007874015
11
-0.7870547637795275
21
0.8637866535433071
0
LINE
8
BLACK
6
CONTINUOUS
10
-0.7870547637795275
20
0.8637866535433071
11
-0.7871114960629921
21
0.8632105905511811
0
LINE
8
BLACK
6
CONTINUOUS
10
-0.7871114960629921
20
0.8632105905511811
11
-0.7875524015748031
21
0.8621461811023622
0
LINE
8
BLACK
6
CONTINUOUS
10
-0.7875524015748031
20
0.8621461811023622
11
-0.7883670472440945
21
0.8613315354330708
0
LINE
8
BLACK
6
CONTINUOUS
10
-0.7883670472440945
20
0.8613315354330708
11
-0.7894314566929134
21
0.8608906299212599
0
LINE
8
BLACK
6
CONTINUOUS
10
-0.7894314566929134
20
0.8608906299212599
11
-0.7900075196850393
21
0.8608338976377953
0
LINE
8
BLACK
6
CONTINUOUS
10
-0.7900075196850393
20
0.8608338976377953
11
-0.8087551574803149
21
0.8608338976377953
0
LINE
8
BLACK
6
CONTINUOUS
10
-0.8087551574803149
20
0.8608338976377953
11
-0.8093312204724409
21
0.8608906299212599
0
LINE
8
BLACK
6
CONTINUOUS
10
-0.8093312204724409
20
0.8608906299212599
11
-0.8103956299212598
21
0.8613315354330708
0
LINE
8
BLACK
6
CONTINUOUS
10
-0.8103956299212598
20
0.8613315354330708
11
-0.8112102755905511
21
0.8621461811023622
0
LINE
8
BLACK
6
CONTINUOUS
10
-0.8112102755905511
20
0.8621461811023622
11
-0.8116511811023622
21
0.8632105905511811
0
LINE
8
BLACK
6
CONTINUOUS
10
-0.8116511811023622
20
0.8632105905511811
11
-0.8116511811023622
21
0.8643627165354331
0
LINE
8
BLACK
6
CONTINUOUS
10
-0.8116511811023622
20
0.8643627165354331
11
-0.8112102755905511
21
0.865427125984252
0
LINE
8
BLACK
6
CONTINUOUS
10
-0.8112102755905511
20
0.865427125984252
11
-0.8103956299212598
21
0.8662417716535433
0
LINE
8
BLACK
6
CONTINUOUS
10
-0.8103956299212598
20
0.8662417716535433
11
-0.8093312204724409
21
0.8666826771653543
0
LINE
8
BLACK
6
CONTINUOUS
10
-0.8093312204724409
20
0.8666826771653543
11
-0.8087551574803149
21
0.8667394094488189
0
LINE
8
BLACK
6
CONTINUOUS
10
-0.8087551574803149
20
0.8667394094488189
11
-0.7929602755905512
21
0.8667394094488189
0
LINE
8
BLACK
6
CONTINUOUS
10
-0.7929602755905512
20
0.8667394094488189
11
-0.7929602755905512
21
0.8713937007874015
0
LINE
8
BLACK
6
CONTINUOUS
10
-0.7929602755905512
20
0.8713937007874015
11
-0.82267531496063
21
0.8713937007874015
0
LINE
8
BLACK
6
CONTINUOUS
10
-0.82267531496063
20
0.8713937007874015
11
-0.82267531496063
21
0.8637866535433071
0
LINE
8
BLACK
6
CONTINUOUS
10
-0.82267531496063
20
0.8637866535433071
11
-0.8227320472440944
21
0.8632105905511811
0
LINE
8
BLACK
6
CONTINUOUS
10
-0.8227320472440944
20
0.8632105905511811
11
-0.8231729527559055
21
0.8621461811023622
0
LINE
8
BLACK
6
CONTINUOUS
10
-0.8231729527559055
20
0.8621461811023622
11
-0.8239875984251969
21
0.8613315354330708
0
LINE
8
BLACK
6
CONTINUOUS
10
-0.8239875984251969
20
0.8613315354330708
11
-0.8250520078740158
21
0.8608906299212599
0
LINE
8
BLACK
6
CONTINUOUS
10
-0.8250520078740158
20
0.8608906299212599
11
-0.8262041338582677
21
0.8608906299212599
0
LINE
8
BLACK
6
CONTINUOUS
10
-0.8262041338582677
20
0.8608906299212599
11
-0.8272685433070865
21
0.8613315354330708
0
LINE
8
BLACK
6
CONTINUOUS
10
-0.8272685433070865
20
0.8613315354330708
11
-0.8280831889763779
21
0.8621461811023622
0
LINE
8
BLACK
6
CONTINUOUS
10
-0.8280831889763779
20
0.8621461811023622
11
-0.828524094488189
21
0.8632105905511811
0
LINE
8
BLACK
6
CONTINUOUS
10
-0.828524094488189
20
0.8632105905511811
11
-0.8285808267716536
21
0.8637866535433071
0
LINE
8
BLACK
6
CONTINUOUS
10
-0.8285808267716536
20
0.8637866535433071
11
-0.8285808267716536
21
0.8713937007874015
0
LINE
8
BLACK
6
CONTINUOUS
10
-0.8285808267716536
20
0.8713937007874015
11
-0.8391960236220473
21
0.8713937007874015
0
LINE
8
BLACK
6
CONTINUOUS
10
-0.8391960236220473
20
0.8713937007874015
11
-0.8457062598425197
21
0.8620933464566929
0
LINE
8
BLACK
6
CONTINUOUS
10
-0.8457062598425197
20
0.8620933464566929
11
-0.8460830708661418
21
0.8616539763779527
0
LINE
8
BLACK
6
CONTINUOUS
10
-0.8460830708661418
20
0.8616539763779527
11
-0.8470546850393701
21
0.8610348031496062
0
LINE
8
BLACK
6
CONTINUOUS
10
-0.8470546850393701
20
0.8610348031496062
11
-0.8481892125984252
21
0.8608346062992126
0
LINE
8
BLACK
6
CONTINUOUS
10
-0.8481892125984252
20
0.8608346062992126
11
-0.8493140551181102
21
0.861083779527559
0
LINE
8
BLACK
6
CONTINUOUS
10
-0.8493140551181102
20
0.861083779527559
11
-0.8502579133858268
21
0.8617444881889763
0
LINE
8
BLACK
6
CONTINUOUS
10
-0.8502579133858268
20
0.8617444881889763
11
-0.8508770866141732
21
0.8627161023622048
0
LINE
8
BLACK
6
CONTINUOUS
10
-0.8508770866141732
20
0.8627161023622048
11
-0.8510772834645669
21
0.8638506299212598
0
LINE
8
BLACK
6
CONTINUOUS
10
-0.8510772834645669
20
0.8638506299212598
11
-0.8508281102362204
21
0.8649754724409449
0
LINE
8
BLACK
6
CONTINUOUS
10
-0.8508281102362204
20
0.8649754724409449
11
-0.8505442125984252
21
0.8654799606299213
0
LINE
8
BLACK
6
CONTINUOUS
10
-0.8505442125984252
20
0.8654799606299213
11
-0.8464046062992125
21
0.8713937007874015
0
LINE
8
BLACK
6
CONTINUOUS
10
-0.8464046062992125
20
0.8713937007874015
11
-0.8946761023622047
21
0.8713937007874015
0
LINE
8
BLACK
6
CONTINUOUS
10
-0.8946761023622047
20
0.8713937007874015
11
-0.889156968503937
21
0.8658745669291339
0
LINE
8
BLACK
6
CONTINUOUS
10
-0.889156968503937
20
0.8658745669291339
11
-0.8887897244094488
21
0.865427125984252
0
LINE
8
BLACK
6
CONTINUOUS
10
-0.8887897244094488
20
0.865427125984252
11
-0.8883488582677165
21
0.8643626771653543
0
LINE
8
BLACK
6
CONTINUOUS
10
-0.8883488582677165
20
0.8643626771653543
11
-0.8883488582677165
21
0.8632105905511811
0
LINE
8
BLACK
6
CONTINUOUS
10
-0.8883488582677165
20
0.8632105905511811
11
-0.8887897637795276
21
0.8621461811023622
0
LINE
8
BLACK
6
CONTINUOUS
10
-0.8887897637795276
20
0.8621461811023622
11
-0.8896044094488189
21
0.8613314960629921
0
LINE
8
BLACK
6
CONTINUOUS
10
-0.8896044094488189
20
0.8613314960629921
11
-0.8902025196850394
21
0.861083779527559
0
LINE
8
BLACK
6
CONTINUOUS
10
-0.8902025196850394
20
0.861083779527559
11
-0.8906688188976378
21
0.8608906299212599
0
LINE
8
BLACK
6
CONTINUOUS
10
-0.8906688188976378
20
0.8608906299212599
11
-0.8912448818897638
21
0.8608338976377953
0
LINE
8
BLACK
6
CONTINUOUS
10
-0.8912448818897638
20
0.8608338976377953
11
-0.915616811023622
21
0.8608338976377953
0
LINE
8
BLACK
6
CONTINUOUS
10
-0.915616811023622
20
0.8608338976377953
11
-0.916192874015748
21
0.8608906299212599
0
LINE
8
BLACK
6
CONTINUOUS
10
-0.916192874015748
20
0.8608906299212599
11
-0.9172572834645669
21
0.8613315354330708
0
LINE
8
BLACK
6
CONTINUOUS
10
-0.9172572834645669
20
0.8613315354330708
11
-0.9180719291338583
21
0.8621461811023622
0
LINE
8
BLACK
6
CONTINUOUS
10
-0.9180719291338583
20
0.8621461811023622
11
-0.9185128346456692
21
0.8632105905511811
0
LINE
8
BLACK
6
CONTINUOUS
10
-0.9185128346456692
20
0.8632105905511811
11
-0.9185128346456692
21
0.8643627165354331
0
LINE
8
BLACK
6
CONTINUOUS
10
-0.9185128346456692
20
0.8643627165354331
11
-0.9180719291338583
21
0.865427125984252
0
LINE
8
BLACK
6
CONTINUOUS
10
-0.9180719291338583
20
0.865427125984252
11
-0.9172572834645669
21
0.8662417716535433
0
LINE
8
BLACK
6
CONTINUOUS
10
-0.9172572834645669
20
0.8662417716535433
11
-0.916192874015748
21
0.8666826771653543
0
LINE
8
BLACK
6
CONTINUOUS
10
-0.916192874015748
20
0.8666826771653543
11
-0.915616811023622
21
0.8667394094488189
0
LINE
8
BLACK
6
CONTINUOUS
10
-0.915616811023622
20
0.8667394094488189
11
-0.8983734645669291
21
0.8667394094488189
0
LINE
8
BLACK
6
CONTINUOUS
10
-0.8983734645669291
20
0.8667394094488189
11
-0.9030277559055118
21
0.8713937007874015
0
LINE
8
BLACK
6
CONTINUOUS
10
-0.9030277559055118
20
0.8713937007874015
11
-0.930961968503937
21
0.8713937007874015
0
LINE
8
BLACK
6
CONTINUOUS
10
-0.930961968503937
20
0.8713937007874015
11
-0.9264183858267716
21
0.8656109448818897
0
LINE
8
BLACK
6
CONTINUOUS
10
-0.9264183858267716
20
0.8656109448818897
11
-0.9261070866141732
21
0.8651229133858267
0
LINE
8
BLACK
6
CONTINUOUS
10
-0.9261070866141732
20
0.8651229133858267
11
-0.9257961811023622
21
0.8640135433070866
0
LINE
8
BLACK
6
CONTINUOUS
10
-0.9257961811023622
20
0.8640135433070866
11
-0.9259334251968504
21
0.86286968503937
0
LINE
8
BLACK
6
CONTINUOUS
10
-0.9259334251968504
20
0.86286968503937
11
-0.9264979921259843
21
0.8618653543307087
0
LINE
8
BLACK
6
CONTINUOUS
10
-0.9264979921259843
20
0.8618653543307087
11
-0.927403937007874
21
0.8611535433070866
0
LINE
8
BLACK
6
CONTINUOUS
10
-0.927403937007874
20
0.8611535433070866
11
-0.9285133070866142
21
0.8608426377952756
0
LINE
8
BLACK
6
CONTINUOUS
10
-0.9285133070866142
20
0.8608426377952756
11
-0.9296571653543307
21
0.8609798818897637
0
LINE
8
BLACK
6
CONTINUOUS
10
-0.9296571653543307
20
0.8609798818897637
11
-0.9306614960629921
21
0.8615444488188976
0
LINE
8
BLACK
6
CONTINUOUS
10
-0.9306614960629921
20
0.8615444488188976
11
-0.9310620078740157
21
0.8619623622047244
0
LINE
8
BLACK
6
CONTINUOUS
10
-0.9310620078740157
20
0.8619623622047244
11
-0.9384723228346457
21
0.8713937007874015
0
LINE
8
BLACK
6
CONTINUOUS
10
-0.9384723228346457
20
0.8713937007874015
11
-0.9396304724409449
21
0.8713937007874015
0
LINE
8
BLACK
6
CONTINUOUS
10
-0.9396304724409449
20
0.8713937007874015
11
-0.9470407874015748
21
0.8619623622047244
0
LINE
8
BLACK
6
CONTINUOUS
10
-0.9470407874015748
20
0.8619623622047244
11
-0.9474412992125985
21
0.8615444488188976
0
LINE
8
BLACK
6
CONTINUOUS
10
-0.9474412992125985
20
0.8615444488188976
11
-0.9484456299212598
21
0.8609798818897637
0
LINE
8
BLACK
6
CONTINUOUS
10
-0.9484456299212598
20
0.8609798818897637
11
-0.9495894881889764
21
0.8608426377952756
0
LINE
8
BLACK
6
CONTINUOUS
10
-0.9495894881889764
20
0.8608426377952756
11
-0.9506988582677165
21
0.8611535433070866
0
LINE
8
BLACK
6
CONTINUOUS
10
-0.9506988582677165
20
0.8611535433070866
11
-0.9516048031496063
21
0.8618653543307087
0
LINE
8
BLACK
6
CONTINUOUS
10
-0.9516048031496063
20
0.8618653543307087
11
-0.9521693700787401
21
0.86286968503937
0
LINE
8
BLACK
6
CONTINUOUS
10
-0.9521693700787401
20
0.86286968503937
11
-0.9523066141732284
21
0.8640135433070866
0
LINE
8
BLACK
6
CONTINUOUS
10
-0.9523066141732284
20
0.8640135433070866
11
-0.9519957086614173
21
0.8651229133858267
0
LINE
8
BLACK
6
CONTINUOUS
10
-0.9519957086614173
20
0.8651229133858267
11
-0.9516844094488188
21
0.8656109448818897
0
LINE
8
BLACK
6
CONTINUOUS
10
-0.9516844094488188
20
0.8656109448818897
11
-0.9471408661417322
21
0.8713937007874015
0
LINE
8
BLACK
6
CONTINUOUS
10
-0.9471408661417322
20
0.8713937007874015
11
-0.9605590551181102
21
0.8713937007874015
0
LINE
8
BLACK
6
CONTINUOUS
10
-0.9605590551181102
20
0.8713937007874015
11
-0.9605590551181102
21
0.8659553149606299
0
LINE
8
BLACK
6
CONTINUOUS
10
-0.9605590551181102
20
0.8659553149606299
11
-0.9600308661417323
21
0.865427125984252
0
LINE
8
BLACK
6
CONTINUOUS
10
-0.9600308661417323
20
0.865427125984252
11
-0.9595899606299212
21
0.8643627165354331
0
LINE
8
BLACK
6
CONTINUOUS
10
-0.9595899606299212
20
0.8643627165354331
11
-0.9595899606299212
21
0.8632105905511811
0
LINE
8
BLACK
6
CONTINUOUS
10
-0.9595899606299212
20
0.8632105905511811
11
-0.9600308661417323
21
0.8621461811023622
0
LINE
8
BLACK
6
CONTINUOUS
10
-0.9600308661417323
20
0.8621461811023622
11
-0.9605590551181102
21
0.8616179921259842
0
LINE
8
BLACK
6
CONTINUOUS
10
-0.9605590551181102
20
0.8616179921259842
11
-0.9605590551181102
21
0.6772992125984252
0
LINE
8
BLACK
6
CONTINUOUS
10
-0.9605590551181102
20
0.6772992125984252
11
-0.6664645669291338
21
0.6772992125984252
0
LINE
8
BLACK
6
CONTINUOUS
10
-0.6664645669291338
20
0.6772992125984252
11
-0.6664645669291338
21
0.8713937007874015
0
LINE
8
BLACK
6
CONTINUOUS
10
-0.6664645669291338
20
0.8713937007874015
11
-0.6783183464566929
21
0.8713937007874015
0
LINE
8
BLACK
6
CONTINUOUS
10
-0.767075157480315
20
0.8713937007874015
11
-0.7669583464566929
21
0.8711600787401574
0
LINE
8
BLACK
6
CONTINUOUS
10
-0.7669583464566929
20
0.8711600787401574
11
-0.7640405118110236
21
0.8682422047244094
0
LINE
8
BLACK
6
CONTINUOUS
10
-0.7640405118110236
20
0.8682422047244094
11
-0.7595321259842519
21
0.8667394094488189
0
LINE
8
BLACK
6
CONTINUOUS
10
-0.7595321259842519
20
0.8667394094488189
11
-0.7535901968503936
21
0.8667394094488189
0
LINE
8
BLACK
6
CONTINUOUS
10
-0.7535901968503936
20
0.8667394094488189
11
-0.7535901968503936
21
0.8713937007874015
0
LINE
8
BLACK
6
CONTINUOUS
10
-0.7535901968503936
20
0.8713937007874015
11
-0.767075157480315
21
0.8713937007874015
0
LINE
8
BLACK
6
CONTINUOUS
10
-0.8350621653543306
20
0.8772992125984251
11
-0.8285808267716536
21
0.8772992125984251
0
LINE
8
BLACK
6
CONTINUOUS
10
-0.8285808267716536
20
0.8772992125984251
11
-0.8285808267716536
21
0.8795815748031496
0
LINE
8
BLACK
6
CONTINUOUS
10
-0.8285808267716536
20
0.8795815748031496
11
-0.8334645275590551
21
0.8795815748031496
0
LINE
8
BLACK
6
CONTINUOUS
10
-0.8334645275590551
20
0.8795815748031496
11
-0.8350621653543306
21
0.8772992125984251
0
LINE
8
BLACK
6
CONTINUOUS
10
-0.7640405118110236
20
0.8987011811023622
11
-0.7669583464566929
21
0.8957833464566929
0
LINE
8
BLACK
6
CONTINUOUS
10
-0.7669583464566929
20
0.8957833464566929
11
-0.7684738582677165
21
0.8927523622047244
0
LINE
8
BLACK
6
CONTINUOUS
10
-0.7684738582677165
20
0.8927523622047244
11
-0.7701818503937008
21
0.88592031496063
0
LINE
8
BLACK
6
CONTINUOUS
10
-0.7701818503937008
20
0.88592031496063
11
-0.7701818503937008
21
0.8810231102362205
0
LINE
8
BLACK
6
CONTINUOUS
10
-0.7701818503937008
20
0.8810231102362205
11
-0.769250905511811
21
0.8772992125984251
0
LINE
8
BLACK
6
CONTINUOUS
10
-0.769250905511811
20
0.8772992125984251
11
-0.7535901968503936
21
0.8772992125984251
0
LINE
8
BLACK
6
CONTINUOUS
10
-0.7535901968503936
20
0.8772992125984251
11
-0.7535901968503936
21
0.9002039763779527
0
LINE
8
BLACK
6
CONTINUOUS
10
-0.7535901968503936
20
0.9002039763779527
11
-0.7595321259842519
21
0.9002039763779527
0
LINE
8
BLACK
6
CONTINUOUS
10
-0.7595321259842519
20
0.9002039763779527
11
-0.7640405118110236
21
0.8987011811023622
0
LINE
8
BLACK
6
CONTINUOUS
10
-0.7296677952755906
20
0.877988031496063
11
-0.719113622047244
21
0.877988031496063
0
LINE
8
BLACK
6
CONTINUOUS
10
-0.719113622047244
20
0.877988031496063
11
-0.7243907086614173
21
0.8938193307086614
0
LINE
8
BLACK
6
CONTINUOUS
10
-0.7243907086614173
20
0.8938193307086614
11
-0.7296677952755906
21
0.877988031496063
0
LINE
8
BLACK
6
CONTINUOUS
10
-0.8426266141732284
20
0.8988552362204725
11
-0.8438237401574803
21
0.8976581102362204
0
LINE
8
BLACK
6
CONTINUOUS
10
-0.8438237401574803
20
0.8976581102362204
11
-0.8451724803149606
21
0.8949606299212598
0
LINE
8
BLACK
6
CONTINUOUS
10
-0.8451724803149606
20
0.8949606299212598
11
-0.8451724803149606
21
0.8907304330708661
0
LINE
8
BLACK
6
CONTINUOUS
10
-0.8451724803149606
20
0.8907304330708661
11
-0.8438237401574803
21
0.8880329527559055
0
LINE
8
BLACK
6
CONTINUOUS
10
-0.8438237401574803
20
0.8880329527559055
11
-0.8426266141732284
21
0.8868358267716535
0
LINE
8
BLACK
6
CONTINUOUS
10
-0.8426266141732284
20
0.8868358267716535
11
-0.8399291338582677
21
0.8854870866141732
0
LINE
8
BLACK
6
CONTINUOUS
10
-0.8399291338582677
20
0.8854870866141732
11
-0.8285808267716536
21
0.8854870866141732
0
LINE
8
BLACK
6
CONTINUOUS
10
-0.8285808267716536
20
0.8854870866141732
11
-0.8285808267716536
21
0.9002039763779527
0
LINE
8
BLACK
6
CONTINUOUS
10
-0.8285808267716536
20
0.9002039763779527
11
-0.8399291338582677
21
0.9002039763779527
0
LINE
8
BLACK
6
CONTINUOUS
10
-0.8399291338582677
20
0.9002039763779527
11
-0.8426266141732284
21
0.8988552362204725
0
LINE
8
BLACK
6
CONTINUOUS
10
-1.0016430314960629
20
0.9060885433070865
11
-1.0015710236220472
21
0.9060957086614173
0
LINE
8
BLACK
6
CONTINUOUS
10
-1.0015710236220472
20
0.9060957086614173
11
-1.0015007086614174
21
0.906074527559055
0
LINE
8
BLACK
6
CONTINUOUS
10
-1.0015007086614174
20
0.906074527559055
11
-1.0012799999999999
21
0.9060527559055118
0
LINE
8
BLACK
6
CONTINUOUS
10
-1.0012799999999999
20
0.9060527559055118
11
-1.0008813385826771
21
0.9058876377952756
0
LINE
8
BLACK
6
CONTINUOUS
10
-1.0008813385826771
20
0.9058876377952756
11
-1.000468031496063
21
0.9057629133858267
0
LINE
8
BLACK
6
CONTINUOUS
10
-1.000468031496063
20
0.9057629133858267
11
-1.0003529527559054
21
0.9056687795275591
0
LINE
8
BLACK
6
CONTINUOUS
10
-1.0003529527559054
20
0.9056687795275591
11
-1.0002155905511811
21
0.9056118503937007
0
LINE
8
BLACK
6
CONTINUOUS
10
-1.0002155905511811
20
0.9056118503937007
11
-0.9999103543307086
21
0.9053066141732283
0
LINE
8
BLACK
6
CONTINUOUS
10
-0.9999103543307086
20
0.9053066141732283
11
-0.9995763779527559
21
0.9050333464566929
0
LINE
8
BLACK
6
CONTINUOUS
10
-0.9995763779527559
20
0.9050333464566929
11
-0.9995061417322835
21
0.9049024015748032
0
LINE
8
BLACK
6
CONTINUOUS
10
-0.9995061417322835
20
0.9049024015748032
11
-0.9994009448818897
21
0.9047972047244094
0
LINE
8
BLACK
6
CONTINUOUS
10
-0.9994009448818897
20
0.9047972047244094
11
-0.9992357874015748
21
0.9043984251968503
0
LINE
8
BLACK
6
CONTINUOUS
10
-0.9992357874015748
20
0.9043984251968503
11
-0.9990317322834645
21
0.9040181102362205
0
LINE
8
BLACK
6
CONTINUOUS
10
-0.9990317322834645
20
0.9040181102362205
11
-0.9989881496062992
21
0.9038006299212599
0
LINE
8
BLACK
6
CONTINUOUS
10
-0.9989881496062992
20
0.9038006299212599
11
-0.9989600393700787
21
0.9037327952755906
0
LINE
8
BLACK
6
CONTINUOUS
10
-0.9989600393700787
20
0.9037327952755906
11
-0.9989600393700787
21
0.9036605118110236
0
LINE
8
BLACK
6
CONTINUOUS
10
-0.9989600393700787
20
0.9036605118110236
11
-0.9989179527559054
21
0.9034505511811023
0
LINE
8
BLACK
6
CONTINUOUS
10
-0.9989179527559054
20
0.9034505511811023
11
-0.9970431889763779
21
0.8847029133858267
0
LINE
8
BLACK
6
CONTINUOUS
10
-0.9970431889763779
20
0.8847029133858267
11
-0.9970423228346457
21
0.8841240551181102
0
LINE
8
BLACK
6
CONTINUOUS
10
-0.9970423228346457
20
0.8841240551181102
11
-0.9970852755905512
21
0.8839817322834645
0
LINE
8
BLACK
6
CONTINUOUS
10
-0.9970852755905512
20
0.8839817322834645
11
-0.9970852755905512
21
0.8838330708661417
0
LINE
8
BLACK
6
CONTINUOUS
10
-0.9970852755905512
20
0.8838330708661417
11
-0.9972503937007874
21
0.8834344881889764
0
LINE
8
BLACK
6
CONTINUOUS
10
-0.9972503937007874
20
0.8834344881889764
11
-0.9973751181102362
21
0.883021062992126
0
LINE
8
BLACK
6
CONTINUOUS
10
-0.9973751181102362
20
0.883021062992126
11
-0.9974693307086614
21
0.8829059448818898
0
LINE
8
BLACK
6
CONTINUOUS
10
-0.9974693307086614
20
0.8829059448818898
11
-0.9975261811023621
21
0.8827686614173228
0
LINE
8
BLACK
6
CONTINUOUS
10
-0.9975261811023621
20
0.8827686614173228
11
-0.9978312598425196
21
0.882463622047244
0
LINE
8
BLACK
6
CONTINUOUS
10
-0.9978312598425196
20
0.882463622047244
11
-0.9981046850393701
21
0.8821294094488189
0
LINE
8
BLACK
6
CONTINUOUS
10
-0.9981046850393701
20
0.8821294094488189
11
-0.9982357480314961
21
0.8820591338582677
0
LINE
8
BLACK
6
CONTINUOUS
10
-0.9982357480314961
20
0.8820591338582677
11
-0.9983408661417322
21
0.8819539763779527
0
LINE
8
BLACK
6
CONTINUOUS
10
-0.9983408661417322
20
0.8819539763779527
11
-0.9987394881889764
21
0.8817888976377952
0
LINE
8
BLACK
6
CONTINUOUS
10
-0.9987394881889764
20
0.8817888976377952
11
-0.9991199212598425
21
0.8815847637795275
0
LINE
8
BLACK
6
CONTINUOUS
10
-0.9991199212598425
20
0.8815847637795275
11
-0.9992679527559055
21
0.88157
0
LINE
8
BLACK
6
CONTINUOUS
10
-0.9992679527559055
20
0.88157
11
-0.9994052755905511
21
0.8815130708661417
0
LINE
8
BLACK
6
CONTINUOUS
10
-0.9994052755905511
20
0.8815130708661417
11
-0.999836811023622
21
0.8815130708661417
0
LINE
8
BLACK
6
CONTINUOUS
10
-0.999836811023622
20
0.8815130708661417
11
-1.0002663385826771
21
0.8814701181102362
0
LINE
8
BLACK
6
CONTINUOUS
10
-1.0002663385826771
20
0.8814701181102362
11
-1.0004087007874016
21
0.8815130708661417
0
LINE
8
BLACK
6
CONTINUOUS
10
-1.0004087007874016
20
0.8815130708661417
11
-1.0005573622047244
21
0.8815130708661417
0
LINE
8
BLACK
6
CONTINUOUS
10
-1.0005573622047244
20
0.8815130708661417
11
-1.0009560629921259
21
0.8816782283464567
0
LINE
8
BLACK
6
CONTINUOUS
10
-1.0009560629921259
20
0.8816782283464567
11
-1.0013693307086613
21
0.8818029133858267
0
LINE
8
BLACK
6
CONTINUOUS
10
-1.0013693307086613
20
0.8818029133858267
11
-1.0014844488188976
21
0.8818970866141732
0
LINE
8
BLACK
6
CONTINUOUS
10
-1.0014844488188976
20
0.8818970866141732
11
-1.0016217716535434
21
0.8819539763779527
0
LINE
8
BLACK
6
CONTINUOUS
10
-1.0016217716535434
20
0.8819539763779527
11
-1.0020692125984252
21
0.8823211811023622
0
LINE
8
BLACK
6
CONTINUOUS
10
-1.0020692125984252
20
0.8823211811023622
11
-1.0036051574803149
21
0.8838571259842519
0
LINE
8
BLACK
6
CONTINUOUS
10
-1.0036051574803149
20
0.8838571259842519
11
-1.0063026377952755
21
0.8852058661417322
0
LINE
8
BLACK
6
CONTINUOUS
10
-1.0063026377952755
20
0.8852058661417322
11
-1.0142823622047243
21
0.8852058661417322
0
LINE
8
BLACK
6
CONTINUOUS
10
-1.0142823622047243
20
0.8852058661417322
11
-1.016979842519685
21
0.8838571259842519
0
LINE
8
BLACK
6
CONTINUOUS
10
-1.016979842519685
20
0.8838571259842519
11
-1.018176968503937
21
0.88266
0
LINE
8
BLACK
6
CONTINUOUS
10
-1.018176968503937
20
0.88266
11
-1.0195257086614173
21
0.8799625196850394
0
LINE
8
BLACK
6
CONTINUOUS
10
-1.0195257086614173
20
0.8799625196850394
11
-1.0195257086614173
21
0.8719827952755905
0
LINE
8
BLACK
6
CONTINUOUS
10
-1.0195257086614173
20
0.8719827952755905
11
-1.018176968503937
21
0.8692853149606299
0
LINE
8
BLACK
6
CONTINUOUS
10
-1.018176968503937
20
0.8692853149606299
11
-1.016979842519685
21
0.8680881496062992
0
LINE
8
BLACK
6
CONTINUOUS
10
-1.016979842519685
20
0.8680881496062992
11
-1.0142823622047243
21
0.8667394094488189
0
LINE
8
BLACK
6
CONTINUOUS
10
-1.0142823622047243
20
0.8667394094488189
11
-1.0063026377952755
21
0.8667394094488189
0
LINE
8
BLACK
6
CONTINUOUS
10
-1.0063026377952755
20
0.8667394094488189
11
-1.0036051968503936
21
0.8680881496062992
0
LINE
8
BLACK
6
CONTINUOUS
10
-1.0036051968503936
20
0.8680881496062992
11
-1.0020692519685039
21
0.869624094488189
0
LINE
8
BLACK
6
CONTINUOUS
10
-1.0020692519685039
20
0.869624094488189
11
-1.0016217716535434
21
0.8699913385826772
0
LINE
8
BLACK
6
CONTINUOUS
10
-1.0016217716535434
20
0.8699913385826772
11
-1.0005573622047244
21
0.8704322440944882
0
LINE
8
BLACK
6
CONTINUOUS
10
-1.0005573622047244
20
0.8704322440944882
11
-0.9994052755905511
21
0.8704322440944882
0
LINE
8
BLACK
6
CONTINUOUS
10
-0.9994052755905511
20
0.8704322440944882
11
-0.9983408661417322
21
0.8699913779527559
0
LINE
8
BLACK
6
CONTINUOUS
10
-0.9983408661417322
20
0.8699913779527559
11
-0.9975261811023621
21
0.8691766929133858
0
LINE
8
BLACK
6
CONTINUOUS
10
-0.9975261811023621
20
0.8691766929133858
11
-0.9970852755905512
21
0.8681122834645669
0
LINE
8
BLACK
6
CONTINUOUS
10
-0.9970852755905512
20
0.8681122834645669
11
-0.9970852755905512
21
0.8669601968503937
0
LINE
8
BLACK
6
CONTINUOUS
10
-0.9970852755905512
20
0.8669601968503937
11
-0.9975261417322835
21
0.8658957874015748
0
LINE
8
BLACK
6
CONTINUOUS
10
-0.9975261417322835
20
0.8658957874015748
11
-0.9978933858267717
21
0.8654483070866141
0
LINE
8
BLACK
6
CONTINUOUS
10
-0.9978933858267717
20
0.8654483070866141
11
-0.9997681102362205
21
0.8635735433070866
0
LINE
8
BLACK
6
CONTINUOUS
10
-0.9997681102362205
20
0.8635735433070866
11
-0.9999944881889764
21
0.8633877952755905
0
LINE
8
BLACK
6
CONTINUOUS
10
-0.9999944881889764
20
0.8633877952755905
11
-1.0000456692913386
21
0.8633287401574803
0
LINE
8
BLACK
6
CONTINUOUS
10
-1.0000456692913386
20
0.8633287401574803
11
-1.0001346456692912
21
0.8632727559055118
0
LINE
8
BLACK
6
CONTINUOUS
10
-1.0001346456692912
20
0.8632727559055118
11
-1.0002155905511811
21
0.8632062992125984
0
LINE
8
BLACK
6
CONTINUOUS
10
-1.0002155905511811
20
0.8632062992125984
11
-1.0002875590551181
21
0.8631764960629921
0
LINE
8
BLACK
6
CONTINUOUS
10
-1.0002875590551181
20
0.8631764960629921
11
-1.0005355511811023
21
0.8630203937007874
0
LINE
8
BLACK
6
CONTINUOUS
10
-1.0005355511811023
20
0.8630203937007874
11
-1.0042850787401574
21
0.8611456299212599
0
LINE
8
BLACK
6
CONTINUOUS
10
-1.0042850787401574
20
0.8611456299212599
11
-1.0048257086614174
21
0.8609387401574803
0
LINE
8
BLACK
6
CONTINUOUS
10
-1.0048257086614174
20
0.8609387401574803
11
-1.0049315354330708
21
0.8609312598425196
0
LINE
8
BLACK
6
CONTINUOUS
10
-1.0049315354330708
20
0.8609312598425196
11
-1.0050295275590551
21
0.8608906299212599
0
LINE
8
BLACK
6
CONTINUOUS
10
-1.0050295275590551
20
0.8608906299212599
11
-1.0056055905511811
21
0.8608338976377953
0
LINE
8
BLACK
6
CONTINUOUS
10
-1.0056055905511811
20
0.8608338976377953
11
-1.0149794094488189
21
0.8608338976377953
0
LINE
8
BLACK
6
CONTINUOUS
10
-1.0149794094488189
20
0.8608338976377953
11
-1.0155554724409448
21
0.8608906299212599
0
LINE
8
BLACK
6
CONTINUOUS
10
-1.0155554724409448
20
0.8608906299212599
11
-1.0156534645669291
21
0.860931220472441
0
LINE
8
BLACK
6
CONTINUOUS
10
-1.0156534645669291
20
0.860931220472441
11
-1.0157593307086614
21
0.8609387401574803
0
LINE
8
BLACK
6
CONTINUOUS
10
-1.0157593307086614
20
0.8609387401574803
11
-1.0162999212598425
21
0.8611456299212599
0
LINE
8
BLACK
6
CONTINUOUS
10
-1.0162999212598425
20
0.8611456299212599
11
-1.0200494488188976
21
0.8630203937007874
0
LINE
8
BLACK
6
CONTINUOUS
10
-1.0200494488188976
20
0.8630203937007874
11
-1.0202974803149607
21
0.8631764960629921
0
LINE
8
BLACK
6
CONTINUOUS
10
-1.0202974803149607
20
0.8631764960629921
11
-1.0203694094488189
21
0.8632062992125984
0
LINE
8
BLACK
6
CONTINUOUS
10
-1.0203694094488189
20
0.8632062992125984
11
-1.0204503937007874
21
0.8632727559055118
0
LINE
8
BLACK
6
CONTINUOUS
10
-1.0204503937007874
20
0.8632727559055118
11
-1.0205393307086614
21
0.8633287401574803
0
LINE
8
BLACK
6
CONTINUOUS
10
-1.0205393307086614
20
0.8633287401574803
11
-1.0205905511811024
21
0.8633877952755905
0
LINE
8
BLACK
6
CONTINUOUS
10
-1.0205905511811024
20
0.8633877952755905
11
-1.0208168897637795
21
0.8635735433070866
0
LINE
8
BLACK
6
CONTINUOUS
10
-1.0208168897637795
20
0.8635735433070866
11
-1.022691653543307
21
0.8654483464566929
0
LINE
8
BLACK
6
CONTINUOUS
10
-1.022691653543307
20
0.8654483464566929
11
-1.0228774015748032
21
0.8656746850393701
0
LINE
8
BLACK
6
CONTINUOUS
10
-1.0228774015748032
20
0.8656746850393701
11
-1.0229363779527558
21
0.8657258267716536
0
LINE
8
BLACK
6
CONTINUOUS
10
-1.0229363779527558
20
0.8657258267716536
11
-1.0229923622047243
21
0.8658147637795275
0
LINE
8
BLACK
6
CONTINUOUS
10
-1.0229923622047243
20
0.8658147637795275
11
-1.0230588582677165
21
0.8658957874015748
0
LINE
8
BLACK
6
CONTINUOUS
10
-1.0230588582677165
20
0.8658957874015748
11
-1.0230887007874017
21
0.8659678346456693
0
LINE
8
BLACK
6
CONTINUOUS
10
-1.0230887007874017
20
0.8659678346456693
11
-1.0232447244094487
21
0.8662157086614173
0
LINE
8
BLACK
6
CONTINUOUS
10
-1.0232447244094487
20
0.8662157086614173
11
-1.0251194881889762
21
0.8699652362204724
0
LINE
8
BLACK
6
CONTINUOUS
10
-1.0251194881889762
20
0.8699652362204724
11
-1.0253263779527559
21
0.8705058661417323
0
LINE
8
BLACK
6
CONTINUOUS
10
-1.0253263779527559
20
0.8705058661417323
11
-1.0253338976377953
21
0.8706116929133858
0
LINE
8
BLACK
6
CONTINUOUS
10
-1.0253338976377953
20
0.8706116929133858
11
-1.0253744881889764
21
0.8707096850393701
0
LINE
8
BLACK
6
CONTINUOUS
10
-1.0253744881889764
20
0.8707096850393701
11
-1.025431220472441
21
0.8712857480314961
0
LINE
8
BLACK
6
CONTINUOUS
10
-1.025431220472441
20
0.8712857480314961
11
-1.025431220472441
21
0.8806595669291338
0
LINE
8
BLACK
6
CONTINUOUS
10
-1.025431220472441
20
0.8806595669291338
11
-1.0253744881889764
21
0.8812356299212598
0
LINE
8
BLACK
6
CONTINUOUS
10
-1.0253744881889764
20
0.8812356299212598
11
-1.0253338976377953
21
0.8813336614173228
0
LINE
8
BLACK
6
CONTINUOUS
10
-1.0253338976377953
20
0.8813336614173228
11
-1.0253263779527559
21
0.8814394488188976
0
LINE
8
BLACK
6
CONTINUOUS
10
-1.0253263779527559
20
0.8814394488188976
11
-1.0251194881889762
21
0.8819800787401575
0
LINE
8
BLACK
6
CONTINUOUS
10
-1.0251194881889762
20
0.8819800787401575
11
-1.0232447244094487
21
0.8857296062992126
0
LINE
8
BLACK
6
CONTINUOUS
10
-1.0232447244094487
20
0.8857296062992126
11
-1.0230886614173229
21
0.8859776377952756
0
LINE
8
BLACK
6
CONTINUOUS
10
-1.0230886614173229
20
0.8859776377952756
11
-1.0230588188976377
21
0.8860495669291338
0
LINE
8
BLACK
6
CONTINUOUS
10
-1.0230588188976377
20
0.8860495669291338
11
-1.0229923622047243
21
0.8861305511811023
0
LINE
8
BLACK
6
CONTINUOUS
10
-1.0229923622047243
20
0.8861305511811023
11
-1.0229363779527558
21
0.8862194881889763
0
LINE
8
BLACK
6
CONTINUOUS
10
-1.0229363779527558
20
0.8862194881889763
11
-1.0228774015748032
21
0.8862706692913386
0
LINE
8
BLACK
6
CONTINUOUS
10
-1.0228774015748032
20
0.8862706692913386
11
-1.0226916141732283
21
0.8864970078740158
0
LINE
8
BLACK
6
CONTINUOUS
10
-1.0226916141732283
20
0.8864970078740158
11
-1.0208168503937007
21
0.8883717716535433
0
LINE
8
BLACK
6
CONTINUOUS
10
-1.0208168503937007
20
0.8883717716535433
11
-1.0205905118110237
21
0.8885575590551181
0
LINE
8
BLACK
6
CONTINUOUS
10
-1.0205905118110237
20
0.8885575590551181
11
-1.0205393307086614
21
0.8886165354330708
0
LINE
8
BLACK
6
CONTINUOUS
10
-1.0205393307086614
20
0.8886165354330708
11
-1.0204503937007874
21
0.8886725196850394
0
LINE
8
BLACK
6
CONTINUOUS
10
-1.0204503937007874
20
0.8886725196850394
11
-1.0203694094488189
21
0.8887389763779527
0
LINE
8
BLACK
6
CONTINUOUS
10
-1.0203694094488189
20
0.8887389763779527
11
-1.0202974803149607
21
0.8887688188976378
0
LINE
8
BLACK
6
CONTINUOUS
10
-1.0202974803149607
20
0.8887688188976378
11
-1.0200494488188976
21
0.8889248818897637
0
LINE
8
BLACK
6
CONTINUOUS
10
-1.0200494488188976
20
0.8889248818897637
11
-1.0162999212598425
21
0.8907996456692914
0
LINE
8
BLACK
6
CONTINUOUS
10
-1.0162999212598425
20
0.8907996456692914
11
-1.0157593307086614
21
0.8910065354330708
0
LINE
8
BLACK
6
CONTINUOUS
10
-1.0157593307086614
20
0.8910065354330708
11
-1.0156534645669291
21
0.8910140944881889
0
LINE
8
BLACK
6
CONTINUOUS
10
-1.0156534645669291
20
0.8910140944881889
11
-1.0155554724409448
21
0.8910546456692913
0
LINE
8
BLACK
6
CONTINUOUS
10
-1.0155554724409448
20
0.8910546456692913
11
-1.0149794094488189
21
0.8911113779527559
0
LINE
8
BLACK
6
CONTINUOUS
10
-1.0149794094488189
20
0.8911113779527559
11
-1.0056055905511811
21
0.8911113779527559
0
LINE
8
BLACK
6
CONTINUOUS
10
-1.0056055905511811
20
0.8911113779527559
11
-1.0050295275590551
21
0.8910546456692913
0
LINE
8
BLACK
6
CONTINUOUS
10
-1.0050295275590551
20
0.8910546456692913
11
-1.0049315354330708
21
0.8910140551181103
0
LINE
8
BLACK
6
CONTINUOUS
10
-1.0049315354330708
20
0.8910140551181103
11
-1.0048257086614174
21
0.8910065354330708
0
LINE
8
BLACK
6
CONTINUOUS
10
-1.0048257086614174
20
0.8910065354330708
11
-1.0042850787401574
21
0.8907996456692914
0
LINE
8
BLACK
6
CONTINUOUS
10
-1.0042850787401574
20
0.8907996456692914
11
-1.0035511811023621
21
0.8904327165354331
0
LINE
8
BLACK
6
CONTINUOUS
10
-1.0035511811023621
20
0.8904327165354331
11
-1.0045282677165355
21
0.9002039763779527
0
LINE
8
BLACK
6
CONTINUOUS
10
-1.0045282677165355
20
0.9002039763779527
11
-1.0206037007874016
21
0.9002039763779527
0
LINE
8
BLACK
6
CONTINUOUS
10
-1.0206037007874016
20
0.9002039763779527
11
-1.0211797637795275
21
0.9002607086614173
0
LINE
8
BLACK
6
CONTINUOUS
10
-1.0211797637795275
20
0.9002607086614173
11
-1.0222441732283465
21
0.9007016141732284
0
LINE
8
BLACK
6
CONTINUOUS
10
-1.0222441732283465
20
0.9007016141732284
11
-1.0230588188976377
21
0.9015162598425197
0
LINE
8
BLACK
6
CONTINUOUS
10
-1.0230588188976377
20
0.9015162598425197
11
-1.0234997244094488
21
0.9025806692913385
0
LINE
8
BLACK
6
CONTINUOUS
10
-1.0234997244094488
20
0.9025806692913385
11
-1.0234997244094488
21
0.9037327952755906
0
LINE
8
BLACK
6
CONTINUOUS
10
-1.0234997244094488
20
0.9037327952755906
11
-1.0230588188976377
21
0.9047972047244094
0
LINE
8
BLACK
6
CONTINUOUS
10
-1.0230588188976377
20
0.9047972047244094
11
-1.0222441732283465
21
0.9056118503937007
0
LINE
8
BLACK
6
CONTINUOUS
10
-1.0222441732283465
20
0.9056118503937007
11
-1.0211797637795275
21
0.9060527559055118
0
LINE
8
BLACK
6
CONTINUOUS
10
-1.0211797637795275
20
0.9060527559055118
11
-1.0206037007874016
21
0.9061094881889764
0
LINE
8
BLACK
6
CONTINUOUS
10
-1.0206037007874016
20
0.9061094881889764
11
-1.001856062992126
21
0.9061094881889764
0
LINE
8
BLACK
6
CONTINUOUS
10
-1.001856062992126
20
0.9061094881889764
11
-1.0016430314960629
21
0.9060885433070865
0
LINE
8
BLACK
6
CONTINUOUS
10
-0.8107682283464567
20
1.6913283858267716
11
-0.8099535433070866
21
1.6905137401574803
0
LINE
8
BLACK
6
CONTINUOUS
10
-0.8099535433070866
20
1.6905137401574803
11
-0.8096970866141732
21
1.6898945275590551
0
LINE
8
BLACK
6
CONTINUOUS
10
-0.8096970866141732
20
1.6898945275590551
11
-0.8095126771653544
21
1.6894493307086613
0
LINE
8
BLACK
6
CONTINUOUS
10
-0.8095126771653544
20
1.6894493307086613
11
-0.8094559448818898
21
1.6888732677165355
0
LINE
8
BLACK
6
CONTINUOUS
10
-0.8094559448818898
20
1.6888732677165355
11
-0.8094559448818898
21
1.6645013385826772
0
LINE
8
BLACK
6
CONTINUOUS
10
-0.8094559448818898
20
1.6645013385826772
11
-0.8095126771653544
21
1.6639252755905511
0
LINE
8
BLACK
6
CONTINUOUS
10
-0.8095126771653544
20
1.6639252755905511
11
-0.8099535826771653
21
1.6628608661417323
0
LINE
8
BLACK
6
CONTINUOUS
10
-0.8099535826771653
20
1.6628608661417323
11
-0.8107682283464567
21
1.6620462204724409
0
LINE
8
BLACK
6
CONTINUOUS
10
-0.8107682283464567
20
1.6620462204724409
11
-0.8118326377952756
21
1.6616053149606298
0
LINE
8
BLACK
6
CONTINUOUS
10
-0.8118326377952756
20
1.6616053149606298
11
-0.8129847637795276
21
1.6616053149606298
0
LINE
8
BLACK
6
CONTINUOUS
10
-0.8129847637795276
20
1.6616053149606298
11
-0.8140491732283465
21
1.6620462204724409
0
LINE
8
BLACK
6
CONTINUOUS
10
-0.8140491732283465
20
1.6620462204724409
11
-0.8148638188976378
21
1.6628608661417323
0
LINE
8
BLACK
6
CONTINUOUS
10
-0.8148638188976378
20
1.6628608661417323
11
-0.8153047244094488
21
1.6639252755905511
0
LINE
8
BLACK
6
CONTINUOUS
10
-0.8153047244094488
20
1.6639252755905511
11
-0.8153614566929134
21
1.6645013385826772
0
LINE
8
BLACK
6
CONTINUOUS
10
-0.8153614566929134
20
1.6645013385826772
11
-0.8153614566929134
21
1.6817447244094488
0
LINE
8
BLACK
6
CONTINUOUS
10
-0.8153614566929134
20
1.6817447244094488
11
-0.8328179921259843
21
1.6642881889763779
0
LINE
8
BLACK
6
CONTINUOUS
10
-0.8328179921259843
20
1.6642881889763779
11
-0.8332654330708661
21
1.6639209842519684
0
LINE
8
BLACK
6
CONTINUOUS
10
-0.8332654330708661
20
1.6639209842519684
11
-0.8333635039370079
21
1.6638803937007873
0
LINE
8
BLACK
6
CONTINUOUS
10
-0.8333635039370079
20
1.6638803937007873
11
-0.8334436220472441
21
1.6638108661417323
0
LINE
8
BLACK
6
CONTINUOUS
10
-0.8334436220472441
20
1.6638108661417323
11
-0.8339721653543307
21
1.6635748818897638
0
LINE
8
BLACK
6
CONTINUOUS
10
-0.8339721653543307
20
1.6635748818897638
11
-0.8395964566929134
21
1.6617001181102362
0
LINE
8
BLACK
6
CONTINUOUS
10
-0.8395964566929134
20
1.6617001181102362
11
-0.8398820472440944
21
1.6616351968503937
0
LINE
8
BLACK
6
CONTINUOUS
10
-0.8398820472440944
20
1.6616351968503937
11
-0.8399541338582677
21
1.6616053149606298
0
LINE
8
BLACK
6
CONTINUOUS
10
-0.8399541338582677
20
1.6616053149606298
11
-0.8400586614173228
21
1.6615950393700787
0
LINE
8
BLACK
6
CONTINUOUS
10
-0.8400586614173228
20
1.6615950393700787
11
-0.840160905511811
21
1.6615717716535432
0
LINE
8
BLACK
6
CONTINUOUS
10
-0.840160905511811
20
1.6615717716535432
11
-0.8402386614173228
21
1.6615773228346455
0
LINE
8
BLACK
6
CONTINUOUS
10
-0.8402386614173228
20
1.6615773228346455
11
-0.8405301968503937
21
1.6615485826771652
0
LINE
8
BLACK
6
CONTINUOUS
10
-0.8405301968503937
20
1.6615485826771652
11
-0.8442797244094488
21
1.6615485826771652
0
LINE
8
BLACK
6
CONTINUOUS
10
-0.8442797244094488
20
1.6615485826771652
11
-0.8448557874015747
21
1.6616053149606298
0
LINE
8
BLACK
6
CONTINUOUS
10
-0.8448557874015747
20
1.6616053149606298
11
-0.844953779527559
21
1.6616459055118109
0
LINE
8
BLACK
6
CONTINUOUS
10
-0.844953779527559
20
1.6616459055118109
11
-0.8450596456692914
21
1.6616534251968504
0
LINE
8
BLACK
6
CONTINUOUS
10
-0.8450596456692914
20
1.6616534251968504
11
-0.8456002362204724
21
1.6618603149606299
0
LINE
8
BLACK
6
CONTINUOUS
10
-0.8456002362204724
20
1.6618603149606299
11
-0.8493497637795275
21
1.6637350787401575
0
LINE
8
BLACK
6
CONTINUOUS
10
-0.8493497637795275
20
1.6637350787401575
11
-0.8495977952755905
21
1.6638911811023622
0
LINE
8
BLACK
6
CONTINUOUS
10
-0.8495977952755905
20
1.6638911811023622
11
-0.8496697244094488
21
1.6639209842519684
0
LINE
8
BLACK
6
CONTINUOUS
10
-0.8496697244094488
20
1.6639209842519684
11
-0.8497507086614173
21
1.6639874803149606
0
LINE
8
BLACK
6
CONTINUOUS
10
-0.8497507086614173
20
1.6639874803149606
11
-0.8498396456692913
21
1.6640434251968503
0
LINE
8
BLACK
6
CONTINUOUS
10
-0.8498396456692913
20
1.6640434251968503
11
-0.8498908267716535
21
1.6641024409448819
0
LINE
8
BLACK
6
CONTINUOUS
10
-0.8498908267716535
20
1.6641024409448819
11
-0.8501171653543307
21
1.6642881889763779
0
LINE
8
BLACK
6
CONTINUOUS
10
-0.8501171653543307
20
1.6642881889763779
11
-0.8519919291338582
21
1.6661629527559054
0
LINE
8
BLACK
6
CONTINUOUS
10
-0.8519919291338582
20
1.6661629527559054
11
-0.8521777165354331
21
1.6663893307086615
0
LINE
8
BLACK
6
CONTINUOUS
10
-0.8521777165354331
20
1.6663893307086615
11
-0.8522366929133858
21
1.666440472440945
0
LINE
8
BLACK
6
CONTINUOUS
10
-0.8522366929133858
20
1.666440472440945
11
-0.8522926771653543
21
1.6665294488188975
0
LINE
8
BLACK
6
CONTINUOUS
10
-0.8522926771653543
20
1.6665294488188975
11
-0.8523591338582677
21
1.6666103937007875
0
LINE
8
BLACK
6
CONTINUOUS
10
-0.8523591338582677
20
1.6666103937007875
11
-0.8523889763779527
21
1.6666823622047244
0
LINE
8
BLACK
6
CONTINUOUS
10
-0.8523889763779527
20
1.6666823622047244
11
-0.8525450393700787
21
1.6669303543307086
0
LINE
8
BLACK
6
CONTINUOUS
10
-0.8525450393700787
20
1.6669303543307086
11
-0.8544198031496063
21
1.6706798818897637
0
LINE
8
BLACK
6
CONTINUOUS
10
-0.8544198031496063
20
1.6706798818897637
11
-0.8546266929133858
21
1.6712205118110235
0
LINE
8
BLACK
6
CONTINUOUS
10
-0.8546266929133858
20
1.6712205118110235
11
-0.8546342125984252
21
1.6713263385826771
0
LINE
8
BLACK
6
CONTINUOUS
10
-0.8546342125984252
20
1.6713263385826771
11
-0.8546748031496063
21
1.6714243307086614
0
LINE
8
BLACK
6
CONTINUOUS
10
-0.8546748031496063
20
1.6714243307086614
11
-0.8547315354330709
21
1.6720003937007875
0
LINE
8
BLACK
6
CONTINUOUS
10
-0.8547315354330709
20
1.6720003937007875
11
-0.8547315354330709
21
1.6813742125984252
0
LINE
8
BLACK
6
CONTINUOUS
10
-0.8547315354330709
20
1.6813742125984252
11
-0.8546748031496063
21
1.6819502755905511
0
LINE
8
BLACK
6
CONTINUOUS
10
-0.8546748031496063
20
1.6819502755905511
11
-0.8546342125984252
21
1.6820483070866141
0
LINE
8
BLACK
6
CONTINUOUS
10
-0.8546342125984252
20
1.6820483070866141
11
-0.8546266929133858
21
1.682154094488189
0
LINE
8
BLACK
6
CONTINUOUS
10
-0.8546266929133858
20
1.682154094488189
11
-0.8544198031496063
21
1.6826947244094488
0
LINE
8
BLACK
6
CONTINUOUS
10
-0.8544198031496063
20
1.6826947244094488
11
-0.8525450393700787
21
1.6864442519685039
0
LINE
8
BLACK
6
CONTINUOUS
10
-0.8525450393700787
20
1.6864442519685039
11
-0.8523889763779527
21
1.6866922834645668
0
LINE
8
BLACK
6
CONTINUOUS
10
-0.8523889763779527
20
1.6866922834645668
11
-0.8523591338582677
21
1.6867642125984252
0
LINE
8
BLACK
6
CONTINUOUS
10
-0.8523591338582677
20
1.6867642125984252
11
-0.8522926771653543
21
1.6868451968503937
0
LINE
8
BLACK
6
CONTINUOUS
10
-0.8522926771653543
20
1.6868451968503937
11
-0.8522366929133858
21
1.6869341338582677
0
LINE
8
BLACK
6
CONTINUOUS
10
-0.8522366929133858
20
1.6869341338582677
11
-0.8521777165354331
21
1.68698531496063
0
LINE
8
BLACK
6
CONTINUOUS
10
-0.8521777165354331
20
1.68698531496063
11
-0.8519919291338582
21
1.687211653543307
0
LINE
8
BLACK
6
CONTINUOUS
10
-0.8519919291338582
20
1.687211653543307
11
-0.8501171653543307
21
1.6890864173228346
0
LINE
8
BLACK
6
CONTINUOUS
10
-0.8501171653543307
20
1.6890864173228346
11
-0.8496697244094488
21
1.689453622047244
0
LINE
8
BLACK
6
CONTINUOUS
10
-0.8496697244094488
20
1.689453622047244
11
-0.8486053149606299
21
1.6898945275590551
0
LINE
8
BLACK
6
CONTINUOUS
10
-0.8486053149606299
20
1.6898945275590551
11
-0.8474532283464566
21
1.6898945275590551
0
LINE
8
BLACK
6
CONTINUOUS
10
-0.8474532283464566
20
1.6898945275590551
11
-0.8463888188976377
21
1.689453622047244
0
LINE
8
BLACK
6
CONTINUOUS
10
-0.8463888188976377
20
1.689453622047244
11
-0.8455741338582677
21
1.688638937007874
0
LINE
8
BLACK
6
CONTINUOUS
10
-0.8455741338582677
20
1.688638937007874
11
-0.8451332283464567
21
1.687574527559055
0
LINE
8
BLACK
6
CONTINUOUS
10
-0.8451332283464567
20
1.687574527559055
11
-0.8451332283464567
21
1.6864224409448818
0
LINE
8
BLACK
6
CONTINUOUS
10
-0.8451332283464567
20
1.6864224409448818
11
-0.8455741338582677
21
1.685358031496063
0
LINE
8
BLACK
6
CONTINUOUS
10
-0.8455741338582677
20
1.685358031496063
11
-0.8459413385826772
21
1.684910590551181
0
LINE
8
BLACK
6
CONTINUOUS
10
-0.8459413385826772
20
1.684910590551181
11
-0.8474772834645669
21
1.6833746456692913
0
LINE
8
BLACK
6
CONTINUOUS
10
-0.8474772834645669
20
1.6833746456692913
11
-0.8488260236220472
21
1.6806771653543306
0
LINE
8
BLACK
6
CONTINUOUS
10
-0.8488260236220472
20
1.6806771653543306
11
-0.8488260236220472
21
1.6726974409448818
0
LINE
8
BLACK
6
CONTINUOUS
10
-0.8488260236220472
20
1.6726974409448818
11
-0.8474772834645669
21
1.6699999606299212
0
LINE
8
BLACK
6
CONTINUOUS
10
-0.8474772834645669
20
1.6699999606299212
11
-0.8462801574803149
21
1.6688028346456694
0
LINE
8
BLACK
6
CONTINUOUS
10
-0.8462801574803149
20
1.6688028346456694
11
-0.8435826771653543
21
1.667454094488189
0
LINE
8
BLACK
6
CONTINUOUS
10
-0.8435826771653543
20
1.667454094488189
11
-0.8410093307086614
21
1.667454094488189
0
LINE
8
BLACK
6
CONTINUOUS
10
-0.8410093307086614
20
1.667454094488189
11
-0.8365009448818898
21
1.6689569291338582
0
LINE
8
BLACK
6
CONTINUOUS
10
-0.8365009448818898
20
1.6689569291338582
11
-0.8144966141732283
21
1.6909611811023622
0
LINE
8
BLACK
6
CONTINUOUS
10
-0.8144966141732283
20
1.6909611811023622
11
-0.8140491732283465
21
1.6913284251968503
0
LINE
8
BLACK
6
CONTINUOUS
10
-0.8140491732283465
20
1.6913284251968503
11
-0.8132965354330709
21
1.6916401968503936
0
LINE
8
BLACK
6
CONTINUOUS
10
-0.8132965354330709
20
1.6916401968503936
11
-0.8129847637795276
21
1.6917692913385827
0
LINE
8
BLACK
6
CONTINUOUS
10
-0.8129847637795276
20
1.6917692913385827
11
-0.8118326377952756
21
1.6917692913385827
0
LINE
8
BLACK
6
CONTINUOUS
10
-0.8118326377952756
20
1.6917692913385827
11
-0.8107682283464567
21
1.6913283858267716
0
LINE
8
BLACK
6
CONTINUOUS
10
-0.8107682283464567
20
1.7213246456692912
11
-0.8099535826771653
21
1.72051
0
LINE
8
BLACK
6
CONTINUOUS
10
-0.8099535826771653
20
1.72051
11
-0.8095126771653544
21
1.719445590551181
0
LINE
8
BLACK
6
CONTINUOUS
10
-0.8095126771653544
20
1.719445590551181
11
-0.8094559448818898
21
1.7188695275590551
0
LINE
8
BLACK
6
CONTINUOUS
10
-0.8094559448818898
20
1.7188695275590551
11
-0.8094559448818898
21
1.71512
0
LINE
8
BLACK
6
CONTINUOUS
10
-0.8094559448818898
20
1.71512
11
-0.8094846850393701
21
1.7148284251968504
0
LINE
8
BLACK
6
CONTINUOUS
10
-0.8094846850393701
20
1.7148284251968504
11
-0.8094791338582678
21
1.7147506692913386
0
LINE
8
BLACK
6
CONTINUOUS
10
-0.8094791338582678
20
1.7147506692913386
11
-0.8095024015748031
21
1.7146484251968503
0
LINE
8
BLACK
6
CONTINUOUS
10
-0.8095024015748031
20
1.7146484251968503
11
-0.8095126771653544
21
1.7145439370078739
0
LINE
8
BLACK
6
CONTINUOUS
10
-0.8095126771653544
20
1.7145439370078739
11
-0.8095425590551181
21
1.7144718897637794
0
LINE
8
BLACK
6
CONTINUOUS
10
-0.8095425590551181
20
1.7144718897637794
11
-0.8096074803149607
21
1.714186220472441
0
LINE
8
BLACK
6
CONTINUOUS
10
-0.8096074803149607
20
1.714186220472441
11
-0.8114822440944882
21
1.708561968503937
0
LINE
8
BLACK
6
CONTINUOUS
10
-0.8114822440944882
20
1.708561968503937
11
-0.8117182283464567
21
1.7080333858267716
0
LINE
8
BLACK
6
CONTINUOUS
10
-0.8117182283464567
20
1.7080333858267716
11
-0.811787716535433
21
1.7079533070866142
0
LINE
8
BLACK
6
CONTINUOUS
10
-0.811787716535433
20
1.7079533070866142
11
-0.8118283070866141
21
1.7078552362204724
0
LINE
8
BLACK
6
CONTINUOUS
10
-0.8118283070866141
20
1.7078552362204724
11
-0.8121955511811023
21
1.7074077952755906
0
LINE
8
BLACK
6
CONTINUOUS
10
-0.8121955511811023
20
1.7074077952755906
11
-0.8159451181102362
21
1.7036582677165355
0
LINE
8
BLACK
6
CONTINUOUS
10
-0.8159451181102362
20
1.7036582677165355
11
-0.8163925984251968
21
1.7032910236220471
0
LINE
8
BLACK
6
CONTINUOUS
10
-0.8163925984251968
20
1.7032910236220471
11
-0.8164906692913385
21
1.7032504330708662
0
LINE
8
BLACK
6
CONTINUOUS
10
-0.8164906692913385
20
1.7032504330708662
11
-0.8165707480314961
21
1.7031809448818898
0
LINE
8
BLACK
6
CONTINUOUS
10
-0.8165707480314961
20
1.7031809448818898
11
-0.8170992913385826
21
1.7029449606299212
0
LINE
8
BLACK
6
CONTINUOUS
10
-0.8170992913385826
20
1.7029449606299212
11
-0.8227235826771654
21
1.7010701968503936
0
LINE
8
BLACK
6
CONTINUOUS
10
-0.8227235826771654
20
1.7010701968503936
11
-0.8230091732283464
21
1.7010052755905511
0
LINE
8
BLACK
6
CONTINUOUS
10
-0.8230091732283464
20
1.7010052755905511
11
-0.8230812598425197
21
1.7009753937007874
0
LINE
8
BLACK
6
CONTINUOUS
10
-0.8230812598425197
20
1.7009753937007874
11
-0.8231857874015748
21
1.7009651181102361
0
LINE
8
BLACK
6
CONTINUOUS
10
-0.8231857874015748
20
1.7009651181102361
11
-0.823288031496063
21
1.7009418503937008
0
LINE
8
BLACK
6
CONTINUOUS
10
-0.823288031496063
20
1.7009418503937008
11
-0.8233657874015747
21
1.7009474015748032
0
LINE
8
BLACK
6
CONTINUOUS
10
-0.8233657874015747
20
1.7009474015748032
11
-0.8236573228346457
21
1.7009186614173228
0
LINE
8
BLACK
6
CONTINUOUS
10
-0.8236573228346457
20
1.7009186614173228
11
-0.851778779527559
21
1.7009186614173228
0
LINE
8
BLACK
6
CONTINUOUS
10
-0.851778779527559
20
1.7009186614173228
11
-0.8523548425196851
21
1.7009753937007874
0
LINE
8
BLACK
6
CONTINUOUS
10
-0.8523548425196851
20
1.7009753937007874
11
-0.8534192519685039
21
1.7014162992125983
0
LINE
8
BLACK
6
CONTINUOUS
10
-0.8534192519685039
20
1.7014162992125983
11
-0.8542338976377952
21
1.7022309448818898
0
LINE
8
BLACK
6
CONTINUOUS
10
-0.8542338976377952
20
1.7022309448818898
11
-0.8546748031496063
21
1.7032953543307086
0
LINE
8
BLACK
6
CONTINUOUS
10
-0.8546748031496063
20
1.7032953543307086
11
-0.8546748031496063
21
1.7044474803149605
0
LINE
8
BLACK
6
CONTINUOUS
10
-0.8546748031496063
20
1.7044474803149605
11
-0.8542338976377952
21
1.7055118897637795
0
LINE
8
BLACK
6
CONTINUOUS
10
-0.8542338976377952
20
1.7055118897637795
11
-0.8534192519685039
21
1.7063265354330708
0
LINE
8
BLACK
6
CONTINUOUS
10
-0.8534192519685039
20
1.7063265354330708
11
-0.8523548425196851
21
1.7067674409448819
0
LINE
8
BLACK
6
CONTINUOUS
10
-0.8523548425196851
20
1.7067674409448819
11
-0.851778779527559
21
1.7068241732283465
0
LINE
8
BLACK
6
CONTINUOUS
10
-0.851778779527559
20
1.7068241732283465
11
-0.8241364566929134
21
1.7068241732283465
0
LINE
8
BLACK
6
CONTINUOUS
10
-0.8241364566929134
20
1.7068241732283465
11
-0.8196280708661418
21
1.7083270078740158
0
LINE
8
BLACK
6
CONTINUOUS
10
-0.8196280708661418
20
1.7083270078740158
11
-0.8168642519685039
21
1.7110907874015748
0
LINE
8
BLACK
6
CONTINUOUS
10
-0.8168642519685039
20
1.7110907874015748
11
-0.8153614566929134
21
1.7155991338582677
0
LINE
8
BLACK
6
CONTINUOUS
10
-0.8153614566929134
20
1.7155991338582677
11
-0.8153614566929134
21
1.7188695275590551
0
LINE
8
BLACK
6
CONTINUOUS
10
-0.8153614566929134
20
1.7188695275590551
11
-0.8153047244094488
21
1.719445590551181
0
LINE
8
BLACK
6
CONTINUOUS
10
-0.8153047244094488
20
1.719445590551181
11
-0.8148638188976378
21
1.72051
0
LINE
8
BLACK
6
CONTINUOUS
10
-0.8148638188976378
20
1.72051
11
-0.8140491732283465
21
1.7213246456692912
0
LINE
8
BLACK
6
CONTINUOUS
10
-0.8140491732283465
20
1.7213246456692912
11
-0.8129847637795276
21
1.7217655511811023
0
LINE
8
BLACK
6
CONTINUOUS
10
-0.8129847637795276
20
1.7217655511811023
11
-0.8118326377952756
21
1.7217655511811023
0
LINE
8
BLACK
6
CONTINUOUS
10
-0.8118326377952756
20
1.7217655511811023
11
-0.8107682283464567
21
1.7213246456692912
0
LINE
8
BLACK
6
CONTINUOUS
10
-0.729561653543307
20
2.4425666929133856
11
-0.7284962992125984
21
2.4415013385826771
0
LINE
8
BLACK
6
CONTINUOUS
10
-0.7284962992125984
20
2.4415013385826771
11
-0.7283464566929134
21
2.4407480314960628
0
LINE
8
BLACK
6
CONTINUOUS
10
-0.7283464566929134
20
2.4407480314960628
11
-0.7283464566929134
21
0.940748031496063
0
LINE
8
BLACK
6
CONTINUOUS
10
-0.7283464566929134
20
0.940748031496063
11
-0.7284962992125984
21
0.9399947244094488
0
LINE
8
BLACK
6
CONTINUOUS
10
-0.7284962992125984
20
0.9399947244094488
11
-0.729561653543307
21
0.9389293700787401
0
LINE
8
BLACK
6
CONTINUOUS
10
-0.729561653543307
20
0.9389293700787401
11
-0.7303149606299213
21
0.9387795275590551
0
LINE
8
BLACK
6
CONTINUOUS
10
-0.7303149606299213
20
0.9387795275590551
11
-0.9303149606299213
21
0.9387795275590551
0
LINE
8
BLACK
6
CONTINUOUS
10
-0.9303149606299213
20
0.9387795275590551
11
-0.9310682677165354
21
0.9389293700787401
0
LINE
8
BLACK
6
CONTINUOUS
10
-0.9310682677165354
20
0.9389293700787401
11
-0.932133622047244
21
0.9399947244094488
0
LINE
8
BLACK
6
CONTINUOUS
10
-0.932133622047244
20
0.9399947244094488
11
-0.9322834645669291
21
0.940748031496063
0
LINE
8
BLACK
6
CONTINUOUS
10
-0.9322834645669291
20
0.940748031496063
11
-0.9322834645669291
21
2.4013779527559054
0
LINE
8
BLACK
6
CONTINUOUS
10
-0.9322834645669291
20
2.4013779527559054
11
-0.932133622047244
21
2.4021312598425197
0
LINE
8
BLACK
6
CONTINUOUS
10
-0.932133622047244
20
2.4021312598425197
11
-0.9317068897637795
21
2.4027698818897636
0
LINE
8
BLACK
6
CONTINUOUS
10
-0.9317068897637795
20
2.4027698818897636
11
-0.8923368110236221
21
2.4421399999999998
0
LINE
8
BLACK
6
CONTINUOUS
10
-0.8923368110236221
20
2.4421399999999998
11
-0.891698188976378
21
2.4425666929133856
0
LINE
8
BLACK
6
CONTINUOUS
10
-0.891698188976378
20
2.4425666929133856
11
-0.8909448818897637
21
2.4427165354330707
0
LINE
8
BLACK
6
CONTINUOUS
10
-0.8909448818897637
20
2.4427165354330707
11
-0.7303149606299213
21
2.4427165354330707
0
LINE
8
BLACK
6
CONTINUOUS
10
-0.7303149606299213
20
2.4427165354330707
11
-0.729561653543307
21
2.4425666929133856
0
LINE
8
BLACK
6
CONTINUOUS
10
-0.8901294881889763
20
2.4387795275590549
11
-0.9283464566929134
21
2.4005625984251968
0
LINE
8
BLACK
6
CONTINUOUS
10
-0.9283464566929134
20
2.4005625984251968
11
-0.9283464566929134
21
0.9427165354330709
0
LINE
8
BLACK
6
CONTINUOUS
10
-0.9283464566929134
20
0.9427165354330709
11
-0.7322834645669292
21
0.9427165354330709
0
LINE
8
BLACK
6
CONTINUOUS
10
-0.7322834645669292
20
0.9427165354330709
11
-0.7322834645669292
21
2.4387795275590549
0
LINE
8
BLACK
6
CONTINUOUS
10
-0.7322834645669292
20
2.4387795275590549
11
-0.8901294881889763
21
2.4387795275590549
0
LINE
8
BLACK
6
CONTINUOUS
10
-0.5789082283464567
20
2.5435330708661419
11
-0.578618937007874
21
2.5435330708661419
0
LINE
8
BLACK
6
CONTINUOUS
10
-0.578618937007874
20
2.5435330708661419
11
-0.5783488582677165
21
2.5434212204724407
0
LINE
8
BLACK
6
CONTINUOUS
10
-0.5783488582677165
20
2.5434212204724407
11
-0.5780622047244094
21
2.5433638582677163
0
LINE
8
BLACK
6
CONTINUOUS
10
-0.5780622047244094
20
2.5433638582677163
11
-0.5778218503937008
21
2.5432029133858269
0
LINE
8
BLACK
6
CONTINUOUS
10
-0.5778218503937008
20
2.5432029133858269
11
-0.5775545275590551
21
2.5430921653543308
0
LINE
8
BLACK
6
CONTINUOUS
10
-0.5775545275590551
20
2.5430921653543308
11
-0.5773478346456693
21
2.5428854724409446
0
LINE
8
BLACK
6
CONTINUOUS
10
-0.5773478346456693
20
2.5428854724409446
11
-0.5771049212598425
21
2.5427227952755906
0
LINE
8
BLACK
6
CONTINUOUS
10
-0.5771049212598425
20
2.5427227952755906
11
-0.5767419291338582
21
2.5422795669291336
0
LINE
8
BLACK
6
CONTINUOUS
10
-0.5767419291338582
20
2.5422795669291336
11
-0.5767398818897638
21
2.5422775196850393
0
LINE
8
BLACK
6
CONTINUOUS
10
-0.5767398818897638
20
2.5422775196850393
11
-0.5767395275590551
21
2.5422766535433072
0
LINE
8
BLACK
6
CONTINUOUS
10
-0.5767395275590551
20
2.5422766535433072
11
-0.5767381496062992
21
2.5422749606299213
0
LINE
8
BLACK
6
CONTINUOUS
10
-0.5767381496062992
20
2.5422749606299213
11
-0.5731508267716535
21
2.536893937007874
0
LINE
8
BLACK
6
CONTINUOUS
10
-0.5731508267716535
20
2.536893937007874
11
-0.5699468503937007
21
2.5336899606299212
0
LINE
8
BLACK
6
CONTINUOUS
10
-0.5699468503937007
20
2.5336899606299212
11
-0.566625905511811
21
2.5320294881889764
0
LINE
8
BLACK
6
CONTINUOUS
10
-0.566625905511811
20
2.5320294881889764
11
-0.5661360236220472
21
2.5317211417322834
0
LINE
8
BLACK
6
CONTINUOUS
10
-0.5661360236220472
20
2.5317211417322834
11
-0.5653811811023622
21
2.5308507480314959
0
LINE
8
BLACK
6
CONTINUOUS
10
-0.5653811811023622
20
2.5308507480314959
11
-0.5650168503937008
21
2.5297577952755903
0
LINE
8
BLACK
6
CONTINUOUS
10
-0.5650168503937008
20
2.5297577952755903
11
-0.5650985039370079
21
2.5286085826771654
0
LINE
8
BLACK
6
CONTINUOUS
10
-0.5650985039370079
20
2.5286085826771654
11
-0.5656137795275591
21
2.5275780708661415
0
LINE
8
BLACK
6
CONTINUOUS
10
-0.5656137795275591
20
2.5275780708661415
11
-0.5664841338582677
21
2.5268232283464567
0
LINE
8
BLACK
6
CONTINUOUS
10
-0.5664841338582677
20
2.5268232283464567
11
-0.5675771259842519
21
2.5264588976377951
0
LINE
8
BLACK
6
CONTINUOUS
10
-0.5675771259842519
20
2.5264588976377951
11
-0.5687263385826772
21
2.5265405511811023
0
LINE
8
BLACK
6
CONTINUOUS
10
-0.5687263385826772
20
2.5265405511811023
11
-0.5692669291338582
21
2.5267474409448818
0
LINE
8
BLACK
6
CONTINUOUS
10
-0.5692669291338582
20
2.5267474409448818
11
-0.5730164566929133
21
2.5286222047244094
0
LINE
8
BLACK
6
CONTINUOUS
10
-0.5730164566929133
20
2.5286222047244094
11
-0.5732642913385827
21
2.5287782283464568
0
LINE
8
BLACK
6
CONTINUOUS
10
-0.5732642913385827
20
2.5287782283464568
11
-0.5733364173228346
21
2.5288080708661416
0
LINE
8
BLACK
6
CONTINUOUS
10
-0.5733364173228346
20
2.5288080708661416
11
-0.5734175984251968
21
2.5288746850393702
0
LINE
8
BLACK
6
CONTINUOUS
10
-0.5734175984251968
20
2.5288746850393702
11
-0.5735063385826772
21
2.5289305511811024
0
LINE
8
BLACK
6
CONTINUOUS
10
-0.5735063385826772
20
2.5289305511811024
11
-0.5735574803149606
21
2.5289894881889765
0
LINE
8
BLACK
6
CONTINUOUS
10
-0.5735574803149606
20
2.5289894881889765
11
-0.5737838582677165
21
2.52917531496063
0
LINE
8
BLACK
6
CONTINUOUS
10
-0.5737838582677165
20
2.52917531496063
11
-0.5762422440944882
21
2.5316337007874017
0
LINE
8
BLACK
6
CONTINUOUS
10
-0.5762422440944882
20
2.5316337007874017
11
-0.5762422440944882
21
2.5042197244094488
0
LINE
8
BLACK
6
CONTINUOUS
10
-0.5762422440944882
20
2.5042197244094488
11
-0.5679464173228347
21
2.5042197244094488
0
LINE
8
BLACK
6
CONTINUOUS
10
-0.5679464173228347
20
2.5042197244094488
11
-0.5673703543307087
21
2.504162992125984
0
LINE
8
BLACK
6
CONTINUOUS
10
-0.5673703543307087
20
2.504162992125984
11
-0.5663059448818898
21
2.5037220866141734
0
LINE
8
BLACK
6
CONTINUOUS
10
-0.5663059448818898
20
2.5037220866141734
11
-0.5654912992125984
21
2.5029074409448819
0
LINE
8
BLACK
6
CONTINUOUS
10
-0.5654912992125984
20
2.5029074409448819
11
-0.5650503937007874
21
2.5018430314960631
0
LINE
8
BLACK
6
CONTINUOUS
10
-0.5650503937007874
20
2.5018430314960631
11
-0.5650503937007874
21
2.5006909055118109
0
LINE
8
BLACK
6
CONTINUOUS
10
-0.5650503937007874
20
2.5006909055118109
11
-0.5654912992125984
21
2.4996264960629921
0
LINE
8
BLACK
6
CONTINUOUS
10
-0.5654912992125984
20
2.4996264960629921
11
-0.5663059448818898
21
2.4988118503937007
0
LINE
8
BLACK
6
CONTINUOUS
10
-0.5663059448818898
20
2.4988118503937007
11
-0.5673703543307087
21
2.4983709448818896
0
LINE
8
BLACK
6
CONTINUOUS
10
-0.5673703543307087
20
2.4983709448818896
11
-0.5679464173228347
21
2.4983142125984252
0
LINE
8
BLACK
6
CONTINUOUS
10
-0.5679464173228347
20
2.4983142125984252
11
-0.5904435826771653
21
2.4983142125984252
0
LINE
8
BLACK
6
CONTINUOUS
10
-0.5904435826771653
20
2.4983142125984252
11
-0.5910196456692913
21
2.4983709448818896
0
LINE
8
BLACK
6
CONTINUOUS
10
-0.5910196456692913
20
2.4983709448818896
11
-0.5920840551181102
21
2.4988118503937007
0
LINE
8
BLACK
6
CONTINUOUS
10
-0.5920840551181102
20
2.4988118503937007
11
-0.5928987007874016
21
2.4996264960629921
0
LINE
8
BLACK
6
CONTINUOUS
10
-0.5928987007874016
20
2.4996264960629921
11
-0.5933396062992126
21
2.5006909055118109
0
LINE
8
BLACK
6
CONTINUOUS
10
-0.5933396062992126
20
2.5006909055118109
11
-0.5933396062992126
21
2.5018430314960631
0
LINE
8
BLACK
6
CONTINUOUS
10
-0.5933396062992126
20
2.5018430314960631
11
-0.5928987007874016
21
2.5029074409448819
0
LINE
8
BLACK
6
CONTINUOUS
10
-0.5928987007874016
20
2.5029074409448819
11
-0.5920840551181102
21
2.5037220866141734
0
LINE
8
BLACK
6
CONTINUOUS
10
-0.5920840551181102
20
2.5037220866141734
11
-0.5910196456692913
21
2.504162992125984
0
LINE
8
BLACK
6
CONTINUOUS
10
-0.5910196456692913
20
2.504162992125984
11
-0.5904435826771653
21
2.5042197244094488
0
LINE
8
BLACK
6
CONTINUOUS
10
-0.5904435826771653
20
2.5042197244094488
11
-0.5821477559055118
21
2.5042197244094488
0
LINE
8
BLACK
6
CONTINUOUS
10
-0.5821477559055118
20
2.5042197244094488
11
-0.5821477559055118
21
2.5406370472440942
0
LINE
8
BLACK
6
CONTINUOUS
10
-0.5821477559055118
20
2.5406370472440942
11
-0.5821475590551181
21
2.5406391338582677
0
LINE
8
BLACK
6
CONTINUOUS
10
-0.5821475590551181
20
2.5406391338582677
11
-0.5821477559055118
21
2.5406401574803148
0
LINE
8
BLACK
6
CONTINUOUS
10
-0.5821477559055118
20
2.5406401574803148
11
-0.5821471653543306
21
2.5406431889763779
0
LINE
8
BLACK
6
CONTINUOUS
10
-0.5821471653543306
20
2.5406431889763779
11
-0.5820910236220472
21
2.5412131102362205
0
LINE
8
BLACK
6
CONTINUOUS
10
-0.5820910236220472
20
2.5412131102362205
11
-0.5819791732283465
21
2.5414832283464568
0
LINE
8
BLACK
6
CONTINUOUS
10
-0.5819791732283465
20
2.5414832283464568
11
-0.5819218110236221
21
2.5417698425196851
0
LINE
8
BLACK
6
CONTINUOUS
10
-0.5819218110236221
20
2.5417698425196851
11
-0.5817608661417323
21
2.5420102362204724
0
LINE
8
BLACK
6
CONTINUOUS
10
-0.5817608661417323
20
2.5420102362204724
11
-0.5816501181102363
21
2.5422775196850393
0
LINE
8
BLACK
6
CONTINUOUS
10
-0.5816501181102363
20
2.5422775196850393
11
-0.5814434251968503
21
2.5424842519685038
0
LINE
8
BLACK
6
CONTINUOUS
10
-0.5814434251968503
20
2.5424842519685038
11
-0.5812807480314961
21
2.5427271259842521
0
LINE
8
BLACK
6
CONTINUOUS
10
-0.5812807480314961
20
2.5427271259842521
11
-0.5810400393700788
21
2.5428876377952756
0
LINE
8
BLACK
6
CONTINUOUS
10
-0.5810400393700788
20
2.5428876377952756
11
-0.5808354724409449
21
2.5430921653543308
0
LINE
8
BLACK
6
CONTINUOUS
10
-0.5808354724409449
20
2.5430921653543308
11
-0.5805653937007874
21
2.5432040551181103
0
LINE
8
BLACK
6
CONTINUOUS
10
-0.5805653937007874
20
2.5432040551181103
11
-0.5803221259842519
21
2.543366220472441
0
LINE
8
BLACK
6
CONTINUOUS
10
-0.5803221259842519
20
2.543366220472441
11
-0.5800383464566929
21
2.5434223622047245
0
LINE
8
BLACK
6
CONTINUOUS
10
-0.5800383464566929
20
2.5434223622047245
11
-0.579771062992126
21
2.5435330708661419
0
LINE
8
BLACK
6
CONTINUOUS
10
-0.579771062992126
20
2.5435330708661419
11
-0.5794786614173228
21
2.5435330708661419
0
LINE
8
BLACK
6
CONTINUOUS
10
-0.5794786614173228
20
2.5435330708661419
11
-0.5791918897637796
21
2.5435898031496063
0
LINE
8
BLACK
6
CONTINUOUS
10
-0.5791918897637796
20
2.5435898031496063
11
-0.5789082283464567
21
2.5435330708661419
0
LINE
8
BLACK
6
CONTINUOUS
10
-0.2079946456692913
20
2.5435330708661419
11
-0.2078966535433071
21
2.5434924803149608
0
LINE
8
BLACK
6
CONTINUOUS
10
-0.2078966535433071
20
2.5434924803149608
11
-0.2077908267716535
21
2.5434849606299212
0
LINE
8
BLACK
6
CONTINUOUS
10
-0.2077908267716535
20
2.5434849606299212
11
-0.2072501968503937
21
2.5432780708661418
0
LINE
8
BLACK
6
CONTINUOUS
10
-0.2072501968503937
20
2.5432780708661418
11
-0.2035006692913386
21
2.5414033070866142
0
LINE
8
BLACK
6
CONTINUOUS
10
-0.2035006692913386
20
2.5414033070866142
11
-0.2032526771653543
21
2.541247244094488
0
LINE
8
BLACK
6
CONTINUOUS
10
-0.2032526771653543
20
2.541247244094488
11
-0.2031807086614173
21
2.5412174015748032
0
LINE
8
BLACK
6
CONTINUOUS
10
-0.2031807086614173
20
2.5412174015748032
11
-0.2030997637795275
21
2.5411509448818896
0
LINE
8
BLACK
6
CONTINUOUS
10
-0.2030997637795275
20
2.5411509448818896
11
-0.2030107874015748
21
2.5410949606299211
0
LINE
8
BLACK
6
CONTINUOUS
10
-0.2030107874015748
20
2.5410949606299211
11
-0.2029596456692913
21
2.5410359842519683
0
LINE
8
BLACK
6
CONTINUOUS
10
-0.2029596456692913
20
2.5410359842519683
11
-0.2027332677165354
21
2.5408501968503936
0
LINE
8
BLACK
6
CONTINUOUS
10
-0.2027332677165354
20
2.5408501968503936
11
-0.2008585039370079
21
2.538975433070866
0
LINE
8
BLACK
6
CONTINUOUS
10
-0.2008585039370079
20
2.538975433070866
11
-0.2004912992125984
21
2.5385279921259842
0
LINE
8
BLACK
6
CONTINUOUS
10
-0.2004912992125984
20
2.5385279921259842
11
-0.2000503937007874
21
2.5374635826771654
0
LINE
8
BLACK
6
CONTINUOUS
10
-0.2000503937007874
20
2.5374635826771654
11
-0.2000503937007874
21
2.536311496062992
0
LINE
8
BLACK
6
CONTINUOUS
10
-0.2000503937007874
20
2.536311496062992
11
-0.2004912992125984
21
2.5352470866141732
0
LINE
8
BLACK
6
CONTINUOUS
10
-0.2004912992125984
20
2.5352470866141732
11
-0.2013059842519685
21
2.534432401574803
0
LINE
8
BLACK
6
CONTINUOUS
10
-0.2013059842519685
20
2.534432401574803
11
-0.2023703937007874
21
2.5339914960629919
0
LINE
8
BLACK
6
CONTINUOUS
10
-0.2023703937007874
20
2.5339914960629919
11
-0.2035224803149606
21
2.5339914960629919
0
LINE
8
BLACK
6
CONTINUOUS
10
-0.2035224803149606
20
2.5339914960629919
11
-0.2045868897637795
21
2.534432401574803
0
LINE
8
BLACK
6
CONTINUOUS
10
-0.2045868897637795
20
2.534432401574803
11
-0.2050343307086614
21
2.5347996062992126
0
LINE
8
BLACK
6
CONTINUOUS
10
-0.2050343307086614
20
2.5347996062992126
11
-0.2065702755905512
21
2.5363355511811023
0
LINE
8
BLACK
6
CONTINUOUS
10
-0.2065702755905512
20
2.5363355511811023
11
-0.2092677559055118
21
2.5376842913385826
0
LINE
8
BLACK
6
CONTINUOUS
10
-0.2092677559055118
20
2.5376842913385826
11
-0.2172474803149606
21
2.5376842913385826
0
LINE
8
BLACK
6
CONTINUOUS
10
-0.2172474803149606
20
2.5376842913385826
11
-0.2199449606299212
21
2.5363355511811023
0
LINE
8
BLACK
6
CONTINUOUS
10
-0.2199449606299212
20
2.5363355511811023
11
-0.2211420866141732
21
2.5351384251968505
0
LINE
8
BLACK
6
CONTINUOUS
10
-0.2211420866141732
20
2.5351384251968505
11
-0.2224908267716535
21
2.5324409448818899
0
LINE
8
BLACK
6
CONTINUOUS
10
-0.2224908267716535
20
2.5324409448818899
11
-0.2224908267716535
21
2.5298676377952756
0
LINE
8
BLACK
6
CONTINUOUS
10
-0.2224908267716535
20
2.5298676377952756
11
-0.220988031496063
21
2.525359212598425
0
LINE
8
BLACK
6
CONTINUOUS
10
-0.220988031496063
20
2.525359212598425
11
-0.1989837401574803
21
2.5033548818897637
0
LINE
8
BLACK
6
CONTINUOUS
10
-0.1989837401574803
20
2.5033548818897637
11
-0.1986164960629921
21
2.5029074409448819
0
LINE
8
BLACK
6
CONTINUOUS
10
-0.1986164960629921
20
2.5029074409448819
11
-0.1981756299212598
21
2.5018429921259844
0
LINE
8
BLACK
6
CONTINUOUS
10
-0.1981756299212598
20
2.5018429921259844
11
-0.1981756299212598
21
2.5006909055118109
0
LINE
8
BLACK
6
CONTINUOUS
10
-0.1981756299212598
20
2.5006909055118109
11
-0.1986165354330709
21
2.4996264960629921
0
LINE
8
BLACK
6
CONTINUOUS
10
-0.1986165354330709
20
2.4996264960629921
11
-0.1994311811023622
21
2.4988118110236219
0
LINE
8
BLACK
6
CONTINUOUS
10
-0.1994311811023622
20
2.4988118110236219
11
-0.2001838582677165
21
2.4985000787401574
0
LINE
8
BLACK
6
CONTINUOUS
10
-0.2001838582677165
20
2.4985000787401574
11
-0.2004955905511811
21
2.4983709448818896
0
LINE
8
BLACK
6
CONTINUOUS
10
-0.2004955905511811
20
2.4983709448818896
11
-0.2010716535433071
21
2.4983142125984252
0
LINE
8
BLACK
6
CONTINUOUS
10
-0.2010716535433071
20
2.4983142125984252
11
-0.2254435826771654
21
2.4983142125984252
0
LINE
8
BLACK
6
CONTINUOUS
10
-0.2254435826771654
20
2.4983142125984252
11
-0.2260196456692913
21
2.4983709448818896
0
LINE
8
BLACK
6
CONTINUOUS
10
-0.2260196456692913
20
2.4983709448818896
11
-0.2270840551181102
21
2.4988118503937007
0
LINE
8
BLACK
6
CONTINUOUS
10
-0.2270840551181102
20
2.4988118503937007
11
-0.2278987007874016
21
2.4996264960629921
0
LINE
8
BLACK
6
CONTINUOUS
10
-0.2278987007874016
20
2.4996264960629921
11
-0.2283396062992126
21
2.5006909055118109
0
LINE
8
BLACK
6
CONTINUOUS
10
-0.2283396062992126
20
2.5006909055118109
11
-0.2283396062992126
21
2.5018430314960631
0
LINE
8
BLACK
6
CONTINUOUS
10
-0.2283396062992126
20
2.5018430314960631
11
-0.2278987007874016
21
2.5029074409448819
0
LINE
8
BLACK
6
CONTINUOUS
10
-0.2278987007874016
20
2.5029074409448819
11
-0.2270840551181102
21
2.5037220866141734
0
LINE
8
BLACK
6
CONTINUOUS
10
-0.2270840551181102
20
2.5037220866141734
11
-0.2260196456692913
21
2.504162992125984
0
LINE
8
BLACK
6
CONTINUOUS
10
-0.2260196456692913
20
2.504162992125984
11
-0.2254435826771654
21
2.5042197244094488
0
LINE
8
BLACK
6
CONTINUOUS
10
-0.2254435826771654
20
2.5042197244094488
11
-0.2082002362204724
21
2.5042197244094488
0
LINE
8
BLACK
6
CONTINUOUS
10
-0.2082002362204724
20
2.5042197244094488
11
-0.2256567322834646
21
2.5216762598425198
0
LINE
8
BLACK
6
CONTINUOUS
10
-0.2256567322834646
20
2.5216762598425198
11
-0.226023937007874
21
2.5221237007874016
0
LINE
8
BLACK
6
CONTINUOUS
10
-0.226023937007874
20
2.5221237007874016
11
-0.2260645669291338
21
2.5222217716535433
0
LINE
8
BLACK
6
CONTINUOUS
10
-0.2260645669291338
20
2.5222217716535433
11
-0.2261340551181102
21
2.5223018897637797
0
LINE
8
BLACK
6
CONTINUOUS
10
-0.2261340551181102
20
2.5223018897637797
11
-0.2263700393700787
21
2.5228304330708662
0
LINE
8
BLACK
6
CONTINUOUS
10
-0.2263700393700787
20
2.5228304330708662
11
-0.2282448031496063
21
2.5284547244094489
0
LINE
8
BLACK
6
CONTINUOUS
10
-0.2282448031496063
20
2.5284547244094489
11
-0.2283097637795276
21
2.52874031496063
0
LINE
8
BLACK
6
CONTINUOUS
10
-0.2283097637795276
20
2.52874031496063
11
-0.2283396062992126
21
2.528812401574803
0
LINE
8
BLACK
6
CONTINUOUS
10
-0.2283396062992126
20
2.528812401574803
11
-0.2283499212598425
21
2.528916929133858
0
LINE
8
BLACK
6
CONTINUOUS
10
-0.2283499212598425
20
2.528916929133858
11
-0.2283731496062992
21
2.5290191732283462
0
LINE
8
BLACK
6
CONTINUOUS
10
-0.2283731496062992
20
2.5290191732283462
11
-0.2283676377952756
21
2.5290969291338583
0
LINE
8
BLACK
6
CONTINUOUS
10
-0.2283676377952756
20
2.5290969291338583
11
-0.2283963385826772
21
2.5293884645669289
0
LINE
8
BLACK
6
CONTINUOUS
10
-0.2283963385826772
20
2.5293884645669289
11
-0.2283963385826772
21
2.533137992125984
0
LINE
8
BLACK
6
CONTINUOUS
10
-0.2283963385826772
20
2.533137992125984
11
-0.2283396062992126
21
2.5337140551181103
0
LINE
8
BLACK
6
CONTINUOUS
10
-0.2283396062992126
20
2.5337140551181103
11
-0.2282990157480315
21
2.5338120866141733
0
LINE
8
BLACK
6
CONTINUOUS
10
-0.2282990157480315
20
2.5338120866141733
11
-0.2282914960629921
21
2.533917874015748
0
LINE
8
BLACK
6
CONTINUOUS
10
-0.2282914960629921
20
2.533917874015748
11
-0.2280846062992126
21
2.534458503937008
0
LINE
8
BLACK
6
CONTINUOUS
10
-0.2280846062992126
20
2.534458503937008
11
-0.226209842519685
21
2.5382080314960631
0
LINE
8
BLACK
6
CONTINUOUS
10
-0.226209842519685
20
2.5382080314960631
11
-0.2260537795275591
21
2.5384560629921258
0
LINE
8
BLACK
6
CONTINUOUS
10
-0.2260537795275591
20
2.5384560629921258
11
-0.226023937007874
21
2.5385279921259842
0
LINE
8
BLACK
6
CONTINUOUS
10
-0.226023937007874
20
2.5385279921259842
11
-0.2259574803149606
21
2.5386089763779527
0
LINE
8
BLACK
6
CONTINUOUS
10
-0.2259574803149606
20
2.5386089763779527
11
-0.2259014960629921
21
2.5386979133858265
0
LINE
8
BLACK
6
CONTINUOUS
10
-0.2259014960629921
20
2.5386979133858265
11
-0.2258425196850394
21
2.538749094488189
0
LINE
8
BLACK
6
CONTINUOUS
10
-0.2258425196850394
20
2.538749094488189
11
-0.2256567322834646
21
2.538975433070866
0
LINE
8
BLACK
6
CONTINUOUS
10
-0.2256567322834646
20
2.538975433070866
11
-0.223781968503937
21
2.5408501968503936
0
LINE
8
BLACK
6
CONTINUOUS
10
-0.223781968503937
20
2.5408501968503936
11
-0.2235556299212598
21
2.5410359842519683
0
LINE
8
BLACK
6
CONTINUOUS
10
-0.2235556299212598
20
2.5410359842519683
11
-0.2235044488188976
21
2.5410949606299211
0
LINE
8
BLACK
6
CONTINUOUS
10
-0.2235044488188976
20
2.5410949606299211
11
-0.2234155118110236
21
2.5411509448818896
0
LINE
8
BLACK
6
CONTINUOUS
10
-0.2234155118110236
20
2.5411509448818896
11
-0.2233345275590551
21
2.5412174015748032
0
LINE
8
BLACK
6
CONTINUOUS
10
-0.2233345275590551
20
2.5412174015748032
11
-0.2232625984251969
21
2.541247244094488
0
LINE
8
BLACK
6
CONTINUOUS
10
-0.2232625984251969
20
2.541247244094488
11
-0.2230145669291339
21
2.5414033070866142
0
LINE
8
BLACK
6
CONTINUOUS
10
-0.2230145669291339
20
2.5414033070866142
11
-0.2192650393700787
21
2.5432780708661418
0
LINE
8
BLACK
6
CONTINUOUS
10
-0.2192650393700787
20
2.5432780708661418
11
-0.2187244488188976
21
2.5434849606299212
0
LINE
8
BLACK
6
CONTINUOUS
10
-0.2187244488188976
20
2.5434849606299212
11
-0.2186185826771654
21
2.5434925196850395
0
LINE
8
BLACK
6
CONTINUOUS
10
-0.2186185826771654
20
2.5434925196850395
11
-0.2185205905511811
21
2.5435330708661419
0
LINE
8
BLACK
6
CONTINUOUS
10
-0.2185205905511811
20
2.5435330708661419
11
-0.2179445275590551
21
2.5435898031496063
0
LINE
8
BLACK
6
CONTINUOUS
10
-0.2179445275590551
20
2.5435898031496063
11
-0.2085707086614173
21
2.5435898031496063
0
LINE
8
BLACK
6
CONTINUOUS
10
-0.2085707086614173
20
2.5435898031496063
11
-0.2079946456692913
21
2.5435330708661419
0
LINE
8
BLACK
6
CONTINUOUS
10
-0.5298750393700787
20
2.5435330708661419
11
-0.5288106299212598
21
2.5430921653543308
0
LINE
8
BLACK
6
CONTINUOUS
10
-0.5288106299212598
20
2.5430921653543308
11
-0.5279959842519685
21
2.5422775196850393
0
LINE
8
BLACK
6
CONTINUOUS
10
-0.5279959842519685
20
2.5422775196850393
11
-0.5275550787401575
21
2.5412131102362205
0
LINE
8
BLACK
6
CONTINUOUS
10
-0.5275550787401575
20
2.5412131102362205
11
-0.5274983464566929
21
2.5406370472440942
0
LINE
8
BLACK
6
CONTINUOUS
10
-0.5274983464566929
20
2.5406370472440942
11
-0.5274983464566929
21
2.5012669685039368
0
LINE
8
BLACK
6
CONTINUOUS
10
-0.5274983464566929
20
2.5012669685039368
11
-0.5275550787401575
21
2.5006909055118109
0
LINE
8
BLACK
6
CONTINUOUS
10
-0.5275550787401575
20
2.5006909055118109
11
-0.5279959842519685
21
2.4996264960629921
0
LINE
8
BLACK
6
CONTINUOUS
10
-0.5279959842519685
20
2.4996264960629921
11
-0.5288106299212598
21
2.4988118503937007
0
LINE
8
BLACK
6
CONTINUOUS
10
-0.5288106299212598
20
2.4988118503937007
11
-0.5298750393700787
21
2.4983709448818896
0
LINE
8
BLACK
6
CONTINUOUS
10
-0.5298750393700787
20
2.4983709448818896
11
-0.5310271653543307
21
2.4983709448818896
0
LINE
8
BLACK
6
CONTINUOUS
10
-0.5310271653543307
20
2.4983709448818896
11
-0.5320915748031496
21
2.4988118503937007
0
LINE
8
BLACK
6
CONTINUOUS
10
-0.5320915748031496
20
2.4988118503937007
11
-0.532906220472441
21
2.4996264960629921
0
LINE
8
BLACK
6
CONTINUOUS
10
-0.532906220472441
20
2.4996264960629921
11
-0.5333471259842519
21
2.5006909055118109
0
LINE
8
BLACK
6
CONTINUOUS
10
-0.5333471259842519
20
2.5006909055118109
11
-0.5334038582677165
21
2.5012669685039368
0
LINE
8
BLACK
6
CONTINUOUS
10
-0.5334038582677165
20
2.5012669685039368
11
-0.5334038582677165
21
2.5170618897637795
0
LINE
8
BLACK
6
CONTINUOUS
10
-0.5334038582677165
20
2.5170618897637795
11
-0.5454492125984252
21
2.5170618897637795
0
LINE
8
BLACK
6
CONTINUOUS
10
-0.5454492125984252
20
2.5170618897637795
11
-0.5460252755905511
21
2.5171186220472439
0
LINE
8
BLACK
6
CONTINUOUS
10
-0.5460252755905511
20
2.5171186220472439
11
-0.5461232677165354
21
2.517159212598425
0
LINE
8
BLACK
6
CONTINUOUS
10
-0.5461232677165354
20
2.517159212598425
11
-0.5462291338582677
21
2.5171667322834645
0
LINE
8
BLACK
6
CONTINUOUS
10
-0.5462291338582677
20
2.5171667322834645
11
-0.5467697244094488
21
2.517373622047244
0
LINE
8
BLACK
6
CONTINUOUS
10
-0.5467697244094488
20
2.517373622047244
11
-0.5505192519685039
21
2.5192483858267716
0
LINE
8
BLACK
6
CONTINUOUS
10
-0.5505192519685039
20
2.5192483858267716
11
-0.5507672834645669
21
2.5194044881889761
0
LINE
8
BLACK
6
CONTINUOUS
10
-0.5507672834645669
20
2.5194044881889761
11
-0.5508392125984252
21
2.5194342913385825
0
LINE
8
BLACK
6
CONTINUOUS
10
-0.5508392125984252
20
2.5194342913385825
11
-0.5509201968503937
21
2.5195007874015749
0
LINE
8
BLACK
6
CONTINUOUS
10
-0.5509201968503937
20
2.5195007874015749
11
-0.5510091338582677
21
2.5195567322834647
0
LINE
8
BLACK
6
CONTINUOUS
10
-0.5510091338582677
20
2.5195567322834647
11
-0.5510603149606299
21
2.5196157480314958
0
LINE
8
BLACK
6
CONTINUOUS
10
-0.5510603149606299
20
2.5196157480314958
11
-0.5512866535433071
21
2.5198014960629922
0
LINE
8
BLACK
6
CONTINUOUS
10
-0.5512866535433071
20
2.5198014960629922
11
-0.5531614173228346
21
2.5216762598425198
0
LINE
8
BLACK
6
CONTINUOUS
10
-0.5531614173228346
20
2.5216762598425198
11
-0.5533472047244095
21
2.5219026377952756
0
LINE
8
BLACK
6
CONTINUOUS
10
-0.5533472047244095
20
2.5219026377952756
11
-0.5534061811023622
21
2.5219537795275588
0
LINE
8
BLACK
6
CONTINUOUS
10
-0.5534061811023622
20
2.5219537795275588
11
-0.5534621653543307
21
2.5220427559055119
0
LINE
8
BLACK
6
CONTINUOUS
10
-0.5534621653543307
20
2.5220427559055119
11
-0.5535286220472441
21
2.5221237007874016
0
LINE
8
BLACK
6
CONTINUOUS
10
-0.5535286220472441
20
2.5221237007874016
11
-0.5535584645669291
21
2.5221956692913383
0
LINE
8
BLACK
6
CONTINUOUS
10
-0.5535584645669291
20
2.5221956692913383
11
-0.5537145275590551
21
2.5224436614173227
0
LINE
8
BLACK
6
CONTINUOUS
10
-0.5537145275590551
20
2.5224436614173227
11
-0.5555892913385827
21
2.5261931889763778
0
LINE
8
BLACK
6
CONTINUOUS
10
-0.5555892913385827
20
2.5261931889763778
11
-0.5557961811023622
21
2.5267338188976378
0
LINE
8
BLACK
6
CONTINUOUS
10
-0.5557961811023622
20
2.5267338188976378
11
-0.5558037007874016
21
2.5268396456692912
0
LINE
8
BLACK
6
CONTINUOUS
10
-0.5558037007874016
20
2.5268396456692912
11
-0.5558442913385827
21
2.5269376377952755
0
LINE
8
BLACK
6
CONTINUOUS
10
-0.5558442913385827
20
2.5269376377952755
11
-0.5559010236220472
21
2.5275137007874013
0
LINE
8
BLACK
6
CONTINUOUS
10
-0.5559010236220472
20
2.5275137007874013
11
-0.5559010236220472
21
2.533137992125984
0
LINE
8
BLACK
6
CONTINUOUS
10
-0.5559010236220472
20
2.533137992125984
11
-0.5558442913385827
21
2.5337140551181103
0
LINE
8
BLACK
6
CONTINUOUS
10
-0.5558442913385827
20
2.5337140551181103
11
-0.5558037007874016
21
2.5338120866141733
0
LINE
8
BLACK
6
CONTINUOUS
10
-0.5558037007874016
20
2.5338120866141733
11
-0.5557961811023622
21
2.533917874015748
0
LINE
8
BLACK
6
CONTINUOUS
10
-0.5557961811023622
20
2.533917874015748
11
-0.5555892913385827
21
2.534458503937008
0
LINE
8
BLACK
6
CONTINUOUS
10
-0.5555892913385827
20
2.534458503937008
11
-0.5537145275590551
21
2.5382080314960631
0
LINE
8
BLACK
6
CONTINUOUS
10
-0.5537145275590551
20
2.5382080314960631
11
-0.5535584645669291
21
2.5384560629921258
0
LINE
8
BLACK
6
CONTINUOUS
10
-0.5535584645669291
20
2.5384560629921258
11
-0.5535286220472441
21
2.5385279921259842
0
LINE
8
BLACK
6
CONTINUOUS
10
-0.5535286220472441
20
2.5385279921259842
11
-0.5534621653543307
21
2.5386089763779527
0
LINE
8
BLACK
6
CONTINUOUS
10
-0.5534621653543307
20
2.5386089763779527
11
-0.5534061811023622
21
2.5386979133858265
0
LINE
8
BLACK
6
CONTINUOUS
10
-0.5534061811023622
20
2.5386979133858265
11
-0.5533472047244095
21
2.538749094488189
0
LINE
8
BLACK
6
CONTINUOUS
10
-0.5533472047244095
20
2.538749094488189
11
-0.5531614173228346
21
2.538975433070866
0
LINE
8
BLACK
6
CONTINUOUS
10
-0.5531614173228346
20
2.538975433070866
11
-0.5512866535433071
21
2.5408501968503936
0
LINE
8
BLACK
6
CONTINUOUS
10
-0.5512866535433071
20
2.5408501968503936
11
-0.5510603149606299
21
2.5410359842519683
0
LINE
8
BLACK
6
CONTINUOUS
10
-0.5510603149606299
20
2.5410359842519683
11
-0.5510091338582677
21
2.5410949606299211
0
LINE
8
BLACK
6
CONTINUOUS
10
-0.5510091338582677
20
2.5410949606299211
11
-0.5509201968503937
21
2.5411509448818896
0
LINE
8
BLACK
6
CONTINUOUS
10
-0.5509201968503937
20
2.5411509448818896
11
-0.5508392125984252
21
2.5412174015748032
0
LINE
8
BLACK
6
CONTINUOUS
10
-0.5508392125984252
20
2.5412174015748032
11
-0.5507672834645669
21
2.541247244094488
0
LINE
8
BLACK
6
CONTINUOUS
10
-0.5507672834645669
20
2.541247244094488
11
-0.5505192519685039
21
2.5414033070866142
0
LINE
8
BLACK
6
CONTINUOUS
10
-0.5505192519685039
20
2.5414033070866142
11
-0.5467697244094488
21
2.5432780708661418
0
LINE
8
BLACK
6
CONTINUOUS
10
-0.5467697244094488
20
2.5432780708661418
11
-0.5462291338582677
21
2.5434849606299212
0
LINE
8
BLACK
6
CONTINUOUS
10
-0.5462291338582677
20
2.5434849606299212
11
-0.5461232677165354
21
2.5434925196850395
0
LINE
8
BLACK
6
CONTINUOUS
10
-0.5461232677165354
20
2.5434925196850395
11
-0.5460252755905511
21
2.5435330708661419
0
LINE
8
BLACK
6
CONTINUOUS
10
-0.5460252755905511
20
2.5435330708661419
11
-0.5454492125984252
21
2.5435898031496063
0
LINE
8
BLACK
6
CONTINUOUS
10
-0.5454492125984252
20
2.5435898031496063
11
-0.5304511023622047
21
2.5435898031496063
0
LINE
8
BLACK
6
CONTINUOUS
10
-0.5304511023622047
20
2.5435898031496063
11
-0.5298750393700787
21
2.5435330708661419
0
LINE
8
BLACK
6
CONTINUOUS
10
-0.5474496456692913
20
2.5363355511811023
11
-0.5486467716535433
21
2.5351384251968505
0
LINE
8
BLACK
6
CONTINUOUS
10
-0.5486467716535433
20
2.5351384251968505
11
-0.5499955118110236
21
2.5324409448818899
0
LINE
8
BLACK
6
CONTINUOUS
10
-0.5499955118110236
20
2.5324409448818899
11
-0.5499955118110236
21
2.5282107480314959
0
LINE
8
BLACK
6
CONTINUOUS
10
-0.5499955118110236
20
2.5282107480314959
11
-0.5486467716535433
21
2.5255132677165353
0
LINE
8
BLACK
6
CONTINUOUS
10
-0.5486467716535433
20
2.5255132677165353
11
-0.5474496456692913
21
2.5243161417322835
0
LINE
8
BLACK
6
CONTINUOUS
10
-0.5474496456692913
20
2.5243161417322835
11
-0.5447521653543307
21
2.5229674015748031
0
LINE
8
BLACK
6
CONTINUOUS
10
-0.5447521653543307
20
2.5229674015748031
11
-0.5334038582677165
21
2.5229674015748031
0
LINE
8
BLACK
6
CONTINUOUS
10
-0.5334038582677165
20
2.5229674015748031
11
-0.5334038582677165
21
2.5376842913385826
0
LINE
8
BLACK
6
CONTINUOUS
10
-0.5334038582677165
20
2.5376842913385826
11
-0.5447521653543307
21
2.5376842913385826
0
LINE
8
BLACK
6
CONTINUOUS
10
-0.5447521653543307
20
2.5376842913385826
11
-0.5474496456692913
21
2.5363355511811023
0
LINE
8
BLACK
6
CONTINUOUS
10
-0.4942544881889764
20
2.5435330708661419
11
-0.4931900787401575
21
2.5430921653543308
0
LINE
8
BLACK
6
CONTINUOUS
10
-0.4931900787401575
20
2.5430921653543308
11
-0.4923754330708661
21
2.5422775196850393
0
LINE
8
BLACK
6
CONTINUOUS
10
-0.4923754330708661
20
2.5422775196850393
11
-0.4919345275590551
21
2.5412131102362205
0
LINE
8
BLACK
6
CONTINUOUS
10
-0.4919345275590551
20
2.5412131102362205
11
-0.4919345275590551
21
2.5400609842519684
0
LINE
8
BLACK
6
CONTINUOUS
10
-0.4919345275590551
20
2.5400609842519684
11
-0.4923754330708661
21
2.5389965748031496
0
LINE
8
BLACK
6
CONTINUOUS
10
-0.4923754330708661
20
2.5389965748031496
11
-0.4931900787401575
21
2.5381819291338581
0
LINE
8
BLACK
6
CONTINUOUS
10
-0.4931900787401575
20
2.5381819291338581
11
-0.4942544881889764
21
2.537741023622047
0
LINE
8
BLACK
6
CONTINUOUS
10
-0.4942544881889764
20
2.537741023622047
11
-0.4948305511811024
21
2.5376842913385826
0
LINE
8
BLACK
6
CONTINUOUS
10
-0.4948305511811024
20
2.5376842913385826
11
-0.5031263779527559
21
2.5376842913385826
0
LINE
8
BLACK
6
CONTINUOUS
10
-0.5031263779527559
20
2.5376842913385826
11
-0.5031263779527559
21
2.5012669685039368
0
LINE
8
BLACK
6
CONTINUOUS
10
-0.5031263779527559
20
2.5012669685039368
11
-0.5031831102362204
21
2.5006909055118109
0
LINE
8
BLACK
6
CONTINUOUS
10
-0.5031831102362204
20
2.5006909055118109
11
-0.5036240157480315
21
2.4996264960629921
0
LINE
8
BLACK
6
CONTINUOUS
10
-0.5036240157480315
20
2.4996264960629921
11
-0.5044386614173229
21
2.4988118503937007
0
LINE
8
BLACK
6
CONTINUOUS
10
-0.5044386614173229
20
2.4988118503937007
11
-0.5055030708661418
21
2.4983709448818896
0
LINE
8
BLACK
6
CONTINUOUS
10
-0.5055030708661418
20
2.4983709448818896
11
-0.5066551968503937
21
2.4983709448818896
0
LINE
8
BLACK
6
CONTINUOUS
10
-0.5066551968503937
20
2.4983709448818896
11
-0.5077196062992125
21
2.4988118503937007
0
LINE
8
BLACK
6
CONTINUOUS
10
-0.5077196062992125
20
2.4988118503937007
11
-0.5085342519685039
21
2.4996264960629921
0
LINE
8
BLACK
6
CONTINUOUS
10
-0.5085342519685039
20
2.4996264960629921
11
-0.508975157480315
21
2.5006909055118109
0
LINE
8
BLACK
6
CONTINUOUS
10
-0.508975157480315
20
2.5006909055118109
11
-0.5090318897637796
21
2.5012669685039368
0
LINE
8
BLACK
6
CONTINUOUS
10
-0.5090318897637796
20
2.5012669685039368
11
-0.5090318897637796
21
2.5376842913385826
0
LINE
8
BLACK
6
CONTINUOUS
10
-0.5090318897637796
20
2.5376842913385826
11
-0.5173277165354331
21
2.5376842913385826
0
LINE
8
BLACK
6
CONTINUOUS
10
-0.5173277165354331
20
2.5376842913385826
11
-0.5179037795275591
21
2.537741023622047
0
LINE
8
BLACK
6
CONTINUOUS
10
-0.5179037795275591
20
2.537741023622047
11
-0.518968188976378
21
2.5381819291338581
0
LINE
8
BLACK
6
CONTINUOUS
10
-0.518968188976378
20
2.5381819291338581
11
-0.5197828346456693
21
2.5389965748031496
0
LINE
8
BLACK
6
CONTINUOUS
10
-0.5197828346456693
20
2.5389965748031496
11
-0.5202237401574803
21
2.5400609842519684
0
LINE
8
BLACK
6
CONTINUOUS
10
-0.5202237401574803
20
2.5400609842519684
11
-0.5202237401574803
21
2.5412131102362205
0
LINE
8
BLACK
6
CONTINUOUS
10
-0.5202237401574803
20
2.5412131102362205
11
-0.5197828346456693
21
2.5422775196850393
0
LINE
8
BLACK
6
CONTINUOUS
10
-0.5197828346456693
20
2.5422775196850393
11
-0.518968188976378
21
2.5430921653543308
0
LINE
8
BLACK
6
CONTINUOUS
10
-0.518968188976378
20
2.5430921653543308
11
-0.5179037795275591
21
2.5435330708661419
0
LINE
8
BLACK
6
CONTINUOUS
10
-0.5179037795275591
20
2.5435330708661419
11
-0.5173277165354331
21
2.5435898031496063
0
LINE
8
BLACK
6
CONTINUOUS
10
-0.5173277165354331
20
2.5435898031496063
11
-0.4948305511811024
21
2.5435898031496063
0
LINE
8
BLACK
6
CONTINUOUS
10
-0.4948305511811024
20
2.5435898031496063
11
-0.4942544881889764
21
2.5435330708661419
0
LINE
8
BLACK
6
CONTINUOUS
10
-0.1648750393700787
20
2.5435330708661419
11
-0.1638106299212598
21
2.5430921653543308
0
LINE
8
BLACK
6
CONTINUOUS
10
-0.1638106299212598
20
2.5430921653543308
11
-0.1629959842519685
21
2.5422775196850393
0
LINE
8
BLACK
6
CONTINUOUS
10
-0.1629959842519685
20
2.5422775196850393
11
-0.1625550787401575
21
2.5412131102362205
0
LINE
8
BLACK
6
CONTINUOUS
10
-0.1625550787401575
20
2.5412131102362205
11
-0.1624983464566929
21
2.5406370472440942
0
LINE
8
BLACK
6
CONTINUOUS
10
-0.1624983464566929
20
2.5406370472440942
11
-0.1624983464566929
21
2.5012669685039368
0
LINE
8
BLACK
6
CONTINUOUS
10
-0.1624983464566929
20
2.5012669685039368
11
-0.1625550787401575
21
2.5006909055118109
0
LINE
8
BLACK
6
CONTINUOUS
10
-0.1625550787401575
20
2.5006909055118109
11
-0.1629959842519685
21
2.4996264960629921
0
LINE
8
BLACK
6
CONTINUOUS
10
-0.1629959842519685
20
2.4996264960629921
11
-0.1638106299212598
21
2.4988118503937007
0
LINE
8
BLACK
6
CONTINUOUS
10
-0.1638106299212598
20
2.4988118503937007
11
-0.1648750393700787
21
2.4983709448818896
0
LINE
8
BLACK
6
CONTINUOUS
10
-0.1648750393700787
20
2.4983709448818896
11
-0.1660271653543307
21
2.4983709448818896
0
LINE
8
BLACK
6
CONTINUOUS
10
-0.1660271653543307
20
2.4983709448818896
11
-0.1670915748031496
21
2.4988118503937007
0
LINE
8
BLACK
6
CONTINUOUS
10
-0.1670915748031496
20
2.4988118503937007
11
-0.1679062204724409
21
2.4996264960629921
0
LINE
8
BLACK
6
CONTINUOUS
10
-0.1679062204724409
20
2.4996264960629921
11
-0.168347125984252
21
2.5006909055118109
0
LINE
8
BLACK
6
CONTINUOUS
10
-0.168347125984252
20
2.5006909055118109
11
-0.1684038582677165
21
2.5012669685039368
0
LINE
8
BLACK
6
CONTINUOUS
10
-0.1684038582677165
20
2.5012669685039368
11
-0.1684038582677165
21
2.5170618897637795
0
LINE
8
BLACK
6
CONTINUOUS
10
-0.1684038582677165
20
2.5170618897637795
11
-0.1804492125984252
21
2.5170618897637795
0
LINE
8
BLACK
6
CONTINUOUS
10
-0.1804492125984252
20
2.5170618897637795
11
-0.1810252755905512
21
2.5171186220472439
0
LINE
8
BLACK
6
CONTINUOUS
10
-0.1810252755905512
20
2.5171186220472439
11
-0.1811232677165354
21
2.517159212598425
0
LINE
8
BLACK
6
CONTINUOUS
10
-0.1811232677165354
20
2.517159212598425
11
-0.1812291338582677
21
2.5171667322834645
0
LINE
8
BLACK
6
CONTINUOUS
10
-0.1812291338582677
20
2.5171667322834645
11
-0.1817697244094488
21
2.517373622047244
0
LINE
8
BLACK
6
CONTINUOUS
10
-0.1817697244094488
20
2.517373622047244
11
-0.1855192519685039
21
2.5192483858267716
0
LINE
8
BLACK
6
CONTINUOUS
10
-0.1855192519685039
20
2.5192483858267716
11
-0.1857672834645669
21
2.5194044881889761
0
LINE
8
BLACK
6
CONTINUOUS
10
-0.1857672834645669
20
2.5194044881889761
11
-0.1858392125984252
21
2.5194342913385825
0
LINE
8
BLACK
6
CONTINUOUS
10
-0.1858392125984252
20
2.5194342913385825
11
-0.1859201968503937
21
2.5195007874015749
0
LINE
8
BLACK
6
CONTINUOUS
10
-0.1859201968503937
20
2.5195007874015749
11
-0.1860091338582677
21
2.5195567322834647
0
LINE
8
BLACK
6
CONTINUOUS
10
-0.1860091338582677
20
2.5195567322834647
11
-0.1860603149606299
21
2.5196157480314958
0
LINE
8
BLACK
6
CONTINUOUS
10
-0.1860603149606299
20
2.5196157480314958
11
-0.1862866535433071
21
2.5198014960629922
0
LINE
8
BLACK
6
CONTINUOUS
10
-0.1862866535433071
20
2.5198014960629922
11
-0.1881614173228346
21
2.5216762598425198
0
LINE
8
BLACK
6
CONTINUOUS
10
-0.1881614173228346
20
2.5216762598425198
11
-0.1883472047244094
21
2.5219026377952756
0
LINE
8
BLACK
6
CONTINUOUS
10
-0.1883472047244094
20
2.5219026377952756
11
-0.1884061811023622
21
2.5219537795275588
0
LINE
8
BLACK
6
CONTINUOUS
10
-0.1884061811023622
20
2.5219537795275588
11
-0.1884621653543307
21
2.5220427559055119
0
LINE
8
BLACK
6
CONTINUOUS
10
-0.1884621653543307
20
2.5220427559055119
11
-0.1885286220472441
21
2.5221237007874016
0
LINE
8
BLACK
6
CONTINUOUS
10
-0.1885286220472441
20
2.5221237007874016
11
-0.1885584645669291
21
2.5221956692913383
0
LINE
8
BLACK
6
CONTINUOUS
10
-0.1885584645669291
20
2.5221956692913383
11
-0.1887145275590551
21
2.5224436614173227
0
LINE
8
BLACK
6
CONTINUOUS
10
-0.1887145275590551
20
2.5224436614173227
11
-0.1905892913385827
21
2.5261931889763778
0
LINE
8
BLACK
6
CONTINUOUS
10
-0.1905892913385827
20
2.5261931889763778
11
-0.1907961811023622
21
2.5267338188976378
0
LINE
8
BLACK
6
CONTINUOUS
10
-0.1907961811023622
20
2.5267338188976378
11
-0.1908037007874016
21
2.5268396456692912
0
LINE
8
BLACK
6
CONTINUOUS
10
-0.1908037007874016
20
2.5268396456692912
11
-0.1908442913385827
21
2.5269376377952755
0
LINE
8
BLACK
6
CONTINUOUS
10
-0.1908442913385827
20
2.5269376377952755
11
-0.1909010236220473
21
2.5275137007874013
0
LINE
8
BLACK
6
CONTINUOUS
10
-0.1909010236220473
20
2.5275137007874013
11
-0.1909010236220473
21
2.533137992125984
0
LINE
8
BLACK
6
CONTINUOUS
10
-0.1909010236220473
20
2.533137992125984
11
-0.1908442913385827
21
2.5337140551181103
0
LINE
8
BLACK
6
CONTINUOUS
10
-0.1908442913385827
20
2.5337140551181103
11
-0.1908037007874016
21
2.5338120866141733
0
LINE
8
BLACK
6
CONTINUOUS
10
-0.1908037007874016
20
2.5338120866141733
11
-0.1907961811023622
21
2.533917874015748
0
LINE
8
BLACK
6
CONTINUOUS
10
-0.1907961811023622
20
2.533917874015748
11
-0.1905892913385827
21
2.534458503937008
0
LINE
8
BLACK
6
CONTINUOUS
10
-0.1905892913385827
20
2.534458503937008
11
-0.1887145275590551
21
2.5382080314960631
0
LINE
8
BLACK
6
CONTINUOUS
10
-0.1887145275590551
20
2.5382080314960631
11
-0.1885584645669291
21
2.5384560629921258
0
LINE
8
BLACK
6
CONTINUOUS
10
-0.1885584645669291
20
2.5384560629921258
11
-0.1885286220472441
21
2.5385279921259842
0
LINE
8
BLACK
6
CONTINUOUS
10
-0.1885286220472441
20
2.5385279921259842
11
-0.1884621653543307
21
2.5386089763779527
0
LINE
8
BLACK
6
CONTINUOUS
10
-0.1884621653543307
20
2.5386089763779527
11
-0.1884061811023622
21
2.5386979133858265
0
LINE
8
BLACK
6
CONTINUOUS
10
-0.1884061811023622
20
2.5386979133858265
11
-0.1883472047244094
21
2.538749094488189
0
LINE
8
BLACK
6
CONTINUOUS
10
-0.1883472047244094
20
2.538749094488189
11
-0.1881614173228346
21
2.538975433070866
0
LINE
8
BLACK
6
CONTINUOUS
10
-0.1881614173228346
20
2.538975433070866
11
-0.1862866535433071
21
2.5408501968503936
0
LINE
8
BLACK
6
CONTINUOUS
10
-0.1862866535433071
20
2.5408501968503936
11
-0.1860603149606299
21
2.5410359842519683
0
LINE
8
BLACK
6
CONTINUOUS
10
-0.1860603149606299
20
2.5410359842519683
11
-0.1860091338582677
21
2.5410949606299211
0
LINE
8
BLACK
6
CONTINUOUS
10
-0.1860091338582677
20
2.5410949606299211
11
-0.1859201968503937
21
2.5411509448818896
0
LINE
8
BLACK
6
CONTINUOUS
10
-0.1859201968503937
20
2.5411509448818896
11
-0.1858392125984252
21
2.5412174015748032
0
LINE
8
BLACK
6
CONTINUOUS
10
-0.1858392125984252
20
2.5412174015748032
11
-0.1857672834645669
21
2.541247244094488
0
LINE
8
BLACK
6
CONTINUOUS
10
-0.1857672834645669
20
2.541247244094488
11
-0.1855192519685039
21
2.5414033070866142
0
LINE
8
BLACK
6
CONTINUOUS
10
-0.1855192519685039
20
2.5414033070866142
11
-0.1817697244094488
21
2.5432780708661418
0
LINE
8
BLACK
6
CONTINUOUS
10
-0.1817697244094488
20
2.5432780708661418
11
-0.1812291338582677
21
2.5434849606299212
0
LINE
8
BLACK
6
CONTINUOUS
10
-0.1812291338582677
20
2.5434849606299212
11
-0.1811232677165354
21
2.5434925196850395
0
LINE
8
BLACK
6
CONTINUOUS
10
-0.1811232677165354
20
2.5434925196850395
11
-0.1810252755905512
21
2.5435330708661419
0
LINE
8
BLACK
6
CONTINUOUS
10
-0.1810252755905512
20
2.5435330708661419
11
-0.1804492125984252
21
2.5435898031496063
0
LINE
8
BLACK
6
CONTINUOUS
10
-0.1804492125984252
20
2.5435898031496063
11
-0.1654511023622047
21
2.5435898031496063
0
LINE
8
BLACK
6
CONTINUOUS
10
-0.1654511023622047
20
2.5435898031496063
11
-0.1648750393700787
21
2.5435330708661419
0
LINE
8
BLACK
6
CONTINUOUS
10
-0.1824496456692913
20
2.5363355511811023
11
-0.1836467716535433
21
2.5351384251968505
0
LINE
8
BLACK
6
CONTINUOUS
10
-0.1836467716535433
20
2.5351384251968505
11
-0.1849955118110236
21
2.5324409448818899
0
LINE
8
BLACK
6
CONTINUOUS
10
-0.1849955118110236
20
2.5324409448818899
11
-0.1849955118110236
21
2.5282107480314959
0
LINE
8
BLACK
6
CONTINUOUS
10
-0.1849955118110236
20
2.5282107480314959
11
-0.1836467716535433
21
2.5255132677165353
0
LINE
8
BLACK
6
CONTINUOUS
10
-0.1836467716535433
20
2.5255132677165353
11
-0.1824496456692913
21
2.5243161417322835
0
LINE
8
BLACK
6
CONTINUOUS
10
-0.1824496456692913
20
2.5243161417322835
11
-0.1797521653543307
21
2.5229674015748031
0
LINE
8
BLACK
6
CONTINUOUS
10
-0.1797521653543307
20
2.5229674015748031
11
-0.1684038582677165
21
2.5229674015748031
0
LINE
8
BLACK
6
CONTINUOUS
10
-0.1684038582677165
20
2.5229674015748031
11
-0.1684038582677165
21
2.5376842913385826
0
LINE
8
BLACK
6
CONTINUOUS
10
-0.1684038582677165
20
2.5376842913385826
11
-0.1797521653543307
21
2.5376842913385826
0
LINE
8
BLACK
6
CONTINUOUS
10
-0.1797521653543307
20
2.5376842913385826
11
-0.1824496456692913
21
2.5363355511811023
0
LINE
8
BLACK
6
CONTINUOUS
10
-0.1292544881889764
20
2.5435330708661419
11
-0.1281900787401575
21
2.5430921653543308
0
LINE
8
BLACK
6
CONTINUOUS
10
-0.1281900787401575
20
2.5430921653543308
11
-0.1273754330708661
21
2.5422775196850393
0
LINE
8
BLACK
6
CONTINUOUS
10
-0.1273754330708661
20
2.5422775196850393
11
-0.1269345275590551
21
2.5412131102362205
0
LINE
8
BLACK
6
CONTINUOUS
10
-0.1269345275590551
20
2.5412131102362205
11
-0.1269345275590551
21
2.5400609842519684
0
LINE
8
BLACK
6
CONTINUOUS
10
-0.1269345275590551
20
2.5400609842519684
11
-0.1273754330708661
21
2.5389965748031496
0
LINE
8
BLACK
6
CONTINUOUS
10
-0.1273754330708661
20
2.5389965748031496
11
-0.1281900787401575
21
2.5381819291338581
0
LINE
8
BLACK
6
CONTINUOUS
10
-0.1281900787401575
20
2.5381819291338581
11
-0.1292544881889764
21
2.537741023622047
0
LINE
8
BLACK
6
CONTINUOUS
10
-0.1292544881889764
20
2.537741023622047
11
-0.1298305511811024
21
2.5376842913385826
0
LINE
8
BLACK
6
CONTINUOUS
10
-0.1298305511811024
20
2.5376842913385826
11
-0.1381263779527559
21
2.5376842913385826
0
LINE
8
BLACK
6
CONTINUOUS
10
-0.1381263779527559
20
2.5376842913385826
11
-0.1381263779527559
21
2.5012669685039368
0
LINE
8
BLACK
6
CONTINUOUS
10
-0.1381263779527559
20
2.5012669685039368
11
-0.1381831102362205
21
2.5006909055118109
0
LINE
8
BLACK
6
CONTINUOUS
10
-0.1381831102362205
20
2.5006909055118109
11
-0.1386240157480315
21
2.4996264960629921
0
LINE
8
BLACK
6
CONTINUOUS
10
-0.1386240157480315
20
2.4996264960629921
11
-0.1394386614173228
21
2.4988118503937007
0
LINE
8
BLACK
6
CONTINUOUS
10
-0.1394386614173228
20
2.4988118503937007
11
-0.1405030708661417
21
2.4983709448818896
0
LINE
8
BLACK
6
CONTINUOUS
10
-0.1405030708661417
20
2.4983709448818896
11
-0.1416551968503937
21
2.4983709448818896
0
LINE
8
BLACK
6
CONTINUOUS
10
-0.1416551968503937
20
2.4983709448818896
11
-0.1427196062992126
21
2.4988118503937007
0
LINE
8
BLACK
6
CONTINUOUS
10
-0.1427196062992126
20
2.4988118503937007
11
-0.1435342519685039
21
2.4996264960629921
0
LINE
8
BLACK
6
CONTINUOUS
10
-0.1435342519685039
20
2.4996264960629921
11
-0.1439751574803149
21
2.5006909055118109
0
LINE
8
BLACK
6
CONTINUOUS
10
-0.1439751574803149
20
2.5006909055118109
11
-0.1440318897637795
21
2.5012669685039368
0
LINE
8
BLACK
6
CONTINUOUS
10
-0.1440318897637795
20
2.5012669685039368
11
-0.1440318897637795
21
2.5376842913385826
0
LINE
8
BLACK
6
CONTINUOUS
10
-0.1440318897637795
20
2.5376842913385826
11
-0.1523277165354331
21
2.5376842913385826
0
LINE
8
BLACK
6
CONTINUOUS
10
-0.1523277165354331
20
2.5376842913385826
11
-0.152903779527559
21
2.537741023622047
0
LINE
8
BLACK
6
CONTINUOUS
10
-0.152903779527559
20
2.537741023622047
11
-0.153968188976378
21
2.5381819291338581
0
LINE
8
BLACK
6
CONTINUOUS
10
-0.153968188976378
20
2.5381819291338581
11
-0.1547828346456693
21
2.5389965748031496
0
LINE
8
BLACK
6
CONTINUOUS
10
-0.1547828346456693
20
2.5389965748031496
11
-0.1552237401574803
21
2.5400609842519684
0
LINE
8
BLACK
6
CONTINUOUS
10
-0.1552237401574803
20
2.5400609842519684
11
-0.1552237401574803
21
2.5412131102362205
0
LINE
8
BLACK
6
CONTINUOUS
10
-0.1552237401574803
20
2.5412131102362205
11
-0.1547828346456693
21
2.5422775196850393
0
LINE
8
BLACK
6
CONTINUOUS
10
-0.1547828346456693
20
2.5422775196850393
11
-0.153968188976378
21
2.5430921653543308
0
LINE
8
BLACK
6
CONTINUOUS
10
-0.153968188976378
20
2.5430921653543308
11
-0.152903779527559
21
2.5435330708661419
0
LINE
8
BLACK
6
CONTINUOUS
10
-0.152903779527559
20
2.5435330708661419
11
-0.1523277165354331
21
2.5435898031496063
0
LINE
8
BLACK
6
CONTINUOUS
10
-0.1523277165354331
20
2.5435898031496063
11
-0.1298305511811024
21
2.5435898031496063
0
LINE
8
BLACK
6
CONTINUOUS
10
-0.1298305511811024
20
2.5435898031496063
11
-0.1292544881889764
21
2.5435330708661419
0
LINE
8
BLACK
6
CONTINUOUS
10
-0.5983009448818898
20
2.7662677165354328
11
-0.5974468503937008
21
2.7654944881889763
0
LINE
8
BLACK
6
CONTINUOUS
10
-0.5974468503937008
20
2.7654944881889763
11
-0.5969536614173229
21
2.764453307086614
0
LINE
8
BLACK
6
CONTINUOUS
10
-0.5969536614173229
20
2.764453307086614
11
-0.5968964173228346
21
2.7633026377952756
0
LINE
8
BLACK
6
CONTINUOUS
10
-0.5968964173228346
20
2.7633026377952756
11
-0.5970367322834645
21
2.7627410629921259
0
LINE
8
BLACK
6
CONTINUOUS
10
-0.5970367322834645
20
2.7627410629921259
11
-0.6060347637795276
21
2.7375466141732283
0
LINE
8
BLACK
6
CONTINUOUS
10
-0.6060347637795276
20
2.7375466141732283
11
-0.60292531496063
21
2.7297729921259841
0
LINE
8
BLACK
6
CONTINUOUS
10
-0.60292531496063
20
2.7297729921259841
11
-0.6018179133858268
21
2.7286655905511812
0
LINE
8
BLACK
6
CONTINUOUS
10
-0.6018179133858268
20
2.7286655905511812
11
-0.598496968503937
21
2.7270051181102359
0
LINE
8
BLACK
6
CONTINUOUS
10
-0.598496968503937
20
2.7270051181102359
11
-0.5980070866141732
21
2.7266967716535433
0
LINE
8
BLACK
6
CONTINUOUS
10
-0.5980070866141732
20
2.7266967716535433
11
-0.5972522440944882
21
2.7258263779527558
0
LINE
8
BLACK
6
CONTINUOUS
10
-0.5972522440944882
20
2.7258263779527558
11
-0.5968879133858268
21
2.7247334251968502
0
LINE
8
BLACK
6
CONTINUOUS
10
-0.5968879133858268
20
2.7247334251968502
11
-0.5969695669291338
21
2.7235842125984253
0
LINE
8
BLACK
6
CONTINUOUS
10
-0.5969695669291338
20
2.7235842125984253
11
-0.597484842519685
21
2.7225537007874014
0
LINE
8
BLACK
6
CONTINUOUS
10
-0.597484842519685
20
2.7225537007874014
11
-0.5983551968503937
21
2.7217988582677166
0
LINE
8
BLACK
6
CONTINUOUS
10
-0.5983551968503937
20
2.7217988582677166
11
-0.599448188976378
21
2.721434527559055
0
LINE
8
BLACK
6
CONTINUOUS
10
-0.599448188976378
20
2.721434527559055
11
-0.6005974015748031
21
2.7215161811023623
0
LINE
8
BLACK
6
CONTINUOUS
10
-0.6005974015748031
20
2.7215161811023623
11
-0.6011379921259843
21
2.7217230708661417
0
LINE
8
BLACK
6
CONTINUOUS
10
-0.6011379921259843
20
2.7217230708661417
11
-0.6048875196850394
21
2.7235978346456693
0
LINE
8
BLACK
6
CONTINUOUS
10
-0.6048875196850394
20
2.7235978346456693
11
-0.6051355511811023
21
2.7237539370078738
0
LINE
8
BLACK
6
CONTINUOUS
10
-0.6051355511811023
20
2.7237539370078738
11
-0.6052074803149606
21
2.7237837401574803
0
LINE
8
BLACK
6
CONTINUOUS
10
-0.6052074803149606
20
2.7237837401574803
11
-0.6052884645669291
21
2.7238502362204722
0
LINE
8
BLACK
6
CONTINUOUS
10
-0.6052884645669291
20
2.7238502362204722
11
-0.6053774015748031
21
2.7239061811023619
0
LINE
8
BLACK
6
CONTINUOUS
10
-0.6053774015748031
20
2.7239061811023619
11
-0.6054285826771654
21
2.7239651968503935
0
LINE
8
BLACK
6
CONTINUOUS
10
-0.6054285826771654
20
2.7239651968503935
11
-0.6056549212598425
21
2.7241509448818899
0
LINE
8
BLACK
6
CONTINUOUS
10
-0.6056549212598425
20
2.7241509448818899
11
-0.6075296850393701
21
2.7260257086614175
0
LINE
8
BLACK
6
CONTINUOUS
10
-0.6075296850393701
20
2.7260257086614175
11
-0.6078968897637795
21
2.7264731496062993
0
LINE
8
BLACK
6
CONTINUOUS
10
-0.6078968897637795
20
2.7264731496062993
11
-0.607903937007874
21
2.7264901181102363
0
LINE
8
BLACK
6
CONTINUOUS
10
-0.607903937007874
20
2.7264901181102363
11
-0.6079167322834645
21
2.7265032283464565
0
LINE
8
BLACK
6
CONTINUOUS
10
-0.6079167322834645
20
2.7265032283464565
11
-0.6081833464566929
21
2.7270170078740157
0
LINE
8
BLACK
6
CONTINUOUS
10
-0.6081833464566929
20
2.7270170078740157
11
-0.611932874015748
21
2.7363908267716535
0
LINE
8
BLACK
6
CONTINUOUS
10
-0.611932874015748
20
2.7363908267716535
11
-0.6119483464566929
21
2.7364441338582677
0
LINE
8
BLACK
6
CONTINUOUS
10
-0.6119483464566929
20
2.7364441338582677
11
-0.6119720472440945
21
2.7364943307086613
0
LINE
8
BLACK
6
CONTINUOUS
10
-0.6119720472440945
20
2.7364943307086613
11
-0.6213458661417323
21
2.7627410629921259
0
LINE
8
BLACK
6
CONTINUOUS
10
-0.6213458661417323
20
2.7627410629921259
11
-0.6214861811023622
21
2.7633026377952756
0
LINE
8
BLACK
6
CONTINUOUS
10
-0.6214861811023622
20
2.7633026377952756
11
-0.621428937007874
21
2.7644533464566927
0
LINE
8
BLACK
6
CONTINUOUS
10
-0.621428937007874
20
2.7644533464566927
11
-0.6209357480314961
21
2.765494527559055
0
LINE
8
BLACK
6
CONTINUOUS
10
-0.6209357480314961
20
2.765494527559055
11
-0.620081653543307
21
2.7662677165354328
0
LINE
8
BLACK
6
CONTINUOUS
10
-0.620081653543307
20
2.7662677165354328
11
-0.618996653543307
21
2.7666552362204722
0
LINE
8
BLACK
6
CONTINUOUS
10
-0.618996653543307
20
2.7666552362204722
11
-0.6178459448818897
21
2.766597992125984
0
LINE
8
BLACK
6
CONTINUOUS
10
-0.6178459448818897
20
2.766597992125984
11
-0.6168047637795275
21
2.7661048031496063
0
LINE
8
BLACK
6
CONTINUOUS
10
-0.6168047637795275
20
2.7661048031496063
11
-0.6160315748031496
21
2.7652507086614171
0
LINE
8
BLACK
6
CONTINUOUS
10
-0.6160315748031496
20
2.7652507086614171
11
-0.6157843700787401
21
2.7647272834645671
0
LINE
8
BLACK
6
CONTINUOUS
10
-0.6157843700787401
20
2.7647272834645671
11
-0.6091912992125984
21
2.7462666929133857
0
LINE
8
BLACK
6
CONTINUOUS
10
-0.6091912992125984
20
2.7462666929133857
11
-0.6025982283464567
21
2.7647272834645671
0
LINE
8
BLACK
6
CONTINUOUS
10
-0.6025982283464567
20
2.7647272834645671
11
-0.6023510236220472
21
2.7652507086614171
0
LINE
8
BLACK
6
CONTINUOUS
10
-0.6023510236220472
20
2.7652507086614171
11
-0.6015778346456693
21
2.7661048031496063
0
LINE
8
BLACK
6
CONTINUOUS
10
-0.6015778346456693
20
2.7661048031496063
11
-0.6005366535433071
21
2.766597992125984
0
LINE
8
BLACK
6
CONTINUOUS
10
-0.6005366535433071
20
2.766597992125984
11
-0.5993859448818898
21
2.7666552362204722
0
LINE
8
BLACK
6
CONTINUOUS
10
-0.5993859448818898
20
2.7666552362204722
11
-0.5983009448818898
21
2.7662677165354328
0
LINE
8
BLACK
6
CONTINUOUS
10
-0.2333009448818898
20
2.7662677165354328
11
-0.2324468503937008
21
2.7654944881889763
0
LINE
8
BLACK
6
CONTINUOUS
10
-0.2324468503937008
20
2.7654944881889763
11
-0.2319536614173228
21
2.764453307086614
0
LINE
8
BLACK
6
CONTINUOUS
10
-0.2319536614173228
20
2.764453307086614
11
-0.2318964173228346
21
2.7633026377952756
0
LINE
8
BLACK
6
CONTINUOUS
10
-0.2318964173228346
20
2.7633026377952756
11
-0.2320367322834646
21
2.7627410629921259
0
LINE
8
BLACK
6
CONTINUOUS
10
-0.2320367322834646
20
2.7627410629921259
11
-0.2410347637795276
21
2.7375466141732283
0
LINE
8
BLACK
6
CONTINUOUS
10
-0.2410347637795276
20
2.7375466141732283
11
-0.2379253149606299
21
2.7297729921259841
0
LINE
8
BLACK
6
CONTINUOUS
10
-0.2379253149606299
20
2.7297729921259841
11
-0.2368179133858268
21
2.7286655905511812
0
LINE
8
BLACK
6
CONTINUOUS
10
-0.2368179133858268
20
2.7286655905511812
11
-0.233496968503937
21
2.7270051181102359
0
LINE
8
BLACK
6
CONTINUOUS
10
-0.233496968503937
20
2.7270051181102359
11
-0.2330070866141732
21
2.7266967716535433
0
LINE
8
BLACK
6
CONTINUOUS
10
-0.2330070866141732
20
2.7266967716535433
11
-0.2322522440944882
21
2.7258263779527558
0
LINE
8
BLACK
6
CONTINUOUS
10
-0.2322522440944882
20
2.7258263779527558
11
-0.2318879133858268
21
2.7247334251968502
0
LINE
8
BLACK
6
CONTINUOUS
10
-0.2318879133858268
20
2.7247334251968502
11
-0.2319695669291338
21
2.7235842125984253
0
LINE
8
BLACK
6
CONTINUOUS
10
-0.2319695669291338
20
2.7235842125984253
11
-0.232484842519685
21
2.7225537007874014
0
LINE
8
BLACK
6
CONTINUOUS
10
-0.232484842519685
20
2.7225537007874014
11
-0.2333551968503937
21
2.7217988582677166
0
LINE
8
BLACK
6
CONTINUOUS
10
-0.2333551968503937
20
2.7217988582677166
11
-0.234448188976378
21
2.721434527559055
0
LINE
8
BLACK
6
CONTINUOUS
10
-0.234448188976378
20
2.721434527559055
11
-0.2355974015748031
21
2.7215161811023623
0
LINE
8
BLACK
6
CONTINUOUS
10
-0.2355974015748031
20
2.7215161811023623
11
-0.2361379921259842
21
2.7217230708661417
0
LINE
8
BLACK
6
CONTINUOUS
10
-0.2361379921259842
20
2.7217230708661417
11
-0.2398875196850394
21
2.7235978346456693
0
LINE
8
BLACK
6
CONTINUOUS
10
-0.2398875196850394
20
2.7235978346456693
11
-0.2401355511811024
21
2.7237539370078738
0
LINE
8
BLACK
6
CONTINUOUS
10
-0.2401355511811024
20
2.7237539370078738
11
-0.2402074803149606
21
2.7237837401574803
0
LINE
8
BLACK
6
CONTINUOUS
10
-0.2402074803149606
20
2.7237837401574803
11
-0.2402884645669291
21
2.7238502362204722
0
LINE
8
BLACK
6
CONTINUOUS
10
-0.2402884645669291
20
2.7238502362204722
11
-0.2403774015748031
21
2.7239061811023619
0
LINE
8
BLACK
6
CONTINUOUS
10
-0.2403774015748031
20
2.7239061811023619
11
-0.2404285826771654
21
2.7239651968503935
0
LINE
8
BLACK
6
CONTINUOUS
10
-0.2404285826771654
20
2.7239651968503935
11
-0.2406549212598425
21
2.7241509448818899
0
LINE
8
BLACK
6
CONTINUOUS
10
-0.2406549212598425
20
2.7241509448818899
11
-0.2425296850393701
21
2.7260257086614175
0
LINE
8
BLACK
6
CONTINUOUS
10
-0.2425296850393701
20
2.7260257086614175
11
-0.2428968897637795
21
2.7264731496062993
0
LINE
8
BLACK
6
CONTINUOUS
10
-0.2428968897637795
20
2.7264731496062993
11
-0.242903937007874
21
2.7264901181102363
0
LINE
8
BLACK
6
CONTINUOUS
10
-0.242903937007874
20
2.7264901181102363
11
-0.2429167322834646
21
2.7265032283464565
0
LINE
8
BLACK
6
CONTINUOUS
10
-0.2429167322834646
20
2.7265032283464565
11
-0.2431833464566929
21
2.7270170078740157
0
LINE
8
BLACK
6
CONTINUOUS
10
-0.2431833464566929
20
2.7270170078740157
11
-0.246932874015748
21
2.7363908267716535
0
LINE
8
BLACK
6
CONTINUOUS
10
-0.246932874015748
20
2.7363908267716535
11
-0.2469483464566929
21
2.7364441338582677
0
LINE
8
BLACK
6
CONTINUOUS
10
-0.2469483464566929
20
2.7364441338582677
11
-0.2469720472440945
21
2.7364943307086613
0
LINE
8
BLACK
6
CONTINUOUS
10
-0.2469720472440945
20
2.7364943307086613
11
-0.2563458661417323
21
2.7627410629921259
0
LINE
8
BLACK
6
CONTINUOUS
10
-0.2563458661417323
20
2.7627410629921259
11
-0.2564861811023622
21
2.7633026377952756
0
LINE
8
BLACK
6
CONTINUOUS
10
-0.2564861811023622
20
2.7633026377952756
11
-0.256428937007874
21
2.7644533464566927
0
LINE
8
BLACK
6
CONTINUOUS
10
-0.256428937007874
20
2.7644533464566927
11
-0.255935748031496
21
2.765494527559055
0
LINE
8
BLACK
6
CONTINUOUS
10
-0.255935748031496
20
2.765494527559055
11
-0.2550816535433071
21
2.7662677165354328
0
LINE
8
BLACK
6
CONTINUOUS
10
-0.2550816535433071
20
2.7662677165354328
11
-0.2539966535433071
21
2.7666552362204722
0
LINE
8
BLACK
6
CONTINUOUS
10
-0.2539966535433071
20
2.7666552362204722
11
-0.2528459448818898
21
2.766597992125984
0
LINE
8
BLACK
6
CONTINUOUS
10
-0.2528459448818898
20
2.766597992125984
11
-0.2518047637795275
21
2.7661048031496063
0
LINE
8
BLACK
6
CONTINUOUS
10
-0.2518047637795275
20
2.7661048031496063
11
-0.2510315748031496
21
2.7652507086614171
0
LINE
8
BLACK
6
CONTINUOUS
10
-0.2510315748031496
20
2.7652507086614171
11
-0.2507843700787402
21
2.7647272834645671
0
LINE
8
BLACK
6
CONTINUOUS
10
-0.2507843700787402
20
2.7647272834645671
11
-0.2441912992125984
21
2.7462666929133857
0
LINE
8
BLACK
6
CONTINUOUS
10
-0.2441912992125984
20
2.7462666929133857
11
-0.2375982283464567
21
2.7647272834645671
0
LINE
8
BLACK
6
CONTINUOUS
10
-0.2375982283464567
20
2.7647272834645671
11
-0.2373510236220472
21
2.7652507086614171
0
LINE
8
BLACK
6
CONTINUOUS
10
-0.2373510236220472
20
2.7652507086614171
11
-0.2365778346456693
21
2.7661048031496063
0
LINE
8
BLACK
6
CONTINUOUS
10
-0.2365778346456693
20
2.7661048031496063
11
-0.2355366535433071
21
2.766597992125984
0
LINE
8
BLACK
6
CONTINUOUS
10
-0.2355366535433071
20
2.766597992125984
11
-0.2343859448818898
21
2.7666552362204722
0
LINE
8
BLACK
6
CONTINUOUS
10
-0.2343859448818898
20
2.7666552362204722
11
-0.2333009448818898
21
2.7662677165354328
0
LINE
8
BLACK
6
CONTINUOUS
10
-0.548622716535433
20
2.7666301968503935
11
-0.5485247244094488
21
2.7665896062992124
0
LINE
8
BLACK
6
CONTINUOUS
10
-0.5485247244094488
20
2.7665896062992124
11
-0.5484188976377953
21
2.7665820866141733
0
LINE
8
BLACK
6
CONTINUOUS
10
-0.5484188976377953
20
2.7665820866141733
11
-0.5478782677165355
21
2.7663751968503938
0
LINE
8
BLACK
6
CONTINUOUS
10
-0.5478782677165355
20
2.7663751968503938
11
-0.5441287401574803
21
2.7645004330708662
0
LINE
8
BLACK
6
CONTINUOUS
10
-0.5441287401574803
20
2.7645004330708662
11
-0.5440324015748031
21
2.7644398031496062
0
LINE
8
BLACK
6
CONTINUOUS
10
-0.5440324015748031
20
2.7644398031496062
11
-0.543986968503937
21
2.7644246456692914
0
LINE
8
BLACK
6
CONTINUOUS
10
-0.543986968503937
20
2.7644246456692914
11
-0.5439304330708661
21
2.7643756299212598
0
LINE
8
BLACK
6
CONTINUOUS
10
-0.5439304330708661
20
2.7643756299212598
11
-0.5436388582677165
21
2.7641920866141731
0
LINE
8
BLACK
6
CONTINUOUS
10
-0.5436388582677165
20
2.7641920866141731
11
-0.5433962992125985
21
2.7639124015748031
0
LINE
8
BLACK
6
CONTINUOUS
10
-0.5433962992125985
20
2.7639124015748031
11
-0.5431165748031496
21
2.7636698031496061
0
LINE
8
BLACK
6
CONTINUOUS
10
-0.5431165748031496
20
2.7636698031496061
11
-0.5429330708661417
21
2.7633782677165355
0
LINE
8
BLACK
6
CONTINUOUS
10
-0.5429330708661417
20
2.7633782677165355
11
-0.5428840157480315
21
2.7633216929133857
0
LINE
8
BLACK
6
CONTINUOUS
10
-0.5428840157480315
20
2.7633216929133857
11
-0.5428688976377952
21
2.7632762992125985
0
LINE
8
BLACK
6
CONTINUOUS
10
-0.5428688976377952
20
2.7632762992125985
11
-0.5428082283464567
21
2.7631799212598422
0
LINE
8
BLACK
6
CONTINUOUS
10
-0.5428082283464567
20
2.7631799212598422
11
-0.5409334645669291
21
2.7594303937007871
0
LINE
8
BLACK
6
CONTINUOUS
10
-0.5409334645669291
20
2.7594303937007871
11
-0.5407265748031496
21
2.7588898031496063
0
LINE
8
BLACK
6
CONTINUOUS
10
-0.5407265748031496
20
2.7588898031496063
11
-0.5407190551181102
21
2.7587839370078742
0
LINE
8
BLACK
6
CONTINUOUS
10
-0.5407190551181102
20
2.7587839370078742
11
-0.5406784645669291
21
2.7586859448818899
0
LINE
8
BLACK
6
CONTINUOUS
10
-0.5406784645669291
20
2.7586859448818899
11
-0.5406217322834646
21
2.7581098818897636
0
LINE
8
BLACK
6
CONTINUOUS
10
-0.5406217322834646
20
2.7581098818897636
11
-0.5406217322834646
21
2.7431117716535431
0
LINE
8
BLACK
6
CONTINUOUS
10
-0.5406217322834646
20
2.7431117716535431
11
-0.5406784645669291
21
2.7425357086614173
0
LINE
8
BLACK
6
CONTINUOUS
10
-0.5406784645669291
20
2.7425357086614173
11
-0.540719094488189
21
2.742437716535433
0
LINE
8
BLACK
6
CONTINUOUS
10
-0.540719094488189
20
2.742437716535433
11
-0.5407265748031496
21
2.7423318897637796
0
LINE
8
BLACK
6
CONTINUOUS
10
-0.5407265748031496
20
2.7423318897637796
11
-0.5409334645669291
21
2.7417912598425196
0
LINE
8
BLACK
6
CONTINUOUS
10
-0.5409334645669291
20
2.7417912598425196
11
-0.5428082283464567
21
2.7380416929133857
0
LINE
8
BLACK
6
CONTINUOUS
10
-0.5428082283464567
20
2.7380416929133857
11
-0.5428688976377952
21
2.7379453543307086
0
LINE
8
BLACK
6
CONTINUOUS
10
-0.5428688976377952
20
2.7379453543307086
11
-0.5428840157480315
21
2.7378999212598423
0
LINE
8
BLACK
6
CONTINUOUS
10
-0.5428840157480315
20
2.7378999212598423
11
-0.5429330708661417
21
2.7378433858267717
0
LINE
8
BLACK
6
CONTINUOUS
10
-0.5429330708661417
20
2.7378433858267717
11
-0.5431165748031496
21
2.7375518110236219
0
LINE
8
BLACK
6
CONTINUOUS
10
-0.5431165748031496
20
2.7375518110236219
11
-0.5433962992125985
21
2.7373092519685041
0
LINE
8
BLACK
6
CONTINUOUS
10
-0.5433962992125985
20
2.7373092519685041
11
-0.5436388582677165
21
2.7370295275590553
0
LINE
8
BLACK
6
CONTINUOUS
10
-0.5436388582677165
20
2.7370295275590553
11
-0.5439304330708661
21
2.7368460236220473
0
LINE
8
BLACK
6
CONTINUOUS
10
-0.5439304330708661
20
2.7368460236220473
11
-0.543986968503937
21
2.7367969685039371
0
LINE
8
BLACK
6
CONTINUOUS
10
-0.543986968503937
20
2.7367969685039371
11
-0.5440324015748031
21
2.7367818503937009
0
LINE
8
BLACK
6
CONTINUOUS
10
-0.5440324015748031
20
2.7367818503937009
11
-0.5441287401574803
21
2.7367211811023622
0
LINE
8
BLACK
6
CONTINUOUS
10
-0.5441287401574803
20
2.7367211811023622
11
-0.5478782677165355
21
2.7348464173228346
0
LINE
8
BLACK
6
CONTINUOUS
10
-0.5478782677165355
20
2.7348464173228346
11
-0.5484188976377953
21
2.7346395275590551
0
LINE
8
BLACK
6
CONTINUOUS
10
-0.5484188976377953
20
2.7346395275590551
11
-0.5485247244094488
21
2.7346320472440944
0
LINE
8
BLACK
6
CONTINUOUS
10
-0.5485247244094488
20
2.7346320472440944
11
-0.548622716535433
21
2.7345914173228345
0
LINE
8
BLACK
6
CONTINUOUS
10
-0.548622716535433
20
2.7345914173228345
11
-0.549198779527559
21
2.7345346850393701
0
LINE
8
BLACK
6
CONTINUOUS
10
-0.549198779527559
20
2.7345346850393701
11
-0.5566978346456692
21
2.7345346850393701
0
LINE
8
BLACK
6
CONTINUOUS
10
-0.5566978346456692
20
2.7345346850393701
11
-0.5572738976377952
21
2.7345914173228345
0
LINE
8
BLACK
6
CONTINUOUS
10
-0.5572738976377952
20
2.7345914173228345
11
-0.5573718897637795
21
2.7346320078740156
0
LINE
8
BLACK
6
CONTINUOUS
10
-0.5573718897637795
20
2.7346320078740156
11
-0.5574777559055119
21
2.7346395275590551
0
LINE
8
BLACK
6
CONTINUOUS
10
-0.5574777559055119
20
2.7346395275590551
11
-0.5580183464566929
21
2.7348464173228346
0
LINE
8
BLACK
6
CONTINUOUS
10
-0.5580183464566929
20
2.7348464173228346
11
-0.561767874015748
21
2.7367211811023622
0
LINE
8
BLACK
6
CONTINUOUS
10
-0.561767874015748
20
2.7367211811023622
11
-0.5622577559055117
21
2.7370295275590553
0
LINE
8
BLACK
6
CONTINUOUS
10
-0.5622577559055117
20
2.7370295275590553
11
-0.5630125984251968
21
2.7378999212598423
0
LINE
8
BLACK
6
CONTINUOUS
10
-0.5630125984251968
20
2.7378999212598423
11
-0.5633769291338583
21
2.7389928740157479
0
LINE
8
BLACK
6
CONTINUOUS
10
-0.5633769291338583
20
2.7389928740157479
11
-0.5632952755905511
21
2.7401420866141732
0
LINE
8
BLACK
6
CONTINUOUS
10
-0.5632952755905511
20
2.7401420866141732
11
-0.5627800393700787
21
2.7411725984251967
0
LINE
8
BLACK
6
CONTINUOUS
10
-0.5627800393700787
20
2.7411725984251967
11
-0.5619096456692914
21
2.7419274409448819
0
LINE
8
BLACK
6
CONTINUOUS
10
-0.5619096456692914
20
2.7419274409448819
11
-0.5608166929133858
21
2.7422917716535431
0
LINE
8
BLACK
6
CONTINUOUS
10
-0.5608166929133858
20
2.7422917716535431
11
-0.5596674803149606
21
2.7422101181102363
0
LINE
8
BLACK
6
CONTINUOUS
10
-0.5596674803149606
20
2.7422101181102363
11
-0.5591268503937008
21
2.7420032283464568
0
LINE
8
BLACK
6
CONTINUOUS
10
-0.5591268503937008
20
2.7420032283464568
11
-0.5560007874015748
21
2.7404401968503938
0
LINE
8
BLACK
6
CONTINUOUS
10
-0.5560007874015748
20
2.7404401968503938
11
-0.5498958267716535
21
2.7404401968503938
0
LINE
8
BLACK
6
CONTINUOUS
10
-0.5498958267716535
20
2.7404401968503938
11
-0.5476501181102362
21
2.7415630708661416
0
LINE
8
BLACK
6
CONTINUOUS
10
-0.5476501181102362
20
2.7415630708661416
11
-0.5465272440944882
21
2.7438088188976377
0
LINE
8
BLACK
6
CONTINUOUS
10
-0.5465272440944882
20
2.7438088188976377
11
-0.5465272440944882
21
2.7481901968503935
0
LINE
8
BLACK
6
CONTINUOUS
10
-0.5465272440944882
20
2.7481901968503935
11
-0.562901220472441
21
2.7514649212598425
0
LINE
8
BLACK
6
CONTINUOUS
10
-0.562901220472441
20
2.7514649212598425
11
-0.5634549606299213
21
2.7516335433070864
0
LINE
8
BLACK
6
CONTINUOUS
10
-0.5634549606299213
20
2.7516335433070864
11
-0.5636953543307086
21
2.7517945669291337
0
LINE
8
BLACK
6
CONTINUOUS
10
-0.5636953543307086
20
2.7517945669291337
11
-0.5639625984251968
21
2.7519052362204723
0
LINE
8
BLACK
6
CONTINUOUS
10
-0.5639625984251968
20
2.7519052362204723
11
-0.5641693307086614
21
2.7521119685039368
0
LINE
8
BLACK
6
CONTINUOUS
10
-0.5641693307086614
20
2.7521119685039368
11
-0.5644122440944882
21
2.7522746456692913
0
LINE
8
BLACK
6
CONTINUOUS
10
-0.5644122440944882
20
2.7522746456692913
11
-0.5645727165354331
21
2.7525153543307086
0
LINE
8
BLACK
6
CONTINUOUS
10
-0.5645727165354331
20
2.7525153543307086
11
-0.5647772440944882
21
2.7527198818897638
0
LINE
8
BLACK
6
CONTINUOUS
10
-0.5647772440944882
20
2.7527198818897638
11
-0.5648891338582677
21
2.7529899606299213
0
LINE
8
BLACK
6
CONTINUOUS
10
-0.5648891338582677
20
2.7529899606299213
11
-0.5650512992125984
21
2.7532332283464567
0
LINE
8
BLACK
6
CONTINUOUS
10
-0.5650512992125984
20
2.7532332283464567
11
-0.5651074803149606
21
2.7535170472440944
0
LINE
8
BLACK
6
CONTINUOUS
10
-0.5651074803149606
20
2.7535170472440944
11
-0.5652181496062992
21
2.7537842913385826
0
LINE
8
BLACK
6
CONTINUOUS
10
-0.5652181496062992
20
2.7537842913385826
11
-0.5652748818897637
21
2.7543603543307085
0
LINE
8
BLACK
6
CONTINUOUS
10
-0.5652748818897637
20
2.7543603543307085
11
-0.5652748818897637
21
2.7581098818897636
0
LINE
8
BLACK
6
CONTINUOUS
10
-0.5652748818897637
20
2.7581098818897636
11
-0.5652181496062992
21
2.7586859448818899
0
LINE
8
BLACK
6
CONTINUOUS
10
-0.5652181496062992
20
2.7586859448818899
11
-0.5651775590551181
21
2.7587839763779525
0
LINE
8
BLACK
6
CONTINUOUS
10
-0.5651775590551181
20
2.7587839763779525
11
-0.5651700393700787
21
2.7588897637795275
0
LINE
8
BLACK
6
CONTINUOUS
10
-0.5651700393700787
20
2.7588897637795275
11
-0.5649631496062992
21
2.7594303937007871
0
LINE
8
BLACK
6
CONTINUOUS
10
-0.5649631496062992
20
2.7594303937007871
11
-0.5630883858267717
21
2.7631799212598422
0
LINE
8
BLACK
6
CONTINUOUS
10
-0.5630883858267717
20
2.7631799212598422
11
-0.5630277559055118
21
2.7632762992125985
0
LINE
8
BLACK
6
CONTINUOUS
10
-0.5630277559055118
20
2.7632762992125985
11
-0.5630125984251968
21
2.7633216929133857
0
LINE
8
BLACK
6
CONTINUOUS
10
-0.5630125984251968
20
2.7633216929133857
11
-0.5629635826771653
21
2.7633782677165355
0
LINE
8
BLACK
6
CONTINUOUS
10
-0.5629635826771653
20
2.7633782677165355
11
-0.5627800393700787
21
2.7636698031496061
0
LINE
8
BLACK
6
CONTINUOUS
10
-0.5627800393700787
20
2.7636698031496061
11
-0.5625003543307087
21
2.7639124015748031
0
LINE
8
BLACK
6
CONTINUOUS
10
-0.5625003543307087
20
2.7639124015748031
11
-0.5622577559055117
21
2.7641920866141731
0
LINE
8
BLACK
6
CONTINUOUS
10
-0.5622577559055117
20
2.7641920866141731
11
-0.5619662204724409
21
2.7643756299212598
0
LINE
8
BLACK
6
CONTINUOUS
10
-0.5619662204724409
20
2.7643756299212598
11
-0.5619096456692914
21
2.7644246456692914
0
LINE
8
BLACK
6
CONTINUOUS
10
-0.5619096456692914
20
2.7644246456692914
11
-0.5618642519685039
21
2.7644398031496062
0
LINE
8
BLACK
6
CONTINUOUS
10
-0.5618642519685039
20
2.7644398031496062
11
-0.561767874015748
21
2.7645004330708662
0
LINE
8
BLACK
6
CONTINUOUS
10
-0.561767874015748
20
2.7645004330708662
11
-0.5580183464566929
21
2.7663751968503938
0
LINE
8
BLACK
6
CONTINUOUS
10
-0.5580183464566929
20
2.7663751968503938
11
-0.5574777559055119
21
2.7665820866141733
0
LINE
8
BLACK
6
CONTINUOUS
10
-0.5574777559055119
20
2.7665820866141733
11
-0.5573718897637795
21
2.7665896456692911
0
LINE
8
BLACK
6
CONTINUOUS
10
-0.5573718897637795
20
2.7665896456692911
11
-0.5572738976377952
21
2.7666301968503935
0
LINE
8
BLACK
6
CONTINUOUS
10
-0.5572738976377952
20
2.7666301968503935
11
-0.5566978346456692
21
2.7666869291338583
0
LINE
8
BLACK
6
CONTINUOUS
10
-0.5566978346456692
20
2.7666869291338583
11
-0.549198779527559
21
2.7666869291338583
0
LINE
8
BLACK
6
CONTINUOUS
10
-0.549198779527559
20
2.7666869291338583
11
-0.548622716535433
21
2.7666301968503935
0
LINE
8
BLACK
6
CONTINUOUS
10
-0.5582465354330709
20
2.7596585826771651
11
-0.5593693700787401
21
2.7574128346456694
0
LINE
8
BLACK
6
CONTINUOUS
10
-0.5593693700787401
20
2.7574128346456694
11
-0.5593693700787401
21
2.7567810629921259
0
LINE
8
BLACK
6
CONTINUOUS
10
-0.5593693700787401
20
2.7567810629921259
11
-0.5465272440944882
21
2.7542126377952756
0
LINE
8
BLACK
6
CONTINUOUS
10
-0.5465272440944882
20
2.7542126377952756
11
-0.5465272440944882
21
2.7574128346456694
0
LINE
8
BLACK
6
CONTINUOUS
10
-0.5465272440944882
20
2.7574128346456694
11
-0.5476501181102362
21
2.7596585826771651
0
LINE
8
BLACK
6
CONTINUOUS
10
-0.5476501181102362
20
2.7596585826771651
11
-0.5498958267716535
21
2.7607814173228347
0
LINE
8
BLACK
6
CONTINUOUS
10
-0.5498958267716535
20
2.7607814173228347
11
-0.5560007874015748
21
2.7607814173228347
0
LINE
8
BLACK
6
CONTINUOUS
10
-0.5560007874015748
20
2.7607814173228347
11
-0.5582465354330709
21
2.7596585826771651
0
LINE
8
BLACK
6
CONTINUOUS
10
-0.5213115748031496
20
2.7793126377952757
11
-0.5204969291338583
21
2.7784979921259843
0
LINE
8
BLACK
6
CONTINUOUS
10
-0.5204969291338583
20
2.7784979921259843
11
-0.5200560236220473
21
2.7774335826771654
0
LINE
8
BLACK
6
CONTINUOUS
10
-0.5200560236220473
20
2.7774335826771654
11
-0.5199992913385827
21
2.7768575196850391
0
LINE
8
BLACK
6
CONTINUOUS
10
-0.5199992913385827
20
2.7768575196850391
11
-0.5199992913385827
21
2.7666869291338583
0
LINE
8
BLACK
6
CONTINUOUS
10
-0.5199992913385827
20
2.7666869291338583
11
-0.5173277559055118
21
2.7666869291338583
0
LINE
8
BLACK
6
CONTINUOUS
10
-0.5173277559055118
20
2.7666869291338583
11
-0.5167516929133859
21
2.7666301968503935
0
LINE
8
BLACK
6
CONTINUOUS
10
-0.5167516929133859
20
2.7666301968503935
11
-0.5156872834645669
21
2.7661892913385828
0
LINE
8
BLACK
6
CONTINUOUS
10
-0.5156872834645669
20
2.7661892913385828
11
-0.5148726377952756
21
2.7653746456692914
0
LINE
8
BLACK
6
CONTINUOUS
10
-0.5148726377952756
20
2.7653746456692914
11
-0.5144317322834645
21
2.7643102362204726
0
LINE
8
BLACK
6
CONTINUOUS
10
-0.5144317322834645
20
2.7643102362204726
11
-0.5144317322834645
21
2.7631581102362204
0
LINE
8
BLACK
6
CONTINUOUS
10
-0.5144317322834645
20
2.7631581102362204
11
-0.5148726377952756
21
2.7620937007874016
0
LINE
8
BLACK
6
CONTINUOUS
10
-0.5148726377952756
20
2.7620937007874016
11
-0.5156872834645669
21
2.7612790551181101
0
LINE
8
BLACK
6
CONTINUOUS
10
-0.5156872834645669
20
2.7612790551181101
11
-0.5167516929133859
21
2.760838149606299
0
LINE
8
BLACK
6
CONTINUOUS
10
-0.5167516929133859
20
2.760838149606299
11
-0.5173277559055118
21
2.7607814173228347
0
LINE
8
BLACK
6
CONTINUOUS
10
-0.5173277559055118
20
2.7607814173228347
11
-0.5199992913385827
21
2.7607814173228347
0
LINE
8
BLACK
6
CONTINUOUS
10
-0.5199992913385827
20
2.7607814173228347
11
-0.5199992913385827
21
2.7431117716535431
0
LINE
8
BLACK
6
CONTINUOUS
10
-0.5199992913385827
20
2.7431117716535431
11
-0.5200560236220473
21
2.7425357086614173
0
LINE
8
BLACK
6
CONTINUOUS
10
-0.5200560236220473
20
2.7425357086614173
11
-0.520096653543307
21
2.742437716535433
0
LINE
8
BLACK
6
CONTINUOUS
10
-0.520096653543307
20
2.742437716535433
11
-0.5201041338582677
21
2.7423318897637796
0
LINE
8
BLACK
6
CONTINUOUS
10
-0.5201041338582677
20
2.7423318897637796
11
-0.5203110236220473
21
2.7417912598425196
0
LINE
8
BLACK
6
CONTINUOUS
10
-0.5203110236220473
20
2.7417912598425196
11
-0.5221857874015748
21
2.7380416929133857
0
LINE
8
BLACK
6
CONTINUOUS
10
-0.5221857874015748
20
2.7380416929133857
11
-0.5222464566929134
21
2.7379453543307086
0
LINE
8
BLACK
6
CONTINUOUS
10
-0.5222464566929134
20
2.7379453543307086
11
-0.5222615748031496
21
2.7378999212598423
0
LINE
8
BLACK
6
CONTINUOUS
10
-0.5222615748031496
20
2.7378999212598423
11
-0.5223106299212599
21
2.7378433858267717
0
LINE
8
BLACK
6
CONTINUOUS
10
-0.5223106299212599
20
2.7378433858267717
11
-0.5224941338582677
21
2.7375518110236219
0
LINE
8
BLACK
6
CONTINUOUS
10
-0.5224941338582677
20
2.7375518110236219
11
-0.5227738582677165
21
2.7373092519685041
0
LINE
8
BLACK
6
CONTINUOUS
10
-0.5227738582677165
20
2.7373092519685041
11
-0.5230164173228347
21
2.7370295275590553
0
LINE
8
BLACK
6
CONTINUOUS
10
-0.5230164173228347
20
2.7370295275590553
11
-0.5233079921259842
21
2.7368460236220473
0
LINE
8
BLACK
6
CONTINUOUS
10
-0.5233079921259842
20
2.7368460236220473
11
-0.5233645275590552
21
2.7367969685039371
0
LINE
8
BLACK
6
CONTINUOUS
10
-0.5233645275590552
20
2.7367969685039371
11
-0.5234099606299213
21
2.7367818503937009
0
LINE
8
BLACK
6
CONTINUOUS
10
-0.5234099606299213
20
2.7367818503937009
11
-0.5235062992125984
21
2.7367211811023622
0
LINE
8
BLACK
6
CONTINUOUS
10
-0.5235062992125984
20
2.7367211811023622
11
-0.5272558267716535
21
2.7348464173228346
0
LINE
8
BLACK
6
CONTINUOUS
10
-0.5272558267716535
20
2.7348464173228346
11
-0.5277964566929134
21
2.7346395275590551
0
LINE
8
BLACK
6
CONTINUOUS
10
-0.5277964566929134
20
2.7346395275590551
11
-0.5279022834645669
21
2.7346320472440944
0
LINE
8
BLACK
6
CONTINUOUS
10
-0.5279022834645669
20
2.7346320472440944
11
-0.5280002755905512
21
2.7345914173228345
0
LINE
8
BLACK
6
CONTINUOUS
10
-0.5280002755905512
20
2.7345914173228345
11
-0.5285763385826772
21
2.7345346850393701
0
LINE
8
BLACK
6
CONTINUOUS
10
-0.5285763385826772
20
2.7345346850393701
11
-0.5323258661417323
21
2.7345346850393701
0
LINE
8
BLACK
6
CONTINUOUS
10
-0.5323258661417323
20
2.7345346850393701
11
-0.5329019291338583
21
2.7345914173228345
0
LINE
8
BLACK
6
CONTINUOUS
10
-0.5329019291338583
20
2.7345914173228345
11
-0.5339663385826772
21
2.7350323228346456
0
LINE
8
BLACK
6
CONTINUOUS
10
-0.5339663385826772
20
2.7350323228346456
11
-0.5347809842519685
21
2.735846968503937
0
LINE
8
BLACK
6
CONTINUOUS
10
-0.5347809842519685
20
2.735846968503937
11
-0.5352218897637795
21
2.7369113779527559
0
LINE
8
BLACK
6
CONTINUOUS
10
-0.5352218897637795
20
2.7369113779527559
11
-0.5352218897637795
21
2.7380635039370076
0
LINE
8
BLACK
6
CONTINUOUS
10
-0.5352218897637795
20
2.7380635039370076
11
-0.5347809842519685
21
2.7391279133858268
0
LINE
8
BLACK
6
CONTINUOUS
10
-0.5347809842519685
20
2.7391279133858268
11
-0.5339663385826772
21
2.7399425590551179
0
LINE
8
BLACK
6
CONTINUOUS
10
-0.5339663385826772
20
2.7399425590551179
11
-0.5329019291338583
21
2.7403834645669289
0
LINE
8
BLACK
6
CONTINUOUS
10
-0.5329019291338583
20
2.7403834645669289
11
-0.5323258661417323
21
2.7404401968503938
0
LINE
8
BLACK
6
CONTINUOUS
10
-0.5323258661417323
20
2.7404401968503938
11
-0.5292733858267716
21
2.7404401968503938
0
LINE
8
BLACK
6
CONTINUOUS
10
-0.5292733858267716
20
2.7404401968503938
11
-0.5270276771653544
21
2.7415630708661416
0
LINE
8
BLACK
6
CONTINUOUS
10
-0.5270276771653544
20
2.7415630708661416
11
-0.5259048031496063
21
2.7438088188976377
0
LINE
8
BLACK
6
CONTINUOUS
10
-0.5259048031496063
20
2.7438088188976377
11
-0.5259048031496063
21
2.7607814173228347
0
LINE
8
BLACK
6
CONTINUOUS
10
-0.5259048031496063
20
2.7607814173228347
11
-0.5323258661417323
21
2.7607814173228347
0
LINE
8
BLACK
6
CONTINUOUS
10
-0.5323258661417323
20
2.7607814173228347
11
-0.5329019291338583
21
2.760838149606299
0
LINE
8
BLACK
6
CONTINUOUS
10
-0.5329019291338583
20
2.760838149606299
11
-0.5339663385826772
21
2.7612790551181101
0
LINE
8
BLACK
6
CONTINUOUS
10
-0.5339663385826772
20
2.7612790551181101
11
-0.5347809842519685
21
2.7620937007874016
0
LINE
8
BLACK
6
CONTINUOUS
10
-0.5347809842519685
20
2.7620937007874016
11
-0.5352218897637795
21
2.7631581102362204
0
LINE
8
BLACK
6
CONTINUOUS
10
-0.5352218897637795
20
2.7631581102362204
11
-0.5352218897637795
21
2.7643102362204726
0
LINE
8
BLACK
6
CONTINUOUS
10
-0.5352218897637795
20
2.7643102362204726
11
-0.5347809842519685
21
2.7653746456692914
0
LINE
8
BLACK
6
CONTINUOUS
10
-0.5347809842519685
20
2.7653746456692914
11
-0.5339663385826772
21
2.7661892913385828
0
LINE
8
BLACK
6
CONTINUOUS
10
-0.5339663385826772
20
2.7661892913385828
11
-0.5329019291338583
21
2.7666301968503935
0
LINE
8
BLACK
6
CONTINUOUS
10
-0.5329019291338583
20
2.7666301968503935
11
-0.5323258661417323
21
2.7666869291338583
0
LINE
8
BLACK
6
CONTINUOUS
10
-0.5323258661417323
20
2.7666869291338583
11
-0.5259048031496063
21
2.7666869291338583
0
LINE
8
BLACK
6
CONTINUOUS
10
-0.5259048031496063
20
2.7666869291338583
11
-0.5259048031496063
21
2.7768575196850391
0
LINE
8
BLACK
6
CONTINUOUS
10
-0.5259048031496063
20
2.7768575196850391
11
-0.5258480708661417
21
2.7774335826771654
0
LINE
8
BLACK
6
CONTINUOUS
10
-0.5258480708661417
20
2.7774335826771654
11
-0.5254071653543307
21
2.7784979921259843
0
LINE
8
BLACK
6
CONTINUOUS
10
-0.5254071653543307
20
2.7784979921259843
11
-0.5245925196850394
21
2.7793126377952757
0
LINE
8
BLACK
6
CONTINUOUS
10
-0.5245925196850394
20
2.7793126377952757
11
-0.5235281102362205
21
2.7797535433070863
0
LINE
8
BLACK
6
CONTINUOUS
10
-0.5235281102362205
20
2.7797535433070863
11
-0.5223759842519685
21
2.7797535433070863
0
LINE
8
BLACK
6
CONTINUOUS
10
-0.5223759842519685
20
2.7797535433070863
11
-0.5213115748031496
21
2.7793126377952757
0
LINE
8
BLACK
6
CONTINUOUS
10
-0.4988143700787401
20
2.7793126377952757
11
-0.4979997244094488
21
2.7784979921259843
0
LINE
8
BLACK
6
CONTINUOUS
10
-0.4979997244094488
20
2.7784979921259843
11
-0.4975588188976378
21
2.7774335826771654
0
LINE
8
BLACK
6
CONTINUOUS
10
-0.4975588188976378
20
2.7774335826771654
11
-0.4975020866141732
21
2.7768575196850391
0
LINE
8
BLACK
6
CONTINUOUS
10
-0.4975020866141732
20
2.7768575196850391
11
-0.4975020866141732
21
2.7666869291338583
0
LINE
8
BLACK
6
CONTINUOUS
10
-0.4975020866141732
20
2.7666869291338583
11
-0.4948305511811024
21
2.7666869291338583
0
LINE
8
BLACK
6
CONTINUOUS
10
-0.4948305511811024
20
2.7666869291338583
11
-0.4942544881889764
21
2.7666301968503935
0
LINE
8
BLACK
6
CONTINUOUS
10
-0.4942544881889764
20
2.7666301968503935
11
-0.4931900787401575
21
2.7661892913385828
0
LINE
8
BLACK
6
CONTINUOUS
10
-0.4931900787401575
20
2.7661892913385828
11
-0.4923754330708661
21
2.7653746456692914
0
LINE
8
BLACK
6
CONTINUOUS
10
-0.4923754330708661
20
2.7653746456692914
11
-0.4919345275590551
21
2.7643102362204726
0
LINE
8
BLACK
6
CONTINUOUS
10
-0.4919345275590551
20
2.7643102362204726
11
-0.4919345275590551
21
2.7631581102362204
0
LINE
8
BLACK
6
CONTINUOUS
10
-0.4919345275590551
20
2.7631581102362204
11
-0.4923754330708661
21
2.7620937007874016
0
LINE
8
BLACK
6
CONTINUOUS
10
-0.4923754330708661
20
2.7620937007874016
11
-0.4931900787401575
21
2.7612790551181101
0
LINE
8
BLACK
6
CONTINUOUS
10
-0.4931900787401575
20
2.7612790551181101
11
-0.4942544881889764
21
2.760838149606299
0
LINE
8
BLACK
6
CONTINUOUS
10
-0.4942544881889764
20
2.760838149606299
11
-0.4948305511811024
21
2.7607814173228347
0
LINE
8
BLACK
6
CONTINUOUS
10
-0.4948305511811024
20
2.7607814173228347
11
-0.4975020866141732
21
2.7607814173228347
0
LINE
8
BLACK
6
CONTINUOUS
10
-0.4975020866141732
20
2.7607814173228347
11
-0.4975020866141732
21
2.7431117716535431
0
LINE
8
BLACK
6
CONTINUOUS
10
-0.4975020866141732
20
2.7431117716535431
11
-0.4975588188976378
21
2.7425357086614173
0
LINE
8
BLACK
6
CONTINUOUS
10
-0.4975588188976378
20
2.7425357086614173
11
-0.4975994488188976
21
2.742437716535433
0
LINE
8
BLACK
6
CONTINUOUS
10
-0.4975994488188976
20
2.742437716535433
11
-0.4976069291338582
21
2.7423318897637796
0
LINE
8
BLACK
6
CONTINUOUS
10
-0.4976069291338582
20
2.7423318897637796
11
-0.4978138188976378
21
2.7417912598425196
0
LINE
8
BLACK
6
CONTINUOUS
10
-0.4978138188976378
20
2.7417912598425196
11
-0.4996885826771653
21
2.7380416929133857
0
LINE
8
BLACK
6
CONTINUOUS
10
-0.4996885826771653
20
2.7380416929133857
11
-0.4997492519685039
21
2.7379453543307086
0
LINE
8
BLACK
6
CONTINUOUS
10
-0.4997492519685039
20
2.7379453543307086
11
-0.4997643700787401
21
2.7378999212598423
0
LINE
8
BLACK
6
CONTINUOUS
10
-0.4997643700787401
20
2.7378999212598423
11
-0.4998134251968504
21
2.7378433858267717
0
LINE
8
BLACK
6
CONTINUOUS
10
-0.4998134251968504
20
2.7378433858267717
11
-0.4999969291338582
21
2.7375518110236219
0
LINE
8
BLACK
6
CONTINUOUS
10
-0.4999969291338582
20
2.7375518110236219
11
-0.5002766535433071
21
2.7373092519685041
0
LINE
8
BLACK
6
CONTINUOUS
10
-0.5002766535433071
20
2.7373092519685041
11
-0.5005192125984251
21
2.7370295275590553
0
LINE
8
BLACK
6
CONTINUOUS
10
-0.5005192125984251
20
2.7370295275590553
11
-0.5008107874015748
21
2.7368460236220473
0
LINE
8
BLACK
6
CONTINUOUS
10
-0.5008107874015748
20
2.7368460236220473
11
-0.5008673228346456
21
2.7367969685039371
0
LINE
8
BLACK
6
CONTINUOUS
10
-0.5008673228346456
20
2.7367969685039371
11
-0.5009127559055118
21
2.7367818503937009
0
LINE
8
BLACK
6
CONTINUOUS
10
-0.5009127559055118
20
2.7367818503937009
11
-0.501009094488189
21
2.7367211811023622
0
LINE
8
BLACK
6
CONTINUOUS
10
-0.501009094488189
20
2.7367211811023622
11
-0.5047586220472441
21
2.7348464173228346
0
LINE
8
BLACK
6
CONTINUOUS
10
-0.5047586220472441
20
2.7348464173228346
11
-0.5052992519685039
21
2.7346395275590551
0
LINE
8
BLACK
6
CONTINUOUS
10
-0.5052992519685039
20
2.7346395275590551
11
-0.5054050787401575
21
2.7346320472440944
0
LINE
8
BLACK
6
CONTINUOUS
10
-0.5054050787401575
20
2.7346320472440944
11
-0.5055030708661418
21
2.7345914173228345
0
LINE
8
BLACK
6
CONTINUOUS
10
-0.5055030708661418
20
2.7345914173228345
11
-0.5060791338582677
21
2.7345346850393701
0
LINE
8
BLACK
6
CONTINUOUS
10
-0.5060791338582677
20
2.7345346850393701
11
-0.5098286614173229
21
2.7345346850393701
0
LINE
8
BLACK
6
CONTINUOUS
10
-0.5098286614173229
20
2.7345346850393701
11
-0.5104047244094488
21
2.7345914173228345
0
LINE
8
BLACK
6
CONTINUOUS
10
-0.5104047244094488
20
2.7345914173228345
11
-0.5114691338582678
21
2.7350323228346456
0
LINE
8
BLACK
6
CONTINUOUS
10
-0.5114691338582678
20
2.7350323228346456
11
-0.512283779527559
21
2.735846968503937
0
LINE
8
BLACK
6
CONTINUOUS
10
-0.512283779527559
20
2.735846968503937
11
-0.5127246850393701
21
2.7369113779527559
0
LINE
8
BLACK
6
CONTINUOUS
10
-0.5127246850393701
20
2.7369113779527559
11
-0.5127246850393701
21
2.7380635039370076
0
LINE
8
BLACK
6
CONTINUOUS
10
-0.5127246850393701
20
2.7380635039370076
11
-0.512283779527559
21
2.7391279133858268
0
LINE
8
BLACK
6
CONTINUOUS
10
-0.512283779527559
20
2.7391279133858268
11
-0.5114691338582678
21
2.7399425590551179
0
LINE
8
BLACK
6
CONTINUOUS
10
-0.5114691338582678
20
2.7399425590551179
11
-0.5104047244094488
21
2.7403834645669289
0
LINE
8
BLACK
6
CONTINUOUS
10
-0.5104047244094488
20
2.7403834645669289
11
-0.5098286614173229
21
2.7404401968503938
0
LINE
8
BLACK
6
CONTINUOUS
10
-0.5098286614173229
20
2.7404401968503938
11
-0.5067761811023622
21
2.7404401968503938
0
LINE
8
BLACK
6
CONTINUOUS
10
-0.5067761811023622
20
2.7404401968503938
11
-0.5045304724409448
21
2.7415630708661416
0
LINE
8
BLACK
6
CONTINUOUS
10
-0.5045304724409448
20
2.7415630708661416
11
-0.5034075984251969
21
2.7438088188976377
0
LINE
8
BLACK
6
CONTINUOUS
10
-0.5034075984251969
20
2.7438088188976377
11
-0.5034075984251969
21
2.7607814173228347
0
LINE
8
BLACK
6
CONTINUOUS
10
-0.5034075984251969
20
2.7607814173228347
11
-0.5098286614173229
21
2.7607814173228347
0
LINE
8
BLACK
6
CONTINUOUS
10
-0.5098286614173229
20
2.7607814173228347
11
-0.5104047244094488
21
2.760838149606299
0
LINE
8
BLACK
6
CONTINUOUS
10
-0.5104047244094488
20
2.760838149606299
11
-0.5114691338582678
21
2.7612790551181101
0
LINE
8
BLACK
6
CONTINUOUS
10
-0.5114691338582678
20
2.7612790551181101
11
-0.512283779527559
21
2.7620937007874016
0
LINE
8
BLACK
6
CONTINUOUS
10
-0.512283779527559
20
2.7620937007874016
11
-0.5127246850393701
21
2.7631581102362204
0
LINE
8
BLACK
6
CONTINUOUS
10
-0.5127246850393701
20
2.7631581102362204
11
-0.5127246850393701
21
2.7643102362204726
0
LINE
8
BLACK
6
CONTINUOUS
10
-0.5127246850393701
20
2.7643102362204726
11
-0.512283779527559
21
2.7653746456692914
0
LINE
8
BLACK
6
CONTINUOUS
10
-0.512283779527559
20
2.7653746456692914
11
-0.5114691338582678
21
2.7661892913385828
0
LINE
8
BLACK
6
CONTINUOUS
10
-0.5114691338582678
20
2.7661892913385828
11
-0.5104047244094488
21
2.7666301968503935
0
LINE
8
BLACK
6
CONTINUOUS
10
-0.5104047244094488
20
2.7666301968503935
11
-0.5098286614173229
21
2.7666869291338583
0
LINE
8
BLACK
6
CONTINUOUS
10
-0.5098286614173229
20
2.7666869291338583
11
-0.5034075984251969
21
2.7666869291338583
0
LINE
8
BLACK
6
CONTINUOUS
10
-0.5034075984251969
20
2.7666869291338583
11
-0.5034075984251969
21
2.7768575196850391
0
LINE
8
BLACK
6
CONTINUOUS
10
-0.5034075984251969
20
2.7768575196850391
11
-0.5033508661417323
21
2.7774335826771654
0
LINE
8
BLACK
6
CONTINUOUS
10
-0.5033508661417323
20
2.7774335826771654
11
-0.5029099606299212
21
2.7784979921259843
0
LINE
8
BLACK
6
CONTINUOUS
10
-0.5029099606299212
20
2.7784979921259843
11
-0.5020953149606299
21
2.7793126377952757
0
LINE
8
BLACK
6
CONTINUOUS
10
-0.5020953149606299
20
2.7793126377952757
11
-0.5010309055118111
21
2.7797535433070863
0
LINE
8
BLACK
6
CONTINUOUS
10
-0.5010309055118111
20
2.7797535433070863
11
-0.499878779527559
21
2.7797535433070863
0
LINE
8
BLACK
6
CONTINUOUS
10
-0.499878779527559
20
2.7797535433070863
11
-0.4988143700787401
21
2.7793126377952757
0
LINE
8
BLACK
6
CONTINUOUS
10
-0.4680077559055118
20
2.7666301968503935
11
-0.4679097637795275
21
2.7665896062992124
0
LINE
8
BLACK
6
CONTINUOUS
10
-0.4679097637795275
20
2.7665896062992124
11
-0.467803937007874
21
2.7665820866141733
0
LINE
8
BLACK
6
CONTINUOUS
10
-0.467803937007874
20
2.7665820866141733
11
-0.4672633070866142
21
2.7663751968503938
0
LINE
8
BLACK
6
CONTINUOUS
10
-0.4672633070866142
20
2.7663751968503938
11
-0.4635137795275591
21
2.7645004330708662
0
LINE
8
BLACK
6
CONTINUOUS
10
-0.4635137795275591
20
2.7645004330708662
11
-0.4630238976377953
21
2.7641920866141731
0
LINE
8
BLACK
6
CONTINUOUS
10
-0.4630238976377953
20
2.7641920866141731
11
-0.4622690551181102
21
2.7633216929133857
0
LINE
8
BLACK
6
CONTINUOUS
10
-0.4622690551181102
20
2.7633216929133857
11
-0.4619047244094488
21
2.7622287401574801
0
LINE
8
BLACK
6
CONTINUOUS
10
-0.4619047244094488
20
2.7622287401574801
11
-0.4619863779527559
21
2.7610795275590552
0
LINE
8
BLACK
6
CONTINUOUS
10
-0.4619863779527559
20
2.7610795275590552
11
-0.4625016535433071
21
2.7600490157480313
0
LINE
8
BLACK
6
CONTINUOUS
10
-0.4625016535433071
20
2.7600490157480313
11
-0.4633720078740157
21
2.7592941732283465
0
LINE
8
BLACK
6
CONTINUOUS
10
-0.4633720078740157
20
2.7592941732283465
11
-0.464465
21
2.7589298425196849
0
LINE
8
BLACK
6
CONTINUOUS
10
-0.464465
20
2.7589298425196849
11
-0.4656142125984252
21
2.7590114960629921
0
LINE
8
BLACK
6
CONTINUOUS
10
-0.4656142125984252
20
2.7590114960629921
11
-0.4661548031496063
21
2.7592183858267716
0
LINE
8
BLACK
6
CONTINUOUS
10
-0.4661548031496063
20
2.7592183858267716
11
-0.4692808661417323
21
2.7607814173228347
0
LINE
8
BLACK
6
CONTINUOUS
10
-0.4692808661417323
20
2.7607814173228347
11
-0.4753858267716535
21
2.7607814173228347
0
LINE
8
BLACK
6
CONTINUOUS
10
-0.4753858267716535
20
2.7607814173228347
11
-0.4776315748031496
21
2.7596585826771651
0
LINE
8
BLACK
6
CONTINUOUS
10
-0.4776315748031496
20
2.7596585826771651
11
-0.4787544094488189
21
2.7574128346456694
0
LINE
8
BLACK
6
CONTINUOUS
10
-0.4787544094488189
20
2.7574128346456694
11
-0.4787544094488189
21
2.7561852755905512
0
LINE
8
BLACK
6
CONTINUOUS
10
-0.4787544094488189
20
2.7561852755905512
11
-0.4772605905511811
21
2.7554383464566929
0
LINE
8
BLACK
6
CONTINUOUS
10
-0.4772605905511811
20
2.7554383464566929
11
-0.4685838188976378
21
2.7554383464566929
0
LINE
8
BLACK
6
CONTINUOUS
10
-0.4685838188976378
20
2.7554383464566929
11
-0.4680077559055118
21
2.7553816141732281
0
LINE
8
BLACK
6
CONTINUOUS
10
-0.4680077559055118
20
2.7553816141732281
11
-0.4679097637795275
21
2.755341023622047
0
LINE
8
BLACK
6
CONTINUOUS
10
-0.4679097637795275
20
2.755341023622047
11
-0.467803937007874
21
2.7553335039370079
0
LINE
8
BLACK
6
CONTINUOUS
10
-0.467803937007874
20
2.7553335039370079
11
-0.4672633070866142
21
2.7551266141732285
0
LINE
8
BLACK
6
CONTINUOUS
10
-0.4672633070866142
20
2.7551266141732285
11
-0.4635137795275591
21
2.7532518503937009
0
LINE
8
BLACK
6
CONTINUOUS
10
-0.4635137795275591
20
2.7532518503937009
11
-0.4634174409448819
21
2.7531912204724409
0
LINE
8
BLACK
6
CONTINUOUS
10
-0.4634174409448819
20
2.7531912204724409
11
-0.4633720078740157
21
2.753176062992126
0
LINE
8
BLACK
6
CONTINUOUS
10
-0.4633720078740157
20
2.753176062992126
11
-0.4633154724409449
21
2.7531270472440945
0
LINE
8
BLACK
6
CONTINUOUS
10
-0.4633154724409449
20
2.7531270472440945
11
-0.4630238976377953
21
2.7529435039370078
0
LINE
8
BLACK
6
CONTINUOUS
10
-0.4630238976377953
20
2.7529435039370078
11
-0.4627813385826772
21
2.7526638188976378
0
LINE
8
BLACK
6
CONTINUOUS
10
-0.4627813385826772
20
2.7526638188976378
11
-0.4625016141732283
21
2.7524212204724408
0
LINE
8
BLACK
6
CONTINUOUS
10
-0.4625016141732283
20
2.7524212204724408
11
-0.4623181102362204
21
2.7521296850393702
0
LINE
8
BLACK
6
CONTINUOUS
10
-0.4623181102362204
20
2.7521296850393702
11
-0.4622690551181102
21
2.7520731102362204
0
LINE
8
BLACK
6
CONTINUOUS
10
-0.4622690551181102
20
2.7520731102362204
11
-0.462253937007874
21
2.7520277165354332
0
LINE
8
BLACK
6
CONTINUOUS
10
-0.462253937007874
20
2.7520277165354332
11
-0.4621932677165354
21
2.7519313385826769
0
LINE
8
BLACK
6
CONTINUOUS
10
-0.4621932677165354
20
2.7519313385826769
11
-0.4603185039370079
21
2.7481818110236218
0
LINE
8
BLACK
6
CONTINUOUS
10
-0.4603185039370079
20
2.7481818110236218
11
-0.4601116141732283
21
2.747641220472441
0
LINE
8
BLACK
6
CONTINUOUS
10
-0.4601116141732283
20
2.747641220472441
11
-0.460104094488189
21
2.7475353543307084
0
LINE
8
BLACK
6
CONTINUOUS
10
-0.460104094488189
20
2.7475353543307084
11
-0.4600635039370078
21
2.7474373622047246
0
LINE
8
BLACK
6
CONTINUOUS
10
-0.4600635039370078
20
2.7474373622047246
11
-0.4600067716535433
21
2.7468612992125983
0
LINE
8
BLACK
6
CONTINUOUS
10
-0.4600067716535433
20
2.7468612992125983
11
-0.4600067716535433
21
2.7431117716535431
0
LINE
8
BLACK
6
CONTINUOUS
10
-0.4600067716535433
20
2.7431117716535431
11
-0.4600635039370078
21
2.7425357086614173
0
LINE
8
BLACK
6
CONTINUOUS
10
-0.4600635039370078
20
2.7425357086614173
11
-0.4601041338582677
21
2.742437716535433
0
LINE
8
BLACK
6
CONTINUOUS
10
-0.4601041338582677
20
2.742437716535433
11
-0.4601116141732283
21
2.7423318897637796
0
LINE
8
BLACK
6
CONTINUOUS
10
-0.4601116141732283
20
2.7423318897637796
11
-0.4603185039370079
21
2.7417912598425196
0
LINE
8
BLACK
6
CONTINUOUS
10
-0.4603185039370079
20
2.7417912598425196
11
-0.4621932677165354
21
2.7380416929133857
0
LINE
8
BLACK
6
CONTINUOUS
10
-0.4621932677165354
20
2.7380416929133857
11
-0.462253937007874
21
2.7379453543307086
0
LINE
8
BLACK
6
CONTINUOUS
10
-0.462253937007874
20
2.7379453543307086
11
-0.4622690551181102
21
2.7378999212598423
0
LINE
8
BLACK
6
CONTINUOUS
10
-0.4622690551181102
20
2.7378999212598423
11
-0.4623181102362204
21
2.7378433858267717
0
LINE
8
BLACK
6
CONTINUOUS
10
-0.4623181102362204
20
2.7378433858267717
11
-0.4625016141732283
21
2.7375518110236219
0
LINE
8
BLACK
6
CONTINUOUS
10
-0.4625016141732283
20
2.7375518110236219
11
-0.4627813385826772
21
2.7373092519685041
0
LINE
8
BLACK
6
CONTINUOUS
10
-0.4627813385826772
20
2.7373092519685041
11
-0.4630238976377953
21
2.7370295275590553
0
LINE
8
BLACK
6
CONTINUOUS
10
-0.4630238976377953
20
2.7370295275590553
11
-0.4633154724409449
21
2.7368460236220473
0
LINE
8
BLACK
6
CONTINUOUS
10
-0.4633154724409449
20
2.7368460236220473
11
-0.4633720078740157
21
2.7367969685039371
0
LINE
8
BLACK
6
CONTINUOUS
10
-0.4633720078740157
20
2.7367969685039371
11
-0.4634174409448819
21
2.7367818503937009
0
LINE
8
BLACK
6
CONTINUOUS
10
-0.4634174409448819
20
2.7367818503937009
11
-0.4635137795275591
21
2.7367211811023622
0
LINE
8
BLACK
6
CONTINUOUS
10
-0.4635137795275591
20
2.7367211811023622
11
-0.4672633070866142
21
2.7348464173228346
0
LINE
8
BLACK
6
CONTINUOUS
10
-0.4672633070866142
20
2.7348464173228346
11
-0.467803937007874
21
2.7346395275590551
0
LINE
8
BLACK
6
CONTINUOUS
10
-0.467803937007874
20
2.7346395275590551
11
-0.4679097637795275
21
2.7346320472440944
0
LINE
8
BLACK
6
CONTINUOUS
10
-0.4679097637795275
20
2.7346320472440944
11
-0.4680077559055118
21
2.7345914173228345
0
LINE
8
BLACK
6
CONTINUOUS
10
-0.4680077559055118
20
2.7345914173228345
11
-0.4685838188976378
21
2.7345346850393701
0
LINE
8
BLACK
6
CONTINUOUS
10
-0.4685838188976378
20
2.7345346850393701
11
-0.4779576377952756
21
2.7345346850393701
0
LINE
8
BLACK
6
CONTINUOUS
10
-0.4779576377952756
20
2.7345346850393701
11
-0.4785337007874015
21
2.7345914173228345
0
LINE
8
BLACK
6
CONTINUOUS
10
-0.4785337007874015
20
2.7345914173228345
11
-0.4786316929133858
21
2.7346320078740156
0
LINE
8
BLACK
6
CONTINUOUS
10
-0.4786316929133858
20
2.7346320078740156
11
-0.4787375590551181
21
2.7346395275590551
0
LINE
8
BLACK
6
CONTINUOUS
10
-0.4787375590551181
20
2.7346395275590551
11
-0.4792781496062992
21
2.7348464173228346
0
LINE
8
BLACK
6
CONTINUOUS
10
-0.4792781496062992
20
2.7348464173228346
11
-0.4799277952755905
21
2.7351712598425197
0
LINE
8
BLACK
6
CONTINUOUS
10
-0.4799277952755905
20
2.7351712598425197
11
-0.4800666929133858
21
2.7350323228346456
0
LINE
8
BLACK
6
CONTINUOUS
10
-0.4800666929133858
20
2.7350323228346456
11
-0.4811311023622047
21
2.7345914173228345
0
LINE
8
BLACK
6
CONTINUOUS
10
-0.4811311023622047
20
2.7345914173228345
11
-0.4822832283464567
21
2.7345914173228345
0
LINE
8
BLACK
6
CONTINUOUS
10
-0.4822832283464567
20
2.7345914173228345
11
-0.4833476377952756
21
2.7350323228346456
0
LINE
8
BLACK
6
CONTINUOUS
10
-0.4833476377952756
20
2.7350323228346456
11
-0.4841622834645669
21
2.735846968503937
0
LINE
8
BLACK
6
CONTINUOUS
10
-0.4841622834645669
20
2.735846968503937
11
-0.4846031889763779
21
2.7369113779527559
0
LINE
8
BLACK
6
CONTINUOUS
10
-0.4846031889763779
20
2.7369113779527559
11
-0.4846599212598425
21
2.7374874409448817
0
LINE
8
BLACK
6
CONTINUOUS
10
-0.4846599212598425
20
2.7374874409448817
11
-0.4846599212598425
21
2.7581098818897636
0
LINE
8
BLACK
6
CONTINUOUS
10
-0.4846599212598425
20
2.7581098818897636
11
-0.4846031889763779
21
2.7586859448818899
0
LINE
8
BLACK
6
CONTINUOUS
10
-0.4846031889763779
20
2.7586859448818899
11
-0.4845625984251968
21
2.7587839763779525
0
LINE
8
BLACK
6
CONTINUOUS
10
-0.4845625984251968
20
2.7587839763779525
11
-0.4845550787401575
21
2.7588897637795275
0
LINE
8
BLACK
6
CONTINUOUS
10
-0.4845550787401575
20
2.7588897637795275
11
-0.4843481889763779
21
2.7594303937007871
0
LINE
8
BLACK
6
CONTINUOUS
10
-0.4843481889763779
20
2.7594303937007871
11
-0.4824734251968504
21
2.7631799212598422
0
LINE
8
BLACK
6
CONTINUOUS
10
-0.4824734251968504
20
2.7631799212598422
11
-0.4824127952755906
21
2.7632762992125985
0
LINE
8
BLACK
6
CONTINUOUS
10
-0.4824127952755906
20
2.7632762992125985
11
-0.4823976377952756
21
2.7633216929133857
0
LINE
8
BLACK
6
CONTINUOUS
10
-0.4823976377952756
20
2.7633216929133857
11
-0.4823486220472441
21
2.7633782677165355
0
LINE
8
BLACK
6
CONTINUOUS
10
-0.4823486220472441
20
2.7633782677165355
11
-0.4821650787401575
21
2.7636698031496061
0
LINE
8
BLACK
6
CONTINUOUS
10
-0.4821650787401575
20
2.7636698031496061
11
-0.4818853937007874
21
2.7639124015748031
0
LINE
8
BLACK
6
CONTINUOUS
10
-0.4818853937007874
20
2.7639124015748031
11
-0.4816427952755906
21
2.7641920866141731
0
LINE
8
BLACK
6
CONTINUOUS
10
-0.4816427952755906
20
2.7641920866141731
11
-0.4813512598425197
21
2.7643756299212598
0
LINE
8
BLACK
6
CONTINUOUS
10
-0.4813512598425197
20
2.7643756299212598
11
-0.4812946850393701
21
2.7644246456692914
0
LINE
8
BLACK
6
CONTINUOUS
10
-0.4812946850393701
20
2.7644246456692914
11
-0.4812492913385827
21
2.7644398031496062
0
LINE
8
BLACK
6
CONTINUOUS
10
-0.4812492913385827
20
2.7644398031496062
11
-0.4811529133858268
21
2.7645004330708662
0
LINE
8
BLACK
6
CONTINUOUS
10
-0.4811529133858268
20
2.7645004330708662
11
-0.4774033858267717
21
2.7663751968503938
0
LINE
8
BLACK
6
CONTINUOUS
10
-0.4774033858267717
20
2.7663751968503938
11
-0.4768627952755906
21
2.7665820866141733
0
LINE
8
BLACK
6
CONTINUOUS
10
-0.4768627952755906
20
2.7665820866141733
11
-0.4767569291338583
21
2.7665896456692911
0
LINE
8
BLACK
6
CONTINUOUS
10
-0.4767569291338583
20
2.7665896456692911
11
-0.476658937007874
21
2.7666301968503935
0
LINE
8
BLACK
6
CONTINUOUS
10
-0.476658937007874
20
2.7666301968503935
11
-0.476082874015748
21
2.7666869291338583
0
LINE
8
BLACK
6
CONTINUOUS
10
-0.476082874015748
20
2.7666869291338583
11
-0.4685838188976378
21
2.7666869291338583
0
LINE
8
BLACK
6
CONTINUOUS
10
-0.4685838188976378
20
2.7666869291338583
11
-0.4680077559055118
21
2.7666301968503935
0
LINE
8
BLACK
6
CONTINUOUS
10
-0.4787544094488189
20
2.741187125984252
11
-0.4772605905511811
21
2.7404401968503938
0
LINE
8
BLACK
6
CONTINUOUS
10
-0.4772605905511811
20
2.7404401968503938
11
-0.4692808661417323
21
2.7404401968503938
0
LINE
8
BLACK
6
CONTINUOUS
10
-0.4692808661417323
20
2.7404401968503938
11
-0.4670351574803149
21
2.7415630708661416
0
LINE
8
BLACK
6
CONTINUOUS
10
-0.4670351574803149
20
2.7415630708661416
11
-0.4659122834645669
21
2.7438088188976377
0
LINE
8
BLACK
6
CONTINUOUS
10
-0.4659122834645669
20
2.7438088188976377
11
-0.4659122834645669
21
2.7461642519685037
0
LINE
8
BLACK
6
CONTINUOUS
10
-0.4659122834645669
20
2.7461642519685037
11
-0.4670351574803149
21
2.7484099999999998
0
LINE
8
BLACK
6
CONTINUOUS
10
-0.4670351574803149
20
2.7484099999999998
11
-0.4692808661417323
21
2.7495328346456693
0
LINE
8
BLACK
6
CONTINUOUS
10
-0.4692808661417323
20
2.7495328346456693
11
-0.4779576377952756
21
2.7495328346456693
0
LINE
8
BLACK
6
CONTINUOUS
10
-0.4779576377952756
20
2.7495328346456693
11
-0.4785337007874015
21
2.7495895669291337
0
LINE
8
BLACK
6
CONTINUOUS
10
-0.4785337007874015
20
2.7495895669291337
11
-0.4786316929133858
21
2.7496301574803148
0
LINE
8
BLACK
6
CONTINUOUS
10
-0.4786316929133858
20
2.7496301574803148
11
-0.4787375590551181
21
2.7496376771653543
0
LINE
8
BLACK
6
CONTINUOUS
10
-0.4787375590551181
20
2.7496376771653543
11
-0.4787544094488189
21
2.7496441338582676
0
LINE
8
BLACK
6
CONTINUOUS
10
-0.4787544094488189
20
2.7496441338582676
11
-0.4787544094488189
21
2.741187125984252
0
LINE
8
BLACK
6
CONTINUOUS
10
-0.4248881496062992
20
2.7797535433070863
11
-0.4238237401574803
21
2.7793126377952757
0
LINE
8
BLACK
6
CONTINUOUS
10
-0.4238237401574803
20
2.7793126377952757
11
-0.423009094488189
21
2.7784979921259843
0
LINE
8
BLACK
6
CONTINUOUS
10
-0.423009094488189
20
2.7784979921259843
11
-0.4225681889763779
21
2.7774335826771654
0
LINE
8
BLACK
6
CONTINUOUS
10
-0.4225681889763779
20
2.7774335826771654
11
-0.4225114566929134
21
2.7768575196850391
0
LINE
8
BLACK
6
CONTINUOUS
10
-0.4225114566929134
20
2.7768575196850391
11
-0.4225114566929134
21
2.7374874409448817
0
LINE
8
BLACK
6
CONTINUOUS
10
-0.4225114566929134
20
2.7374874409448817
11
-0.4225681889763779
21
2.7369113779527559
0
LINE
8
BLACK
6
CONTINUOUS
10
-0.4225681889763779
20
2.7369113779527559
11
-0.423009094488189
21
2.735846968503937
0
LINE
8
BLACK
6
CONTINUOUS
10
-0.423009094488189
20
2.735846968503937
11
-0.4238237401574803
21
2.7350323228346456
0
LINE
8
BLACK
6
CONTINUOUS
10
-0.4238237401574803
20
2.7350323228346456
11
-0.4248881496062992
21
2.7345914173228345
0
LINE
8
BLACK
6
CONTINUOUS
10
-0.4248881496062992
20
2.7345914173228345
11
-0.4254642125984252
21
2.7345346850393701
0
LINE
8
BLACK
6
CONTINUOUS
10
-0.4254642125984252
20
2.7345346850393701
11
-0.4404623228346456
21
2.7345346850393701
0
LINE
8
BLACK
6
CONTINUOUS
10
-0.4404623228346456
20
2.7345346850393701
11
-0.4410383858267716
21
2.7345914173228345
0
LINE
8
BLACK
6
CONTINUOUS
10
-0.4410383858267716
20
2.7345914173228345
11
-0.4411363779527559
21
2.7346320078740156
0
LINE
8
BLACK
6
CONTINUOUS
10
-0.4411363779527559
20
2.7346320078740156
11
-0.4412422440944882
21
2.7346395275590551
0
LINE
8
BLACK
6
CONTINUOUS
10
-0.4412422440944882
20
2.7346395275590551
11
-0.4417828346456693
21
2.7348464173228346
0
LINE
8
BLACK
6
CONTINUOUS
10
-0.4417828346456693
20
2.7348464173228346
11
-0.4455323622047244
21
2.7367211811023622
0
LINE
8
BLACK
6
CONTINUOUS
10
-0.4455323622047244
20
2.7367211811023622
11
-0.4457803937007874
21
2.7368772834645667
0
LINE
8
BLACK
6
CONTINUOUS
10
-0.4457803937007874
20
2.7368772834645667
11
-0.4458523228346457
21
2.7369070866141731
0
LINE
8
BLACK
6
CONTINUOUS
10
-0.4458523228346457
20
2.7369070866141731
11
-0.4459333070866142
21
2.7369735433070868
0
LINE
8
BLACK
6
CONTINUOUS
10
-0.4459333070866142
20
2.7369735433070868
11
-0.4460222440944882
21
2.7370295275590553
0
LINE
8
BLACK
6
CONTINUOUS
10
-0.4460222440944882
20
2.7370295275590553
11
-0.4460734645669291
21
2.7370885826771651
0
LINE
8
BLACK
6
CONTINUOUS
10
-0.4460734645669291
20
2.7370885826771651
11
-0.4462998031496063
21
2.7372743307086616
0
LINE
8
BLACK
6
CONTINUOUS
10
-0.4462998031496063
20
2.7372743307086616
11
-0.4481745669291338
21
2.7391491338582679
0
LINE
8
BLACK
6
CONTINUOUS
10
-0.4481745669291338
20
2.7391491338582679
11
-0.4483603149606299
21
2.7393754724409449
0
LINE
8
BLACK
6
CONTINUOUS
10
-0.4483603149606299
20
2.7393754724409449
11
-0.4484192913385827
21
2.7394266141732282
0
LINE
8
BLACK
6
CONTINUOUS
10
-0.4484192913385827
20
2.7394266141732282
11
-0.4484752755905512
21
2.7395155511811025
0
LINE
8
BLACK
6
CONTINUOUS
10
-0.4484752755905512
20
2.7395155511811025
11
-0.4485417716535433
21
2.7395965748031497
0
LINE
8
BLACK
6
CONTINUOUS
10
-0.4485417716535433
20
2.7395965748031497
11
-0.4485716141732283
21
2.7396686220472439
0
LINE
8
BLACK
6
CONTINUOUS
10
-0.4485716141732283
20
2.7396686220472439
11
-0.4487276377952756
21
2.739916496062992
0
LINE
8
BLACK
6
CONTINUOUS
10
-0.4487276377952756
20
2.739916496062992
11
-0.4506024015748031
21
2.7436660236220471
0
LINE
8
BLACK
6
CONTINUOUS
10
-0.4506024015748031
20
2.7436660236220471
11
-0.4508092913385827
21
2.7442066535433072
0
LINE
8
BLACK
6
CONTINUOUS
10
-0.4508092913385827
20
2.7442066535433072
11
-0.450816811023622
21
2.7443124803149606
0
LINE
8
BLACK
6
CONTINUOUS
10
-0.450816811023622
20
2.7443124803149606
11
-0.4508574015748031
21
2.7444104724409448
0
LINE
8
BLACK
6
CONTINUOUS
10
-0.4508574015748031
20
2.7444104724409448
11
-0.4509141338582677
21
2.7449865354330707
0
LINE
8
BLACK
6
CONTINUOUS
10
-0.4509141338582677
20
2.7449865354330707
11
-0.4509141338582677
21
2.7506108267716534
0
LINE
8
BLACK
6
CONTINUOUS
10
-0.4509141338582677
20
2.7506108267716534
11
-0.4508574015748031
21
2.7511868897637797
0
LINE
8
BLACK
6
CONTINUOUS
10
-0.4508574015748031
20
2.7511868897637797
11
-0.450816811023622
21
2.7512849212598423
0
LINE
8
BLACK
6
CONTINUOUS
10
-0.450816811023622
20
2.7512849212598423
11
-0.4508092913385827
21
2.7513907086614173
0
LINE
8
BLACK
6
CONTINUOUS
10
-0.4508092913385827
20
2.7513907086614173
11
-0.4506024015748031
21
2.7519313385826769
0
LINE
8
BLACK
6
CONTINUOUS
10
-0.4506024015748031
20
2.7519313385826769
11
-0.4487276377952756
21
2.755680866141732
0
LINE
8
BLACK
6
CONTINUOUS
10
-0.4487276377952756
20
2.755680866141732
11
-0.4485715748031496
21
2.7559288976377951
0
LINE
8
BLACK
6
CONTINUOUS
10
-0.4485715748031496
20
2.7559288976377951
11
-0.4485417322834646
21
2.7560008267716536
0
LINE
8
BLACK
6
CONTINUOUS
10
-0.4485417322834646
20
2.7560008267716536
11
-0.4484752755905512
21
2.756081811023622
0
LINE
8
BLACK
6
CONTINUOUS
10
-0.4484752755905512
20
2.756081811023622
11
-0.4484192913385827
21
2.7561707480314959
0
LINE
8
BLACK
6
CONTINUOUS
10
-0.4484192913385827
20
2.7561707480314959
11
-0.4483603149606299
21
2.7562219291338583
0
LINE
8
BLACK
6
CONTINUOUS
10
-0.4483603149606299
20
2.7562219291338583
11
-0.4481745275590551
21
2.7564482677165354
0
LINE
8
BLACK
6
CONTINUOUS
10
-0.4481745275590551
20
2.7564482677165354
11
-0.4462997637795276
21
2.7583230314960629
0
LINE
8
BLACK
6
CONTINUOUS
10
-0.4462997637795276
20
2.7583230314960629
11
-0.4458523228346457
21
2.7586902362204722
0
LINE
8
BLACK
6
CONTINUOUS
10
-0.4458523228346457
20
2.7586902362204722
11
-0.4457543700787401
21
2.7587308267716533
0
LINE
8
BLACK
6
CONTINUOUS
10
-0.4457543700787401
20
2.7587308267716533
11
-0.4456741732283465
21
2.7588003543307087
0
LINE
8
BLACK
6
CONTINUOUS
10
-0.4456741732283465
20
2.7588003543307087
11
-0.4454353149606299
21
2.7589070472440946
0
LINE
8
BLACK
6
CONTINUOUS
10
-0.4454353149606299
20
2.7589070472440946
11
-0.4462997637795276
21
2.7597714960629922
0
LINE
8
BLACK
6
CONTINUOUS
10
-0.4462997637795276
20
2.7597714960629922
11
-0.4464855511811023
21
2.759997874015748
0
LINE
8
BLACK
6
CONTINUOUS
10
-0.4464855511811023
20
2.759997874015748
11
-0.4465445275590551
21
2.7600490157480313
0
LINE
8
BLACK
6
CONTINUOUS
10
-0.4465445275590551
20
2.7600490157480313
11
-0.4466005118110236
21
2.7601379921259843
0
LINE
8
BLACK
6
CONTINUOUS
10
-0.4466005118110236
20
2.7601379921259843
11
-0.446666968503937
21
2.760218937007874
0
LINE
8
BLACK
6
CONTINUOUS
10
-0.446666968503937
20
2.760218937007874
11
-0.446696811023622
21
2.7602909055118108
0
LINE
8
BLACK
6
CONTINUOUS
10
-0.446696811023622
20
2.7602909055118108
11
-0.446852874015748
21
2.7605388976377951
0
LINE
8
BLACK
6
CONTINUOUS
10
-0.446852874015748
20
2.7605388976377951
11
-0.4487276377952756
21
2.7642884251968503
0
LINE
8
BLACK
6
CONTINUOUS
10
-0.4487276377952756
20
2.7642884251968503
11
-0.4489345275590551
21
2.7648290551181103
0
LINE
8
BLACK
6
CONTINUOUS
10
-0.4489345275590551
20
2.7648290551181103
11
-0.4489420472440945
21
2.7649348818897637
0
LINE
8
BLACK
6
CONTINUOUS
10
-0.4489420472440945
20
2.7649348818897637
11
-0.4489826377952756
21
2.7650328740157479
0
LINE
8
BLACK
6
CONTINUOUS
10
-0.4489826377952756
20
2.7650328740157479
11
-0.4490393700787402
21
2.7656089370078738
0
LINE
8
BLACK
6
CONTINUOUS
10
-0.4490393700787402
20
2.7656089370078738
11
-0.4490393700787402
21
2.7693584645669289
0
LINE
8
BLACK
6
CONTINUOUS
10
-0.4490393700787402
20
2.7693584645669289
11
-0.4489826377952756
21
2.7699345275590552
0
LINE
8
BLACK
6
CONTINUOUS
10
-0.4489826377952756
20
2.7699345275590552
11
-0.4489420472440945
21
2.7700325590551182
0
LINE
8
BLACK
6
CONTINUOUS
10
-0.4489420472440945
20
2.7700325590551182
11
-0.4489345275590551
21
2.7701383464566929
0
LINE
8
BLACK
6
CONTINUOUS
10
-0.4489345275590551
20
2.7701383464566929
11
-0.4487276377952756
21
2.7706789763779529
0
LINE
8
BLACK
6
CONTINUOUS
10
-0.4487276377952756
20
2.7706789763779529
11
-0.446852874015748
21
2.774428503937008
0
LINE
8
BLACK
6
CONTINUOUS
10
-0.446852874015748
20
2.774428503937008
11
-0.446696811023622
21
2.7746765354330707
0
LINE
8
BLACK
6
CONTINUOUS
10
-0.446696811023622
20
2.7746765354330707
11
-0.446666968503937
21
2.7747484645669291
0
LINE
8
BLACK
6
CONTINUOUS
10
-0.446666968503937
20
2.7747484645669291
11
-0.4466005118110236
21
2.7748294488188976
0
LINE
8
BLACK
6
CONTINUOUS
10
-0.4466005118110236
20
2.7748294488188976
11
-0.4465445275590551
21
2.7749183858267714
0
LINE
8
BLACK
6
CONTINUOUS
10
-0.4465445275590551
20
2.7749183858267714
11
-0.4464855511811023
21
2.7749695669291339
0
LINE
8
BLACK
6
CONTINUOUS
10
-0.4464855511811023
20
2.7749695669291339
11
-0.4462997637795276
21
2.7751959055118109
0
LINE
8
BLACK
6
CONTINUOUS
10
-0.4462997637795276
20
2.7751959055118109
11
-0.444425
21
2.7770706692913385
0
LINE
8
BLACK
6
CONTINUOUS
10
-0.444425
20
2.7770706692913385
11
-0.4441986614173228
21
2.7772564566929132
0
LINE
8
BLACK
6
CONTINUOUS
10
-0.4441986614173228
20
2.7772564566929132
11
-0.4441474803149606
21
2.777315433070866
0
LINE
8
BLACK
6
CONTINUOUS
10
-0.4441474803149606
20
2.777315433070866
11
-0.4440585433070866
21
2.7773714173228345
0
LINE
8
BLACK
6
CONTINUOUS
10
-0.4440585433070866
20
2.7773714173228345
11
-0.4439775590551181
21
2.7774378740157482
0
LINE
8
BLACK
6
CONTINUOUS
10
-0.4439775590551181
20
2.7774378740157482
11
-0.4439056299212598
21
2.7774677165354329
0
LINE
8
BLACK
6
CONTINUOUS
10
-0.4439056299212598
20
2.7774677165354329
11
-0.4436575984251969
21
2.7776237795275591
0
LINE
8
BLACK
6
CONTINUOUS
10
-0.4436575984251969
20
2.7776237795275591
11
-0.4399080708661417
21
2.7794985433070867
0
LINE
8
BLACK
6
CONTINUOUS
10
-0.4399080708661417
20
2.7794985433070867
11
-0.4393674803149606
21
2.7797054330708661
0
LINE
8
BLACK
6
CONTINUOUS
10
-0.4393674803149606
20
2.7797054330708661
11
-0.4392616141732283
21
2.779712992125984
0
LINE
8
BLACK
6
CONTINUOUS
10
-0.4392616141732283
20
2.779712992125984
11
-0.4391636220472441
21
2.7797535433070863
0
LINE
8
BLACK
6
CONTINUOUS
10
-0.4391636220472441
20
2.7797535433070863
11
-0.4385875590551181
21
2.7798102755905512
0
LINE
8
BLACK
6
CONTINUOUS
10
-0.4385875590551181
20
2.7798102755905512
11
-0.4254642125984252
21
2.7798102755905512
0
LINE
8
BLACK
6
CONTINUOUS
10
-0.4254642125984252
20
2.7798102755905512
11
-0.4248881496062992
21
2.7797535433070863
0
LINE
8
BLACK
6
CONTINUOUS
10
-0.442616811023622
20
2.7536543307086614
11
-0.4436598818897638
21
2.7526112598425194
0
LINE
8
BLACK
6
CONTINUOUS
10
-0.4436598818897638
20
2.7526112598425194
11
-0.4450086220472441
21
2.7499137795275588
0
LINE
8
BLACK
6
CONTINUOUS
10
-0.4450086220472441
20
2.7499137795275588
11
-0.4450086220472441
21
2.7456835826771653
0
LINE
8
BLACK
6
CONTINUOUS
10
-0.4450086220472441
20
2.7456835826771653
11
-0.4436598818897638
21
2.7429861023622046
0
LINE
8
BLACK
6
CONTINUOUS
10
-0.4436598818897638
20
2.7429861023622046
11
-0.4424627559055118
21
2.7417889370078741
0
LINE
8
BLACK
6
CONTINUOUS
10
-0.4424627559055118
20
2.7417889370078741
11
-0.4397652755905512
21
2.7404401968503938
0
LINE
8
BLACK
6
CONTINUOUS
10
-0.4397652755905512
20
2.7404401968503938
11
-0.428416968503937
21
2.7404401968503938
0
LINE
8
BLACK
6
CONTINUOUS
10
-0.428416968503937
20
2.7404401968503938
11
-0.428416968503937
21
2.755157125984252
0
LINE
8
BLACK
6
CONTINUOUS
10
-0.428416968503937
20
2.755157125984252
11
-0.4381084251968504
21
2.755157125984252
0
LINE
8
BLACK
6
CONTINUOUS
10
-0.4381084251968504
20
2.755157125984252
11
-0.442616811023622
21
2.7536543307086614
0
LINE
8
BLACK
6
CONTINUOUS
10
-0.4405879921259843
20
2.7725560236220472
11
-0.4417851181102362
21
2.7713588976377954
0
LINE
8
BLACK
6
CONTINUOUS
10
-0.4417851181102362
20
2.7713588976377954
11
-0.4431338582677165
21
2.7686614173228348
0
LINE
8
BLACK
6
CONTINUOUS
10
-0.4431338582677165
20
2.7686614173228348
11
-0.4431338582677165
21
2.7663059842519684
0
LINE
8
BLACK
6
CONTINUOUS
10
-0.4431338582677165
20
2.7663059842519684
11
-0.4417851181102362
21
2.7636085039370077
0
LINE
8
BLACK
6
CONTINUOUS
10
-0.4417851181102362
20
2.7636085039370077
11
-0.4405879921259843
21
2.7624113779527559
0
LINE
8
BLACK
6
CONTINUOUS
10
-0.4405879921259843
20
2.7624113779527559
11
-0.4378905118110236
21
2.7610626377952756
0
LINE
8
BLACK
6
CONTINUOUS
10
-0.4378905118110236
20
2.7610626377952756
11
-0.428416968503937
21
2.7610626377952756
0
LINE
8
BLACK
6
CONTINUOUS
10
-0.428416968503937
20
2.7610626377952756
11
-0.428416968503937
21
2.7739047637795275
0
LINE
8
BLACK
6
CONTINUOUS
10
-0.428416968503937
20
2.7739047637795275
11
-0.4378905118110236
21
2.7739047637795275
0
LINE
8
BLACK
6
CONTINUOUS
10
-0.4378905118110236
20
2.7739047637795275
11
-0.4405879921259843
21
2.7725560236220472
0
LINE
8
BLACK
6
CONTINUOUS
10
-0.1836227165354331
20
2.7666301968503935
11
-0.1835247244094488
21
2.7665896062992124
0
LINE
8
BLACK
6
CONTINUOUS
10
-0.1835247244094488
20
2.7665896062992124
11
-0.1834188976377953
21
2.7665820866141733
0
LINE
8
BLACK
6
CONTINUOUS
10
-0.1834188976377953
20
2.7665820866141733
11
-0.1828782677165354
21
2.7663751968503938
0
LINE
8
BLACK
6
CONTINUOUS
10
-0.1828782677165354
20
2.7663751968503938
11
-0.1791287401574803
21
2.7645004330708662
0
LINE
8
BLACK
6
CONTINUOUS
10
-0.1791287401574803
20
2.7645004330708662
11
-0.1790324015748032
21
2.7644398031496062
0
LINE
8
BLACK
6
CONTINUOUS
10
-0.1790324015748032
20
2.7644398031496062
11
-0.178986968503937
21
2.7644246456692914
0
LINE
8
BLACK
6
CONTINUOUS
10
-0.178986968503937
20
2.7644246456692914
11
-0.1789304330708661
21
2.7643756299212598
0
LINE
8
BLACK
6
CONTINUOUS
10
-0.1789304330708661
20
2.7643756299212598
11
-0.1786388582677165
21
2.7641920866141731
0
LINE
8
BLACK
6
CONTINUOUS
10
-0.1786388582677165
20
2.7641920866141731
11
-0.1783962992125984
21
2.7639124015748031
0
LINE
8
BLACK
6
CONTINUOUS
10
-0.1783962992125984
20
2.7639124015748031
11
-0.1781165748031496
21
2.7636698031496061
0
LINE
8
BLACK
6
CONTINUOUS
10
-0.1781165748031496
20
2.7636698031496061
11
-0.1779330708661417
21
2.7633782677165355
0
LINE
8
BLACK
6
CONTINUOUS
10
-0.1779330708661417
20
2.7633782677165355
11
-0.1778840157480315
21
2.7633216929133857
0
LINE
8
BLACK
6
CONTINUOUS
10
-0.1778840157480315
20
2.7633216929133857
11
-0.1778688976377953
21
2.7632762992125985
0
LINE
8
BLACK
6
CONTINUOUS
10
-0.1778688976377953
20
2.7632762992125985
11
-0.1778082283464567
21
2.7631799212598422
0
LINE
8
BLACK
6
CONTINUOUS
10
-0.1778082283464567
20
2.7631799212598422
11
-0.1759334645669291
21
2.7594303937007871
0
LINE
8
BLACK
6
CONTINUOUS
10
-0.1759334645669291
20
2.7594303937007871
11
-0.1757265748031496
21
2.7588898031496063
0
LINE
8
BLACK
6
CONTINUOUS
10
-0.1757265748031496
20
2.7588898031496063
11
-0.1757190551181102
21
2.7587839370078742
0
LINE
8
BLACK
6
CONTINUOUS
10
-0.1757190551181102
20
2.7587839370078742
11
-0.1756784645669291
21
2.7586859448818899
0
LINE
8
BLACK
6
CONTINUOUS
10
-0.1756784645669291
20
2.7586859448818899
11
-0.1756217322834646
21
2.7581098818897636
0
LINE
8
BLACK
6
CONTINUOUS
10
-0.1756217322834646
20
2.7581098818897636
11
-0.1756217322834646
21
2.7431117716535431
0
LINE
8
BLACK
6
CONTINUOUS
10
-0.1756217322834646
20
2.7431117716535431
11
-0.1756784645669291
21
2.7425357086614173
0
LINE
8
BLACK
6
CONTINUOUS
10
-0.1756784645669291
20
2.7425357086614173
11
-0.175719094488189
21
2.742437716535433
0
LINE
8
BLACK
6
CONTINUOUS
10
-0.175719094488189
20
2.742437716535433
11
-0.1757265748031496
21
2.7423318897637796
0
LINE
8
BLACK
6
CONTINUOUS
10
-0.1757265748031496
20
2.7423318897637796
11
-0.1759334645669291
21
2.7417912598425196
0
LINE
8
BLACK
6
CONTINUOUS
10
-0.1759334645669291
20
2.7417912598425196
11
-0.1778082283464567
21
2.7380416929133857
0
LINE
8
BLACK
6
CONTINUOUS
10
-0.1778082283464567
20
2.7380416929133857
11
-0.1778688976377953
21
2.7379453543307086
0
LINE
8
BLACK
6
CONTINUOUS
10
-0.1778688976377953
20
2.7379453543307086
11
-0.1778840157480315
21
2.7378999212598423
0
LINE
8
BLACK
6
CONTINUOUS
10
-0.1778840157480315
20
2.7378999212598423
11
-0.1779330708661417
21
2.7378433858267717
0
LINE
8
BLACK
6
CONTINUOUS
10
-0.1779330708661417
20
2.7378433858267717
11
-0.1781165748031496
21
2.7375518110236219
0
LINE
8
BLACK
6
CONTINUOUS
10
-0.1781165748031496
20
2.7375518110236219
11
-0.1783962992125984
21
2.7373092519685041
0
LINE
8
BLACK
6
CONTINUOUS
10
-0.1783962992125984
20
2.7373092519685041
11
-0.1786388582677165
21
2.7370295275590553
0
LINE
8
BLACK
6
CONTINUOUS
10
-0.1786388582677165
20
2.7370295275590553
11
-0.1789304330708661
21
2.7368460236220473
0
LINE
8
BLACK
6
CONTINUOUS
10
-0.1789304330708661
20
2.7368460236220473
11
-0.178986968503937
21
2.7367969685039371
0
LINE
8
BLACK
6
CONTINUOUS
10
-0.178986968503937
20
2.7367969685039371
11
-0.1790324015748032
21
2.7367818503937009
0
LINE
8
BLACK
6
CONTINUOUS
10
-0.1790324015748032
20
2.7367818503937009
11
-0.1791287401574803
21
2.7367211811023622
0
LINE
8
BLACK
6
CONTINUOUS
10
-0.1791287401574803
20
2.7367211811023622
11
-0.1828782677165354
21
2.7348464173228346
0
LINE
8
BLACK
6
CONTINUOUS
10
-0.1828782677165354
20
2.7348464173228346
11
-0.1834188976377953
21
2.7346395275590551
0
LINE
8
BLACK
6
CONTINUOUS
10
-0.1834188976377953
20
2.7346395275590551
11
-0.1835247244094488
21
2.7346320472440944
0
LINE
8
BLACK
6
CONTINUOUS
10
-0.1835247244094488
20
2.7346320472440944
11
-0.1836227165354331
21
2.7345914173228345
0
LINE
8
BLACK
6
CONTINUOUS
10
-0.1836227165354331
20
2.7345914173228345
11
-0.1841987795275591
21
2.7345346850393701
0
LINE
8
BLACK
6
CONTINUOUS
10
-0.1841987795275591
20
2.7345346850393701
11
-0.1916978346456693
21
2.7345346850393701
0
LINE
8
BLACK
6
CONTINUOUS
10
-0.1916978346456693
20
2.7345346850393701
11
-0.1922738976377953
21
2.7345914173228345
0
LINE
8
BLACK
6
CONTINUOUS
10
-0.1922738976377953
20
2.7345914173228345
11
-0.1923718897637795
21
2.7346320078740156
0
LINE
8
BLACK
6
CONTINUOUS
10
-0.1923718897637795
20
2.7346320078740156
11
-0.1924777559055118
21
2.7346395275590551
0
LINE
8
BLACK
6
CONTINUOUS
10
-0.1924777559055118
20
2.7346395275590551
11
-0.1930183464566929
21
2.7348464173228346
0
LINE
8
BLACK
6
CONTINUOUS
10
-0.1930183464566929
20
2.7348464173228346
11
-0.196767874015748
21
2.7367211811023622
0
LINE
8
BLACK
6
CONTINUOUS
10
-0.196767874015748
20
2.7367211811023622
11
-0.1972577559055118
21
2.7370295275590553
0
LINE
8
BLACK
6
CONTINUOUS
10
-0.1972577559055118
20
2.7370295275590553
11
-0.1980125984251968
21
2.7378999212598423
0
LINE
8
BLACK
6
CONTINUOUS
10
-0.1980125984251968
20
2.7378999212598423
11
-0.1983769291338583
21
2.7389928740157479
0
LINE
8
BLACK
6
CONTINUOUS
10
-0.1983769291338583
20
2.7389928740157479
11
-0.1982952755905512
21
2.7401420866141732
0
LINE
8
BLACK
6
CONTINUOUS
10
-0.1982952755905512
20
2.7401420866141732
11
-0.1977800393700787
21
2.7411725984251967
0
LINE
8
BLACK
6
CONTINUOUS
10
-0.1977800393700787
20
2.7411725984251967
11
-0.1969096456692913
21
2.7419274409448819
0
LINE
8
BLACK
6
CONTINUOUS
10
-0.1969096456692913
20
2.7419274409448819
11
-0.1958166929133858
21
2.7422917716535431
0
LINE
8
BLACK
6
CONTINUOUS
10
-0.1958166929133858
20
2.7422917716535431
11
-0.1946674803149606
21
2.7422101181102363
0
LINE
8
BLACK
6
CONTINUOUS
10
-0.1946674803149606
20
2.7422101181102363
11
-0.1941268503937008
21
2.7420032283464568
0
LINE
8
BLACK
6
CONTINUOUS
10
-0.1941268503937008
20
2.7420032283464568
11
-0.1910007874015748
21
2.7404401968503938
0
LINE
8
BLACK
6
CONTINUOUS
10
-0.1910007874015748
20
2.7404401968503938
11
-0.1848958267716535
21
2.7404401968503938
0
LINE
8
BLACK
6
CONTINUOUS
10
-0.1848958267716535
20
2.7404401968503938
11
-0.1826501181102362
21
2.7415630708661416
0
LINE
8
BLACK
6
CONTINUOUS
10
-0.1826501181102362
20
2.7415630708661416
11
-0.1815272440944882
21
2.7438088188976377
0
LINE
8
BLACK
6
CONTINUOUS
10
-0.1815272440944882
20
2.7438088188976377
11
-0.1815272440944882
21
2.7481901968503935
0
LINE
8
BLACK
6
CONTINUOUS
10
-0.1815272440944882
20
2.7481901968503935
11
-0.1979012204724409
21
2.7514649212598425
0
LINE
8
BLACK
6
CONTINUOUS
10
-0.1979012204724409
20
2.7514649212598425
11
-0.1984549606299213
21
2.7516335433070864
0
LINE
8
BLACK
6
CONTINUOUS
10
-0.1984549606299213
20
2.7516335433070864
11
-0.1986953543307086
21
2.7517945669291337
0
LINE
8
BLACK
6
CONTINUOUS
10
-0.1986953543307086
20
2.7517945669291337
11
-0.1989625984251968
21
2.7519052362204723
0
LINE
8
BLACK
6
CONTINUOUS
10
-0.1989625984251968
20
2.7519052362204723
11
-0.1991693307086614
21
2.7521119685039368
0
LINE
8
BLACK
6
CONTINUOUS
10
-0.1991693307086614
20
2.7521119685039368
11
-0.1994122440944882
21
2.7522746456692913
0
LINE
8
BLACK
6
CONTINUOUS
10
-0.1994122440944882
20
2.7522746456692913
11
-0.1995727165354331
21
2.7525153543307086
0
LINE
8
BLACK
6
CONTINUOUS
10
-0.1995727165354331
20
2.7525153543307086
11
-0.1997772440944882
21
2.7527198818897638
0
LINE
8
BLACK
6
CONTINUOUS
10
-0.1997772440944882
20
2.7527198818897638
11
-0.1998891338582677
21
2.7529899606299213
0
LINE
8
BLACK
6
CONTINUOUS
10
-0.1998891338582677
20
2.7529899606299213
11
-0.2000512992125984
21
2.7532332283464567
0
LINE
8
BLACK
6
CONTINUOUS
10
-0.2000512992125984
20
2.7532332283464567
11
-0.2001074803149606
21
2.7535170472440944
0
LINE
8
BLACK
6
CONTINUOUS
10
-0.2001074803149606
20
2.7535170472440944
11
-0.2002181496062992
21
2.7537842913385826
0
LINE
8
BLACK
6
CONTINUOUS
10
-0.2002181496062992
20
2.7537842913385826
11
-0.2002748818897638
21
2.7543603543307085
0
LINE
8
BLACK
6
CONTINUOUS
10
-0.2002748818897638
20
2.7543603543307085
11
-0.2002748818897638
21
2.7581098818897636
0
LINE
8
BLACK
6
CONTINUOUS
10
-0.2002748818897638
20
2.7581098818897636
11
-0.2002181496062992
21
2.7586859448818899
0
LINE
8
BLACK
6
CONTINUOUS
10
-0.2002181496062992
20
2.7586859448818899
11
-0.2001775590551181
21
2.7587839763779525
0
LINE
8
BLACK
6
CONTINUOUS
10
-0.2001775590551181
20
2.7587839763779525
11
-0.2001700393700787
21
2.7588897637795275
0
LINE
8
BLACK
6
CONTINUOUS
10
-0.2001700393700787
20
2.7588897637795275
11
-0.1999631496062992
21
2.7594303937007871
0
LINE
8
BLACK
6
CONTINUOUS
10
-0.1999631496062992
20
2.7594303937007871
11
-0.1980883858267717
21
2.7631799212598422
0
LINE
8
BLACK
6
CONTINUOUS
10
-0.1980883858267717
20
2.7631799212598422
11
-0.1980277559055118
21
2.7632762992125985
0
LINE
8
BLACK
6
CONTINUOUS
10
-0.1980277559055118
20
2.7632762992125985
11
-0.1980125984251968
21
2.7633216929133857
0
LINE
8
BLACK
6
CONTINUOUS
10
-0.1980125984251968
20
2.7633216929133857
11
-0.1979635826771654
21
2.7633782677165355
0
LINE
8
BLACK
6
CONTINUOUS
10
-0.1979635826771654
20
2.7633782677165355
11
-0.1977800393700787
21
2.7636698031496061
0
LINE
8
BLACK
6
CONTINUOUS
10
-0.1977800393700787
20
2.7636698031496061
11
-0.1975003543307086
21
2.7639124015748031
0
LINE
8
BLACK
6
CONTINUOUS
10
-0.1975003543307086
20
2.7639124015748031
11
-0.1972577559055118
21
2.7641920866141731
0
LINE
8
BLACK
6
CONTINUOUS
10
-0.1972577559055118
20
2.7641920866141731
11
-0.1969662204724409
21
2.7643756299212598
0
LINE
8
BLACK
6
CONTINUOUS
10
-0.1969662204724409
20
2.7643756299212598
11
-0.1969096456692913
21
2.7644246456692914
0
LINE
8
BLACK
6
CONTINUOUS
10
-0.1969096456692913
20
2.7644246456692914
11
-0.1968642519685039
21
2.7644398031496062
0
LINE
8
BLACK
6
CONTINUOUS
10
-0.1968642519685039
20
2.7644398031496062
11
-0.196767874015748
21
2.7645004330708662
0
LINE
8
BLACK
6
CONTINUOUS
10
-0.196767874015748
20
2.7645004330708662
11
-0.1930183464566929
21
2.7663751968503938
0
LINE
8
BLACK
6
CONTINUOUS
10
-0.1930183464566929
20
2.7663751968503938
11
-0.1924777559055118
21
2.7665820866141733
0
LINE
8
BLACK
6
CONTINUOUS
10
-0.1924777559055118
20
2.7665820866141733
11
-0.1923718897637795
21
2.7665896456692911
0
LINE
8
BLACK
6
CONTINUOUS
10
-0.1923718897637795
20
2.7665896456692911
11
-0.1922738976377953
21
2.7666301968503935
0
LINE
8
BLACK
6
CONTINUOUS
10
-0.1922738976377953
20
2.7666301968503935
11
-0.1916978346456693
21
2.7666869291338583
0
LINE
8
BLACK
6
CONTINUOUS
10
-0.1916978346456693
20
2.7666869291338583
11
-0.1841987795275591
21
2.7666869291338583
0
LINE
8
BLACK
6
CONTINUOUS
10
-0.1841987795275591
20
2.7666869291338583
11
-0.1836227165354331
21
2.7666301968503935
0
LINE
8
BLACK
6
CONTINUOUS
10
-0.1932465354330709
20
2.7596585826771651
11
-0.1943693700787402
21
2.7574128346456694
0
LINE
8
BLACK
6
CONTINUOUS
10
-0.1943693700787402
20
2.7574128346456694
11
-0.1943693700787402
21
2.7567810629921259
0
LINE
8
BLACK
6
CONTINUOUS
10
-0.1943693700787402
20
2.7567810629921259
11
-0.1815272440944882
21
2.7542126377952756
0
LINE
8
BLACK
6
CONTINUOUS
10
-0.1815272440944882
20
2.7542126377952756
11
-0.1815272440944882
21
2.7574128346456694
0
LINE
8
BLACK
6
CONTINUOUS
10
-0.1815272440944882
20
2.7574128346456694
11
-0.1826501181102362
21
2.7596585826771651
0
LINE
8
BLACK
6
CONTINUOUS
10
-0.1826501181102362
20
2.7596585826771651
11
-0.1848958267716535
21
2.7607814173228347
0
LINE
8
BLACK
6
CONTINUOUS
10
-0.1848958267716535
20
2.7607814173228347
11
-0.1910007874015748
21
2.7607814173228347
0
LINE
8
BLACK
6
CONTINUOUS
10
-0.1910007874015748
20
2.7607814173228347
11
-0.1932465354330709
21
2.7596585826771651
0
LINE
8
BLACK
6
CONTINUOUS
10
-0.1563115748031496
20
2.7793126377952757
11
-0.1554969291338583
21
2.7784979921259843
0
LINE
8
BLACK
6
CONTINUOUS
10
-0.1554969291338583
20
2.7784979921259843
11
-0.1550560236220472
21
2.7774335826771654
0
LINE
8
BLACK
6
CONTINUOUS
10
-0.1550560236220472
20
2.7774335826771654
11
-0.1549992913385827
21
2.7768575196850391
0
LINE
8
BLACK
6
CONTINUOUS
10
-0.1549992913385827
20
2.7768575196850391
11
-0.1549992913385827
21
2.7666869291338583
0
LINE
8
BLACK
6
CONTINUOUS
10
-0.1549992913385827
20
2.7666869291338583
11
-0.1523277559055118
21
2.7666869291338583
0
LINE
8
BLACK
6
CONTINUOUS
10
-0.1523277559055118
20
2.7666869291338583
11
-0.1517516929133858
21
2.7666301968503935
0
LINE
8
BLACK
6
CONTINUOUS
10
-0.1517516929133858
20
2.7666301968503935
11
-0.1506872834645669
21
2.7661892913385828
0
LINE
8
BLACK
6
CONTINUOUS
10
-0.1506872834645669
20
2.7661892913385828
11
-0.1498726377952756
21
2.7653746456692914
0
LINE
8
BLACK
6
CONTINUOUS
10
-0.1498726377952756
20
2.7653746456692914
11
-0.1494317322834646
21
2.7643102362204726
0
LINE
8
BLACK
6
CONTINUOUS
10
-0.1494317322834646
20
2.7643102362204726
11
-0.1494317322834646
21
2.7631581102362204
0
LINE
8
BLACK
6
CONTINUOUS
10
-0.1494317322834646
20
2.7631581102362204
11
-0.1498726377952756
21
2.7620937007874016
0
LINE
8
BLACK
6
CONTINUOUS
10
-0.1498726377952756
20
2.7620937007874016
11
-0.1506872834645669
21
2.7612790551181101
0
LINE
8
BLACK
6
CONTINUOUS
10
-0.1506872834645669
20
2.7612790551181101
11
-0.1517516929133858
21
2.760838149606299
0
LINE
8
BLACK
6
CONTINUOUS
10
-0.1517516929133858
20
2.760838149606299
11
-0.1523277559055118
21
2.7607814173228347
0
LINE
8
BLACK
6
CONTINUOUS
10
-0.1523277559055118
20
2.7607814173228347
11
-0.1549992913385827
21
2.7607814173228347
0
LINE
8
BLACK
6
CONTINUOUS
10
-0.1549992913385827
20
2.7607814173228347
11
-0.1549992913385827
21
2.7431117716535431
0
LINE
8
BLACK
6
CONTINUOUS
10
-0.1549992913385827
20
2.7431117716535431
11
-0.1550560236220472
21
2.7425357086614173
0
LINE
8
BLACK
6
CONTINUOUS
10
-0.1550560236220472
20
2.7425357086614173
11
-0.1550966535433071
21
2.742437716535433
0
LINE
8
BLACK
6
CONTINUOUS
10
-0.1550966535433071
20
2.742437716535433
11
-0.1551041338582677
21
2.7423318897637796
0
LINE
8
BLACK
6
CONTINUOUS
10
-0.1551041338582677
20
2.7423318897637796
11
-0.1553110236220472
21
2.7417912598425196
0
LINE
8
BLACK
6
CONTINUOUS
10
-0.1553110236220472
20
2.7417912598425196
11
-0.1571857874015748
21
2.7380416929133857
0
LINE
8
BLACK
6
CONTINUOUS
10
-0.1571857874015748
20
2.7380416929133857
11
-0.1572464566929134
21
2.7379453543307086
0
LINE
8
BLACK
6
CONTINUOUS
10
-0.1572464566929134
20
2.7379453543307086
11
-0.1572615748031496
21
2.7378999212598423
0
LINE
8
BLACK
6
CONTINUOUS
10
-0.1572615748031496
20
2.7378999212598423
11
-0.1573106299212598
21
2.7378433858267717
0
LINE
8
BLACK
6
CONTINUOUS
10
-0.1573106299212598
20
2.7378433858267717
11
-0.1574941338582677
21
2.7375518110236219
0
LINE
8
BLACK
6
CONTINUOUS
10
-0.1574941338582677
20
2.7375518110236219
11
-0.1577738582677165
21
2.7373092519685041
0
LINE
8
BLACK
6
CONTINUOUS
10
-0.1577738582677165
20
2.7373092519685041
11
-0.1580164173228346
21
2.7370295275590553
0
LINE
8
BLACK
6
CONTINUOUS
10
-0.1580164173228346
20
2.7370295275590553
11
-0.1583079921259843
21
2.7368460236220473
0
LINE
8
BLACK
6
CONTINUOUS
10
-0.1583079921259843
20
2.7368460236220473
11
-0.1583645275590551
21
2.7367969685039371
0
LINE
8
BLACK
6
CONTINUOUS
10
-0.1583645275590551
20
2.7367969685039371
11
-0.1584099606299212
21
2.7367818503937009
0
LINE
8
BLACK
6
CONTINUOUS
10
-0.1584099606299212
20
2.7367818503937009
11
-0.1585062992125984
21
2.7367211811023622
0
LINE
8
BLACK
6
CONTINUOUS
10
-0.1585062992125984
20
2.7367211811023622
11
-0.1622558267716535
21
2.7348464173228346
0
LINE
8
BLACK
6
CONTINUOUS
10
-0.1622558267716535
20
2.7348464173228346
11
-0.1627964566929134
21
2.7346395275590551
0
LINE
8
BLACK
6
CONTINUOUS
10
-0.1627964566929134
20
2.7346395275590551
11
-0.1629022834645669
21
2.7346320472440944
0
LINE
8
BLACK
6
CONTINUOUS
10
-0.1629022834645669
20
2.7346320472440944
11
-0.1630002755905512
21
2.7345914173228345
0
LINE
8
BLACK
6
CONTINUOUS
10
-0.1630002755905512
20
2.7345914173228345
11
-0.1635763385826772
21
2.7345346850393701
0
LINE
8
BLACK
6
CONTINUOUS
10
-0.1635763385826772
20
2.7345346850393701
11
-0.1673258661417323
21
2.7345346850393701
0
LINE
8
BLACK
6
CONTINUOUS
10
-0.1673258661417323
20
2.7345346850393701
11
-0.1679019291338583
21
2.7345914173228345
0
LINE
8
BLACK
6
CONTINUOUS
10
-0.1679019291338583
20
2.7345914173228345
11
-0.1689663385826772
21
2.7350323228346456
0
LINE
8
BLACK
6
CONTINUOUS
10
-0.1689663385826772
20
2.7350323228346456
11
-0.1697809842519685
21
2.735846968503937
0
LINE
8
BLACK
6
CONTINUOUS
10
-0.1697809842519685
20
2.735846968503937
11
-0.1702218897637795
21
2.7369113779527559
0
LINE
8
BLACK
6
CONTINUOUS
10
-0.1702218897637795
20
2.7369113779527559
11
-0.1702218897637795
21
2.7380635039370076
0
LINE
8
BLACK
6
CONTINUOUS
10
-0.1702218897637795
20
2.7380635039370076
11
-0.1697809842519685
21
2.7391279133858268
0
LINE
8
BLACK
6
CONTINUOUS
10
-0.1697809842519685
20
2.7391279133858268
11
-0.1689663385826772
21
2.7399425590551179
0
LINE
8
BLACK
6
CONTINUOUS
10
-0.1689663385826772
20
2.7399425590551179
11
-0.1679019291338583
21
2.7403834645669289
0
LINE
8
BLACK
6
CONTINUOUS
10
-0.1679019291338583
20
2.7403834645669289
11
-0.1673258661417323
21
2.7404401968503938
0
LINE
8
BLACK
6
CONTINUOUS
10
-0.1673258661417323
20
2.7404401968503938
11
-0.1642733858267716
21
2.7404401968503938
0
LINE
8
BLACK
6
CONTINUOUS
10
-0.1642733858267716
20
2.7404401968503938
11
-0.1620276771653543
21
2.7415630708661416
0
LINE
8
BLACK
6
CONTINUOUS
10
-0.1620276771653543
20
2.7415630708661416
11
-0.1609048031496063
21
2.7438088188976377
0
LINE
8
BLACK
6
CONTINUOUS
10
-0.1609048031496063
20
2.7438088188976377
11
-0.1609048031496063
21
2.7607814173228347
0
LINE
8
BLACK
6
CONTINUOUS
10
-0.1609048031496063
20
2.7607814173228347
11
-0.1673258661417323
21
2.7607814173228347
0
LINE
8
BLACK
6
CONTINUOUS
10
-0.1673258661417323
20
2.7607814173228347
11
-0.1679019291338583
21
2.760838149606299
0
LINE
8
BLACK
6
CONTINUOUS
10
-0.1679019291338583
20
2.760838149606299
11
-0.1689663385826772
21
2.7612790551181101
0
LINE
8
BLACK
6
CONTINUOUS
10
-0.1689663385826772
20
2.7612790551181101
11
-0.1697809842519685
21
2.7620937007874016
0
LINE
8
BLACK
6
CONTINUOUS
10
-0.1697809842519685
20
2.7620937007874016
11
-0.1702218897637795
21
2.7631581102362204
0
LINE
8
BLACK
6
CONTINUOUS
10
-0.1702218897637795
20
2.7631581102362204
11
-0.1702218897637795
21
2.7643102362204726
0
LINE
8
BLACK
6
CONTINUOUS
10
-0.1702218897637795
20
2.7643102362204726
11
-0.1697809842519685
21
2.7653746456692914
0
LINE
8
BLACK
6
CONTINUOUS
10
-0.1697809842519685
20
2.7653746456692914
11
-0.1689663385826772
21
2.7661892913385828
0
LINE
8
BLACK
6
CONTINUOUS
10
-0.1689663385826772
20
2.7661892913385828
11
-0.1679019291338583
21
2.7666301968503935
0
LINE
8
BLACK
6
CONTINUOUS
10
-0.1679019291338583
20
2.7666301968503935
11
-0.1673258661417323
21
2.7666869291338583
0
LINE
8
BLACK
6
CONTINUOUS
10
-0.1673258661417323
20
2.7666869291338583
11
-0.1609048031496063
21
2.7666869291338583
0
LINE
8
BLACK
6
CONTINUOUS
10
-0.1609048031496063
20
2.7666869291338583
11
-0.1609048031496063
21
2.7768575196850391
0
LINE
8
BLACK
6
CONTINUOUS
10
-0.1609048031496063
20
2.7768575196850391
11
-0.1608480708661417
21
2.7774335826771654
0
LINE
8
BLACK
6
CONTINUOUS
10
-0.1608480708661417
20
2.7774335826771654
11
-0.1604071653543307
21
2.7784979921259843
0
LINE
8
BLACK
6
CONTINUOUS
10
-0.1604071653543307
20
2.7784979921259843
11
-0.1595925196850394
21
2.7793126377952757
0
LINE
8
BLACK
6
CONTINUOUS
10
-0.1595925196850394
20
2.7793126377952757
11
-0.1585281102362205
21
2.7797535433070863
0
LINE
8
BLACK
6
CONTINUOUS
10
-0.1585281102362205
20
2.7797535433070863
11
-0.1573759842519685
21
2.7797535433070863
0
LINE
8
BLACK
6
CONTINUOUS
10
-0.1573759842519685
20
2.7797535433070863
11
-0.1563115748031496
21
2.7793126377952757
0
LINE
8
BLACK
6
CONTINUOUS
10
-0.1338143700787401
20
2.7793126377952757
11
-0.1329997244094488
21
2.7784979921259843
0
LINE
8
BLACK
6
CONTINUOUS
10
-0.1329997244094488
20
2.7784979921259843
11
-0.1325588188976378
21
2.7774335826771654
0
LINE
8
BLACK
6
CONTINUOUS
10
-0.1325588188976378
20
2.7774335826771654
11
-0.1325020866141732
21
2.7768575196850391
0
LINE
8
BLACK
6
CONTINUOUS
10
-0.1325020866141732
20
2.7768575196850391
11
-0.1325020866141732
21
2.7666869291338583
0
LINE
8
BLACK
6
CONTINUOUS
10
-0.1325020866141732
20
2.7666869291338583
11
-0.1298305511811024
21
2.7666869291338583
0
LINE
8
BLACK
6
CONTINUOUS
10
-0.1298305511811024
20
2.7666869291338583
11
-0.1292544881889764
21
2.7666301968503935
0
LINE
8
BLACK
6
CONTINUOUS
10
-0.1292544881889764
20
2.7666301968503935
11
-0.1281900787401575
21
2.7661892913385828
0
LINE
8
BLACK
6
CONTINUOUS
10
-0.1281900787401575
20
2.7661892913385828
11
-0.1273754330708661
21
2.7653746456692914
0
LINE
8
BLACK
6
CONTINUOUS
10
-0.1273754330708661
20
2.7653746456692914
11
-0.1269345275590551
21
2.7643102362204726
0
LINE
8
BLACK
6
CONTINUOUS
10
-0.1269345275590551
20
2.7643102362204726
11
-0.1269345275590551
21
2.7631581102362204
0
LINE
8
BLACK
6
CONTINUOUS
10
-0.1269345275590551
20
2.7631581102362204
11
-0.1273754330708661
21
2.7620937007874016
0
LINE
8
BLACK
6
CONTINUOUS
10
-0.1273754330708661
20
2.7620937007874016
11
-0.1281900787401575
21
2.7612790551181101
0
LINE
8
BLACK
6
CONTINUOUS
10
-0.1281900787401575
20
2.7612790551181101
11
-0.1292544881889764
21
2.760838149606299
0
LINE
8
BLACK
6
CONTINUOUS
10
-0.1292544881889764
20
2.760838149606299
11
-0.1298305511811024
21
2.7607814173228347
0
LINE
8
BLACK
6
CONTINUOUS
10
-0.1298305511811024
20
2.7607814173228347
11
-0.1325020866141732
21
2.7607814173228347
0
LINE
8
BLACK
6
CONTINUOUS
10
-0.1325020866141732
20
2.7607814173228347
11
-0.1325020866141732
21
2.7431117716535431
0
LINE
8
BLACK
6
CONTINUOUS
10
-0.1325020866141732
20
2.7431117716535431
11
-0.1325588188976378
21
2.7425357086614173
0
LINE
8
BLACK
6
CONTINUOUS
10
-0.1325588188976378
20
2.7425357086614173
11
-0.1325994488188976
21
2.742437716535433
0
LINE
8
BLACK
6
CONTINUOUS
10
-0.1325994488188976
20
2.742437716535433
11
-0.1326069291338583
21
2.7423318897637796
0
LINE
8
BLACK
6
CONTINUOUS
10
-0.1326069291338583
20
2.7423318897637796
11
-0.1328138188976378
21
2.7417912598425196
0
LINE
8
BLACK
6
CONTINUOUS
10
-0.1328138188976378
20
2.7417912598425196
11
-0.1346885826771654
21
2.7380416929133857
0
LINE
8
BLACK
6
CONTINUOUS
10
-0.1346885826771654
20
2.7380416929133857
11
-0.1347492519685039
21
2.7379453543307086
0
LINE
8
BLACK
6
CONTINUOUS
10
-0.1347492519685039
20
2.7379453543307086
11
-0.1347643700787401
21
2.7378999212598423
0
LINE
8
BLACK
6
CONTINUOUS
10
-0.1347643700787401
20
2.7378999212598423
11
-0.1348134251968504
21
2.7378433858267717
0
LINE
8
BLACK
6
CONTINUOUS
10
-0.1348134251968504
20
2.7378433858267717
11
-0.1349969291338583
21
2.7375518110236219
0
LINE
8
BLACK
6
CONTINUOUS
10
-0.1349969291338583
20
2.7375518110236219
11
-0.1352766535433071
21
2.7373092519685041
0
LINE
8
BLACK
6
CONTINUOUS
10
-0.1352766535433071
20
2.7373092519685041
11
-0.1355192125984252
21
2.7370295275590553
0
LINE
8
BLACK
6
CONTINUOUS
10
-0.1355192125984252
20
2.7370295275590553
11
-0.1358107874015748
21
2.7368460236220473
0
LINE
8
BLACK
6
CONTINUOUS
10
-0.1358107874015748
20
2.7368460236220473
11
-0.1358673228346457
21
2.7367969685039371
0
LINE
8
BLACK
6
CONTINUOUS
10
-0.1358673228346457
20
2.7367969685039371
11
-0.1359127559055118
21
2.7367818503937009
0
LINE
8
BLACK
6
CONTINUOUS
10
-0.1359127559055118
20
2.7367818503937009
11
-0.136009094488189
21
2.7367211811023622
0
LINE
8
BLACK
6
CONTINUOUS
10
-0.136009094488189
20
2.7367211811023622
11
-0.1397586220472441
21
2.7348464173228346
0
LINE
8
BLACK
6
CONTINUOUS
10
-0.1397586220472441
20
2.7348464173228346
11
-0.1402992519685039
21
2.7346395275590551
0
LINE
8
BLACK
6
CONTINUOUS
10
-0.1402992519685039
20
2.7346395275590551
11
-0.1404050787401575
21
2.7346320472440944
0
LINE
8
BLACK
6
CONTINUOUS
10
-0.1404050787401575
20
2.7346320472440944
11
-0.1405030708661417
21
2.7345914173228345
0
LINE
8
BLACK
6
CONTINUOUS
10
-0.1405030708661417
20
2.7345914173228345
11
-0.1410791338582677
21
2.7345346850393701
0
LINE
8
BLACK
6
CONTINUOUS
10
-0.1410791338582677
20
2.7345346850393701
11
-0.1448286614173228
21
2.7345346850393701
0
LINE
8
BLACK
6
CONTINUOUS
10
-0.1448286614173228
20
2.7345346850393701
11
-0.1454047244094488
21
2.7345914173228345
0
LINE
8
BLACK
6
CONTINUOUS
10
-0.1454047244094488
20
2.7345914173228345
11
-0.1464691338582677
21
2.7350323228346456
0
LINE
8
BLACK
6
CONTINUOUS
10
-0.1464691338582677
20
2.7350323228346456
11
-0.1472837795275591
21
2.735846968503937
0
LINE
8
BLACK
6
CONTINUOUS
10
-0.1472837795275591
20
2.735846968503937
11
-0.1477246850393701
21
2.7369113779527559
0
LINE
8
BLACK
6
CONTINUOUS
10
-0.1477246850393701
20
2.7369113779527559
11
-0.1477246850393701
21
2.7380635039370076
0
LINE
8
BLACK
6
CONTINUOUS
10
-0.1477246850393701
20
2.7380635039370076
11
-0.1472837795275591
21
2.7391279133858268
0
LINE
8
BLACK
6
CONTINUOUS
10
-0.1472837795275591
20
2.7391279133858268
11
-0.1464691338582677
21
2.7399425590551179
0
LINE
8
BLACK
6
CONTINUOUS
10
-0.1464691338582677
20
2.7399425590551179
11
-0.1454047244094488
21
2.7403834645669289
0
LINE
8
BLACK
6
CONTINUOUS
10
-0.1454047244094488
20
2.7403834645669289
11
-0.1448286614173228
21
2.7404401968503938
0
LINE
8
BLACK
6
CONTINUOUS
10
-0.1448286614173228
20
2.7404401968503938
11
-0.1417761811023622
21
2.7404401968503938
0
LINE
8
BLACK
6
CONTINUOUS
10
-0.1417761811023622
20
2.7404401968503938
11
-0.1395304724409449
21
2.7415630708661416
0
LINE
8
BLACK
6
CONTINUOUS
10
-0.1395304724409449
20
2.7415630708661416
11
-0.1384075984251968
21
2.7438088188976377
0
LINE
8
BLACK
6
CONTINUOUS
10
-0.1384075984251968
20
2.7438088188976377
11
-0.1384075984251968
21
2.7607814173228347
0
LINE
8
BLACK
6
CONTINUOUS
10
-0.1384075984251968
20
2.7607814173228347
11
-0.1448286614173228
21
2.7607814173228347
0
LINE
8
BLACK
6
CONTINUOUS
10
-0.1448286614173228
20
2.7607814173228347
11
-0.1454047244094488
21
2.760838149606299
0
LINE
8
BLACK
6
CONTINUOUS
10
-0.1454047244094488
20
2.760838149606299
11
-0.1464691338582677
21
2.7612790551181101
0
LINE
8
BLACK
6
CONTINUOUS
10
-0.1464691338582677
20
2.7612790551181101
11
-0.1472837795275591
21
2.7620937007874016
0
LINE
8
BLACK
6
CONTINUOUS
10
-0.1472837795275591
20
2.7620937007874016
11
-0.1477246850393701
21
2.7631581102362204
0
LINE
8
BLACK
6
CONTINUOUS
10
-0.1477246850393701
20
2.7631581102362204
11
-0.1477246850393701
21
2.7643102362204726
0
LINE
8
BLACK
6
CONTINUOUS
10
-0.1477246850393701
20
2.7643102362204726
11
-0.1472837795275591
21
2.7653746456692914
0
LINE
8
BLACK
6
CONTINUOUS
10
-0.1472837795275591
20
2.7653746456692914
11
-0.1464691338582677
21
2.7661892913385828
0
LINE
8
BLACK
6
CONTINUOUS
10
-0.1464691338582677
20
2.7661892913385828
11
-0.1454047244094488
21
2.7666301968503935
0
LINE
8
BLACK
6
CONTINUOUS
10
-0.1454047244094488
20
2.7666301968503935
11
-0.1448286614173228
21
2.7666869291338583
0
LINE
8
BLACK
6
CONTINUOUS
10
-0.1448286614173228
20
2.7666869291338583
11
-0.1384075984251968
21
2.7666869291338583
0
LINE
8
BLACK
6
CONTINUOUS
10
-0.1384075984251968
20
2.7666869291338583
11
-0.1384075984251968
21
2.7768575196850391
0
LINE
8
BLACK
6
CONTINUOUS
10
-0.1384075984251968
20
2.7768575196850391
11
-0.1383508661417323
21
2.7774335826771654
0
LINE
8
BLACK
6
CONTINUOUS
10
-0.1383508661417323
20
2.7774335826771654
11
-0.1379099606299213
21
2.7784979921259843
0
LINE
8
BLACK
6
CONTINUOUS
10
-0.1379099606299213
20
2.7784979921259843
11
-0.1370953149606299
21
2.7793126377952757
0
LINE
8
BLACK
6
CONTINUOUS
10
-0.1370953149606299
20
2.7793126377952757
11
-0.136030905511811
21
2.7797535433070863
0
LINE
8
BLACK
6
CONTINUOUS
10
-0.136030905511811
20
2.7797535433070863
11
-0.1348787795275591
21
2.7797535433070863
0
LINE
8
BLACK
6
CONTINUOUS
10
-0.1348787795275591
20
2.7797535433070863
11
-0.1338143700787401
21
2.7793126377952757
0
LINE
8
BLACK
6
CONTINUOUS
10
-0.1030077559055118
20
2.7666301968503935
11
-0.1029097637795276
21
2.7665896062992124
0
LINE
8
BLACK
6
CONTINUOUS
10
-0.1029097637795276
20
2.7665896062992124
11
-0.102803937007874
21
2.7665820866141733
0
LINE
8
BLACK
6
CONTINUOUS
10
-0.102803937007874
20
2.7665820866141733
11
-0.1022633070866142
21
2.7663751968503938
0
LINE
8
BLACK
6
CONTINUOUS
10
-0.1022633070866142
20
2.7663751968503938
11
-0.098513779527559
21
2.7645004330708662
0
LINE
8
BLACK
6
CONTINUOUS
10
-0.098513779527559
20
2.7645004330708662
11
-0.0980238976377953
21
2.7641920866141731
0
LINE
8
BLACK
6
CONTINUOUS
10
-0.0980238976377953
20
2.7641920866141731
11
-0.0972690551181102
21
2.7633216929133857
0
LINE
8
BLACK
6
CONTINUOUS
10
-0.0972690551181102
20
2.7633216929133857
11
-0.0969047244094488
21
2.7622287401574801
0
LINE
8
BLACK
6
CONTINUOUS
10
-0.0969047244094488
20
2.7622287401574801
11
-0.0969863779527559
21
2.7610795275590552
0
LINE
8
BLACK
6
CONTINUOUS
10
-0.0969863779527559
20
2.7610795275590552
11
-0.0975016535433071
21
2.7600490157480313
0
LINE
8
BLACK
6
CONTINUOUS
10
-0.0975016535433071
20
2.7600490157480313
11
-0.0983720078740157
21
2.7592941732283465
0
LINE
8
BLACK
6
CONTINUOUS
10
-0.0983720078740157
20
2.7592941732283465
11
-0.099465
21
2.7589298425196849
0
LINE
8
BLACK
6
CONTINUOUS
10
-0.099465
20
2.7589298425196849
11
-0.1006142125984252
21
2.7590114960629921
0
LINE
8
BLACK
6
CONTINUOUS
10
-0.1006142125984252
20
2.7590114960629921
11
-0.1011548031496063
21
2.7592183858267716
0
LINE
8
BLACK
6
CONTINUOUS
10
-0.1011548031496063
20
2.7592183858267716
11
-0.1042808661417323
21
2.7607814173228347
0
LINE
8
BLACK
6
CONTINUOUS
10
-0.1042808661417323
20
2.7607814173228347
11
-0.1103858267716535
21
2.7607814173228347
0
LINE
8
BLACK
6
CONTINUOUS
10
-0.1103858267716535
20
2.7607814173228347
11
-0.1126315748031496
21
2.7596585826771651
0
LINE
8
BLACK
6
CONTINUOUS
10
-0.1126315748031496
20
2.7596585826771651
11
-0.1137544094488189
21
2.7574128346456694
0
LINE
8
BLACK
6
CONTINUOUS
10
-0.1137544094488189
20
2.7574128346456694
11
-0.1137544094488189
21
2.7561852755905512
0
LINE
8
BLACK
6
CONTINUOUS
10
-0.1137544094488189
20
2.7561852755905512
11
-0.1122605905511811
21
2.7554383464566929
0
LINE
8
BLACK
6
CONTINUOUS
10
-0.1122605905511811
20
2.7554383464566929
11
-0.1035838188976378
21
2.7554383464566929
0
LINE
8
BLACK
6
CONTINUOUS
10
-0.1035838188976378
20
2.7554383464566929
11
-0.1030077559055118
21
2.7553816141732281
0
LINE
8
BLACK
6
CONTINUOUS
10
-0.1030077559055118
20
2.7553816141732281
11
-0.1029097637795276
21
2.755341023622047
0
LINE
8
BLACK
6
CONTINUOUS
10
-0.1029097637795276
20
2.755341023622047
11
-0.102803937007874
21
2.7553335039370079
0
LINE
8
BLACK
6
CONTINUOUS
10
-0.102803937007874
20
2.7553335039370079
11
-0.1022633070866142
21
2.7551266141732285
0
LINE
8
BLACK
6
CONTINUOUS
10
-0.1022633070866142
20
2.7551266141732285
11
-0.098513779527559
21
2.7532518503937009
0
LINE
8
BLACK
6
CONTINUOUS
10
-0.098513779527559
20
2.7532518503937009
11
-0.0984174409448819
21
2.7531912204724409
0
LINE
8
BLACK
6
CONTINUOUS
10
-0.0984174409448819
20
2.7531912204724409
11
-0.0983720078740157
21
2.753176062992126
0
LINE
8
BLACK
6
CONTINUOUS
10
-0.0983720078740157
20
2.753176062992126
11
-0.0983154724409449
21
2.7531270472440945
0
LINE
8
BLACK
6
CONTINUOUS
10
-0.0983154724409449
20
2.7531270472440945
11
-0.0980238976377953
21
2.7529435039370078
0
LINE
8
BLACK
6
CONTINUOUS
10
-0.0980238976377953
20
2.7529435039370078
11
-0.0977813385826772
21
2.7526638188976378
0
LINE
8
BLACK
6
CONTINUOUS
10
-0.0977813385826772
20
2.7526638188976378
11
-0.0975016141732283
21
2.7524212204724408
0
LINE
8
BLACK
6
CONTINUOUS
10
-0.0975016141732283
20
2.7524212204724408
11
-0.0973181102362205
21
2.7521296850393702
0
LINE
8
BLACK
6
CONTINUOUS
10
-0.0973181102362205
20
2.7521296850393702
11
-0.0972690551181102
21
2.7520731102362204
0
LINE
8
BLACK
6
CONTINUOUS
10
-0.0972690551181102
20
2.7520731102362204
11
-0.097253937007874
21
2.7520277165354332
0
LINE
8
BLACK
6
CONTINUOUS
10
-0.097253937007874
20
2.7520277165354332
11
-0.0971932677165354
21
2.7519313385826769
0
LINE
8
BLACK
6
CONTINUOUS
10
-0.0971932677165354
20
2.7519313385826769
11
-0.0953185039370079
21
2.7481818110236218
0
LINE
8
BLACK
6
CONTINUOUS
10
-0.0953185039370079
20
2.7481818110236218
11
-0.0951116141732283
21
2.747641220472441
0
LINE
8
BLACK
6
CONTINUOUS
10
-0.0951116141732283
20
2.747641220472441
11
-0.095104094488189
21
2.7475353543307084
0
LINE
8
BLACK
6
CONTINUOUS
10
-0.095104094488189
20
2.7475353543307084
11
-0.0950635039370079
21
2.7474373622047246
0
LINE
8
BLACK
6
CONTINUOUS
10
-0.0950635039370079
20
2.7474373622047246
11
-0.0950067716535433
21
2.7468612992125983
0
LINE
8
BLACK
6
CONTINUOUS
10
-0.0950067716535433
20
2.7468612992125983
11
-0.0950067716535433
21
2.7431117716535431
0
LINE
8
BLACK
6
CONTINUOUS
10
-0.0950067716535433
20
2.7431117716535431
11
-0.0950635039370079
21
2.7425357086614173
0
LINE
8
BLACK
6
CONTINUOUS
10
-0.0950635039370079
20
2.7425357086614173
11
-0.0951041338582677
21
2.742437716535433
0
LINE
8
BLACK
6
CONTINUOUS
10
-0.0951041338582677
20
2.742437716535433
11
-0.0951116141732283
21
2.7423318897637796
0
LINE
8
BLACK
6
CONTINUOUS
10
-0.0951116141732283
20
2.7423318897637796
11
-0.0953185039370079
21
2.7417912598425196
0
LINE
8
BLACK
6
CONTINUOUS
10
-0.0953185039370079
20
2.7417912598425196
11
-0.0971932677165354
21
2.7380416929133857
0
LINE
8
BLACK
6
CONTINUOUS
10
-0.0971932677165354
20
2.7380416929133857
11
-0.097253937007874
21
2.7379453543307086
0
LINE
8
BLACK
6
CONTINUOUS
10
-0.097253937007874
20
2.7379453543307086
11
-0.0972690551181102
21
2.7378999212598423
0
LINE
8
BLACK
6
CONTINUOUS
10
-0.0972690551181102
20
2.7378999212598423
11
-0.0973181102362205
21
2.7378433858267717
0
LINE
8
BLACK
6
CONTINUOUS
10
-0.0973181102362205
20
2.7378433858267717
11
-0.0975016141732283
21
2.7375518110236219
0
LINE
8
BLACK
6
CONTINUOUS
10
-0.0975016141732283
20
2.7375518110236219
11
-0.0977813385826772
21
2.7373092519685041
0
LINE
8
BLACK
6
CONTINUOUS
10
-0.0977813385826772
20
2.7373092519685041
11
-0.0980238976377953
21
2.7370295275590553
0
LINE
8
BLACK
6
CONTINUOUS
10
-0.0980238976377953
20
2.7370295275590553
11
-0.0983154724409449
21
2.7368460236220473
0
LINE
8
BLACK
6
CONTINUOUS
10
-0.0983154724409449
20
2.7368460236220473
11
-0.0983720078740157
21
2.7367969685039371
0
LINE
8
BLACK
6
CONTINUOUS
10
-0.0983720078740157
20
2.7367969685039371
11
-0.0984174409448819
21
2.7367818503937009
0
LINE
8
BLACK
6
CONTINUOUS
10
-0.0984174409448819
20
2.7367818503937009
11
-0.098513779527559
21
2.7367211811023622
0
LINE
8
BLACK
6
CONTINUOUS
10
-0.098513779527559
20
2.7367211811023622
11
-0.1022633070866142
21
2.7348464173228346
0
LINE
8
BLACK
6
CONTINUOUS
10
-0.1022633070866142
20
2.7348464173228346
11
-0.102803937007874
21
2.7346395275590551
0
LINE
8
BLACK
6
CONTINUOUS
10
-0.102803937007874
20
2.7346395275590551
11
-0.1029097637795276
21
2.7346320472440944
0
LINE
8
BLACK
6
CONTINUOUS
10
-0.1029097637795276
20
2.7346320472440944
11
-0.1030077559055118
21
2.7345914173228345
0
LINE
8
BLACK
6
CONTINUOUS
10
-0.1030077559055118
20
2.7345914173228345
11
-0.1035838188976378
21
2.7345346850393701
0
LINE
8
BLACK
6
CONTINUOUS
10
-0.1035838188976378
20
2.7345346850393701
11
-0.1129576377952756
21
2.7345346850393701
0
LINE
8
BLACK
6
CONTINUOUS
10
-0.1129576377952756
20
2.7345346850393701
11
-0.1135337007874016
21
2.7345914173228345
0
LINE
8
BLACK
6
CONTINUOUS
10
-0.1135337007874016
20
2.7345914173228345
11
-0.1136316929133858
21
2.7346320078740156
0
LINE
8
BLACK
6
CONTINUOUS
10
-0.1136316929133858
20
2.7346320078740156
11
-0.1137375590551181
21
2.7346395275590551
0
LINE
8
BLACK
6
CONTINUOUS
10
-0.1137375590551181
20
2.7346395275590551
11
-0.1142781496062992
21
2.7348464173228346
0
LINE
8
BLACK
6
CONTINUOUS
10
-0.1142781496062992
20
2.7348464173228346
11
-0.1149277952755905
21
2.7351712598425197
0
LINE
8
BLACK
6
CONTINUOUS
10
-0.1149277952755905
20
2.7351712598425197
11
-0.1150666929133858
21
2.7350323228346456
0
LINE
8
BLACK
6
CONTINUOUS
10
-0.1150666929133858
20
2.7350323228346456
11
-0.1161311023622047
21
2.7345914173228345
0
LINE
8
BLACK
6
CONTINUOUS
10
-0.1161311023622047
20
2.7345914173228345
11
-0.1172832283464567
21
2.7345914173228345
0
LINE
8
BLACK
6
CONTINUOUS
10
-0.1172832283464567
20
2.7345914173228345
11
-0.1183476377952756
21
2.7350323228346456
0
LINE
8
BLACK
6
CONTINUOUS
10
-0.1183476377952756
20
2.7350323228346456
11
-0.1191622834645669
21
2.735846968503937
0
LINE
8
BLACK
6
CONTINUOUS
10
-0.1191622834645669
20
2.735846968503937
11
-0.1196031889763779
21
2.7369113779527559
0
LINE
8
BLACK
6
CONTINUOUS
10
-0.1196031889763779
20
2.7369113779527559
11
-0.1196599212598425
21
2.7374874409448817
0
LINE
8
BLACK
6
CONTINUOUS
10
-0.1196599212598425
20
2.7374874409448817
11
-0.1196599212598425
21
2.7581098818897636
0
LINE
8
BLACK
6
CONTINUOUS
10
-0.1196599212598425
20
2.7581098818897636
11
-0.1196031889763779
21
2.7586859448818899
0
LINE
8
BLACK
6
CONTINUOUS
10
-0.1196031889763779
20
2.7586859448818899
11
-0.1195625984251968
21
2.7587839763779525
0
LINE
8
BLACK
6
CONTINUOUS
10
-0.1195625984251968
20
2.7587839763779525
11
-0.1195550787401575
21
2.7588897637795275
0
LINE
8
BLACK
6
CONTINUOUS
10
-0.1195550787401575
20
2.7588897637795275
11
-0.1193481889763779
21
2.7594303937007871
0
LINE
8
BLACK
6
CONTINUOUS
10
-0.1193481889763779
20
2.7594303937007871
11
-0.1174734251968504
21
2.7631799212598422
0
LINE
8
BLACK
6
CONTINUOUS
10
-0.1174734251968504
20
2.7631799212598422
11
-0.1174127952755906
21
2.7632762992125985
0
LINE
8
BLACK
6
CONTINUOUS
10
-0.1174127952755906
20
2.7632762992125985
11
-0.1173976377952756
21
2.7633216929133857
0
LINE
8
BLACK
6
CONTINUOUS
10
-0.1173976377952756
20
2.7633216929133857
11
-0.1173486220472441
21
2.7633782677165355
0
LINE
8
BLACK
6
CONTINUOUS
10
-0.1173486220472441
20
2.7633782677165355
11
-0.1171650787401575
21
2.7636698031496061
0
LINE
8
BLACK
6
CONTINUOUS
10
-0.1171650787401575
20
2.7636698031496061
11
-0.1168853937007874
21
2.7639124015748031
0
LINE
8
BLACK
6
CONTINUOUS
10
-0.1168853937007874
20
2.7639124015748031
11
-0.1166427952755905
21
2.7641920866141731
0
LINE
8
BLACK
6
CONTINUOUS
10
-0.1166427952755905
20
2.7641920866141731
11
-0.1163512598425197
21
2.7643756299212598
0
LINE
8
BLACK
6
CONTINUOUS
10
-0.1163512598425197
20
2.7643756299212598
11
-0.1162946850393701
21
2.7644246456692914
0
LINE
8
BLACK
6
CONTINUOUS
10
-0.1162946850393701
20
2.7644246456692914
11
-0.1162492913385827
21
2.7644398031496062
0
LINE
8
BLACK
6
CONTINUOUS
10
-0.1162492913385827
20
2.7644398031496062
11
-0.1161529133858268
21
2.7645004330708662
0
LINE
8
BLACK
6
CONTINUOUS
10
-0.1161529133858268
20
2.7645004330708662
11
-0.1124033858267716
21
2.7663751968503938
0
LINE
8
BLACK
6
CONTINUOUS
10
-0.1124033858267716
20
2.7663751968503938
11
-0.1118627952755906
21
2.7665820866141733
0
LINE
8
BLACK
6
CONTINUOUS
10
-0.1118627952755906
20
2.7665820866141733
11
-0.1117569291338583
21
2.7665896456692911
0
LINE
8
BLACK
6
CONTINUOUS
10
-0.1117569291338583
20
2.7665896456692911
11
-0.111658937007874
21
2.7666301968503935
0
LINE
8
BLACK
6
CONTINUOUS
10
-0.111658937007874
20
2.7666301968503935
11
-0.111082874015748
21
2.7666869291338583
0
LINE
8
BLACK
6
CONTINUOUS
10
-0.111082874015748
20
2.7666869291338583
11
-0.1035838188976378
21
2.7666869291338583
0
LINE
8
BLACK
6
CONTINUOUS
10
-0.1035838188976378
20
2.7666869291338583
11
-0.1030077559055118
21
2.7666301968503935
0
LINE
8
BLACK
6
CONTINUOUS
10
-0.1137544094488189
20
2.741187125984252
11
-0.1122605905511811
21
2.7404401968503938
0
LINE
8
BLACK
6
CONTINUOUS
10
-0.1122605905511811
20
2.7404401968503938
11
-0.1042808661417323
21
2.7404401968503938
0
LINE
8
BLACK
6
CONTINUOUS
10
-0.1042808661417323
20
2.7404401968503938
11
-0.102035157480315
21
2.7415630708661416
0
LINE
8
BLACK
6
CONTINUOUS
10
-0.102035157480315
20
2.7415630708661416
11
-0.1009122834645669
21
2.7438088188976377
0
LINE
8
BLACK
6
CONTINUOUS
10
-0.1009122834645669
20
2.7438088188976377
11
-0.1009122834645669
21
2.7461642519685037
0
LINE
8
BLACK
6
CONTINUOUS
10
-0.1009122834645669
20
2.7461642519685037
11
-0.102035157480315
21
2.7484099999999998
0
LINE
8
BLACK
6
CONTINUOUS
10
-0.102035157480315
20
2.7484099999999998
11
-0.1042808661417323
21
2.7495328346456693
0
LINE
8
BLACK
6
CONTINUOUS
10
-0.1042808661417323
20
2.7495328346456693
11
-0.1129576377952756
21
2.7495328346456693
0
LINE
8
BLACK
6
CONTINUOUS
10
-0.1129576377952756
20
2.7495328346456693
11
-0.1135337007874016
21
2.7495895669291337
0
LINE
8
BLACK
6
CONTINUOUS
10
-0.1135337007874016
20
2.7495895669291337
11
-0.1136316929133858
21
2.7496301574803148
0
LINE
8
BLACK
6
CONTINUOUS
10
-0.1136316929133858
20
2.7496301574803148
11
-0.1137375590551181
21
2.7496376771653543
0
LINE
8
BLACK
6
CONTINUOUS
10
-0.1137375590551181
20
2.7496376771653543
11
-0.1137544094488189
21
2.7496441338582676
0
LINE
8
BLACK
6
CONTINUOUS
10
-0.1137544094488189
20
2.7496441338582676
11
-0.1137544094488189
21
2.741187125984252
0
LINE
8
BLACK
6
CONTINUOUS
10
-0.0598881496062992
20
2.7797535433070863
11
-0.0588237401574803
21
2.7793126377952757
0
LINE
8
BLACK
6
CONTINUOUS
10
-0.0588237401574803
20
2.7793126377952757
11
-0.058009094488189
21
2.7784979921259843
0
LINE
8
BLACK
6
CONTINUOUS
10
-0.058009094488189
20
2.7784979921259843
11
-0.057568188976378
21
2.7774335826771654
0
LINE
8
BLACK
6
CONTINUOUS
10
-0.057568188976378
20
2.7774335826771654
11
-0.0575114566929134
21
2.7768575196850391
0
LINE
8
BLACK
6
CONTINUOUS
10
-0.0575114566929134
20
2.7768575196850391
11
-0.0575114566929134
21
2.7374874409448817
0
LINE
8
BLACK
6
CONTINUOUS
10
-0.0575114566929134
20
2.7374874409448817
11
-0.057568188976378
21
2.7369113779527559
0
LINE
8
BLACK
6
CONTINUOUS
10
-0.057568188976378
20
2.7369113779527559
11
-0.058009094488189
21
2.735846968503937
0
LINE
8
BLACK
6
CONTINUOUS
10
-0.058009094488189
20
2.735846968503937
11
-0.0588237401574803
21
2.7350323228346456
0
LINE
8
BLACK
6
CONTINUOUS
10
-0.0588237401574803
20
2.7350323228346456
11
-0.0598881496062992
21
2.7345914173228345
0
LINE
8
BLACK
6
CONTINUOUS
10
-0.0598881496062992
20
2.7345914173228345
11
-0.0604642125984252
21
2.7345346850393701
0
LINE
8
BLACK
6
CONTINUOUS
10
-0.0604642125984252
20
2.7345346850393701
11
-0.0754623228346457
21
2.7345346850393701
0
LINE
8
BLACK
6
CONTINUOUS
10
-0.0754623228346457
20
2.7345346850393701
11
-0.0760383858267717
21
2.7345914173228345
0
LINE
8
BLACK
6
CONTINUOUS
10
-0.0760383858267717
20
2.7345914173228345
11
-0.0761363779527559
21
2.7346320078740156
0
LINE
8
BLACK
6
CONTINUOUS
10
-0.0761363779527559
20
2.7346320078740156
11
-0.0762422440944882
21
2.7346395275590551
0
LINE
8
BLACK
6
CONTINUOUS
10
-0.0762422440944882
20
2.7346395275590551
11
-0.0767828346456693
21
2.7348464173228346
0
LINE
8
BLACK
6
CONTINUOUS
10
-0.0767828346456693
20
2.7348464173228346
11
-0.0805323622047244
21
2.7367211811023622
0
LINE
8
BLACK
6
CONTINUOUS
10
-0.0805323622047244
20
2.7367211811023622
11
-0.0807803937007874
21
2.7368772834645667
0
LINE
8
BLACK
6
CONTINUOUS
10
-0.0807803937007874
20
2.7368772834645667
11
-0.0808523228346457
21
2.7369070866141731
0
LINE
8
BLACK
6
CONTINUOUS
10
-0.0808523228346457
20
2.7369070866141731
11
-0.0809333070866142
21
2.7369735433070868
0
LINE
8
BLACK
6
CONTINUOUS
10
-0.0809333070866142
20
2.7369735433070868
11
-0.0810222440944882
21
2.7370295275590553
0
LINE
8
BLACK
6
CONTINUOUS
10
-0.0810222440944882
20
2.7370295275590553
11
-0.0810734645669291
21
2.7370885826771651
0
LINE
8
BLACK
6
CONTINUOUS
10
-0.0810734645669291
20
2.7370885826771651
11
-0.0812998031496063
21
2.7372743307086616
0
LINE
8
BLACK
6
CONTINUOUS
10
-0.0812998031496063
20
2.7372743307086616
11
-0.0831745669291339
21
2.7391491338582679
0
LINE
8
BLACK
6
CONTINUOUS
10
-0.0831745669291339
20
2.7391491338582679
11
-0.0833603149606299
21
2.7393754724409449
0
LINE
8
BLACK
6
CONTINUOUS
10
-0.0833603149606299
20
2.7393754724409449
11
-0.0834192913385827
21
2.7394266141732282
0
LINE
8
BLACK
6
CONTINUOUS
10
-0.0834192913385827
20
2.7394266141732282
11
-0.0834752755905512
21
2.7395155511811025
0
LINE
8
BLACK
6
CONTINUOUS
10
-0.0834752755905512
20
2.7395155511811025
11
-0.0835417716535433
21
2.7395965748031497
0
LINE
8
BLACK
6
CONTINUOUS
10
-0.0835417716535433
20
2.7395965748031497
11
-0.0835716141732284
21
2.7396686220472439
0
LINE
8
BLACK
6
CONTINUOUS
10
-0.0835716141732284
20
2.7396686220472439
11
-0.0837276377952756
21
2.739916496062992
0
LINE
8
BLACK
6
CONTINUOUS
10
-0.0837276377952756
20
2.739916496062992
11
-0.0856024015748031
21
2.7436660236220471
0
LINE
8
BLACK
6
CONTINUOUS
10
-0.0856024015748031
20
2.7436660236220471
11
-0.0858092913385827
21
2.7442066535433072
0
LINE
8
BLACK
6
CONTINUOUS
10
-0.0858092913385827
20
2.7442066535433072
11
-0.085816811023622
21
2.7443124803149606
0
LINE
8
BLACK
6
CONTINUOUS
10
-0.085816811023622
20
2.7443124803149606
11
-0.0858574015748031
21
2.7444104724409448
0
LINE
8
BLACK
6
CONTINUOUS
10
-0.0858574015748031
20
2.7444104724409448
11
-0.0859141338582677
21
2.7449865354330707
0
LINE
8
BLACK
6
CONTINUOUS
10
-0.0859141338582677
20
2.7449865354330707
11
-0.0859141338582677
21
2.7506108267716534
0
LINE
8
BLACK
6
CONTINUOUS
10
-0.0859141338582677
20
2.7506108267716534
11
-0.0858574015748031
21
2.7511868897637797
0
LINE
8
BLACK
6
CONTINUOUS
10
-0.0858574015748031
20
2.7511868897637797
11
-0.085816811023622
21
2.7512849212598423
0
LINE
8
BLACK
6
CONTINUOUS
10
-0.085816811023622
20
2.7512849212598423
11
-0.0858092913385827
21
2.7513907086614173
0
LINE
8
BLACK
6
CONTINUOUS
10
-0.0858092913385827
20
2.7513907086614173
11
-0.0856024015748031
21
2.7519313385826769
0
LINE
8
BLACK
6
CONTINUOUS
10
-0.0856024015748031
20
2.7519313385826769
11
-0.0837276377952756
21
2.755680866141732
0
LINE
8
BLACK
6
CONTINUOUS
10
-0.0837276377952756
20
2.755680866141732
11
-0.0835715748031496
21
2.7559288976377951
0
LINE
8
BLACK
6
CONTINUOUS
10
-0.0835715748031496
20
2.7559288976377951
11
-0.0835417322834646
21
2.7560008267716536
0
LINE
8
BLACK
6
CONTINUOUS
10
-0.0835417322834646
20
2.7560008267716536
11
-0.0834752755905512
21
2.756081811023622
0
LINE
8
BLACK
6
CONTINUOUS
10
-0.0834752755905512
20
2.756081811023622
11
-0.0834192913385827
21
2.7561707480314959
0
LINE
8
BLACK
6
CONTINUOUS
10
-0.0834192913385827
20
2.7561707480314959
11
-0.0833603149606299
21
2.7562219291338583
0
LINE
8
BLACK
6
CONTINUOUS
10
-0.0833603149606299
20
2.7562219291338583
11
-0.0831745275590551
21
2.7564482677165354
0
LINE
8
BLACK
6
CONTINUOUS
10
-0.0831745275590551
20
2.7564482677165354
11
-0.0812997637795276
21
2.7583230314960629
0
LINE
8
BLACK
6
CONTINUOUS
10
-0.0812997637795276
20
2.7583230314960629
11
-0.0808523228346457
21
2.7586902362204722
0
LINE
8
BLACK
6
CONTINUOUS
10
-0.0808523228346457
20
2.7586902362204722
11
-0.0807543700787402
21
2.7587308267716533
0
LINE
8
BLACK
6
CONTINUOUS
10
-0.0807543700787402
20
2.7587308267716533
11
-0.0806741732283465
21
2.7588003543307087
0
LINE
8
BLACK
6
CONTINUOUS
10
-0.0806741732283465
20
2.7588003543307087
11
-0.0804353149606299
21
2.7589070472440946
0
LINE
8
BLACK
6
CONTINUOUS
10
-0.0804353149606299
20
2.7589070472440946
11
-0.0812997637795276
21
2.7597714960629922
0
LINE
8
BLACK
6
CONTINUOUS
10
-0.0812997637795276
20
2.7597714960629922
11
-0.0814855511811024
21
2.759997874015748
0
LINE
8
BLACK
6
CONTINUOUS
10
-0.0814855511811024
20
2.759997874015748
11
-0.0815445275590551
21
2.7600490157480313
0
LINE
8
BLACK
6
CONTINUOUS
10
-0.0815445275590551
20
2.7600490157480313
11
-0.0816005118110236
21
2.7601379921259843
0
LINE
8
BLACK
6
CONTINUOUS
10
-0.0816005118110236
20
2.7601379921259843
11
-0.081666968503937
21
2.760218937007874
0
LINE
8
BLACK
6
CONTINUOUS
10
-0.081666968503937
20
2.760218937007874
11
-0.081696811023622
21
2.7602909055118108
0
LINE
8
BLACK
6
CONTINUOUS
10
-0.081696811023622
20
2.7602909055118108
11
-0.081852874015748
21
2.7605388976377951
0
LINE
8
BLACK
6
CONTINUOUS
10
-0.081852874015748
20
2.7605388976377951
11
-0.0837276377952756
21
2.7642884251968503
0
LINE
8
BLACK
6
CONTINUOUS
10
-0.0837276377952756
20
2.7642884251968503
11
-0.0839345275590551
21
2.7648290551181103
0
LINE
8
BLACK
6
CONTINUOUS
10
-0.0839345275590551
20
2.7648290551181103
11
-0.0839420472440945
21
2.7649348818897637
0
LINE
8
BLACK
6
CONTINUOUS
10
-0.0839420472440945
20
2.7649348818897637
11
-0.0839826377952756
21
2.7650328740157479
0
LINE
8
BLACK
6
CONTINUOUS
10
-0.0839826377952756
20
2.7650328740157479
11
-0.0840393700787402
21
2.7656089370078738
0
LINE
8
BLACK
6
CONTINUOUS
10
-0.0840393700787402
20
2.7656089370078738
11
-0.0840393700787402
21
2.7693584645669289
0
LINE
8
BLACK
6
CONTINUOUS
10
-0.0840393700787402
20
2.7693584645669289
11
-0.0839826377952756
21
2.7699345275590552
0
LINE
8
BLACK
6
CONTINUOUS
10
-0.0839826377952756
20
2.7699345275590552
11
-0.0839420472440945
21
2.7700325590551182
0
LINE
8
BLACK
6
CONTINUOUS
10
-0.0839420472440945
20
2.7700325590551182
11
-0.0839345275590551
21
2.7701383464566929
0
LINE
8
BLACK
6
CONTINUOUS
10
-0.0839345275590551
20
2.7701383464566929
11
-0.0837276377952756
21
2.7706789763779529
0
LINE
8
BLACK
6
CONTINUOUS
10
-0.0837276377952756
20
2.7706789763779529
11
-0.081852874015748
21
2.774428503937008
0
LINE
8
BLACK
6
CONTINUOUS
10
-0.081852874015748
20
2.774428503937008
11
-0.081696811023622
21
2.7746765354330707
0
LINE
8
BLACK
6
CONTINUOUS
10
-0.081696811023622
20
2.7746765354330707
11
-0.081666968503937
21
2.7747484645669291
0
LINE
8
BLACK
6
CONTINUOUS
10
-0.081666968503937
20
2.7747484645669291
11
-0.0816005118110236
21
2.7748294488188976
0
LINE
8
BLACK
6
CONTINUOUS
10
-0.0816005118110236
20
2.7748294488188976
11
-0.0815445275590551
21
2.7749183858267714
0
LINE
8
BLACK
6
CONTINUOUS
10
-0.0815445275590551
20
2.7749183858267714
11
-0.0814855511811024
21
2.7749695669291339
0
LINE
8
BLACK
6
CONTINUOUS
10
-0.0814855511811024
20
2.7749695669291339
11
-0.0812997637795276
21
2.7751959055118109
0
LINE
8
BLACK
6
CONTINUOUS
10
-0.0812997637795276
20
2.7751959055118109
11
-0.079425
21
2.7770706692913385
0
LINE
8
BLACK
6
CONTINUOUS
10
-0.079425
20
2.7770706692913385
11
-0.0791986614173228
21
2.7772564566929132
0
LINE
8
BLACK
6
CONTINUOUS
10
-0.0791986614173228
20
2.7772564566929132
11
-0.0791474803149606
21
2.777315433070866
0
LINE
8
BLACK
6
CONTINUOUS
10
-0.0791474803149606
20
2.777315433070866
11
-0.0790585433070866
21
2.7773714173228345
0
LINE
8
BLACK
6
CONTINUOUS
10
-0.0790585433070866
20
2.7773714173228345
11
-0.0789775590551181
21
2.7774378740157482
0
LINE
8
BLACK
6
CONTINUOUS
10
-0.0789775590551181
20
2.7774378740157482
11
-0.0789056299212598
21
2.7774677165354329
0
LINE
8
BLACK
6
CONTINUOUS
10
-0.0789056299212598
20
2.7774677165354329
11
-0.0786575984251968
21
2.7776237795275591
0
LINE
8
BLACK
6
CONTINUOUS
10
-0.0786575984251968
20
2.7776237795275591
11
-0.0749080708661417
21
2.7794985433070867
0
LINE
8
BLACK
6
CONTINUOUS
10
-0.0749080708661417
20
2.7794985433070867
11
-0.0743674803149606
21
2.7797054330708661
0
LINE
8
BLACK
6
CONTINUOUS
10
-0.0743674803149606
20
2.7797054330708661
11
-0.0742616141732283
21
2.779712992125984
0
LINE
8
BLACK
6
CONTINUOUS
10
-0.0742616141732283
20
2.779712992125984
11
-0.0741636220472441
21
2.7797535433070863
0
LINE
8
BLACK
6
CONTINUOUS
10
-0.0741636220472441
20
2.7797535433070863
11
-0.0735875590551181
21
2.7798102755905512
0
LINE
8
BLACK
6
CONTINUOUS
10
-0.0735875590551181
20
2.7798102755905512
11
-0.0604642125984252
21
2.7798102755905512
0
LINE
8
BLACK
6
CONTINUOUS
10
-0.0604642125984252
20
2.7798102755905512
11
-0.0598881496062992
21
2.7797535433070863
0
LINE
8
BLACK
6
CONTINUOUS
10
-0.077616811023622
20
2.7536543307086614
11
-0.0786598818897638
21
2.7526112598425194
0
LINE
8
BLACK
6
CONTINUOUS
10
-0.0786598818897638
20
2.7526112598425194
11
-0.0800086220472441
21
2.7499137795275588
0
LINE
8
BLACK
6
CONTINUOUS
10
-0.0800086220472441
20
2.7499137795275588
11
-0.0800086220472441
21
2.7456835826771653
0
LINE
8
BLACK
6
CONTINUOUS
10
-0.0800086220472441
20
2.7456835826771653
11
-0.0786598818897638
21
2.7429861023622046
0
LINE
8
BLACK
6
CONTINUOUS
10
-0.0786598818897638
20
2.7429861023622046
11
-0.0774627559055118
21
2.7417889370078741
0
LINE
8
BLACK
6
CONTINUOUS
10
-0.0774627559055118
20
2.7417889370078741
11
-0.0747652755905512
21
2.7404401968503938
0
LINE
8
BLACK
6
CONTINUOUS
10
-0.0747652755905512
20
2.7404401968503938
11
-0.063416968503937
21
2.7404401968503938
0
LINE
8
BLACK
6
CONTINUOUS
10
-0.063416968503937
20
2.7404401968503938
11
-0.063416968503937
21
2.755157125984252
0
LINE
8
BLACK
6
CONTINUOUS
10
-0.063416968503937
20
2.755157125984252
11
-0.0731084251968504
21
2.755157125984252
0
LINE
8
BLACK
6
CONTINUOUS
10
-0.0731084251968504
20
2.755157125984252
11
-0.077616811023622
21
2.7536543307086614
0
LINE
8
BLACK
6
CONTINUOUS
10
-0.0755879921259842
20
2.7725560236220472
11
-0.0767851181102362
21
2.7713588976377954
0
LINE
8
BLACK
6
CONTINUOUS
10
-0.0767851181102362
20
2.7713588976377954
11
-0.0781338582677165
21
2.7686614173228348
0
LINE
8
BLACK
6
CONTINUOUS
10
-0.0781338582677165
20
2.7686614173228348
11
-0.0781338582677165
21
2.7663059842519684
0
LINE
8
BLACK
6
CONTINUOUS
10
-0.0781338582677165
20
2.7663059842519684
11
-0.0767851181102362
21
2.7636085039370077
0
LINE
8
BLACK
6
CONTINUOUS
10
-0.0767851181102362
20
2.7636085039370077
11
-0.0755879921259842
21
2.7624113779527559
0
LINE
8
BLACK
6
CONTINUOUS
10
-0.0755879921259842
20
2.7624113779527559
11
-0.0728905118110236
21
2.7610626377952756
0
LINE
8
BLACK
6
CONTINUOUS
10
-0.0728905118110236
20
2.7610626377952756
11
-0.063416968503937
21
2.7610626377952756
0
LINE
8
BLACK
6
CONTINUOUS
10
-0.063416968503937
20
2.7610626377952756
11
-0.063416968503937
21
2.7739047637795275
0
LINE
8
BLACK
6
CONTINUOUS
10
-0.063416968503937
20
2.7739047637795275
11
-0.0728905118110236
21
2.7739047637795275
0
LINE
8
BLACK
6
CONTINUOUS
10
-0.0728905118110236
20
2.7739047637795275
11
-0.0755879921259842
21
2.7725560236220472
0
LINE
8
BLACK
6
CONTINUOUS
10
-0.646920905511811
20
2.7699388188976379
11
-0.6461062598425197
21
2.7691241732283465
0
LINE
8
BLACK
6
CONTINUOUS
10
-0.6461062598425197
20
2.7691241732283465
11
-0.6456653543307086
21
2.7680597637795277
0
LINE
8
BLACK
6
CONTINUOUS
10
-0.6456653543307086
20
2.7680597637795277
11
-0.6456086220472441
21
2.7674837007874014
0
LINE
8
BLACK
6
CONTINUOUS
10
-0.6456086220472441
20
2.7674837007874014
11
-0.6456086220472441
21
2.7554383464566929
0
LINE
8
BLACK
6
CONTINUOUS
10
-0.6456086220472441
20
2.7554383464566929
11
-0.6335632677165354
21
2.7554383464566929
0
LINE
8
BLACK
6
CONTINUOUS
10
-0.6335632677165354
20
2.7554383464566929
11
-0.6329872047244094
21
2.7553816141732281
0
LINE
8
BLACK
6
CONTINUOUS
10
-0.6329872047244094
20
2.7553816141732281
11
-0.6319227952755906
21
2.754940708661417
0
LINE
8
BLACK
6
CONTINUOUS
10
-0.6319227952755906
20
2.754940708661417
11
-0.6311081496062992
21
2.754126062992126
0
LINE
8
BLACK
6
CONTINUOUS
10
-0.6311081496062992
20
2.754126062992126
11
-0.6306672440944882
21
2.7530616535433072
0
LINE
8
BLACK
6
CONTINUOUS
10
-0.6306672440944882
20
2.7530616535433072
11
-0.6306672440944882
21
2.751909527559055
0
LINE
8
BLACK
6
CONTINUOUS
10
-0.6306672440944882
20
2.751909527559055
11
-0.6311081496062992
21
2.7508451181102362
0
LINE
8
BLACK
6
CONTINUOUS
10
-0.6311081496062992
20
2.7508451181102362
11
-0.6319227952755906
21
2.7500304724409448
0
LINE
8
BLACK
6
CONTINUOUS
10
-0.6319227952755906
20
2.7500304724409448
11
-0.6329872047244094
21
2.7495895669291337
0
LINE
8
BLACK
6
CONTINUOUS
10
-0.6329872047244094
20
2.7495895669291337
11
-0.6335632677165354
21
2.7495328346456693
0
LINE
8
BLACK
6
CONTINUOUS
10
-0.6335632677165354
20
2.7495328346456693
11
-0.6456086220472441
21
2.7495328346456693
0
LINE
8
BLACK
6
CONTINUOUS
10
-0.6456086220472441
20
2.7495328346456693
11
-0.6456086220472441
21
2.7374874409448817
0
LINE
8
BLACK
6
CONTINUOUS
10
-0.6456086220472441
20
2.7374874409448817
11
-0.6456653543307086
21
2.7369113779527559
0
LINE
8
BLACK
6
CONTINUOUS
10
-0.6456653543307086
20
2.7369113779527559
11
-0.6461062598425197
21
2.735846968503937
0
LINE
8
BLACK
6
CONTINUOUS
10
-0.6461062598425197
20
2.735846968503937
11
-0.646920905511811
21
2.7350323228346456
0
LINE
8
BLACK
6
CONTINUOUS
10
-0.646920905511811
20
2.7350323228346456
11
-0.6479853149606299
21
2.7345914173228345
0
LINE
8
BLACK
6
CONTINUOUS
10
-0.6479853149606299
20
2.7345914173228345
11
-0.6491374409448819
21
2.7345914173228345
0
LINE
8
BLACK
6
CONTINUOUS
10
-0.6491374409448819
20
2.7345914173228345
11
-0.6502018503937008
21
2.7350323228346456
0
LINE
8
BLACK
6
CONTINUOUS
10
-0.6502018503937008
20
2.7350323228346456
11
-0.6510164960629921
21
2.735846968503937
0
LINE
8
BLACK
6
CONTINUOUS
10
-0.6510164960629921
20
2.735846968503937
11
-0.6514574015748031
21
2.7369113779527559
0
LINE
8
BLACK
6
CONTINUOUS
10
-0.6514574015748031
20
2.7369113779527559
11
-0.6515141338582677
21
2.7374874409448817
0
LINE
8
BLACK
6
CONTINUOUS
10
-0.6515141338582677
20
2.7374874409448817
11
-0.6515141338582677
21
2.7495328346456693
0
LINE
8
BLACK
6
CONTINUOUS
10
-0.6515141338582677
20
2.7495328346456693
11
-0.6635594881889764
21
2.7495328346456693
0
LINE
8
BLACK
6
CONTINUOUS
10
-0.6635594881889764
20
2.7495328346456693
11
-0.6641355511811023
21
2.7495895669291337
0
LINE
8
BLACK
6
CONTINUOUS
10
-0.6641355511811023
20
2.7495895669291337
11
-0.6651999606299213
21
2.7500304724409448
0
LINE
8
BLACK
6
CONTINUOUS
10
-0.6651999606299213
20
2.7500304724409448
11
-0.6660146062992126
21
2.7508451181102362
0
LINE
8
BLACK
6
CONTINUOUS
10
-0.6660146062992126
20
2.7508451181102362
11
-0.6664555118110236
21
2.751909527559055
0
LINE
8
BLACK
6
CONTINUOUS
10
-0.6664555118110236
20
2.751909527559055
11
-0.6664555118110236
21
2.7530616535433072
0
LINE
8
BLACK
6
CONTINUOUS
10
-0.6664555118110236
20
2.7530616535433072
11
-0.6660146062992126
21
2.754126062992126
0
LINE
8
BLACK
6
CONTINUOUS
10
-0.6660146062992126
20
2.754126062992126
11
-0.6651999606299213
21
2.754940708661417
0
LINE
8
BLACK
6
CONTINUOUS
10
-0.6651999606299213
20
2.754940708661417
11
-0.6641355511811023
21
2.7553816141732281
0
LINE
8
BLACK
6
CONTINUOUS
10
-0.6641355511811023
20
2.7553816141732281
11
-0.6635594881889764
21
2.7554383464566929
0
LINE
8
BLACK
6
CONTINUOUS
10
-0.6635594881889764
20
2.7554383464566929
11
-0.6515141338582677
21
2.7554383464566929
0
LINE
8
BLACK
6
CONTINUOUS
10
-0.6515141338582677
20
2.7554383464566929
11
-0.6515141338582677
21
2.7674837007874014
0
LINE
8
BLACK
6
CONTINUOUS
10
-0.6515141338582677
20
2.7674837007874014
11
-0.6514574015748031
21
2.7680597637795277
0
LINE
8
BLACK
6
CONTINUOUS
10
-0.6514574015748031
20
2.7680597637795277
11
-0.6510164960629921
21
2.7691241732283465
0
LINE
8
BLACK
6
CONTINUOUS
10
-0.6510164960629921
20
2.7691241732283465
11
-0.6502018503937008
21
2.7699388188976379
0
LINE
8
BLACK
6
CONTINUOUS
10
-0.6502018503937008
20
2.7699388188976379
11
-0.6491374409448819
21
2.7703797244094486
0
LINE
8
BLACK
6
CONTINUOUS
10
-0.6491374409448819
20
2.7703797244094486
11
-0.6479853149606299
21
2.7703797244094486
0
LINE
8
BLACK
6
CONTINUOUS
10
-0.6479853149606299
20
2.7703797244094486
11
-0.646920905511811
21
2.7699388188976379
0
LINE
8
BLACK
6
CONTINUOUS
10
-0.586118031496063
20
2.7666301968503935
11
-0.5860200393700787
21
2.7665896062992124
0
LINE
8
BLACK
6
CONTINUOUS
10
-0.5860200393700787
20
2.7665896062992124
11
-0.5859142125984251
21
2.7665820866141733
0
LINE
8
BLACK
6
CONTINUOUS
10
-0.5859142125984251
20
2.7665820866141733
11
-0.5853735826771653
21
2.7663751968503938
0
LINE
8
BLACK
6
CONTINUOUS
10
-0.5853735826771653
20
2.7663751968503938
11
-0.5819456692913386
21
2.7646612598425198
0
LINE
8
BLACK
6
CONTINUOUS
10
-0.5819456692913386
20
2.7646612598425198
11
-0.5816501574803149
21
2.7653746456692914
0
LINE
8
BLACK
6
CONTINUOUS
10
-0.5816501574803149
20
2.7653746456692914
11
-0.5808355118110237
21
2.7661892913385828
0
LINE
8
BLACK
6
CONTINUOUS
10
-0.5808355118110237
20
2.7661892913385828
11
-0.5797711023622047
21
2.7666301968503935
0
LINE
8
BLACK
6
CONTINUOUS
10
-0.5797711023622047
20
2.7666301968503935
11
-0.5786189763779528
21
2.7666301968503935
0
LINE
8
BLACK
6
CONTINUOUS
10
-0.5786189763779528
20
2.7666301968503935
11
-0.5775545669291339
21
2.7661892913385828
0
LINE
8
BLACK
6
CONTINUOUS
10
-0.5775545669291339
20
2.7661892913385828
11
-0.5767399212598425
21
2.7653746456692914
0
LINE
8
BLACK
6
CONTINUOUS
10
-0.5767399212598425
20
2.7653746456692914
11
-0.5762990157480314
21
2.7643102362204726
0
LINE
8
BLACK
6
CONTINUOUS
10
-0.5762990157480314
20
2.7643102362204726
11
-0.576242283464567
21
2.7637341732283462
0
LINE
8
BLACK
6
CONTINUOUS
10
-0.576242283464567
20
2.7637341732283462
11
-0.576242283464567
21
2.7374874409448817
0
LINE
8
BLACK
6
CONTINUOUS
10
-0.576242283464567
20
2.7374874409448817
11
-0.5762990157480314
21
2.7369113779527559
0
LINE
8
BLACK
6
CONTINUOUS
10
-0.5762990157480314
20
2.7369113779527559
11
-0.5767399212598425
21
2.735846968503937
0
LINE
8
BLACK
6
CONTINUOUS
10
-0.5767399212598425
20
2.735846968503937
11
-0.5775545669291339
21
2.7350323228346456
0
LINE
8
BLACK
6
CONTINUOUS
10
-0.5775545669291339
20
2.7350323228346456
11
-0.5786189763779528
21
2.7345914173228345
0
LINE
8
BLACK
6
CONTINUOUS
10
-0.5786189763779528
20
2.7345914173228345
11
-0.5797711023622047
21
2.7345914173228345
0
LINE
8
BLACK
6
CONTINUOUS
10
-0.5797711023622047
20
2.7345914173228345
11
-0.5808355118110237
21
2.7350323228346456
0
LINE
8
BLACK
6
CONTINUOUS
10
-0.5808355118110237
20
2.7350323228346456
11
-0.5816501574803149
21
2.735846968503937
0
LINE
8
BLACK
6
CONTINUOUS
10
-0.5816501574803149
20
2.735846968503937
11
-0.582091062992126
21
2.7369113779527559
0
LINE
8
BLACK
6
CONTINUOUS
10
-0.582091062992126
20
2.7369113779527559
11
-0.5821477952755906
21
2.7374874409448817
0
LINE
8
BLACK
6
CONTINUOUS
10
-0.5821477952755906
20
2.7374874409448817
11
-0.5821477952755906
21
2.7555380708661419
0
LINE
8
BLACK
6
CONTINUOUS
10
-0.5821477952755906
20
2.7555380708661419
11
-0.5834965354330709
21
2.7582355511811021
0
LINE
8
BLACK
6
CONTINUOUS
10
-0.5834965354330709
20
2.7582355511811021
11
-0.5846936614173228
21
2.7594326771653543
0
LINE
8
BLACK
6
CONTINUOUS
10
-0.5846936614173228
20
2.7594326771653543
11
-0.5873911417322835
21
2.7607814173228347
0
LINE
8
BLACK
6
CONTINUOUS
10
-0.5873911417322835
20
2.7607814173228347
11
-0.5904436220472441
21
2.7607814173228347
0
LINE
8
BLACK
6
CONTINUOUS
10
-0.5904436220472441
20
2.7607814173228347
11
-0.5910196850393701
21
2.760838149606299
0
LINE
8
BLACK
6
CONTINUOUS
10
-0.5910196850393701
20
2.760838149606299
11
-0.592084094488189
21
2.7612790551181101
0
LINE
8
BLACK
6
CONTINUOUS
10
-0.592084094488189
20
2.7612790551181101
11
-0.5928987401574803
21
2.7620937007874016
0
LINE
8
BLACK
6
CONTINUOUS
10
-0.5928987401574803
20
2.7620937007874016
11
-0.5933396456692913
21
2.7631581102362204
0
LINE
8
BLACK
6
CONTINUOUS
10
-0.5933396456692913
20
2.7631581102362204
11
-0.5933396456692913
21
2.7643102362204726
0
LINE
8
BLACK
6
CONTINUOUS
10
-0.5933396456692913
20
2.7643102362204726
11
-0.5928987401574803
21
2.7653746456692914
0
LINE
8
BLACK
6
CONTINUOUS
10
-0.5928987401574803
20
2.7653746456692914
11
-0.592084094488189
21
2.7661892913385828
0
LINE
8
BLACK
6
CONTINUOUS
10
-0.592084094488189
20
2.7661892913385828
11
-0.5910196850393701
21
2.7666301968503935
0
LINE
8
BLACK
6
CONTINUOUS
10
-0.5910196850393701
20
2.7666301968503935
11
-0.5904436220472441
21
2.7666869291338583
0
LINE
8
BLACK
6
CONTINUOUS
10
-0.5904436220472441
20
2.7666869291338583
11
-0.586694094488189
21
2.7666869291338583
0
LINE
8
BLACK
6
CONTINUOUS
10
-0.586694094488189
20
2.7666869291338583
11
-0.586118031496063
21
2.7666301968503935
0
LINE
8
BLACK
6
CONTINUOUS
10
-0.281920905511811
20
2.7699388188976379
11
-0.2811062598425197
21
2.7691241732283465
0
LINE
8
BLACK
6
CONTINUOUS
10
-0.2811062598425197
20
2.7691241732283465
11
-0.2806653543307087
21
2.7680597637795277
0
LINE
8
BLACK
6
CONTINUOUS
10
-0.2806653543307087
20
2.7680597637795277
11
-0.2806086220472441
21
2.7674837007874014
0
LINE
8
BLACK
6
CONTINUOUS
10
-0.2806086220472441
20
2.7674837007874014
11
-0.2806086220472441
21
2.7554383464566929
0
LINE
8
BLACK
6
CONTINUOUS
10
-0.2806086220472441
20
2.7554383464566929
11
-0.2685632677165354
21
2.7554383464566929
0
LINE
8
BLACK
6
CONTINUOUS
10
-0.2685632677165354
20
2.7554383464566929
11
-0.2679872047244095
21
2.7553816141732281
0
LINE
8
BLACK
6
CONTINUOUS
10
-0.2679872047244095
20
2.7553816141732281
11
-0.2669227952755905
21
2.754940708661417
0
LINE
8
BLACK
6
CONTINUOUS
10
-0.2669227952755905
20
2.754940708661417
11
-0.2661081496062992
21
2.754126062992126
0
LINE
8
BLACK
6
CONTINUOUS
10
-0.2661081496062992
20
2.754126062992126
11
-0.2656672440944882
21
2.7530616535433072
0
LINE
8
BLACK
6
CONTINUOUS
10
-0.2656672440944882
20
2.7530616535433072
11
-0.2656672440944882
21
2.751909527559055
0
LINE
8
BLACK
6
CONTINUOUS
10
-0.2656672440944882
20
2.751909527559055
11
-0.2661081496062992
21
2.7508451181102362
0
LINE
8
BLACK
6
CONTINUOUS
10
-0.2661081496062992
20
2.7508451181102362
11
-0.2669227952755905
21
2.7500304724409448
0
LINE
8
BLACK
6
CONTINUOUS
10
-0.2669227952755905
20
2.7500304724409448
11
-0.2679872047244095
21
2.7495895669291337
0
LINE
8
BLACK
6
CONTINUOUS
10
-0.2679872047244095
20
2.7495895669291337
11
-0.2685632677165354
21
2.7495328346456693
0
LINE
8
BLACK
6
CONTINUOUS
10
-0.2685632677165354
20
2.7495328346456693
11
-0.2806086220472441
21
2.7495328346456693
0
LINE
8
BLACK
6
CONTINUOUS
10
-0.2806086220472441
20
2.7495328346456693
11
-0.2806086220472441
21
2.7374874409448817
0
LINE
8
BLACK
6
CONTINUOUS
10
-0.2806086220472441
20
2.7374874409448817
11
-0.2806653543307087
21
2.7369113779527559
0
LINE
8
BLACK
6
CONTINUOUS
10
-0.2806653543307087
20
2.7369113779527559
11
-0.2811062598425197
21
2.735846968503937
0
LINE
8
BLACK
6
CONTINUOUS
10
-0.2811062598425197
20
2.735846968503937
11
-0.281920905511811
21
2.7350323228346456
0
LINE
8
BLACK
6
CONTINUOUS
10
-0.281920905511811
20
2.7350323228346456
11
-0.2829853149606299
21
2.7345914173228345
0
LINE
8
BLACK
6
CONTINUOUS
10
-0.2829853149606299
20
2.7345914173228345
11
-0.2841374409448819
21
2.7345914173228345
0
LINE
8
BLACK
6
CONTINUOUS
10
-0.2841374409448819
20
2.7345914173228345
11
-0.2852018503937008
21
2.7350323228346456
0
LINE
8
BLACK
6
CONTINUOUS
10
-0.2852018503937008
20
2.7350323228346456
11
-0.2860164960629921
21
2.735846968503937
0
LINE
8
BLACK
6
CONTINUOUS
10
-0.2860164960629921
20
2.735846968503937
11
-0.2864574015748031
21
2.7369113779527559
0
LINE
8
BLACK
6
CONTINUOUS
10
-0.2864574015748031
20
2.7369113779527559
11
-0.2865141338582677
21
2.7374874409448817
0
LINE
8
BLACK
6
CONTINUOUS
10
-0.2865141338582677
20
2.7374874409448817
11
-0.2865141338582677
21
2.7495328346456693
0
LINE
8
BLACK
6
CONTINUOUS
10
-0.2865141338582677
20
2.7495328346456693
11
-0.2985594881889764
21
2.7495328346456693
0
LINE
8
BLACK
6
CONTINUOUS
10
-0.2985594881889764
20
2.7495328346456693
11
-0.2991355511811024
21
2.7495895669291337
0
LINE
8
BLACK
6
CONTINUOUS
10
-0.2991355511811024
20
2.7495895669291337
11
-0.3001999606299213
21
2.7500304724409448
0
LINE
8
BLACK
6
CONTINUOUS
10
-0.3001999606299213
20
2.7500304724409448
11
-0.3010146062992126
21
2.7508451181102362
0
LINE
8
BLACK
6
CONTINUOUS
10
-0.3010146062992126
20
2.7508451181102362
11
-0.3014555118110236
21
2.751909527559055
0
LINE
8
BLACK
6
CONTINUOUS
10
-0.3014555118110236
20
2.751909527559055
11
-0.3014555118110236
21
2.7530616535433072
0
LINE
8
BLACK
6
CONTINUOUS
10
-0.3014555118110236
20
2.7530616535433072
11
-0.3010146062992126
21
2.754126062992126
0
LINE
8
BLACK
6
CONTINUOUS
10
-0.3010146062992126
20
2.754126062992126
11
-0.3001999606299213
21
2.754940708661417
0
LINE
8
BLACK
6
CONTINUOUS
10
-0.3001999606299213
20
2.754940708661417
11
-0.2991355511811024
21
2.7553816141732281
0
LINE
8
BLACK
6
CONTINUOUS
10
-0.2991355511811024
20
2.7553816141732281
11
-0.2985594881889764
21
2.7554383464566929
0
LINE
8
BLACK
6
CONTINUOUS
10
-0.2985594881889764
20
2.7554383464566929
11
-0.2865141338582677
21
2.7554383464566929
0
LINE
8
BLACK
6
CONTINUOUS
10
-0.2865141338582677
20
2.7554383464566929
11
-0.2865141338582677
21
2.7674837007874014
0
LINE
8
BLACK
6
CONTINUOUS
10
-0.2865141338582677
20
2.7674837007874014
11
-0.2864574015748031
21
2.7680597637795277
0
LINE
8
BLACK
6
CONTINUOUS
10
-0.2864574015748031
20
2.7680597637795277
11
-0.2860164960629921
21
2.7691241732283465
0
LINE
8
BLACK
6
CONTINUOUS
10
-0.2860164960629921
20
2.7691241732283465
11
-0.2852018503937008
21
2.7699388188976379
0
LINE
8
BLACK
6
CONTINUOUS
10
-0.2852018503937008
20
2.7699388188976379
11
-0.2841374409448819
21
2.7703797244094486
0
LINE
8
BLACK
6
CONTINUOUS
10
-0.2841374409448819
20
2.7703797244094486
11
-0.2829853149606299
21
2.7703797244094486
0
LINE
8
BLACK
6
CONTINUOUS
10
-0.2829853149606299
20
2.7703797244094486
11
-0.281920905511811
21
2.7699388188976379
0
LINE
8
BLACK
6
CONTINUOUS
10
-0.221118031496063
20
2.7666301968503935
11
-0.2210200393700787
21
2.7665896062992124
0
LINE
8
BLACK
6
CONTINUOUS
10
-0.2210200393700787
20
2.7665896062992124
11
-0.2209142125984252
21
2.7665820866141733
0
LINE
8
BLACK
6
CONTINUOUS
10
-0.2209142125984252
20
2.7665820866141733
11
-0.2203735826771653
21
2.7663751968503938
0
LINE
8
BLACK
6
CONTINUOUS
10
-0.2203735826771653
20
2.7663751968503938
11
-0.2169456692913386
21
2.7646612598425198
0
LINE
8
BLACK
6
CONTINUOUS
10
-0.2169456692913386
20
2.7646612598425198
11
-0.216650157480315
21
2.7653746456692914
0
LINE
8
BLACK
6
CONTINUOUS
10
-0.216650157480315
20
2.7653746456692914
11
-0.2158355118110236
21
2.7661892913385828
0
LINE
8
BLACK
6
CONTINUOUS
10
-0.2158355118110236
20
2.7661892913385828
11
-0.2147711023622047
21
2.7666301968503935
0
LINE
8
BLACK
6
CONTINUOUS
10
-0.2147711023622047
20
2.7666301968503935
11
-0.2136189763779527
21
2.7666301968503935
0
LINE
8
BLACK
6
CONTINUOUS
10
-0.2136189763779527
20
2.7666301968503935
11
-0.2125545669291339
21
2.7661892913385828
0
LINE
8
BLACK
6
CONTINUOUS
10
-0.2125545669291339
20
2.7661892913385828
11
-0.2117399212598425
21
2.7653746456692914
0
LINE
8
BLACK
6
CONTINUOUS
10
-0.2117399212598425
20
2.7653746456692914
11
-0.2112990157480315
21
2.7643102362204726
0
LINE
8
BLACK
6
CONTINUOUS
10
-0.2112990157480315
20
2.7643102362204726
11
-0.2112422834645669
21
2.7637341732283462
0
LINE
8
BLACK
6
CONTINUOUS
10
-0.2112422834645669
20
2.7637341732283462
11
-0.2112422834645669
21
2.7374874409448817
0
LINE
8
BLACK
6
CONTINUOUS
10
-0.2112422834645669
20
2.7374874409448817
11
-0.2112990157480315
21
2.7369113779527559
0
LINE
8
BLACK
6
CONTINUOUS
10
-0.2112990157480315
20
2.7369113779527559
11
-0.2117399212598425
21
2.735846968503937
0
LINE
8
BLACK
6
CONTINUOUS
10
-0.2117399212598425
20
2.735846968503937
11
-0.2125545669291339
21
2.7350323228346456
0
LINE
8
BLACK
6
CONTINUOUS
10
-0.2125545669291339
20
2.7350323228346456
11
-0.2136189763779527
21
2.7345914173228345
0
LINE
8
BLACK
6
CONTINUOUS
10
-0.2136189763779527
20
2.7345914173228345
11
-0.2147711023622047
21
2.7345914173228345
0
LINE
8
BLACK
6
CONTINUOUS
10
-0.2147711023622047
20
2.7345914173228345
11
-0.2158355118110236
21
2.7350323228346456
0
LINE
8
BLACK
6
CONTINUOUS
10
-0.2158355118110236
20
2.7350323228346456
11
-0.216650157480315
21
2.735846968503937
0
LINE
8
BLACK
6
CONTINUOUS
10
-0.216650157480315
20
2.735846968503937
11
-0.217091062992126
21
2.7369113779527559
0
LINE
8
BLACK
6
CONTINUOUS
10
-0.217091062992126
20
2.7369113779527559
11
-0.2171477952755906
21
2.7374874409448817
0
LINE
8
BLACK
6
CONTINUOUS
10
-0.2171477952755906
20
2.7374874409448817
11
-0.2171477952755906
21
2.7555380708661419
0
LINE
8
BLACK
6
CONTINUOUS
10
-0.2171477952755906
20
2.7555380708661419
11
-0.2184965354330708
21
2.7582355511811021
0
LINE
8
BLACK
6
CONTINUOUS
10
-0.2184965354330708
20
2.7582355511811021
11
-0.2196936614173228
21
2.7594326771653543
0
LINE
8
BLACK
6
CONTINUOUS
10
-0.2196936614173228
20
2.7594326771653543
11
-0.2223911417322835
21
2.7607814173228347
0
LINE
8
BLACK
6
CONTINUOUS
10
-0.2223911417322835
20
2.7607814173228347
11
-0.2254436220472441
21
2.7607814173228347
0
LINE
8
BLACK
6
CONTINUOUS
10
-0.2254436220472441
20
2.7607814173228347
11
-0.2260196850393701
21
2.760838149606299
0
LINE
8
BLACK
6
CONTINUOUS
10
-0.2260196850393701
20
2.760838149606299
11
-0.227084094488189
21
2.7612790551181101
0
LINE
8
BLACK
6
CONTINUOUS
10
-0.227084094488189
20
2.7612790551181101
11
-0.2278987401574803
21
2.7620937007874016
0
LINE
8
BLACK
6
CONTINUOUS
10
-0.2278987401574803
20
2.7620937007874016
11
-0.2283396456692913
21
2.7631581102362204
0
LINE
8
BLACK
6
CONTINUOUS
10
-0.2283396456692913
20
2.7631581102362204
11
-0.2283396456692913
21
2.7643102362204726
0
LINE
8
BLACK
6
CONTINUOUS
10
-0.2283396456692913
20
2.7643102362204726
11
-0.2278987401574803
21
2.7653746456692914
0
LINE
8
BLACK
6
CONTINUOUS
10
-0.2278987401574803
20
2.7653746456692914
11
-0.227084094488189
21
2.7661892913385828
0
LINE
8
BLACK
6
CONTINUOUS
10
-0.227084094488189
20
2.7661892913385828
11
-0.2260196850393701
21
2.7666301968503935
0
LINE
8
BLACK
6
CONTINUOUS
10
-0.2260196850393701
20
2.7666301968503935
11
-0.2254436220472441
21
2.7666869291338583
0
LINE
8
BLACK
6
CONTINUOUS
10
-0.2254436220472441
20
2.7666869291338583
11
-0.221694094488189
21
2.7666869291338583
0
LINE
8
BLACK
6
CONTINUOUS
10
-0.221694094488189
20
2.7666869291338583
11
-0.221118031496063
21
2.7666301968503935
0
CIRCLE
8
BLACK
10
-0.3803149606299213
20
3.2884842519685038
40
0.0068897637795276
0
CIRCLE
8
BLACK
10
-0.3661417322834646
20
0.7419291338582678
40
0.0068897637795276
0
CIRCLE
8
BLACK
10
-0.3661417322834646
20
2.6399606299212599
40
0.0068897637795276
0
CIRCLE
8
BLACK
10
-0.1692913385826772
20
1.5151574803149606
40
0.0068897637795276
0
CIRCLE
8
BLACK
10
-0.1692913385826772
20
1.5938976377952756
40
0.0068897637795276
0
CIRCLE
8
BLACK
10
-0.1692913385826772
20
1.6726377952755904
40
0.0068897637795276
0
CIRCLE
8
BLACK
10
-0.1692913385826772
20
1.7513779527559055
40
0.0068897637795276
0
CIRCLE
8
BLACK
10
-0.1692913385826772
20
1.8301181102362205
40
0.0068897637795276
0
CIRCLE
8
BLACK
10
-0.1692913385826772
20
1.9088582677165353
40
0.0068897637795276
0
CIRCLE
8
BLACK
10
-0.2480314960629921
20
1.5151574803149606
40
0.0068897637795276
0
CIRCLE
8
BLACK
10
-0.2480314960629921
20
1.5938976377952756
40
0.0068897637795276
0
CIRCLE
8
BLACK
10
-0.2480314960629921
20
1.6726377952755904
40
0.0068897637795276
0
CIRCLE
8
BLACK
10
-0.2480314960629921
20
1.7513779527559055
40
0.0068897637795276
0
CIRCLE
8
BLACK
10
-0.2480314960629921
20
1.8301181102362205
40
0.0068897637795276
0
CIRCLE
8
BLACK
10
-0.2480314960629921
20
1.9088582677165353
40
0.0068897637795276
0
CIRCLE
8
BLACK
10
-0.3267716535433071
20
1.5151574803149606
40
0.0068897637795276
0
CIRCLE
8
BLACK
10
-0.3267716535433071
20
1.5938976377952756
40
0.0068897637795276
0
CIRCLE
8
BLACK
10
-0.3267716535433071
20
1.6726377952755904
40
0.0068897637795276
0
CIRCLE
8
BLACK
10
-0.3267716535433071
20
1.7513779527559055
40
0.0068897637795276
0
CIRCLE
8
BLACK
10
-0.3267716535433071
20
1.8301181102362205
40
0.0068897637795276
0
CIRCLE
8
BLACK
10
-0.3267716535433071
20
1.9088582677165353
40
0.0068897637795276
0
CIRCLE
8
BLACK
10
-0.405511811023622
20
1.5151574803149606
40
0.0068897637795276
0
CIRCLE
8
BLACK
10
-0.405511811023622
20
1.5938976377952756
40
0.0068897637795276
0
CIRCLE
8
BLACK
10
-0.405511811023622
20
1.6726377952755904
40
0.0068897637795276
0
CIRCLE
8
BLACK
10
-0.405511811023622
20
1.7513779527559055
40
0.0068897637795276
0
CIRCLE
8
BLACK
10
-0.405511811023622
20
1.8301181102362205
40
0.0068897637795276
0
CIRCLE
8
BLACK
10
-0.405511811023622
20
1.9088582677165353
40
0.0068897637795276
0
CIRCLE
8
BLACK
10
-0.484251968503937
20
1.5151574803149606
40
0.0068897637795276
0
CIRCLE
8
BLACK
10
-0.484251968503937
20
1.5938976377952756
40
0.0068897637795276
0
CIRCLE
8
BLACK
10
-0.484251968503937
20
1.6726377952755904
40
0.0068897637795276
0
CIRCLE
8
BLACK
10
-0.484251968503937
20
1.7513779527559055
40
0.0068897637795276
0
CIRCLE
8
BLACK
10
-0.484251968503937
20
1.8301181102362205
40
0.0068897637795276
0
CIRCLE
8
BLACK
10
-0.484251968503937
20
1.9088582677165353
40
0.0068897637795276
0
CIRCLE
8
BLACK
10
-0.562992125984252
20
0.9584645669291338
40
0.0068897637795276
0
CIRCLE
8
BLACK
10
-0.4645669291338583
20
0.9584645669291338
40
0.0068897637795276
0
CIRCLE
8
BLACK
10
-0.3661417322834646
20
0.9584645669291338
40
0.0068897637795276
0
CIRCLE
8
BLACK
10
-0.2677165354330708
20
0.9584645669291338
40
0.0068897637795276
0
CIRCLE
8
BLACK
10
-0.1692913385826772
20
0.9584645669291338
40
0.0068897637795276
0
CIRCLE
8
BLACK
10
-0.562992125984252
20
1.0765748031496063
40
0.0068897637795276
0
CIRCLE
8
BLACK
10
-0.4645669291338583
20
1.0765748031496063
40
0.0068897637795276
0
CIRCLE
8
BLACK
10
-0.3661417322834646
20
1.0765748031496063
40
0.0068897637795276
0
CIRCLE
8
BLACK
10
-0.2677165354330708
20
1.0765748031496063
40
0.0068897637795276
0
CIRCLE
8
BLACK
10
-0.1692913385826772
20
1.0765748031496063
40
0.0068897637795276
0
CIRCLE
8
BLACK
10
-0.562992125984252
20
1.175
40
0.0068897637795276
0
CIRCLE
8
BLACK
10
-0.4645669291338583
20
1.175
40
0.0068897637795276
0
CIRCLE
8
BLACK
10
-0.3661417322834646
20
1.175
40
0.0068897637795276
0
CIRCLE
8
BLACK
10
-0.2677165354330708
20
1.175
40
0.0068897637795276
0
CIRCLE
8
BLACK
10
-0.1692913385826772
20
1.175
40
0.0068897637795276
0
CIRCLE
8
BLACK
10
-0.562992125984252
20
1.2931102362204725
40
0.0068897637795276
0
CIRCLE
8
BLACK
10
-0.4645669291338583
20
1.2931102362204725
40
0.0068897637795276
0
CIRCLE
8
BLACK
10
-0.3661417322834646
20
1.2931102362204725
40
0.0068897637795276
0
CIRCLE
8
BLACK
10
-0.2677165354330708
20
1.2931102362204725
40
0.0068897637795276
0
CIRCLE
8
BLACK
10
-0.1692913385826772
20
1.2931102362204725
40
0.0068897637795276
0
CIRCLE
8
BLACK
10
-0.562992125984252
20
2.0887795275590553
40
0.0068897637795276
0
CIRCLE
8
BLACK
10
-0.4645669291338583
20
2.0887795275590553
40
0.0068897637795276
0
CIRCLE
8
BLACK
10
-0.3661417322834646
20
2.0887795275590553
40
0.0068897637795276
0
CIRCLE
8
BLACK
10
-0.2677165354330708
20
2.0887795275590553
40
0.0068897637795276
0
CIRCLE
8
BLACK
10
-0.1692913385826772
20
2.0887795275590553
40
0.0068897637795276
0
CIRCLE
8
BLACK
10
-0.562992125984252
20
2.2068897637795275
40
0.0068897637795276
0
CIRCLE
8
BLACK
10
-0.4645669291338583
20
2.2068897637795275
40
0.0068897637795276
0
CIRCLE
8
BLACK
10
-0.3661417322834646
20
2.2068897637795275
40
0.0068897637795276
0
CIRCLE
8
BLACK
10
-0.2677165354330708
20
2.2068897637795275
40
0.0068897637795276
0
CIRCLE
8
BLACK
10
-0.1692913385826772
20
2.2068897637795275
40
0.0068897637795276
0
CIRCLE
8
BLACK
10
-0.562992125984252
20
2.305314960629921
40
0.0068897637795276
0
CIRCLE
8
BLACK
10
-0.4645669291338583
20
2.305314960629921
40
0.0068897637795276
0
CIRCLE
8
BLACK
10
-0.3661417322834646
20
2.305314960629921
40
0.0068897637795276
0
CIRCLE
8
BLACK
10
-0.2677165354330708
20
2.305314960629921
40
0.0068897637795276
0
CIRCLE
8
BLACK
10
-0.1692913385826772
20
2.305314960629921
40
0.0068897637795276
0
CIRCLE
8
BLACK
10
-0.562992125984252
20
2.4234251968503937
40
0.0068897637795276
0
CIRCLE
8
BLACK
10
-0.4645669291338583
20
2.4234251968503937
40
0.0068897637795276
0
CIRCLE
8
BLACK
10
-0.3661417322834646
20
2.4234251968503937
40
0.0068897637795276
0
CIRCLE
8
BLACK
10
-0.2677165354330708
20
2.4234251968503937
40
0.0068897637795276
0
CIRCLE
8
BLACK
10
-0.1692913385826772
20
2.4234251968503937
40
0.0068897637795276
0
CIRCLE
8
BLACK
10
-0.7803149606299212
20
2.8884842519685039
40
0.0068897637795276
0
CIRCLE
8
BLACK
10
-0.3803149606299213
20
0.0884842519685039
40
0.0068897637795276
0
CIRCLE
8
BLACK
10
-0.7803149606299212
20
0.4884842519685039
40
0.0068897637795276
0
CIRCLE
8
BLACK
10
-0.713511811023622
20
0.7243464566929134
40
0.0068897637795276
0
CIRCLE
8
BLACK
10
-0.713511811023622
20
0.8243464566929134
40
0.0068897637795276
0
CIRCLE
8
BLACK
10
-0.813511811023622
20
0.7243464173228347
40
0.0068897637795276
0
CIRCLE
8
BLACK
10
-0.813511811023622
20
0.8243464960629922
40
0.0068897637795276
0
CIRCLE
8
BLACK
10
-0.913511811023622
20
0.7243464566929134
40
0.0068897637795276
0
CIRCLE
8
BLACK
10
-0.913511811023622
20
0.8243464566929134
40
0.0068897637795276
0
CIRCLE
8
BLACK
10
-0.8803149606299212
20
2.390748031496063
40
0.0068897637795276
0
CIRCLE
8
BLACK
10
-0.7803149606299212
20
2.390748031496063
40
0.0068897637795276
0
CIRCLE
8
BLACK
10
-0.8803149606299212
20
2.2907480314960629
40
0.0068897637795276
0
CIRCLE
8
BLACK
10
-0.7803149606299212
20
2.2907480314960629
40
0.0068897637795276
0
CIRCLE
8
BLACK
10
-0.8803149606299212
20
2.1907480314960628
40
0.0068897637795276
0
CIRCLE
8
BLACK
10
-0.7803149606299212
20
2.1907480314960628
40
0.0068897637795276
0
CIRCLE
8
BLACK
10
-0.8803149606299212
20
2.0907480314960631
40
0.0068897637795276
0
CIRCLE
8
BLACK
10
-0.7803149606299212
20
2.0907480314960631
40
0.0068897637795276
0
CIRCLE
8
BLACK
10
-0.8803149606299212
20
1.9907480314960631
40
0.0068897637795276
0
CIRCLE
8
BLACK
10
-0.7803149606299212
20
1.9907480314960631
40
0.0068897637795276
0
CIRCLE
8
BLACK
10
-0.8803149606299212
20
1.890748031496063
40
0.0068897637795276
0
CIRCLE
8
BLACK
10
-0.7803149606299212
20
1.890748031496063
40
0.0068897637795276
0
CIRCLE
8
BLACK
10
-0.8803149606299212
20
1.7907480314960629
40
0.0068897637795276
0
CIRCLE
8
BLACK
10
-0.7803149606299212
20
1.7907480314960629
40
0.0068897637795276
0
CIRCLE
8
BLACK
10
-0.8803149606299212
20
1.690748031496063
40
0.0068897637795276
0
CIRCLE
8
BLACK
10
-0.7803149606299212
20
1.690748031496063
40
0.0068897637795276
0
CIRCLE
8
BLACK
10
-0.8803149606299212
20
1.5907480314960629
40
0.0068897637795276
0
CIRCLE
8
BLACK
10
-0.7803149606299212
20
1.5907480314960629
40
0.0068897637795276
0
CIRCLE
8
BLACK
10
-0.8803149606299212
20
1.4907480314960631
40
0.0068897637795276
0
CIRCLE
8
BLACK
10
-0.7803149606299212
20
1.4907480314960631
40
0.0068897637795276
0
CIRCLE
8
BLACK
10
-0.8803149606299212
20
1.390748031496063
40
0.0068897637795276
0
CIRCLE
8
BLACK
10
-0.7803149606299212
20
1.390748031496063
40
0.0068897637795276
0
CIRCLE
8
BLACK
10
-0.8803149606299212
20
1.2907480314960629
40
0.0068897637795276
0
CIRCLE
8
BLACK
10
-0.7803149606299212
20
1.2907480314960629
40
0.0068897637795276
0
CIRCLE
8
BLACK
10
-0.8803149606299212
20
1.190748031496063
40
0.0068897637795276
0
CIRCLE
8
BLACK
10
-0.7803149606299212
20
1.190748031496063
40
0.0068897637795276
0
CIRCLE
8
BLACK
10
-0.8803149606299212
20
1.0907480314960629
40
0.0068897637795276
0
CIRCLE
8
BLACK
10
-0.7803149606299212
20
1.0907480314960629
40
0.0068897637795276
0
CIRCLE
8
BLACK
10
-0.8803149606299212
20
0.9907480314960629
40
0.0068897637795276
0
CIRCLE
8
BLACK
10
-0.7803149606299212
20
0.9907480314960629
40
0.0068897637795276
  0
ENDSEC
  0
EOF
