  0
SECTION
  2
HEADER
  9
$ANGBASE
  50
0.0
  9
$ANGDIR
  70
1
  9
$MEASUREMENT
  70
0
  0
ENDSEC
  0
SECTION
  2
TABLES
  0
TABLE
  2
LTYPE
  70
4
  0
LTYPE
  5
40F
  2
CONTINUOUS
  70
0
  3
Solid line
  72
65
  73
0
  40
0.0
  0
LTYPE
  5
410
  2
DASHDOT
 70
0
  3
Dash Dot ____ _ ____ _
 72
65
 73
4
 40
2.0
 49
1.25
 49
-0.25
 49
0.25
 49
-0.25
  0
LTYPE
  5
411
  2
DASHED
 70
0
  3
Dashed __ __ __ __ __
 72
65
 73
2
 40
0.75
 49
0.5
 49
-0.25
  0
LTYPE
  5
43B
  2
DOTTED
 70
0
  3
Dotted .  .  .  .
 72
65
 73
2
 40
0.2
 49
0.0
 49
-0.2
  0
ENDTAB
  0
TABLE
  2
STYLE
  70
4
  0
STYLE
  2
KICAD
  70
0
  40
0
  41
1
  42
1
  50
0
  71
0
  3
isocp.shx
  0
STYLE
  2
KICADB
  70
0
  40
0
  41
1
  42
1
  50
0
  71
0
  3
isocp.shx
  0
STYLE
  2
KICADI
  70
0
  40
0
  41
1
  42
1
  50
15
  71
0
  3
isocp.shx
  0
STYLE
  2
KICADBI
  70
0
  40
0
  41
1
  42
1
  50
15
  71
0
  3
isocp.shx
  0
ENDTAB
  0
TABLE
  2
LAYER
  70
1
  0
LAYER
  2
BLACK
  70
0
  62
7
  6
CONTINUOUS
  0
ENDTAB
  0
ENDSEC
  0
SECTION
  2
ENTITIES
0
LINE
8
BLACK
6
CONTINUOUS
10
-0.3006875196850394
20
0.3027062992125984
11
-0.3005895275590551
21
0.3026657086614173
0
LINE
8
BLACK
6
CONTINUOUS
10
-0.3005895275590551
20
0.3026657086614173
11
-0.3004837007874016
21
0.302658188976378
0
LINE
8
BLACK
6
CONTINUOUS
10
-0.3004837007874016
20
0.302658188976378
11
-0.2999430708661417
21
0.3024512992125984
0
LINE
8
BLACK
6
CONTINUOUS
10
-0.2999430708661417
20
0.3024512992125984
11
-0.2961935433070866
21
0.3005765354330708
0
LINE
8
BLACK
6
CONTINUOUS
10
-0.2961935433070866
20
0.3005765354330708
11
-0.2959455511811023
21
0.3004204724409449
0
LINE
8
BLACK
6
CONTINUOUS
10
-0.2959455511811023
20
0.3004204724409449
11
-0.2958735826771653
21
0.3003906299212598
0
LINE
8
BLACK
6
CONTINUOUS
10
-0.2958735826771653
20
0.3003906299212598
11
-0.2957926377952756
21
0.3003241732283464
0
LINE
8
BLACK
6
CONTINUOUS
10
-0.2957926377952756
20
0.3003241732283464
11
-0.2957036614173228
21
0.300268188976378
0
LINE
8
BLACK
6
CONTINUOUS
10
-0.2957036614173228
20
0.300268188976378
11
-0.2956525196850394
21
0.3002092125984252
0
LINE
8
BLACK
6
CONTINUOUS
10
-0.2956525196850394
20
0.3002092125984252
11
-0.2954261417322834
21
0.3000234251968504
0
LINE
8
BLACK
6
CONTINUOUS
10
-0.2954261417322834
20
0.3000234251968504
11
-0.2935513779527559
21
0.2981486614173228
0
LINE
8
BLACK
6
CONTINUOUS
10
-0.2935513779527559
20
0.2981486614173228
11
-0.2933656299212599
21
0.2979223228346456
0
LINE
8
BLACK
6
CONTINUOUS
10
-0.2933656299212599
20
0.2979223228346456
11
-0.2933066141732283
21
0.2978711417322835
0
LINE
8
BLACK
6
CONTINUOUS
10
-0.2933066141732283
20
0.2978711417322835
11
-0.2932506692913386
21
0.2977822047244094
0
LINE
8
BLACK
6
CONTINUOUS
10
-0.2932506692913386
20
0.2977822047244094
11
-0.2931841732283464
21
0.297701220472441
0
LINE
8
BLACK
6
CONTINUOUS
10
-0.2931841732283464
20
0.297701220472441
11
-0.2931543700787402
21
0.2976292913385827
0
LINE
8
BLACK
6
CONTINUOUS
10
-0.2931543700787402
20
0.2976292913385827
11
-0.2929982677165354
21
0.2973812598425197
0
LINE
8
BLACK
6
CONTINUOUS
10
-0.2929982677165354
20
0.2973812598425197
11
-0.2911235039370079
21
0.2936317322834646
0
LINE
8
BLACK
6
CONTINUOUS
10
-0.2911235039370079
20
0.2936317322834646
11
-0.2911074015748031
21
0.2935896456692914
0
LINE
8
BLACK
6
CONTINUOUS
10
-0.2911074015748031
20
0.2935896456692914
11
-0.2910946850393701
21
0.2935724803149606
0
LINE
8
BLACK
6
CONTINUOUS
10
-0.2910946850393701
20
0.2935724803149606
11
-0.2910083858267716
21
0.293330905511811
0
LINE
8
BLACK
6
CONTINUOUS
10
-0.2910083858267716
20
0.293330905511811
11
-0.2909166141732283
21
0.2930911417322835
0
LINE
8
BLACK
6
CONTINUOUS
10
-0.2909166141732283
20
0.2930911417322835
11
-0.2909151181102362
21
0.2930698818897638
0
LINE
8
BLACK
6
CONTINUOUS
10
-0.2909151181102362
20
0.2930698818897638
11
-0.2908999212598425
21
0.2930273622047244
0
LINE
8
BLACK
6
CONTINUOUS
10
-0.2908999212598425
20
0.2930273622047244
11
-0.2890251574803149
21
0.2855283070866141
0
LINE
8
BLACK
6
CONTINUOUS
10
-0.2890251574803149
20
0.2855283070866141
11
-0.2890103937007874
21
0.2854284645669291
0
LINE
8
BLACK
6
CONTINUOUS
10
-0.2890103937007874
20
0.2854284645669291
11
-0.2889937401574803
21
0.2853882283464567
0
LINE
8
BLACK
6
CONTINUOUS
10
-0.2889937401574803
20
0.2853882283464567
11
-0.2889724015748031
21
0.2851712204724409
0
LINE
8
BLACK
6
CONTINUOUS
10
-0.2889724015748031
20
0.2851712204724409
11
-0.2889405118110236
21
0.2849557086614173
0
LINE
8
BLACK
6
CONTINUOUS
10
-0.2889405118110236
20
0.2849557086614173
11
-0.2889469291338583
21
0.284912716535433
0
LINE
8
BLACK
6
CONTINUOUS
10
-0.2889469291338583
20
0.284912716535433
11
-0.2889370078740157
21
0.2848121653543307
0
LINE
8
BLACK
6
CONTINUOUS
10
-0.2889370078740157
20
0.2848121653543307
11
-0.2889370078740157
21
0.2754383464566929
0
LINE
8
BLACK
6
CONTINUOUS
10
-0.2889370078740157
20
0.2754383464566929
11
-0.2889469291338583
21
0.2753378346456693
0
LINE
8
BLACK
6
CONTINUOUS
10
-0.2889469291338583
20
0.2753378346456693
11
-0.2889405118110236
21
0.2752948031496063
0
LINE
8
BLACK
6
CONTINUOUS
10
-0.2889405118110236
20
0.2752948031496063
11
-0.2889724015748031
21
0.2750793307086614
0
LINE
8
BLACK
6
CONTINUOUS
10
-0.2889724015748031
20
0.2750793307086614
11
-0.2889937401574803
21
0.2748622834645669
0
LINE
8
BLACK
6
CONTINUOUS
10
-0.2889937401574803
20
0.2748622834645669
11
-0.2890103937007874
21
0.2748220866141732
0
LINE
8
BLACK
6
CONTINUOUS
10
-0.2890103937007874
20
0.2748220866141732
11
-0.2890251574803149
21
0.2747222047244094
0
LINE
8
BLACK
6
CONTINUOUS
10
-0.2890251574803149
20
0.2747222047244094
11
-0.2908999212598425
21
0.2672231496062992
0
LINE
8
BLACK
6
CONTINUOUS
10
-0.2908999212598425
20
0.2672231496062992
11
-0.2909151181102362
21
0.2671806692913386
0
LINE
8
BLACK
6
CONTINUOUS
10
-0.2909151181102362
20
0.2671806692913386
11
-0.2909166141732283
21
0.2671593700787401
0
LINE
8
BLACK
6
CONTINUOUS
10
-0.2909166141732283
20
0.2671593700787401
11
-0.2910083858267716
21
0.2669196456692913
0
LINE
8
BLACK
6
CONTINUOUS
10
-0.2910083858267716
20
0.2669196456692913
11
-0.2910946850393701
21
0.266678031496063
0
LINE
8
BLACK
6
CONTINUOUS
10
-0.2910946850393701
20
0.266678031496063
11
-0.2911074015748031
21
0.266660905511811
0
LINE
8
BLACK
6
CONTINUOUS
10
-0.2911074015748031
20
0.266660905511811
11
-0.2911235039370079
21
0.266618779527559
0
LINE
8
BLACK
6
CONTINUOUS
10
-0.2911235039370079
20
0.266618779527559
11
-0.2929982677165354
21
0.2628692519685039
0
LINE
8
BLACK
6
CONTINUOUS
10
-0.2929982677165354
20
0.2628692519685039
11
-0.2931543307086614
21
0.2626213779527559
0
LINE
8
BLACK
6
CONTINUOUS
10
-0.2931543307086614
20
0.2626213779527559
11
-0.2931841338582677
21
0.2625493307086614
0
LINE
8
BLACK
6
CONTINUOUS
10
-0.2931841338582677
20
0.2625493307086614
11
-0.2932506692913386
21
0.2624683070866142
0
LINE
8
BLACK
6
CONTINUOUS
10
-0.2932506692913386
20
0.2624683070866142
11
-0.2933066141732283
21
0.2623793700787401
0
LINE
8
BLACK
6
CONTINUOUS
10
-0.2933066141732283
20
0.2623793700787401
11
-0.2933656299212599
21
0.2623282283464567
0
LINE
8
BLACK
6
CONTINUOUS
10
-0.2933656299212599
20
0.2623282283464567
11
-0.2935513779527559
21
0.2621018503937008
0
LINE
8
BLACK
6
CONTINUOUS
10
-0.2935513779527559
20
0.2621018503937008
11
-0.2954261023622047
21
0.2602270866141732
0
LINE
8
BLACK
6
CONTINUOUS
10
-0.2954261023622047
20
0.2602270866141732
11
-0.2956524803149606
21
0.2600413385826771
0
LINE
8
BLACK
6
CONTINUOUS
10
-0.2956524803149606
20
0.2600413385826771
11
-0.2957036614173228
21
0.2599822834645669
0
LINE
8
BLACK
6
CONTINUOUS
10
-0.2957036614173228
20
0.2599822834645669
11
-0.2957926377952756
21
0.2599262992125984
0
LINE
8
BLACK
6
CONTINUOUS
10
-0.2957926377952756
20
0.2599262992125984
11
-0.2958735826771653
21
0.259859842519685
0
LINE
8
BLACK
6
CONTINUOUS
10
-0.2958735826771653
20
0.259859842519685
11
-0.2959455511811023
21
0.2598300393700788
0
LINE
8
BLACK
6
CONTINUOUS
10
-0.2959455511811023
20
0.2598300393700788
11
-0.2961935433070866
21
0.259673937007874
0
LINE
8
BLACK
6
CONTINUOUS
10
-0.2961935433070866
20
0.259673937007874
11
-0.2999430708661417
21
0.2577991732283464
0
LINE
8
BLACK
6
CONTINUOUS
10
-0.2999430708661417
20
0.2577991732283464
11
-0.3004837007874016
21
0.2575922834645669
0
LINE
8
BLACK
6
CONTINUOUS
10
-0.3004837007874016
20
0.2575922834645669
11
-0.3005895275590551
21
0.2575848031496063
0
LINE
8
BLACK
6
CONTINUOUS
10
-0.3005895275590551
20
0.2575848031496063
11
-0.3006875196850394
21
0.2575441732283464
0
LINE
8
BLACK
6
CONTINUOUS
10
-0.3006875196850394
20
0.2575441732283464
11
-0.3012635826771654
21
0.2574874409448819
0
LINE
8
BLACK
6
CONTINUOUS
10
-0.3012635826771654
20
0.2574874409448819
11
-0.3050131102362205
21
0.2574874409448819
0
LINE
8
BLACK
6
CONTINUOUS
10
-0.3050131102362205
20
0.2574874409448819
11
-0.3055891732283464
21
0.2575441732283464
0
LINE
8
BLACK
6
CONTINUOUS
10
-0.3055891732283464
20
0.2575441732283464
11
-0.3056871653543307
21
0.2575847637795275
0
LINE
8
BLACK
6
CONTINUOUS
10
-0.3056871653543307
20
0.2575847637795275
11
-0.305793031496063
21
0.2575922834645669
0
LINE
8
BLACK
6
CONTINUOUS
10
-0.305793031496063
20
0.2575922834645669
11
-0.3063336220472441
21
0.2577991732283464
0
LINE
8
BLACK
6
CONTINUOUS
10
-0.3063336220472441
20
0.2577991732283464
11
-0.3100831496062992
21
0.259673937007874
0
LINE
8
BLACK
6
CONTINUOUS
10
-0.3100831496062992
20
0.259673937007874
11
-0.3103311811023622
21
0.2598300393700788
0
LINE
8
BLACK
6
CONTINUOUS
10
-0.3103311811023622
20
0.2598300393700788
11
-0.3104031102362205
21
0.259859842519685
0
LINE
8
BLACK
6
CONTINUOUS
10
-0.3104031102362205
20
0.259859842519685
11
-0.310484094488189
21
0.2599262992125984
0
LINE
8
BLACK
6
CONTINUOUS
10
-0.310484094488189
20
0.2599262992125984
11
-0.310573031496063
21
0.2599822834645669
0
LINE
8
BLACK
6
CONTINUOUS
10
-0.310573031496063
20
0.2599822834645669
11
-0.3106242519685039
21
0.2600413385826771
0
LINE
8
BLACK
6
CONTINUOUS
10
-0.3106242519685039
20
0.2600413385826771
11
-0.3108505905511811
21
0.2602270866141732
0
LINE
8
BLACK
6
CONTINUOUS
10
-0.3108505905511811
20
0.2602270866141732
11
-0.3108694488188976
21
0.2602459448818897
0
LINE
8
BLACK
6
CONTINUOUS
10
-0.3108694488188976
20
0.2602459448818897
11
-0.3161869291338583
21
0.2549283858267716
0
LINE
8
BLACK
6
CONTINUOUS
10
-0.3161869291338583
20
0.2549283858267716
11
-0.2989435826771654
21
0.2549283858267716
0
LINE
8
BLACK
6
CONTINUOUS
10
-0.2989435826771654
20
0.2549283858267716
11
-0.2983675196850394
21
0.2548716535433071
0
LINE
8
BLACK
6
CONTINUOUS
10
-0.2983675196850394
20
0.2548716535433071
11
-0.2973031102362205
21
0.2544307480314961
0
LINE
8
BLACK
6
CONTINUOUS
10
-0.2973031102362205
20
0.2544307480314961
11
-0.2964884645669291
21
0.2536161023622047
0
LINE
8
BLACK
6
CONTINUOUS
10
-0.2964884645669291
20
0.2536161023622047
11
-0.2960475590551181
21
0.2525516929133858
0
LINE
8
BLACK
6
CONTINUOUS
10
-0.2960475590551181
20
0.2525516929133858
11
-0.2960475590551181
21
0.2513995669291338
0
LINE
8
BLACK
6
CONTINUOUS
10
-0.2960475590551181
20
0.2513995669291338
11
-0.2964884645669291
21
0.2503351574803149
0
LINE
8
BLACK
6
CONTINUOUS
10
-0.2964884645669291
20
0.2503351574803149
11
-0.2973031102362205
21
0.2495205118110236
0
LINE
8
BLACK
6
CONTINUOUS
10
-0.2973031102362205
20
0.2495205118110236
11
-0.2983675196850394
21
0.2490796062992126
0
LINE
8
BLACK
6
CONTINUOUS
10
-0.2983675196850394
20
0.2490796062992126
11
-0.2989435826771654
21
0.249022874015748
0
LINE
8
BLACK
6
CONTINUOUS
10
-0.2989435826771654
20
0.249022874015748
11
-0.3233155118110236
21
0.249022874015748
0
LINE
8
BLACK
6
CONTINUOUS
10
-0.3233155118110236
20
0.249022874015748
11
-0.3238915748031496
21
0.2490796062992126
0
LINE
8
BLACK
6
CONTINUOUS
10
-0.3238915748031496
20
0.2490796062992126
11
-0.3249559842519685
21
0.2495205118110236
0
LINE
8
BLACK
6
CONTINUOUS
10
-0.3249559842519685
20
0.2495205118110236
11
-0.3257706299212598
21
0.2503351574803149
0
LINE
8
BLACK
6
CONTINUOUS
10
-0.3257706299212598
20
0.2503351574803149
11
-0.3262115354330709
21
0.2513995669291338
0
LINE
8
BLACK
6
CONTINUOUS
10
-0.3262115354330709
20
0.2513995669291338
11
-0.3262115354330709
21
0.2525516929133858
0
LINE
8
BLACK
6
CONTINUOUS
10
-0.3262115354330709
20
0.2525516929133858
11
-0.3257706299212598
21
0.2536161023622047
0
LINE
8
BLACK
6
CONTINUOUS
10
-0.3257706299212598
20
0.2536161023622047
11
-0.3254034251968504
21
0.2540635433070866
0
LINE
8
BLACK
6
CONTINUOUS
10
-0.3254034251968504
20
0.2540635433070866
11
-0.3143848818897638
21
0.2650821653543307
0
LINE
8
BLACK
6
CONTINUOUS
10
-0.3143848818897638
20
0.2650821653543307
11
-0.315153188976378
21
0.266618779527559
0
LINE
8
BLACK
6
CONTINUOUS
10
-0.315153188976378
20
0.266618779527559
11
-0.3151693307086614
21
0.266660905511811
0
LINE
8
BLACK
6
CONTINUOUS
10
-0.3151693307086614
20
0.266660905511811
11
-0.3151820078740157
21
0.266678031496063
0
LINE
8
BLACK
6
CONTINUOUS
10
-0.3151820078740157
20
0.266678031496063
11
-0.3152684645669291
21
0.26692
0
LINE
8
BLACK
6
CONTINUOUS
10
-0.3152684645669291
20
0.26692
11
-0.3153600787401575
21
0.2671594094488189
0
LINE
8
BLACK
6
CONTINUOUS
10
-0.3153600787401575
20
0.2671594094488189
11
-0.3153616141732283
21
0.2671806692913386
0
LINE
8
BLACK
6
CONTINUOUS
10
-0.3153616141732283
20
0.2671806692913386
11
-0.3153767716535433
21
0.2672231496062992
0
LINE
8
BLACK
6
CONTINUOUS
10
-0.3153767716535433
20
0.2672231496062992
11
-0.3172515354330709
21
0.2747222047244094
0
LINE
8
BLACK
6
CONTINUOUS
10
-0.3172515354330709
20
0.2747222047244094
11
-0.3172663385826772
21
0.2748220866141732
0
LINE
8
BLACK
6
CONTINUOUS
10
-0.3172663385826772
20
0.2748220866141732
11
-0.3172829527559055
21
0.2748622834645669
0
LINE
8
BLACK
6
CONTINUOUS
10
-0.3172829527559055
20
0.2748622834645669
11
-0.3173043307086614
21
0.2750793307086614
0
LINE
8
BLACK
6
CONTINUOUS
10
-0.3173043307086614
20
0.2750793307086614
11
-0.3173361811023622
21
0.2752948031496063
0
LINE
8
BLACK
6
CONTINUOUS
10
-0.3173361811023622
20
0.2752948031496063
11
-0.3173298031496063
21
0.2753378346456693
0
LINE
8
BLACK
6
CONTINUOUS
10
-0.3173298031496063
20
0.2753378346456693
11
-0.31733968503937
21
0.2754383464566929
0
LINE
8
BLACK
6
CONTINUOUS
10
-0.31733968503937
20
0.2754383464566929
11
-0.31733968503937
21
0.2848121653543307
0
LINE
8
BLACK
6
CONTINUOUS
10
-0.31733968503937
20
0.2848121653543307
11
-0.3173298031496063
21
0.284912716535433
0
LINE
8
BLACK
6
CONTINUOUS
10
-0.3173298031496063
20
0.284912716535433
11
-0.3173361811023622
21
0.2849557086614173
0
LINE
8
BLACK
6
CONTINUOUS
10
-0.3173361811023622
20
0.2849557086614173
11
-0.3173043307086614
21
0.2851712204724409
0
LINE
8
BLACK
6
CONTINUOUS
10
-0.3173043307086614
20
0.2851712204724409
11
-0.3172829527559055
21
0.2853882283464567
0
LINE
8
BLACK
6
CONTINUOUS
10
-0.3172829527559055
20
0.2853882283464567
11
-0.3172663385826772
21
0.2854284645669291
0
LINE
8
BLACK
6
CONTINUOUS
10
-0.3172663385826772
20
0.2854284645669291
11
-0.3172515354330709
21
0.2855283070866141
0
LINE
8
BLACK
6
CONTINUOUS
10
-0.3172515354330709
20
0.2855283070866141
11
-0.3167376771653543
21
0.2875838582677165
0
LINE
8
BLACK
6
CONTINUOUS
10
-0.3167376771653543
20
0.2875838582677165
11
-0.3178168897637795
21
0.2870442125984252
0
LINE
8
BLACK
6
CONTINUOUS
10
-0.3178168897637795
20
0.2870442125984252
11
-0.3193528346456693
21
0.2855082677165354
0
LINE
8
BLACK
6
CONTINUOUS
10
-0.3193528346456693
20
0.2855082677165354
11
-0.3198002755905512
21
0.285141062992126
0
LINE
8
BLACK
6
CONTINUOUS
10
-0.3198002755905512
20
0.285141062992126
11
-0.3208647244094488
21
0.284700157480315
0
LINE
8
BLACK
6
CONTINUOUS
10
-0.3208647244094488
20
0.284700157480315
11
-0.3220167716535433
21
0.284700157480315
0
LINE
8
BLACK
6
CONTINUOUS
10
-0.3220167716535433
20
0.284700157480315
11
-0.3230812204724409
21
0.285141062992126
0
LINE
8
BLACK
6
CONTINUOUS
10
-0.3230812204724409
20
0.285141062992126
11
-0.3238958661417323
21
0.2859557086614173
0
LINE
8
BLACK
6
CONTINUOUS
10
-0.3238958661417323
20
0.2859557086614173
11
-0.3243367716535433
21
0.287020157480315
0
LINE
8
BLACK
6
CONTINUOUS
10
-0.3243367716535433
20
0.287020157480315
11
-0.3243367716535433
21
0.2881722047244095
0
LINE
8
BLACK
6
CONTINUOUS
10
-0.3243367716535433
20
0.2881722047244095
11
-0.3238958661417323
21
0.2892366535433071
0
LINE
8
BLACK
6
CONTINUOUS
10
-0.3238958661417323
20
0.2892366535433071
11
-0.3235286614173228
21
0.289684094488189
0
LINE
8
BLACK
6
CONTINUOUS
10
-0.3235286614173228
20
0.289684094488189
11
-0.3216538976377953
21
0.2915588582677165
0
LINE
8
BLACK
6
CONTINUOUS
10
-0.3216538976377953
20
0.2915588582677165
11
-0.3214275590551181
21
0.2917446456692913
0
LINE
8
BLACK
6
CONTINUOUS
10
-0.3214275590551181
20
0.2917446456692913
11
-0.3213763779527559
21
0.2918036220472441
0
LINE
8
BLACK
6
CONTINUOUS
10
-0.3213763779527559
20
0.2918036220472441
11
-0.3212874409448819
21
0.2918596062992126
0
LINE
8
BLACK
6
CONTINUOUS
10
-0.3212874409448819
20
0.2918596062992126
11
-0.3212064566929134
21
0.291926062992126
0
LINE
8
BLACK
6
CONTINUOUS
10
-0.3212064566929134
20
0.291926062992126
11
-0.3211345275590551
21
0.291955905511811
0
LINE
8
BLACK
6
CONTINUOUS
10
-0.3211345275590551
20
0.291955905511811
11
-0.3208864960629921
21
0.292111968503937
0
LINE
8
BLACK
6
CONTINUOUS
10
-0.3208864960629921
20
0.292111968503937
11
-0.317136968503937
21
0.2939867322834646
0
LINE
8
BLACK
6
CONTINUOUS
10
-0.317136968503937
20
0.2939867322834646
11
-0.3165963779527559
21
0.2941936220472441
0
LINE
8
BLACK
6
CONTINUOUS
10
-0.3165963779527559
20
0.2941936220472441
11
-0.3164905118110236
21
0.2942011811023622
0
LINE
8
BLACK
6
CONTINUOUS
10
-0.3164905118110236
20
0.2942011811023622
11
-0.3163925196850393
21
0.2942417322834646
0
LINE
8
BLACK
6
CONTINUOUS
10
-0.3163925196850393
20
0.2942417322834646
11
-0.3158164566929134
21
0.2942984645669292
0
LINE
8
BLACK
6
CONTINUOUS
10
-0.3158164566929134
20
0.2942984645669292
11
-0.3148198031496063
21
0.2942984645669292
0
LINE
8
BLACK
6
CONTINUOUS
10
-0.3148198031496063
20
0.2942984645669292
11
-0.3132784251968504
21
0.2973812598425197
0
LINE
8
BLACK
6
CONTINUOUS
10
-0.3132784251968504
20
0.2973812598425197
11
-0.3131223622047244
21
0.2976292913385827
0
LINE
8
BLACK
6
CONTINUOUS
10
-0.3131223622047244
20
0.2976292913385827
11
-0.3130925196850394
21
0.297701220472441
0
LINE
8
BLACK
6
CONTINUOUS
10
-0.3130925196850394
20
0.297701220472441
11
-0.313026062992126
21
0.2977822047244094
0
LINE
8
BLACK
6
CONTINUOUS
10
-0.313026062992126
20
0.2977822047244094
11
-0.3129700787401575
21
0.2978711417322835
0
LINE
8
BLACK
6
CONTINUOUS
10
-0.3129700787401575
20
0.2978711417322835
11
-0.3129111023622047
21
0.2979223228346456
0
LINE
8
BLACK
6
CONTINUOUS
10
-0.3129111023622047
20
0.2979223228346456
11
-0.3127253149606299
21
0.2981486614173228
0
LINE
8
BLACK
6
CONTINUOUS
10
-0.3127253149606299
20
0.2981486614173228
11
-0.3108505511811023
21
0.3000234251968504
0
LINE
8
BLACK
6
CONTINUOUS
10
-0.3108505511811023
20
0.3000234251968504
11
-0.3106242125984252
21
0.3002092125984252
0
LINE
8
BLACK
6
CONTINUOUS
10
-0.3106242125984252
20
0.3002092125984252
11
-0.310573031496063
21
0.300268188976378
0
LINE
8
BLACK
6
CONTINUOUS
10
-0.310573031496063
20
0.300268188976378
11
-0.310484094488189
21
0.3003241732283464
0
LINE
8
BLACK
6
CONTINUOUS
10
-0.310484094488189
20
0.3003241732283464
11
-0.3104031102362205
21
0.3003906299212598
0
LINE
8
BLACK
6
CONTINUOUS
10
-0.3104031102362205
20
0.3003906299212598
11
-0.3103311811023622
21
0.3004204724409449
0
LINE
8
BLACK
6
CONTINUOUS
10
-0.3103311811023622
20
0.3004204724409449
11
-0.3100831496062992
21
0.3005765354330708
0
LINE
8
BLACK
6
CONTINUOUS
10
-0.3100831496062992
20
0.3005765354330708
11
-0.3063336220472441
21
0.3024512992125984
0
LINE
8
BLACK
6
CONTINUOUS
10
-0.3063336220472441
20
0.3024512992125984
11
-0.305793031496063
21
0.302658188976378
0
LINE
8
BLACK
6
CONTINUOUS
10
-0.305793031496063
20
0.302658188976378
11
-0.3056871653543307
21
0.302665748031496
0
LINE
8
BLACK
6
CONTINUOUS
10
-0.3056871653543307
20
0.302665748031496
11
-0.3055891732283464
21
0.3027062992125984
0
LINE
8
BLACK
6
CONTINUOUS
10
-0.3055891732283464
20
0.3027062992125984
11
-0.3050131102362205
21
0.302763031496063
0
LINE
8
BLACK
6
CONTINUOUS
10
-0.3050131102362205
20
0.302763031496063
11
-0.3012635826771654
21
0.302763031496063
0
LINE
8
BLACK
6
CONTINUOUS
10
-0.3012635826771654
20
0.302763031496063
11
-0.3006875196850394
21
0.3027062992125984
0
LINE
8
BLACK
6
CONTINUOUS
10
-0.3070135433070866
20
0.2955087795275591
11
-0.3082106692913386
21
0.2943116535433071
0
LINE
8
BLACK
6
CONTINUOUS
10
-0.3082106692913386
20
0.2943116535433071
11
-0.3082172834645669
21
0.2942984645669292
0
LINE
8
BLACK
6
CONTINUOUS
10
-0.3082172834645669
20
0.2942984645669292
11
-0.3064426377952756
21
0.2942984645669292
0
LINE
8
BLACK
6
CONTINUOUS
10
-0.3064426377952756
20
0.2942984645669292
11
-0.3058665748031496
21
0.2942417322834646
0
LINE
8
BLACK
6
CONTINUOUS
10
-0.3058665748031496
20
0.2942417322834646
11
-0.3057685826771653
21
0.2942011417322835
0
LINE
8
BLACK
6
CONTINUOUS
10
-0.3057685826771653
20
0.2942011417322835
11
-0.3056627559055118
21
0.2941936220472441
0
LINE
8
BLACK
6
CONTINUOUS
10
-0.3056627559055118
20
0.2941936220472441
11
-0.305122125984252
21
0.2939867322834646
0
LINE
8
BLACK
6
CONTINUOUS
10
-0.305122125984252
20
0.2939867322834646
11
-0.3013725984251969
21
0.292111968503937
0
LINE
8
BLACK
6
CONTINUOUS
10
-0.3013725984251969
20
0.292111968503937
11
-0.3011246062992126
21
0.291955905511811
0
LINE
8
BLACK
6
CONTINUOUS
10
-0.3011246062992126
20
0.291955905511811
11
-0.3010526377952756
21
0.291926062992126
0
LINE
8
BLACK
6
CONTINUOUS
10
-0.3010526377952756
20
0.291926062992126
11
-0.3009716929133858
21
0.2918596062992126
0
LINE
8
BLACK
6
CONTINUOUS
10
-0.3009716929133858
20
0.2918596062992126
11
-0.3008827165354331
21
0.2918036220472441
0
LINE
8
BLACK
6
CONTINUOUS
10
-0.3008827165354331
20
0.2918036220472441
11
-0.3008315748031496
21
0.2917446456692913
0
LINE
8
BLACK
6
CONTINUOUS
10
-0.3008315748031496
20
0.2917446456692913
11
-0.3006051968503937
21
0.2915588582677165
0
LINE
8
BLACK
6
CONTINUOUS
10
-0.3006051968503937
20
0.2915588582677165
11
-0.2987304330708661
21
0.289684094488189
0
LINE
8
BLACK
6
CONTINUOUS
10
-0.2987304330708661
20
0.289684094488189
11
-0.2985446850393701
21
0.2894577559055118
0
LINE
8
BLACK
6
CONTINUOUS
10
-0.2985446850393701
20
0.2894577559055118
11
-0.2984856692913386
21
0.2894065748031496
0
LINE
8
BLACK
6
CONTINUOUS
10
-0.2984856692913386
20
0.2894065748031496
11
-0.2984297244094488
21
0.2893176377952756
0
LINE
8
BLACK
6
CONTINUOUS
10
-0.2984297244094488
20
0.2893176377952756
11
-0.2983632283464567
21
0.2892366535433071
0
LINE
8
BLACK
6
CONTINUOUS
10
-0.2983632283464567
20
0.2892366535433071
11
-0.2983334251968504
21
0.2891647244094488
0
LINE
8
BLACK
6
CONTINUOUS
10
-0.2983334251968504
20
0.2891647244094488
11
-0.2981773228346457
21
0.2889166929133858
0
LINE
8
BLACK
6
CONTINUOUS
10
-0.2981773228346457
20
0.2889166929133858
11
-0.2963025590551181
21
0.2851671653543307
0
LINE
8
BLACK
6
CONTINUOUS
10
-0.2963025590551181
20
0.2851671653543307
11
-0.2960956692913386
21
0.2846265748031496
0
LINE
8
BLACK
6
CONTINUOUS
10
-0.2960956692913386
20
0.2846265748031496
11
-0.2960881496062992
21
0.2845207086614173
0
LINE
8
BLACK
6
CONTINUOUS
10
-0.2960881496062992
20
0.2845207086614173
11
-0.2960475590551181
21
0.2844227165354331
0
LINE
8
BLACK
6
CONTINUOUS
10
-0.2960475590551181
20
0.2844227165354331
11
-0.2959908267716536
21
0.2838466535433071
0
LINE
8
BLACK
6
CONTINUOUS
10
-0.2959908267716536
20
0.2838466535433071
11
-0.2959908267716536
21
0.280097125984252
0
LINE
8
BLACK
6
CONTINUOUS
10
-0.2959908267716536
20
0.280097125984252
11
-0.2960195669291338
21
0.2798055511811023
0
LINE
8
BLACK
6
CONTINUOUS
10
-0.2960195669291338
20
0.2798055511811023
11
-0.2960140157480315
21
0.2797277952755906
0
LINE
8
BLACK
6
CONTINUOUS
10
-0.2960140157480315
20
0.2797277952755906
11
-0.2960372834645669
21
0.2796255511811024
0
LINE
8
BLACK
6
CONTINUOUS
10
-0.2960372834645669
20
0.2796255511811024
11
-0.2960475590551181
21
0.279521062992126
0
LINE
8
BLACK
6
CONTINUOUS
10
-0.2960475590551181
20
0.279521062992126
11
-0.2960774409448819
21
0.2794490157480315
0
LINE
8
BLACK
6
CONTINUOUS
10
-0.2960774409448819
20
0.2794490157480315
11
-0.2961423622047244
21
0.2791633464566929
0
LINE
8
BLACK
6
CONTINUOUS
10
-0.2961423622047244
20
0.2791633464566929
11
-0.298017125984252
21
0.273539094488189
0
LINE
8
BLACK
6
CONTINUOUS
10
-0.298017125984252
20
0.273539094488189
11
-0.2982531102362205
21
0.2730105118110236
0
LINE
8
BLACK
6
CONTINUOUS
10
-0.2982531102362205
20
0.2730105118110236
11
-0.2983225984251968
21
0.2729304330708661
0
LINE
8
BLACK
6
CONTINUOUS
10
-0.2983225984251968
20
0.2729304330708661
11
-0.2983631889763779
21
0.2728323622047244
0
LINE
8
BLACK
6
CONTINUOUS
10
-0.2983631889763779
20
0.2728323622047244
11
-0.2987304330708661
21
0.2723849212598425
0
LINE
8
BLACK
6
CONTINUOUS
10
-0.2987304330708661
20
0.2723849212598425
11
-0.306586968503937
21
0.2645284251968504
0
LINE
8
BLACK
6
CONTINUOUS
10
-0.306586968503937
20
0.2645284251968504
11
-0.304316062992126
21
0.2633929527559055
0
LINE
8
BLACK
6
CONTINUOUS
10
-0.304316062992126
20
0.2633929527559055
11
-0.3019606299212598
21
0.2633929527559055
0
LINE
8
BLACK
6
CONTINUOUS
10
-0.3019606299212598
20
0.2633929527559055
11
-0.2992631889763779
21
0.2647416929133858
0
LINE
8
BLACK
6
CONTINUOUS
10
-0.2992631889763779
20
0.2647416929133858
11
-0.298066062992126
21
0.2659388582677165
0
LINE
8
BLACK
6
CONTINUOUS
10
-0.298066062992126
20
0.2659388582677165
11
-0.2965505511811024
21
0.268969842519685
0
LINE
8
BLACK
6
CONTINUOUS
10
-0.2965505511811024
20
0.268969842519685
11
-0.2948425196850394
21
0.2758018897637795
0
LINE
8
BLACK
6
CONTINUOUS
10
-0.2948425196850394
20
0.2758018897637795
11
-0.2948425196850394
21
0.2844486220472441
0
LINE
8
BLACK
6
CONTINUOUS
10
-0.2948425196850394
20
0.2844486220472441
11
-0.2965505511811024
21
0.2912806692913386
0
LINE
8
BLACK
6
CONTINUOUS
10
-0.2965505511811024
20
0.2912806692913386
11
-0.2980660236220473
21
0.2943116535433071
0
LINE
8
BLACK
6
CONTINUOUS
10
-0.2980660236220473
20
0.2943116535433071
11
-0.2992631496062992
21
0.2955087795275591
0
LINE
8
BLACK
6
CONTINUOUS
10
-0.2992631496062992
20
0.2955087795275591
11
-0.3019606299212598
21
0.2968575196850394
0
LINE
8
BLACK
6
CONTINUOUS
10
-0.3019606299212598
20
0.2968575196850394
11
-0.304316062992126
21
0.2968575196850394
0
LINE
8
BLACK
6
CONTINUOUS
10
-0.304316062992126
20
0.2968575196850394
11
-0.3070135433070866
21
0.2955087795275591
0
LINE
8
BLACK
6
CONTINUOUS
10
-0.3114341732283464
20
0.2844486220472441
11
-0.3114341732283464
21
0.2758018897637795
0
LINE
8
BLACK
6
CONTINUOUS
10
-0.3114341732283464
20
0.2758018897637795
11
-0.3098803937007874
21
0.2695866535433071
0
LINE
8
BLACK
6
CONTINUOUS
10
-0.3098803937007874
20
0.2695866535433071
11
-0.3033991732283465
21
0.276067874015748
0
LINE
8
BLACK
6
CONTINUOUS
10
-0.3033991732283465
20
0.276067874015748
11
-0.3018963385826772
21
0.2805762598425197
0
LINE
8
BLACK
6
CONTINUOUS
10
-0.3018963385826772
20
0.2805762598425197
11
-0.3018963385826772
21
0.2831496062992126
0
LINE
8
BLACK
6
CONTINUOUS
10
-0.3018963385826772
20
0.2831496062992126
11
-0.3032450787401575
21
0.2858470866141732
0
LINE
8
BLACK
6
CONTINUOUS
10
-0.3032450787401575
20
0.2858470866141732
11
-0.3044422047244094
21
0.2870442125984252
0
LINE
8
BLACK
6
CONTINUOUS
10
-0.3044422047244094
20
0.2870442125984252
11
-0.3071396850393701
21
0.2883929527559055
0
LINE
8
BLACK
6
CONTINUOUS
10
-0.3071396850393701
20
0.2883929527559055
11
-0.3104481102362205
21
0.2883929527559055
0
LINE
8
BLACK
6
CONTINUOUS
10
-0.3104481102362205
20
0.2883929527559055
11
-0.3114341732283464
21
0.2844486220472441
0
LINE
8
BLACK
6
CONTINUOUS
10
-0.2327507086614173
20
0.2942417322834646
11
-0.2326527165354331
21
0.2942011417322835
0
LINE
8
BLACK
6
CONTINUOUS
10
-0.2326527165354331
20
0.2942011417322835
11
-0.2325468897637795
21
0.2941936220472441
0
LINE
8
BLACK
6
CONTINUOUS
10
-0.2325468897637795
20
0.2941936220472441
11
-0.2320062598425197
21
0.2939867322834646
0
LINE
8
BLACK
6
CONTINUOUS
10
-0.2320062598425197
20
0.2939867322834646
11
-0.2282567322834646
21
0.292111968503937
0
LINE
8
BLACK
6
CONTINUOUS
10
-0.2282567322834646
20
0.292111968503937
11
-0.2280087401574803
21
0.291955905511811
0
LINE
8
BLACK
6
CONTINUOUS
10
-0.2280087401574803
20
0.291955905511811
11
-0.2279367716535433
21
0.291926062992126
0
LINE
8
BLACK
6
CONTINUOUS
10
-0.2279367716535433
20
0.291926062992126
11
-0.2278558267716535
21
0.2918596062992126
0
LINE
8
BLACK
6
CONTINUOUS
10
-0.2278558267716535
20
0.2918596062992126
11
-0.2277668503937008
21
0.2918036220472441
0
LINE
8
BLACK
6
CONTINUOUS
10
-0.2277668503937008
20
0.2918036220472441
11
-0.2277157086614173
21
0.2917446456692913
0
LINE
8
BLACK
6
CONTINUOUS
10
-0.2277157086614173
20
0.2917446456692913
11
-0.2274893307086614
21
0.2915588582677165
0
LINE
8
BLACK
6
CONTINUOUS
10
-0.2274893307086614
20
0.2915588582677165
11
-0.2256145669291338
21
0.289684094488189
0
LINE
8
BLACK
6
CONTINUOUS
10
-0.2256145669291338
20
0.289684094488189
11
-0.2254288188976378
21
0.2894577559055118
0
LINE
8
BLACK
6
CONTINUOUS
10
-0.2254288188976378
20
0.2894577559055118
11
-0.2253698031496063
21
0.2894065748031496
0
LINE
8
BLACK
6
CONTINUOUS
10
-0.2253698031496063
20
0.2894065748031496
11
-0.2253138582677165
21
0.2893176377952756
0
LINE
8
BLACK
6
CONTINUOUS
10
-0.2253138582677165
20
0.2893176377952756
11
-0.2252473622047244
21
0.2892366535433071
0
LINE
8
BLACK
6
CONTINUOUS
10
-0.2252473622047244
20
0.2892366535433071
11
-0.2252175590551181
21
0.2891647244094488
0
LINE
8
BLACK
6
CONTINUOUS
10
-0.2252175590551181
20
0.2891647244094488
11
-0.2250614566929134
21
0.2889166929133858
0
LINE
8
BLACK
6
CONTINUOUS
10
-0.2250614566929134
20
0.2889166929133858
11
-0.2231866929133858
21
0.2851671653543307
0
LINE
8
BLACK
6
CONTINUOUS
10
-0.2231866929133858
20
0.2851671653543307
11
-0.2231705905511811
21
0.2851250787401575
0
LINE
8
BLACK
6
CONTINUOUS
10
-0.2231705905511811
20
0.2851250787401575
11
-0.223157874015748
21
0.2851079133858268
0
LINE
8
BLACK
6
CONTINUOUS
10
-0.223157874015748
20
0.2851079133858268
11
-0.2230715748031496
21
0.2848663385826772
0
LINE
8
BLACK
6
CONTINUOUS
10
-0.2230715748031496
20
0.2848663385826772
11
-0.2229798031496063
21
0.2846265748031496
0
LINE
8
BLACK
6
CONTINUOUS
10
-0.2229798031496063
20
0.2846265748031496
11
-0.2229783070866142
21
0.2846053149606299
0
LINE
8
BLACK
6
CONTINUOUS
10
-0.2229783070866142
20
0.2846053149606299
11
-0.2229631102362205
21
0.2845627952755905
0
LINE
8
BLACK
6
CONTINUOUS
10
-0.2229631102362205
20
0.2845627952755905
11
-0.2210883464566929
21
0.2770637401574803
0
LINE
8
BLACK
6
CONTINUOUS
10
-0.2210883464566929
20
0.2770637401574803
11
-0.2210735826771653
21
0.2769638976377953
0
LINE
8
BLACK
6
CONTINUOUS
10
-0.2210735826771653
20
0.2769638976377953
11
-0.2210569291338583
21
0.2769236614173228
0
LINE
8
BLACK
6
CONTINUOUS
10
-0.2210569291338583
20
0.2769236614173228
11
-0.2210355905511811
21
0.2767066535433071
0
LINE
8
BLACK
6
CONTINUOUS
10
-0.2210355905511811
20
0.2767066535433071
11
-0.2210037007874016
21
0.2764911417322835
0
LINE
8
BLACK
6
CONTINUOUS
10
-0.2210037007874016
20
0.2764911417322835
11
-0.2210101181102362
21
0.2764481496062992
0
LINE
8
BLACK
6
CONTINUOUS
10
-0.2210101181102362
20
0.2764481496062992
11
-0.2210001968503937
21
0.2763475984251968
0
LINE
8
BLACK
6
CONTINUOUS
10
-0.2210001968503937
20
0.2763475984251968
11
-0.2210001968503937
21
0.2669737795275591
0
LINE
8
BLACK
6
CONTINUOUS
10
-0.2210001968503937
20
0.2669737795275591
11
-0.2210101181102362
21
0.2668732677165354
0
LINE
8
BLACK
6
CONTINUOUS
10
-0.2210101181102362
20
0.2668732677165354
11
-0.2210037007874016
21
0.2668302362204724
0
LINE
8
BLACK
6
CONTINUOUS
10
-0.2210037007874016
20
0.2668302362204724
11
-0.2210355905511811
21
0.2666147637795275
0
LINE
8
BLACK
6
CONTINUOUS
10
-0.2210355905511811
20
0.2666147637795275
11
-0.2210569291338583
21
0.266397716535433
0
LINE
8
BLACK
6
CONTINUOUS
10
-0.2210569291338583
20
0.266397716535433
11
-0.2210735826771653
21
0.2663575196850393
0
LINE
8
BLACK
6
CONTINUOUS
10
-0.2210735826771653
20
0.2663575196850393
11
-0.2210883464566929
21
0.2662576377952756
0
LINE
8
BLACK
6
CONTINUOUS
10
-0.2210883464566929
20
0.2662576377952756
11
-0.2229631102362205
21
0.2587585826771653
0
LINE
8
BLACK
6
CONTINUOUS
10
-0.2229631102362205
20
0.2587585826771653
11
-0.2229783070866142
21
0.2587161023622047
0
LINE
8
BLACK
6
CONTINUOUS
10
-0.2229783070866142
20
0.2587161023622047
11
-0.2229798031496063
21
0.2586948031496063
0
LINE
8
BLACK
6
CONTINUOUS
10
-0.2229798031496063
20
0.2586948031496063
11
-0.2230715748031496
21
0.2584550787401575
0
LINE
8
BLACK
6
CONTINUOUS
10
-0.2230715748031496
20
0.2584550787401575
11
-0.223157874015748
21
0.2582134645669291
0
LINE
8
BLACK
6
CONTINUOUS
10
-0.223157874015748
20
0.2582134645669291
11
-0.2231705905511811
21
0.2581963385826772
0
LINE
8
BLACK
6
CONTINUOUS
10
-0.2231705905511811
20
0.2581963385826772
11
-0.2231866929133858
21
0.2581542125984252
0
LINE
8
BLACK
6
CONTINUOUS
10
-0.2231866929133858
20
0.2581542125984252
11
-0.2250614566929134
21
0.2544046850393701
0
LINE
8
BLACK
6
CONTINUOUS
10
-0.2250614566929134
20
0.2544046850393701
11
-0.2252175196850394
21
0.254156811023622
0
LINE
8
BLACK
6
CONTINUOUS
10
-0.2252175196850394
20
0.254156811023622
11
-0.2252473228346457
21
0.2540847637795275
0
LINE
8
BLACK
6
CONTINUOUS
10
-0.2252473228346457
20
0.2540847637795275
11
-0.2253138582677165
21
0.2540037401574803
0
LINE
8
BLACK
6
CONTINUOUS
10
-0.2253138582677165
20
0.2540037401574803
11
-0.2253698031496063
21
0.2539148031496063
0
LINE
8
BLACK
6
CONTINUOUS
10
-0.2253698031496063
20
0.2539148031496063
11
-0.2254288188976378
21
0.2538636614173228
0
LINE
8
BLACK
6
CONTINUOUS
10
-0.2254288188976378
20
0.2538636614173228
11
-0.2256145669291338
21
0.2536372834645669
0
LINE
8
BLACK
6
CONTINUOUS
10
-0.2256145669291338
20
0.2536372834645669
11
-0.2274892913385827
21
0.2517625196850394
0
LINE
8
BLACK
6
CONTINUOUS
10
-0.2274892913385827
20
0.2517625196850394
11
-0.2277156692913386
21
0.2515767716535433
0
LINE
8
BLACK
6
CONTINUOUS
10
-0.2277156692913386
20
0.2515767716535433
11
-0.2277668503937008
21
0.2515177165354331
0
LINE
8
BLACK
6
CONTINUOUS
10
-0.2277668503937008
20
0.2515177165354331
11
-0.2278558267716535
21
0.2514617322834646
0
LINE
8
BLACK
6
CONTINUOUS
10
-0.2278558267716535
20
0.2514617322834646
11
-0.2279367716535433
21
0.2513952755905512
0
LINE
8
BLACK
6
CONTINUOUS
10
-0.2279367716535433
20
0.2513952755905512
11
-0.2280087401574803
21
0.2513654724409449
0
LINE
8
BLACK
6
CONTINUOUS
10
-0.2280087401574803
20
0.2513654724409449
11
-0.2282567322834646
21
0.2512093700787402
0
LINE
8
BLACK
6
CONTINUOUS
10
-0.2282567322834646
20
0.2512093700787402
11
-0.2320062598425197
21
0.2493346062992126
0
LINE
8
BLACK
6
CONTINUOUS
10
-0.2320062598425197
20
0.2493346062992126
11
-0.2325468897637795
21
0.2491277165354331
0
LINE
8
BLACK
6
CONTINUOUS
10
-0.2325468897637795
20
0.2491277165354331
11
-0.2326527165354331
21
0.2491202362204724
0
LINE
8
BLACK
6
CONTINUOUS
10
-0.2326527165354331
20
0.2491202362204724
11
-0.2327507086614173
21
0.2490796062992126
0
LINE
8
BLACK
6
CONTINUOUS
10
-0.2327507086614173
20
0.2490796062992126
11
-0.2333267716535433
21
0.249022874015748
0
LINE
8
BLACK
6
CONTINUOUS
10
-0.2333267716535433
20
0.249022874015748
11
-0.2370762992125984
21
0.249022874015748
0
LINE
8
BLACK
6
CONTINUOUS
10
-0.2370762992125984
20
0.249022874015748
11
-0.2376523622047244
21
0.2490796062992126
0
LINE
8
BLACK
6
CONTINUOUS
10
-0.2376523622047244
20
0.2490796062992126
11
-0.2377503543307087
21
0.2491201968503937
0
LINE
8
BLACK
6
CONTINUOUS
10
-0.2377503543307087
20
0.2491201968503937
11
-0.2378562204724409
21
0.2491277165354331
0
LINE
8
BLACK
6
CONTINUOUS
10
-0.2378562204724409
20
0.2491277165354331
11
-0.238396811023622
21
0.2493346062992126
0
LINE
8
BLACK
6
CONTINUOUS
10
-0.238396811023622
20
0.2493346062992126
11
-0.2421463385826772
21
0.2512093700787402
0
LINE
8
BLACK
6
CONTINUOUS
10
-0.2421463385826772
20
0.2512093700787402
11
-0.2423943700787402
21
0.2513654724409449
0
LINE
8
BLACK
6
CONTINUOUS
10
-0.2423943700787402
20
0.2513654724409449
11
-0.2424662992125984
21
0.2513952755905512
0
LINE
8
BLACK
6
CONTINUOUS
10
-0.2424662992125984
20
0.2513952755905512
11
-0.2425472834645669
21
0.2514617322834646
0
LINE
8
BLACK
6
CONTINUOUS
10
-0.2425472834645669
20
0.2514617322834646
11
-0.2426362204724409
21
0.2515177165354331
0
LINE
8
BLACK
6
CONTINUOUS
10
-0.2426362204724409
20
0.2515177165354331
11
-0.2426874409448819
21
0.2515767716535433
0
LINE
8
BLACK
6
CONTINUOUS
10
-0.2426874409448819
20
0.2515767716535433
11
-0.242913779527559
21
0.2517625196850394
0
LINE
8
BLACK
6
CONTINUOUS
10
-0.242913779527559
20
0.2517625196850394
11
-0.2447885433070866
21
0.2536373228346457
0
LINE
8
BLACK
6
CONTINUOUS
10
-0.2447885433070866
20
0.2536373228346457
11
-0.2449742913385827
21
0.2538636614173228
0
LINE
8
BLACK
6
CONTINUOUS
10
-0.2449742913385827
20
0.2538636614173228
11
-0.2450332677165354
21
0.2539148031496063
0
LINE
8
BLACK
6
CONTINUOUS
10
-0.2450332677165354
20
0.2539148031496063
11
-0.2450892519685039
21
0.2540037401574803
0
LINE
8
BLACK
6
CONTINUOUS
10
-0.2450892519685039
20
0.2540037401574803
11
-0.2451557480314961
21
0.2540847637795275
0
LINE
8
BLACK
6
CONTINUOUS
10
-0.2451557480314961
20
0.2540847637795275
11
-0.2451855905511811
21
0.254156811023622
0
LINE
8
BLACK
6
CONTINUOUS
10
-0.2451855905511811
20
0.254156811023622
11
-0.2453416141732283
21
0.2544046850393701
0
LINE
8
BLACK
6
CONTINUOUS
10
-0.2453416141732283
20
0.2544046850393701
11
-0.2472163779527559
21
0.2581542125984252
0
LINE
8
BLACK
6
CONTINUOUS
10
-0.2472163779527559
20
0.2581542125984252
11
-0.2472325196850394
21
0.2581963385826772
0
LINE
8
BLACK
6
CONTINUOUS
10
-0.2472325196850394
20
0.2581963385826772
11
-0.2472451968503937
21
0.2582134645669291
0
LINE
8
BLACK
6
CONTINUOUS
10
-0.2472451968503937
20
0.2582134645669291
11
-0.2473316535433071
21
0.2584554330708662
0
LINE
8
BLACK
6
CONTINUOUS
10
-0.2473316535433071
20
0.2584554330708662
11
-0.2474232677165354
21
0.2586948425196851
0
LINE
8
BLACK
6
CONTINUOUS
10
-0.2474232677165354
20
0.2586948425196851
11
-0.2474248031496063
21
0.2587161023622047
0
LINE
8
BLACK
6
CONTINUOUS
10
-0.2474248031496063
20
0.2587161023622047
11
-0.2474399606299212
21
0.2587585826771653
0
LINE
8
BLACK
6
CONTINUOUS
10
-0.2474399606299212
20
0.2587585826771653
11
-0.2493147244094488
21
0.2662576377952756
0
LINE
8
BLACK
6
CONTINUOUS
10
-0.2493147244094488
20
0.2662576377952756
11
-0.2493295275590551
21
0.2663575196850393
0
LINE
8
BLACK
6
CONTINUOUS
10
-0.2493295275590551
20
0.2663575196850393
11
-0.2493461417322834
21
0.266397716535433
0
LINE
8
BLACK
6
CONTINUOUS
10
-0.2493461417322834
20
0.266397716535433
11
-0.2493675196850394
21
0.2666147637795275
0
LINE
8
BLACK
6
CONTINUOUS
10
-0.2493675196850394
20
0.2666147637795275
11
-0.2493993700787402
21
0.2668302362204724
0
LINE
8
BLACK
6
CONTINUOUS
10
-0.2493993700787402
20
0.2668302362204724
11
-0.2493929921259843
21
0.2668732677165354
0
LINE
8
BLACK
6
CONTINUOUS
10
-0.2493929921259843
20
0.2668732677165354
11
-0.249402874015748
21
0.2669737795275591
0
LINE
8
BLACK
6
CONTINUOUS
10
-0.249402874015748
20
0.2669737795275591
11
-0.249402874015748
21
0.2763475984251968
0
LINE
8
BLACK
6
CONTINUOUS
10
-0.249402874015748
20
0.2763475984251968
11
-0.2493929921259843
21
0.2764481496062992
0
LINE
8
BLACK
6
CONTINUOUS
10
-0.2493929921259843
20
0.2764481496062992
11
-0.2493993700787402
21
0.2764911417322835
0
LINE
8
BLACK
6
CONTINUOUS
10
-0.2493993700787402
20
0.2764911417322835
11
-0.2493675196850394
21
0.2767066535433071
0
LINE
8
BLACK
6
CONTINUOUS
10
-0.2493675196850394
20
0.2767066535433071
11
-0.2493461417322834
21
0.2769236614173228
0
LINE
8
BLACK
6
CONTINUOUS
10
-0.2493461417322834
20
0.2769236614173228
11
-0.2493295275590551
21
0.2769638976377953
0
LINE
8
BLACK
6
CONTINUOUS
10
-0.2493295275590551
20
0.2769638976377953
11
-0.2493147244094488
21
0.2770637401574803
0
LINE
8
BLACK
6
CONTINUOUS
10
-0.2493147244094488
20
0.2770637401574803
11
-0.2474399606299212
21
0.2845627952755905
0
LINE
8
BLACK
6
CONTINUOUS
10
-0.2474399606299212
20
0.2845627952755905
11
-0.2474248031496063
21
0.2846053149606299
0
LINE
8
BLACK
6
CONTINUOUS
10
-0.2474248031496063
20
0.2846053149606299
11
-0.2474232677165354
21
0.2846265354330709
0
LINE
8
BLACK
6
CONTINUOUS
10
-0.2474232677165354
20
0.2846265354330709
11
-0.2473316535433071
21
0.2848659842519685
0
LINE
8
BLACK
6
CONTINUOUS
10
-0.2473316535433071
20
0.2848659842519685
11
-0.2472451968503937
21
0.2851079133858268
0
LINE
8
BLACK
6
CONTINUOUS
10
-0.2472451968503937
20
0.2851079133858268
11
-0.2472325196850394
21
0.2851250787401575
0
LINE
8
BLACK
6
CONTINUOUS
10
-0.2472325196850394
20
0.2851250787401575
11
-0.2472163779527559
21
0.2851671653543307
0
LINE
8
BLACK
6
CONTINUOUS
10
-0.2472163779527559
20
0.2851671653543307
11
-0.2453416141732283
21
0.2889166929133858
0
LINE
8
BLACK
6
CONTINUOUS
10
-0.2453416141732283
20
0.2889166929133858
11
-0.2451855511811024
21
0.2891647244094488
0
LINE
8
BLACK
6
CONTINUOUS
10
-0.2451855511811024
20
0.2891647244094488
11
-0.2451557086614173
21
0.2892366535433071
0
LINE
8
BLACK
6
CONTINUOUS
10
-0.2451557086614173
20
0.2892366535433071
11
-0.2450892519685039
21
0.2893176377952756
0
LINE
8
BLACK
6
CONTINUOUS
10
-0.2450892519685039
20
0.2893176377952756
11
-0.2450332677165354
21
0.2894065748031496
0
LINE
8
BLACK
6
CONTINUOUS
10
-0.2450332677165354
20
0.2894065748031496
11
-0.2449742913385827
21
0.2894577559055118
0
LINE
8
BLACK
6
CONTINUOUS
10
-0.2449742913385827
20
0.2894577559055118
11
-0.2447885039370079
21
0.289684094488189
0
LINE
8
BLACK
6
CONTINUOUS
10
-0.2447885039370079
20
0.289684094488189
11
-0.2429137401574803
21
0.2915588582677165
0
LINE
8
BLACK
6
CONTINUOUS
10
-0.2429137401574803
20
0.2915588582677165
11
-0.2426874015748031
21
0.2917446456692913
0
LINE
8
BLACK
6
CONTINUOUS
10
-0.2426874015748031
20
0.2917446456692913
11
-0.2426362204724409
21
0.2918036220472441
0
LINE
8
BLACK
6
CONTINUOUS
10
-0.2426362204724409
20
0.2918036220472441
11
-0.2425472834645669
21
0.2918596062992126
0
LINE
8
BLACK
6
CONTINUOUS
10
-0.2425472834645669
20
0.2918596062992126
11
-0.2424662992125984
21
0.291926062992126
0
LINE
8
BLACK
6
CONTINUOUS
10
-0.2424662992125984
20
0.291926062992126
11
-0.2423943700787402
21
0.291955905511811
0
LINE
8
BLACK
6
CONTINUOUS
10
-0.2423943700787402
20
0.291955905511811
11
-0.2421463385826772
21
0.292111968503937
0
LINE
8
BLACK
6
CONTINUOUS
10
-0.2421463385826772
20
0.292111968503937
11
-0.238396811023622
21
0.2939867322834646
0
LINE
8
BLACK
6
CONTINUOUS
10
-0.238396811023622
20
0.2939867322834646
11
-0.2378562204724409
21
0.2941936220472441
0
LINE
8
BLACK
6
CONTINUOUS
10
-0.2378562204724409
20
0.2941936220472441
11
-0.2377503543307087
21
0.2942011811023622
0
LINE
8
BLACK
6
CONTINUOUS
10
-0.2377503543307087
20
0.2942011811023622
11
-0.2376523622047244
21
0.2942417322834646
0
LINE
8
BLACK
6
CONTINUOUS
10
-0.2376523622047244
20
0.2942417322834646
11
-0.2370762992125984
21
0.2942984645669292
0
LINE
8
BLACK
6
CONTINUOUS
10
-0.2370762992125984
20
0.2942984645669292
11
-0.2333267716535433
21
0.2942984645669292
0
LINE
8
BLACK
6
CONTINUOUS
10
-0.2333267716535433
20
0.2942984645669292
11
-0.2327507086614173
21
0.2942417322834646
0
LINE
8
BLACK
6
CONTINUOUS
10
-0.2390767322834646
20
0.2870442125984252
11
-0.2402738582677165
21
0.2858470866141732
0
LINE
8
BLACK
6
CONTINUOUS
10
-0.2402738582677165
20
0.2858470866141732
11
-0.2417893700787402
21
0.2828161023622047
0
LINE
8
BLACK
6
CONTINUOUS
10
-0.2417893700787402
20
0.2828161023622047
11
-0.2434973622047244
21
0.2759840551181102
0
LINE
8
BLACK
6
CONTINUOUS
10
-0.2434973622047244
20
0.2759840551181102
11
-0.2434973622047244
21
0.2673373228346457
0
LINE
8
BLACK
6
CONTINUOUS
10
-0.2434973622047244
20
0.2673373228346457
11
-0.2417893700787402
21
0.2605052755905512
0
LINE
8
BLACK
6
CONTINUOUS
10
-0.2417893700787402
20
0.2605052755905512
11
-0.2402738582677165
21
0.2574742913385827
0
LINE
8
BLACK
6
CONTINUOUS
10
-0.2402738582677165
20
0.2574742913385827
11
-0.2390767322834646
21
0.256277125984252
0
LINE
8
BLACK
6
CONTINUOUS
10
-0.2390767322834646
20
0.256277125984252
11
-0.2363792519685039
21
0.2549283858267716
0
LINE
8
BLACK
6
CONTINUOUS
10
-0.2363792519685039
20
0.2549283858267716
11
-0.2340238188976378
21
0.2549283858267716
0
LINE
8
BLACK
6
CONTINUOUS
10
-0.2340238188976378
20
0.2549283858267716
11
-0.2313263779527559
21
0.256277125984252
0
LINE
8
BLACK
6
CONTINUOUS
10
-0.2313263779527559
20
0.256277125984252
11
-0.2301292519685039
21
0.2574742913385827
0
LINE
8
BLACK
6
CONTINUOUS
10
-0.2301292519685039
20
0.2574742913385827
11
-0.2286137401574803
21
0.2605052755905512
0
LINE
8
BLACK
6
CONTINUOUS
10
-0.2286137401574803
20
0.2605052755905512
11
-0.2269057086614173
21
0.2673373228346457
0
LINE
8
BLACK
6
CONTINUOUS
10
-0.2269057086614173
20
0.2673373228346457
11
-0.2269057086614173
21
0.2759840551181102
0
LINE
8
BLACK
6
CONTINUOUS
10
-0.2269057086614173
20
0.2759840551181102
11
-0.2286137401574803
21
0.2828161023622047
0
LINE
8
BLACK
6
CONTINUOUS
10
-0.2286137401574803
20
0.2828161023622047
11
-0.2301292125984252
21
0.2858470866141732
0
LINE
8
BLACK
6
CONTINUOUS
10
-0.2301292125984252
20
0.2858470866141732
11
-0.2313263385826771
21
0.2870442125984252
0
LINE
8
BLACK
6
CONTINUOUS
10
-0.2313263385826771
20
0.2870442125984252
11
-0.2340238188976378
21
0.2883929527559055
0
LINE
8
BLACK
6
CONTINUOUS
10
-0.2340238188976378
20
0.2883929527559055
11
-0.2363792519685039
21
0.2883929527559055
0
LINE
8
BLACK
6
CONTINUOUS
10
-0.2363792519685039
20
0.2883929527559055
11
-0.2390767322834646
21
0.2870442125984252
0
LINE
8
BLACK
6
CONTINUOUS
10
-0.1915058661417323
20
0.2942417322834646
11
-0.191407874015748
21
0.2942011417322835
0
LINE
8
BLACK
6
CONTINUOUS
10
-0.191407874015748
20
0.2942011417322835
11
-0.1913020472440945
21
0.2941936220472441
0
LINE
8
BLACK
6
CONTINUOUS
10
-0.1913020472440945
20
0.2941936220472441
11
-0.1907614173228346
21
0.2939867322834646
0
LINE
8
BLACK
6
CONTINUOUS
10
-0.1907614173228346
20
0.2939867322834646
11
-0.1870118897637795
21
0.292111968503937
0
LINE
8
BLACK
6
CONTINUOUS
10
-0.1870118897637795
20
0.292111968503937
11
-0.1867638976377953
21
0.291955905511811
0
LINE
8
BLACK
6
CONTINUOUS
10
-0.1867638976377953
20
0.291955905511811
11
-0.1866919291338583
21
0.291926062992126
0
LINE
8
BLACK
6
CONTINUOUS
10
-0.1866919291338583
20
0.291926062992126
11
-0.1866109842519685
21
0.2918596062992126
0
LINE
8
BLACK
6
CONTINUOUS
10
-0.1866109842519685
20
0.2918596062992126
11
-0.1865220078740157
21
0.2918036220472441
0
LINE
8
BLACK
6
CONTINUOUS
10
-0.1865220078740157
20
0.2918036220472441
11
-0.1864708661417323
21
0.2917446456692913
0
LINE
8
BLACK
6
CONTINUOUS
10
-0.1864708661417323
20
0.2917446456692913
11
-0.1862444881889764
21
0.2915588582677165
0
LINE
8
BLACK
6
CONTINUOUS
10
-0.1862444881889764
20
0.2915588582677165
11
-0.1843697244094488
21
0.289684094488189
0
LINE
8
BLACK
6
CONTINUOUS
10
-0.1843697244094488
20
0.289684094488189
11
-0.1841839763779528
21
0.2894577559055118
0
LINE
8
BLACK
6
CONTINUOUS
10
-0.1841839763779528
20
0.2894577559055118
11
-0.1841249606299213
21
0.2894065748031496
0
LINE
8
BLACK
6
CONTINUOUS
10
-0.1841249606299213
20
0.2894065748031496
11
-0.1840690157480315
21
0.2893176377952756
0
LINE
8
BLACK
6
CONTINUOUS
10
-0.1840690157480315
20
0.2893176377952756
11
-0.1840025196850394
21
0.2892366535433071
0
LINE
8
BLACK
6
CONTINUOUS
10
-0.1840025196850394
20
0.2892366535433071
11
-0.1839727165354331
21
0.2891647244094488
0
LINE
8
BLACK
6
CONTINUOUS
10
-0.1839727165354331
20
0.2891647244094488
11
-0.1838166141732283
21
0.2889166929133858
0
LINE
8
BLACK
6
CONTINUOUS
10
-0.1838166141732283
20
0.2889166929133858
11
-0.1819418503937008
21
0.2851671653543307
0
LINE
8
BLACK
6
CONTINUOUS
10
-0.1819418503937008
20
0.2851671653543307
11
-0.1817349606299213
21
0.2846265748031496
0
LINE
8
BLACK
6
CONTINUOUS
10
-0.1817349606299213
20
0.2846265748031496
11
-0.1817274409448819
21
0.2845207086614173
0
LINE
8
BLACK
6
CONTINUOUS
10
-0.1817274409448819
20
0.2845207086614173
11
-0.1816868503937008
21
0.2844227165354331
0
LINE
8
BLACK
6
CONTINUOUS
10
-0.1816868503937008
20
0.2844227165354331
11
-0.1816301181102362
21
0.2838466535433071
0
LINE
8
BLACK
6
CONTINUOUS
10
-0.1816301181102362
20
0.2838466535433071
11
-0.1816301181102362
21
0.2782223622047244
0
LINE
8
BLACK
6
CONTINUOUS
10
-0.1816301181102362
20
0.2782223622047244
11
-0.1816868503937008
21
0.2776462992125984
0
LINE
8
BLACK
6
CONTINUOUS
10
-0.1816868503937008
20
0.2776462992125984
11
-0.1817274409448819
21
0.2775483464566929
0
LINE
8
BLACK
6
CONTINUOUS
10
-0.1817274409448819
20
0.2775483464566929
11
-0.1817349606299213
21
0.2774424409448819
0
LINE
8
BLACK
6
CONTINUOUS
10
-0.1817349606299213
20
0.2774424409448819
11
-0.1819418503937008
21
0.2769018503937008
0
LINE
8
BLACK
6
CONTINUOUS
10
-0.1819418503937008
20
0.2769018503937008
11
-0.1838166141732283
21
0.2731523228346457
0
LINE
8
BLACK
6
CONTINUOUS
10
-0.1838166141732283
20
0.2731523228346457
11
-0.1839727165354331
21
0.2729043307086614
0
LINE
8
BLACK
6
CONTINUOUS
10
-0.1839727165354331
20
0.2729043307086614
11
-0.1840025196850394
21
0.2728323622047244
0
LINE
8
BLACK
6
CONTINUOUS
10
-0.1840025196850394
20
0.2728323622047244
11
-0.1840690157480315
21
0.2727514173228346
0
LINE
8
BLACK
6
CONTINUOUS
10
-0.1840690157480315
20
0.2727514173228346
11
-0.1841249606299213
21
0.2726624409448819
0
LINE
8
BLACK
6
CONTINUOUS
10
-0.1841249606299213
20
0.2726624409448819
11
-0.1841839763779528
21
0.2726112992125984
0
LINE
8
BLACK
6
CONTINUOUS
10
-0.1841839763779528
20
0.2726112992125984
11
-0.1843697244094488
21
0.2723849212598425
0
LINE
8
BLACK
6
CONTINUOUS
10
-0.1843697244094488
20
0.2723849212598425
11
-0.1862444881889764
21
0.2705101574803149
0
LINE
8
BLACK
6
CONTINUOUS
10
-0.1862444881889764
20
0.2705101574803149
11
-0.1864708661417323
21
0.2703244094488189
0
LINE
8
BLACK
6
CONTINUOUS
10
-0.1864708661417323
20
0.2703244094488189
11
-0.1865220078740157
21
0.2702653937007874
0
LINE
8
BLACK
6
CONTINUOUS
10
-0.1865220078740157
20
0.2702653937007874
11
-0.1866109842519685
21
0.2702094488188976
0
LINE
8
BLACK
6
CONTINUOUS
10
-0.1866109842519685
20
0.2702094488188976
11
-0.1866919291338583
21
0.2701429527559055
0
LINE
8
BLACK
6
CONTINUOUS
10
-0.1866919291338583
20
0.2701429527559055
11
-0.1867638976377953
21
0.2701131496062992
0
LINE
8
BLACK
6
CONTINUOUS
10
-0.1867638976377953
20
0.2701131496062992
11
-0.1870118897637795
21
0.2699570472440945
0
LINE
8
BLACK
6
CONTINUOUS
10
-0.1870118897637795
20
0.2699570472440945
11
-0.1907614173228346
21
0.2680822834645669
0
LINE
8
BLACK
6
CONTINUOUS
10
-0.1907614173228346
20
0.2680822834645669
11
-0.1913020472440945
21
0.2678753937007874
0
LINE
8
BLACK
6
CONTINUOUS
10
-0.1913020472440945
20
0.2678753937007874
11
-0.191407874015748
21
0.2678679133858268
0
LINE
8
BLACK
6
CONTINUOUS
10
-0.191407874015748
20
0.2678679133858268
11
-0.1915058661417323
21
0.2678272834645669
0
LINE
8
BLACK
6
CONTINUOUS
10
-0.1915058661417323
20
0.2678272834645669
11
-0.192038031496063
21
0.2677748818897638
0
LINE
8
BLACK
6
CONTINUOUS
10
-0.192038031496063
20
0.2677748818897638
11
-0.1821638582677165
21
0.2536688976377953
0
LINE
8
BLACK
6
CONTINUOUS
10
-0.1821638582677165
20
0.2536688976377953
11
-0.18188
21
0.2531644488188977
0
LINE
8
BLACK
6
CONTINUOUS
10
-0.18188
20
0.2531644488188977
11
-0.1816308267716535
21
0.2520396062992126
0
LINE
8
BLACK
6
CONTINUOUS
10
-0.1816308267716535
20
0.2520396062992126
11
-0.1818310236220472
21
0.2509050393700787
0
LINE
8
BLACK
6
CONTINUOUS
10
-0.1818310236220472
20
0.2509050393700787
11
-0.1824501968503937
21
0.2499334645669291
0
LINE
8
BLACK
6
CONTINUOUS
10
-0.1824501968503937
20
0.2499334645669291
11
-0.1833940551181102
21
0.2492727559055118
0
LINE
8
BLACK
6
CONTINUOUS
10
-0.1833940551181102
20
0.2492727559055118
11
-0.1845188976377953
21
0.2490235433070866
0
LINE
8
BLACK
6
CONTINUOUS
10
-0.1845188976377953
20
0.2490235433070866
11
-0.1856534251968504
21
0.2492237795275591
0
LINE
8
BLACK
6
CONTINUOUS
10
-0.1856534251968504
20
0.2492237795275591
11
-0.1866250393700787
21
0.2498429527559055
0
LINE
8
BLACK
6
CONTINUOUS
10
-0.1866250393700787
20
0.2498429527559055
11
-0.1870018503937008
21
0.2502823228346457
0
LINE
8
BLACK
6
CONTINUOUS
10
-0.1870018503937008
20
0.2502823228346457
11
-0.1992435826771654
21
0.2677705511811024
0
LINE
8
BLACK
6
CONTINUOUS
10
-0.1992435826771654
20
0.2677705511811024
11
-0.2041272834645669
21
0.2677705511811024
0
LINE
8
BLACK
6
CONTINUOUS
10
-0.2041272834645669
20
0.2677705511811024
11
-0.2041272834645669
21
0.2519756299212598
0
LINE
8
BLACK
6
CONTINUOUS
10
-0.2041272834645669
20
0.2519756299212598
11
-0.2041840157480315
21
0.2513995669291338
0
LINE
8
BLACK
6
CONTINUOUS
10
-0.2041840157480315
20
0.2513995669291338
11
-0.2046249212598425
21
0.2503351574803149
0
LINE
8
BLACK
6
CONTINUOUS
10
-0.2046249212598425
20
0.2503351574803149
11
-0.2054395669291338
21
0.2495205118110236
0
LINE
8
BLACK
6
CONTINUOUS
10
-0.2054395669291338
20
0.2495205118110236
11
-0.2065039763779528
21
0.2490796062992126
0
LINE
8
BLACK
6
CONTINUOUS
10
-0.2065039763779528
20
0.2490796062992126
11
-0.2076561023622047
21
0.2490796062992126
0
LINE
8
BLACK
6
CONTINUOUS
10
-0.2076561023622047
20
0.2490796062992126
11
-0.2087205118110236
21
0.2495205118110236
0
LINE
8
BLACK
6
CONTINUOUS
10
-0.2087205118110236
20
0.2495205118110236
11
-0.209535157480315
21
0.2503351574803149
0
LINE
8
BLACK
6
CONTINUOUS
10
-0.209535157480315
20
0.2503351574803149
11
-0.209976062992126
21
0.2513995669291338
0
LINE
8
BLACK
6
CONTINUOUS
10
-0.209976062992126
20
0.2513995669291338
11
-0.2100327952755905
21
0.2519756299212598
0
LINE
8
BLACK
6
CONTINUOUS
10
-0.2100327952755905
20
0.2519756299212598
11
-0.2100327952755905
21
0.2913457086614173
0
LINE
8
BLACK
6
CONTINUOUS
10
-0.2100327952755905
20
0.2913457086614173
11
-0.209976062992126
21
0.2919217716535433
0
LINE
8
BLACK
6
CONTINUOUS
10
-0.209976062992126
20
0.2919217716535433
11
-0.209535157480315
21
0.2929861811023622
0
LINE
8
BLACK
6
CONTINUOUS
10
-0.209535157480315
20
0.2929861811023622
11
-0.2087205118110236
21
0.2938008267716535
0
LINE
8
BLACK
6
CONTINUOUS
10
-0.2087205118110236
20
0.2938008267716535
11
-0.2076561023622047
21
0.2942417322834646
0
LINE
8
BLACK
6
CONTINUOUS
10
-0.2076561023622047
20
0.2942417322834646
11
-0.2070800393700787
21
0.2942984645669292
0
LINE
8
BLACK
6
CONTINUOUS
10
-0.2070800393700787
20
0.2942984645669292
11
-0.1920819291338583
21
0.2942984645669292
0
LINE
8
BLACK
6
CONTINUOUS
10
-0.1920819291338583
20
0.2942984645669292
11
-0.1915058661417323
21
0.2942417322834646
0
LINE
8
BLACK
6
CONTINUOUS
10
-0.2041272834645669
20
0.273676062992126
11
-0.1927789763779527
21
0.273676062992126
0
LINE
8
BLACK
6
CONTINUOUS
10
-0.1927789763779527
20
0.273676062992126
11
-0.1900814960629921
21
0.2750248031496063
0
LINE
8
BLACK
6
CONTINUOUS
10
-0.1900814960629921
20
0.2750248031496063
11
-0.1888843700787401
21
0.2762219291338582
0
LINE
8
BLACK
6
CONTINUOUS
10
-0.1888843700787401
20
0.2762219291338582
11
-0.1875356299212598
21
0.2789194094488189
0
LINE
8
BLACK
6
CONTINUOUS
10
-0.1875356299212598
20
0.2789194094488189
11
-0.1875356299212598
21
0.2831496062992126
0
LINE
8
BLACK
6
CONTINUOUS
10
-0.1875356299212598
20
0.2831496062992126
11
-0.1888843700787401
21
0.2858470866141732
0
LINE
8
BLACK
6
CONTINUOUS
10
-0.1888843700787401
20
0.2858470866141732
11
-0.1900814960629921
21
0.2870442125984252
0
LINE
8
BLACK
6
CONTINUOUS
10
-0.1900814960629921
20
0.2870442125984252
11
-0.1927789763779527
21
0.2883929527559055
0
LINE
8
BLACK
6
CONTINUOUS
10
-0.1927789763779527
20
0.2883929527559055
11
-0.2041272834645669
21
0.2883929527559055
0
LINE
8
BLACK
6
CONTINUOUS
10
-0.2041272834645669
20
0.2883929527559055
11
-0.2041272834645669
21
0.273676062992126
0
LINE
8
BLACK
6
CONTINUOUS
10
-0.2556931496062992
20
0.3027062992125984
11
-0.2546287401574803
21
0.3022653937007874
0
LINE
8
BLACK
6
CONTINUOUS
10
-0.2546287401574803
20
0.3022653937007874
11
-0.253814094488189
21
0.3014507480314961
0
LINE
8
BLACK
6
CONTINUOUS
10
-0.253814094488189
20
0.3014507480314961
11
-0.2533731889763779
21
0.3003863385826772
0
LINE
8
BLACK
6
CONTINUOUS
10
-0.2533731889763779
20
0.3003863385826772
11
-0.2533731889763779
21
0.2992342125984252
0
LINE
8
BLACK
6
CONTINUOUS
10
-0.2533731889763779
20
0.2992342125984252
11
-0.253814094488189
21
0.2981698031496063
0
LINE
8
BLACK
6
CONTINUOUS
10
-0.253814094488189
20
0.2981698031496063
11
-0.2546287401574803
21
0.2973551574803149
0
LINE
8
BLACK
6
CONTINUOUS
10
-0.2546287401574803
20
0.2973551574803149
11
-0.2556931496062992
21
0.2969142519685039
0
LINE
8
BLACK
6
CONTINUOUS
10
-0.2556931496062992
20
0.2969142519685039
11
-0.2562692125984252
21
0.2968575196850394
0
LINE
8
BLACK
6
CONTINUOUS
10
-0.2562692125984252
20
0.2968575196850394
11
-0.2723446456692913
21
0.2968575196850394
0
LINE
8
BLACK
6
CONTINUOUS
10
-0.2723446456692913
20
0.2968575196850394
11
-0.2726005511811024
21
0.2942984645669292
0
LINE
8
BLACK
6
CONTINUOUS
10
-0.2726005511811024
20
0.2942984645669292
11
-0.2595735039370078
21
0.2942984645669292
0
LINE
8
BLACK
6
CONTINUOUS
10
-0.2595735039370078
20
0.2942984645669292
11
-0.2589974409448819
21
0.2942417322834646
0
LINE
8
BLACK
6
CONTINUOUS
10
-0.2589974409448819
20
0.2942417322834646
11
-0.2589805118110236
21
0.2942347244094488
0
LINE
8
BLACK
6
CONTINUOUS
10
-0.2589805118110236
20
0.2942347244094488
11
-0.2589622047244095
21
0.2942344881889764
0
LINE
8
BLACK
6
CONTINUOUS
10
-0.2589622047244095
20
0.2942344881889764
11
-0.258450157480315
21
0.2940150393700787
0
LINE
8
BLACK
6
CONTINUOUS
10
-0.258450157480315
20
0.2940150393700787
11
-0.257933031496063
21
0.2938008267716535
0
LINE
8
BLACK
6
CONTINUOUS
10
-0.257933031496063
20
0.2938008267716535
11
-0.2579200787401575
21
0.293787874015748
0
LINE
8
BLACK
6
CONTINUOUS
10
-0.2579200787401575
20
0.293787874015748
11
-0.2579032283464567
21
0.2937806299212599
0
LINE
8
BLACK
6
CONTINUOUS
10
-0.2579032283464567
20
0.2937806299212599
11
-0.2575136614173228
21
0.2933814566929134
0
LINE
8
BLACK
6
CONTINUOUS
10
-0.2575136614173228
20
0.2933814566929134
11
-0.2571183858267717
21
0.2929861811023622
0
LINE
8
BLACK
6
CONTINUOUS
10
-0.2571183858267717
20
0.2929861811023622
11
-0.2571113779527559
21
0.2929692519685039
0
LINE
8
BLACK
6
CONTINUOUS
10
-0.2571113779527559
20
0.2929692519685039
11
-0.2570985433070866
21
0.2929561023622047
0
LINE
8
BLACK
6
CONTINUOUS
10
-0.2570985433070866
20
0.2929561023622047
11
-0.2568909448818897
21
0.292437125984252
0
LINE
8
BLACK
6
CONTINUOUS
10
-0.2568909448818897
20
0.292437125984252
11
-0.2566774803149606
21
0.2919217716535433
0
LINE
8
BLACK
6
CONTINUOUS
10
-0.2566774803149606
20
0.2919217716535433
11
-0.2566774803149606
21
0.2919034645669291
0
LINE
8
BLACK
6
CONTINUOUS
10
-0.2566774803149606
20
0.2919034645669291
11
-0.2566706692913386
21
0.2918864173228347
0
LINE
8
BLACK
6
CONTINUOUS
10
-0.2566706692913386
20
0.2918864173228347
11
-0.2566774803149606
21
0.2913281496062992
0
LINE
8
BLACK
6
CONTINUOUS
10
-0.2566774803149606
20
0.2913281496062992
11
-0.2566774803149606
21
0.2907696456692913
0
LINE
8
BLACK
6
CONTINUOUS
10
-0.2566774803149606
20
0.2907696456692913
11
-0.2566845275590551
21
0.2907527165354331
0
LINE
8
BLACK
6
CONTINUOUS
10
-0.2566845275590551
20
0.2907527165354331
11
-0.2566847244094488
21
0.2907343700787401
0
LINE
8
BLACK
6
CONTINUOUS
10
-0.2566847244094488
20
0.2907343700787401
11
-0.2568594881889764
21
0.2901825590551181
0
LINE
8
BLACK
6
CONTINUOUS
10
-0.2568594881889764
20
0.2901825590551181
11
-0.2584781496062992
21
0.2864057874015748
0
LINE
8
BLACK
6
CONTINUOUS
10
-0.2584781496062992
20
0.2864057874015748
11
-0.2568234645669291
21
0.2855784251968504
0
LINE
8
BLACK
6
CONTINUOUS
10
-0.2568234645669291
20
0.2855784251968504
11
-0.2565754724409449
21
0.2854223622047244
0
LINE
8
BLACK
6
CONTINUOUS
10
-0.2565754724409449
20
0.2854223622047244
11
-0.2565035039370079
21
0.2853925196850394
0
LINE
8
BLACK
6
CONTINUOUS
10
-0.2565035039370079
20
0.2853925196850394
11
-0.2564225590551181
21
0.285326062992126
0
LINE
8
BLACK
6
CONTINUOUS
10
-0.2564225590551181
20
0.285326062992126
11
-0.2563335826771653
21
0.2852700787401575
0
LINE
8
BLACK
6
CONTINUOUS
10
-0.2563335826771653
20
0.2852700787401575
11
-0.2562824409448819
21
0.2852111023622047
0
LINE
8
BLACK
6
CONTINUOUS
10
-0.2562824409448819
20
0.2852111023622047
11
-0.256056062992126
21
0.2850253149606299
0
LINE
8
BLACK
6
CONTINUOUS
10
-0.256056062992126
20
0.2850253149606299
11
-0.2541812992125984
21
0.2831505511811024
0
LINE
8
BLACK
6
CONTINUOUS
10
-0.2541812992125984
20
0.2831505511811024
11
-0.2539955511811023
21
0.2829242125984252
0
LINE
8
BLACK
6
CONTINUOUS
10
-0.2539955511811023
20
0.2829242125984252
11
-0.2539365354330709
21
0.282873031496063
0
LINE
8
BLACK
6
CONTINUOUS
10
-0.2539365354330709
20
0.282873031496063
11
-0.2538805905511811
21
0.282784094488189
0
LINE
8
BLACK
6
CONTINUOUS
10
-0.2538805905511811
20
0.282784094488189
11
-0.253814094488189
21
0.2827031102362205
0
LINE
8
BLACK
6
CONTINUOUS
10
-0.253814094488189
20
0.2827031102362205
11
-0.2537842913385827
21
0.2826311811023622
0
LINE
8
BLACK
6
CONTINUOUS
10
-0.2537842913385827
20
0.2826311811023622
11
-0.253628188976378
21
0.2823831496062992
0
LINE
8
BLACK
6
CONTINUOUS
10
-0.253628188976378
20
0.2823831496062992
11
-0.2517534251968504
21
0.2786336220472441
0
LINE
8
BLACK
6
CONTINUOUS
10
-0.2517534251968504
20
0.2786336220472441
11
-0.2515465354330709
21
0.278093031496063
0
LINE
8
BLACK
6
CONTINUOUS
10
-0.2515465354330709
20
0.278093031496063
11
-0.2515390157480315
21
0.2779871653543307
0
LINE
8
BLACK
6
CONTINUOUS
10
-0.2515390157480315
20
0.2779871653543307
11
-0.2514984251968504
21
0.2778891732283464
0
LINE
8
BLACK
6
CONTINUOUS
10
-0.2514984251968504
20
0.2778891732283464
11
-0.2514416929133858
21
0.2773131102362205
0
LINE
8
BLACK
6
CONTINUOUS
10
-0.2514416929133858
20
0.2773131102362205
11
-0.2514416929133858
21
0.2679392913385827
0
LINE
8
BLACK
6
CONTINUOUS
10
-0.2514416929133858
20
0.2679392913385827
11
-0.2514984251968504
21
0.2673632283464567
0
LINE
8
BLACK
6
CONTINUOUS
10
-0.2514984251968504
20
0.2673632283464567
11
-0.2515390157480315
21
0.2672652755905512
0
LINE
8
BLACK
6
CONTINUOUS
10
-0.2515390157480315
20
0.2672652755905512
11
-0.2515465354330709
21
0.2671593700787401
0
LINE
8
BLACK
6
CONTINUOUS
10
-0.2515465354330709
20
0.2671593700787401
11
-0.2517534251968504
21
0.266618779527559
0
LINE
8
BLACK
6
CONTINUOUS
10
-0.2517534251968504
20
0.266618779527559
11
-0.253628188976378
21
0.2628692519685039
0
LINE
8
BLACK
6
CONTINUOUS
10
-0.253628188976378
20
0.2628692519685039
11
-0.2537842519685039
21
0.2626213779527559
0
LINE
8
BLACK
6
CONTINUOUS
10
-0.2537842519685039
20
0.2626213779527559
11
-0.2538140551181102
21
0.2625493307086614
0
LINE
8
BLACK
6
CONTINUOUS
10
-0.2538140551181102
20
0.2625493307086614
11
-0.2538805905511811
21
0.2624683070866142
0
LINE
8
BLACK
6
CONTINUOUS
10
-0.2538805905511811
20
0.2624683070866142
11
-0.2539365354330709
21
0.2623793700787401
0
LINE
8
BLACK
6
CONTINUOUS
10
-0.2539365354330709
20
0.2623793700787401
11
-0.2539955511811023
21
0.2623282283464567
0
LINE
8
BLACK
6
CONTINUOUS
10
-0.2539955511811023
20
0.2623282283464567
11
-0.2541812992125984
21
0.2621018503937008
0
LINE
8
BLACK
6
CONTINUOUS
10
-0.2541812992125984
20
0.2621018503937008
11
-0.2560560236220472
21
0.2602270866141732
0
LINE
8
BLACK
6
CONTINUOUS
10
-0.2560560236220472
20
0.2602270866141732
11
-0.2562824015748031
21
0.2600413385826771
0
LINE
8
BLACK
6
CONTINUOUS
10
-0.2562824015748031
20
0.2600413385826771
11
-0.2563335826771653
21
0.2599822834645669
0
LINE
8
BLACK
6
CONTINUOUS
10
-0.2563335826771653
20
0.2599822834645669
11
-0.2564225590551181
21
0.2599262992125984
0
LINE
8
BLACK
6
CONTINUOUS
10
-0.2564225590551181
20
0.2599262992125984
11
-0.2565035039370079
21
0.259859842519685
0
LINE
8
BLACK
6
CONTINUOUS
10
-0.2565035039370079
20
0.259859842519685
11
-0.2565754724409449
21
0.2598300393700788
0
LINE
8
BLACK
6
CONTINUOUS
10
-0.2565754724409449
20
0.2598300393700788
11
-0.2568234645669291
21
0.259673937007874
0
LINE
8
BLACK
6
CONTINUOUS
10
-0.2568234645669291
20
0.259673937007874
11
-0.2605729921259842
21
0.2577991732283464
0
LINE
8
BLACK
6
CONTINUOUS
10
-0.2605729921259842
20
0.2577991732283464
11
-0.2611136220472441
21
0.2575922834645669
0
LINE
8
BLACK
6
CONTINUOUS
10
-0.2611136220472441
20
0.2575922834645669
11
-0.2612194488188976
21
0.2575848031496063
0
LINE
8
BLACK
6
CONTINUOUS
10
-0.2612194488188976
20
0.2575848031496063
11
-0.2613174409448819
21
0.2575441732283464
0
LINE
8
BLACK
6
CONTINUOUS
10
-0.2613174409448819
20
0.2575441732283464
11
-0.2618935039370079
21
0.2574874409448819
0
LINE
8
BLACK
6
CONTINUOUS
10
-0.2618935039370079
20
0.2574874409448819
11
-0.2708716535433071
21
0.2574874409448819
0
LINE
8
BLACK
6
CONTINUOUS
10
-0.2708716535433071
20
0.2574874409448819
11
-0.2737323622047244
21
0.2508124803149606
0
LINE
8
BLACK
6
CONTINUOUS
10
-0.2737323622047244
20
0.2508124803149606
11
-0.2740114173228346
21
0.2503053543307087
0
LINE
8
BLACK
6
CONTINUOUS
10
-0.2740114173228346
20
0.2503053543307087
11
-0.2748359842519685
21
0.2495006692913386
0
LINE
8
BLACK
6
CONTINUOUS
10
-0.2748359842519685
20
0.2495006692913386
11
-0.2759056692913386
21
0.2490727952755905
0
LINE
8
BLACK
6
CONTINUOUS
10
-0.2759056692913386
20
0.2490727952755905
11
-0.2770576771653543
21
0.2490868503937008
0
LINE
8
BLACK
6
CONTINUOUS
10
-0.2770576771653543
20
0.2490868503937008
11
-0.2781166535433071
21
0.2495406692913386
0
LINE
8
BLACK
6
CONTINUOUS
10
-0.2781166535433071
20
0.2495406692913386
11
-0.2789213385826771
21
0.2503652362204724
0
LINE
8
BLACK
6
CONTINUOUS
10
-0.2789213385826771
20
0.2503652362204724
11
-0.2793492125984252
21
0.2514349212598425
0
LINE
8
BLACK
6
CONTINUOUS
10
-0.2793492125984252
20
0.2514349212598425
11
-0.279335157480315
21
0.2525869291338583
0
LINE
8
BLACK
6
CONTINUOUS
10
-0.279335157480315
20
0.2525869291338583
11
-0.2791603937007874
21
0.253138779527559
0
LINE
8
BLACK
6
CONTINUOUS
10
-0.2791603937007874
20
0.253138779527559
11
-0.2763549212598425
21
0.259685
0
LINE
8
BLACK
6
CONTINUOUS
10
-0.2763549212598425
20
0.259685
11
-0.2765853937007874
21
0.2598300393700788
0
LINE
8
BLACK
6
CONTINUOUS
10
-0.2765853937007874
20
0.2598300393700788
11
-0.2766573228346457
21
0.259859842519685
0
LINE
8
BLACK
6
CONTINUOUS
10
-0.2766573228346457
20
0.259859842519685
11
-0.2767383070866142
21
0.2599262992125984
0
LINE
8
BLACK
6
CONTINUOUS
10
-0.2767383070866142
20
0.2599262992125984
11
-0.2768272440944882
21
0.2599822834645669
0
LINE
8
BLACK
6
CONTINUOUS
10
-0.2768272440944882
20
0.2599822834645669
11
-0.2768784645669291
21
0.2600413385826771
0
LINE
8
BLACK
6
CONTINUOUS
10
-0.2768784645669291
20
0.2600413385826771
11
-0.2771048031496063
21
0.2602270866141732
0
LINE
8
BLACK
6
CONTINUOUS
10
-0.2771048031496063
20
0.2602270866141732
11
-0.2789795669291338
21
0.2621018897637795
0
LINE
8
BLACK
6
CONTINUOUS
10
-0.2789795669291338
20
0.2621018897637795
11
-0.2793467716535433
21
0.2625493307086614
0
LINE
8
BLACK
6
CONTINUOUS
10
-0.2793467716535433
20
0.2625493307086614
11
-0.2797876377952756
21
0.2636137401574803
0
LINE
8
BLACK
6
CONTINUOUS
10
-0.2797876377952756
20
0.2636137401574803
11
-0.2797876377952756
21
0.2647658267716536
0
LINE
8
BLACK
6
CONTINUOUS
10
-0.2797876377952756
20
0.2647658267716536
11
-0.2793467322834646
21
0.2658302362204724
0
LINE
8
BLACK
6
CONTINUOUS
10
-0.2793467322834646
20
0.2658302362204724
11
-0.2785320472440945
21
0.2666449212598425
0
LINE
8
BLACK
6
CONTINUOUS
10
-0.2785320472440945
20
0.2666449212598425
11
-0.2774676377952756
21
0.2670857874015748
0
LINE
8
BLACK
6
CONTINUOUS
10
-0.2774676377952756
20
0.2670857874015748
11
-0.2763155511811023
21
0.2670857874015748
0
LINE
8
BLACK
6
CONTINUOUS
10
-0.2763155511811023
20
0.2670857874015748
11
-0.2752511417322834
21
0.2666448818897638
0
LINE
8
BLACK
6
CONTINUOUS
10
-0.2752511417322834
20
0.2666448818897638
11
-0.2748036614173228
21
0.2662776377952756
0
LINE
8
BLACK
6
CONTINUOUS
10
-0.2748036614173228
20
0.2662776377952756
11
-0.2739117322834645
21
0.2653857086614173
0
LINE
8
BLACK
6
CONTINUOUS
10
-0.2739117322834645
20
0.2653857086614173
11
-0.2668515748031496
21
0.2818594094488189
0
LINE
8
BLACK
6
CONTINUOUS
10
-0.2668515748031496
20
0.2818594094488189
11
-0.2705702755905512
21
0.2818594094488189
0
LINE
8
BLACK
6
CONTINUOUS
10
-0.2705702755905512
20
0.2818594094488189
11
-0.2732677559055118
21
0.2805106692913386
0
LINE
8
BLACK
6
CONTINUOUS
10
-0.2732677559055118
20
0.2805106692913386
11
-0.2748037007874016
21
0.2789747244094488
0
LINE
8
BLACK
6
CONTINUOUS
10
-0.2748037007874016
20
0.2789747244094488
11
-0.2752511417322834
21
0.2786075196850394
0
LINE
8
BLACK
6
CONTINUOUS
10
-0.2752511417322834
20
0.2786075196850394
11
-0.2753885039370079
21
0.2785506299212598
0
LINE
8
BLACK
6
CONTINUOUS
10
-0.2753885039370079
20
0.2785506299212598
11
-0.2755035826771653
21
0.2784564566929134
0
LINE
8
BLACK
6
CONTINUOUS
10
-0.2755035826771653
20
0.2784564566929134
11
-0.275916968503937
21
0.2783317716535433
0
LINE
8
BLACK
6
CONTINUOUS
10
-0.275916968503937
20
0.2783317716535433
11
-0.2763155905511811
21
0.2781666141732284
0
LINE
8
BLACK
6
CONTINUOUS
10
-0.2763155905511811
20
0.2781666141732284
11
-0.2764642125984252
21
0.2781666141732284
0
LINE
8
BLACK
6
CONTINUOUS
10
-0.2764642125984252
20
0.2781666141732284
11
-0.2766065748031496
21
0.2781236614173228
0
LINE
8
BLACK
6
CONTINUOUS
10
-0.2766065748031496
20
0.2781236614173228
11
-0.2770361023622047
21
0.2781666141732284
0
LINE
8
BLACK
6
CONTINUOUS
10
-0.2770361023622047
20
0.2781666141732284
11
-0.2774676377952756
21
0.2781666141732284
0
LINE
8
BLACK
6
CONTINUOUS
10
-0.2774676377952756
20
0.2781666141732284
11
-0.277605
21
0.2782235433070866
0
LINE
8
BLACK
6
CONTINUOUS
10
-0.277605
20
0.2782235433070866
11
-0.2777529921259843
21
0.2782383070866142
0
LINE
8
BLACK
6
CONTINUOUS
10
-0.2777529921259843
20
0.2782383070866142
11
-0.2781333858267717
21
0.2784423622047244
0
LINE
8
BLACK
6
CONTINUOUS
10
-0.2781333858267717
20
0.2784423622047244
11
-0.2785320866141732
21
0.2786075196850394
0
LINE
8
BLACK
6
CONTINUOUS
10
-0.2785320866141732
20
0.2786075196850394
11
-0.2786372834645669
21
0.2787127165354331
0
LINE
8
BLACK
6
CONTINUOUS
10
-0.2786372834645669
20
0.2787127165354331
11
-0.2787682283464567
21
0.2787829527559055
0
LINE
8
BLACK
6
CONTINUOUS
10
-0.2787682283464567
20
0.2787829527559055
11
-0.2790414960629921
21
0.2791169291338583
0
LINE
8
BLACK
6
CONTINUOUS
10
-0.2790414960629921
20
0.2791169291338583
11
-0.2793467322834646
21
0.2794221653543307
0
LINE
8
BLACK
6
CONTINUOUS
10
-0.2793467322834646
20
0.2794221653543307
11
-0.2794036614173228
21
0.2795595275590551
0
LINE
8
BLACK
6
CONTINUOUS
10
-0.2794036614173228
20
0.2795595275590551
11
-0.2794977952755905
21
0.2796746062992126
0
LINE
8
BLACK
6
CONTINUOUS
10
-0.2794977952755905
20
0.2796746062992126
11
-0.2796225196850394
21
0.2800879921259842
0
LINE
8
BLACK
6
CONTINUOUS
10
-0.2796225196850394
20
0.2800879921259842
11
-0.2797876377952756
21
0.2804866141732283
0
LINE
8
BLACK
6
CONTINUOUS
10
-0.2797876377952756
20
0.2804866141732283
11
-0.2797876377952756
21
0.2806352755905512
0
LINE
8
BLACK
6
CONTINUOUS
10
-0.2797876377952756
20
0.2806352755905512
11
-0.2798305905511811
21
0.2807775984251968
0
LINE
8
BLACK
6
CONTINUOUS
10
-0.2798305905511811
20
0.2807775984251968
11
-0.2798297244094488
21
0.2813564566929134
0
LINE
8
BLACK
6
CONTINUOUS
10
-0.2798297244094488
20
0.2813564566929134
11
-0.279126062992126
21
0.2883929527559055
0
LINE
8
BLACK
6
CONTINUOUS
10
-0.279126062992126
20
0.2883929527559055
11
-0.2858201968503937
21
0.2883929527559055
0
LINE
8
BLACK
6
CONTINUOUS
10
-0.2858201968503937
20
0.2883929527559055
11
-0.2863962598425197
21
0.2884496850393701
0
LINE
8
BLACK
6
CONTINUOUS
10
-0.2863962598425197
20
0.2884496850393701
11
-0.2874606692913386
21
0.2888905905511811
0
LINE
8
BLACK
6
CONTINUOUS
10
-0.2874606692913386
20
0.2888905905511811
11
-0.2882753149606299
21
0.2897052362204725
0
LINE
8
BLACK
6
CONTINUOUS
10
-0.2882753149606299
20
0.2897052362204725
11
-0.2887162204724409
21
0.2907696456692913
0
LINE
8
BLACK
6
CONTINUOUS
10
-0.2887162204724409
20
0.2907696456692913
11
-0.2887162204724409
21
0.2919217716535433
0
LINE
8
BLACK
6
CONTINUOUS
10
-0.2887162204724409
20
0.2919217716535433
11
-0.2882753149606299
21
0.2929861811023622
0
LINE
8
BLACK
6
CONTINUOUS
10
-0.2882753149606299
20
0.2929861811023622
11
-0.2874606692913386
21
0.2938008267716535
0
LINE
8
BLACK
6
CONTINUOUS
10
-0.2874606692913386
20
0.2938008267716535
11
-0.2863962598425197
21
0.2942417322834646
0
LINE
8
BLACK
6
CONTINUOUS
10
-0.2863962598425197
20
0.2942417322834646
11
-0.2858201968503937
21
0.2942984645669292
0
LINE
8
BLACK
6
CONTINUOUS
10
-0.2858201968503937
20
0.2942984645669292
11
-0.2785355118110236
21
0.2942984645669292
0
LINE
8
BLACK
6
CONTINUOUS
10
-0.2785355118110236
20
0.2942984645669292
11
-0.2779549606299213
21
0.300104094488189
0
LINE
8
BLACK
6
CONTINUOUS
10
-0.2779549606299213
20
0.300104094488189
11
-0.277912874015748
21
0.3003140551181102
0
LINE
8
BLACK
6
CONTINUOUS
10
-0.277912874015748
20
0.3003140551181102
11
-0.277912874015748
21
0.3003863385826772
0
LINE
8
BLACK
6
CONTINUOUS
10
-0.277912874015748
20
0.3003863385826772
11
-0.2778848031496063
21
0.3004541732283464
0
LINE
8
BLACK
6
CONTINUOUS
10
-0.2778848031496063
20
0.3004541732283464
11
-0.2778411811023622
21
0.3006716535433071
0
LINE
8
BLACK
6
CONTINUOUS
10
-0.2778411811023622
20
0.3006716535433071
11
-0.2776371653543307
21
0.301051968503937
0
LINE
8
BLACK
6
CONTINUOUS
10
-0.2776371653543307
20
0.301051968503937
11
-0.277471968503937
21
0.3014507480314961
0
LINE
8
BLACK
6
CONTINUOUS
10
-0.277471968503937
20
0.3014507480314961
11
-0.277366811023622
21
0.3015559448818897
0
LINE
8
BLACK
6
CONTINUOUS
10
-0.277366811023622
20
0.3015559448818897
11
-0.2772965354330709
21
0.3016868897637795
0
LINE
8
BLACK
6
CONTINUOUS
10
-0.2772965354330709
20
0.3016868897637795
11
-0.2769625984251968
21
0.301960157480315
0
LINE
8
BLACK
6
CONTINUOUS
10
-0.2769625984251968
20
0.301960157480315
11
-0.2766573228346457
21
0.3022653937007874
0
LINE
8
BLACK
6
CONTINUOUS
10
-0.2766573228346457
20
0.3022653937007874
11
-0.27652
21
0.3023223228346457
0
LINE
8
BLACK
6
CONTINUOUS
10
-0.27652
20
0.3023223228346457
11
-0.2764048818897638
21
0.3024164566929134
0
LINE
8
BLACK
6
CONTINUOUS
10
-0.2764048818897638
20
0.3024164566929134
11
-0.2759916141732283
21
0.3025411811023622
0
LINE
8
BLACK
6
CONTINUOUS
10
-0.2759916141732283
20
0.3025411811023622
11
-0.2755929133858268
21
0.3027062992125984
0
LINE
8
BLACK
6
CONTINUOUS
10
-0.2755929133858268
20
0.3027062992125984
11
-0.2753722440944882
21
0.3027280708661417
0
LINE
8
BLACK
6
CONTINUOUS
10
-0.2753722440944882
20
0.3027280708661417
11
-0.2753018897637795
21
0.3027492519685039
0
LINE
8
BLACK
6
CONTINUOUS
10
-0.2753018897637795
20
0.3027492519685039
11
-0.2752299212598425
21
0.3027420866141732
0
LINE
8
BLACK
6
CONTINUOUS
10
-0.2752299212598425
20
0.3027420866141732
11
-0.2750168503937008
21
0.302763031496063
0
LINE
8
BLACK
6
CONTINUOUS
10
-0.2750168503937008
20
0.302763031496063
11
-0.2562692125984252
21
0.302763031496063
0
LINE
8
BLACK
6
CONTINUOUS
10
-0.2562692125984252
20
0.302763031496063
11
-0.2556931496062992
21
0.3027062992125984
0
LINE
8
BLACK
6
CONTINUOUS
10
-0.268340748031496
20
0.2633929527559055
11
-0.2625905511811024
21
0.2633929527559055
0
LINE
8
BLACK
6
CONTINUOUS
10
-0.2625905511811024
20
0.2633929527559055
11
-0.2598931102362205
21
0.2647416929133858
0
LINE
8
BLACK
6
CONTINUOUS
10
-0.2598931102362205
20
0.2647416929133858
11
-0.2586959842519685
21
0.2659388582677165
0
LINE
8
BLACK
6
CONTINUOUS
10
-0.2586959842519685
20
0.2659388582677165
11
-0.2573472047244094
21
0.2686363385826772
0
LINE
8
BLACK
6
CONTINUOUS
10
-0.2573472047244094
20
0.2686363385826772
11
-0.2573472047244094
21
0.276616062992126
0
LINE
8
BLACK
6
CONTINUOUS
10
-0.2573472047244094
20
0.276616062992126
11
-0.2586959448818897
21
0.2793135433070866
0
LINE
8
BLACK
6
CONTINUOUS
10
-0.2586959448818897
20
0.2793135433070866
11
-0.2598930708661417
21
0.2805106692913386
0
LINE
8
BLACK
6
CONTINUOUS
10
-0.2598930708661417
20
0.2805106692913386
11
-0.2608084645669291
21
0.2809683858267716
0
LINE
8
BLACK
6
CONTINUOUS
10
-0.2608084645669291
20
0.2809683858267716
11
-0.268340748031496
21
0.2633929527559055
0
LINE
8
BLACK
6
CONTINUOUS
10
-0.2733217716535433
20
0.2870862598425197
11
-0.2725878346456693
21
0.2874531889763779
0
LINE
8
BLACK
6
CONTINUOUS
10
-0.2725878346456693
20
0.2874531889763779
11
-0.2720472440944882
21
0.2876600787401575
0
LINE
8
BLACK
6
CONTINUOUS
10
-0.2720472440944882
20
0.2876600787401575
11
-0.2719413779527559
21
0.2876676377952756
0
LINE
8
BLACK
6
CONTINUOUS
10
-0.2719413779527559
20
0.2876676377952756
11
-0.2718433858267716
21
0.287708188976378
0
LINE
8
BLACK
6
CONTINUOUS
10
-0.2718433858267716
20
0.287708188976378
11
-0.2712673228346457
21
0.2877649212598425
0
LINE
8
BLACK
6
CONTINUOUS
10
-0.2712673228346457
20
0.2877649212598425
11
-0.2643206692913386
21
0.2877649212598425
0
LINE
8
BLACK
6
CONTINUOUS
10
-0.2643206692913386
20
0.2877649212598425
11
-0.2640514960629921
21
0.2883929527559055
0
LINE
8
BLACK
6
CONTINUOUS
10
-0.2640514960629921
20
0.2883929527559055
11
-0.2731911023622047
21
0.2883929527559055
0
LINE
8
BLACK
6
CONTINUOUS
10
-0.2731911023622047
20
0.2883929527559055
11
-0.2733217716535433
21
0.2870862598425197
0
LINE
8
BLACK
6
CONTINUOUS
10
-0.5227202362204725
20
0.3022653937007874
11
-0.5219055905511811
21
0.3014507480314961
0
LINE
8
BLACK
6
CONTINUOUS
10
-0.5219055905511811
20
0.3014507480314961
11
-0.52146468503937
21
0.3003863385826772
0
LINE
8
BLACK
6
CONTINUOUS
10
-0.52146468503937
20
0.3003863385826772
11
-0.5214079527559055
21
0.2998102755905512
0
LINE
8
BLACK
6
CONTINUOUS
10
-0.5214079527559055
20
0.2998102755905512
11
-0.5214079527559055
21
0.2633929527559055
0
LINE
8
BLACK
6
CONTINUOUS
10
-0.5214079527559055
20
0.2633929527559055
11
-0.5056130708661417
21
0.2633929527559055
0
LINE
8
BLACK
6
CONTINUOUS
10
-0.5056130708661417
20
0.2633929527559055
11
-0.5050370078740157
21
0.2633362204724409
0
LINE
8
BLACK
6
CONTINUOUS
10
-0.5050370078740157
20
0.2633362204724409
11
-0.5039725984251968
21
0.2628953149606299
0
LINE
8
BLACK
6
CONTINUOUS
10
-0.5039725984251968
20
0.2628953149606299
11
-0.5031579527559055
21
0.2620806692913386
0
LINE
8
BLACK
6
CONTINUOUS
10
-0.5031579527559055
20
0.2620806692913386
11
-0.5027170472440945
21
0.2610162598425197
0
LINE
8
BLACK
6
CONTINUOUS
10
-0.5027170472440945
20
0.2610162598425197
11
-0.5027170472440945
21
0.2598641338582677
0
LINE
8
BLACK
6
CONTINUOUS
10
-0.5027170472440945
20
0.2598641338582677
11
-0.5031579527559055
21
0.2587997244094488
0
LINE
8
BLACK
6
CONTINUOUS
10
-0.5031579527559055
20
0.2587997244094488
11
-0.5039725984251968
21
0.2579850787401575
0
LINE
8
BLACK
6
CONTINUOUS
10
-0.5039725984251968
20
0.2579850787401575
11
-0.5050370078740157
21
0.2575441732283464
0
LINE
8
BLACK
6
CONTINUOUS
10
-0.5050370078740157
20
0.2575441732283464
11
-0.5056130708661417
21
0.2574874409448819
0
LINE
8
BLACK
6
CONTINUOUS
10
-0.5056130708661417
20
0.2574874409448819
11
-0.5243607086614173
21
0.2574874409448819
0
LINE
8
BLACK
6
CONTINUOUS
10
-0.5243607086614173
20
0.2574874409448819
11
-0.5249367716535432
21
0.2575441732283464
0
LINE
8
BLACK
6
CONTINUOUS
10
-0.5249367716535432
20
0.2575441732283464
11
-0.5260011811023622
21
0.2579850787401575
0
LINE
8
BLACK
6
CONTINUOUS
10
-0.5260011811023622
20
0.2579850787401575
11
-0.5268158267716535
21
0.2587997244094488
0
LINE
8
BLACK
6
CONTINUOUS
10
-0.5268158267716535
20
0.2587997244094488
11
-0.5272567322834646
21
0.2598641338582677
0
LINE
8
BLACK
6
CONTINUOUS
10
-0.5272567322834646
20
0.2598641338582677
11
-0.5273134645669291
21
0.2604401968503937
0
LINE
8
BLACK
6
CONTINUOUS
10
-0.5273134645669291
20
0.2604401968503937
11
-0.5273134645669291
21
0.2998102755905512
0
LINE
8
BLACK
6
CONTINUOUS
10
-0.5273134645669291
20
0.2998102755905512
11
-0.5272567322834646
21
0.3003863385826772
0
LINE
8
BLACK
6
CONTINUOUS
10
-0.5272567322834646
20
0.3003863385826772
11
-0.5268158267716535
21
0.3014507480314961
0
LINE
8
BLACK
6
CONTINUOUS
10
-0.5268158267716535
20
0.3014507480314961
11
-0.5260011811023622
21
0.3022653937007874
0
LINE
8
BLACK
6
CONTINUOUS
10
-0.5260011811023622
20
0.3022653937007874
11
-0.5249367716535432
21
0.3027062992125984
0
LINE
8
BLACK
6
CONTINUOUS
10
-0.5249367716535432
20
0.3027062992125984
11
-0.5237846456692913
21
0.3027062992125984
0
LINE
8
BLACK
6
CONTINUOUS
10
-0.5237846456692913
20
0.3027062992125984
11
-0.5227202362204725
21
0.3022653937007874
0
LINE
8
BLACK
6
CONTINUOUS
10
-0.4731659842519685
20
0.3027062992125984
11
-0.4721015748031496
21
0.3022653937007874
0
LINE
8
BLACK
6
CONTINUOUS
10
-0.4721015748031496
20
0.3022653937007874
11
-0.4712869291338583
21
0.3014507480314961
0
LINE
8
BLACK
6
CONTINUOUS
10
-0.4712869291338583
20
0.3014507480314961
11
-0.4708460236220472
21
0.3003863385826772
0
LINE
8
BLACK
6
CONTINUOUS
10
-0.4708460236220472
20
0.3003863385826772
11
-0.4708460236220472
21
0.2992342125984252
0
LINE
8
BLACK
6
CONTINUOUS
10
-0.4708460236220472
20
0.2992342125984252
11
-0.4712869291338583
21
0.2981698031496063
0
LINE
8
BLACK
6
CONTINUOUS
10
-0.4712869291338583
20
0.2981698031496063
11
-0.4721015748031496
21
0.2973551574803149
0
LINE
8
BLACK
6
CONTINUOUS
10
-0.4721015748031496
20
0.2973551574803149
11
-0.4731659842519685
21
0.2969142519685039
0
LINE
8
BLACK
6
CONTINUOUS
10
-0.4731659842519685
20
0.2969142519685039
11
-0.4737420472440945
21
0.2968575196850394
0
LINE
8
BLACK
6
CONTINUOUS
10
-0.4737420472440945
20
0.2968575196850394
11
-0.4895369291338583
21
0.2968575196850394
0
LINE
8
BLACK
6
CONTINUOUS
10
-0.4895369291338583
20
0.2968575196850394
11
-0.4895369291338583
21
0.2840153937007874
0
LINE
8
BLACK
6
CONTINUOUS
10
-0.4895369291338583
20
0.2840153937007874
11
-0.4793663385826771
21
0.2840153937007874
0
LINE
8
BLACK
6
CONTINUOUS
10
-0.4793663385826771
20
0.2840153937007874
11
-0.4787902755905512
21
0.2839586614173228
0
LINE
8
BLACK
6
CONTINUOUS
10
-0.4787902755905512
20
0.2839586614173228
11
-0.4777258661417323
21
0.2835177559055118
0
LINE
8
BLACK
6
CONTINUOUS
10
-0.4777258661417323
20
0.2835177559055118
11
-0.4769112204724409
21
0.2827031102362205
0
LINE
8
BLACK
6
CONTINUOUS
10
-0.4769112204724409
20
0.2827031102362205
11
-0.4764703149606299
21
0.2816387007874016
0
LINE
8
BLACK
6
CONTINUOUS
10
-0.4764703149606299
20
0.2816387007874016
11
-0.4764703149606299
21
0.2804865748031496
0
LINE
8
BLACK
6
CONTINUOUS
10
-0.4764703149606299
20
0.2804865748031496
11
-0.4769112204724409
21
0.2794221653543307
0
LINE
8
BLACK
6
CONTINUOUS
10
-0.4769112204724409
20
0.2794221653543307
11
-0.4777258661417323
21
0.2786075196850394
0
LINE
8
BLACK
6
CONTINUOUS
10
-0.4777258661417323
20
0.2786075196850394
11
-0.4787902755905512
21
0.2781666141732284
0
LINE
8
BLACK
6
CONTINUOUS
10
-0.4787902755905512
20
0.2781666141732284
11
-0.4793663385826771
21
0.2781098818897638
0
LINE
8
BLACK
6
CONTINUOUS
10
-0.4793663385826771
20
0.2781098818897638
11
-0.4895369291338583
21
0.2781098818897638
0
LINE
8
BLACK
6
CONTINUOUS
10
-0.4895369291338583
20
0.2781098818897638
11
-0.4895369291338583
21
0.2633929527559055
0
LINE
8
BLACK
6
CONTINUOUS
10
-0.4895369291338583
20
0.2633929527559055
11
-0.4737420472440945
21
0.2633929527559055
0
LINE
8
BLACK
6
CONTINUOUS
10
-0.4737420472440945
20
0.2633929527559055
11
-0.4731659842519685
21
0.2633362204724409
0
LINE
8
BLACK
6
CONTINUOUS
10
-0.4731659842519685
20
0.2633362204724409
11
-0.4721015748031496
21
0.2628953149606299
0
LINE
8
BLACK
6
CONTINUOUS
10
-0.4721015748031496
20
0.2628953149606299
11
-0.4712869291338583
21
0.2620806692913386
0
LINE
8
BLACK
6
CONTINUOUS
10
-0.4712869291338583
20
0.2620806692913386
11
-0.4708460236220472
21
0.2610162598425197
0
LINE
8
BLACK
6
CONTINUOUS
10
-0.4708460236220472
20
0.2610162598425197
11
-0.4708460236220472
21
0.2598641338582677
0
LINE
8
BLACK
6
CONTINUOUS
10
-0.4708460236220472
20
0.2598641338582677
11
-0.4712869291338583
21
0.2587997244094488
0
LINE
8
BLACK
6
CONTINUOUS
10
-0.4712869291338583
20
0.2587997244094488
11
-0.4721015748031496
21
0.2579850787401575
0
LINE
8
BLACK
6
CONTINUOUS
10
-0.4721015748031496
20
0.2579850787401575
11
-0.4731659842519685
21
0.2575441732283464
0
LINE
8
BLACK
6
CONTINUOUS
10
-0.4731659842519685
20
0.2575441732283464
11
-0.4737420472440945
21
0.2574874409448819
0
LINE
8
BLACK
6
CONTINUOUS
10
-0.4737420472440945
20
0.2574874409448819
11
-0.4924896850393701
21
0.2574874409448819
0
LINE
8
BLACK
6
CONTINUOUS
10
-0.4924896850393701
20
0.2574874409448819
11
-0.4930657480314961
21
0.2575441732283464
0
LINE
8
BLACK
6
CONTINUOUS
10
-0.4930657480314961
20
0.2575441732283464
11
-0.494130157480315
21
0.2579850787401575
0
LINE
8
BLACK
6
CONTINUOUS
10
-0.494130157480315
20
0.2579850787401575
11
-0.4949448031496063
21
0.2587997244094488
0
LINE
8
BLACK
6
CONTINUOUS
10
-0.4949448031496063
20
0.2587997244094488
11
-0.4953857086614173
21
0.2598641338582677
0
LINE
8
BLACK
6
CONTINUOUS
10
-0.4953857086614173
20
0.2598641338582677
11
-0.4954424409448819
21
0.2604401968503937
0
LINE
8
BLACK
6
CONTINUOUS
10
-0.4954424409448819
20
0.2604401968503937
11
-0.4954424409448819
21
0.2998102755905512
0
LINE
8
BLACK
6
CONTINUOUS
10
-0.4954424409448819
20
0.2998102755905512
11
-0.4953857086614173
21
0.3003863385826772
0
LINE
8
BLACK
6
CONTINUOUS
10
-0.4953857086614173
20
0.3003863385826772
11
-0.4949448031496063
21
0.3014507480314961
0
LINE
8
BLACK
6
CONTINUOUS
10
-0.4949448031496063
20
0.3014507480314961
11
-0.494130157480315
21
0.3022653937007874
0
LINE
8
BLACK
6
CONTINUOUS
10
-0.494130157480315
20
0.3022653937007874
11
-0.4930657480314961
21
0.3027062992125984
0
LINE
8
BLACK
6
CONTINUOUS
10
-0.4930657480314961
20
0.3027062992125984
11
-0.4924896850393701
21
0.302763031496063
0
LINE
8
BLACK
6
CONTINUOUS
10
-0.4924896850393701
20
0.302763031496063
11
-0.4737420472440945
21
0.302763031496063
0
LINE
8
BLACK
6
CONTINUOUS
10
-0.4737420472440945
20
0.302763031496063
11
-0.4731659842519685
21
0.3027062992125984
0
LINE
8
BLACK
6
CONTINUOUS
10
-0.447203779527559
20
0.3027343307086614
11
-0.4471260236220472
21
0.3027398425196851
0
LINE
8
BLACK
6
CONTINUOUS
10
-0.4471260236220472
20
0.3027398425196851
11
-0.4470237795275591
21
0.3027166141732283
0
LINE
8
BLACK
6
CONTINUOUS
10
-0.4470237795275591
20
0.3027166141732283
11
-0.4469192519685039
21
0.3027062992125984
0
LINE
8
BLACK
6
CONTINUOUS
10
-0.4469192519685039
20
0.3027062992125984
11
-0.4468471653543307
21
0.3026764566929134
0
LINE
8
BLACK
6
CONTINUOUS
10
-0.4468471653543307
20
0.3026764566929134
11
-0.4465615748031496
21
0.3026114960629921
0
LINE
8
BLACK
6
CONTINUOUS
10
-0.4465615748031496
20
0.3026114960629921
11
-0.4409372834645669
21
0.3007367322834645
0
LINE
8
BLACK
6
CONTINUOUS
10
-0.4409372834645669
20
0.3007367322834645
11
-0.4404087401574803
21
0.3005007480314961
0
LINE
8
BLACK
6
CONTINUOUS
10
-0.4404087401574803
20
0.3005007480314961
11
-0.4403286220472441
21
0.3004312598425197
0
LINE
8
BLACK
6
CONTINUOUS
10
-0.4403286220472441
20
0.3004312598425197
11
-0.4402305511811023
21
0.3003906299212598
0
LINE
8
BLACK
6
CONTINUOUS
10
-0.4402305511811023
20
0.3003906299212598
11
-0.4397831102362205
21
0.3000234251968504
0
LINE
8
BLACK
6
CONTINUOUS
10
-0.4397831102362205
20
0.3000234251968504
11
-0.4360335826771654
21
0.2962738976377953
0
LINE
8
BLACK
6
CONTINUOUS
10
-0.4360335826771654
20
0.2962738976377953
11
-0.4358477559055118
21
0.2960475196850393
0
LINE
8
BLACK
6
CONTINUOUS
10
-0.4358477559055118
20
0.2960475196850393
11
-0.4357888188976378
21
0.2959963779527559
0
LINE
8
BLACK
6
CONTINUOUS
10
-0.4357888188976378
20
0.2959963779527559
11
-0.4357329527559055
21
0.2959076377952756
0
LINE
8
BLACK
6
CONTINUOUS
10
-0.4357329527559055
20
0.2959076377952756
11
-0.4356663385826772
21
0.2958264566929134
0
LINE
8
BLACK
6
CONTINUOUS
10
-0.4356663385826772
20
0.2958264566929134
11
-0.4356364960629921
21
0.2957543307086614
0
LINE
8
BLACK
6
CONTINUOUS
10
-0.4356364960629921
20
0.2957543307086614
11
-0.4354804724409449
21
0.2955064960629921
0
LINE
8
BLACK
6
CONTINUOUS
10
-0.4354804724409449
20
0.2955064960629921
11
-0.4336057086614173
21
0.291756968503937
0
LINE
8
BLACK
6
CONTINUOUS
10
-0.4336057086614173
20
0.291756968503937
11
-0.4335896062992126
21
0.2917148818897638
0
LINE
8
BLACK
6
CONTINUOUS
10
-0.4335896062992126
20
0.2917148818897638
11
-0.4335768897637795
21
0.2916977165354331
0
LINE
8
BLACK
6
CONTINUOUS
10
-0.4335768897637795
20
0.2916977165354331
11
-0.4334905905511811
21
0.2914561417322835
0
LINE
8
BLACK
6
CONTINUOUS
10
-0.4334905905511811
20
0.2914561417322835
11
-0.4333988188976378
21
0.2912163779527559
0
LINE
8
BLACK
6
CONTINUOUS
10
-0.4333988188976378
20
0.2912163779527559
11
-0.4333973228346457
21
0.2911951181102362
0
LINE
8
BLACK
6
CONTINUOUS
10
-0.4333973228346457
20
0.2911951181102362
11
-0.433382125984252
21
0.2911525984251969
0
LINE
8
BLACK
6
CONTINUOUS
10
-0.433382125984252
20
0.2911525984251969
11
-0.4315073622047244
21
0.2836535433070866
0
LINE
8
BLACK
6
CONTINUOUS
10
-0.4315073622047244
20
0.2836535433070866
11
-0.4314925984251968
21
0.2835537007874016
0
LINE
8
BLACK
6
CONTINUOUS
10
-0.4314925984251968
20
0.2835537007874016
11
-0.4314759448818897
21
0.2835134645669291
0
LINE
8
BLACK
6
CONTINUOUS
10
-0.4314759448818897
20
0.2835134645669291
11
-0.4314546062992126
21
0.2832964566929134
0
LINE
8
BLACK
6
CONTINUOUS
10
-0.4314546062992126
20
0.2832964566929134
11
-0.4314227165354331
21
0.2830809448818898
0
LINE
8
BLACK
6
CONTINUOUS
10
-0.4314227165354331
20
0.2830809448818898
11
-0.4314291338582677
21
0.2830379527559055
0
LINE
8
BLACK
6
CONTINUOUS
10
-0.4314291338582677
20
0.2830379527559055
11
-0.4314192125984252
21
0.2829374015748031
0
LINE
8
BLACK
6
CONTINUOUS
10
-0.4314192125984252
20
0.2829374015748031
11
-0.4314192125984252
21
0.2773131102362205
0
LINE
8
BLACK
6
CONTINUOUS
10
-0.4314192125984252
20
0.2773131102362205
11
-0.4314291338582677
21
0.2772125984251969
0
LINE
8
BLACK
6
CONTINUOUS
10
-0.4314291338582677
20
0.2772125984251969
11
-0.4314227165354331
21
0.2771695669291339
0
LINE
8
BLACK
6
CONTINUOUS
10
-0.4314227165354331
20
0.2771695669291339
11
-0.4314546062992126
21
0.276954094488189
0
LINE
8
BLACK
6
CONTINUOUS
10
-0.4314546062992126
20
0.276954094488189
11
-0.4314759448818897
21
0.2767370472440945
0
LINE
8
BLACK
6
CONTINUOUS
10
-0.4314759448818897
20
0.2767370472440945
11
-0.4314925984251968
21
0.2766968503937008
0
LINE
8
BLACK
6
CONTINUOUS
10
-0.4314925984251968
20
0.2766968503937008
11
-0.4315073622047244
21
0.276596968503937
0
LINE
8
BLACK
6
CONTINUOUS
10
-0.4315073622047244
20
0.276596968503937
11
-0.433382125984252
21
0.2690979133858268
0
LINE
8
BLACK
6
CONTINUOUS
10
-0.433382125984252
20
0.2690979133858268
11
-0.4333973228346457
21
0.2690554330708662
0
LINE
8
BLACK
6
CONTINUOUS
10
-0.4333973228346457
20
0.2690554330708662
11
-0.4333988188976378
21
0.2690341338582677
0
LINE
8
BLACK
6
CONTINUOUS
10
-0.4333988188976378
20
0.2690341338582677
11
-0.4334905905511811
21
0.2687944094488189
0
LINE
8
BLACK
6
CONTINUOUS
10
-0.4334905905511811
20
0.2687944094488189
11
-0.4335768897637795
21
0.2685527952755906
0
LINE
8
BLACK
6
CONTINUOUS
10
-0.4335768897637795
20
0.2685527952755906
11
-0.4335896062992126
21
0.2685356692913386
0
LINE
8
BLACK
6
CONTINUOUS
10
-0.4335896062992126
20
0.2685356692913386
11
-0.4336057086614173
21
0.2684935433070866
0
LINE
8
BLACK
6
CONTINUOUS
10
-0.4336057086614173
20
0.2684935433070866
11
-0.4354804724409449
21
0.2647440157480315
0
LINE
8
BLACK
6
CONTINUOUS
10
-0.4354804724409449
20
0.2647440157480315
11
-0.4356365354330708
21
0.2644961417322835
0
LINE
8
BLACK
6
CONTINUOUS
10
-0.4356365354330708
20
0.2644961417322835
11
-0.4356663385826772
21
0.264424094488189
0
LINE
8
BLACK
6
CONTINUOUS
10
-0.4356663385826772
20
0.264424094488189
11
-0.435732874015748
21
0.2643430708661417
0
LINE
8
BLACK
6
CONTINUOUS
10
-0.435732874015748
20
0.2643430708661417
11
-0.4357888188976378
21
0.2642541338582677
0
LINE
8
BLACK
6
CONTINUOUS
10
-0.4357888188976378
20
0.2642541338582677
11
-0.4358478346456693
21
0.2642029921259842
0
LINE
8
BLACK
6
CONTINUOUS
10
-0.4358478346456693
20
0.2642029921259842
11
-0.4360335433070866
21
0.2639766535433071
0
LINE
8
BLACK
6
CONTINUOUS
10
-0.4360335433070866
20
0.2639766535433071
11
-0.4397831102362205
21
0.2602270472440945
0
LINE
8
BLACK
6
CONTINUOUS
10
-0.4397831102362205
20
0.2602270472440945
11
-0.4402305511811023
21
0.259859842519685
0
LINE
8
BLACK
6
CONTINUOUS
10
-0.4402305511811023
20
0.259859842519685
11
-0.4403286220472441
21
0.2598192519685039
0
LINE
8
BLACK
6
CONTINUOUS
10
-0.4403286220472441
20
0.2598192519685039
11
-0.4404087401574803
21
0.2597497244094488
0
LINE
8
BLACK
6
CONTINUOUS
10
-0.4404087401574803
20
0.2597497244094488
11
-0.4409372834645669
21
0.2595137401574803
0
LINE
8
BLACK
6
CONTINUOUS
10
-0.4409372834645669
20
0.2595137401574803
11
-0.4465615748031496
21
0.2576389763779527
0
LINE
8
BLACK
6
CONTINUOUS
10
-0.4465615748031496
20
0.2576389763779527
11
-0.4468471653543307
21
0.2575740551181102
0
LINE
8
BLACK
6
CONTINUOUS
10
-0.4468471653543307
20
0.2575740551181102
11
-0.4469192519685039
21
0.2575441732283464
0
LINE
8
BLACK
6
CONTINUOUS
10
-0.4469192519685039
20
0.2575441732283464
11
-0.4470237795275591
21
0.2575338976377953
0
LINE
8
BLACK
6
CONTINUOUS
10
-0.4470237795275591
20
0.2575338976377953
11
-0.4471260236220472
21
0.2575106299212598
0
LINE
8
BLACK
6
CONTINUOUS
10
-0.4471260236220472
20
0.2575106299212598
11
-0.447203779527559
21
0.2575161811023622
0
LINE
8
BLACK
6
CONTINUOUS
10
-0.447203779527559
20
0.2575161811023622
11
-0.4474953149606299
21
0.2574874409448819
0
LINE
8
BLACK
6
CONTINUOUS
10
-0.4474953149606299
20
0.2574874409448819
11
-0.4568691338582677
21
0.2574874409448819
0
LINE
8
BLACK
6
CONTINUOUS
10
-0.4568691338582677
20
0.2574874409448819
11
-0.4574451968503937
21
0.2575441732283464
0
LINE
8
BLACK
6
CONTINUOUS
10
-0.4574451968503937
20
0.2575441732283464
11
-0.4585096062992126
21
0.2579850787401575
0
LINE
8
BLACK
6
CONTINUOUS
10
-0.4585096062992126
20
0.2579850787401575
11
-0.4593242519685039
21
0.2587997244094488
0
LINE
8
BLACK
6
CONTINUOUS
10
-0.4593242519685039
20
0.2587997244094488
11
-0.4597651574803149
21
0.2598641338582677
0
LINE
8
BLACK
6
CONTINUOUS
10
-0.4597651574803149
20
0.2598641338582677
11
-0.4598218897637795
21
0.2604401968503937
0
LINE
8
BLACK
6
CONTINUOUS
10
-0.4598218897637795
20
0.2604401968503937
11
-0.4598218897637795
21
0.2998102755905512
0
LINE
8
BLACK
6
CONTINUOUS
10
-0.4598218897637795
20
0.2998102755905512
11
-0.4597651574803149
21
0.3003863385826772
0
LINE
8
BLACK
6
CONTINUOUS
10
-0.4597651574803149
20
0.3003863385826772
11
-0.4593242519685039
21
0.3014507480314961
0
LINE
8
BLACK
6
CONTINUOUS
10
-0.4593242519685039
20
0.3014507480314961
11
-0.4585096062992126
21
0.3022653937007874
0
LINE
8
BLACK
6
CONTINUOUS
10
-0.4585096062992126
20
0.3022653937007874
11
-0.4574451968503937
21
0.3027062992125984
0
LINE
8
BLACK
6
CONTINUOUS
10
-0.4574451968503937
20
0.3027062992125984
11
-0.4568691338582677
21
0.302763031496063
0
LINE
8
BLACK
6
CONTINUOUS
10
-0.4568691338582677
20
0.302763031496063
11
-0.4474953149606299
21
0.302763031496063
0
LINE
8
BLACK
6
CONTINUOUS
10
-0.4474953149606299
20
0.302763031496063
11
-0.447203779527559
21
0.3027343307086614
0
LINE
8
BLACK
6
CONTINUOUS
10
-0.4539163779527559
20
0.2633929527559055
11
-0.4479744488188976
21
0.2633929527559055
0
LINE
8
BLACK
6
CONTINUOUS
10
-0.4479744488188976
20
0.2633929527559055
11
-0.443466062992126
21
0.2648957874015748
0
LINE
8
BLACK
6
CONTINUOUS
10
-0.443466062992126
20
0.2648957874015748
11
-0.4405482677165354
21
0.2678136220472441
0
LINE
8
BLACK
6
CONTINUOUS
10
-0.4405482677165354
20
0.2678136220472441
11
-0.4390327559055118
21
0.2708446062992126
0
LINE
8
BLACK
6
CONTINUOUS
10
-0.4390327559055118
20
0.2708446062992126
11
-0.4373247244094488
21
0.2776766535433071
0
LINE
8
BLACK
6
CONTINUOUS
10
-0.4373247244094488
20
0.2776766535433071
11
-0.4373247244094488
21
0.2825738582677165
0
LINE
8
BLACK
6
CONTINUOUS
10
-0.4373247244094488
20
0.2825738582677165
11
-0.4390327559055118
21
0.289405905511811
0
LINE
8
BLACK
6
CONTINUOUS
10
-0.4390327559055118
20
0.289405905511811
11
-0.4405482283464567
21
0.2924368897637795
0
LINE
8
BLACK
6
CONTINUOUS
10
-0.4405482283464567
20
0.2924368897637795
11
-0.443466062992126
21
0.2953547244094488
0
LINE
8
BLACK
6
CONTINUOUS
10
-0.443466062992126
20
0.2953547244094488
11
-0.4479744488188976
21
0.2968575196850394
0
LINE
8
BLACK
6
CONTINUOUS
10
-0.4479744488188976
20
0.2968575196850394
11
-0.4539163779527559
21
0.2968575196850394
0
LINE
8
BLACK
6
CONTINUOUS
10
-0.4539163779527559
20
0.2968575196850394
11
-0.4539163779527559
21
0.2633929527559055
0
LINE
8
BLACK
6
CONTINUOUS
10
-0.3756781496062992
20
0.3027062992125984
11
-0.3755801574803149
21
0.3026657086614173
0
LINE
8
BLACK
6
CONTINUOUS
10
-0.3755801574803149
20
0.3026657086614173
11
-0.3754743307086614
21
0.302658188976378
0
LINE
8
BLACK
6
CONTINUOUS
10
-0.3754743307086614
20
0.302658188976378
11
-0.3749337007874016
21
0.3024512992125984
0
LINE
8
BLACK
6
CONTINUOUS
10
-0.3749337007874016
20
0.3024512992125984
11
-0.3711841732283465
21
0.3005765354330708
0
LINE
8
BLACK
6
CONTINUOUS
10
-0.3711841732283465
20
0.3005765354330708
11
-0.3709361811023622
21
0.3004204724409449
0
LINE
8
BLACK
6
CONTINUOUS
10
-0.3709361811023622
20
0.3004204724409449
11
-0.3708642125984252
21
0.3003906299212598
0
LINE
8
BLACK
6
CONTINUOUS
10
-0.3708642125984252
20
0.3003906299212598
11
-0.3707832677165354
21
0.3003241732283464
0
LINE
8
BLACK
6
CONTINUOUS
10
-0.3707832677165354
20
0.3003241732283464
11
-0.3706942913385827
21
0.300268188976378
0
LINE
8
BLACK
6
CONTINUOUS
10
-0.3706942913385827
20
0.300268188976378
11
-0.3706431496062992
21
0.3002092125984252
0
LINE
8
BLACK
6
CONTINUOUS
10
-0.3706431496062992
20
0.3002092125984252
11
-0.3704167716535433
21
0.3000234251968504
0
LINE
8
BLACK
6
CONTINUOUS
10
-0.3704167716535433
20
0.3000234251968504
11
-0.3685420078740158
21
0.2981486614173228
0
LINE
8
BLACK
6
CONTINUOUS
10
-0.3685420078740158
20
0.2981486614173228
11
-0.3683562598425197
21
0.2979223228346456
0
LINE
8
BLACK
6
CONTINUOUS
10
-0.3683562598425197
20
0.2979223228346456
11
-0.3682972440944882
21
0.2978711417322835
0
LINE
8
BLACK
6
CONTINUOUS
10
-0.3682972440944882
20
0.2978711417322835
11
-0.3682412992125984
21
0.2977822047244094
0
LINE
8
BLACK
6
CONTINUOUS
10
-0.3682412992125984
20
0.2977822047244094
11
-0.3681748031496063
21
0.297701220472441
0
LINE
8
BLACK
6
CONTINUOUS
10
-0.3681748031496063
20
0.297701220472441
11
-0.368145
21
0.2976292913385827
0
LINE
8
BLACK
6
CONTINUOUS
10
-0.368145
20
0.2976292913385827
11
-0.3679888976377952
21
0.2973812598425197
0
LINE
8
BLACK
6
CONTINUOUS
10
-0.3679888976377952
20
0.2973812598425197
11
-0.3661141338582677
21
0.2936317322834646
0
LINE
8
BLACK
6
CONTINUOUS
10
-0.3661141338582677
20
0.2936317322834646
11
-0.366098031496063
21
0.2935896456692914
0
LINE
8
BLACK
6
CONTINUOUS
10
-0.366098031496063
20
0.2935896456692914
11
-0.3660853149606299
21
0.2935724803149606
0
LINE
8
BLACK
6
CONTINUOUS
10
-0.3660853149606299
20
0.2935724803149606
11
-0.3659990157480315
21
0.293330905511811
0
LINE
8
BLACK
6
CONTINUOUS
10
-0.3659990157480315
20
0.293330905511811
11
-0.3659072440944882
21
0.2930911417322835
0
LINE
8
BLACK
6
CONTINUOUS
10
-0.3659072440944882
20
0.2930911417322835
11
-0.3659057480314961
21
0.2930698818897638
0
LINE
8
BLACK
6
CONTINUOUS
10
-0.3659057480314961
20
0.2930698818897638
11
-0.3658905511811024
21
0.2930273622047244
0
LINE
8
BLACK
6
CONTINUOUS
10
-0.3658905511811024
20
0.2930273622047244
11
-0.3640157874015748
21
0.2855283070866141
0
LINE
8
BLACK
6
CONTINUOUS
10
-0.3640157874015748
20
0.2855283070866141
11
-0.3640010236220472
21
0.2854284645669291
0
LINE
8
BLACK
6
CONTINUOUS
10
-0.3640010236220472
20
0.2854284645669291
11
-0.3639843700787401
21
0.2853882283464567
0
LINE
8
BLACK
6
CONTINUOUS
10
-0.3639843700787401
20
0.2853882283464567
11
-0.363963031496063
21
0.2851712204724409
0
LINE
8
BLACK
6
CONTINUOUS
10
-0.363963031496063
20
0.2851712204724409
11
-0.3639311417322835
21
0.2849557086614173
0
LINE
8
BLACK
6
CONTINUOUS
10
-0.3639311417322835
20
0.2849557086614173
11
-0.3639375590551181
21
0.284912716535433
0
LINE
8
BLACK
6
CONTINUOUS
10
-0.3639375590551181
20
0.284912716535433
11
-0.3639276377952756
21
0.2848121653543307
0
LINE
8
BLACK
6
CONTINUOUS
10
-0.3639276377952756
20
0.2848121653543307
11
-0.3639276377952756
21
0.2754383464566929
0
LINE
8
BLACK
6
CONTINUOUS
10
-0.3639276377952756
20
0.2754383464566929
11
-0.3639375590551181
21
0.2753378346456693
0
LINE
8
BLACK
6
CONTINUOUS
10
-0.3639375590551181
20
0.2753378346456693
11
-0.3639311417322835
21
0.2752948031496063
0
LINE
8
BLACK
6
CONTINUOUS
10
-0.3639311417322835
20
0.2752948031496063
11
-0.363963031496063
21
0.2750793307086614
0
LINE
8
BLACK
6
CONTINUOUS
10
-0.363963031496063
20
0.2750793307086614
11
-0.3639843700787401
21
0.2748622834645669
0
LINE
8
BLACK
6
CONTINUOUS
10
-0.3639843700787401
20
0.2748622834645669
11
-0.3640010236220472
21
0.2748220866141732
0
LINE
8
BLACK
6
CONTINUOUS
10
-0.3640010236220472
20
0.2748220866141732
11
-0.3640157874015748
21
0.2747222047244094
0
LINE
8
BLACK
6
CONTINUOUS
10
-0.3640157874015748
20
0.2747222047244094
11
-0.3658905511811024
21
0.2672231496062992
0
LINE
8
BLACK
6
CONTINUOUS
10
-0.3658905511811024
20
0.2672231496062992
11
-0.3659057480314961
21
0.2671806692913386
0
LINE
8
BLACK
6
CONTINUOUS
10
-0.3659057480314961
20
0.2671806692913386
11
-0.3659072440944882
21
0.2671593700787401
0
LINE
8
BLACK
6
CONTINUOUS
10
-0.3659072440944882
20
0.2671593700787401
11
-0.3659990157480315
21
0.2669196456692913
0
LINE
8
BLACK
6
CONTINUOUS
10
-0.3659990157480315
20
0.2669196456692913
11
-0.3660853149606299
21
0.266678031496063
0
LINE
8
BLACK
6
CONTINUOUS
10
-0.3660853149606299
20
0.266678031496063
11
-0.366098031496063
21
0.266660905511811
0
LINE
8
BLACK
6
CONTINUOUS
10
-0.366098031496063
20
0.266660905511811
11
-0.3661141338582677
21
0.266618779527559
0
LINE
8
BLACK
6
CONTINUOUS
10
-0.3661141338582677
20
0.266618779527559
11
-0.3679888976377952
21
0.2628692519685039
0
LINE
8
BLACK
6
CONTINUOUS
10
-0.3679888976377952
20
0.2628692519685039
11
-0.3681449606299212
21
0.2626213779527559
0
LINE
8
BLACK
6
CONTINUOUS
10
-0.3681449606299212
20
0.2626213779527559
11
-0.3681747637795276
21
0.2625493307086614
0
LINE
8
BLACK
6
CONTINUOUS
10
-0.3681747637795276
20
0.2625493307086614
11
-0.3682412992125984
21
0.2624683070866142
0
LINE
8
BLACK
6
CONTINUOUS
10
-0.3682412992125984
20
0.2624683070866142
11
-0.3682972440944882
21
0.2623793700787401
0
LINE
8
BLACK
6
CONTINUOUS
10
-0.3682972440944882
20
0.2623793700787401
11
-0.3683562598425197
21
0.2623282283464567
0
LINE
8
BLACK
6
CONTINUOUS
10
-0.3683562598425197
20
0.2623282283464567
11
-0.3685420078740158
21
0.2621018503937008
0
LINE
8
BLACK
6
CONTINUOUS
10
-0.3685420078740158
20
0.2621018503937008
11
-0.3704167322834646
21
0.2602270866141732
0
LINE
8
BLACK
6
CONTINUOUS
10
-0.3704167322834646
20
0.2602270866141732
11
-0.3706431102362205
21
0.2600413385826771
0
LINE
8
BLACK
6
CONTINUOUS
10
-0.3706431102362205
20
0.2600413385826771
11
-0.3706942913385827
21
0.2599822834645669
0
LINE
8
BLACK
6
CONTINUOUS
10
-0.3706942913385827
20
0.2599822834645669
11
-0.3707832677165354
21
0.2599262992125984
0
LINE
8
BLACK
6
CONTINUOUS
10
-0.3707832677165354
20
0.2599262992125984
11
-0.3708642125984252
21
0.259859842519685
0
LINE
8
BLACK
6
CONTINUOUS
10
-0.3708642125984252
20
0.259859842519685
11
-0.3709361811023622
21
0.2598300393700788
0
LINE
8
BLACK
6
CONTINUOUS
10
-0.3709361811023622
20
0.2598300393700788
11
-0.3711841732283465
21
0.259673937007874
0
LINE
8
BLACK
6
CONTINUOUS
10
-0.3711841732283465
20
0.259673937007874
11
-0.3749337007874016
21
0.2577991732283464
0
LINE
8
BLACK
6
CONTINUOUS
10
-0.3749337007874016
20
0.2577991732283464
11
-0.3754743307086614
21
0.2575922834645669
0
LINE
8
BLACK
6
CONTINUOUS
10
-0.3754743307086614
20
0.2575922834645669
11
-0.3755801574803149
21
0.2575848031496063
0
LINE
8
BLACK
6
CONTINUOUS
10
-0.3755801574803149
20
0.2575848031496063
11
-0.3756781496062992
21
0.2575441732283464
0
LINE
8
BLACK
6
CONTINUOUS
10
-0.3756781496062992
20
0.2575441732283464
11
-0.3762542125984252
21
0.2574874409448819
0
LINE
8
BLACK
6
CONTINUOUS
10
-0.3762542125984252
20
0.2574874409448819
11
-0.3800037401574803
21
0.2574874409448819
0
LINE
8
BLACK
6
CONTINUOUS
10
-0.3800037401574803
20
0.2574874409448819
11
-0.3805798031496063
21
0.2575441732283464
0
LINE
8
BLACK
6
CONTINUOUS
10
-0.3805798031496063
20
0.2575441732283464
11
-0.3806777952755905
21
0.2575847637795275
0
LINE
8
BLACK
6
CONTINUOUS
10
-0.3806777952755905
20
0.2575847637795275
11
-0.3807836614173228
21
0.2575922834645669
0
LINE
8
BLACK
6
CONTINUOUS
10
-0.3807836614173228
20
0.2575922834645669
11
-0.3813242519685039
21
0.2577991732283464
0
LINE
8
BLACK
6
CONTINUOUS
10
-0.3813242519685039
20
0.2577991732283464
11
-0.3850737795275591
21
0.259673937007874
0
LINE
8
BLACK
6
CONTINUOUS
10
-0.3850737795275591
20
0.259673937007874
11
-0.3853218110236221
21
0.2598300393700788
0
LINE
8
BLACK
6
CONTINUOUS
10
-0.3853218110236221
20
0.2598300393700788
11
-0.3853937401574803
21
0.259859842519685
0
LINE
8
BLACK
6
CONTINUOUS
10
-0.3853937401574803
20
0.259859842519685
11
-0.3854747244094488
21
0.2599262992125984
0
LINE
8
BLACK
6
CONTINUOUS
10
-0.3854747244094488
20
0.2599262992125984
11
-0.3855636614173228
21
0.2599822834645669
0
LINE
8
BLACK
6
CONTINUOUS
10
-0.3855636614173228
20
0.2599822834645669
11
-0.3856148818897638
21
0.2600413385826771
0
LINE
8
BLACK
6
CONTINUOUS
10
-0.3856148818897638
20
0.2600413385826771
11
-0.385841220472441
21
0.2602270866141732
0
LINE
8
BLACK
6
CONTINUOUS
10
-0.385841220472441
20
0.2602270866141732
11
-0.3877159842519685
21
0.2621018897637795
0
LINE
8
BLACK
6
CONTINUOUS
10
-0.3877159842519685
20
0.2621018897637795
11
-0.3879017322834646
21
0.2623282283464567
0
LINE
8
BLACK
6
CONTINUOUS
10
-0.3879017322834646
20
0.2623282283464567
11
-0.3879607086614173
21
0.2623793700787401
0
LINE
8
BLACK
6
CONTINUOUS
10
-0.3879607086614173
20
0.2623793700787401
11
-0.3880166929133858
21
0.2624683070866142
0
LINE
8
BLACK
6
CONTINUOUS
10
-0.3880166929133858
20
0.2624683070866142
11
-0.3880831889763779
21
0.2625493307086614
0
LINE
8
BLACK
6
CONTINUOUS
10
-0.3880831889763779
20
0.2625493307086614
11
-0.388113031496063
21
0.2626213779527559
0
LINE
8
BLACK
6
CONTINUOUS
10
-0.388113031496063
20
0.2626213779527559
11
-0.3882690551181102
21
0.2628692519685039
0
LINE
8
BLACK
6
CONTINUOUS
10
-0.3882690551181102
20
0.2628692519685039
11
-0.3901438188976378
21
0.266618779527559
0
LINE
8
BLACK
6
CONTINUOUS
10
-0.3901438188976378
20
0.266618779527559
11
-0.3901599606299213
21
0.266660905511811
0
LINE
8
BLACK
6
CONTINUOUS
10
-0.3901599606299213
20
0.266660905511811
11
-0.3901726377952756
21
0.266678031496063
0
LINE
8
BLACK
6
CONTINUOUS
10
-0.3901726377952756
20
0.266678031496063
11
-0.390259094488189
21
0.26692
0
LINE
8
BLACK
6
CONTINUOUS
10
-0.390259094488189
20
0.26692
11
-0.3903507086614173
21
0.2671594094488189
0
LINE
8
BLACK
6
CONTINUOUS
10
-0.3903507086614173
20
0.2671594094488189
11
-0.3903522440944882
21
0.2671806692913386
0
LINE
8
BLACK
6
CONTINUOUS
10
-0.3903522440944882
20
0.2671806692913386
11
-0.3903674015748032
21
0.2672231496062992
0
LINE
8
BLACK
6
CONTINUOUS
10
-0.3903674015748032
20
0.2672231496062992
11
-0.3922421653543307
21
0.2747222047244094
0
LINE
8
BLACK
6
CONTINUOUS
10
-0.3922421653543307
20
0.2747222047244094
11
-0.392256968503937
21
0.2748220866141732
0
LINE
8
BLACK
6
CONTINUOUS
10
-0.392256968503937
20
0.2748220866141732
11
-0.3922735826771653
21
0.2748622834645669
0
LINE
8
BLACK
6
CONTINUOUS
10
-0.3922735826771653
20
0.2748622834645669
11
-0.3922949606299213
21
0.2750793307086614
0
LINE
8
BLACK
6
CONTINUOUS
10
-0.3922949606299213
20
0.2750793307086614
11
-0.392326811023622
21
0.2752948031496063
0
LINE
8
BLACK
6
CONTINUOUS
10
-0.392326811023622
20
0.2752948031496063
11
-0.3923204330708661
21
0.2753378346456693
0
LINE
8
BLACK
6
CONTINUOUS
10
-0.3923204330708661
20
0.2753378346456693
11
-0.3923303149606299
21
0.2754383464566929
0
LINE
8
BLACK
6
CONTINUOUS
10
-0.3923303149606299
20
0.2754383464566929
11
-0.3923303149606299
21
0.2848121653543307
0
LINE
8
BLACK
6
CONTINUOUS
10
-0.3923303149606299
20
0.2848121653543307
11
-0.3923204330708661
21
0.284912716535433
0
LINE
8
BLACK
6
CONTINUOUS
10
-0.3923204330708661
20
0.284912716535433
11
-0.392326811023622
21
0.2849557086614173
0
LINE
8
BLACK
6
CONTINUOUS
10
-0.392326811023622
20
0.2849557086614173
11
-0.3922949606299213
21
0.2851712204724409
0
LINE
8
BLACK
6
CONTINUOUS
10
-0.3922949606299213
20
0.2851712204724409
11
-0.3922735826771653
21
0.2853882283464567
0
LINE
8
BLACK
6
CONTINUOUS
10
-0.3922735826771653
20
0.2853882283464567
11
-0.392256968503937
21
0.2854284645669291
0
LINE
8
BLACK
6
CONTINUOUS
10
-0.392256968503937
20
0.2854284645669291
11
-0.3922421653543307
21
0.2855283070866141
0
LINE
8
BLACK
6
CONTINUOUS
10
-0.3922421653543307
20
0.2855283070866141
11
-0.3903674015748032
21
0.2930273622047244
0
LINE
8
BLACK
6
CONTINUOUS
10
-0.3903674015748032
20
0.2930273622047244
11
-0.3903522440944882
21
0.2930698818897638
0
LINE
8
BLACK
6
CONTINUOUS
10
-0.3903522440944882
20
0.2930698818897638
11
-0.3903507086614173
21
0.2930911023622047
0
LINE
8
BLACK
6
CONTINUOUS
10
-0.3903507086614173
20
0.2930911023622047
11
-0.390259094488189
21
0.2933305511811024
0
LINE
8
BLACK
6
CONTINUOUS
10
-0.390259094488189
20
0.2933305511811024
11
-0.3901726377952756
21
0.2935724803149606
0
LINE
8
BLACK
6
CONTINUOUS
10
-0.3901726377952756
20
0.2935724803149606
11
-0.3901599606299213
21
0.2935896456692914
0
LINE
8
BLACK
6
CONTINUOUS
10
-0.3901599606299213
20
0.2935896456692914
11
-0.3901438188976378
21
0.2936317322834646
0
LINE
8
BLACK
6
CONTINUOUS
10
-0.3901438188976378
20
0.2936317322834646
11
-0.3882690551181102
21
0.2973812598425197
0
LINE
8
BLACK
6
CONTINUOUS
10
-0.3882690551181102
20
0.2973812598425197
11
-0.3881129921259843
21
0.2976292913385827
0
LINE
8
BLACK
6
CONTINUOUS
10
-0.3881129921259843
20
0.2976292913385827
11
-0.3880831496062992
21
0.297701220472441
0
LINE
8
BLACK
6
CONTINUOUS
10
-0.3880831496062992
20
0.297701220472441
11
-0.3880166929133858
21
0.2977822047244094
0
LINE
8
BLACK
6
CONTINUOUS
10
-0.3880166929133858
20
0.2977822047244094
11
-0.3879607086614173
21
0.2978711417322835
0
LINE
8
BLACK
6
CONTINUOUS
10
-0.3879607086614173
20
0.2978711417322835
11
-0.3879017322834646
21
0.2979223228346456
0
LINE
8
BLACK
6
CONTINUOUS
10
-0.3879017322834646
20
0.2979223228346456
11
-0.3877159448818898
21
0.2981486614173228
0
LINE
8
BLACK
6
CONTINUOUS
10
-0.3877159448818898
20
0.2981486614173228
11
-0.3858411811023622
21
0.3000234251968504
0
LINE
8
BLACK
6
CONTINUOUS
10
-0.3858411811023622
20
0.3000234251968504
11
-0.385614842519685
21
0.3002092125984252
0
LINE
8
BLACK
6
CONTINUOUS
10
-0.385614842519685
20
0.3002092125984252
11
-0.3855636614173228
21
0.300268188976378
0
LINE
8
BLACK
6
CONTINUOUS
10
-0.3855636614173228
20
0.300268188976378
11
-0.3854747244094488
21
0.3003241732283464
0
LINE
8
BLACK
6
CONTINUOUS
10
-0.3854747244094488
20
0.3003241732283464
11
-0.3853937401574803
21
0.3003906299212598
0
LINE
8
BLACK
6
CONTINUOUS
10
-0.3853937401574803
20
0.3003906299212598
11
-0.3853218110236221
21
0.3004204724409449
0
LINE
8
BLACK
6
CONTINUOUS
10
-0.3853218110236221
20
0.3004204724409449
11
-0.3850737795275591
21
0.3005765354330708
0
LINE
8
BLACK
6
CONTINUOUS
10
-0.3850737795275591
20
0.3005765354330708
11
-0.3813242519685039
21
0.3024512992125984
0
LINE
8
BLACK
6
CONTINUOUS
10
-0.3813242519685039
20
0.3024512992125984
11
-0.3807836614173228
21
0.302658188976378
0
LINE
8
BLACK
6
CONTINUOUS
10
-0.3807836614173228
20
0.302658188976378
11
-0.3806777952755905
21
0.302665748031496
0
LINE
8
BLACK
6
CONTINUOUS
10
-0.3806777952755905
20
0.302665748031496
11
-0.3805798031496063
21
0.3027062992125984
0
LINE
8
BLACK
6
CONTINUOUS
10
-0.3805798031496063
20
0.3027062992125984
11
-0.3800037401574803
21
0.302763031496063
0
LINE
8
BLACK
6
CONTINUOUS
10
-0.3800037401574803
20
0.302763031496063
11
-0.3762542125984252
21
0.302763031496063
0
LINE
8
BLACK
6
CONTINUOUS
10
-0.3762542125984252
20
0.302763031496063
11
-0.3756781496062992
21
0.3027062992125984
0
LINE
8
BLACK
6
CONTINUOUS
10
-0.3820041732283465
20
0.2955087795275591
11
-0.3832012992125984
21
0.2943116535433071
0
LINE
8
BLACK
6
CONTINUOUS
10
-0.3832012992125984
20
0.2943116535433071
11
-0.384716811023622
21
0.2912806692913386
0
LINE
8
BLACK
6
CONTINUOUS
10
-0.384716811023622
20
0.2912806692913386
11
-0.3864248031496063
21
0.2844486220472441
0
LINE
8
BLACK
6
CONTINUOUS
10
-0.3864248031496063
20
0.2844486220472441
11
-0.3864248031496063
21
0.2758018897637795
0
LINE
8
BLACK
6
CONTINUOUS
10
-0.3864248031496063
20
0.2758018897637795
11
-0.384716811023622
21
0.268969842519685
0
LINE
8
BLACK
6
CONTINUOUS
10
-0.384716811023622
20
0.268969842519685
11
-0.3832012992125984
21
0.2659388582677165
0
LINE
8
BLACK
6
CONTINUOUS
10
-0.3832012992125984
20
0.2659388582677165
11
-0.3820041732283465
21
0.2647416929133858
0
LINE
8
BLACK
6
CONTINUOUS
10
-0.3820041732283465
20
0.2647416929133858
11
-0.3793066929133858
21
0.2633929527559055
0
LINE
8
BLACK
6
CONTINUOUS
10
-0.3793066929133858
20
0.2633929527559055
11
-0.3769512598425197
21
0.2633929527559055
0
LINE
8
BLACK
6
CONTINUOUS
10
-0.3769512598425197
20
0.2633929527559055
11
-0.3742538188976378
21
0.2647416929133858
0
LINE
8
BLACK
6
CONTINUOUS
10
-0.3742538188976378
20
0.2647416929133858
11
-0.3730566929133858
21
0.2659388582677165
0
LINE
8
BLACK
6
CONTINUOUS
10
-0.3730566929133858
20
0.2659388582677165
11
-0.3715411811023622
21
0.268969842519685
0
LINE
8
BLACK
6
CONTINUOUS
10
-0.3715411811023622
20
0.268969842519685
11
-0.3698331496062992
21
0.2758018897637795
0
LINE
8
BLACK
6
CONTINUOUS
10
-0.3698331496062992
20
0.2758018897637795
11
-0.3698331496062992
21
0.2844486220472441
0
LINE
8
BLACK
6
CONTINUOUS
10
-0.3698331496062992
20
0.2844486220472441
11
-0.3715411811023622
21
0.2912806692913386
0
LINE
8
BLACK
6
CONTINUOUS
10
-0.3715411811023622
20
0.2912806692913386
11
-0.3730566535433071
21
0.2943116535433071
0
LINE
8
BLACK
6
CONTINUOUS
10
-0.3730566535433071
20
0.2943116535433071
11
-0.3742537795275591
21
0.2955087795275591
0
LINE
8
BLACK
6
CONTINUOUS
10
-0.3742537795275591
20
0.2955087795275591
11
-0.3769512598425197
21
0.2968575196850394
0
LINE
8
BLACK
6
CONTINUOUS
10
-0.3769512598425197
20
0.2968575196850394
11
-0.3793066929133858
21
0.2968575196850394
0
LINE
8
BLACK
6
CONTINUOUS
10
-0.3793066929133858
20
0.2968575196850394
11
-0.3820041732283465
21
0.2955087795275591
0
LINE
8
BLACK
6
CONTINUOUS
10
-0.3363080708661417
20
0.3027062992125984
11
-0.3362100787401575
21
0.3026657086614173
0
LINE
8
BLACK
6
CONTINUOUS
10
-0.3362100787401575
20
0.3026657086614173
11
-0.3361042519685039
21
0.302658188976378
0
LINE
8
BLACK
6
CONTINUOUS
10
-0.3361042519685039
20
0.302658188976378
11
-0.3355636220472441
21
0.3024512992125984
0
LINE
8
BLACK
6
CONTINUOUS
10
-0.3355636220472441
20
0.3024512992125984
11
-0.331814094488189
21
0.3005765354330708
0
LINE
8
BLACK
6
CONTINUOUS
10
-0.331814094488189
20
0.3005765354330708
11
-0.3315661023622047
21
0.3004204724409449
0
LINE
8
BLACK
6
CONTINUOUS
10
-0.3315661023622047
20
0.3004204724409449
11
-0.3314941338582677
21
0.3003906299212598
0
LINE
8
BLACK
6
CONTINUOUS
10
-0.3314941338582677
20
0.3003906299212598
11
-0.3314131889763779
21
0.3003241732283464
0
LINE
8
BLACK
6
CONTINUOUS
10
-0.3314131889763779
20
0.3003241732283464
11
-0.3313242125984252
21
0.300268188976378
0
LINE
8
BLACK
6
CONTINUOUS
10
-0.3313242125984252
20
0.300268188976378
11
-0.3312730708661417
21
0.3002092125984252
0
LINE
8
BLACK
6
CONTINUOUS
10
-0.3312730708661417
20
0.3002092125984252
11
-0.3310466929133858
21
0.3000234251968504
0
LINE
8
BLACK
6
CONTINUOUS
10
-0.3310466929133858
20
0.3000234251968504
11
-0.3291719291338583
21
0.2981486614173228
0
LINE
8
BLACK
6
CONTINUOUS
10
-0.3291719291338583
20
0.2981486614173228
11
-0.3289861811023622
21
0.2979223228346456
0
LINE
8
BLACK
6
CONTINUOUS
10
-0.3289861811023622
20
0.2979223228346456
11
-0.3289271653543307
21
0.2978711417322835
0
LINE
8
BLACK
6
CONTINUOUS
10
-0.3289271653543307
20
0.2978711417322835
11
-0.3288712204724409
21
0.2977822047244094
0
LINE
8
BLACK
6
CONTINUOUS
10
-0.3288712204724409
20
0.2977822047244094
11
-0.3288047244094488
21
0.297701220472441
0
LINE
8
BLACK
6
CONTINUOUS
10
-0.3288047244094488
20
0.297701220472441
11
-0.3287749212598425
21
0.2976292913385827
0
LINE
8
BLACK
6
CONTINUOUS
10
-0.3287749212598425
20
0.2976292913385827
11
-0.3286188188976378
21
0.2973812598425197
0
LINE
8
BLACK
6
CONTINUOUS
10
-0.3286188188976378
20
0.2973812598425197
11
-0.3267440551181102
21
0.2936317322834646
0
LINE
8
BLACK
6
CONTINUOUS
10
-0.3267440551181102
20
0.2936317322834646
11
-0.3265371653543307
21
0.2930911417322835
0
LINE
8
BLACK
6
CONTINUOUS
10
-0.3265371653543307
20
0.2930911417322835
11
-0.3265296456692913
21
0.2929852755905512
0
LINE
8
BLACK
6
CONTINUOUS
10
-0.3265296456692913
20
0.2929852755905512
11
-0.3264890551181102
21
0.2928872834645669
0
LINE
8
BLACK
6
CONTINUOUS
10
-0.3264890551181102
20
0.2928872834645669
11
-0.3264323228346457
21
0.292311220472441
0
LINE
8
BLACK
6
CONTINUOUS
10
-0.3264323228346457
20
0.292311220472441
11
-0.3264323228346457
21
0.2904364566929134
0
LINE
8
BLACK
6
CONTINUOUS
10
-0.3264323228346457
20
0.2904364566929134
11
-0.3264890551181102
21
0.2898603937007874
0
LINE
8
BLACK
6
CONTINUOUS
10
-0.3264890551181102
20
0.2898603937007874
11
-0.3265296456692913
21
0.2897624409448819
0
LINE
8
BLACK
6
CONTINUOUS
10
-0.3265296456692913
20
0.2897624409448819
11
-0.3265371653543307
21
0.2896565354330708
0
LINE
8
BLACK
6
CONTINUOUS
10
-0.3265371653543307
20
0.2896565354330708
11
-0.3267440551181102
21
0.2891159448818897
0
LINE
8
BLACK
6
CONTINUOUS
10
-0.3267440551181102
20
0.2891159448818897
11
-0.3286188188976378
21
0.2853664173228346
0
LINE
8
BLACK
6
CONTINUOUS
10
-0.3286188188976378
20
0.2853664173228346
11
-0.3287749212598425
21
0.2851184251968504
0
LINE
8
BLACK
6
CONTINUOUS
10
-0.3287749212598425
20
0.2851184251968504
11
-0.3288047244094488
21
0.2850464566929134
0
LINE
8
BLACK
6
CONTINUOUS
10
-0.3288047244094488
20
0.2850464566929134
11
-0.3288712204724409
21
0.2849655118110236
0
LINE
8
BLACK
6
CONTINUOUS
10
-0.3288712204724409
20
0.2849655118110236
11
-0.3289271653543307
21
0.2848765354330708
0
LINE
8
BLACK
6
CONTINUOUS
10
-0.3289271653543307
20
0.2848765354330708
11
-0.3289861811023622
21
0.2848253937007874
0
LINE
8
BLACK
6
CONTINUOUS
10
-0.3289861811023622
20
0.2848253937007874
11
-0.3291719291338583
21
0.2845990157480315
0
LINE
8
BLACK
6
CONTINUOUS
10
-0.3291719291338583
20
0.2845990157480315
11
-0.3308335433070866
21
0.2829374015748031
0
LINE
8
BLACK
6
CONTINUOUS
10
-0.3308335433070866
20
0.2829374015748031
11
-0.3291719291338583
21
0.2812757874015748
0
LINE
8
BLACK
6
CONTINUOUS
10
-0.3291719291338583
20
0.2812757874015748
11
-0.3289861811023622
21
0.2810494488188977
0
LINE
8
BLACK
6
CONTINUOUS
10
-0.3289861811023622
20
0.2810494488188977
11
-0.3289271653543307
21
0.2809982677165354
0
LINE
8
BLACK
6
CONTINUOUS
10
-0.3289271653543307
20
0.2809982677165354
11
-0.3288712204724409
21
0.2809093307086614
0
LINE
8
BLACK
6
CONTINUOUS
10
-0.3288712204724409
20
0.2809093307086614
11
-0.3288047244094488
21
0.2808283464566929
0
LINE
8
BLACK
6
CONTINUOUS
10
-0.3288047244094488
20
0.2808283464566929
11
-0.3287749212598425
21
0.2807564173228346
0
LINE
8
BLACK
6
CONTINUOUS
10
-0.3287749212598425
20
0.2807564173228346
11
-0.3286188188976378
21
0.2805083858267716
0
LINE
8
BLACK
6
CONTINUOUS
10
-0.3286188188976378
20
0.2805083858267716
11
-0.3267440551181102
21
0.2767588582677165
0
LINE
8
BLACK
6
CONTINUOUS
10
-0.3267440551181102
20
0.2767588582677165
11
-0.3265371653543307
21
0.2762182677165354
0
LINE
8
BLACK
6
CONTINUOUS
10
-0.3265371653543307
20
0.2762182677165354
11
-0.3265296456692913
21
0.2761124015748032
0
LINE
8
BLACK
6
CONTINUOUS
10
-0.3265296456692913
20
0.2761124015748032
11
-0.3264890551181102
21
0.2760144094488189
0
LINE
8
BLACK
6
CONTINUOUS
10
-0.3264890551181102
20
0.2760144094488189
11
-0.3264323228346457
21
0.2754383464566929
0
LINE
8
BLACK
6
CONTINUOUS
10
-0.3264323228346457
20
0.2754383464566929
11
-0.3264323228346457
21
0.2679392913385827
0
LINE
8
BLACK
6
CONTINUOUS
10
-0.3264323228346457
20
0.2679392913385827
11
-0.3264890551181102
21
0.2673632283464567
0
LINE
8
BLACK
6
CONTINUOUS
10
-0.3264890551181102
20
0.2673632283464567
11
-0.3265296456692913
21
0.2672652755905512
0
LINE
8
BLACK
6
CONTINUOUS
10
-0.3265296456692913
20
0.2672652755905512
11
-0.3265371653543307
21
0.2671593700787401
0
LINE
8
BLACK
6
CONTINUOUS
10
-0.3265371653543307
20
0.2671593700787401
11
-0.3267440551181102
21
0.266618779527559
0
LINE
8
BLACK
6
CONTINUOUS
10
-0.3267440551181102
20
0.266618779527559
11
-0.3286188188976378
21
0.2628692519685039
0
LINE
8
BLACK
6
CONTINUOUS
10
-0.3286188188976378
20
0.2628692519685039
11
-0.3287748818897638
21
0.2626213779527559
0
LINE
8
BLACK
6
CONTINUOUS
10
-0.3287748818897638
20
0.2626213779527559
11
-0.32880468503937
21
0.2625493307086614
0
LINE
8
BLACK
6
CONTINUOUS
10
-0.32880468503937
20
0.2625493307086614
11
-0.3288712204724409
21
0.2624683070866142
0
LINE
8
BLACK
6
CONTINUOUS
10
-0.3288712204724409
20
0.2624683070866142
11
-0.3289271653543307
21
0.2623793700787401
0
LINE
8
BLACK
6
CONTINUOUS
10
-0.3289271653543307
20
0.2623793700787401
11
-0.3289861811023622
21
0.2623282283464567
0
LINE
8
BLACK
6
CONTINUOUS
10
-0.3289861811023622
20
0.2623282283464567
11
-0.3291719291338583
21
0.2621018503937008
0
LINE
8
BLACK
6
CONTINUOUS
10
-0.3291719291338583
20
0.2621018503937008
11
-0.3310466535433071
21
0.2602270866141732
0
LINE
8
BLACK
6
CONTINUOUS
10
-0.3310466535433071
20
0.2602270866141732
11
-0.331273031496063
21
0.2600413385826771
0
LINE
8
BLACK
6
CONTINUOUS
10
-0.331273031496063
20
0.2600413385826771
11
-0.3313242125984252
21
0.2599822834645669
0
LINE
8
BLACK
6
CONTINUOUS
10
-0.3313242125984252
20
0.2599822834645669
11
-0.3314131889763779
21
0.2599262992125984
0
LINE
8
BLACK
6
CONTINUOUS
10
-0.3314131889763779
20
0.2599262992125984
11
-0.3314941338582677
21
0.259859842519685
0
LINE
8
BLACK
6
CONTINUOUS
10
-0.3314941338582677
20
0.259859842519685
11
-0.3315661023622047
21
0.2598300393700788
0
LINE
8
BLACK
6
CONTINUOUS
10
-0.3315661023622047
20
0.2598300393700788
11
-0.331814094488189
21
0.259673937007874
0
LINE
8
BLACK
6
CONTINUOUS
10
-0.331814094488189
20
0.259673937007874
11
-0.3355636220472441
21
0.2577991732283464
0
LINE
8
BLACK
6
CONTINUOUS
10
-0.3355636220472441
20
0.2577991732283464
11
-0.3361042519685039
21
0.2575922834645669
0
LINE
8
BLACK
6
CONTINUOUS
10
-0.3361042519685039
20
0.2575922834645669
11
-0.3362100787401575
21
0.2575848031496063
0
LINE
8
BLACK
6
CONTINUOUS
10
-0.3362100787401575
20
0.2575848031496063
11
-0.3363080708661417
21
0.2575441732283464
0
LINE
8
BLACK
6
CONTINUOUS
10
-0.3363080708661417
20
0.2575441732283464
11
-0.3368841338582677
21
0.2574874409448819
0
LINE
8
BLACK
6
CONTINUOUS
10
-0.3368841338582677
20
0.2574874409448819
11
-0.3443831889763779
21
0.2574874409448819
0
LINE
8
BLACK
6
CONTINUOUS
10
-0.3443831889763779
20
0.2574874409448819
11
-0.3449592519685039
21
0.2575441732283464
0
LINE
8
BLACK
6
CONTINUOUS
10
-0.3449592519685039
20
0.2575441732283464
11
-0.3450572440944882
21
0.2575847637795275
0
LINE
8
BLACK
6
CONTINUOUS
10
-0.3450572440944882
20
0.2575847637795275
11
-0.3451631102362205
21
0.2575922834645669
0
LINE
8
BLACK
6
CONTINUOUS
10
-0.3451631102362205
20
0.2575922834645669
11
-0.3457037007874016
21
0.2577991732283464
0
LINE
8
BLACK
6
CONTINUOUS
10
-0.3457037007874016
20
0.2577991732283464
11
-0.3494532283464567
21
0.259673937007874
0
LINE
8
BLACK
6
CONTINUOUS
10
-0.3494532283464567
20
0.259673937007874
11
-0.3497012598425197
21
0.2598300393700788
0
LINE
8
BLACK
6
CONTINUOUS
10
-0.3497012598425197
20
0.2598300393700788
11
-0.3497731889763779
21
0.259859842519685
0
LINE
8
BLACK
6
CONTINUOUS
10
-0.3497731889763779
20
0.259859842519685
11
-0.3498541732283464
21
0.2599262992125984
0
LINE
8
BLACK
6
CONTINUOUS
10
-0.3498541732283464
20
0.2599262992125984
11
-0.3499431102362205
21
0.2599822834645669
0
LINE
8
BLACK
6
CONTINUOUS
10
-0.3499431102362205
20
0.2599822834645669
11
-0.3499943307086614
21
0.2600413385826771
0
LINE
8
BLACK
6
CONTINUOUS
10
-0.3499943307086614
20
0.2600413385826771
11
-0.3502206692913385
21
0.2602270866141732
0
LINE
8
BLACK
6
CONTINUOUS
10
-0.3502206692913385
20
0.2602270866141732
11
-0.3520954330708662
21
0.2621018897637795
0
LINE
8
BLACK
6
CONTINUOUS
10
-0.3520954330708662
20
0.2621018897637795
11
-0.3522811811023622
21
0.2623282283464567
0
LINE
8
BLACK
6
CONTINUOUS
10
-0.3522811811023622
20
0.2623282283464567
11
-0.3523401574803149
21
0.2623793700787401
0
LINE
8
BLACK
6
CONTINUOUS
10
-0.3523401574803149
20
0.2623793700787401
11
-0.3523961417322835
21
0.2624683070866142
0
LINE
8
BLACK
6
CONTINUOUS
10
-0.3523961417322835
20
0.2624683070866142
11
-0.3524626377952756
21
0.2625493307086614
0
LINE
8
BLACK
6
CONTINUOUS
10
-0.3524626377952756
20
0.2625493307086614
11
-0.3524924803149606
21
0.2626213779527559
0
LINE
8
BLACK
6
CONTINUOUS
10
-0.3524924803149606
20
0.2626213779527559
11
-0.3526485039370079
21
0.2628692519685039
0
LINE
8
BLACK
6
CONTINUOUS
10
-0.3526485039370079
20
0.2628692519685039
11
-0.3545232677165354
21
0.266618779527559
0
LINE
8
BLACK
6
CONTINUOUS
10
-0.3545232677165354
20
0.266618779527559
11
-0.3547301574803149
21
0.2671594094488189
0
LINE
8
BLACK
6
CONTINUOUS
10
-0.3547301574803149
20
0.2671594094488189
11
-0.3547376771653543
21
0.2672652362204724
0
LINE
8
BLACK
6
CONTINUOUS
10
-0.3547376771653543
20
0.2672652362204724
11
-0.3547782677165354
21
0.2673632283464567
0
LINE
8
BLACK
6
CONTINUOUS
10
-0.3547782677165354
20
0.2673632283464567
11
-0.354835
21
0.2679392913385827
0
LINE
8
BLACK
6
CONTINUOUS
10
-0.354835
20
0.2679392913385827
11
-0.354835
21
0.2754383464566929
0
LINE
8
BLACK
6
CONTINUOUS
10
-0.354835
20
0.2754383464566929
11
-0.3547782677165354
21
0.2760144094488189
0
LINE
8
BLACK
6
CONTINUOUS
10
-0.3547782677165354
20
0.2760144094488189
11
-0.3547376771653543
21
0.2761124409448819
0
LINE
8
BLACK
6
CONTINUOUS
10
-0.3547376771653543
20
0.2761124409448819
11
-0.3547301574803149
21
0.2762182283464567
0
LINE
8
BLACK
6
CONTINUOUS
10
-0.3547301574803149
20
0.2762182283464567
11
-0.3545232677165354
21
0.2767588582677165
0
LINE
8
BLACK
6
CONTINUOUS
10
-0.3545232677165354
20
0.2767588582677165
11
-0.3526485039370079
21
0.2805083858267716
0
LINE
8
BLACK
6
CONTINUOUS
10
-0.3526485039370079
20
0.2805083858267716
11
-0.3524924409448819
21
0.2807564173228346
0
LINE
8
BLACK
6
CONTINUOUS
10
-0.3524924409448819
20
0.2807564173228346
11
-0.3524625984251968
21
0.2808283464566929
0
LINE
8
BLACK
6
CONTINUOUS
10
-0.3524625984251968
20
0.2808283464566929
11
-0.3523961417322835
21
0.2809093307086614
0
LINE
8
BLACK
6
CONTINUOUS
10
-0.3523961417322835
20
0.2809093307086614
11
-0.3523401574803149
21
0.2809982677165354
0
LINE
8
BLACK
6
CONTINUOUS
10
-0.3523401574803149
20
0.2809982677165354
11
-0.3522811811023622
21
0.2810494488188977
0
LINE
8
BLACK
6
CONTINUOUS
10
-0.3522811811023622
20
0.2810494488188977
11
-0.3520953937007874
21
0.2812757874015748
0
LINE
8
BLACK
6
CONTINUOUS
10
-0.3520953937007874
20
0.2812757874015748
11
-0.3504337795275591
21
0.2829374015748031
0
LINE
8
BLACK
6
CONTINUOUS
10
-0.3504337795275591
20
0.2829374015748031
11
-0.3520953937007874
21
0.2845990157480315
0
LINE
8
BLACK
6
CONTINUOUS
10
-0.3520953937007874
20
0.2845990157480315
11
-0.3522811811023622
21
0.2848253937007874
0
LINE
8
BLACK
6
CONTINUOUS
10
-0.3522811811023622
20
0.2848253937007874
11
-0.3523401574803149
21
0.2848765354330708
0
LINE
8
BLACK
6
CONTINUOUS
10
-0.3523401574803149
20
0.2848765354330708
11
-0.3523961417322835
21
0.2849655118110236
0
LINE
8
BLACK
6
CONTINUOUS
10
-0.3523961417322835
20
0.2849655118110236
11
-0.3524625984251968
21
0.2850464566929134
0
LINE
8
BLACK
6
CONTINUOUS
10
-0.3524625984251968
20
0.2850464566929134
11
-0.3524924409448819
21
0.2851184251968504
0
LINE
8
BLACK
6
CONTINUOUS
10
-0.3524924409448819
20
0.2851184251968504
11
-0.3526485039370079
21
0.2853664173228346
0
LINE
8
BLACK
6
CONTINUOUS
10
-0.3526485039370079
20
0.2853664173228346
11
-0.3545232677165354
21
0.2891159448818897
0
LINE
8
BLACK
6
CONTINUOUS
10
-0.3545232677165354
20
0.2891159448818897
11
-0.3547301574803149
21
0.2896565748031496
0
LINE
8
BLACK
6
CONTINUOUS
10
-0.3547301574803149
20
0.2896565748031496
11
-0.3547376771653543
21
0.2897624015748032
0
LINE
8
BLACK
6
CONTINUOUS
10
-0.3547376771653543
20
0.2897624015748032
11
-0.3547782677165354
21
0.2898603937007874
0
LINE
8
BLACK
6
CONTINUOUS
10
-0.3547782677165354
20
0.2898603937007874
11
-0.354835
21
0.2904364566929134
0
LINE
8
BLACK
6
CONTINUOUS
10
-0.354835
20
0.2904364566929134
11
-0.354835
21
0.292311220472441
0
LINE
8
BLACK
6
CONTINUOUS
10
-0.354835
20
0.292311220472441
11
-0.3547782677165354
21
0.2928872834645669
0
LINE
8
BLACK
6
CONTINUOUS
10
-0.3547782677165354
20
0.2928872834645669
11
-0.3547376771653543
21
0.2929853149606299
0
LINE
8
BLACK
6
CONTINUOUS
10
-0.3547376771653543
20
0.2929853149606299
11
-0.3547301574803149
21
0.2930911023622047
0
LINE
8
BLACK
6
CONTINUOUS
10
-0.3547301574803149
20
0.2930911023622047
11
-0.3545232677165354
21
0.2936317322834646
0
LINE
8
BLACK
6
CONTINUOUS
10
-0.3545232677165354
20
0.2936317322834646
11
-0.3526485039370079
21
0.2973812598425197
0
LINE
8
BLACK
6
CONTINUOUS
10
-0.3526485039370079
20
0.2973812598425197
11
-0.3524924409448819
21
0.2976292913385827
0
LINE
8
BLACK
6
CONTINUOUS
10
-0.3524924409448819
20
0.2976292913385827
11
-0.3524625984251968
21
0.297701220472441
0
LINE
8
BLACK
6
CONTINUOUS
10
-0.3524625984251968
20
0.297701220472441
11
-0.3523961417322835
21
0.2977822047244094
0
LINE
8
BLACK
6
CONTINUOUS
10
-0.3523961417322835
20
0.2977822047244094
11
-0.3523401574803149
21
0.2978711417322835
0
LINE
8
BLACK
6
CONTINUOUS
10
-0.3523401574803149
20
0.2978711417322835
11
-0.3522811811023622
21
0.2979223228346456
0
LINE
8
BLACK
6
CONTINUOUS
10
-0.3522811811023622
20
0.2979223228346456
11
-0.3520953937007874
21
0.2981486614173228
0
LINE
8
BLACK
6
CONTINUOUS
10
-0.3520953937007874
20
0.2981486614173228
11
-0.3502206299212599
21
0.3000234251968504
0
LINE
8
BLACK
6
CONTINUOUS
10
-0.3502206299212599
20
0.3000234251968504
11
-0.3499942913385827
21
0.3002092125984252
0
LINE
8
BLACK
6
CONTINUOUS
10
-0.3499942913385827
20
0.3002092125984252
11
-0.3499431102362205
21
0.300268188976378
0
LINE
8
BLACK
6
CONTINUOUS
10
-0.3499431102362205
20
0.300268188976378
11
-0.3498541732283464
21
0.3003241732283464
0
LINE
8
BLACK
6
CONTINUOUS
10
-0.3498541732283464
20
0.3003241732283464
11
-0.3497731889763779
21
0.3003906299212598
0
LINE
8
BLACK
6
CONTINUOUS
10
-0.3497731889763779
20
0.3003906299212598
11
-0.3497012598425197
21
0.3004204724409449
0
LINE
8
BLACK
6
CONTINUOUS
10
-0.3497012598425197
20
0.3004204724409449
11
-0.3494532283464567
21
0.3005765354330708
0
LINE
8
BLACK
6
CONTINUOUS
10
-0.3494532283464567
20
0.3005765354330708
11
-0.3457037007874016
21
0.3024512992125984
0
LINE
8
BLACK
6
CONTINUOUS
10
-0.3457037007874016
20
0.3024512992125984
11
-0.3451631102362205
21
0.302658188976378
0
LINE
8
BLACK
6
CONTINUOUS
10
-0.3451631102362205
20
0.302658188976378
11
-0.3450572440944882
21
0.302665748031496
0
LINE
8
BLACK
6
CONTINUOUS
10
-0.3450572440944882
20
0.302665748031496
11
-0.3449592519685039
21
0.3027062992125984
0
LINE
8
BLACK
6
CONTINUOUS
10
-0.3449592519685039
20
0.3027062992125984
11
-0.3443831889763779
21
0.302763031496063
0
LINE
8
BLACK
6
CONTINUOUS
10
-0.3443831889763779
20
0.302763031496063
11
-0.3368841338582677
21
0.302763031496063
0
LINE
8
BLACK
6
CONTINUOUS
10
-0.3368841338582677
20
0.302763031496063
11
-0.3363080708661417
21
0.3027062992125984
0
LINE
8
BLACK
6
CONTINUOUS
10
-0.3463836220472441
20
0.278635905511811
11
-0.3475807480314961
21
0.2774387795275591
0
LINE
8
BLACK
6
CONTINUOUS
10
-0.3475807480314961
20
0.2774387795275591
11
-0.3489294881889763
21
0.2747412992125984
0
LINE
8
BLACK
6
CONTINUOUS
10
-0.3489294881889763
20
0.2747412992125984
11
-0.3489294881889763
21
0.2686363385826772
0
LINE
8
BLACK
6
CONTINUOUS
10
-0.3489294881889763
20
0.2686363385826772
11
-0.3475807480314961
21
0.2659388582677165
0
LINE
8
BLACK
6
CONTINUOUS
10
-0.3475807480314961
20
0.2659388582677165
11
-0.3463836220472441
21
0.2647416929133858
0
LINE
8
BLACK
6
CONTINUOUS
10
-0.3463836220472441
20
0.2647416929133858
11
-0.3436861417322835
21
0.2633929527559055
0
LINE
8
BLACK
6
CONTINUOUS
10
-0.3436861417322835
20
0.2633929527559055
11
-0.3375811811023622
21
0.2633929527559055
0
LINE
8
BLACK
6
CONTINUOUS
10
-0.3375811811023622
20
0.2633929527559055
11
-0.3348837401574803
21
0.2647416929133858
0
LINE
8
BLACK
6
CONTINUOUS
10
-0.3348837401574803
20
0.2647416929133858
11
-0.3336866141732283
21
0.2659388582677165
0
LINE
8
BLACK
6
CONTINUOUS
10
-0.3336866141732283
20
0.2659388582677165
11
-0.3323378346456693
21
0.2686363385826772
0
LINE
8
BLACK
6
CONTINUOUS
10
-0.3323378346456693
20
0.2686363385826772
11
-0.3323378346456693
21
0.2747412992125984
0
LINE
8
BLACK
6
CONTINUOUS
10
-0.3323378346456693
20
0.2747412992125984
11
-0.3336865748031496
21
0.2774387795275591
0
LINE
8
BLACK
6
CONTINUOUS
10
-0.3336865748031496
20
0.2774387795275591
11
-0.3348837007874016
21
0.278635905511811
0
LINE
8
BLACK
6
CONTINUOUS
10
-0.3348837007874016
20
0.278635905511811
11
-0.3375811811023622
21
0.2799846456692913
0
LINE
8
BLACK
6
CONTINUOUS
10
-0.3375811811023622
20
0.2799846456692913
11
-0.3436861417322835
21
0.2799846456692913
0
LINE
8
BLACK
6
CONTINUOUS
10
-0.3436861417322835
20
0.2799846456692913
11
-0.3463836220472441
21
0.278635905511811
0
LINE
8
BLACK
6
CONTINUOUS
10
-0.3463836220472441
20
0.2955087795275591
11
-0.3475807480314961
21
0.2943116535433071
0
LINE
8
BLACK
6
CONTINUOUS
10
-0.3475807480314961
20
0.2943116535433071
11
-0.3489294881889763
21
0.2916141732283464
0
LINE
8
BLACK
6
CONTINUOUS
10
-0.3489294881889763
20
0.2916141732283464
11
-0.3489294881889763
21
0.2911335039370079
0
LINE
8
BLACK
6
CONTINUOUS
10
-0.3489294881889763
20
0.2911335039370079
11
-0.3475807480314961
21
0.2884360236220472
0
LINE
8
BLACK
6
CONTINUOUS
10
-0.3475807480314961
20
0.2884360236220472
11
-0.3463836220472441
21
0.2872388976377953
0
LINE
8
BLACK
6
CONTINUOUS
10
-0.3463836220472441
20
0.2872388976377953
11
-0.3436861417322835
21
0.2858901574803149
0
LINE
8
BLACK
6
CONTINUOUS
10
-0.3436861417322835
20
0.2858901574803149
11
-0.3375811811023622
21
0.2858901574803149
0
LINE
8
BLACK
6
CONTINUOUS
10
-0.3375811811023622
20
0.2858901574803149
11
-0.3348837007874016
21
0.2872388976377953
0
LINE
8
BLACK
6
CONTINUOUS
10
-0.3348837007874016
20
0.2872388976377953
11
-0.3336865748031496
21
0.2884360236220472
0
LINE
8
BLACK
6
CONTINUOUS
10
-0.3336865748031496
20
0.2884360236220472
11
-0.3323378346456693
21
0.2911335039370079
0
LINE
8
BLACK
6
CONTINUOUS
10
-0.3323378346456693
20
0.2911335039370079
11
-0.3323378346456693
21
0.2916141732283464
0
LINE
8
BLACK
6
CONTINUOUS
10
-0.3323378346456693
20
0.2916141732283464
11
-0.3336865748031496
21
0.2943116535433071
0
LINE
8
BLACK
6
CONTINUOUS
10
-0.3336865748031496
20
0.2943116535433071
11
-0.3348837007874016
21
0.2955087795275591
0
LINE
8
BLACK
6
CONTINUOUS
10
-0.3348837007874016
20
0.2955087795275591
11
-0.3375811811023622
21
0.2968575196850394
0
LINE
8
BLACK
6
CONTINUOUS
10
-0.3375811811023622
20
0.2968575196850394
11
-0.3436861417322835
21
0.2968575196850394
0
LINE
8
BLACK
6
CONTINUOUS
10
-0.3436861417322835
20
0.2968575196850394
11
-0.3463836220472441
21
0.2955087795275591
0
LINE
8
BLACK
6
CONTINUOUS
10
-0.3999098031496063
20
0.3555748031496063
11
-0.3996594881889763
21
0.3555432283464567
0
LINE
8
BLACK
6
CONTINUOUS
10
-0.3996594881889763
20
0.3555432283464567
11
-0.3968473622047244
21
0.3546058267716535
0
LINE
8
BLACK
6
CONTINUOUS
10
-0.3968473622047244
20
0.3546058267716535
11
-0.3967788582677165
21
0.3545667716535433
0
LINE
8
BLACK
6
CONTINUOUS
10
-0.3967788582677165
20
0.3545667716535433
11
-0.3967427165354331
21
0.3545667716535433
0
LINE
8
BLACK
6
CONTINUOUS
10
-0.3967427165354331
20
0.3545667716535433
11
-0.3965329133858267
21
0.3544265748031496
0
LINE
8
BLACK
6
CONTINUOUS
10
-0.3965329133858267
20
0.3544265748031496
11
-0.3963135433070866
21
0.3543015354330709
0
LINE
8
BLACK
6
CONTINUOUS
10
-0.3963135433070866
20
0.3543015354330709
11
-0.3962974015748031
21
0.3542692125984252
0
LINE
8
BLACK
6
CONTINUOUS
10
-0.3962974015748031
20
0.3542692125984252
11
-0.396231811023622
21
0.3542253937007874
0
LINE
8
BLACK
6
CONTINUOUS
10
-0.396231811023622
20
0.3542253937007874
11
-0.3943570472440945
21
0.3523506692913386
0
LINE
8
BLACK
6
CONTINUOUS
10
-0.3943570472440945
20
0.3523506692913386
11
-0.3942167716535433
21
0.352140748031496
0
LINE
8
BLACK
6
CONTINUOUS
10
-0.3942167716535433
20
0.352140748031496
11
-0.3940620472440945
21
0.3519413779527559
0
LINE
8
BLACK
6
CONTINUOUS
10
-0.3940620472440945
20
0.3519413779527559
11
-0.3931246456692913
21
0.3500666141732283
0
LINE
8
BLACK
6
CONTINUOUS
10
-0.3931246456692913
20
0.3500666141732283
11
-0.393079094488189
21
0.3499002362204724
0
LINE
8
BLACK
6
CONTINUOUS
10
-0.393079094488189
20
0.3499002362204724
11
-0.3930053937007874
21
0.3497442519685039
0
LINE
8
BLACK
6
CONTINUOUS
10
-0.3930053937007874
20
0.3497442519685039
11
-0.392068031496063
21
0.3459947244094488
0
LINE
8
BLACK
6
CONTINUOUS
10
-0.392068031496063
20
0.3459947244094488
11
-0.3920586614173228
21
0.3458020078740157
0
LINE
8
BLACK
6
CONTINUOUS
10
-0.3920586614173228
20
0.3458020078740157
11
-0.3920210236220472
21
0.3456127952755905
0
LINE
8
BLACK
6
CONTINUOUS
10
-0.3920210236220472
20
0.3456127952755905
11
-0.3920210236220472
21
0.3428006692913386
0
LINE
8
BLACK
6
CONTINUOUS
10
-0.3920210236220472
20
0.3428006692913386
11
-0.3920586614173228
21
0.3426114960629921
0
LINE
8
BLACK
6
CONTINUOUS
10
-0.3920586614173228
20
0.3426114960629921
11
-0.392068031496063
21
0.3424187401574803
0
LINE
8
BLACK
6
CONTINUOUS
10
-0.392068031496063
20
0.3424187401574803
11
-0.3930053937007874
21
0.3386692125984252
0
LINE
8
BLACK
6
CONTINUOUS
10
-0.3930053937007874
20
0.3386692125984252
11
-0.393079094488189
21
0.3385132677165354
0
LINE
8
BLACK
6
CONTINUOUS
10
-0.393079094488189
20
0.3385132677165354
11
-0.3931246456692913
21
0.3383468503937008
0
LINE
8
BLACK
6
CONTINUOUS
10
-0.3931246456692913
20
0.3383468503937008
11
-0.3940620472440945
21
0.3364720866141732
0
LINE
8
BLACK
6
CONTINUOUS
10
-0.3940620472440945
20
0.3364720866141732
11
-0.394216968503937
21
0.3362725196850394
0
LINE
8
BLACK
6
CONTINUOUS
10
-0.394216968503937
20
0.3362725196850394
11
-0.3943570472440945
21
0.3360628346456693
0
LINE
8
BLACK
6
CONTINUOUS
10
-0.3943570472440945
20
0.3360628346456693
11
-0.3962317716535433
21
0.334188031496063
0
LINE
8
BLACK
6
CONTINUOUS
10
-0.3962317716535433
20
0.334188031496063
11
-0.3962974015748031
21
0.3341442125984252
0
LINE
8
BLACK
6
CONTINUOUS
10
-0.3962974015748031
20
0.3341442125984252
11
-0.3963135433070866
21
0.3341118897637795
0
LINE
8
BLACK
6
CONTINUOUS
10
-0.3963135433070866
20
0.3341118897637795
11
-0.3965326377952756
21
0.3339870472440945
0
LINE
8
BLACK
6
CONTINUOUS
10
-0.3965326377952756
20
0.3339870472440945
11
-0.3967426771653543
21
0.3338466535433071
0
LINE
8
BLACK
6
CONTINUOUS
10
-0.3967426771653543
20
0.3338466535433071
11
-0.3967788582677165
21
0.3338466535433071
0
LINE
8
BLACK
6
CONTINUOUS
10
-0.3967788582677165
20
0.3338466535433071
11
-0.3968473622047244
21
0.3338075984251969
0
LINE
8
BLACK
6
CONTINUOUS
10
-0.3968473622047244
20
0.3338075984251969
11
-0.3996594881889763
21
0.3328702362204725
0
LINE
8
BLACK
6
CONTINUOUS
10
-0.3996594881889763
20
0.3328702362204725
11
-0.3999098031496063
21
0.3328387007874016
0
LINE
8
BLACK
6
CONTINUOUS
10
-0.3999098031496063
20
0.3328387007874016
11
-0.4001574803149606
21
0.3327894094488189
0
LINE
8
BLACK
6
CONTINUOUS
10
-0.4001574803149606
20
0.3327894094488189
11
-0.4048444094488189
21
0.3327894094488189
0
LINE
8
BLACK
6
CONTINUOUS
10
-0.4048444094488189
20
0.3327894094488189
11
-0.4054470472440945
21
0.3329092913385827
0
LINE
8
BLACK
6
CONTINUOUS
10
-0.4054470472440945
20
0.3329092913385827
11
-0.4062993307086614
21
0.3337615748031496
0
LINE
8
BLACK
6
CONTINUOUS
10
-0.4062993307086614
20
0.3337615748031496
11
-0.4064192125984252
21
0.3343642125984252
0
LINE
8
BLACK
6
CONTINUOUS
10
-0.4064192125984252
20
0.3343642125984252
11
-0.4064192125984252
21
0.354049251968504
0
LINE
8
BLACK
6
CONTINUOUS
10
-0.4064192125984252
20
0.354049251968504
11
-0.4062993307086614
21
0.3546518897637795
0
LINE
8
BLACK
6
CONTINUOUS
10
-0.4062993307086614
20
0.3546518897637795
11
-0.4054470472440945
21
0.3555041732283464
0
LINE
8
BLACK
6
CONTINUOUS
10
-0.4054470472440945
20
0.3555041732283464
11
-0.4048444094488189
21
0.3556240551181102
0
LINE
8
BLACK
6
CONTINUOUS
10
-0.4048444094488189
20
0.3556240551181102
11
-0.4001574803149606
21
0.3556240551181102
0
LINE
8
BLACK
6
CONTINUOUS
10
-0.4001574803149606
20
0.3556240551181102
11
-0.3999098031496063
21
0.3555748031496063
0
LINE
8
BLACK
6
CONTINUOUS
10
-0.4032696062992126
20
0.3359390157480315
11
-0.4004129921259842
21
0.3359390157480315
0
LINE
8
BLACK
6
CONTINUOUS
10
-0.4004129921259842
20
0.3359390157480315
11
-0.398196062992126
21
0.336678031496063
0
LINE
8
BLACK
6
CONTINUOUS
10
-0.398196062992126
20
0.336678031496063
11
-0.396764842519685
21
0.3381092519685039
0
LINE
8
BLACK
6
CONTINUOUS
10
-0.396764842519685
20
0.3381092519685039
11
-0.3960190944881889
21
0.3396008267716535
0
LINE
8
BLACK
6
CONTINUOUS
10
-0.3960190944881889
20
0.3396008267716535
11
-0.3951706299212598
21
0.3429945669291338
0
LINE
8
BLACK
6
CONTINUOUS
10
-0.3951706299212598
20
0.3429945669291338
11
-0.3951706299212598
21
0.345418937007874
0
LINE
8
BLACK
6
CONTINUOUS
10
-0.3951706299212598
20
0.345418937007874
11
-0.3960190944881889
21
0.3488126771653543
0
LINE
8
BLACK
6
CONTINUOUS
10
-0.3960190944881889
20
0.3488126771653543
11
-0.396764842519685
21
0.350304251968504
0
LINE
8
BLACK
6
CONTINUOUS
10
-0.396764842519685
20
0.350304251968504
11
-0.398196062992126
21
0.3517354724409449
0
LINE
8
BLACK
6
CONTINUOUS
10
-0.398196062992126
20
0.3517354724409449
11
-0.4004129921259842
21
0.3524744488188976
0
LINE
8
BLACK
6
CONTINUOUS
10
-0.4004129921259842
20
0.3524744488188976
11
-0.4032696062992126
21
0.3524744488188976
0
LINE
8
BLACK
6
CONTINUOUS
10
-0.4032696062992126
20
0.3524744488188976
11
-0.4032696062992126
21
0.3359390157480315
0
LINE
8
BLACK
6
CONTINUOUS
10
-0.3785203149606299
20
0.3556086614173228
11
-0.3784860236220473
21
0.3556200787401575
0
LINE
8
BLACK
6
CONTINUOUS
10
-0.3784860236220473
20
0.3556200787401575
11
-0.3782425984251969
21
0.3555534251968504
0
LINE
8
BLACK
6
CONTINUOUS
10
-0.3782425984251969
20
0.3555534251968504
11
-0.3779950393700787
21
0.3555041732283464
0
LINE
8
BLACK
6
CONTINUOUS
10
-0.3779950393700787
20
0.3555041732283464
11
-0.3779695275590551
21
0.3554786614173228
0
LINE
8
BLACK
6
CONTINUOUS
10
-0.3779695275590551
20
0.3554786614173228
11
-0.3778933858267716
21
0.3554577952755905
0
LINE
8
BLACK
6
CONTINUOUS
10
-0.3778933858267716
20
0.3554577952755905
11
-0.3760186220472441
21
0.3545203937007874
0
LINE
8
BLACK
6
CONTINUOUS
10
-0.3760186220472441
20
0.3545203937007874
11
-0.3758190551181102
21
0.3543655118110236
0
LINE
8
BLACK
6
CONTINUOUS
10
-0.3758190551181102
20
0.3543655118110236
11
-0.3756093700787401
21
0.3542253937007874
0
LINE
8
BLACK
6
CONTINUOUS
10
-0.3756093700787401
20
0.3542253937007874
11
-0.3746720078740157
21
0.353288031496063
0
LINE
8
BLACK
6
CONTINUOUS
10
-0.3746720078740157
20
0.353288031496063
11
-0.3745319291338582
21
0.3530783858267716
0
LINE
8
BLACK
6
CONTINUOUS
10
-0.3745319291338582
20
0.3530783858267716
11
-0.3743770078740157
21
0.352878779527559
0
LINE
8
BLACK
6
CONTINUOUS
10
-0.3743770078740157
20
0.352878779527559
11
-0.3734396062992126
21
0.3510040157480315
0
LINE
8
BLACK
6
CONTINUOUS
10
-0.3734396062992126
20
0.3510040157480315
11
-0.373418779527559
21
0.3509279133858267
0
LINE
8
BLACK
6
CONTINUOUS
10
-0.373418779527559
20
0.3509279133858267
11
-0.3733932283464567
21
0.3509023622047244
0
LINE
8
BLACK
6
CONTINUOUS
10
-0.3733932283464567
20
0.3509023622047244
11
-0.3733440157480315
21
0.350654842519685
0
LINE
8
BLACK
6
CONTINUOUS
10
-0.3733440157480315
20
0.350654842519685
11
-0.3732773228346457
21
0.3504113779527559
0
LINE
8
BLACK
6
CONTINUOUS
10
-0.3732773228346457
20
0.3504113779527559
11
-0.3732887795275591
21
0.350377125984252
0
LINE
8
BLACK
6
CONTINUOUS
10
-0.3732887795275591
20
0.350377125984252
11
-0.3732733464566929
21
0.3502997244094488
0
LINE
8
BLACK
6
CONTINUOUS
10
-0.3732733464566929
20
0.3502997244094488
11
-0.3732733464566929
21
0.3484249606299212
0
LINE
8
BLACK
6
CONTINUOUS
10
-0.3732733464566929
20
0.3484249606299212
11
-0.3733226377952756
21
0.3481772834645669
0
LINE
8
BLACK
6
CONTINUOUS
10
-0.3733226377952756
20
0.3481772834645669
11
-0.3733541732283465
21
0.347926968503937
0
LINE
8
BLACK
6
CONTINUOUS
10
-0.3733541732283465
20
0.347926968503937
11
-0.3742915748031496
21
0.3451148031496063
0
LINE
8
BLACK
6
CONTINUOUS
10
-0.3742915748031496
20
0.3451148031496063
11
-0.3743306299212598
21
0.3450462992125984
0
LINE
8
BLACK
6
CONTINUOUS
10
-0.3743306299212598
20
0.3450462992125984
11
-0.3743306299212598
21
0.3450101574803149
0
LINE
8
BLACK
6
CONTINUOUS
10
-0.3743306299212598
20
0.3450101574803149
11
-0.3744709448818898
21
0.3448001968503937
0
LINE
8
BLACK
6
CONTINUOUS
10
-0.3744709448818898
20
0.3448001968503937
11
-0.3745958661417323
21
0.3445809842519685
0
LINE
8
BLACK
6
CONTINUOUS
10
-0.3745958661417323
20
0.3445809842519685
11
-0.3746281496062992
21
0.3445648818897638
0
LINE
8
BLACK
6
CONTINUOUS
10
-0.3746281496062992
20
0.3445648818897638
11
-0.374671968503937
21
0.344499251968504
0
LINE
8
BLACK
6
CONTINUOUS
10
-0.374671968503937
20
0.344499251968504
11
-0.3832322440944882
21
0.3359390157480315
0
LINE
8
BLACK
6
CONTINUOUS
10
-0.3832322440944882
20
0.3359390157480315
11
-0.3748481496062992
21
0.3359390157480315
0
LINE
8
BLACK
6
CONTINUOUS
10
-0.3748481496062992
20
0.3359390157480315
11
-0.3742455118110236
21
0.3358191338582677
0
LINE
8
BLACK
6
CONTINUOUS
10
-0.3742455118110236
20
0.3358191338582677
11
-0.3733932283464567
21
0.3349668503937008
0
LINE
8
BLACK
6
CONTINUOUS
10
-0.3733932283464567
20
0.3349668503937008
11
-0.3733932283464567
21
0.3337615748031496
0
LINE
8
BLACK
6
CONTINUOUS
10
-0.3733932283464567
20
0.3337615748031496
11
-0.3742455118110236
21
0.3329092913385827
0
LINE
8
BLACK
6
CONTINUOUS
10
-0.3742455118110236
20
0.3329092913385827
11
-0.3748481496062992
21
0.3327894094488189
0
LINE
8
BLACK
6
CONTINUOUS
10
-0.3748481496062992
20
0.3327894094488189
11
-0.3870341338582677
21
0.3327894094488189
0
LINE
8
BLACK
6
CONTINUOUS
10
-0.3870341338582677
20
0.3327894094488189
11
-0.3876367716535433
21
0.3329092913385827
0
LINE
8
BLACK
6
CONTINUOUS
10
-0.3876367716535433
20
0.3329092913385827
11
-0.3884890551181102
21
0.3337615748031496
0
LINE
8
BLACK
6
CONTINUOUS
10
-0.3884890551181102
20
0.3337615748031496
11
-0.3884890551181102
21
0.3349668503937008
0
LINE
8
BLACK
6
CONTINUOUS
10
-0.3884890551181102
20
0.3349668503937008
11
-0.3881476771653543
21
0.3354777559055118
0
LINE
8
BLACK
6
CONTINUOUS
10
-0.3881476771653543
20
0.3354777559055118
11
-0.377161968503937
21
0.3464635433070866
0
LINE
8
BLACK
6
CONTINUOUS
10
-0.377161968503937
20
0.3464635433070866
11
-0.3764229527559055
21
0.3486805118110236
0
LINE
8
BLACK
6
CONTINUOUS
10
-0.3764229527559055
20
0.3486805118110236
11
-0.3764229527559055
21
0.3499279527559055
0
LINE
8
BLACK
6
CONTINUOUS
10
-0.3764229527559055
20
0.3499279527559055
11
-0.377079842519685
21
0.3512416929133858
0
LINE
8
BLACK
6
CONTINUOUS
10
-0.377079842519685
20
0.3512416929133858
11
-0.377655748031496
21
0.3518175984251968
0
LINE
8
BLACK
6
CONTINUOUS
10
-0.377655748031496
20
0.3518175984251968
11
-0.3789694488188976
21
0.3524744488188976
0
LINE
8
BLACK
6
CONTINUOUS
10
-0.3789694488188976
20
0.3524744488188976
11
-0.3829128346456693
21
0.3524744488188976
0
LINE
8
BLACK
6
CONTINUOUS
10
-0.3829128346456693
20
0.3524744488188976
11
-0.3842265748031496
21
0.3518175984251968
0
LINE
8
BLACK
6
CONTINUOUS
10
-0.3842265748031496
20
0.3518175984251968
11
-0.384983188976378
21
0.3510609448818898
0
LINE
8
BLACK
6
CONTINUOUS
10
-0.384983188976378
20
0.3510609448818898
11
-0.3854940944881889
21
0.3507195669291339
0
LINE
8
BLACK
6
CONTINUOUS
10
-0.3854940944881889
20
0.3507195669291339
11
-0.3866993700787402
21
0.3507195669291339
0
LINE
8
BLACK
6
CONTINUOUS
10
-0.3866993700787402
20
0.3507195669291339
11
-0.3875516535433071
21
0.3515718503937008
0
LINE
8
BLACK
6
CONTINUOUS
10
-0.3875516535433071
20
0.3515718503937008
11
-0.3875516535433071
21
0.352777125984252
0
LINE
8
BLACK
6
CONTINUOUS
10
-0.3875516535433071
20
0.352777125984252
11
-0.3872102755905512
21
0.353288031496063
0
LINE
8
BLACK
6
CONTINUOUS
10
-0.3872102755905512
20
0.353288031496063
11
-0.3862729133858268
21
0.3542253937007874
0
LINE
8
BLACK
6
CONTINUOUS
10
-0.3862729133858268
20
0.3542253937007874
11
-0.3860632677165354
21
0.3543655118110236
0
LINE
8
BLACK
6
CONTINUOUS
10
-0.3860632677165354
20
0.3543655118110236
11
-0.3858636614173228
21
0.3545203937007874
0
LINE
8
BLACK
6
CONTINUOUS
10
-0.3858636614173228
20
0.3545203937007874
11
-0.3839888976377953
21
0.3554577952755905
0
LINE
8
BLACK
6
CONTINUOUS
10
-0.3839888976377953
20
0.3554577952755905
11
-0.3839127952755905
21
0.3554786614173228
0
LINE
8
BLACK
6
CONTINUOUS
10
-0.3839127952755905
20
0.3554786614173228
11
-0.3838872440944882
21
0.3555041732283464
0
LINE
8
BLACK
6
CONTINUOUS
10
-0.3838872440944882
20
0.3555041732283464
11
-0.3836397244094488
21
0.3555534251968504
0
LINE
8
BLACK
6
CONTINUOUS
10
-0.3836397244094488
20
0.3555534251968504
11
-0.3833962598425197
21
0.3556200787401575
0
LINE
8
BLACK
6
CONTINUOUS
10
-0.3833962598425197
20
0.3556200787401575
11
-0.3833620078740158
21
0.3556086614173228
0
LINE
8
BLACK
6
CONTINUOUS
10
-0.3833620078740158
20
0.3556086614173228
11
-0.3832846062992126
21
0.3556240551181102
0
LINE
8
BLACK
6
CONTINUOUS
10
-0.3832846062992126
20
0.3556240551181102
11
-0.3785976771653543
21
0.3556240551181102
0
LINE
8
BLACK
6
CONTINUOUS
10
-0.3785976771653543
20
0.3556240551181102
11
-0.3785203149606299
21
0.3556086614173228
0
LINE
8
BLACK
6
CONTINUOUS
10
-0.3501915748031496
20
0.3687477952755905
11
-0.349126220472441
21
0.3676824409448819
0
LINE
8
BLACK
6
CONTINUOUS
10
-0.349126220472441
20
0.3676824409448819
11
-0.3489763779527559
21
0.3669291338582677
0
LINE
8
BLACK
6
CONTINUOUS
10
-0.3489763779527559
20
0.3669291338582677
11
-0.3489763779527559
21
0.3196850393700787
0
LINE
8
BLACK
6
CONTINUOUS
10
-0.3489763779527559
20
0.3196850393700787
11
-0.349126220472441
21
0.3189317322834646
0
LINE
8
BLACK
6
CONTINUOUS
10
-0.349126220472441
20
0.3189317322834646
11
-0.3501915748031496
21
0.3178663779527559
0
LINE
8
BLACK
6
CONTINUOUS
10
-0.3501915748031496
20
0.3178663779527559
11
-0.3509448818897637
21
0.3177165354330709
0
LINE
8
BLACK
6
CONTINUOUS
10
-0.3509448818897637
20
0.3177165354330709
11
-0.4296850393700787
21
0.3177165354330709
0
LINE
8
BLACK
6
CONTINUOUS
10
-0.4296850393700787
20
0.3177165354330709
11
-0.4304383464566929
21
0.3178663779527559
0
LINE
8
BLACK
6
CONTINUOUS
10
-0.4304383464566929
20
0.3178663779527559
11
-0.4315037007874016
21
0.3189317322834646
0
LINE
8
BLACK
6
CONTINUOUS
10
-0.4315037007874016
20
0.3189317322834646
11
-0.4316535433070866
21
0.3196850393700787
0
LINE
8
BLACK
6
CONTINUOUS
10
-0.4316535433070866
20
0.3196850393700787
11
-0.4316535433070866
21
0.3551181102362205
0
LINE
8
BLACK
6
CONTINUOUS
10
-0.4316535433070866
20
0.3551181102362205
11
-0.4315037007874016
21
0.3558714173228346
0
LINE
8
BLACK
6
CONTINUOUS
10
-0.4315037007874016
20
0.3558714173228346
11
-0.431076968503937
21
0.3565100393700787
0
LINE
8
BLACK
6
CONTINUOUS
10
-0.431076968503937
20
0.3565100393700787
11
-0.4192659448818897
21
0.368321062992126
0
LINE
8
BLACK
6
CONTINUOUS
10
-0.4192659448818897
20
0.368321062992126
11
-0.4186273228346457
21
0.3687477952755905
0
LINE
8
BLACK
6
CONTINUOUS
10
-0.4186273228346457
20
0.3687477952755905
11
-0.4178740157480315
21
0.3688976377952756
0
LINE
8
BLACK
6
CONTINUOUS
10
-0.4178740157480315
20
0.3688976377952756
11
-0.3509448818897637
21
0.3688976377952756
0
LINE
8
BLACK
6
CONTINUOUS
10
-0.3509448818897637
20
0.3688976377952756
11
-0.3501915748031496
21
0.3687477952755905
0
LINE
8
BLACK
6
CONTINUOUS
10
-0.4170586614173228
20
0.3649606299212598
11
-0.4277165354330709
21
0.3543027559055118
0
LINE
8
BLACK
6
CONTINUOUS
10
-0.4277165354330709
20
0.3543027559055118
11
-0.4277165354330709
21
0.3216535433070866
0
LINE
8
BLACK
6
CONTINUOUS
10
-0.4277165354330709
20
0.3216535433070866
11
-0.3529133858267716
21
0.3216535433070866
0
LINE
8
BLACK
6
CONTINUOUS
10
-0.3529133858267716
20
0.3216535433070866
11
-0.3529133858267716
21
0.3649606299212598
0
LINE
8
BLACK
6
CONTINUOUS
10
-0.3529133858267716
20
0.3649606299212598
11
-0.4170586614173228
21
0.3649606299212598
0
LINE
8
BLACK
6
CONTINUOUS
10
-0.2412171653543307
20
0.3569866141732284
11
-0.241182874015748
21
0.356998031496063
0
LINE
8
BLACK
6
CONTINUOUS
10
-0.241182874015748
20
0.356998031496063
11
-0.2409394488188976
21
0.3569313779527559
0
LINE
8
BLACK
6
CONTINUOUS
10
-0.2409394488188976
20
0.3569313779527559
11
-0.2406918897637795
21
0.356882125984252
0
LINE
8
BLACK
6
CONTINUOUS
10
-0.2406918897637795
20
0.356882125984252
11
-0.2406663779527559
21
0.3568566141732283
0
LINE
8
BLACK
6
CONTINUOUS
10
-0.2406663779527559
20
0.3568566141732283
11
-0.2405902362204724
21
0.356835748031496
0
LINE
8
BLACK
6
CONTINUOUS
10
-0.2405902362204724
20
0.356835748031496
11
-0.2387154724409449
21
0.3558983464566929
0
LINE
8
BLACK
6
CONTINUOUS
10
-0.2387154724409449
20
0.3558983464566929
11
-0.238515905511811
21
0.3557434645669291
0
LINE
8
BLACK
6
CONTINUOUS
10
-0.238515905511811
20
0.3557434645669291
11
-0.2383062204724409
21
0.3556033464566929
0
LINE
8
BLACK
6
CONTINUOUS
10
-0.2383062204724409
20
0.3556033464566929
11
-0.2373688582677165
21
0.3546659842519685
0
LINE
8
BLACK
6
CONTINUOUS
10
-0.2373688582677165
20
0.3546659842519685
11
-0.2372287795275591
21
0.3544563385826772
0
LINE
8
BLACK
6
CONTINUOUS
10
-0.2372287795275591
20
0.3544563385826772
11
-0.2370738582677165
21
0.3542567322834645
0
LINE
8
BLACK
6
CONTINUOUS
10
-0.2370738582677165
20
0.3542567322834645
11
-0.2361364566929134
21
0.352381968503937
0
LINE
8
BLACK
6
CONTINUOUS
10
-0.2361364566929134
20
0.352381968503937
11
-0.2361156299212598
21
0.3523058661417323
0
LINE
8
BLACK
6
CONTINUOUS
10
-0.2361156299212598
20
0.3523058661417323
11
-0.2360900787401575
21
0.3522803149606299
0
LINE
8
BLACK
6
CONTINUOUS
10
-0.2360900787401575
20
0.3522803149606299
11
-0.2360408661417323
21
0.3520327952755906
0
LINE
8
BLACK
6
CONTINUOUS
10
-0.2360408661417323
20
0.3520327952755906
11
-0.2359741732283465
21
0.3517893307086614
0
LINE
8
BLACK
6
CONTINUOUS
10
-0.2359741732283465
20
0.3517893307086614
11
-0.2359856299212598
21
0.3517550787401575
0
LINE
8
BLACK
6
CONTINUOUS
10
-0.2359856299212598
20
0.3517550787401575
11
-0.2359701968503937
21
0.3516776771653543
0
LINE
8
BLACK
6
CONTINUOUS
10
-0.2359701968503937
20
0.3516776771653543
11
-0.2359701968503937
21
0.3498029133858268
0
LINE
8
BLACK
6
CONTINUOUS
10
-0.2359701968503937
20
0.3498029133858268
11
-0.2360194881889764
21
0.3495552362204724
0
LINE
8
BLACK
6
CONTINUOUS
10
-0.2360194881889764
20
0.3495552362204724
11
-0.2360510236220472
21
0.3493049212598425
0
LINE
8
BLACK
6
CONTINUOUS
10
-0.2360510236220472
20
0.3493049212598425
11
-0.2369884251968504
21
0.3464927559055118
0
LINE
8
BLACK
6
CONTINUOUS
10
-0.2369884251968504
20
0.3464927559055118
11
-0.2370274803149606
21
0.3464242519685039
0
LINE
8
BLACK
6
CONTINUOUS
10
-0.2370274803149606
20
0.3464242519685039
11
-0.2370274803149606
21
0.3463881102362205
0
LINE
8
BLACK
6
CONTINUOUS
10
-0.2370274803149606
20
0.3463881102362205
11
-0.2371677952755905
21
0.3461781496062992
0
LINE
8
BLACK
6
CONTINUOUS
10
-0.2371677952755905
20
0.3461781496062992
11
-0.2372927165354331
21
0.345958937007874
0
LINE
8
BLACK
6
CONTINUOUS
10
-0.2372927165354331
20
0.345958937007874
11
-0.237325
21
0.3459428346456693
0
LINE
8
BLACK
6
CONTINUOUS
10
-0.237325
20
0.3459428346456693
11
-0.2373688188976378
21
0.3458772047244094
0
LINE
8
BLACK
6
CONTINUOUS
10
-0.2373688188976378
20
0.3458772047244094
11
-0.245929094488189
21
0.337316968503937
0
LINE
8
BLACK
6
CONTINUOUS
10
-0.245929094488189
20
0.337316968503937
11
-0.237545
21
0.337316968503937
0
LINE
8
BLACK
6
CONTINUOUS
10
-0.237545
20
0.337316968503937
11
-0.2369423622047244
21
0.3371970866141732
0
LINE
8
BLACK
6
CONTINUOUS
10
-0.2369423622047244
20
0.3371970866141732
11
-0.2360900787401575
21
0.3363448031496063
0
LINE
8
BLACK
6
CONTINUOUS
10
-0.2360900787401575
20
0.3363448031496063
11
-0.2360900787401575
21
0.3351395275590551
0
LINE
8
BLACK
6
CONTINUOUS
10
-0.2360900787401575
20
0.3351395275590551
11
-0.2369423622047244
21
0.3342872440944882
0
LINE
8
BLACK
6
CONTINUOUS
10
-0.2369423622047244
20
0.3342872440944882
11
-0.237545
21
0.3341673622047244
0
LINE
8
BLACK
6
CONTINUOUS
10
-0.237545
20
0.3341673622047244
11
-0.2497309842519685
21
0.3341673622047244
0
LINE
8
BLACK
6
CONTINUOUS
10
-0.2497309842519685
20
0.3341673622047244
11
-0.2503336220472441
21
0.3342872440944882
0
LINE
8
BLACK
6
CONTINUOUS
10
-0.2503336220472441
20
0.3342872440944882
11
-0.251185905511811
21
0.3351395275590551
0
LINE
8
BLACK
6
CONTINUOUS
10
-0.251185905511811
20
0.3351395275590551
11
-0.251185905511811
21
0.3363448031496063
0
LINE
8
BLACK
6
CONTINUOUS
10
-0.251185905511811
20
0.3363448031496063
11
-0.2508445275590551
21
0.3368557086614173
0
LINE
8
BLACK
6
CONTINUOUS
10
-0.2508445275590551
20
0.3368557086614173
11
-0.2398588188976378
21
0.3478414960629921
0
LINE
8
BLACK
6
CONTINUOUS
10
-0.2398588188976378
20
0.3478414960629921
11
-0.2391198031496063
21
0.3500584645669291
0
LINE
8
BLACK
6
CONTINUOUS
10
-0.2391198031496063
20
0.3500584645669291
11
-0.2391198031496063
21
0.351305905511811
0
LINE
8
BLACK
6
CONTINUOUS
10
-0.2391198031496063
20
0.351305905511811
11
-0.2397766929133858
21
0.3526196456692913
0
LINE
8
BLACK
6
CONTINUOUS
10
-0.2397766929133858
20
0.3526196456692913
11
-0.2403525984251969
21
0.3531955511811024
0
LINE
8
BLACK
6
CONTINUOUS
10
-0.2403525984251969
20
0.3531955511811024
11
-0.2416662992125984
21
0.3538524015748031
0
LINE
8
BLACK
6
CONTINUOUS
10
-0.2416662992125984
20
0.3538524015748031
11
-0.2456096850393701
21
0.3538524015748031
0
LINE
8
BLACK
6
CONTINUOUS
10
-0.2456096850393701
20
0.3538524015748031
11
-0.2469234251968504
21
0.3531955511811024
0
LINE
8
BLACK
6
CONTINUOUS
10
-0.2469234251968504
20
0.3531955511811024
11
-0.2476800393700787
21
0.3524388976377953
0
LINE
8
BLACK
6
CONTINUOUS
10
-0.2476800393700787
20
0.3524388976377953
11
-0.2481909448818898
21
0.3520975196850394
0
LINE
8
BLACK
6
CONTINUOUS
10
-0.2481909448818898
20
0.3520975196850394
11
-0.2493962204724409
21
0.3520975196850394
0
LINE
8
BLACK
6
CONTINUOUS
10
-0.2493962204724409
20
0.3520975196850394
11
-0.2502485039370079
21
0.3529498031496063
0
LINE
8
BLACK
6
CONTINUOUS
10
-0.2502485039370079
20
0.3529498031496063
11
-0.2502485039370079
21
0.3541550787401574
0
LINE
8
BLACK
6
CONTINUOUS
10
-0.2502485039370079
20
0.3541550787401574
11
-0.249907125984252
21
0.3546659842519685
0
LINE
8
BLACK
6
CONTINUOUS
10
-0.249907125984252
20
0.3546659842519685
11
-0.2489697637795276
21
0.3556033464566929
0
LINE
8
BLACK
6
CONTINUOUS
10
-0.2489697637795276
20
0.3556033464566929
11
-0.2487601181102362
21
0.3557434645669291
0
LINE
8
BLACK
6
CONTINUOUS
10
-0.2487601181102362
20
0.3557434645669291
11
-0.2485605118110236
21
0.3558983464566929
0
LINE
8
BLACK
6
CONTINUOUS
10
-0.2485605118110236
20
0.3558983464566929
11
-0.2466857480314961
21
0.356835748031496
0
LINE
8
BLACK
6
CONTINUOUS
10
-0.2466857480314961
20
0.356835748031496
11
-0.2466096456692913
21
0.3568566141732283
0
LINE
8
BLACK
6
CONTINUOUS
10
-0.2466096456692913
20
0.3568566141732283
11
-0.246584094488189
21
0.356882125984252
0
LINE
8
BLACK
6
CONTINUOUS
10
-0.246584094488189
20
0.356882125984252
11
-0.2463365748031496
21
0.3569313779527559
0
LINE
8
BLACK
6
CONTINUOUS
10
-0.2463365748031496
20
0.3569313779527559
11
-0.2460931102362205
21
0.356998031496063
0
LINE
8
BLACK
6
CONTINUOUS
10
-0.2460931102362205
20
0.356998031496063
11
-0.2460588582677165
21
0.3569866141732284
0
LINE
8
BLACK
6
CONTINUOUS
10
-0.2460588582677165
20
0.3569866141732284
11
-0.2459814566929134
21
0.3570020078740158
0
LINE
8
BLACK
6
CONTINUOUS
10
-0.2459814566929134
20
0.3570020078740158
11
-0.2412945275590551
21
0.3570020078740158
0
LINE
8
BLACK
6
CONTINUOUS
10
-0.2412945275590551
20
0.3570020078740158
11
-0.2412171653543307
21
0.3569866141732284
0
LINE
8
BLACK
6
CONTINUOUS
10
-0.259964842519685
20
0.3569866141732284
11
-0.2599305511811024
21
0.356998031496063
0
LINE
8
BLACK
6
CONTINUOUS
10
-0.2599305511811024
20
0.356998031496063
11
-0.259687125984252
21
0.3569313779527559
0
LINE
8
BLACK
6
CONTINUOUS
10
-0.259687125984252
20
0.3569313779527559
11
-0.2594395669291338
21
0.356882125984252
0
LINE
8
BLACK
6
CONTINUOUS
10
-0.2594395669291338
20
0.356882125984252
11
-0.2594140551181102
21
0.3568566141732283
0
LINE
8
BLACK
6
CONTINUOUS
10
-0.2594140551181102
20
0.3568566141732283
11
-0.2593379133858268
21
0.356835748031496
0
LINE
8
BLACK
6
CONTINUOUS
10
-0.2593379133858268
20
0.356835748031496
11
-0.2574631496062992
21
0.3558983464566929
0
LINE
8
BLACK
6
CONTINUOUS
10
-0.2574631496062992
20
0.3558983464566929
11
-0.2572638188976378
21
0.3557436220472441
0
LINE
8
BLACK
6
CONTINUOUS
10
-0.2572638188976378
20
0.3557436220472441
11
-0.2570538976377953
21
0.3556033858267716
0
LINE
8
BLACK
6
CONTINUOUS
10
-0.2570538976377953
20
0.3556033858267716
11
-0.2561164960629921
21
0.3546660236220472
0
LINE
8
BLACK
6
CONTINUOUS
10
-0.2561164960629921
20
0.3546660236220472
11
-0.2559761023622047
21
0.354455905511811
0
LINE
8
BLACK
6
CONTINUOUS
10
-0.2559761023622047
20
0.354455905511811
11
-0.2558214960629921
21
0.3542566929133858
0
LINE
8
BLACK
6
CONTINUOUS
10
-0.2558214960629921
20
0.3542566929133858
11
-0.2548841338582677
21
0.352381968503937
0
LINE
8
BLACK
6
CONTINUOUS
10
-0.2548841338582677
20
0.352381968503937
11
-0.2548633070866141
21
0.3523058661417323
0
LINE
8
BLACK
6
CONTINUOUS
10
-0.2548633070866141
20
0.3523058661417323
11
-0.2548377559055118
21
0.3522803149606299
0
LINE
8
BLACK
6
CONTINUOUS
10
-0.2548377559055118
20
0.3522803149606299
11
-0.2547885433070866
21
0.3520327952755906
0
LINE
8
BLACK
6
CONTINUOUS
10
-0.2547885433070866
20
0.3520327952755906
11
-0.2547218503937008
21
0.3517893307086614
0
LINE
8
BLACK
6
CONTINUOUS
10
-0.2547218503937008
20
0.3517893307086614
11
-0.2547333070866142
21
0.3517550787401575
0
LINE
8
BLACK
6
CONTINUOUS
10
-0.2547333070866142
20
0.3517550787401575
11
-0.254717874015748
21
0.3516776771653543
0
LINE
8
BLACK
6
CONTINUOUS
10
-0.254717874015748
20
0.3516776771653543
11
-0.254717874015748
21
0.3488655118110236
0
LINE
8
BLACK
6
CONTINUOUS
10
-0.254717874015748
20
0.3488655118110236
11
-0.2547333070866142
21
0.3487881496062992
0
LINE
8
BLACK
6
CONTINUOUS
10
-0.2547333070866142
20
0.3487881496062992
11
-0.2547218503937008
21
0.3487538582677165
0
LINE
8
BLACK
6
CONTINUOUS
10
-0.2547218503937008
20
0.3487538582677165
11
-0.2547885433070866
21
0.3485104330708662
0
LINE
8
BLACK
6
CONTINUOUS
10
-0.2547885433070866
20
0.3485104330708662
11
-0.2548377559055118
21
0.348262874015748
0
LINE
8
BLACK
6
CONTINUOUS
10
-0.2548377559055118
20
0.348262874015748
11
-0.2548633070866141
21
0.3482373622047244
0
LINE
8
BLACK
6
CONTINUOUS
10
-0.2548633070866141
20
0.3482373622047244
11
-0.2548841338582677
21
0.3481612204724409
0
LINE
8
BLACK
6
CONTINUOUS
10
-0.2548841338582677
20
0.3481612204724409
11
-0.2558214960629921
21
0.3462864960629921
0
LINE
8
BLACK
6
CONTINUOUS
10
-0.2558214960629921
20
0.3462864960629921
11
-0.2559761023622047
21
0.3460873228346457
0
LINE
8
BLACK
6
CONTINUOUS
10
-0.2559761023622047
20
0.3460873228346457
11
-0.2561164960629921
21
0.3458771653543307
0
LINE
8
BLACK
6
CONTINUOUS
10
-0.2561164960629921
20
0.3458771653543307
11
-0.2570538976377953
21
0.3449398031496063
0
LINE
8
BLACK
6
CONTINUOUS
10
-0.2570538976377953
20
0.3449398031496063
11
-0.2572638188976378
21
0.3447996062992126
0
LINE
8
BLACK
6
CONTINUOUS
10
-0.2572638188976378
20
0.3447996062992126
11
-0.2574631496062992
21
0.344644842519685
0
LINE
8
BLACK
6
CONTINUOUS
10
-0.2574631496062992
20
0.344644842519685
11
-0.2593379133858268
21
0.3437074409448819
0
LINE
8
BLACK
6
CONTINUOUS
10
-0.2593379133858268
20
0.3437074409448819
11
-0.2594140551181102
21
0.3436866141732283
0
LINE
8
BLACK
6
CONTINUOUS
10
-0.2594140551181102
20
0.3436866141732283
11
-0.2594395669291338
21
0.343661062992126
0
LINE
8
BLACK
6
CONTINUOUS
10
-0.2594395669291338
20
0.343661062992126
11
-0.259687125984252
21
0.3436118503937008
0
LINE
8
BLACK
6
CONTINUOUS
10
-0.259687125984252
20
0.3436118503937008
11
-0.2598482677165354
21
0.3435677165354331
0
LINE
8
BLACK
6
CONTINUOUS
10
-0.2598482677165354
20
0.3435677165354331
11
-0.2550025590551181
21
0.3366452362204724
0
LINE
8
BLACK
6
CONTINUOUS
10
-0.2550025590551181
20
0.3366452362204724
11
-0.254755157480315
21
0.3360827952755905
0
LINE
8
BLACK
6
CONTINUOUS
10
-0.254755157480315
20
0.3360827952755905
11
-0.2549646456692913
21
0.3348958267716535
0
LINE
8
BLACK
6
CONTINUOUS
10
-0.2549646456692913
20
0.3348958267716535
11
-0.2559520472440945
21
0.3342046456692913
0
LINE
8
BLACK
6
CONTINUOUS
10
-0.2559520472440945
20
0.3342046456692913
11
-0.2571390157480315
21
0.334414094488189
0
LINE
8
BLACK
6
CONTINUOUS
10
-0.2571390157480315
20
0.334414094488189
11
-0.2575827952755905
21
0.3348390551181102
0
LINE
8
BLACK
6
CONTINUOUS
10
-0.2575827952755905
20
0.3348390551181102
11
-0.2636742519685039
21
0.3435411811023622
0
LINE
8
BLACK
6
CONTINUOUS
10
-0.2636742519685039
20
0.3435411811023622
11
-0.2659664566929134
21
0.3435411811023622
0
LINE
8
BLACK
6
CONTINUOUS
10
-0.2659664566929134
20
0.3435411811023622
11
-0.2659664566929134
21
0.3357421653543307
0
LINE
8
BLACK
6
CONTINUOUS
10
-0.2659664566929134
20
0.3357421653543307
11
-0.2660863385826772
21
0.3351395275590551
0
LINE
8
BLACK
6
CONTINUOUS
10
-0.2660863385826772
20
0.3351395275590551
11
-0.2669386220472441
21
0.3342872440944882
0
LINE
8
BLACK
6
CONTINUOUS
10
-0.2669386220472441
20
0.3342872440944882
11
-0.2681438976377953
21
0.3342872440944882
0
LINE
8
BLACK
6
CONTINUOUS
10
-0.2681438976377953
20
0.3342872440944882
11
-0.2689961811023622
21
0.3351395275590551
0
LINE
8
BLACK
6
CONTINUOUS
10
-0.2689961811023622
20
0.3351395275590551
11
-0.269116062992126
21
0.3357421653543307
0
LINE
8
BLACK
6
CONTINUOUS
10
-0.269116062992126
20
0.3357421653543307
11
-0.269116062992126
21
0.3554272047244094
0
LINE
8
BLACK
6
CONTINUOUS
10
-0.269116062992126
20
0.3554272047244094
11
-0.2689961811023622
21
0.3560298425196851
0
LINE
8
BLACK
6
CONTINUOUS
10
-0.2689961811023622
20
0.3560298425196851
11
-0.2681438976377953
21
0.356882125984252
0
LINE
8
BLACK
6
CONTINUOUS
10
-0.2681438976377953
20
0.356882125984252
11
-0.2675412598425197
21
0.3570020078740158
0
LINE
8
BLACK
6
CONTINUOUS
10
-0.2675412598425197
20
0.3570020078740158
11
-0.2600422047244094
21
0.3570020078740158
0
LINE
8
BLACK
6
CONTINUOUS
10
-0.2600422047244094
20
0.3570020078740158
11
-0.259964842519685
21
0.3569866141732284
0
LINE
8
BLACK
6
CONTINUOUS
10
-0.2659664566929134
20
0.3466907874015748
11
-0.2604139763779528
21
0.3466907874015748
0
LINE
8
BLACK
6
CONTINUOUS
10
-0.2604139763779528
20
0.3466907874015748
11
-0.2591003149606299
21
0.3473476771653543
0
LINE
8
BLACK
6
CONTINUOUS
10
-0.2591003149606299
20
0.3473476771653543
11
-0.2585242913385827
21
0.3479236220472441
0
LINE
8
BLACK
6
CONTINUOUS
10
-0.2585242913385827
20
0.3479236220472441
11
-0.2578674803149607
21
0.3492372440944882
0
LINE
8
BLACK
6
CONTINUOUS
10
-0.2578674803149607
20
0.3492372440944882
11
-0.2578674803149607
21
0.3513059842519685
0
LINE
8
BLACK
6
CONTINUOUS
10
-0.2578674803149607
20
0.3513059842519685
11
-0.2585242913385827
21
0.3526196062992126
0
LINE
8
BLACK
6
CONTINUOUS
10
-0.2585242913385827
20
0.3526196062992126
11
-0.2591003149606299
21
0.3531955511811024
0
LINE
8
BLACK
6
CONTINUOUS
10
-0.2591003149606299
20
0.3531955511811024
11
-0.2604139763779528
21
0.3538524015748031
0
LINE
8
BLACK
6
CONTINUOUS
10
-0.2604139763779528
20
0.3538524015748031
11
-0.2659664566929134
21
0.3538524015748031
0
LINE
8
BLACK
6
CONTINUOUS
10
-0.2659664566929134
20
0.3538524015748031
11
-0.2659664566929134
21
0.3466907874015748
0
LINE
8
BLACK
6
CONTINUOUS
10
-0.2128884251968504
20
0.37111
11
-0.2118230708661417
21
0.3700446456692913
0
LINE
8
BLACK
6
CONTINUOUS
10
-0.2118230708661417
20
0.3700446456692913
11
-0.2116732283464567
21
0.3692913385826772
0
LINE
8
BLACK
6
CONTINUOUS
10
-0.2116732283464567
20
0.3692913385826772
11
-0.2116732283464567
21
0.3200787401574803
0
LINE
8
BLACK
6
CONTINUOUS
10
-0.2116732283464567
20
0.3200787401574803
11
-0.2118230708661417
21
0.3193254330708661
0
LINE
8
BLACK
6
CONTINUOUS
10
-0.2118230708661417
20
0.3193254330708661
11
-0.2128884251968504
21
0.3182600787401575
0
LINE
8
BLACK
6
CONTINUOUS
10
-0.2128884251968504
20
0.3182600787401575
11
-0.2136417322834646
21
0.3181102362204724
0
LINE
8
BLACK
6
CONTINUOUS
10
-0.2136417322834646
20
0.3181102362204724
11
-0.2923818897637795
21
0.3181102362204724
0
LINE
8
BLACK
6
CONTINUOUS
10
-0.2923818897637795
20
0.3181102362204724
11
-0.2931351968503937
21
0.3182600787401575
0
LINE
8
BLACK
6
CONTINUOUS
10
-0.2931351968503937
20
0.3182600787401575
11
-0.2942005511811023
21
0.3193254330708661
0
LINE
8
BLACK
6
CONTINUOUS
10
-0.2942005511811023
20
0.3193254330708661
11
-0.2943503937007874
21
0.3200787401574803
0
LINE
8
BLACK
6
CONTINUOUS
10
-0.2943503937007874
20
0.3200787401574803
11
-0.2943503937007874
21
0.3692913385826772
0
LINE
8
BLACK
6
CONTINUOUS
10
-0.2943503937007874
20
0.3692913385826772
11
-0.2942005511811023
21
0.3700446456692913
0
LINE
8
BLACK
6
CONTINUOUS
10
-0.2942005511811023
20
0.3700446456692913
11
-0.2931351968503937
21
0.37111
0
LINE
8
BLACK
6
CONTINUOUS
10
-0.2931351968503937
20
0.37111
11
-0.2923818897637795
21
0.371259842519685
0
LINE
8
BLACK
6
CONTINUOUS
10
-0.2923818897637795
20
0.371259842519685
11
-0.2136417322834646
21
0.371259842519685
0
LINE
8
BLACK
6
CONTINUOUS
10
-0.2136417322834646
20
0.371259842519685
11
-0.2128884251968504
21
0.37111
0
LINE
8
BLACK
6
CONTINUOUS
10
-0.2904133858267716
20
0.3673228346456693
11
-0.2904133858267716
21
0.3220472440944882
0
LINE
8
BLACK
6
CONTINUOUS
10
-0.2904133858267716
20
0.3220472440944882
11
-0.2156102362204724
21
0.3220472440944882
0
LINE
8
BLACK
6
CONTINUOUS
10
-0.2156102362204724
20
0.3220472440944882
11
-0.2156102362204724
21
0.3673228346456693
0
LINE
8
BLACK
6
CONTINUOUS
10
-0.2156102362204724
20
0.3673228346456693
11
-0.2904133858267716
21
0.3673228346456693
0
LINE
8
BLACK
6
CONTINUOUS
10
-0.7592761811023622
20
0.6123096456692914
11
-0.7455444094488188
21
0.6091754724409448
0
LINE
8
BLACK
6
CONTINUOUS
10
-0.7455444094488188
20
0.6091754724409448
11
-0.7322499212598425
21
0.6045235039370078
0
LINE
8
BLACK
6
CONTINUOUS
10
-0.7322499212598425
20
0.6045235039370078
11
-0.7195598818897637
21
0.5984123228346456
0
LINE
8
BLACK
6
CONTINUOUS
10
-0.7195598818897637
20
0.5984123228346456
11
-0.7076338582677165
21
0.5909187007874016
0
LINE
8
BLACK
6
CONTINUOUS
10
-0.7076338582677165
20
0.5909187007874016
11
-0.6966218110236221
21
0.5821368897637795
0
LINE
8
BLACK
6
CONTINUOUS
10
-0.6966218110236221
20
0.5821368897637795
11
-0.6866623228346457
21
0.5721774015748031
0
LINE
8
BLACK
6
CONTINUOUS
10
-0.6866623228346457
20
0.5721774015748031
11
-0.6778805118110236
21
0.5611653543307087
0
LINE
8
BLACK
6
CONTINUOUS
10
-0.6778805118110236
20
0.5611653543307087
11
-0.6703868897637795
21
0.5492393307086614
0
LINE
8
BLACK
6
CONTINUOUS
10
-0.6703868897637795
20
0.5492393307086614
11
-0.6642757086614173
21
0.5365492913385826
0
LINE
8
BLACK
6
CONTINUOUS
10
-0.6642757086614173
20
0.5365492913385826
11
-0.6596237401574803
21
0.5232548031496063
0
LINE
8
BLACK
6
CONTINUOUS
10
-0.6596237401574803
20
0.5232548031496063
11
-0.6564895669291338
21
0.5095230314960629
0
LINE
8
BLACK
6
CONTINUOUS
10
-0.6564895669291338
20
0.5095230314960629
11
-0.6549125590551181
21
0.4955266929133858
0
LINE
8
BLACK
6
CONTINUOUS
10
-0.6549125590551181
20
0.4955266929133858
11
-0.6549125590551181
21
0.481441811023622
0
LINE
8
BLACK
6
CONTINUOUS
10
-0.6549125590551181
20
0.481441811023622
11
-0.6564895669291338
21
0.4674454724409449
0
LINE
8
BLACK
6
CONTINUOUS
10
-0.6564895669291338
20
0.4674454724409449
11
-0.6596237401574803
21
0.4537137007874016
0
LINE
8
BLACK
6
CONTINUOUS
10
-0.6596237401574803
20
0.4537137007874016
11
-0.6642757086614173
21
0.4404192125984252
0
LINE
8
BLACK
6
CONTINUOUS
10
-0.6642757086614173
20
0.4404192125984252
11
-0.6703868897637795
21
0.4277291732283465
0
LINE
8
BLACK
6
CONTINUOUS
10
-0.6703868897637795
20
0.4277291732283465
11
-0.6778805118110236
21
0.4158031496062992
0
LINE
8
BLACK
6
CONTINUOUS
10
-0.6778805118110236
20
0.4158031496062992
11
-0.6866623228346457
21
0.4047911023622047
0
LINE
8
BLACK
6
CONTINUOUS
10
-0.6866623228346457
20
0.4047911023622047
11
-0.6966218110236221
21
0.3948316141732283
0
LINE
8
BLACK
6
CONTINUOUS
10
-0.6966218110236221
20
0.3948316141732283
11
-0.7076338582677165
21
0.3860498031496063
0
LINE
8
BLACK
6
CONTINUOUS
10
-0.7076338582677165
20
0.3860498031496063
11
-0.7195598818897637
21
0.3785561811023622
0
LINE
8
BLACK
6
CONTINUOUS
10
-0.7195598818897637
20
0.3785561811023622
11
-0.7322499212598425
21
0.372445
0
LINE
8
BLACK
6
CONTINUOUS
10
-0.7322499212598425
20
0.372445
11
-0.7455444094488188
21
0.367793031496063
0
LINE
8
BLACK
6
CONTINUOUS
10
-0.7455444094488188
20
0.367793031496063
11
-0.7592761811023622
21
0.3646588582677165
0
LINE
8
BLACK
6
CONTINUOUS
10
-0.7592761811023622
20
0.3646588582677165
11
-0.7732725196850394
21
0.3630818503937008
0
LINE
8
BLACK
6
CONTINUOUS
10
-0.7732725196850394
20
0.3630818503937008
11
-0.7873574015748032
21
0.3630818503937008
0
LINE
8
BLACK
6
CONTINUOUS
10
-0.7873574015748032
20
0.3630818503937008
11
-0.8013537401574803
21
0.3646588582677165
0
LINE
8
BLACK
6
CONTINUOUS
10
-0.8013537401574803
20
0.3646588582677165
11
-0.8150855118110236
21
0.367793031496063
0
LINE
8
BLACK
6
CONTINUOUS
10
-0.8150855118110236
20
0.367793031496063
11
-0.82838
21
0.372445
0
LINE
8
BLACK
6
CONTINUOUS
10
-0.82838
20
0.372445
11
-0.8410700393700787
21
0.3785561811023622
0
LINE
8
BLACK
6
CONTINUOUS
10
-0.8410700393700787
20
0.3785561811023622
11
-0.8529960629921259
21
0.3860498031496063
0
LINE
8
BLACK
6
CONTINUOUS
10
-0.8529960629921259
20
0.3860498031496063
11
-0.8640081102362205
21
0.3948316141732283
0
LINE
8
BLACK
6
CONTINUOUS
10
-0.8640081102362205
20
0.3948316141732283
11
-0.8739675984251968
21
0.4047911023622047
0
LINE
8
BLACK
6
CONTINUOUS
10
-0.8739675984251968
20
0.4047911023622047
11
-0.8827494094488189
21
0.4158031496062992
0
LINE
8
BLACK
6
CONTINUOUS
10
-0.8827494094488189
20
0.4158031496062992
11
-0.890243031496063
21
0.4277291732283465
0
LINE
8
BLACK
6
CONTINUOUS
10
-0.890243031496063
20
0.4277291732283465
11
-0.8963542125984252
21
0.4404192125984252
0
LINE
8
BLACK
6
CONTINUOUS
10
-0.8963542125984252
20
0.4404192125984252
11
-0.9010061811023622
21
0.4537137007874016
0
LINE
8
BLACK
6
CONTINUOUS
10
-0.9010061811023622
20
0.4537137007874016
11
-0.9041403543307086
21
0.4674454724409449
0
LINE
8
BLACK
6
CONTINUOUS
10
-0.9041403543307086
20
0.4674454724409449
11
-0.9057173622047244
21
0.481441811023622
0
LINE
8
BLACK
6
CONTINUOUS
10
-0.9057173622047244
20
0.481441811023622
11
-0.9057173622047244
21
0.4946954330708661
0
LINE
8
BLACK
6
CONTINUOUS
10
-0.9057173622047244
20
0.4946954330708661
11
-0.9057173622047244
21
0.4955266929133858
0
LINE
8
BLACK
6
CONTINUOUS
10
-0.9057173622047244
20
0.4955266929133858
11
-0.9041403543307086
21
0.5095230314960629
0
LINE
8
BLACK
6
CONTINUOUS
10
-0.9041403543307086
20
0.5095230314960629
11
-0.9010061811023622
21
0.5232548031496063
0
LINE
8
BLACK
6
CONTINUOUS
10
-0.9010061811023622
20
0.5232548031496063
11
-0.8963542125984252
21
0.5365492913385826
0
LINE
8
BLACK
6
CONTINUOUS
10
-0.8963542125984252
20
0.5365492913385826
11
-0.890243031496063
21
0.5492393307086614
0
LINE
8
BLACK
6
CONTINUOUS
10
-0.890243031496063
20
0.5492393307086614
11
-0.8827494094488189
21
0.5611653543307087
0
LINE
8
BLACK
6
CONTINUOUS
10
-0.8827494094488189
20
0.5611653543307087
11
-0.8739675984251968
21
0.5721774015748031
0
LINE
8
BLACK
6
CONTINUOUS
10
-0.8739675984251968
20
0.5721774015748031
11
-0.8640081102362205
21
0.5821368897637795
0
LINE
8
BLACK
6
CONTINUOUS
10
-0.8640081102362205
20
0.5821368897637795
11
-0.8529960629921259
21
0.5909187007874016
0
LINE
8
BLACK
6
CONTINUOUS
10
-0.8529960629921259
20
0.5909187007874016
11
-0.8410700393700787
21
0.5984123228346456
0
LINE
8
BLACK
6
CONTINUOUS
10
-0.8410700393700787
20
0.5984123228346456
11
-0.82838
21
0.6045235039370078
0
LINE
8
BLACK
6
CONTINUOUS
10
-0.82838
20
0.6045235039370078
11
-0.8150855118110236
21
0.6091754724409448
0
LINE
8
BLACK
6
CONTINUOUS
10
-0.8150855118110236
20
0.6091754724409448
11
-0.8013537401574803
21
0.6123096456692914
0
LINE
8
BLACK
6
CONTINUOUS
10
-0.8013537401574803
20
0.6123096456692914
11
-0.7873574015748032
21
0.6138866535433071
0
LINE
8
BLACK
6
CONTINUOUS
10
-0.7873574015748032
20
0.6138866535433071
11
-0.7732725196850394
21
0.6138866535433071
0
LINE
8
BLACK
6
CONTINUOUS
10
-0.7732725196850394
20
0.6138866535433071
11
-0.7592761811023622
21
0.6123096456692914
0
LINE
8
BLACK
6
CONTINUOUS
10
-0.8909149606299213
20
0.4822730708661417
11
-0.8895240944881889
21
0.4699288582677165
0
LINE
8
BLACK
6
CONTINUOUS
10
-0.8895240944881889
20
0.4699288582677165
11
-0.886759842519685
21
0.4578179921259842
0
LINE
8
BLACK
6
CONTINUOUS
10
-0.886759842519685
20
0.4578179921259842
11
-0.8826570078740157
21
0.4460927952755905
0
LINE
8
BLACK
6
CONTINUOUS
10
-0.8826570078740157
20
0.4460927952755905
11
-0.8772671653543307
21
0.4349006692913386
0
LINE
8
BLACK
6
CONTINUOUS
10
-0.8772671653543307
20
0.4349006692913386
11
-0.8706581102362204
21
0.4243823622047244
0
LINE
8
BLACK
6
CONTINUOUS
10
-0.8706581102362204
20
0.4243823622047244
11
-0.8629129133858268
21
0.4146701968503937
0
LINE
8
BLACK
6
CONTINUOUS
10
-0.8629129133858268
20
0.4146701968503937
11
-0.8541290157480315
21
0.4058862992125984
0
LINE
8
BLACK
6
CONTINUOUS
10
-0.8541290157480315
20
0.4058862992125984
11
-0.8444168503937007
21
0.3981411023622047
0
LINE
8
BLACK
6
CONTINUOUS
10
-0.8444168503937007
20
0.3981411023622047
11
-0.8338985433070866
21
0.3915320472440945
0
LINE
8
BLACK
6
CONTINUOUS
10
-0.8338985433070866
20
0.3915320472440945
11
-0.8227064173228347
21
0.3861422047244095
0
LINE
8
BLACK
6
CONTINUOUS
10
-0.8227064173228347
20
0.3861422047244095
11
-0.8109812204724409
21
0.3820393700787402
0
LINE
8
BLACK
6
CONTINUOUS
10
-0.8109812204724409
20
0.3820393700787402
11
-0.7988703543307086
21
0.3792751181102362
0
LINE
8
BLACK
6
CONTINUOUS
10
-0.7988703543307086
20
0.3792751181102362
11
-0.7865261417322834
21
0.3778842519685039
0
LINE
8
BLACK
6
CONTINUOUS
10
-0.7865261417322834
20
0.3778842519685039
11
-0.774103779527559
21
0.3778842519685039
0
LINE
8
BLACK
6
CONTINUOUS
10
-0.774103779527559
20
0.3778842519685039
11
-0.7617595669291338
21
0.3792751181102362
0
LINE
8
BLACK
6
CONTINUOUS
10
-0.7617595669291338
20
0.3792751181102362
11
-0.7496487007874015
21
0.3820393700787402
0
LINE
8
BLACK
6
CONTINUOUS
10
-0.7496487007874015
20
0.3820393700787402
11
-0.7379235039370079
21
0.3861422047244095
0
LINE
8
BLACK
6
CONTINUOUS
10
-0.7379235039370079
20
0.3861422047244095
11
-0.7267313779527559
21
0.3915320472440945
0
LINE
8
BLACK
6
CONTINUOUS
10
-0.7267313779527559
20
0.3915320472440945
11
-0.7162130708661417
21
0.3981411023622047
0
LINE
8
BLACK
6
CONTINUOUS
10
-0.7162130708661417
20
0.3981411023622047
11
-0.706500905511811
21
0.4058862992125984
0
LINE
8
BLACK
6
CONTINUOUS
10
-0.706500905511811
20
0.4058862992125984
11
-0.6977170078740157
21
0.4146701968503937
0
LINE
8
BLACK
6
CONTINUOUS
10
-0.6977170078740157
20
0.4146701968503937
11
-0.689971811023622
21
0.4243823622047244
0
LINE
8
BLACK
6
CONTINUOUS
10
-0.689971811023622
20
0.4243823622047244
11
-0.6833627559055118
21
0.4349006692913386
0
LINE
8
BLACK
6
CONTINUOUS
10
-0.6833627559055118
20
0.4349006692913386
11
-0.6779729133858268
21
0.4460927952755905
0
LINE
8
BLACK
6
CONTINUOUS
10
-0.6779729133858268
20
0.4460927952755905
11
-0.6738700787401575
21
0.4578179921259842
0
LINE
8
BLACK
6
CONTINUOUS
10
-0.6738700787401575
20
0.4578179921259842
11
-0.6711058267716535
21
0.4699288582677165
0
LINE
8
BLACK
6
CONTINUOUS
10
-0.6711058267716535
20
0.4699288582677165
11
-0.6697149606299212
21
0.4822730708661417
0
LINE
8
BLACK
6
CONTINUOUS
10
-0.6697149606299212
20
0.4822730708661417
11
-0.6697149606299212
21
0.4946954330708661
0
LINE
8
BLACK
6
CONTINUOUS
10
-0.6697149606299212
20
0.4946954330708661
11
-0.6711058267716535
21
0.5070396456692913
0
LINE
8
BLACK
6
CONTINUOUS
10
-0.6711058267716535
20
0.5070396456692913
11
-0.6738700787401575
21
0.5191505118110236
0
LINE
8
BLACK
6
CONTINUOUS
10
-0.6738700787401575
20
0.5191505118110236
11
-0.6779729133858268
21
0.5308757086614173
0
LINE
8
BLACK
6
CONTINUOUS
10
-0.6779729133858268
20
0.5308757086614173
11
-0.6833627559055118
21
0.5420678346456693
0
LINE
8
BLACK
6
CONTINUOUS
10
-0.6833627559055118
20
0.5420678346456693
11
-0.689971811023622
21
0.5525861417322835
0
LINE
8
BLACK
6
CONTINUOUS
10
-0.689971811023622
20
0.5525861417322835
11
-0.6977170078740157
21
0.5622983070866142
0
LINE
8
BLACK
6
CONTINUOUS
10
-0.6977170078740157
20
0.5622983070866142
11
-0.706500905511811
21
0.5710822047244094
0
LINE
8
BLACK
6
CONTINUOUS
10
-0.706500905511811
20
0.5710822047244094
11
-0.7162130708661417
21
0.5788274015748032
0
LINE
8
BLACK
6
CONTINUOUS
10
-0.7162130708661417
20
0.5788274015748032
11
-0.7267313779527559
21
0.5854364566929133
0
LINE
8
BLACK
6
CONTINUOUS
10
-0.7267313779527559
20
0.5854364566929133
11
-0.7379235039370079
21
0.5908262992125984
0
LINE
8
BLACK
6
CONTINUOUS
10
-0.7379235039370079
20
0.5908262992125984
11
-0.7496487007874015
21
0.5949291338582677
0
LINE
8
BLACK
6
CONTINUOUS
10
-0.7496487007874015
20
0.5949291338582677
11
-0.7617595669291338
21
0.5976933858267717
0
LINE
8
BLACK
6
CONTINUOUS
10
-0.7617595669291338
20
0.5976933858267717
11
-0.774103779527559
21
0.5990842519685039
0
LINE
8
BLACK
6
CONTINUOUS
10
-0.774103779527559
20
0.5990842519685039
11
-0.7865261417322834
21
0.5990842519685039
0
LINE
8
BLACK
6
CONTINUOUS
10
-0.7865261417322834
20
0.5990842519685039
11
-0.7988703543307086
21
0.5976933858267717
0
LINE
8
BLACK
6
CONTINUOUS
10
-0.7988703543307086
20
0.5976933858267717
11
-0.8109812204724409
21
0.5949291338582677
0
LINE
8
BLACK
6
CONTINUOUS
10
-0.8109812204724409
20
0.5949291338582677
11
-0.8227064173228347
21
0.5908262992125984
0
LINE
8
BLACK
6
CONTINUOUS
10
-0.8227064173228347
20
0.5908262992125984
11
-0.8338985433070866
21
0.5854364566929133
0
LINE
8
BLACK
6
CONTINUOUS
10
-0.8338985433070866
20
0.5854364566929133
11
-0.8444168503937007
21
0.5788274015748032
0
LINE
8
BLACK
6
CONTINUOUS
10
-0.8444168503937007
20
0.5788274015748032
11
-0.8541290157480315
21
0.5710822047244094
0
LINE
8
BLACK
6
CONTINUOUS
10
-0.8541290157480315
20
0.5710822047244094
11
-0.8629129133858268
21
0.5622983070866142
0
LINE
8
BLACK
6
CONTINUOUS
10
-0.8629129133858268
20
0.5622983070866142
11
-0.8706581102362204
21
0.5525861417322835
0
LINE
8
BLACK
6
CONTINUOUS
10
-0.8706581102362204
20
0.5525861417322835
11
-0.8772671653543307
21
0.5420678346456693
0
LINE
8
BLACK
6
CONTINUOUS
10
-0.8772671653543307
20
0.5420678346456693
11
-0.8826570078740157
21
0.5308757086614173
0
LINE
8
BLACK
6
CONTINUOUS
10
-0.8826570078740157
20
0.5308757086614173
11
-0.886759842519685
21
0.5191505118110236
0
LINE
8
BLACK
6
CONTINUOUS
10
-0.886759842519685
20
0.5191505118110236
11
-0.8895240944881889
21
0.5070396456692913
0
LINE
8
BLACK
6
CONTINUOUS
10
-0.8895240944881889
20
0.5070396456692913
11
-0.8909149606299213
21
0.4946954330708661
0
LINE
8
BLACK
6
CONTINUOUS
10
-0.8909149606299213
20
0.4946954330708661
11
-0.8909149606299213
21
0.4822730708661417
0
LINE
8
BLACK
6
CONTINUOUS
10
-0.5227202362204725
20
0.4219504330708661
11
-0.5219055905511811
21
0.4211357874015748
0
LINE
8
BLACK
6
CONTINUOUS
10
-0.5219055905511811
20
0.4211357874015748
11
-0.52146468503937
21
0.4200713779527559
0
LINE
8
BLACK
6
CONTINUOUS
10
-0.52146468503937
20
0.4200713779527559
11
-0.5214079527559055
21
0.4194953149606299
0
LINE
8
BLACK
6
CONTINUOUS
10
-0.5214079527559055
20
0.4194953149606299
11
-0.5214079527559055
21
0.3830779921259843
0
LINE
8
BLACK
6
CONTINUOUS
10
-0.5214079527559055
20
0.3830779921259843
11
-0.5056130708661417
21
0.3830779921259843
0
LINE
8
BLACK
6
CONTINUOUS
10
-0.5056130708661417
20
0.3830779921259843
11
-0.5050370078740157
21
0.3830212598425197
0
LINE
8
BLACK
6
CONTINUOUS
10
-0.5050370078740157
20
0.3830212598425197
11
-0.5039725984251968
21
0.3825803543307086
0
LINE
8
BLACK
6
CONTINUOUS
10
-0.5039725984251968
20
0.3825803543307086
11
-0.5031579527559055
21
0.3817657086614173
0
LINE
8
BLACK
6
CONTINUOUS
10
-0.5031579527559055
20
0.3817657086614173
11
-0.5027170472440945
21
0.3807012992125984
0
LINE
8
BLACK
6
CONTINUOUS
10
-0.5027170472440945
20
0.3807012992125984
11
-0.5027170472440945
21
0.3795491732283465
0
LINE
8
BLACK
6
CONTINUOUS
10
-0.5027170472440945
20
0.3795491732283465
11
-0.5031579527559055
21
0.3784847637795276
0
LINE
8
BLACK
6
CONTINUOUS
10
-0.5031579527559055
20
0.3784847637795276
11
-0.5039725984251968
21
0.3776701181102362
0
LINE
8
BLACK
6
CONTINUOUS
10
-0.5039725984251968
20
0.3776701181102362
11
-0.5050370078740157
21
0.3772292125984252
0
LINE
8
BLACK
6
CONTINUOUS
10
-0.5050370078740157
20
0.3772292125984252
11
-0.5056130708661417
21
0.3771724803149606
0
LINE
8
BLACK
6
CONTINUOUS
10
-0.5056130708661417
20
0.3771724803149606
11
-0.5243607086614173
21
0.3771724803149606
0
LINE
8
BLACK
6
CONTINUOUS
10
-0.5243607086614173
20
0.3771724803149606
11
-0.5249367716535432
21
0.3772292125984252
0
LINE
8
BLACK
6
CONTINUOUS
10
-0.5249367716535432
20
0.3772292125984252
11
-0.5260011811023622
21
0.3776701181102362
0
LINE
8
BLACK
6
CONTINUOUS
10
-0.5260011811023622
20
0.3776701181102362
11
-0.5268158267716535
21
0.3784847637795276
0
LINE
8
BLACK
6
CONTINUOUS
10
-0.5268158267716535
20
0.3784847637795276
11
-0.5272567322834646
21
0.3795491732283465
0
LINE
8
BLACK
6
CONTINUOUS
10
-0.5272567322834646
20
0.3795491732283465
11
-0.5273134645669291
21
0.3801252362204725
0
LINE
8
BLACK
6
CONTINUOUS
10
-0.5273134645669291
20
0.3801252362204725
11
-0.5273134645669291
21
0.4194953149606299
0
LINE
8
BLACK
6
CONTINUOUS
10
-0.5273134645669291
20
0.4194953149606299
11
-0.5272567322834646
21
0.4200713779527559
0
LINE
8
BLACK
6
CONTINUOUS
10
-0.5272567322834646
20
0.4200713779527559
11
-0.5268158267716535
21
0.4211357874015748
0
LINE
8
BLACK
6
CONTINUOUS
10
-0.5268158267716535
20
0.4211357874015748
11
-0.5260011811023622
21
0.4219504330708661
0
LINE
8
BLACK
6
CONTINUOUS
10
-0.5260011811023622
20
0.4219504330708661
11
-0.5249367716535432
21
0.4223913385826771
0
LINE
8
BLACK
6
CONTINUOUS
10
-0.5249367716535432
20
0.4223913385826771
11
-0.5237846456692913
21
0.4223913385826771
0
LINE
8
BLACK
6
CONTINUOUS
10
-0.5237846456692913
20
0.4223913385826771
11
-0.5227202362204725
21
0.4219504330708661
0
LINE
8
BLACK
6
CONTINUOUS
10
-0.4731659842519685
20
0.4223913385826771
11
-0.4721015748031496
21
0.4219504330708661
0
LINE
8
BLACK
6
CONTINUOUS
10
-0.4721015748031496
20
0.4219504330708661
11
-0.4712869291338583
21
0.4211357874015748
0
LINE
8
BLACK
6
CONTINUOUS
10
-0.4712869291338583
20
0.4211357874015748
11
-0.4708460236220472
21
0.4200713779527559
0
LINE
8
BLACK
6
CONTINUOUS
10
-0.4708460236220472
20
0.4200713779527559
11
-0.4708460236220472
21
0.4189192519685039
0
LINE
8
BLACK
6
CONTINUOUS
10
-0.4708460236220472
20
0.4189192519685039
11
-0.4712869291338583
21
0.417854842519685
0
LINE
8
BLACK
6
CONTINUOUS
10
-0.4712869291338583
20
0.417854842519685
11
-0.4721015748031496
21
0.4170401968503937
0
LINE
8
BLACK
6
CONTINUOUS
10
-0.4721015748031496
20
0.4170401968503937
11
-0.4731659842519685
21
0.4165992913385826
0
LINE
8
BLACK
6
CONTINUOUS
10
-0.4731659842519685
20
0.4165992913385826
11
-0.4737420472440945
21
0.4165425590551181
0
LINE
8
BLACK
6
CONTINUOUS
10
-0.4737420472440945
20
0.4165425590551181
11
-0.4895369291338583
21
0.4165425590551181
0
LINE
8
BLACK
6
CONTINUOUS
10
-0.4895369291338583
20
0.4165425590551181
11
-0.4895369291338583
21
0.4037004330708661
0
LINE
8
BLACK
6
CONTINUOUS
10
-0.4895369291338583
20
0.4037004330708661
11
-0.4793663385826771
21
0.4037004330708661
0
LINE
8
BLACK
6
CONTINUOUS
10
-0.4793663385826771
20
0.4037004330708661
11
-0.4787902755905512
21
0.4036437007874016
0
LINE
8
BLACK
6
CONTINUOUS
10
-0.4787902755905512
20
0.4036437007874016
11
-0.4777258661417323
21
0.4032027952755906
0
LINE
8
BLACK
6
CONTINUOUS
10
-0.4777258661417323
20
0.4032027952755906
11
-0.4769112204724409
21
0.4023881496062992
0
LINE
8
BLACK
6
CONTINUOUS
10
-0.4769112204724409
20
0.4023881496062992
11
-0.4764703149606299
21
0.4013237401574803
0
LINE
8
BLACK
6
CONTINUOUS
10
-0.4764703149606299
20
0.4013237401574803
11
-0.4764703149606299
21
0.4001716141732283
0
LINE
8
BLACK
6
CONTINUOUS
10
-0.4764703149606299
20
0.4001716141732283
11
-0.4769112204724409
21
0.3991072047244094
0
LINE
8
BLACK
6
CONTINUOUS
10
-0.4769112204724409
20
0.3991072047244094
11
-0.4777258661417323
21
0.3982925590551181
0
LINE
8
BLACK
6
CONTINUOUS
10
-0.4777258661417323
20
0.3982925590551181
11
-0.4787902755905512
21
0.3978516535433071
0
LINE
8
BLACK
6
CONTINUOUS
10
-0.4787902755905512
20
0.3978516535433071
11
-0.4793663385826771
21
0.3977949212598425
0
LINE
8
BLACK
6
CONTINUOUS
10
-0.4793663385826771
20
0.3977949212598425
11
-0.4895369291338583
21
0.3977949212598425
0
LINE
8
BLACK
6
CONTINUOUS
10
-0.4895369291338583
20
0.3977949212598425
11
-0.4895369291338583
21
0.3830779921259843
0
LINE
8
BLACK
6
CONTINUOUS
10
-0.4895369291338583
20
0.3830779921259843
11
-0.4737420472440945
21
0.3830779921259843
0
LINE
8
BLACK
6
CONTINUOUS
10
-0.4737420472440945
20
0.3830779921259843
11
-0.4731659842519685
21
0.3830212598425197
0
LINE
8
BLACK
6
CONTINUOUS
10
-0.4731659842519685
20
0.3830212598425197
11
-0.4721015748031496
21
0.3825803543307086
0
LINE
8
BLACK
6
CONTINUOUS
10
-0.4721015748031496
20
0.3825803543307086
11
-0.4712869291338583
21
0.3817657086614173
0
LINE
8
BLACK
6
CONTINUOUS
10
-0.4712869291338583
20
0.3817657086614173
11
-0.4708460236220472
21
0.3807012992125984
0
LINE
8
BLACK
6
CONTINUOUS
10
-0.4708460236220472
20
0.3807012992125984
11
-0.4708460236220472
21
0.3795491732283465
0
LINE
8
BLACK
6
CONTINUOUS
10
-0.4708460236220472
20
0.3795491732283465
11
-0.4712869291338583
21
0.3784847637795276
0
LINE
8
BLACK
6
CONTINUOUS
10
-0.4712869291338583
20
0.3784847637795276
11
-0.4721015748031496
21
0.3776701181102362
0
LINE
8
BLACK
6
CONTINUOUS
10
-0.4721015748031496
20
0.3776701181102362
11
-0.4731659842519685
21
0.3772292125984252
0
LINE
8
BLACK
6
CONTINUOUS
10
-0.4731659842519685
20
0.3772292125984252
11
-0.4737420472440945
21
0.3771724803149606
0
LINE
8
BLACK
6
CONTINUOUS
10
-0.4737420472440945
20
0.3771724803149606
11
-0.4924896850393701
21
0.3771724803149606
0
LINE
8
BLACK
6
CONTINUOUS
10
-0.4924896850393701
20
0.3771724803149606
11
-0.4930657480314961
21
0.3772292125984252
0
LINE
8
BLACK
6
CONTINUOUS
10
-0.4930657480314961
20
0.3772292125984252
11
-0.494130157480315
21
0.3776701181102362
0
LINE
8
BLACK
6
CONTINUOUS
10
-0.494130157480315
20
0.3776701181102362
11
-0.4949448031496063
21
0.3784847637795276
0
LINE
8
BLACK
6
CONTINUOUS
10
-0.4949448031496063
20
0.3784847637795276
11
-0.4953857086614173
21
0.3795491732283465
0
LINE
8
BLACK
6
CONTINUOUS
10
-0.4953857086614173
20
0.3795491732283465
11
-0.4954424409448819
21
0.3801252362204725
0
LINE
8
BLACK
6
CONTINUOUS
10
-0.4954424409448819
20
0.3801252362204725
11
-0.4954424409448819
21
0.4194953149606299
0
LINE
8
BLACK
6
CONTINUOUS
10
-0.4954424409448819
20
0.4194953149606299
11
-0.4953857086614173
21
0.4200713779527559
0
LINE
8
BLACK
6
CONTINUOUS
10
-0.4953857086614173
20
0.4200713779527559
11
-0.4949448031496063
21
0.4211357874015748
0
LINE
8
BLACK
6
CONTINUOUS
10
-0.4949448031496063
20
0.4211357874015748
11
-0.494130157480315
21
0.4219504330708661
0
LINE
8
BLACK
6
CONTINUOUS
10
-0.494130157480315
20
0.4219504330708661
11
-0.4930657480314961
21
0.4223913385826771
0
LINE
8
BLACK
6
CONTINUOUS
10
-0.4930657480314961
20
0.4223913385826771
11
-0.4924896850393701
21
0.4224480708661417
0
LINE
8
BLACK
6
CONTINUOUS
10
-0.4924896850393701
20
0.4224480708661417
11
-0.4737420472440945
21
0.4224480708661417
0
LINE
8
BLACK
6
CONTINUOUS
10
-0.4737420472440945
20
0.4224480708661417
11
-0.4731659842519685
21
0.4223913385826771
0
LINE
8
BLACK
6
CONTINUOUS
10
-0.447203779527559
20
0.4224193700787401
11
-0.4471260236220472
21
0.4224248818897638
0
LINE
8
BLACK
6
CONTINUOUS
10
-0.4471260236220472
20
0.4224248818897638
11
-0.4470237795275591
21
0.4224016535433071
0
LINE
8
BLACK
6
CONTINUOUS
10
-0.4470237795275591
20
0.4224016535433071
11
-0.4469192519685039
21
0.4223913385826771
0
LINE
8
BLACK
6
CONTINUOUS
10
-0.4469192519685039
20
0.4223913385826771
11
-0.4468471653543307
21
0.4223614960629921
0
LINE
8
BLACK
6
CONTINUOUS
10
-0.4468471653543307
20
0.4223614960629921
11
-0.4465615748031496
21
0.4222965354330708
0
LINE
8
BLACK
6
CONTINUOUS
10
-0.4465615748031496
20
0.4222965354330708
11
-0.4409372834645669
21
0.4204217716535433
0
LINE
8
BLACK
6
CONTINUOUS
10
-0.4409372834645669
20
0.4204217716535433
11
-0.4404087401574803
21
0.4201857874015748
0
LINE
8
BLACK
6
CONTINUOUS
10
-0.4404087401574803
20
0.4201857874015748
11
-0.4403286220472441
21
0.4201162992125984
0
LINE
8
BLACK
6
CONTINUOUS
10
-0.4403286220472441
20
0.4201162992125984
11
-0.4402305511811023
21
0.4200756692913385
0
LINE
8
BLACK
6
CONTINUOUS
10
-0.4402305511811023
20
0.4200756692913385
11
-0.4397831102362205
21
0.4197084645669291
0
LINE
8
BLACK
6
CONTINUOUS
10
-0.4397831102362205
20
0.4197084645669291
11
-0.4360335826771654
21
0.415958937007874
0
LINE
8
BLACK
6
CONTINUOUS
10
-0.4360335826771654
20
0.415958937007874
11
-0.4358477559055118
21
0.4157325590551181
0
LINE
8
BLACK
6
CONTINUOUS
10
-0.4358477559055118
20
0.4157325590551181
11
-0.4357888188976378
21
0.4156814173228346
0
LINE
8
BLACK
6
CONTINUOUS
10
-0.4357888188976378
20
0.4156814173228346
11
-0.4357329527559055
21
0.4155926771653543
0
LINE
8
BLACK
6
CONTINUOUS
10
-0.4357329527559055
20
0.4155926771653543
11
-0.4356663385826772
21
0.4155114960629921
0
LINE
8
BLACK
6
CONTINUOUS
10
-0.4356663385826772
20
0.4155114960629921
11
-0.4356364960629921
21
0.4154393700787402
0
LINE
8
BLACK
6
CONTINUOUS
10
-0.4356364960629921
20
0.4154393700787402
11
-0.4354804724409449
21
0.4151915354330709
0
LINE
8
BLACK
6
CONTINUOUS
10
-0.4354804724409449
20
0.4151915354330709
11
-0.4336057086614173
21
0.4114420078740157
0
LINE
8
BLACK
6
CONTINUOUS
10
-0.4336057086614173
20
0.4114420078740157
11
-0.4335896062992126
21
0.4113999212598425
0
LINE
8
BLACK
6
CONTINUOUS
10
-0.4335896062992126
20
0.4113999212598425
11
-0.4335768897637795
21
0.4113827559055118
0
LINE
8
BLACK
6
CONTINUOUS
10
-0.4335768897637795
20
0.4113827559055118
11
-0.4334905905511811
21
0.4111411811023622
0
LINE
8
BLACK
6
CONTINUOUS
10
-0.4334905905511811
20
0.4111411811023622
11
-0.4333988188976378
21
0.4109014173228346
0
LINE
8
BLACK
6
CONTINUOUS
10
-0.4333988188976378
20
0.4109014173228346
11
-0.4333973228346457
21
0.410880157480315
0
LINE
8
BLACK
6
CONTINUOUS
10
-0.4333973228346457
20
0.410880157480315
11
-0.433382125984252
21
0.4108376377952756
0
LINE
8
BLACK
6
CONTINUOUS
10
-0.433382125984252
20
0.4108376377952756
11
-0.4315073622047244
21
0.4033385826771653
0
LINE
8
BLACK
6
CONTINUOUS
10
-0.4315073622047244
20
0.4033385826771653
11
-0.4314925984251968
21
0.4032387401574803
0
LINE
8
BLACK
6
CONTINUOUS
10
-0.4314925984251968
20
0.4032387401574803
11
-0.4314759448818897
21
0.4031985039370078
0
LINE
8
BLACK
6
CONTINUOUS
10
-0.4314759448818897
20
0.4031985039370078
11
-0.4314546062992126
21
0.4029814960629921
0
LINE
8
BLACK
6
CONTINUOUS
10
-0.4314546062992126
20
0.4029814960629921
11
-0.4314227165354331
21
0.4027659842519685
0
LINE
8
BLACK
6
CONTINUOUS
10
-0.4314227165354331
20
0.4027659842519685
11
-0.4314291338582677
21
0.4027229921259842
0
LINE
8
BLACK
6
CONTINUOUS
10
-0.4314291338582677
20
0.4027229921259842
11
-0.4314192125984252
21
0.4026224409448819
0
LINE
8
BLACK
6
CONTINUOUS
10
-0.4314192125984252
20
0.4026224409448819
11
-0.4314192125984252
21
0.3969981496062992
0
LINE
8
BLACK
6
CONTINUOUS
10
-0.4314192125984252
20
0.3969981496062992
11
-0.4314291338582677
21
0.3968976377952756
0
LINE
8
BLACK
6
CONTINUOUS
10
-0.4314291338582677
20
0.3968976377952756
11
-0.4314227165354331
21
0.3968546062992126
0
LINE
8
BLACK
6
CONTINUOUS
10
-0.4314227165354331
20
0.3968546062992126
11
-0.4314546062992126
21
0.3966391338582677
0
LINE
8
BLACK
6
CONTINUOUS
10
-0.4314546062992126
20
0.3966391338582677
11
-0.4314759448818897
21
0.3964220866141732
0
LINE
8
BLACK
6
CONTINUOUS
10
-0.4314759448818897
20
0.3964220866141732
11
-0.4314925984251968
21
0.3963818897637795
0
LINE
8
BLACK
6
CONTINUOUS
10
-0.4314925984251968
20
0.3963818897637795
11
-0.4315073622047244
21
0.3962820078740157
0
LINE
8
BLACK
6
CONTINUOUS
10
-0.4315073622047244
20
0.3962820078740157
11
-0.433382125984252
21
0.3887829527559055
0
LINE
8
BLACK
6
CONTINUOUS
10
-0.433382125984252
20
0.3887829527559055
11
-0.4333973228346457
21
0.3887404724409449
0
LINE
8
BLACK
6
CONTINUOUS
10
-0.4333973228346457
20
0.3887404724409449
11
-0.4333988188976378
21
0.3887191732283464
0
LINE
8
BLACK
6
CONTINUOUS
10
-0.4333988188976378
20
0.3887191732283464
11
-0.4334905905511811
21
0.3884794488188976
0
LINE
8
BLACK
6
CONTINUOUS
10
-0.4334905905511811
20
0.3884794488188976
11
-0.4335768897637795
21
0.3882378346456693
0
LINE
8
BLACK
6
CONTINUOUS
10
-0.4335768897637795
20
0.3882378346456693
11
-0.4335896062992126
21
0.3882207086614173
0
LINE
8
BLACK
6
CONTINUOUS
10
-0.4335896062992126
20
0.3882207086614173
11
-0.4336057086614173
21
0.3881785826771653
0
LINE
8
BLACK
6
CONTINUOUS
10
-0.4336057086614173
20
0.3881785826771653
11
-0.4354804724409449
21
0.3844290551181102
0
LINE
8
BLACK
6
CONTINUOUS
10
-0.4354804724409449
20
0.3844290551181102
11
-0.4356365354330708
21
0.3841811811023622
0
LINE
8
BLACK
6
CONTINUOUS
10
-0.4356365354330708
20
0.3841811811023622
11
-0.4356663385826772
21
0.3841091338582677
0
LINE
8
BLACK
6
CONTINUOUS
10
-0.4356663385826772
20
0.3841091338582677
11
-0.435732874015748
21
0.3840281102362205
0
LINE
8
BLACK
6
CONTINUOUS
10
-0.435732874015748
20
0.3840281102362205
11
-0.4357888188976378
21
0.3839391732283465
0
LINE
8
BLACK
6
CONTINUOUS
10
-0.4357888188976378
20
0.3839391732283465
11
-0.4358478346456693
21
0.383888031496063
0
LINE
8
BLACK
6
CONTINUOUS
10
-0.4358478346456693
20
0.383888031496063
11
-0.4360335433070866
21
0.3836616929133858
0
LINE
8
BLACK
6
CONTINUOUS
10
-0.4360335433070866
20
0.3836616929133858
11
-0.4397831102362205
21
0.3799120866141732
0
LINE
8
BLACK
6
CONTINUOUS
10
-0.4397831102362205
20
0.3799120866141732
11
-0.4402305511811023
21
0.3795448818897638
0
LINE
8
BLACK
6
CONTINUOUS
10
-0.4402305511811023
20
0.3795448818897638
11
-0.4403286220472441
21
0.3795042913385827
0
LINE
8
BLACK
6
CONTINUOUS
10
-0.4403286220472441
20
0.3795042913385827
11
-0.4404087401574803
21
0.3794347637795276
0
LINE
8
BLACK
6
CONTINUOUS
10
-0.4404087401574803
20
0.3794347637795276
11
-0.4409372834645669
21
0.379198779527559
0
LINE
8
BLACK
6
CONTINUOUS
10
-0.4409372834645669
20
0.379198779527559
11
-0.4465615748031496
21
0.3773240157480315
0
LINE
8
BLACK
6
CONTINUOUS
10
-0.4465615748031496
20
0.3773240157480315
11
-0.4468471653543307
21
0.377259094488189
0
LINE
8
BLACK
6
CONTINUOUS
10
-0.4468471653543307
20
0.377259094488189
11
-0.4469192519685039
21
0.3772292125984252
0
LINE
8
BLACK
6
CONTINUOUS
10
-0.4469192519685039
20
0.3772292125984252
11
-0.4470237795275591
21
0.377218937007874
0
LINE
8
BLACK
6
CONTINUOUS
10
-0.4470237795275591
20
0.377218937007874
11
-0.4471260236220472
21
0.3771956692913386
0
LINE
8
BLACK
6
CONTINUOUS
10
-0.4471260236220472
20
0.3771956692913386
11
-0.447203779527559
21
0.3772012204724409
0
LINE
8
BLACK
6
CONTINUOUS
10
-0.447203779527559
20
0.3772012204724409
11
-0.4474953149606299
21
0.3771724803149606
0
LINE
8
BLACK
6
CONTINUOUS
10
-0.4474953149606299
20
0.3771724803149606
11
-0.4568691338582677
21
0.3771724803149606
0
LINE
8
BLACK
6
CONTINUOUS
10
-0.4568691338582677
20
0.3771724803149606
11
-0.4574451968503937
21
0.3772292125984252
0
LINE
8
BLACK
6
CONTINUOUS
10
-0.4574451968503937
20
0.3772292125984252
11
-0.4585096062992126
21
0.3776701181102362
0
LINE
8
BLACK
6
CONTINUOUS
10
-0.4585096062992126
20
0.3776701181102362
11
-0.4593242519685039
21
0.3784847637795276
0
LINE
8
BLACK
6
CONTINUOUS
10
-0.4593242519685039
20
0.3784847637795276
11
-0.4597651574803149
21
0.3795491732283465
0
LINE
8
BLACK
6
CONTINUOUS
10
-0.4597651574803149
20
0.3795491732283465
11
-0.4598218897637795
21
0.3801252362204725
0
LINE
8
BLACK
6
CONTINUOUS
10
-0.4598218897637795
20
0.3801252362204725
11
-0.4598218897637795
21
0.4194953149606299
0
LINE
8
BLACK
6
CONTINUOUS
10
-0.4598218897637795
20
0.4194953149606299
11
-0.4597651574803149
21
0.4200713779527559
0
LINE
8
BLACK
6
CONTINUOUS
10
-0.4597651574803149
20
0.4200713779527559
11
-0.4593242519685039
21
0.4211357874015748
0
LINE
8
BLACK
6
CONTINUOUS
10
-0.4593242519685039
20
0.4211357874015748
11
-0.4585096062992126
21
0.4219504330708661
0
LINE
8
BLACK
6
CONTINUOUS
10
-0.4585096062992126
20
0.4219504330708661
11
-0.4574451968503937
21
0.4223913385826771
0
LINE
8
BLACK
6
CONTINUOUS
10
-0.4574451968503937
20
0.4223913385826771
11
-0.4568691338582677
21
0.4224480708661417
0
LINE
8
BLACK
6
CONTINUOUS
10
-0.4568691338582677
20
0.4224480708661417
11
-0.4474953149606299
21
0.4224480708661417
0
LINE
8
BLACK
6
CONTINUOUS
10
-0.4474953149606299
20
0.4224480708661417
11
-0.447203779527559
21
0.4224193700787401
0
LINE
8
BLACK
6
CONTINUOUS
10
-0.4539163779527559
20
0.3830779921259843
11
-0.4479744488188976
21
0.3830779921259843
0
LINE
8
BLACK
6
CONTINUOUS
10
-0.4479744488188976
20
0.3830779921259843
11
-0.443466062992126
21
0.3845808267716536
0
LINE
8
BLACK
6
CONTINUOUS
10
-0.443466062992126
20
0.3845808267716536
11
-0.4405482677165354
21
0.3874986614173228
0
LINE
8
BLACK
6
CONTINUOUS
10
-0.4405482677165354
20
0.3874986614173228
11
-0.4390327559055118
21
0.3905296456692913
0
LINE
8
BLACK
6
CONTINUOUS
10
-0.4390327559055118
20
0.3905296456692913
11
-0.4373247244094488
21
0.3973616929133858
0
LINE
8
BLACK
6
CONTINUOUS
10
-0.4373247244094488
20
0.3973616929133858
11
-0.4373247244094488
21
0.4022588976377953
0
LINE
8
BLACK
6
CONTINUOUS
10
-0.4373247244094488
20
0.4022588976377953
11
-0.4390327559055118
21
0.4090909448818897
0
LINE
8
BLACK
6
CONTINUOUS
10
-0.4390327559055118
20
0.4090909448818897
11
-0.4405482283464567
21
0.4121219291338583
0
LINE
8
BLACK
6
CONTINUOUS
10
-0.4405482283464567
20
0.4121219291338583
11
-0.443466062992126
21
0.4150397637795276
0
LINE
8
BLACK
6
CONTINUOUS
10
-0.443466062992126
20
0.4150397637795276
11
-0.4479744488188976
21
0.4165425590551181
0
LINE
8
BLACK
6
CONTINUOUS
10
-0.4479744488188976
20
0.4165425590551181
11
-0.4539163779527559
21
0.4165425590551181
0
LINE
8
BLACK
6
CONTINUOUS
10
-0.4539163779527559
20
0.4165425590551181
11
-0.4539163779527559
21
0.3830779921259843
0
LINE
8
BLACK
6
CONTINUOUS
10
-0.3756781496062992
20
0.4223913385826771
11
-0.3755801574803149
21
0.422350748031496
0
LINE
8
BLACK
6
CONTINUOUS
10
-0.3755801574803149
20
0.422350748031496
11
-0.3754743307086614
21
0.4223432283464567
0
LINE
8
BLACK
6
CONTINUOUS
10
-0.3754743307086614
20
0.4223432283464567
11
-0.3749337007874016
21
0.4221363385826771
0
LINE
8
BLACK
6
CONTINUOUS
10
-0.3749337007874016
20
0.4221363385826771
11
-0.3711841732283465
21
0.4202615748031496
0
LINE
8
BLACK
6
CONTINUOUS
10
-0.3711841732283465
20
0.4202615748031496
11
-0.3709361811023622
21
0.4201055118110236
0
LINE
8
BLACK
6
CONTINUOUS
10
-0.3709361811023622
20
0.4201055118110236
11
-0.3708642125984252
21
0.4200756692913385
0
LINE
8
BLACK
6
CONTINUOUS
10
-0.3708642125984252
20
0.4200756692913385
11
-0.3707832677165354
21
0.4200092125984252
0
LINE
8
BLACK
6
CONTINUOUS
10
-0.3707832677165354
20
0.4200092125984252
11
-0.3706942913385827
21
0.4199532283464567
0
LINE
8
BLACK
6
CONTINUOUS
10
-0.3706942913385827
20
0.4199532283464567
11
-0.3706431496062992
21
0.4198942519685039
0
LINE
8
BLACK
6
CONTINUOUS
10
-0.3706431496062992
20
0.4198942519685039
11
-0.3704167716535433
21
0.4197084645669291
0
LINE
8
BLACK
6
CONTINUOUS
10
-0.3704167716535433
20
0.4197084645669291
11
-0.3685420078740158
21
0.4178337007874016
0
LINE
8
BLACK
6
CONTINUOUS
10
-0.3685420078740158
20
0.4178337007874016
11
-0.3683562598425197
21
0.4176073622047244
0
LINE
8
BLACK
6
CONTINUOUS
10
-0.3683562598425197
20
0.4176073622047244
11
-0.3682972440944882
21
0.4175561811023622
0
LINE
8
BLACK
6
CONTINUOUS
10
-0.3682972440944882
20
0.4175561811023622
11
-0.3682412992125984
21
0.4174672440944882
0
LINE
8
BLACK
6
CONTINUOUS
10
-0.3682412992125984
20
0.4174672440944882
11
-0.3681748031496063
21
0.4173862598425197
0
LINE
8
BLACK
6
CONTINUOUS
10
-0.3681748031496063
20
0.4173862598425197
11
-0.368145
21
0.4173143307086614
0
LINE
8
BLACK
6
CONTINUOUS
10
-0.368145
20
0.4173143307086614
11
-0.3679888976377952
21
0.4170662992125984
0
LINE
8
BLACK
6
CONTINUOUS
10
-0.3679888976377952
20
0.4170662992125984
11
-0.3661141338582677
21
0.4133167716535433
0
LINE
8
BLACK
6
CONTINUOUS
10
-0.3661141338582677
20
0.4133167716535433
11
-0.366098031496063
21
0.4132746850393701
0
LINE
8
BLACK
6
CONTINUOUS
10
-0.366098031496063
20
0.4132746850393701
11
-0.3660853149606299
21
0.4132575196850394
0
LINE
8
BLACK
6
CONTINUOUS
10
-0.3660853149606299
20
0.4132575196850394
11
-0.3659990157480315
21
0.4130159448818898
0
LINE
8
BLACK
6
CONTINUOUS
10
-0.3659990157480315
20
0.4130159448818898
11
-0.3659072440944882
21
0.4127761811023622
0
LINE
8
BLACK
6
CONTINUOUS
10
-0.3659072440944882
20
0.4127761811023622
11
-0.3659057480314961
21
0.4127549212598425
0
LINE
8
BLACK
6
CONTINUOUS
10
-0.3659057480314961
20
0.4127549212598425
11
-0.3658905511811024
21
0.4127124015748032
0
LINE
8
BLACK
6
CONTINUOUS
10
-0.3658905511811024
20
0.4127124015748032
11
-0.3640157874015748
21
0.4052133464566929
0
LINE
8
BLACK
6
CONTINUOUS
10
-0.3640157874015748
20
0.4052133464566929
11
-0.3640010236220472
21
0.4051135039370078
0
LINE
8
BLACK
6
CONTINUOUS
10
-0.3640010236220472
20
0.4051135039370078
11
-0.3639843700787401
21
0.4050732677165354
0
LINE
8
BLACK
6
CONTINUOUS
10
-0.3639843700787401
20
0.4050732677165354
11
-0.363963031496063
21
0.4048562598425197
0
LINE
8
BLACK
6
CONTINUOUS
10
-0.363963031496063
20
0.4048562598425197
11
-0.3639311417322835
21
0.4046407480314961
0
LINE
8
BLACK
6
CONTINUOUS
10
-0.3639311417322835
20
0.4046407480314961
11
-0.3639375590551181
21
0.4045977559055118
0
LINE
8
BLACK
6
CONTINUOUS
10
-0.3639375590551181
20
0.4045977559055118
11
-0.3639276377952756
21
0.4044972047244094
0
LINE
8
BLACK
6
CONTINUOUS
10
-0.3639276377952756
20
0.4044972047244094
11
-0.3639276377952756
21
0.3951233858267716
0
LINE
8
BLACK
6
CONTINUOUS
10
-0.3639276377952756
20
0.3951233858267716
11
-0.3639375590551181
21
0.395022874015748
0
LINE
8
BLACK
6
CONTINUOUS
10
-0.3639375590551181
20
0.395022874015748
11
-0.3639311417322835
21
0.394979842519685
0
LINE
8
BLACK
6
CONTINUOUS
10
-0.3639311417322835
20
0.394979842519685
11
-0.363963031496063
21
0.3947643700787402
0
LINE
8
BLACK
6
CONTINUOUS
10
-0.363963031496063
20
0.3947643700787402
11
-0.3639843700787401
21
0.3945473228346457
0
LINE
8
BLACK
6
CONTINUOUS
10
-0.3639843700787401
20
0.3945473228346457
11
-0.3640010236220472
21
0.394507125984252
0
LINE
8
BLACK
6
CONTINUOUS
10
-0.3640010236220472
20
0.394507125984252
11
-0.3640157874015748
21
0.3944072440944882
0
LINE
8
BLACK
6
CONTINUOUS
10
-0.3640157874015748
20
0.3944072440944882
11
-0.3658905511811024
21
0.386908188976378
0
LINE
8
BLACK
6
CONTINUOUS
10
-0.3658905511811024
20
0.386908188976378
11
-0.3659057480314961
21
0.3868657086614173
0
LINE
8
BLACK
6
CONTINUOUS
10
-0.3659057480314961
20
0.3868657086614173
11
-0.3659072440944882
21
0.3868444094488189
0
LINE
8
BLACK
6
CONTINUOUS
10
-0.3659072440944882
20
0.3868444094488189
11
-0.3659990157480315
21
0.3866046850393701
0
LINE
8
BLACK
6
CONTINUOUS
10
-0.3659990157480315
20
0.3866046850393701
11
-0.3660853149606299
21
0.3863630708661417
0
LINE
8
BLACK
6
CONTINUOUS
10
-0.3660853149606299
20
0.3863630708661417
11
-0.366098031496063
21
0.3863459448818898
0
LINE
8
BLACK
6
CONTINUOUS
10
-0.366098031496063
20
0.3863459448818898
11
-0.3661141338582677
21
0.3863038188976378
0
LINE
8
BLACK
6
CONTINUOUS
10
-0.3661141338582677
20
0.3863038188976378
11
-0.3679888976377952
21
0.3825542913385827
0
LINE
8
BLACK
6
CONTINUOUS
10
-0.3679888976377952
20
0.3825542913385827
11
-0.3681449606299212
21
0.3823064173228347
0
LINE
8
BLACK
6
CONTINUOUS
10
-0.3681449606299212
20
0.3823064173228347
11
-0.3681747637795276
21
0.3822343700787402
0
LINE
8
BLACK
6
CONTINUOUS
10
-0.3681747637795276
20
0.3822343700787402
11
-0.3682412992125984
21
0.3821533464566929
0
LINE
8
BLACK
6
CONTINUOUS
10
-0.3682412992125984
20
0.3821533464566929
11
-0.3682972440944882
21
0.3820644094488189
0
LINE
8
BLACK
6
CONTINUOUS
10
-0.3682972440944882
20
0.3820644094488189
11
-0.3683562598425197
21
0.3820132677165354
0
LINE
8
BLACK
6
CONTINUOUS
10
-0.3683562598425197
20
0.3820132677165354
11
-0.3685420078740158
21
0.3817868897637795
0
LINE
8
BLACK
6
CONTINUOUS
10
-0.3685420078740158
20
0.3817868897637795
11
-0.3704167322834646
21
0.3799121259842519
0
LINE
8
BLACK
6
CONTINUOUS
10
-0.3704167322834646
20
0.3799121259842519
11
-0.3706431102362205
21
0.3797263779527559
0
LINE
8
BLACK
6
CONTINUOUS
10
-0.3706431102362205
20
0.3797263779527559
11
-0.3706942913385827
21
0.3796673228346457
0
LINE
8
BLACK
6
CONTINUOUS
10
-0.3706942913385827
20
0.3796673228346457
11
-0.3707832677165354
21
0.3796113385826771
0
LINE
8
BLACK
6
CONTINUOUS
10
-0.3707832677165354
20
0.3796113385826771
11
-0.3708642125984252
21
0.3795448818897638
0
LINE
8
BLACK
6
CONTINUOUS
10
-0.3708642125984252
20
0.3795448818897638
11
-0.3709361811023622
21
0.3795150787401575
0
LINE
8
BLACK
6
CONTINUOUS
10
-0.3709361811023622
20
0.3795150787401575
11
-0.3711841732283465
21
0.3793589763779527
0
LINE
8
BLACK
6
CONTINUOUS
10
-0.3711841732283465
20
0.3793589763779527
11
-0.3749337007874016
21
0.3774842125984252
0
LINE
8
BLACK
6
CONTINUOUS
10
-0.3749337007874016
20
0.3774842125984252
11
-0.3754743307086614
21
0.3772773228346457
0
LINE
8
BLACK
6
CONTINUOUS
10
-0.3754743307086614
20
0.3772773228346457
11
-0.3755801574803149
21
0.377269842519685
0
LINE
8
BLACK
6
CONTINUOUS
10
-0.3755801574803149
20
0.377269842519685
11
-0.3756781496062992
21
0.3772292125984252
0
LINE
8
BLACK
6
CONTINUOUS
10
-0.3756781496062992
20
0.3772292125984252
11
-0.3762542125984252
21
0.3771724803149606
0
LINE
8
BLACK
6
CONTINUOUS
10
-0.3762542125984252
20
0.3771724803149606
11
-0.3800037401574803
21
0.3771724803149606
0
LINE
8
BLACK
6
CONTINUOUS
10
-0.3800037401574803
20
0.3771724803149606
11
-0.3805798031496063
21
0.3772292125984252
0
LINE
8
BLACK
6
CONTINUOUS
10
-0.3805798031496063
20
0.3772292125984252
11
-0.3806777952755905
21
0.3772698031496063
0
LINE
8
BLACK
6
CONTINUOUS
10
-0.3806777952755905
20
0.3772698031496063
11
-0.3807836614173228
21
0.3772773228346457
0
LINE
8
BLACK
6
CONTINUOUS
10
-0.3807836614173228
20
0.3772773228346457
11
-0.3813242519685039
21
0.3774842125984252
0
LINE
8
BLACK
6
CONTINUOUS
10
-0.3813242519685039
20
0.3774842125984252
11
-0.3850737795275591
21
0.3793589763779527
0
LINE
8
BLACK
6
CONTINUOUS
10
-0.3850737795275591
20
0.3793589763779527
11
-0.3853218110236221
21
0.3795150787401575
0
LINE
8
BLACK
6
CONTINUOUS
10
-0.3853218110236221
20
0.3795150787401575
11
-0.3853937401574803
21
0.3795448818897638
0
LINE
8
BLACK
6
CONTINUOUS
10
-0.3853937401574803
20
0.3795448818897638
11
-0.3854747244094488
21
0.3796113385826771
0
LINE
8
BLACK
6
CONTINUOUS
10
-0.3854747244094488
20
0.3796113385826771
11
-0.3855636614173228
21
0.3796673228346457
0
LINE
8
BLACK
6
CONTINUOUS
10
-0.3855636614173228
20
0.3796673228346457
11
-0.3856148818897638
21
0.3797263779527559
0
LINE
8
BLACK
6
CONTINUOUS
10
-0.3856148818897638
20
0.3797263779527559
11
-0.385841220472441
21
0.3799121259842519
0
LINE
8
BLACK
6
CONTINUOUS
10
-0.385841220472441
20
0.3799121259842519
11
-0.3877159842519685
21
0.3817869291338583
0
LINE
8
BLACK
6
CONTINUOUS
10
-0.3877159842519685
20
0.3817869291338583
11
-0.3879017322834646
21
0.3820132677165354
0
LINE
8
BLACK
6
CONTINUOUS
10
-0.3879017322834646
20
0.3820132677165354
11
-0.3879607086614173
21
0.3820644094488189
0
LINE
8
BLACK
6
CONTINUOUS
10
-0.3879607086614173
20
0.3820644094488189
11
-0.3880166929133858
21
0.3821533464566929
0
LINE
8
BLACK
6
CONTINUOUS
10
-0.3880166929133858
20
0.3821533464566929
11
-0.3880831889763779
21
0.3822343700787402
0
LINE
8
BLACK
6
CONTINUOUS
10
-0.3880831889763779
20
0.3822343700787402
11
-0.388113031496063
21
0.3823064173228347
0
LINE
8
BLACK
6
CONTINUOUS
10
-0.388113031496063
20
0.3823064173228347
11
-0.3882690551181102
21
0.3825542913385827
0
LINE
8
BLACK
6
CONTINUOUS
10
-0.3882690551181102
20
0.3825542913385827
11
-0.3901438188976378
21
0.3863038188976378
0
LINE
8
BLACK
6
CONTINUOUS
10
-0.3901438188976378
20
0.3863038188976378
11
-0.3901599606299213
21
0.3863459448818898
0
LINE
8
BLACK
6
CONTINUOUS
10
-0.3901599606299213
20
0.3863459448818898
11
-0.3901726377952756
21
0.3863630708661417
0
LINE
8
BLACK
6
CONTINUOUS
10
-0.3901726377952756
20
0.3863630708661417
11
-0.390259094488189
21
0.3866050393700787
0
LINE
8
BLACK
6
CONTINUOUS
10
-0.390259094488189
20
0.3866050393700787
11
-0.3903507086614173
21
0.3868444488188976
0
LINE
8
BLACK
6
CONTINUOUS
10
-0.3903507086614173
20
0.3868444488188976
11
-0.3903522440944882
21
0.3868657086614173
0
LINE
8
BLACK
6
CONTINUOUS
10
-0.3903522440944882
20
0.3868657086614173
11
-0.3903674015748032
21
0.386908188976378
0
LINE
8
BLACK
6
CONTINUOUS
10
-0.3903674015748032
20
0.386908188976378
11
-0.3922421653543307
21
0.3944072440944882
0
LINE
8
BLACK
6
CONTINUOUS
10
-0.3922421653543307
20
0.3944072440944882
11
-0.392256968503937
21
0.394507125984252
0
LINE
8
BLACK
6
CONTINUOUS
10
-0.392256968503937
20
0.394507125984252
11
-0.3922735826771653
21
0.3945473228346457
0
LINE
8
BLACK
6
CONTINUOUS
10
-0.3922735826771653
20
0.3945473228346457
11
-0.3922949606299213
21
0.3947643700787402
0
LINE
8
BLACK
6
CONTINUOUS
10
-0.3922949606299213
20
0.3947643700787402
11
-0.392326811023622
21
0.394979842519685
0
LINE
8
BLACK
6
CONTINUOUS
10
-0.392326811023622
20
0.394979842519685
11
-0.3923204330708661
21
0.395022874015748
0
LINE
8
BLACK
6
CONTINUOUS
10
-0.3923204330708661
20
0.395022874015748
11
-0.3923303149606299
21
0.3951233858267716
0
LINE
8
BLACK
6
CONTINUOUS
10
-0.3923303149606299
20
0.3951233858267716
11
-0.3923303149606299
21
0.4044972047244094
0
LINE
8
BLACK
6
CONTINUOUS
10
-0.3923303149606299
20
0.4044972047244094
11
-0.3923204330708661
21
0.4045977559055118
0
LINE
8
BLACK
6
CONTINUOUS
10
-0.3923204330708661
20
0.4045977559055118
11
-0.392326811023622
21
0.4046407480314961
0
LINE
8
BLACK
6
CONTINUOUS
10
-0.392326811023622
20
0.4046407480314961
11
-0.3922949606299213
21
0.4048562598425197
0
LINE
8
BLACK
6
CONTINUOUS
10
-0.3922949606299213
20
0.4048562598425197
11
-0.3922735826771653
21
0.4050732677165354
0
LINE
8
BLACK
6
CONTINUOUS
10
-0.3922735826771653
20
0.4050732677165354
11
-0.392256968503937
21
0.4051135039370078
0
LINE
8
BLACK
6
CONTINUOUS
10
-0.392256968503937
20
0.4051135039370078
11
-0.3922421653543307
21
0.4052133464566929
0
LINE
8
BLACK
6
CONTINUOUS
10
-0.3922421653543307
20
0.4052133464566929
11
-0.3903674015748032
21
0.4127124015748032
0
LINE
8
BLACK
6
CONTINUOUS
10
-0.3903674015748032
20
0.4127124015748032
11
-0.3903522440944882
21
0.4127549212598425
0
LINE
8
BLACK
6
CONTINUOUS
10
-0.3903522440944882
20
0.4127549212598425
11
-0.3903507086614173
21
0.4127761417322834
0
LINE
8
BLACK
6
CONTINUOUS
10
-0.3903507086614173
20
0.4127761417322834
11
-0.390259094488189
21
0.4130155905511811
0
LINE
8
BLACK
6
CONTINUOUS
10
-0.390259094488189
20
0.4130155905511811
11
-0.3901726377952756
21
0.4132575196850394
0
LINE
8
BLACK
6
CONTINUOUS
10
-0.3901726377952756
20
0.4132575196850394
11
-0.3901599606299213
21
0.4132746850393701
0
LINE
8
BLACK
6
CONTINUOUS
10
-0.3901599606299213
20
0.4132746850393701
11
-0.3901438188976378
21
0.4133167716535433
0
LINE
8
BLACK
6
CONTINUOUS
10
-0.3901438188976378
20
0.4133167716535433
11
-0.3882690551181102
21
0.4170662992125984
0
LINE
8
BLACK
6
CONTINUOUS
10
-0.3882690551181102
20
0.4170662992125984
11
-0.3881129921259843
21
0.4173143307086614
0
LINE
8
BLACK
6
CONTINUOUS
10
-0.3881129921259843
20
0.4173143307086614
11
-0.3880831496062992
21
0.4173862598425197
0
LINE
8
BLACK
6
CONTINUOUS
10
-0.3880831496062992
20
0.4173862598425197
11
-0.3880166929133858
21
0.4174672440944882
0
LINE
8
BLACK
6
CONTINUOUS
10
-0.3880166929133858
20
0.4174672440944882
11
-0.3879607086614173
21
0.4175561811023622
0
LINE
8
BLACK
6
CONTINUOUS
10
-0.3879607086614173
20
0.4175561811023622
11
-0.3879017322834646
21
0.4176073622047244
0
LINE
8
BLACK
6
CONTINUOUS
10
-0.3879017322834646
20
0.4176073622047244
11
-0.3877159448818898
21
0.4178337007874016
0
LINE
8
BLACK
6
CONTINUOUS
10
-0.3877159448818898
20
0.4178337007874016
11
-0.3858411811023622
21
0.4197084645669291
0
LINE
8
BLACK
6
CONTINUOUS
10
-0.3858411811023622
20
0.4197084645669291
11
-0.385614842519685
21
0.4198942519685039
0
LINE
8
BLACK
6
CONTINUOUS
10
-0.385614842519685
20
0.4198942519685039
11
-0.3855636614173228
21
0.4199532283464567
0
LINE
8
BLACK
6
CONTINUOUS
10
-0.3855636614173228
20
0.4199532283464567
11
-0.3854747244094488
21
0.4200092125984252
0
LINE
8
BLACK
6
CONTINUOUS
10
-0.3854747244094488
20
0.4200092125984252
11
-0.3853937401574803
21
0.4200756692913385
0
LINE
8
BLACK
6
CONTINUOUS
10
-0.3853937401574803
20
0.4200756692913385
11
-0.3853218110236221
21
0.4201055118110236
0
LINE
8
BLACK
6
CONTINUOUS
10
-0.3853218110236221
20
0.4201055118110236
11
-0.3850737795275591
21
0.4202615748031496
0
LINE
8
BLACK
6
CONTINUOUS
10
-0.3850737795275591
20
0.4202615748031496
11
-0.3813242519685039
21
0.4221363385826771
0
LINE
8
BLACK
6
CONTINUOUS
10
-0.3813242519685039
20
0.4221363385826771
11
-0.3807836614173228
21
0.4223432283464567
0
LINE
8
BLACK
6
CONTINUOUS
10
-0.3807836614173228
20
0.4223432283464567
11
-0.3806777952755905
21
0.4223507874015748
0
LINE
8
BLACK
6
CONTINUOUS
10
-0.3806777952755905
20
0.4223507874015748
11
-0.3805798031496063
21
0.4223913385826771
0
LINE
8
BLACK
6
CONTINUOUS
10
-0.3805798031496063
20
0.4223913385826771
11
-0.3800037401574803
21
0.4224480708661417
0
LINE
8
BLACK
6
CONTINUOUS
10
-0.3800037401574803
20
0.4224480708661417
11
-0.3762542125984252
21
0.4224480708661417
0
LINE
8
BLACK
6
CONTINUOUS
10
-0.3762542125984252
20
0.4224480708661417
11
-0.3756781496062992
21
0.4223913385826771
0
LINE
8
BLACK
6
CONTINUOUS
10
-0.3820041732283465
20
0.4151938188976378
11
-0.3832012992125984
21
0.4139966929133858
0
LINE
8
BLACK
6
CONTINUOUS
10
-0.3832012992125984
20
0.4139966929133858
11
-0.384716811023622
21
0.4109657086614173
0
LINE
8
BLACK
6
CONTINUOUS
10
-0.384716811023622
20
0.4109657086614173
11
-0.3864248031496063
21
0.4041336614173228
0
LINE
8
BLACK
6
CONTINUOUS
10
-0.3864248031496063
20
0.4041336614173228
11
-0.3864248031496063
21
0.3954869291338582
0
LINE
8
BLACK
6
CONTINUOUS
10
-0.3864248031496063
20
0.3954869291338582
11
-0.384716811023622
21
0.3886548818897638
0
LINE
8
BLACK
6
CONTINUOUS
10
-0.384716811023622
20
0.3886548818897638
11
-0.3832012992125984
21
0.3856238976377953
0
LINE
8
BLACK
6
CONTINUOUS
10
-0.3832012992125984
20
0.3856238976377953
11
-0.3820041732283465
21
0.3844267322834646
0
LINE
8
BLACK
6
CONTINUOUS
10
-0.3820041732283465
20
0.3844267322834646
11
-0.3793066929133858
21
0.3830779921259843
0
LINE
8
BLACK
6
CONTINUOUS
10
-0.3793066929133858
20
0.3830779921259843
11
-0.3769512598425197
21
0.3830779921259843
0
LINE
8
BLACK
6
CONTINUOUS
10
-0.3769512598425197
20
0.3830779921259843
11
-0.3742538188976378
21
0.3844267322834646
0
LINE
8
BLACK
6
CONTINUOUS
10
-0.3742538188976378
20
0.3844267322834646
11
-0.3730566929133858
21
0.3856238976377953
0
LINE
8
BLACK
6
CONTINUOUS
10
-0.3730566929133858
20
0.3856238976377953
11
-0.3715411811023622
21
0.3886548818897638
0
LINE
8
BLACK
6
CONTINUOUS
10
-0.3715411811023622
20
0.3886548818897638
11
-0.3698331496062992
21
0.3954869291338582
0
LINE
8
BLACK
6
CONTINUOUS
10
-0.3698331496062992
20
0.3954869291338582
11
-0.3698331496062992
21
0.4041336614173228
0
LINE
8
BLACK
6
CONTINUOUS
10
-0.3698331496062992
20
0.4041336614173228
11
-0.3715411811023622
21
0.4109657086614173
0
LINE
8
BLACK
6
CONTINUOUS
10
-0.3715411811023622
20
0.4109657086614173
11
-0.3730566535433071
21
0.4139966929133858
0
LINE
8
BLACK
6
CONTINUOUS
10
-0.3730566535433071
20
0.4139966929133858
11
-0.3742537795275591
21
0.4151938188976378
0
LINE
8
BLACK
6
CONTINUOUS
10
-0.3742537795275591
20
0.4151938188976378
11
-0.3769512598425197
21
0.4165425590551181
0
LINE
8
BLACK
6
CONTINUOUS
10
-0.3769512598425197
20
0.4165425590551181
11
-0.3793066929133858
21
0.4165425590551181
0
LINE
8
BLACK
6
CONTINUOUS
10
-0.3793066929133858
20
0.4165425590551181
11
-0.3820041732283465
21
0.4151938188976378
0
LINE
8
BLACK
6
CONTINUOUS
10
-0.3363080708661417
20
0.4223913385826771
11
-0.3362100787401575
21
0.422350748031496
0
LINE
8
BLACK
6
CONTINUOUS
10
-0.3362100787401575
20
0.422350748031496
11
-0.3361042519685039
21
0.4223432283464567
0
LINE
8
BLACK
6
CONTINUOUS
10
-0.3361042519685039
20
0.4223432283464567
11
-0.3355636220472441
21
0.4221363385826771
0
LINE
8
BLACK
6
CONTINUOUS
10
-0.3355636220472441
20
0.4221363385826771
11
-0.331814094488189
21
0.4202615748031496
0
LINE
8
BLACK
6
CONTINUOUS
10
-0.331814094488189
20
0.4202615748031496
11
-0.3315661023622047
21
0.4201055118110236
0
LINE
8
BLACK
6
CONTINUOUS
10
-0.3315661023622047
20
0.4201055118110236
11
-0.3314941338582677
21
0.4200756692913385
0
LINE
8
BLACK
6
CONTINUOUS
10
-0.3314941338582677
20
0.4200756692913385
11
-0.3314131889763779
21
0.4200092125984252
0
LINE
8
BLACK
6
CONTINUOUS
10
-0.3314131889763779
20
0.4200092125984252
11
-0.3313242125984252
21
0.4199532283464567
0
LINE
8
BLACK
6
CONTINUOUS
10
-0.3313242125984252
20
0.4199532283464567
11
-0.3312730708661417
21
0.4198942519685039
0
LINE
8
BLACK
6
CONTINUOUS
10
-0.3312730708661417
20
0.4198942519685039
11
-0.3310466929133858
21
0.4197084645669291
0
LINE
8
BLACK
6
CONTINUOUS
10
-0.3310466929133858
20
0.4197084645669291
11
-0.3291719291338583
21
0.4178337007874016
0
LINE
8
BLACK
6
CONTINUOUS
10
-0.3291719291338583
20
0.4178337007874016
11
-0.3289861811023622
21
0.4176073622047244
0
LINE
8
BLACK
6
CONTINUOUS
10
-0.3289861811023622
20
0.4176073622047244
11
-0.3289271653543307
21
0.4175561811023622
0
LINE
8
BLACK
6
CONTINUOUS
10
-0.3289271653543307
20
0.4175561811023622
11
-0.3288712204724409
21
0.4174672440944882
0
LINE
8
BLACK
6
CONTINUOUS
10
-0.3288712204724409
20
0.4174672440944882
11
-0.3288047244094488
21
0.4173862598425197
0
LINE
8
BLACK
6
CONTINUOUS
10
-0.3288047244094488
20
0.4173862598425197
11
-0.3287749212598425
21
0.4173143307086614
0
LINE
8
BLACK
6
CONTINUOUS
10
-0.3287749212598425
20
0.4173143307086614
11
-0.3286188188976378
21
0.4170662992125984
0
LINE
8
BLACK
6
CONTINUOUS
10
-0.3286188188976378
20
0.4170662992125984
11
-0.3267440551181102
21
0.4133167716535433
0
LINE
8
BLACK
6
CONTINUOUS
10
-0.3267440551181102
20
0.4133167716535433
11
-0.3265371653543307
21
0.4127761811023622
0
LINE
8
BLACK
6
CONTINUOUS
10
-0.3265371653543307
20
0.4127761811023622
11
-0.3265296456692913
21
0.4126703149606299
0
LINE
8
BLACK
6
CONTINUOUS
10
-0.3265296456692913
20
0.4126703149606299
11
-0.3264890551181102
21
0.4125723228346457
0
LINE
8
BLACK
6
CONTINUOUS
10
-0.3264890551181102
20
0.4125723228346457
11
-0.3264323228346457
21
0.4119962598425197
0
LINE
8
BLACK
6
CONTINUOUS
10
-0.3264323228346457
20
0.4119962598425197
11
-0.3264323228346457
21
0.4101214960629921
0
LINE
8
BLACK
6
CONTINUOUS
10
-0.3264323228346457
20
0.4101214960629921
11
-0.3264890551181102
21
0.4095454330708661
0
LINE
8
BLACK
6
CONTINUOUS
10
-0.3264890551181102
20
0.4095454330708661
11
-0.3265296456692913
21
0.4094474803149606
0
LINE
8
BLACK
6
CONTINUOUS
10
-0.3265296456692913
20
0.4094474803149606
11
-0.3265371653543307
21
0.4093415748031496
0
LINE
8
BLACK
6
CONTINUOUS
10
-0.3265371653543307
20
0.4093415748031496
11
-0.3267440551181102
21
0.4088009842519685
0
LINE
8
BLACK
6
CONTINUOUS
10
-0.3267440551181102
20
0.4088009842519685
11
-0.3286188188976378
21
0.4050514566929134
0
LINE
8
BLACK
6
CONTINUOUS
10
-0.3286188188976378
20
0.4050514566929134
11
-0.3287749212598425
21
0.4048034645669291
0
LINE
8
BLACK
6
CONTINUOUS
10
-0.3287749212598425
20
0.4048034645669291
11
-0.3288047244094488
21
0.4047314960629921
0
LINE
8
BLACK
6
CONTINUOUS
10
-0.3288047244094488
20
0.4047314960629921
11
-0.3288712204724409
21
0.4046505511811024
0
LINE
8
BLACK
6
CONTINUOUS
10
-0.3288712204724409
20
0.4046505511811024
11
-0.3289271653543307
21
0.4045615748031496
0
LINE
8
BLACK
6
CONTINUOUS
10
-0.3289271653543307
20
0.4045615748031496
11
-0.3289861811023622
21
0.4045104330708661
0
LINE
8
BLACK
6
CONTINUOUS
10
-0.3289861811023622
20
0.4045104330708661
11
-0.3291719291338583
21
0.4042840551181102
0
LINE
8
BLACK
6
CONTINUOUS
10
-0.3291719291338583
20
0.4042840551181102
11
-0.3308335433070866
21
0.4026224409448819
0
LINE
8
BLACK
6
CONTINUOUS
10
-0.3308335433070866
20
0.4026224409448819
11
-0.3291719291338583
21
0.4009608267716535
0
LINE
8
BLACK
6
CONTINUOUS
10
-0.3291719291338583
20
0.4009608267716535
11
-0.3289861811023622
21
0.4007344881889764
0
LINE
8
BLACK
6
CONTINUOUS
10
-0.3289861811023622
20
0.4007344881889764
11
-0.3289271653543307
21
0.4006833070866141
0
LINE
8
BLACK
6
CONTINUOUS
10
-0.3289271653543307
20
0.4006833070866141
11
-0.3288712204724409
21
0.4005943700787402
0
LINE
8
BLACK
6
CONTINUOUS
10
-0.3288712204724409
20
0.4005943700787402
11
-0.3288047244094488
21
0.4005133858267717
0
LINE
8
BLACK
6
CONTINUOUS
10
-0.3288047244094488
20
0.4005133858267717
11
-0.3287749212598425
21
0.4004414566929134
0
LINE
8
BLACK
6
CONTINUOUS
10
-0.3287749212598425
20
0.4004414566929134
11
-0.3286188188976378
21
0.4001934251968504
0
LINE
8
BLACK
6
CONTINUOUS
10
-0.3286188188976378
20
0.4001934251968504
11
-0.3267440551181102
21
0.3964438976377953
0
LINE
8
BLACK
6
CONTINUOUS
10
-0.3267440551181102
20
0.3964438976377953
11
-0.3265371653543307
21
0.3959033070866141
0
LINE
8
BLACK
6
CONTINUOUS
10
-0.3265371653543307
20
0.3959033070866141
11
-0.3265296456692913
21
0.3957974409448819
0
LINE
8
BLACK
6
CONTINUOUS
10
-0.3265296456692913
20
0.3957974409448819
11
-0.3264890551181102
21
0.3956994488188976
0
LINE
8
BLACK
6
CONTINUOUS
10
-0.3264890551181102
20
0.3956994488188976
11
-0.3264323228346457
21
0.3951233858267716
0
LINE
8
BLACK
6
CONTINUOUS
10
-0.3264323228346457
20
0.3951233858267716
11
-0.3264323228346457
21
0.3876243307086614
0
LINE
8
BLACK
6
CONTINUOUS
10
-0.3264323228346457
20
0.3876243307086614
11
-0.3264890551181102
21
0.3870482677165354
0
LINE
8
BLACK
6
CONTINUOUS
10
-0.3264890551181102
20
0.3870482677165354
11
-0.3265296456692913
21
0.3869503149606299
0
LINE
8
BLACK
6
CONTINUOUS
10
-0.3265296456692913
20
0.3869503149606299
11
-0.3265371653543307
21
0.3868444094488189
0
LINE
8
BLACK
6
CONTINUOUS
10
-0.3265371653543307
20
0.3868444094488189
11
-0.3267440551181102
21
0.3863038188976378
0
LINE
8
BLACK
6
CONTINUOUS
10
-0.3267440551181102
20
0.3863038188976378
11
-0.3286188188976378
21
0.3825542913385827
0
LINE
8
BLACK
6
CONTINUOUS
10
-0.3286188188976378
20
0.3825542913385827
11
-0.3287748818897638
21
0.3823064173228347
0
LINE
8
BLACK
6
CONTINUOUS
10
-0.3287748818897638
20
0.3823064173228347
11
-0.32880468503937
21
0.3822343700787402
0
LINE
8
BLACK
6
CONTINUOUS
10
-0.32880468503937
20
0.3822343700787402
11
-0.3288712204724409
21
0.3821533464566929
0
LINE
8
BLACK
6
CONTINUOUS
10
-0.3288712204724409
20
0.3821533464566929
11
-0.3289271653543307
21
0.3820644094488189
0
LINE
8
BLACK
6
CONTINUOUS
10
-0.3289271653543307
20
0.3820644094488189
11
-0.3289861811023622
21
0.3820132677165354
0
LINE
8
BLACK
6
CONTINUOUS
10
-0.3289861811023622
20
0.3820132677165354
11
-0.3291719291338583
21
0.3817868897637795
0
LINE
8
BLACK
6
CONTINUOUS
10
-0.3291719291338583
20
0.3817868897637795
11
-0.3310466535433071
21
0.3799121259842519
0
LINE
8
BLACK
6
CONTINUOUS
10
-0.3310466535433071
20
0.3799121259842519
11
-0.331273031496063
21
0.3797263779527559
0
LINE
8
BLACK
6
CONTINUOUS
10
-0.331273031496063
20
0.3797263779527559
11
-0.3313242125984252
21
0.3796673228346457
0
LINE
8
BLACK
6
CONTINUOUS
10
-0.3313242125984252
20
0.3796673228346457
11
-0.3314131889763779
21
0.3796113385826771
0
LINE
8
BLACK
6
CONTINUOUS
10
-0.3314131889763779
20
0.3796113385826771
11
-0.3314941338582677
21
0.3795448818897638
0
LINE
8
BLACK
6
CONTINUOUS
10
-0.3314941338582677
20
0.3795448818897638
11
-0.3315661023622047
21
0.3795150787401575
0
LINE
8
BLACK
6
CONTINUOUS
10
-0.3315661023622047
20
0.3795150787401575
11
-0.331814094488189
21
0.3793589763779527
0
LINE
8
BLACK
6
CONTINUOUS
10
-0.331814094488189
20
0.3793589763779527
11
-0.3355636220472441
21
0.3774842125984252
0
LINE
8
BLACK
6
CONTINUOUS
10
-0.3355636220472441
20
0.3774842125984252
11
-0.3361042519685039
21
0.3772773228346457
0
LINE
8
BLACK
6
CONTINUOUS
10
-0.3361042519685039
20
0.3772773228346457
11
-0.3362100787401575
21
0.377269842519685
0
LINE
8
BLACK
6
CONTINUOUS
10
-0.3362100787401575
20
0.377269842519685
11
-0.3363080708661417
21
0.3772292125984252
0
LINE
8
BLACK
6
CONTINUOUS
10
-0.3363080708661417
20
0.3772292125984252
11
-0.3368841338582677
21
0.3771724803149606
0
LINE
8
BLACK
6
CONTINUOUS
10
-0.3368841338582677
20
0.3771724803149606
11
-0.3443831889763779
21
0.3771724803149606
0
LINE
8
BLACK
6
CONTINUOUS
10
-0.3443831889763779
20
0.3771724803149606
11
-0.3449592519685039
21
0.3772292125984252
0
LINE
8
BLACK
6
CONTINUOUS
10
-0.3449592519685039
20
0.3772292125984252
11
-0.3450572440944882
21
0.3772698031496063
0
LINE
8
BLACK
6
CONTINUOUS
10
-0.3450572440944882
20
0.3772698031496063
11
-0.3451631102362205
21
0.3772773228346457
0
LINE
8
BLACK
6
CONTINUOUS
10
-0.3451631102362205
20
0.3772773228346457
11
-0.3457037007874016
21
0.3774842125984252
0
LINE
8
BLACK
6
CONTINUOUS
10
-0.3457037007874016
20
0.3774842125984252
11
-0.3494532283464567
21
0.3793589763779527
0
LINE
8
BLACK
6
CONTINUOUS
10
-0.3494532283464567
20
0.3793589763779527
11
-0.3497012598425197
21
0.3795150787401575
0
LINE
8
BLACK
6
CONTINUOUS
10
-0.3497012598425197
20
0.3795150787401575
11
-0.3497731889763779
21
0.3795448818897638
0
LINE
8
BLACK
6
CONTINUOUS
10
-0.3497731889763779
20
0.3795448818897638
11
-0.3498541732283464
21
0.3796113385826771
0
LINE
8
BLACK
6
CONTINUOUS
10
-0.3498541732283464
20
0.3796113385826771
11
-0.3499431102362205
21
0.3796673228346457
0
LINE
8
BLACK
6
CONTINUOUS
10
-0.3499431102362205
20
0.3796673228346457
11
-0.3499943307086614
21
0.3797263779527559
0
LINE
8
BLACK
6
CONTINUOUS
10
-0.3499943307086614
20
0.3797263779527559
11
-0.3502206692913385
21
0.3799121259842519
0
LINE
8
BLACK
6
CONTINUOUS
10
-0.3502206692913385
20
0.3799121259842519
11
-0.3520954330708662
21
0.3817869291338583
0
LINE
8
BLACK
6
CONTINUOUS
10
-0.3520954330708662
20
0.3817869291338583
11
-0.3522811811023622
21
0.3820132677165354
0
LINE
8
BLACK
6
CONTINUOUS
10
-0.3522811811023622
20
0.3820132677165354
11
-0.3523401574803149
21
0.3820644094488189
0
LINE
8
BLACK
6
CONTINUOUS
10
-0.3523401574803149
20
0.3820644094488189
11
-0.3523961417322835
21
0.3821533464566929
0
LINE
8
BLACK
6
CONTINUOUS
10
-0.3523961417322835
20
0.3821533464566929
11
-0.3524626377952756
21
0.3822343700787402
0
LINE
8
BLACK
6
CONTINUOUS
10
-0.3524626377952756
20
0.3822343700787402
11
-0.3524924803149606
21
0.3823064173228347
0
LINE
8
BLACK
6
CONTINUOUS
10
-0.3524924803149606
20
0.3823064173228347
11
-0.3526485039370079
21
0.3825542913385827
0
LINE
8
BLACK
6
CONTINUOUS
10
-0.3526485039370079
20
0.3825542913385827
11
-0.3545232677165354
21
0.3863038188976378
0
LINE
8
BLACK
6
CONTINUOUS
10
-0.3545232677165354
20
0.3863038188976378
11
-0.3547301574803149
21
0.3868444488188976
0
LINE
8
BLACK
6
CONTINUOUS
10
-0.3547301574803149
20
0.3868444488188976
11
-0.3547376771653543
21
0.3869502755905512
0
LINE
8
BLACK
6
CONTINUOUS
10
-0.3547376771653543
20
0.3869502755905512
11
-0.3547782677165354
21
0.3870482677165354
0
LINE
8
BLACK
6
CONTINUOUS
10
-0.3547782677165354
20
0.3870482677165354
11
-0.354835
21
0.3876243307086614
0
LINE
8
BLACK
6
CONTINUOUS
10
-0.354835
20
0.3876243307086614
11
-0.354835
21
0.3951233858267716
0
LINE
8
BLACK
6
CONTINUOUS
10
-0.354835
20
0.3951233858267716
11
-0.3547782677165354
21
0.3956994488188976
0
LINE
8
BLACK
6
CONTINUOUS
10
-0.3547782677165354
20
0.3956994488188976
11
-0.3547376771653543
21
0.3957974803149606
0
LINE
8
BLACK
6
CONTINUOUS
10
-0.3547376771653543
20
0.3957974803149606
11
-0.3547301574803149
21
0.3959032677165354
0
LINE
8
BLACK
6
CONTINUOUS
10
-0.3547301574803149
20
0.3959032677165354
11
-0.3545232677165354
21
0.3964438976377953
0
LINE
8
BLACK
6
CONTINUOUS
10
-0.3545232677165354
20
0.3964438976377953
11
-0.3526485039370079
21
0.4001934251968504
0
LINE
8
BLACK
6
CONTINUOUS
10
-0.3526485039370079
20
0.4001934251968504
11
-0.3524924409448819
21
0.4004414566929134
0
LINE
8
BLACK
6
CONTINUOUS
10
-0.3524924409448819
20
0.4004414566929134
11
-0.3524625984251968
21
0.4005133858267717
0
LINE
8
BLACK
6
CONTINUOUS
10
-0.3524625984251968
20
0.4005133858267717
11
-0.3523961417322835
21
0.4005943700787402
0
LINE
8
BLACK
6
CONTINUOUS
10
-0.3523961417322835
20
0.4005943700787402
11
-0.3523401574803149
21
0.4006833070866141
0
LINE
8
BLACK
6
CONTINUOUS
10
-0.3523401574803149
20
0.4006833070866141
11
-0.3522811811023622
21
0.4007344881889764
0
LINE
8
BLACK
6
CONTINUOUS
10
-0.3522811811023622
20
0.4007344881889764
11
-0.3520953937007874
21
0.4009608267716535
0
LINE
8
BLACK
6
CONTINUOUS
10
-0.3520953937007874
20
0.4009608267716535
11
-0.3504337795275591
21
0.4026224409448819
0
LINE
8
BLACK
6
CONTINUOUS
10
-0.3504337795275591
20
0.4026224409448819
11
-0.3520953937007874
21
0.4042840551181102
0
LINE
8
BLACK
6
CONTINUOUS
10
-0.3520953937007874
20
0.4042840551181102
11
-0.3522811811023622
21
0.4045104330708661
0
LINE
8
BLACK
6
CONTINUOUS
10
-0.3522811811023622
20
0.4045104330708661
11
-0.3523401574803149
21
0.4045615748031496
0
LINE
8
BLACK
6
CONTINUOUS
10
-0.3523401574803149
20
0.4045615748031496
11
-0.3523961417322835
21
0.4046505511811024
0
LINE
8
BLACK
6
CONTINUOUS
10
-0.3523961417322835
20
0.4046505511811024
11
-0.3524625984251968
21
0.4047314960629921
0
LINE
8
BLACK
6
CONTINUOUS
10
-0.3524625984251968
20
0.4047314960629921
11
-0.3524924409448819
21
0.4048034645669291
0
LINE
8
BLACK
6
CONTINUOUS
10
-0.3524924409448819
20
0.4048034645669291
11
-0.3526485039370079
21
0.4050514566929134
0
LINE
8
BLACK
6
CONTINUOUS
10
-0.3526485039370079
20
0.4050514566929134
11
-0.3545232677165354
21
0.4088009842519685
0
LINE
8
BLACK
6
CONTINUOUS
10
-0.3545232677165354
20
0.4088009842519685
11
-0.3547301574803149
21
0.4093416141732283
0
LINE
8
BLACK
6
CONTINUOUS
10
-0.3547301574803149
20
0.4093416141732283
11
-0.3547376771653543
21
0.4094474409448819
0
LINE
8
BLACK
6
CONTINUOUS
10
-0.3547376771653543
20
0.4094474409448819
11
-0.3547782677165354
21
0.4095454330708661
0
LINE
8
BLACK
6
CONTINUOUS
10
-0.3547782677165354
20
0.4095454330708661
11
-0.354835
21
0.4101214960629921
0
LINE
8
BLACK
6
CONTINUOUS
10
-0.354835
20
0.4101214960629921
11
-0.354835
21
0.4119962598425197
0
LINE
8
BLACK
6
CONTINUOUS
10
-0.354835
20
0.4119962598425197
11
-0.3547782677165354
21
0.4125723228346457
0
LINE
8
BLACK
6
CONTINUOUS
10
-0.3547782677165354
20
0.4125723228346457
11
-0.3547376771653543
21
0.4126703543307086
0
LINE
8
BLACK
6
CONTINUOUS
10
-0.3547376771653543
20
0.4126703543307086
11
-0.3547301574803149
21
0.4127761417322834
0
LINE
8
BLACK
6
CONTINUOUS
10
-0.3547301574803149
20
0.4127761417322834
11
-0.3545232677165354
21
0.4133167716535433
0
LINE
8
BLACK
6
CONTINUOUS
10
-0.3545232677165354
20
0.4133167716535433
11
-0.3526485039370079
21
0.4170662992125984
0
LINE
8
BLACK
6
CONTINUOUS
10
-0.3526485039370079
20
0.4170662992125984
11
-0.3524924409448819
21
0.4173143307086614
0
LINE
8
BLACK
6
CONTINUOUS
10
-0.3524924409448819
20
0.4173143307086614
11
-0.3524625984251968
21
0.4173862598425197
0
LINE
8
BLACK
6
CONTINUOUS
10
-0.3524625984251968
20
0.4173862598425197
11
-0.3523961417322835
21
0.4174672440944882
0
LINE
8
BLACK
6
CONTINUOUS
10
-0.3523961417322835
20
0.4174672440944882
11
-0.3523401574803149
21
0.4175561811023622
0
LINE
8
BLACK
6
CONTINUOUS
10
-0.3523401574803149
20
0.4175561811023622
11
-0.3522811811023622
21
0.4176073622047244
0
LINE
8
BLACK
6
CONTINUOUS
10
-0.3522811811023622
20
0.4176073622047244
11
-0.3520953937007874
21
0.4178337007874016
0
LINE
8
BLACK
6
CONTINUOUS
10
-0.3520953937007874
20
0.4178337007874016
11
-0.3502206299212599
21
0.4197084645669291
0
LINE
8
BLACK
6
CONTINUOUS
10
-0.3502206299212599
20
0.4197084645669291
11
-0.3499942913385827
21
0.4198942519685039
0
LINE
8
BLACK
6
CONTINUOUS
10
-0.3499942913385827
20
0.4198942519685039
11
-0.3499431102362205
21
0.4199532283464567
0
LINE
8
BLACK
6
CONTINUOUS
10
-0.3499431102362205
20
0.4199532283464567
11
-0.3498541732283464
21
0.4200092125984252
0
LINE
8
BLACK
6
CONTINUOUS
10
-0.3498541732283464
20
0.4200092125984252
11
-0.3497731889763779
21
0.4200756692913385
0
LINE
8
BLACK
6
CONTINUOUS
10
-0.3497731889763779
20
0.4200756692913385
11
-0.3497012598425197
21
0.4201055118110236
0
LINE
8
BLACK
6
CONTINUOUS
10
-0.3497012598425197
20
0.4201055118110236
11
-0.3494532283464567
21
0.4202615748031496
0
LINE
8
BLACK
6
CONTINUOUS
10
-0.3494532283464567
20
0.4202615748031496
11
-0.3457037007874016
21
0.4221363385826771
0
LINE
8
BLACK
6
CONTINUOUS
10
-0.3457037007874016
20
0.4221363385826771
11
-0.3451631102362205
21
0.4223432283464567
0
LINE
8
BLACK
6
CONTINUOUS
10
-0.3451631102362205
20
0.4223432283464567
11
-0.3450572440944882
21
0.4223507874015748
0
LINE
8
BLACK
6
CONTINUOUS
10
-0.3450572440944882
20
0.4223507874015748
11
-0.3449592519685039
21
0.4223913385826771
0
LINE
8
BLACK
6
CONTINUOUS
10
-0.3449592519685039
20
0.4223913385826771
11
-0.3443831889763779
21
0.4224480708661417
0
LINE
8
BLACK
6
CONTINUOUS
10
-0.3443831889763779
20
0.4224480708661417
11
-0.3368841338582677
21
0.4224480708661417
0
LINE
8
BLACK
6
CONTINUOUS
10
-0.3368841338582677
20
0.4224480708661417
11
-0.3363080708661417
21
0.4223913385826771
0
LINE
8
BLACK
6
CONTINUOUS
10
-0.3463836220472441
20
0.3983209448818897
11
-0.3475807480314961
21
0.3971238188976378
0
LINE
8
BLACK
6
CONTINUOUS
10
-0.3475807480314961
20
0.3971238188976378
11
-0.3489294881889763
21
0.3944263385826772
0
LINE
8
BLACK
6
CONTINUOUS
10
-0.3489294881889763
20
0.3944263385826772
11
-0.3489294881889763
21
0.3883213779527559
0
LINE
8
BLACK
6
CONTINUOUS
10
-0.3489294881889763
20
0.3883213779527559
11
-0.3475807480314961
21
0.3856238976377953
0
LINE
8
BLACK
6
CONTINUOUS
10
-0.3475807480314961
20
0.3856238976377953
11
-0.3463836220472441
21
0.3844267322834646
0
LINE
8
BLACK
6
CONTINUOUS
10
-0.3463836220472441
20
0.3844267322834646
11
-0.3436861417322835
21
0.3830779921259843
0
LINE
8
BLACK
6
CONTINUOUS
10
-0.3436861417322835
20
0.3830779921259843
11
-0.3375811811023622
21
0.3830779921259843
0
LINE
8
BLACK
6
CONTINUOUS
10
-0.3375811811023622
20
0.3830779921259843
11
-0.3348837401574803
21
0.3844267322834646
0
LINE
8
BLACK
6
CONTINUOUS
10
-0.3348837401574803
20
0.3844267322834646
11
-0.3336866141732283
21
0.3856238976377953
0
LINE
8
BLACK
6
CONTINUOUS
10
-0.3336866141732283
20
0.3856238976377953
11
-0.3323378346456693
21
0.3883213779527559
0
LINE
8
BLACK
6
CONTINUOUS
10
-0.3323378346456693
20
0.3883213779527559
11
-0.3323378346456693
21
0.3944263385826772
0
LINE
8
BLACK
6
CONTINUOUS
10
-0.3323378346456693
20
0.3944263385826772
11
-0.3336865748031496
21
0.3971238188976378
0
LINE
8
BLACK
6
CONTINUOUS
10
-0.3336865748031496
20
0.3971238188976378
11
-0.3348837007874016
21
0.3983209448818897
0
LINE
8
BLACK
6
CONTINUOUS
10
-0.3348837007874016
20
0.3983209448818897
11
-0.3375811811023622
21
0.3996696850393701
0
LINE
8
BLACK
6
CONTINUOUS
10
-0.3375811811023622
20
0.3996696850393701
11
-0.3436861417322835
21
0.3996696850393701
0
LINE
8
BLACK
6
CONTINUOUS
10
-0.3436861417322835
20
0.3996696850393701
11
-0.3463836220472441
21
0.3983209448818897
0
LINE
8
BLACK
6
CONTINUOUS
10
-0.3463836220472441
20
0.4151938188976378
11
-0.3475807480314961
21
0.4139966929133858
0
LINE
8
BLACK
6
CONTINUOUS
10
-0.3475807480314961
20
0.4139966929133858
11
-0.3489294881889763
21
0.4112992125984252
0
LINE
8
BLACK
6
CONTINUOUS
10
-0.3489294881889763
20
0.4112992125984252
11
-0.3489294881889763
21
0.4108185433070866
0
LINE
8
BLACK
6
CONTINUOUS
10
-0.3489294881889763
20
0.4108185433070866
11
-0.3475807480314961
21
0.408121062992126
0
LINE
8
BLACK
6
CONTINUOUS
10
-0.3475807480314961
20
0.408121062992126
11
-0.3463836220472441
21
0.406923937007874
0
LINE
8
BLACK
6
CONTINUOUS
10
-0.3463836220472441
20
0.406923937007874
11
-0.3436861417322835
21
0.4055751968503937
0
LINE
8
BLACK
6
CONTINUOUS
10
-0.3436861417322835
20
0.4055751968503937
11
-0.3375811811023622
21
0.4055751968503937
0
LINE
8
BLACK
6
CONTINUOUS
10
-0.3375811811023622
20
0.4055751968503937
11
-0.3348837007874016
21
0.406923937007874
0
LINE
8
BLACK
6
CONTINUOUS
10
-0.3348837007874016
20
0.406923937007874
11
-0.3336865748031496
21
0.408121062992126
0
LINE
8
BLACK
6
CONTINUOUS
10
-0.3336865748031496
20
0.408121062992126
11
-0.3323378346456693
21
0.4108185433070866
0
LINE
8
BLACK
6
CONTINUOUS
10
-0.3323378346456693
20
0.4108185433070866
11
-0.3323378346456693
21
0.4112992125984252
0
LINE
8
BLACK
6
CONTINUOUS
10
-0.3323378346456693
20
0.4112992125984252
11
-0.3336865748031496
21
0.4139966929133858
0
LINE
8
BLACK
6
CONTINUOUS
10
-0.3336865748031496
20
0.4139966929133858
11
-0.3348837007874016
21
0.4151938188976378
0
LINE
8
BLACK
6
CONTINUOUS
10
-0.3348837007874016
20
0.4151938188976378
11
-0.3375811811023622
21
0.4165425590551181
0
LINE
8
BLACK
6
CONTINUOUS
10
-0.3375811811023622
20
0.4165425590551181
11
-0.3436861417322835
21
0.4165425590551181
0
LINE
8
BLACK
6
CONTINUOUS
10
-0.3436861417322835
20
0.4165425590551181
11
-0.3463836220472441
21
0.4151938188976378
0
LINE
8
BLACK
6
CONTINUOUS
10
-0.3006875196850394
20
0.4223913385826771
11
-0.3005895275590551
21
0.422350748031496
0
LINE
8
BLACK
6
CONTINUOUS
10
-0.3005895275590551
20
0.422350748031496
11
-0.3004837007874016
21
0.4223432283464567
0
LINE
8
BLACK
6
CONTINUOUS
10
-0.3004837007874016
20
0.4223432283464567
11
-0.2999430708661417
21
0.4221363385826771
0
LINE
8
BLACK
6
CONTINUOUS
10
-0.2999430708661417
20
0.4221363385826771
11
-0.2961935433070866
21
0.4202615748031496
0
LINE
8
BLACK
6
CONTINUOUS
10
-0.2961935433070866
20
0.4202615748031496
11
-0.2959455511811023
21
0.4201055118110236
0
LINE
8
BLACK
6
CONTINUOUS
10
-0.2959455511811023
20
0.4201055118110236
11
-0.2958735826771653
21
0.4200756692913385
0
LINE
8
BLACK
6
CONTINUOUS
10
-0.2958735826771653
20
0.4200756692913385
11
-0.2957926377952756
21
0.4200092125984252
0
LINE
8
BLACK
6
CONTINUOUS
10
-0.2957926377952756
20
0.4200092125984252
11
-0.2957036614173228
21
0.4199532283464567
0
LINE
8
BLACK
6
CONTINUOUS
10
-0.2957036614173228
20
0.4199532283464567
11
-0.2956525196850394
21
0.4198942519685039
0
LINE
8
BLACK
6
CONTINUOUS
10
-0.2956525196850394
20
0.4198942519685039
11
-0.2954261417322834
21
0.4197084645669291
0
LINE
8
BLACK
6
CONTINUOUS
10
-0.2954261417322834
20
0.4197084645669291
11
-0.2935513779527559
21
0.4178337007874016
0
LINE
8
BLACK
6
CONTINUOUS
10
-0.2935513779527559
20
0.4178337007874016
11
-0.2933656299212599
21
0.4176073622047244
0
LINE
8
BLACK
6
CONTINUOUS
10
-0.2933656299212599
20
0.4176073622047244
11
-0.2933066141732283
21
0.4175561811023622
0
LINE
8
BLACK
6
CONTINUOUS
10
-0.2933066141732283
20
0.4175561811023622
11
-0.2932506692913386
21
0.4174672440944882
0
LINE
8
BLACK
6
CONTINUOUS
10
-0.2932506692913386
20
0.4174672440944882
11
-0.2931841732283464
21
0.4173862598425197
0
LINE
8
BLACK
6
CONTINUOUS
10
-0.2931841732283464
20
0.4173862598425197
11
-0.2931543700787402
21
0.4173143307086614
0
LINE
8
BLACK
6
CONTINUOUS
10
-0.2931543700787402
20
0.4173143307086614
11
-0.2929982677165354
21
0.4170662992125984
0
LINE
8
BLACK
6
CONTINUOUS
10
-0.2929982677165354
20
0.4170662992125984
11
-0.2911235039370079
21
0.4133167716535433
0
LINE
8
BLACK
6
CONTINUOUS
10
-0.2911235039370079
20
0.4133167716535433
11
-0.2911074015748031
21
0.4132746850393701
0
LINE
8
BLACK
6
CONTINUOUS
10
-0.2911074015748031
20
0.4132746850393701
11
-0.2910946850393701
21
0.4132575196850394
0
LINE
8
BLACK
6
CONTINUOUS
10
-0.2910946850393701
20
0.4132575196850394
11
-0.2910083858267716
21
0.4130159448818898
0
LINE
8
BLACK
6
CONTINUOUS
10
-0.2910083858267716
20
0.4130159448818898
11
-0.2909166141732283
21
0.4127761811023622
0
LINE
8
BLACK
6
CONTINUOUS
10
-0.2909166141732283
20
0.4127761811023622
11
-0.2909151181102362
21
0.4127549212598425
0
LINE
8
BLACK
6
CONTINUOUS
10
-0.2909151181102362
20
0.4127549212598425
11
-0.2908999212598425
21
0.4127124015748032
0
LINE
8
BLACK
6
CONTINUOUS
10
-0.2908999212598425
20
0.4127124015748032
11
-0.2890251574803149
21
0.4052133464566929
0
LINE
8
BLACK
6
CONTINUOUS
10
-0.2890251574803149
20
0.4052133464566929
11
-0.2890103937007874
21
0.4051135039370078
0
LINE
8
BLACK
6
CONTINUOUS
10
-0.2890103937007874
20
0.4051135039370078
11
-0.2889937401574803
21
0.4050732677165354
0
LINE
8
BLACK
6
CONTINUOUS
10
-0.2889937401574803
20
0.4050732677165354
11
-0.2889724015748031
21
0.4048562598425197
0
LINE
8
BLACK
6
CONTINUOUS
10
-0.2889724015748031
20
0.4048562598425197
11
-0.2889405118110236
21
0.4046407480314961
0
LINE
8
BLACK
6
CONTINUOUS
10
-0.2889405118110236
20
0.4046407480314961
11
-0.2889469291338583
21
0.4045977559055118
0
LINE
8
BLACK
6
CONTINUOUS
10
-0.2889469291338583
20
0.4045977559055118
11
-0.2889370078740157
21
0.4044972047244094
0
LINE
8
BLACK
6
CONTINUOUS
10
-0.2889370078740157
20
0.4044972047244094
11
-0.2889370078740157
21
0.3951233858267716
0
LINE
8
BLACK
6
CONTINUOUS
10
-0.2889370078740157
20
0.3951233858267716
11
-0.2889469291338583
21
0.395022874015748
0
LINE
8
BLACK
6
CONTINUOUS
10
-0.2889469291338583
20
0.395022874015748
11
-0.2889405118110236
21
0.394979842519685
0
LINE
8
BLACK
6
CONTINUOUS
10
-0.2889405118110236
20
0.394979842519685
11
-0.2889724015748031
21
0.3947643700787402
0
LINE
8
BLACK
6
CONTINUOUS
10
-0.2889724015748031
20
0.3947643700787402
11
-0.2889937401574803
21
0.3945473228346457
0
LINE
8
BLACK
6
CONTINUOUS
10
-0.2889937401574803
20
0.3945473228346457
11
-0.2890103937007874
21
0.394507125984252
0
LINE
8
BLACK
6
CONTINUOUS
10
-0.2890103937007874
20
0.394507125984252
11
-0.2890251574803149
21
0.3944072440944882
0
LINE
8
BLACK
6
CONTINUOUS
10
-0.2890251574803149
20
0.3944072440944882
11
-0.2908999212598425
21
0.386908188976378
0
LINE
8
BLACK
6
CONTINUOUS
10
-0.2908999212598425
20
0.386908188976378
11
-0.2909151181102362
21
0.3868657086614173
0
LINE
8
BLACK
6
CONTINUOUS
10
-0.2909151181102362
20
0.3868657086614173
11
-0.2909166141732283
21
0.3868444094488189
0
LINE
8
BLACK
6
CONTINUOUS
10
-0.2909166141732283
20
0.3868444094488189
11
-0.2910083858267716
21
0.3866046850393701
0
LINE
8
BLACK
6
CONTINUOUS
10
-0.2910083858267716
20
0.3866046850393701
11
-0.2910946850393701
21
0.3863630708661417
0
LINE
8
BLACK
6
CONTINUOUS
10
-0.2910946850393701
20
0.3863630708661417
11
-0.2911074015748031
21
0.3863459448818898
0
LINE
8
BLACK
6
CONTINUOUS
10
-0.2911074015748031
20
0.3863459448818898
11
-0.2911235039370079
21
0.3863038188976378
0
LINE
8
BLACK
6
CONTINUOUS
10
-0.2911235039370079
20
0.3863038188976378
11
-0.2929982677165354
21
0.3825542913385827
0
LINE
8
BLACK
6
CONTINUOUS
10
-0.2929982677165354
20
0.3825542913385827
11
-0.2931543307086614
21
0.3823064173228347
0
LINE
8
BLACK
6
CONTINUOUS
10
-0.2931543307086614
20
0.3823064173228347
11
-0.2931841338582677
21
0.3822343700787402
0
LINE
8
BLACK
6
CONTINUOUS
10
-0.2931841338582677
20
0.3822343700787402
11
-0.2932506692913386
21
0.3821533464566929
0
LINE
8
BLACK
6
CONTINUOUS
10
-0.2932506692913386
20
0.3821533464566929
11
-0.2933066141732283
21
0.3820644094488189
0
LINE
8
BLACK
6
CONTINUOUS
10
-0.2933066141732283
20
0.3820644094488189
11
-0.2933656299212599
21
0.3820132677165354
0
LINE
8
BLACK
6
CONTINUOUS
10
-0.2933656299212599
20
0.3820132677165354
11
-0.2935513779527559
21
0.3817868897637795
0
LINE
8
BLACK
6
CONTINUOUS
10
-0.2935513779527559
20
0.3817868897637795
11
-0.2954261023622047
21
0.3799121259842519
0
LINE
8
BLACK
6
CONTINUOUS
10
-0.2954261023622047
20
0.3799121259842519
11
-0.2956524803149606
21
0.3797263779527559
0
LINE
8
BLACK
6
CONTINUOUS
10
-0.2956524803149606
20
0.3797263779527559
11
-0.2957036614173228
21
0.3796673228346457
0
LINE
8
BLACK
6
CONTINUOUS
10
-0.2957036614173228
20
0.3796673228346457
11
-0.2957926377952756
21
0.3796113385826771
0
LINE
8
BLACK
6
CONTINUOUS
10
-0.2957926377952756
20
0.3796113385826771
11
-0.2958735826771653
21
0.3795448818897638
0
LINE
8
BLACK
6
CONTINUOUS
10
-0.2958735826771653
20
0.3795448818897638
11
-0.2959455511811023
21
0.3795150787401575
0
LINE
8
BLACK
6
CONTINUOUS
10
-0.2959455511811023
20
0.3795150787401575
11
-0.2961935433070866
21
0.3793589763779527
0
LINE
8
BLACK
6
CONTINUOUS
10
-0.2961935433070866
20
0.3793589763779527
11
-0.2999430708661417
21
0.3774842125984252
0
LINE
8
BLACK
6
CONTINUOUS
10
-0.2999430708661417
20
0.3774842125984252
11
-0.3004837007874016
21
0.3772773228346457
0
LINE
8
BLACK
6
CONTINUOUS
10
-0.3004837007874016
20
0.3772773228346457
11
-0.3005895275590551
21
0.377269842519685
0
LINE
8
BLACK
6
CONTINUOUS
10
-0.3005895275590551
20
0.377269842519685
11
-0.3006875196850394
21
0.3772292125984252
0
LINE
8
BLACK
6
CONTINUOUS
10
-0.3006875196850394
20
0.3772292125984252
11
-0.3012635826771654
21
0.3771724803149606
0
LINE
8
BLACK
6
CONTINUOUS
10
-0.3012635826771654
20
0.3771724803149606
11
-0.3050131102362205
21
0.3771724803149606
0
LINE
8
BLACK
6
CONTINUOUS
10
-0.3050131102362205
20
0.3771724803149606
11
-0.3055891732283464
21
0.3772292125984252
0
LINE
8
BLACK
6
CONTINUOUS
10
-0.3055891732283464
20
0.3772292125984252
11
-0.3056871653543307
21
0.3772698031496063
0
LINE
8
BLACK
6
CONTINUOUS
10
-0.3056871653543307
20
0.3772698031496063
11
-0.305793031496063
21
0.3772773228346457
0
LINE
8
BLACK
6
CONTINUOUS
10
-0.305793031496063
20
0.3772773228346457
11
-0.3063336220472441
21
0.3774842125984252
0
LINE
8
BLACK
6
CONTINUOUS
10
-0.3063336220472441
20
0.3774842125984252
11
-0.3100831496062992
21
0.3793589763779527
0
LINE
8
BLACK
6
CONTINUOUS
10
-0.3100831496062992
20
0.3793589763779527
11
-0.3103311811023622
21
0.3795150787401575
0
LINE
8
BLACK
6
CONTINUOUS
10
-0.3103311811023622
20
0.3795150787401575
11
-0.3104031102362205
21
0.3795448818897638
0
LINE
8
BLACK
6
CONTINUOUS
10
-0.3104031102362205
20
0.3795448818897638
11
-0.310484094488189
21
0.3796113385826771
0
LINE
8
BLACK
6
CONTINUOUS
10
-0.310484094488189
20
0.3796113385826771
11
-0.310573031496063
21
0.3796673228346457
0
LINE
8
BLACK
6
CONTINUOUS
10
-0.310573031496063
20
0.3796673228346457
11
-0.3106242519685039
21
0.3797263779527559
0
LINE
8
BLACK
6
CONTINUOUS
10
-0.3106242519685039
20
0.3797263779527559
11
-0.3108505905511811
21
0.3799121259842519
0
LINE
8
BLACK
6
CONTINUOUS
10
-0.3108505905511811
20
0.3799121259842519
11
-0.3127253543307086
21
0.3817869291338583
0
LINE
8
BLACK
6
CONTINUOUS
10
-0.3127253543307086
20
0.3817869291338583
11
-0.3129111023622047
21
0.3820132677165354
0
LINE
8
BLACK
6
CONTINUOUS
10
-0.3129111023622047
20
0.3820132677165354
11
-0.3129700787401575
21
0.3820644094488189
0
LINE
8
BLACK
6
CONTINUOUS
10
-0.3129700787401575
20
0.3820644094488189
11
-0.313026062992126
21
0.3821533464566929
0
LINE
8
BLACK
6
CONTINUOUS
10
-0.313026062992126
20
0.3821533464566929
11
-0.3130925590551181
21
0.3822343700787402
0
LINE
8
BLACK
6
CONTINUOUS
10
-0.3130925590551181
20
0.3822343700787402
11
-0.3131224015748031
21
0.3823064173228347
0
LINE
8
BLACK
6
CONTINUOUS
10
-0.3131224015748031
20
0.3823064173228347
11
-0.3132784251968504
21
0.3825542913385827
0
LINE
8
BLACK
6
CONTINUOUS
10
-0.3132784251968504
20
0.3825542913385827
11
-0.315153188976378
21
0.3863038188976378
0
LINE
8
BLACK
6
CONTINUOUS
10
-0.315153188976378
20
0.3863038188976378
11
-0.3151693307086614
21
0.3863459448818898
0
LINE
8
BLACK
6
CONTINUOUS
10
-0.3151693307086614
20
0.3863459448818898
11
-0.3151820078740157
21
0.3863630708661417
0
LINE
8
BLACK
6
CONTINUOUS
10
-0.3151820078740157
20
0.3863630708661417
11
-0.3152684645669291
21
0.3866050393700787
0
LINE
8
BLACK
6
CONTINUOUS
10
-0.3152684645669291
20
0.3866050393700787
11
-0.3153600787401575
21
0.3868444488188976
0
LINE
8
BLACK
6
CONTINUOUS
10
-0.3153600787401575
20
0.3868444488188976
11
-0.3153616141732283
21
0.3868657086614173
0
LINE
8
BLACK
6
CONTINUOUS
10
-0.3153616141732283
20
0.3868657086614173
11
-0.3153767716535433
21
0.386908188976378
0
LINE
8
BLACK
6
CONTINUOUS
10
-0.3153767716535433
20
0.386908188976378
11
-0.3172515354330709
21
0.3944072440944882
0
LINE
8
BLACK
6
CONTINUOUS
10
-0.3172515354330709
20
0.3944072440944882
11
-0.3172663385826772
21
0.394507125984252
0
LINE
8
BLACK
6
CONTINUOUS
10
-0.3172663385826772
20
0.394507125984252
11
-0.3172829527559055
21
0.3945473228346457
0
LINE
8
BLACK
6
CONTINUOUS
10
-0.3172829527559055
20
0.3945473228346457
11
-0.3173043307086614
21
0.3947643700787402
0
LINE
8
BLACK
6
CONTINUOUS
10
-0.3173043307086614
20
0.3947643700787402
11
-0.3173361811023622
21
0.394979842519685
0
LINE
8
BLACK
6
CONTINUOUS
10
-0.3173361811023622
20
0.394979842519685
11
-0.3173298031496063
21
0.395022874015748
0
LINE
8
BLACK
6
CONTINUOUS
10
-0.3173298031496063
20
0.395022874015748
11
-0.31733968503937
21
0.3951233858267716
0
LINE
8
BLACK
6
CONTINUOUS
10
-0.31733968503937
20
0.3951233858267716
11
-0.31733968503937
21
0.4044972047244094
0
LINE
8
BLACK
6
CONTINUOUS
10
-0.31733968503937
20
0.4044972047244094
11
-0.3173298031496063
21
0.4045977559055118
0
LINE
8
BLACK
6
CONTINUOUS
10
-0.3173298031496063
20
0.4045977559055118
11
-0.3173361811023622
21
0.4046407480314961
0
LINE
8
BLACK
6
CONTINUOUS
10
-0.3173361811023622
20
0.4046407480314961
11
-0.3173043307086614
21
0.4048562598425197
0
LINE
8
BLACK
6
CONTINUOUS
10
-0.3173043307086614
20
0.4048562598425197
11
-0.3172829527559055
21
0.4050732677165354
0
LINE
8
BLACK
6
CONTINUOUS
10
-0.3172829527559055
20
0.4050732677165354
11
-0.3172663385826772
21
0.4051135039370078
0
LINE
8
BLACK
6
CONTINUOUS
10
-0.3172663385826772
20
0.4051135039370078
11
-0.3172515354330709
21
0.4052133464566929
0
LINE
8
BLACK
6
CONTINUOUS
10
-0.3172515354330709
20
0.4052133464566929
11
-0.3153767716535433
21
0.4127124015748032
0
LINE
8
BLACK
6
CONTINUOUS
10
-0.3153767716535433
20
0.4127124015748032
11
-0.3153616141732283
21
0.4127549212598425
0
LINE
8
BLACK
6
CONTINUOUS
10
-0.3153616141732283
20
0.4127549212598425
11
-0.3153600787401575
21
0.4127761417322834
0
LINE
8
BLACK
6
CONTINUOUS
10
-0.3153600787401575
20
0.4127761417322834
11
-0.3152684645669291
21
0.4130155905511811
0
LINE
8
BLACK
6
CONTINUOUS
10
-0.3152684645669291
20
0.4130155905511811
11
-0.3151820078740157
21
0.4132575196850394
0
LINE
8
BLACK
6
CONTINUOUS
10
-0.3151820078740157
20
0.4132575196850394
11
-0.3151693307086614
21
0.4132746850393701
0
LINE
8
BLACK
6
CONTINUOUS
10
-0.3151693307086614
20
0.4132746850393701
11
-0.315153188976378
21
0.4133167716535433
0
LINE
8
BLACK
6
CONTINUOUS
10
-0.315153188976378
20
0.4133167716535433
11
-0.3132784251968504
21
0.4170662992125984
0
LINE
8
BLACK
6
CONTINUOUS
10
-0.3132784251968504
20
0.4170662992125984
11
-0.3131223622047244
21
0.4173143307086614
0
LINE
8
BLACK
6
CONTINUOUS
10
-0.3131223622047244
20
0.4173143307086614
11
-0.3130925196850394
21
0.4173862598425197
0
LINE
8
BLACK
6
CONTINUOUS
10
-0.3130925196850394
20
0.4173862598425197
11
-0.313026062992126
21
0.4174672440944882
0
LINE
8
BLACK
6
CONTINUOUS
10
-0.313026062992126
20
0.4174672440944882
11
-0.3129700787401575
21
0.4175561811023622
0
LINE
8
BLACK
6
CONTINUOUS
10
-0.3129700787401575
20
0.4175561811023622
11
-0.3129111023622047
21
0.4176073622047244
0
LINE
8
BLACK
6
CONTINUOUS
10
-0.3129111023622047
20
0.4176073622047244
11
-0.3127253149606299
21
0.4178337007874016
0
LINE
8
BLACK
6
CONTINUOUS
10
-0.3127253149606299
20
0.4178337007874016
11
-0.3108505511811023
21
0.4197084645669291
0
LINE
8
BLACK
6
CONTINUOUS
10
-0.3108505511811023
20
0.4197084645669291
11
-0.3106242125984252
21
0.4198942519685039
0
LINE
8
BLACK
6
CONTINUOUS
10
-0.3106242125984252
20
0.4198942519685039
11
-0.310573031496063
21
0.4199532283464567
0
LINE
8
BLACK
6
CONTINUOUS
10
-0.310573031496063
20
0.4199532283464567
11
-0.310484094488189
21
0.4200092125984252
0
LINE
8
BLACK
6
CONTINUOUS
10
-0.310484094488189
20
0.4200092125984252
11
-0.3104031102362205
21
0.4200756692913385
0
LINE
8
BLACK
6
CONTINUOUS
10
-0.3104031102362205
20
0.4200756692913385
11
-0.3103311811023622
21
0.4201055118110236
0
LINE
8
BLACK
6
CONTINUOUS
10
-0.3103311811023622
20
0.4201055118110236
11
-0.3100831496062992
21
0.4202615748031496
0
LINE
8
BLACK
6
CONTINUOUS
10
-0.3100831496062992
20
0.4202615748031496
11
-0.3063336220472441
21
0.4221363385826771
0
LINE
8
BLACK
6
CONTINUOUS
10
-0.3063336220472441
20
0.4221363385826771
11
-0.305793031496063
21
0.4223432283464567
0
LINE
8
BLACK
6
CONTINUOUS
10
-0.305793031496063
20
0.4223432283464567
11
-0.3056871653543307
21
0.4223507874015748
0
LINE
8
BLACK
6
CONTINUOUS
10
-0.3056871653543307
20
0.4223507874015748
11
-0.3055891732283464
21
0.4223913385826771
0
LINE
8
BLACK
6
CONTINUOUS
10
-0.3055891732283464
20
0.4223913385826771
11
-0.3050131102362205
21
0.4224480708661417
0
LINE
8
BLACK
6
CONTINUOUS
10
-0.3050131102362205
20
0.4224480708661417
11
-0.3012635826771654
21
0.4224480708661417
0
LINE
8
BLACK
6
CONTINUOUS
10
-0.3012635826771654
20
0.4224480708661417
11
-0.3006875196850394
21
0.4223913385826771
0
LINE
8
BLACK
6
CONTINUOUS
10
-0.3070135433070866
20
0.4151938188976378
11
-0.3082106692913386
21
0.4139966929133858
0
LINE
8
BLACK
6
CONTINUOUS
10
-0.3082106692913386
20
0.4139966929133858
11
-0.3097261811023622
21
0.4109657086614173
0
LINE
8
BLACK
6
CONTINUOUS
10
-0.3097261811023622
20
0.4109657086614173
11
-0.3114341732283464
21
0.4041336614173228
0
LINE
8
BLACK
6
CONTINUOUS
10
-0.3114341732283464
20
0.4041336614173228
11
-0.3114341732283464
21
0.3954869291338582
0
LINE
8
BLACK
6
CONTINUOUS
10
-0.3114341732283464
20
0.3954869291338582
11
-0.3097261811023622
21
0.3886548818897638
0
LINE
8
BLACK
6
CONTINUOUS
10
-0.3097261811023622
20
0.3886548818897638
11
-0.3082106692913386
21
0.3856238976377953
0
LINE
8
BLACK
6
CONTINUOUS
10
-0.3082106692913386
20
0.3856238976377953
11
-0.3070135433070866
21
0.3844267322834646
0
LINE
8
BLACK
6
CONTINUOUS
10
-0.3070135433070866
20
0.3844267322834646
11
-0.304316062992126
21
0.3830779921259843
0
LINE
8
BLACK
6
CONTINUOUS
10
-0.304316062992126
20
0.3830779921259843
11
-0.3019606299212598
21
0.3830779921259843
0
LINE
8
BLACK
6
CONTINUOUS
10
-0.3019606299212598
20
0.3830779921259843
11
-0.2992631889763779
21
0.3844267322834646
0
LINE
8
BLACK
6
CONTINUOUS
10
-0.2992631889763779
20
0.3844267322834646
11
-0.298066062992126
21
0.3856238976377953
0
LINE
8
BLACK
6
CONTINUOUS
10
-0.298066062992126
20
0.3856238976377953
11
-0.2965505511811024
21
0.3886548818897638
0
LINE
8
BLACK
6
CONTINUOUS
10
-0.2965505511811024
20
0.3886548818897638
11
-0.2948425196850394
21
0.3954869291338582
0
LINE
8
BLACK
6
CONTINUOUS
10
-0.2948425196850394
20
0.3954869291338582
11
-0.2948425196850394
21
0.4041336614173228
0
LINE
8
BLACK
6
CONTINUOUS
10
-0.2948425196850394
20
0.4041336614173228
11
-0.2965505511811024
21
0.4109657086614173
0
LINE
8
BLACK
6
CONTINUOUS
10
-0.2965505511811024
20
0.4109657086614173
11
-0.2980660236220473
21
0.4139966929133858
0
LINE
8
BLACK
6
CONTINUOUS
10
-0.2980660236220473
20
0.4139966929133858
11
-0.2992631496062992
21
0.4151938188976378
0
LINE
8
BLACK
6
CONTINUOUS
10
-0.2992631496062992
20
0.4151938188976378
11
-0.3019606299212598
21
0.4165425590551181
0
LINE
8
BLACK
6
CONTINUOUS
10
-0.3019606299212598
20
0.4165425590551181
11
-0.304316062992126
21
0.4165425590551181
0
LINE
8
BLACK
6
CONTINUOUS
10
-0.304316062992126
20
0.4165425590551181
11
-0.3070135433070866
21
0.4151938188976378
0
LINE
8
BLACK
6
CONTINUOUS
10
-0.2556931496062992
20
0.4223913385826771
11
-0.2546287401574803
21
0.4219504330708661
0
LINE
8
BLACK
6
CONTINUOUS
10
-0.2546287401574803
20
0.4219504330708661
11
-0.253814094488189
21
0.4211357874015748
0
LINE
8
BLACK
6
CONTINUOUS
10
-0.253814094488189
20
0.4211357874015748
11
-0.2533731889763779
21
0.4200713779527559
0
LINE
8
BLACK
6
CONTINUOUS
10
-0.2533731889763779
20
0.4200713779527559
11
-0.2533731889763779
21
0.4189192519685039
0
LINE
8
BLACK
6
CONTINUOUS
10
-0.2533731889763779
20
0.4189192519685039
11
-0.253814094488189
21
0.417854842519685
0
LINE
8
BLACK
6
CONTINUOUS
10
-0.253814094488189
20
0.417854842519685
11
-0.2546287401574803
21
0.4170401968503937
0
LINE
8
BLACK
6
CONTINUOUS
10
-0.2546287401574803
20
0.4170401968503937
11
-0.2556931496062992
21
0.4165992913385826
0
LINE
8
BLACK
6
CONTINUOUS
10
-0.2556931496062992
20
0.4165992913385826
11
-0.2562692125984252
21
0.4165425590551181
0
LINE
8
BLACK
6
CONTINUOUS
10
-0.2562692125984252
20
0.4165425590551181
11
-0.2723446456692913
21
0.4165425590551181
0
LINE
8
BLACK
6
CONTINUOUS
10
-0.2723446456692913
20
0.4165425590551181
11
-0.2733217716535433
21
0.4067712992125984
0
LINE
8
BLACK
6
CONTINUOUS
10
-0.2733217716535433
20
0.4067712992125984
11
-0.2725878346456693
21
0.4071382283464567
0
LINE
8
BLACK
6
CONTINUOUS
10
-0.2725878346456693
20
0.4071382283464567
11
-0.2720472440944882
21
0.4073451181102362
0
LINE
8
BLACK
6
CONTINUOUS
10
-0.2720472440944882
20
0.4073451181102362
11
-0.2719413779527559
21
0.4073526771653543
0
LINE
8
BLACK
6
CONTINUOUS
10
-0.2719413779527559
20
0.4073526771653543
11
-0.2718433858267716
21
0.4073932283464567
0
LINE
8
BLACK
6
CONTINUOUS
10
-0.2718433858267716
20
0.4073932283464567
11
-0.2712673228346457
21
0.4074499606299212
0
LINE
8
BLACK
6
CONTINUOUS
10
-0.2712673228346457
20
0.4074499606299212
11
-0.2618935039370079
21
0.4074499606299212
0
LINE
8
BLACK
6
CONTINUOUS
10
-0.2618935039370079
20
0.4074499606299212
11
-0.2613174409448819
21
0.4073932283464567
0
LINE
8
BLACK
6
CONTINUOUS
10
-0.2613174409448819
20
0.4073932283464567
11
-0.2612194488188976
21
0.4073526377952756
0
LINE
8
BLACK
6
CONTINUOUS
10
-0.2612194488188976
20
0.4073526377952756
11
-0.2611136220472441
21
0.4073451181102362
0
LINE
8
BLACK
6
CONTINUOUS
10
-0.2611136220472441
20
0.4073451181102362
11
-0.2605729921259842
21
0.4071382283464567
0
LINE
8
BLACK
6
CONTINUOUS
10
-0.2605729921259842
20
0.4071382283464567
11
-0.2568234645669291
21
0.4052634645669291
0
LINE
8
BLACK
6
CONTINUOUS
10
-0.2568234645669291
20
0.4052634645669291
11
-0.2565754724409449
21
0.4051074015748031
0
LINE
8
BLACK
6
CONTINUOUS
10
-0.2565754724409449
20
0.4051074015748031
11
-0.2565035039370079
21
0.4050775590551181
0
LINE
8
BLACK
6
CONTINUOUS
10
-0.2565035039370079
20
0.4050775590551181
11
-0.2564225590551181
21
0.4050111023622047
0
LINE
8
BLACK
6
CONTINUOUS
10
-0.2564225590551181
20
0.4050111023622047
11
-0.2563335826771653
21
0.4049551181102362
0
LINE
8
BLACK
6
CONTINUOUS
10
-0.2563335826771653
20
0.4049551181102362
11
-0.2562824409448819
21
0.4048961417322834
0
LINE
8
BLACK
6
CONTINUOUS
10
-0.2562824409448819
20
0.4048961417322834
11
-0.256056062992126
21
0.4047103543307087
0
LINE
8
BLACK
6
CONTINUOUS
10
-0.256056062992126
20
0.4047103543307087
11
-0.2541812992125984
21
0.4028355905511811
0
LINE
8
BLACK
6
CONTINUOUS
10
-0.2541812992125984
20
0.4028355905511811
11
-0.2539955511811023
21
0.4026092519685039
0
LINE
8
BLACK
6
CONTINUOUS
10
-0.2539955511811023
20
0.4026092519685039
11
-0.2539365354330709
21
0.4025580708661417
0
LINE
8
BLACK
6
CONTINUOUS
10
-0.2539365354330709
20
0.4025580708661417
11
-0.2538805905511811
21
0.4024691338582677
0
LINE
8
BLACK
6
CONTINUOUS
10
-0.2538805905511811
20
0.4024691338582677
11
-0.253814094488189
21
0.4023881496062992
0
LINE
8
BLACK
6
CONTINUOUS
10
-0.253814094488189
20
0.4023881496062992
11
-0.2537842913385827
21
0.4023162204724409
0
LINE
8
BLACK
6
CONTINUOUS
10
-0.2537842913385827
20
0.4023162204724409
11
-0.253628188976378
21
0.4020681889763779
0
LINE
8
BLACK
6
CONTINUOUS
10
-0.253628188976378
20
0.4020681889763779
11
-0.2517534251968504
21
0.3983186614173228
0
LINE
8
BLACK
6
CONTINUOUS
10
-0.2517534251968504
20
0.3983186614173228
11
-0.2515465354330709
21
0.3977780708661417
0
LINE
8
BLACK
6
CONTINUOUS
10
-0.2515465354330709
20
0.3977780708661417
11
-0.2515390157480315
21
0.3976722047244095
0
LINE
8
BLACK
6
CONTINUOUS
10
-0.2515390157480315
20
0.3976722047244095
11
-0.2514984251968504
21
0.3975742125984252
0
LINE
8
BLACK
6
CONTINUOUS
10
-0.2514984251968504
20
0.3975742125984252
11
-0.2514416929133858
21
0.3969981496062992
0
LINE
8
BLACK
6
CONTINUOUS
10
-0.2514416929133858
20
0.3969981496062992
11
-0.2514416929133858
21
0.3876243307086614
0
LINE
8
BLACK
6
CONTINUOUS
10
-0.2514416929133858
20
0.3876243307086614
11
-0.2514984251968504
21
0.3870482677165354
0
LINE
8
BLACK
6
CONTINUOUS
10
-0.2514984251968504
20
0.3870482677165354
11
-0.2515390157480315
21
0.3869503149606299
0
LINE
8
BLACK
6
CONTINUOUS
10
-0.2515390157480315
20
0.3869503149606299
11
-0.2515465354330709
21
0.3868444094488189
0
LINE
8
BLACK
6
CONTINUOUS
10
-0.2515465354330709
20
0.3868444094488189
11
-0.2517534251968504
21
0.3863038188976378
0
LINE
8
BLACK
6
CONTINUOUS
10
-0.2517534251968504
20
0.3863038188976378
11
-0.253628188976378
21
0.3825542913385827
0
LINE
8
BLACK
6
CONTINUOUS
10
-0.253628188976378
20
0.3825542913385827
11
-0.2537842519685039
21
0.3823064173228347
0
LINE
8
BLACK
6
CONTINUOUS
10
-0.2537842519685039
20
0.3823064173228347
11
-0.2538140551181102
21
0.3822343700787402
0
LINE
8
BLACK
6
CONTINUOUS
10
-0.2538140551181102
20
0.3822343700787402
11
-0.2538805905511811
21
0.3821533464566929
0
LINE
8
BLACK
6
CONTINUOUS
10
-0.2538805905511811
20
0.3821533464566929
11
-0.2539365354330709
21
0.3820644094488189
0
LINE
8
BLACK
6
CONTINUOUS
10
-0.2539365354330709
20
0.3820644094488189
11
-0.2539955511811023
21
0.3820132677165354
0
LINE
8
BLACK
6
CONTINUOUS
10
-0.2539955511811023
20
0.3820132677165354
11
-0.2541812992125984
21
0.3817868897637795
0
LINE
8
BLACK
6
CONTINUOUS
10
-0.2541812992125984
20
0.3817868897637795
11
-0.2560560236220472
21
0.3799121259842519
0
LINE
8
BLACK
6
CONTINUOUS
10
-0.2560560236220472
20
0.3799121259842519
11
-0.2562824015748031
21
0.3797263779527559
0
LINE
8
BLACK
6
CONTINUOUS
10
-0.2562824015748031
20
0.3797263779527559
11
-0.2563335826771653
21
0.3796673228346457
0
LINE
8
BLACK
6
CONTINUOUS
10
-0.2563335826771653
20
0.3796673228346457
11
-0.2564225590551181
21
0.3796113385826771
0
LINE
8
BLACK
6
CONTINUOUS
10
-0.2564225590551181
20
0.3796113385826771
11
-0.2565035039370079
21
0.3795448818897638
0
LINE
8
BLACK
6
CONTINUOUS
10
-0.2565035039370079
20
0.3795448818897638
11
-0.2565754724409449
21
0.3795150787401575
0
LINE
8
BLACK
6
CONTINUOUS
10
-0.2565754724409449
20
0.3795150787401575
11
-0.2568234645669291
21
0.3793589763779527
0
LINE
8
BLACK
6
CONTINUOUS
10
-0.2568234645669291
20
0.3793589763779527
11
-0.2605729921259842
21
0.3774842125984252
0
LINE
8
BLACK
6
CONTINUOUS
10
-0.2605729921259842
20
0.3774842125984252
11
-0.2611136220472441
21
0.3772773228346457
0
LINE
8
BLACK
6
CONTINUOUS
10
-0.2611136220472441
20
0.3772773228346457
11
-0.2612194488188976
21
0.377269842519685
0
LINE
8
BLACK
6
CONTINUOUS
10
-0.2612194488188976
20
0.377269842519685
11
-0.2613174409448819
21
0.3772292125984252
0
LINE
8
BLACK
6
CONTINUOUS
10
-0.2613174409448819
20
0.3772292125984252
11
-0.2618935039370079
21
0.3771724803149606
0
LINE
8
BLACK
6
CONTINUOUS
10
-0.2618935039370079
20
0.3771724803149606
11
-0.2712673228346457
21
0.3771724803149606
0
LINE
8
BLACK
6
CONTINUOUS
10
-0.2712673228346457
20
0.3771724803149606
11
-0.2718433858267716
21
0.3772292125984252
0
LINE
8
BLACK
6
CONTINUOUS
10
-0.2718433858267716
20
0.3772292125984252
11
-0.2719413779527559
21
0.3772698031496063
0
LINE
8
BLACK
6
CONTINUOUS
10
-0.2719413779527559
20
0.3772698031496063
11
-0.2720472440944882
21
0.3772773228346457
0
LINE
8
BLACK
6
CONTINUOUS
10
-0.2720472440944882
20
0.3772773228346457
11
-0.2725878346456693
21
0.3774842125984252
0
LINE
8
BLACK
6
CONTINUOUS
10
-0.2725878346456693
20
0.3774842125984252
11
-0.2763373622047244
21
0.3793589763779527
0
LINE
8
BLACK
6
CONTINUOUS
10
-0.2763373622047244
20
0.3793589763779527
11
-0.2765853937007874
21
0.3795150787401575
0
LINE
8
BLACK
6
CONTINUOUS
10
-0.2765853937007874
20
0.3795150787401575
11
-0.2766573228346457
21
0.3795448818897638
0
LINE
8
BLACK
6
CONTINUOUS
10
-0.2766573228346457
20
0.3795448818897638
11
-0.2767383070866142
21
0.3796113385826771
0
LINE
8
BLACK
6
CONTINUOUS
10
-0.2767383070866142
20
0.3796113385826771
11
-0.2768272440944882
21
0.3796673228346457
0
LINE
8
BLACK
6
CONTINUOUS
10
-0.2768272440944882
20
0.3796673228346457
11
-0.2768784645669291
21
0.3797263779527559
0
LINE
8
BLACK
6
CONTINUOUS
10
-0.2768784645669291
20
0.3797263779527559
11
-0.2771048031496063
21
0.3799121259842519
0
LINE
8
BLACK
6
CONTINUOUS
10
-0.2771048031496063
20
0.3799121259842519
11
-0.2789795669291338
21
0.3817869291338583
0
LINE
8
BLACK
6
CONTINUOUS
10
-0.2789795669291338
20
0.3817869291338583
11
-0.2793467716535433
21
0.3822343700787402
0
LINE
8
BLACK
6
CONTINUOUS
10
-0.2793467716535433
20
0.3822343700787402
11
-0.2797876377952756
21
0.383298779527559
0
LINE
8
BLACK
6
CONTINUOUS
10
-0.2797876377952756
20
0.383298779527559
11
-0.2797876377952756
21
0.3844508661417323
0
LINE
8
BLACK
6
CONTINUOUS
10
-0.2797876377952756
20
0.3844508661417323
11
-0.2793467322834646
21
0.3855152755905512
0
LINE
8
BLACK
6
CONTINUOUS
10
-0.2793467322834646
20
0.3855152755905512
11
-0.2785320472440945
21
0.3863299606299213
0
LINE
8
BLACK
6
CONTINUOUS
10
-0.2785320472440945
20
0.3863299606299213
11
-0.2774676377952756
21
0.3867708267716535
0
LINE
8
BLACK
6
CONTINUOUS
10
-0.2774676377952756
20
0.3867708267716535
11
-0.2763155511811023
21
0.3867708267716535
0
LINE
8
BLACK
6
CONTINUOUS
10
-0.2763155511811023
20
0.3867708267716535
11
-0.2752511417322834
21
0.3863299212598425
0
LINE
8
BLACK
6
CONTINUOUS
10
-0.2752511417322834
20
0.3863299212598425
11
-0.2748036614173228
21
0.3859626771653543
0
LINE
8
BLACK
6
CONTINUOUS
10
-0.2748036614173228
20
0.3859626771653543
11
-0.2732677559055118
21
0.3844267322834646
0
LINE
8
BLACK
6
CONTINUOUS
10
-0.2732677559055118
20
0.3844267322834646
11
-0.2705702755905512
21
0.3830779921259843
0
LINE
8
BLACK
6
CONTINUOUS
10
-0.2705702755905512
20
0.3830779921259843
11
-0.2625905511811024
21
0.3830779921259843
0
LINE
8
BLACK
6
CONTINUOUS
10
-0.2625905511811024
20
0.3830779921259843
11
-0.2598931102362205
21
0.3844267322834646
0
LINE
8
BLACK
6
CONTINUOUS
10
-0.2598931102362205
20
0.3844267322834646
11
-0.2586959842519685
21
0.3856238976377953
0
LINE
8
BLACK
6
CONTINUOUS
10
-0.2586959842519685
20
0.3856238976377953
11
-0.2573472047244094
21
0.3883213779527559
0
LINE
8
BLACK
6
CONTINUOUS
10
-0.2573472047244094
20
0.3883213779527559
11
-0.2573472047244094
21
0.3963011023622047
0
LINE
8
BLACK
6
CONTINUOUS
10
-0.2573472047244094
20
0.3963011023622047
11
-0.2586959448818897
21
0.3989985826771654
0
LINE
8
BLACK
6
CONTINUOUS
10
-0.2586959448818897
20
0.3989985826771654
11
-0.2598930708661417
21
0.4001957086614173
0
LINE
8
BLACK
6
CONTINUOUS
10
-0.2598930708661417
20
0.4001957086614173
11
-0.2625905511811024
21
0.4015444488188976
0
LINE
8
BLACK
6
CONTINUOUS
10
-0.2625905511811024
20
0.4015444488188976
11
-0.2705702755905512
21
0.4015444488188976
0
LINE
8
BLACK
6
CONTINUOUS
10
-0.2705702755905512
20
0.4015444488188976
11
-0.2732677559055118
21
0.4001957086614173
0
LINE
8
BLACK
6
CONTINUOUS
10
-0.2732677559055118
20
0.4001957086614173
11
-0.2748037007874016
21
0.3986597637795276
0
LINE
8
BLACK
6
CONTINUOUS
10
-0.2748037007874016
20
0.3986597637795276
11
-0.2752511417322834
21
0.3982925590551181
0
LINE
8
BLACK
6
CONTINUOUS
10
-0.2752511417322834
20
0.3982925590551181
11
-0.2753885039370079
21
0.3982356692913386
0
LINE
8
BLACK
6
CONTINUOUS
10
-0.2753885039370079
20
0.3982356692913386
11
-0.2755035826771653
21
0.3981414960629921
0
LINE
8
BLACK
6
CONTINUOUS
10
-0.2755035826771653
20
0.3981414960629921
11
-0.275916968503937
21
0.398016811023622
0
LINE
8
BLACK
6
CONTINUOUS
10
-0.275916968503937
20
0.398016811023622
11
-0.2763155905511811
21
0.3978516535433071
0
LINE
8
BLACK
6
CONTINUOUS
10
-0.2763155905511811
20
0.3978516535433071
11
-0.2764642125984252
21
0.3978516535433071
0
LINE
8
BLACK
6
CONTINUOUS
10
-0.2764642125984252
20
0.3978516535433071
11
-0.2766065748031496
21
0.3978087007874015
0
LINE
8
BLACK
6
CONTINUOUS
10
-0.2766065748031496
20
0.3978087007874015
11
-0.2770361023622047
21
0.3978516535433071
0
LINE
8
BLACK
6
CONTINUOUS
10
-0.2770361023622047
20
0.3978516535433071
11
-0.2774676377952756
21
0.3978516535433071
0
LINE
8
BLACK
6
CONTINUOUS
10
-0.2774676377952756
20
0.3978516535433071
11
-0.277605
21
0.3979085826771653
0
LINE
8
BLACK
6
CONTINUOUS
10
-0.277605
20
0.3979085826771653
11
-0.2777529921259843
21
0.3979233464566929
0
LINE
8
BLACK
6
CONTINUOUS
10
-0.2777529921259843
20
0.3979233464566929
11
-0.2781333858267717
21
0.3981274015748031
0
LINE
8
BLACK
6
CONTINUOUS
10
-0.2781333858267717
20
0.3981274015748031
11
-0.2785320866141732
21
0.3982925590551181
0
LINE
8
BLACK
6
CONTINUOUS
10
-0.2785320866141732
20
0.3982925590551181
11
-0.2786372834645669
21
0.3983977559055118
0
LINE
8
BLACK
6
CONTINUOUS
10
-0.2786372834645669
20
0.3983977559055118
11
-0.2787682283464567
21
0.3984679921259842
0
LINE
8
BLACK
6
CONTINUOUS
10
-0.2787682283464567
20
0.3984679921259842
11
-0.2790414960629921
21
0.398801968503937
0
LINE
8
BLACK
6
CONTINUOUS
10
-0.2790414960629921
20
0.398801968503937
11
-0.2793467322834646
21
0.3991072047244094
0
LINE
8
BLACK
6
CONTINUOUS
10
-0.2793467322834646
20
0.3991072047244094
11
-0.2794036614173228
21
0.3992445669291338
0
LINE
8
BLACK
6
CONTINUOUS
10
-0.2794036614173228
20
0.3992445669291338
11
-0.2794977952755905
21
0.3993596456692913
0
LINE
8
BLACK
6
CONTINUOUS
10
-0.2794977952755905
20
0.3993596456692913
11
-0.2796225196850394
21
0.399773031496063
0
LINE
8
BLACK
6
CONTINUOUS
10
-0.2796225196850394
20
0.399773031496063
11
-0.2797876377952756
21
0.4001716535433071
0
LINE
8
BLACK
6
CONTINUOUS
10
-0.2797876377952756
20
0.4001716535433071
11
-0.2797876377952756
21
0.4003203149606299
0
LINE
8
BLACK
6
CONTINUOUS
10
-0.2797876377952756
20
0.4003203149606299
11
-0.2798305905511811
21
0.4004626377952756
0
LINE
8
BLACK
6
CONTINUOUS
10
-0.2798305905511811
20
0.4004626377952756
11
-0.2798297244094488
21
0.4010414960629921
0
LINE
8
BLACK
6
CONTINUOUS
10
-0.2798297244094488
20
0.4010414960629921
11
-0.2779549606299213
21
0.4197891338582677
0
LINE
8
BLACK
6
CONTINUOUS
10
-0.2779549606299213
20
0.4197891338582677
11
-0.277912874015748
21
0.419999094488189
0
LINE
8
BLACK
6
CONTINUOUS
10
-0.277912874015748
20
0.419999094488189
11
-0.277912874015748
21
0.4200713779527559
0
LINE
8
BLACK
6
CONTINUOUS
10
-0.277912874015748
20
0.4200713779527559
11
-0.2778848031496063
21
0.4201392125984252
0
LINE
8
BLACK
6
CONTINUOUS
10
-0.2778848031496063
20
0.4201392125984252
11
-0.2778411811023622
21
0.4203566929133858
0
LINE
8
BLACK
6
CONTINUOUS
10
-0.2778411811023622
20
0.4203566929133858
11
-0.2776371653543307
21
0.4207370078740157
0
LINE
8
BLACK
6
CONTINUOUS
10
-0.2776371653543307
20
0.4207370078740157
11
-0.277471968503937
21
0.4211357874015748
0
LINE
8
BLACK
6
CONTINUOUS
10
-0.277471968503937
20
0.4211357874015748
11
-0.277366811023622
21
0.4212409842519685
0
LINE
8
BLACK
6
CONTINUOUS
10
-0.277366811023622
20
0.4212409842519685
11
-0.2772965354330709
21
0.4213719291338582
0
LINE
8
BLACK
6
CONTINUOUS
10
-0.2772965354330709
20
0.4213719291338582
11
-0.2769625984251968
21
0.4216451968503937
0
LINE
8
BLACK
6
CONTINUOUS
10
-0.2769625984251968
20
0.4216451968503937
11
-0.2766573228346457
21
0.4219504330708661
0
LINE
8
BLACK
6
CONTINUOUS
10
-0.2766573228346457
20
0.4219504330708661
11
-0.27652
21
0.4220073622047244
0
LINE
8
BLACK
6
CONTINUOUS
10
-0.27652
20
0.4220073622047244
11
-0.2764048818897638
21
0.4221014960629921
0
LINE
8
BLACK
6
CONTINUOUS
10
-0.2764048818897638
20
0.4221014960629921
11
-0.2759916141732283
21
0.422226220472441
0
LINE
8
BLACK
6
CONTINUOUS
10
-0.2759916141732283
20
0.422226220472441
11
-0.2755929133858268
21
0.4223913385826771
0
LINE
8
BLACK
6
CONTINUOUS
10
-0.2755929133858268
20
0.4223913385826771
11
-0.2753722440944882
21
0.4224131102362205
0
LINE
8
BLACK
6
CONTINUOUS
10
-0.2753722440944882
20
0.4224131102362205
11
-0.2753018897637795
21
0.4224342913385827
0
LINE
8
BLACK
6
CONTINUOUS
10
-0.2753018897637795
20
0.4224342913385827
11
-0.2752299212598425
21
0.422427125984252
0
LINE
8
BLACK
6
CONTINUOUS
10
-0.2752299212598425
20
0.422427125984252
11
-0.2750168503937008
21
0.4224480708661417
0
LINE
8
BLACK
6
CONTINUOUS
10
-0.2750168503937008
20
0.4224480708661417
11
-0.2562692125984252
21
0.4224480708661417
0
LINE
8
BLACK
6
CONTINUOUS
10
-0.2562692125984252
20
0.4224480708661417
11
-0.2556931496062992
21
0.4223913385826771
0
LINE
8
BLACK
6
CONTINUOUS
10
-0.3999098031496063
20
0.475259842519685
11
-0.3996594881889763
21
0.4752282677165354
0
LINE
8
BLACK
6
CONTINUOUS
10
-0.3996594881889763
20
0.4752282677165354
11
-0.3968473622047244
21
0.4742908661417323
0
LINE
8
BLACK
6
CONTINUOUS
10
-0.3968473622047244
20
0.4742908661417323
11
-0.3967788582677165
21
0.474251811023622
0
LINE
8
BLACK
6
CONTINUOUS
10
-0.3967788582677165
20
0.474251811023622
11
-0.3967427165354331
21
0.474251811023622
0
LINE
8
BLACK
6
CONTINUOUS
10
-0.3967427165354331
20
0.474251811023622
11
-0.3965329133858267
21
0.4741116141732283
0
LINE
8
BLACK
6
CONTINUOUS
10
-0.3965329133858267
20
0.4741116141732283
11
-0.3963135433070866
21
0.4739865748031496
0
LINE
8
BLACK
6
CONTINUOUS
10
-0.3963135433070866
20
0.4739865748031496
11
-0.3962974015748031
21
0.4739542519685039
0
LINE
8
BLACK
6
CONTINUOUS
10
-0.3962974015748031
20
0.4739542519685039
11
-0.396231811023622
21
0.4739104330708661
0
LINE
8
BLACK
6
CONTINUOUS
10
-0.396231811023622
20
0.4739104330708661
11
-0.3943570472440945
21
0.4720357086614173
0
LINE
8
BLACK
6
CONTINUOUS
10
-0.3943570472440945
20
0.4720357086614173
11
-0.3942167716535433
21
0.4718257874015748
0
LINE
8
BLACK
6
CONTINUOUS
10
-0.3942167716535433
20
0.4718257874015748
11
-0.3940620472440945
21
0.4716264173228346
0
LINE
8
BLACK
6
CONTINUOUS
10
-0.3940620472440945
20
0.4716264173228346
11
-0.3931246456692913
21
0.4697516535433071
0
LINE
8
BLACK
6
CONTINUOUS
10
-0.3931246456692913
20
0.4697516535433071
11
-0.393079094488189
21
0.4695852755905512
0
LINE
8
BLACK
6
CONTINUOUS
10
-0.393079094488189
20
0.4695852755905512
11
-0.3930053937007874
21
0.4694292913385827
0
LINE
8
BLACK
6
CONTINUOUS
10
-0.3930053937007874
20
0.4694292913385827
11
-0.392068031496063
21
0.4656797637795275
0
LINE
8
BLACK
6
CONTINUOUS
10
-0.392068031496063
20
0.4656797637795275
11
-0.3920586614173228
21
0.4654870472440945
0
LINE
8
BLACK
6
CONTINUOUS
10
-0.3920586614173228
20
0.4654870472440945
11
-0.3920210236220472
21
0.4652978346456693
0
LINE
8
BLACK
6
CONTINUOUS
10
-0.3920210236220472
20
0.4652978346456693
11
-0.3920210236220472
21
0.4624857086614173
0
LINE
8
BLACK
6
CONTINUOUS
10
-0.3920210236220472
20
0.4624857086614173
11
-0.3920586614173228
21
0.4622965354330709
0
LINE
8
BLACK
6
CONTINUOUS
10
-0.3920586614173228
20
0.4622965354330709
11
-0.392068031496063
21
0.462103779527559
0
LINE
8
BLACK
6
CONTINUOUS
10
-0.392068031496063
20
0.462103779527559
11
-0.3930053937007874
21
0.4583542519685039
0
LINE
8
BLACK
6
CONTINUOUS
10
-0.3930053937007874
20
0.4583542519685039
11
-0.393079094488189
21
0.4581983070866142
0
LINE
8
BLACK
6
CONTINUOUS
10
-0.393079094488189
20
0.4581983070866142
11
-0.3931246456692913
21
0.4580318897637795
0
LINE
8
BLACK
6
CONTINUOUS
10
-0.3931246456692913
20
0.4580318897637795
11
-0.3940620472440945
21
0.456157125984252
0
LINE
8
BLACK
6
CONTINUOUS
10
-0.3940620472440945
20
0.456157125984252
11
-0.394216968503937
21
0.4559575590551181
0
LINE
8
BLACK
6
CONTINUOUS
10
-0.394216968503937
20
0.4559575590551181
11
-0.3943570472440945
21
0.455747874015748
0
LINE
8
BLACK
6
CONTINUOUS
10
-0.3943570472440945
20
0.455747874015748
11
-0.3962317716535433
21
0.4538730708661417
0
LINE
8
BLACK
6
CONTINUOUS
10
-0.3962317716535433
20
0.4538730708661417
11
-0.3962974015748031
21
0.4538292519685039
0
LINE
8
BLACK
6
CONTINUOUS
10
-0.3962974015748031
20
0.4538292519685039
11
-0.3963135433070866
21
0.4537969291338583
0
LINE
8
BLACK
6
CONTINUOUS
10
-0.3963135433070866
20
0.4537969291338583
11
-0.3965326377952756
21
0.4536720866141732
0
LINE
8
BLACK
6
CONTINUOUS
10
-0.3965326377952756
20
0.4536720866141732
11
-0.3967426771653543
21
0.4535316929133858
0
LINE
8
BLACK
6
CONTINUOUS
10
-0.3967426771653543
20
0.4535316929133858
11
-0.3967788582677165
21
0.4535316929133858
0
LINE
8
BLACK
6
CONTINUOUS
10
-0.3967788582677165
20
0.4535316929133858
11
-0.3968473622047244
21
0.4534926377952756
0
LINE
8
BLACK
6
CONTINUOUS
10
-0.3968473622047244
20
0.4534926377952756
11
-0.3996594881889763
21
0.4525552755905512
0
LINE
8
BLACK
6
CONTINUOUS
10
-0.3996594881889763
20
0.4525552755905512
11
-0.3999098031496063
21
0.4525237401574803
0
LINE
8
BLACK
6
CONTINUOUS
10
-0.3999098031496063
20
0.4525237401574803
11
-0.4001574803149606
21
0.4524744488188976
0
LINE
8
BLACK
6
CONTINUOUS
10
-0.4001574803149606
20
0.4524744488188976
11
-0.4048444094488189
21
0.4524744488188976
0
LINE
8
BLACK
6
CONTINUOUS
10
-0.4048444094488189
20
0.4524744488188976
11
-0.4054470472440945
21
0.4525943307086614
0
LINE
8
BLACK
6
CONTINUOUS
10
-0.4054470472440945
20
0.4525943307086614
11
-0.4062993307086614
21
0.4534466141732283
0
LINE
8
BLACK
6
CONTINUOUS
10
-0.4062993307086614
20
0.4534466141732283
11
-0.4064192125984252
21
0.4540492519685039
0
LINE
8
BLACK
6
CONTINUOUS
10
-0.4064192125984252
20
0.4540492519685039
11
-0.4064192125984252
21
0.4737342913385827
0
LINE
8
BLACK
6
CONTINUOUS
10
-0.4064192125984252
20
0.4737342913385827
11
-0.4062993307086614
21
0.4743369291338583
0
LINE
8
BLACK
6
CONTINUOUS
10
-0.4062993307086614
20
0.4743369291338583
11
-0.4054470472440945
21
0.4751892125984252
0
LINE
8
BLACK
6
CONTINUOUS
10
-0.4054470472440945
20
0.4751892125984252
11
-0.4048444094488189
21
0.475309094488189
0
LINE
8
BLACK
6
CONTINUOUS
10
-0.4048444094488189
20
0.475309094488189
11
-0.4001574803149606
21
0.475309094488189
0
LINE
8
BLACK
6
CONTINUOUS
10
-0.4001574803149606
20
0.475309094488189
11
-0.3999098031496063
21
0.475259842519685
0
LINE
8
BLACK
6
CONTINUOUS
10
-0.4032696062992126
20
0.4556240551181102
11
-0.4004129921259842
21
0.4556240551181102
0
LINE
8
BLACK
6
CONTINUOUS
10
-0.4004129921259842
20
0.4556240551181102
11
-0.398196062992126
21
0.4563630708661417
0
LINE
8
BLACK
6
CONTINUOUS
10
-0.398196062992126
20
0.4563630708661417
11
-0.396764842519685
21
0.4577942913385827
0
LINE
8
BLACK
6
CONTINUOUS
10
-0.396764842519685
20
0.4577942913385827
11
-0.3960190944881889
21
0.4592858661417323
0
LINE
8
BLACK
6
CONTINUOUS
10
-0.3960190944881889
20
0.4592858661417323
11
-0.3951706299212598
21
0.4626796062992126
0
LINE
8
BLACK
6
CONTINUOUS
10
-0.3951706299212598
20
0.4626796062992126
11
-0.3951706299212598
21
0.4651039763779528
0
LINE
8
BLACK
6
CONTINUOUS
10
-0.3951706299212598
20
0.4651039763779528
11
-0.3960190944881889
21
0.468497716535433
0
LINE
8
BLACK
6
CONTINUOUS
10
-0.3960190944881889
20
0.468497716535433
11
-0.396764842519685
21
0.4699892913385827
0
LINE
8
BLACK
6
CONTINUOUS
10
-0.396764842519685
20
0.4699892913385827
11
-0.398196062992126
21
0.4714205118110236
0
LINE
8
BLACK
6
CONTINUOUS
10
-0.398196062992126
20
0.4714205118110236
11
-0.4004129921259842
21
0.4721594881889764
0
LINE
8
BLACK
6
CONTINUOUS
10
-0.4004129921259842
20
0.4721594881889764
11
-0.4032696062992126
21
0.4721594881889764
0
LINE
8
BLACK
6
CONTINUOUS
10
-0.4032696062992126
20
0.4721594881889764
11
-0.4032696062992126
21
0.4556240551181102
0
LINE
8
BLACK
6
CONTINUOUS
10
-0.3800319291338582
20
0.4751892125984252
11
-0.3798698031496063
21
0.4751892125984252
0
LINE
8
BLACK
6
CONTINUOUS
10
-0.3798698031496063
20
0.4751892125984252
11
-0.3795455905511811
21
0.474865
0
LINE
8
BLACK
6
CONTINUOUS
10
-0.3795455905511811
20
0.474865
11
-0.3791639763779527
21
0.4746105905511811
0
LINE
8
BLACK
6
CONTINUOUS
10
-0.3791639763779527
20
0.4746105905511811
11
-0.3791322047244094
21
0.4744516141732283
0
LINE
8
BLACK
6
CONTINUOUS
10
-0.3791322047244094
20
0.4744516141732283
11
-0.3790175196850394
21
0.4743369291338583
0
LINE
8
BLACK
6
CONTINUOUS
10
-0.3790175196850394
20
0.4743369291338583
11
-0.3788976377952756
21
0.4737342913385827
0
LINE
8
BLACK
6
CONTINUOUS
10
-0.3788976377952756
20
0.4737342913385827
11
-0.3788976377952756
21
0.4556240551181102
0
LINE
8
BLACK
6
CONTINUOUS
10
-0.3788976377952756
20
0.4556240551181102
11
-0.3748481496062992
21
0.4556240551181102
0
LINE
8
BLACK
6
CONTINUOUS
10
-0.3748481496062992
20
0.4556240551181102
11
-0.3742455118110236
21
0.4555041732283465
0
LINE
8
BLACK
6
CONTINUOUS
10
-0.3742455118110236
20
0.4555041732283465
11
-0.3733932283464567
21
0.4546518897637795
0
LINE
8
BLACK
6
CONTINUOUS
10
-0.3733932283464567
20
0.4546518897637795
11
-0.3733932283464567
21
0.4534466141732283
0
LINE
8
BLACK
6
CONTINUOUS
10
-0.3733932283464567
20
0.4534466141732283
11
-0.3742455118110236
21
0.4525943307086614
0
LINE
8
BLACK
6
CONTINUOUS
10
-0.3742455118110236
20
0.4525943307086614
11
-0.3748481496062992
21
0.4524744488188976
0
LINE
8
BLACK
6
CONTINUOUS
10
-0.3748481496062992
20
0.4524744488188976
11
-0.3860967322834646
21
0.4524744488188976
0
LINE
8
BLACK
6
CONTINUOUS
10
-0.3860967322834646
20
0.4524744488188976
11
-0.3866993700787402
21
0.4525943307086614
0
LINE
8
BLACK
6
CONTINUOUS
10
-0.3866993700787402
20
0.4525943307086614
11
-0.3875516535433071
21
0.4534466141732283
0
LINE
8
BLACK
6
CONTINUOUS
10
-0.3875516535433071
20
0.4534466141732283
11
-0.3875516535433071
21
0.4546518897637795
0
LINE
8
BLACK
6
CONTINUOUS
10
-0.3875516535433071
20
0.4546518897637795
11
-0.3866993700787402
21
0.4555041732283465
0
LINE
8
BLACK
6
CONTINUOUS
10
-0.3866993700787402
20
0.4555041732283465
11
-0.3860967322834646
21
0.4556240551181102
0
LINE
8
BLACK
6
CONTINUOUS
10
-0.3860967322834646
20
0.4556240551181102
11
-0.3820472440944882
21
0.4556240551181102
0
LINE
8
BLACK
6
CONTINUOUS
10
-0.3820472440944882
20
0.4556240551181102
11
-0.3820472440944882
21
0.468995
0
LINE
8
BLACK
6
CONTINUOUS
10
-0.3820472440944882
20
0.468995
11
-0.3831084251968504
21
0.4679338188976378
0
LINE
8
BLACK
6
CONTINUOUS
10
-0.3831084251968504
20
0.4679338188976378
11
-0.3833182677165354
21
0.4677936614173228
0
LINE
8
BLACK
6
CONTINUOUS
10
-0.3833182677165354
20
0.4677936614173228
11
-0.383517716535433
21
0.4676388188976378
0
LINE
8
BLACK
6
CONTINUOUS
10
-0.383517716535433
20
0.4676388188976378
11
-0.3853924803149606
21
0.4667014566929134
0
LINE
8
BLACK
6
CONTINUOUS
10
-0.3853924803149606
20
0.4667014566929134
11
-0.3859851181102362
21
0.4665391732283464
0
LINE
8
BLACK
6
CONTINUOUS
10
-0.3859851181102362
20
0.4665391732283464
11
-0.3871285433070866
21
0.4669203149606299
0
LINE
8
BLACK
6
CONTINUOUS
10
-0.3871285433070866
20
0.4669203149606299
11
-0.3876675590551181
21
0.4679983858267717
0
LINE
8
BLACK
6
CONTINUOUS
10
-0.3876675590551181
20
0.4679983858267717
11
-0.3872864173228346
21
0.469141811023622
0
LINE
8
BLACK
6
CONTINUOUS
10
-0.3872864173228346
20
0.469141811023622
11
-0.3868009842519685
21
0.4695185433070866
0
LINE
8
BLACK
6
CONTINUOUS
10
-0.3868009842519685
20
0.4695185433070866
11
-0.3851548031496063
21
0.4703416535433071
0
LINE
8
BLACK
6
CONTINUOUS
10
-0.3851548031496063
20
0.4703416535433071
11
-0.3835710236220473
21
0.4719254724409448
0
LINE
8
BLACK
6
CONTINUOUS
10
-0.3835710236220473
20
0.4719254724409448
11
-0.3817827559055118
21
0.4746078346456693
0
LINE
8
BLACK
6
CONTINUOUS
10
-0.3817827559055118
20
0.4746078346456693
11
-0.3813487401574803
21
0.4750427559055118
0
LINE
8
BLACK
6
CONTINUOUS
10
-0.3813487401574803
20
0.4750427559055118
11
-0.3811897637795276
21
0.4750745669291339
0
LINE
8
BLACK
6
CONTINUOUS
10
-0.3811897637795276
20
0.4750745669291339
11
-0.3810750787401574
21
0.4751892125984252
0
LINE
8
BLACK
6
CONTINUOUS
10
-0.3810750787401574
20
0.4751892125984252
11
-0.3806164173228346
21
0.4751892125984252
0
LINE
8
BLACK
6
CONTINUOUS
10
-0.3806164173228346
20
0.4751892125984252
11
-0.380166811023622
21
0.4752791338582677
0
LINE
8
BLACK
6
CONTINUOUS
10
-0.380166811023622
20
0.4752791338582677
11
-0.3800319291338582
21
0.4751892125984252
0
LINE
8
BLACK
6
CONTINUOUS
10
-0.3501915748031496
20
0.4884328346456693
11
-0.349126220472441
21
0.4873674803149606
0
LINE
8
BLACK
6
CONTINUOUS
10
-0.349126220472441
20
0.4873674803149606
11
-0.3489763779527559
21
0.4866141732283464
0
LINE
8
BLACK
6
CONTINUOUS
10
-0.3489763779527559
20
0.4866141732283464
11
-0.3489763779527559
21
0.4393700787401575
0
LINE
8
BLACK
6
CONTINUOUS
10
-0.3489763779527559
20
0.4393700787401575
11
-0.349126220472441
21
0.4386167716535433
0
LINE
8
BLACK
6
CONTINUOUS
10
-0.349126220472441
20
0.4386167716535433
11
-0.3501915748031496
21
0.4375514173228346
0
LINE
8
BLACK
6
CONTINUOUS
10
-0.3501915748031496
20
0.4375514173228346
11
-0.3509448818897637
21
0.4374015748031496
0
LINE
8
BLACK
6
CONTINUOUS
10
-0.3509448818897637
20
0.4374015748031496
11
-0.4296850393700787
21
0.4374015748031496
0
LINE
8
BLACK
6
CONTINUOUS
10
-0.4296850393700787
20
0.4374015748031496
11
-0.4304383464566929
21
0.4375514173228346
0
LINE
8
BLACK
6
CONTINUOUS
10
-0.4304383464566929
20
0.4375514173228346
11
-0.4315037007874016
21
0.4386167716535433
0
LINE
8
BLACK
6
CONTINUOUS
10
-0.4315037007874016
20
0.4386167716535433
11
-0.4316535433070866
21
0.4393700787401575
0
LINE
8
BLACK
6
CONTINUOUS
10
-0.4316535433070866
20
0.4393700787401575
11
-0.4316535433070866
21
0.4748031496062992
0
LINE
8
BLACK
6
CONTINUOUS
10
-0.4316535433070866
20
0.4748031496062992
11
-0.4315037007874016
21
0.4755564566929134
0
LINE
8
BLACK
6
CONTINUOUS
10
-0.4315037007874016
20
0.4755564566929134
11
-0.431076968503937
21
0.4761950787401575
0
LINE
8
BLACK
6
CONTINUOUS
10
-0.431076968503937
20
0.4761950787401575
11
-0.4192659448818897
21
0.4880061023622047
0
LINE
8
BLACK
6
CONTINUOUS
10
-0.4192659448818897
20
0.4880061023622047
11
-0.4186273228346457
21
0.4884328346456693
0
LINE
8
BLACK
6
CONTINUOUS
10
-0.4186273228346457
20
0.4884328346456693
11
-0.4178740157480315
21
0.4885826771653543
0
LINE
8
BLACK
6
CONTINUOUS
10
-0.4178740157480315
20
0.4885826771653543
11
-0.3509448818897637
21
0.4885826771653543
0
LINE
8
BLACK
6
CONTINUOUS
10
-0.3509448818897637
20
0.4885826771653543
11
-0.3501915748031496
21
0.4884328346456693
0
LINE
8
BLACK
6
CONTINUOUS
10
-0.4170586614173228
20
0.4846456692913386
11
-0.4277165354330709
21
0.4739877952755905
0
LINE
8
BLACK
6
CONTINUOUS
10
-0.4277165354330709
20
0.4739877952755905
11
-0.4277165354330709
21
0.4413385826771654
0
LINE
8
BLACK
6
CONTINUOUS
10
-0.4277165354330709
20
0.4413385826771654
11
-0.3529133858267716
21
0.4413385826771654
0
LINE
8
BLACK
6
CONTINUOUS
10
-0.3529133858267716
20
0.4413385826771654
11
-0.3529133858267716
21
0.4846456692913386
0
LINE
8
BLACK
6
CONTINUOUS
10
-0.3529133858267716
20
0.4846456692913386
11
-0.4170586614173228
21
0.4846456692913386
0
LINE
8
BLACK
6
CONTINUOUS
10
-0.2427287795275591
20
0.4769608661417323
11
-0.2425666535433071
21
0.4769608661417323
0
LINE
8
BLACK
6
CONTINUOUS
10
-0.2425666535433071
20
0.4769608661417323
11
-0.2422424409448819
21
0.4766366535433071
0
LINE
8
BLACK
6
CONTINUOUS
10
-0.2422424409448819
20
0.4766366535433071
11
-0.2418608267716535
21
0.4763822440944882
0
LINE
8
BLACK
6
CONTINUOUS
10
-0.2418608267716535
20
0.4763822440944882
11
-0.2418290551181102
21
0.4762232677165354
0
LINE
8
BLACK
6
CONTINUOUS
10
-0.2418290551181102
20
0.4762232677165354
11
-0.2417143700787402
21
0.4761085826771653
0
LINE
8
BLACK
6
CONTINUOUS
10
-0.2417143700787402
20
0.4761085826771653
11
-0.2415944881889764
21
0.4755059448818897
0
LINE
8
BLACK
6
CONTINUOUS
10
-0.2415944881889764
20
0.4755059448818897
11
-0.2415944881889764
21
0.4573957086614173
0
LINE
8
BLACK
6
CONTINUOUS
10
-0.2415944881889764
20
0.4573957086614173
11
-0.237545
21
0.4573957086614173
0
LINE
8
BLACK
6
CONTINUOUS
10
-0.237545
20
0.4573957086614173
11
-0.2369423622047244
21
0.4572758267716535
0
LINE
8
BLACK
6
CONTINUOUS
10
-0.2369423622047244
20
0.4572758267716535
11
-0.2360900787401575
21
0.4564235433070866
0
LINE
8
BLACK
6
CONTINUOUS
10
-0.2360900787401575
20
0.4564235433070866
11
-0.2360900787401575
21
0.4552182677165354
0
LINE
8
BLACK
6
CONTINUOUS
10
-0.2360900787401575
20
0.4552182677165354
11
-0.2369423622047244
21
0.4543659842519685
0
LINE
8
BLACK
6
CONTINUOUS
10
-0.2369423622047244
20
0.4543659842519685
11
-0.237545
21
0.4542461023622047
0
LINE
8
BLACK
6
CONTINUOUS
10
-0.237545
20
0.4542461023622047
11
-0.2487935826771653
21
0.4542461023622047
0
LINE
8
BLACK
6
CONTINUOUS
10
-0.2487935826771653
20
0.4542461023622047
11
-0.2493962204724409
21
0.4543659842519685
0
LINE
8
BLACK
6
CONTINUOUS
10
-0.2493962204724409
20
0.4543659842519685
11
-0.2502485039370079
21
0.4552182677165354
0
LINE
8
BLACK
6
CONTINUOUS
10
-0.2502485039370079
20
0.4552182677165354
11
-0.2502485039370079
21
0.4564235433070866
0
LINE
8
BLACK
6
CONTINUOUS
10
-0.2502485039370079
20
0.4564235433070866
11
-0.2493962204724409
21
0.4572758267716535
0
LINE
8
BLACK
6
CONTINUOUS
10
-0.2493962204724409
20
0.4572758267716535
11
-0.2487935826771653
21
0.4573957086614173
0
LINE
8
BLACK
6
CONTINUOUS
10
-0.2487935826771653
20
0.4573957086614173
11
-0.244744094488189
21
0.4573957086614173
0
LINE
8
BLACK
6
CONTINUOUS
10
-0.244744094488189
20
0.4573957086614173
11
-0.244744094488189
21
0.4707666535433071
0
LINE
8
BLACK
6
CONTINUOUS
10
-0.244744094488189
20
0.4707666535433071
11
-0.2458052755905512
21
0.4697054724409448
0
LINE
8
BLACK
6
CONTINUOUS
10
-0.2458052755905512
20
0.4697054724409448
11
-0.2460151181102362
21
0.4695653149606299
0
LINE
8
BLACK
6
CONTINUOUS
10
-0.2460151181102362
20
0.4695653149606299
11
-0.2462145669291338
21
0.4694104724409449
0
LINE
8
BLACK
6
CONTINUOUS
10
-0.2462145669291338
20
0.4694104724409449
11
-0.2480893307086614
21
0.4684731102362205
0
LINE
8
BLACK
6
CONTINUOUS
10
-0.2480893307086614
20
0.4684731102362205
11
-0.248681968503937
21
0.4683108267716535
0
LINE
8
BLACK
6
CONTINUOUS
10
-0.248681968503937
20
0.4683108267716535
11
-0.2498253937007874
21
0.468691968503937
0
LINE
8
BLACK
6
CONTINUOUS
10
-0.2498253937007874
20
0.468691968503937
11
-0.2503644094488189
21
0.4697700393700787
0
LINE
8
BLACK
6
CONTINUOUS
10
-0.2503644094488189
20
0.4697700393700787
11
-0.2499832677165354
21
0.4709134645669291
0
LINE
8
BLACK
6
CONTINUOUS
10
-0.2499832677165354
20
0.4709134645669291
11
-0.2494978346456693
21
0.4712901968503937
0
LINE
8
BLACK
6
CONTINUOUS
10
-0.2494978346456693
20
0.4712901968503937
11
-0.2478516535433071
21
0.4721133070866141
0
LINE
8
BLACK
6
CONTINUOUS
10
-0.2478516535433071
20
0.4721133070866141
11
-0.246267874015748
21
0.473697125984252
0
LINE
8
BLACK
6
CONTINUOUS
10
-0.246267874015748
20
0.473697125984252
11
-0.2444796062992126
21
0.4763794881889764
0
LINE
8
BLACK
6
CONTINUOUS
10
-0.2444796062992126
20
0.4763794881889764
11
-0.2440455905511811
21
0.4768144094488189
0
LINE
8
BLACK
6
CONTINUOUS
10
-0.2440455905511811
20
0.4768144094488189
11
-0.2438866141732283
21
0.4768462204724409
0
LINE
8
BLACK
6
CONTINUOUS
10
-0.2438866141732283
20
0.4768462204724409
11
-0.2437719291338583
21
0.4769608661417323
0
LINE
8
BLACK
6
CONTINUOUS
10
-0.2437719291338583
20
0.4769608661417323
11
-0.2433132677165354
21
0.4769608661417323
0
LINE
8
BLACK
6
CONTINUOUS
10
-0.2433132677165354
20
0.4769608661417323
11
-0.2428636614173228
21
0.4770507874015748
0
LINE
8
BLACK
6
CONTINUOUS
10
-0.2428636614173228
20
0.4770507874015748
11
-0.2427287795275591
21
0.4769608661417323
0
LINE
8
BLACK
6
CONTINUOUS
10
-0.259964842519685
20
0.4770653543307086
11
-0.2599305511811024
21
0.4770767716535433
0
LINE
8
BLACK
6
CONTINUOUS
10
-0.2599305511811024
20
0.4770767716535433
11
-0.259687125984252
21
0.4770101181102362
0
LINE
8
BLACK
6
CONTINUOUS
10
-0.259687125984252
20
0.4770101181102362
11
-0.2594395669291338
21
0.4769608661417323
0
LINE
8
BLACK
6
CONTINUOUS
10
-0.2594395669291338
20
0.4769608661417323
11
-0.2594140551181102
21
0.4769353543307087
0
LINE
8
BLACK
6
CONTINUOUS
10
-0.2594140551181102
20
0.4769353543307087
11
-0.2593379133858268
21
0.4769144881889764
0
LINE
8
BLACK
6
CONTINUOUS
10
-0.2593379133858268
20
0.4769144881889764
11
-0.2574631496062992
21
0.4759770866141732
0
LINE
8
BLACK
6
CONTINUOUS
10
-0.2574631496062992
20
0.4759770866141732
11
-0.2572638188976378
21
0.4758223622047244
0
LINE
8
BLACK
6
CONTINUOUS
10
-0.2572638188976378
20
0.4758223622047244
11
-0.2570538976377953
21
0.475682125984252
0
LINE
8
BLACK
6
CONTINUOUS
10
-0.2570538976377953
20
0.475682125984252
11
-0.2561164960629921
21
0.4747447637795276
0
LINE
8
BLACK
6
CONTINUOUS
10
-0.2561164960629921
20
0.4747447637795276
11
-0.2559761023622047
21
0.4745346456692913
0
LINE
8
BLACK
6
CONTINUOUS
10
-0.2559761023622047
20
0.4745346456692913
11
-0.2558214960629921
21
0.4743354330708661
0
LINE
8
BLACK
6
CONTINUOUS
10
-0.2558214960629921
20
0.4743354330708661
11
-0.2548841338582677
21
0.4724607086614173
0
LINE
8
BLACK
6
CONTINUOUS
10
-0.2548841338582677
20
0.4724607086614173
11
-0.2548633070866141
21
0.4723846062992126
0
LINE
8
BLACK
6
CONTINUOUS
10
-0.2548633070866141
20
0.4723846062992126
11
-0.2548377559055118
21
0.4723590551181102
0
LINE
8
BLACK
6
CONTINUOUS
10
-0.2548377559055118
20
0.4723590551181102
11
-0.2547885433070866
21
0.4721115354330708
0
LINE
8
BLACK
6
CONTINUOUS
10
-0.2547885433070866
20
0.4721115354330708
11
-0.2547218503937008
21
0.4718680708661417
0
LINE
8
BLACK
6
CONTINUOUS
10
-0.2547218503937008
20
0.4718680708661417
11
-0.2547333070866142
21
0.4718338188976378
0
LINE
8
BLACK
6
CONTINUOUS
10
-0.2547333070866142
20
0.4718338188976378
11
-0.254717874015748
21
0.4717564173228346
0
LINE
8
BLACK
6
CONTINUOUS
10
-0.254717874015748
20
0.4717564173228346
11
-0.254717874015748
21
0.4689442519685039
0
LINE
8
BLACK
6
CONTINUOUS
10
-0.254717874015748
20
0.4689442519685039
11
-0.2547333070866142
21
0.4688668897637795
0
LINE
8
BLACK
6
CONTINUOUS
10
-0.2547333070866142
20
0.4688668897637795
11
-0.2547218503937008
21
0.4688325984251969
0
LINE
8
BLACK
6
CONTINUOUS
10
-0.2547218503937008
20
0.4688325984251969
11
-0.2547885433070866
21
0.4685891732283464
0
LINE
8
BLACK
6
CONTINUOUS
10
-0.2547885433070866
20
0.4685891732283464
11
-0.2548377559055118
21
0.4683416141732283
0
LINE
8
BLACK
6
CONTINUOUS
10
-0.2548377559055118
20
0.4683416141732283
11
-0.2548633070866141
21
0.4683161023622047
0
LINE
8
BLACK
6
CONTINUOUS
10
-0.2548633070866141
20
0.4683161023622047
11
-0.2548841338582677
21
0.4682399606299212
0
LINE
8
BLACK
6
CONTINUOUS
10
-0.2548841338582677
20
0.4682399606299212
11
-0.2558214960629921
21
0.4663652362204724
0
LINE
8
BLACK
6
CONTINUOUS
10
-0.2558214960629921
20
0.4663652362204724
11
-0.2559761023622047
21
0.466166062992126
0
LINE
8
BLACK
6
CONTINUOUS
10
-0.2559761023622047
20
0.466166062992126
11
-0.2561164960629921
21
0.465955905511811
0
LINE
8
BLACK
6
CONTINUOUS
10
-0.2561164960629921
20
0.465955905511811
11
-0.2570538976377953
21
0.4650185433070866
0
LINE
8
BLACK
6
CONTINUOUS
10
-0.2570538976377953
20
0.4650185433070866
11
-0.2572638188976378
21
0.4648783464566929
0
LINE
8
BLACK
6
CONTINUOUS
10
-0.2572638188976378
20
0.4648783464566929
11
-0.2574631496062992
21
0.4647235826771653
0
LINE
8
BLACK
6
CONTINUOUS
10
-0.2574631496062992
20
0.4647235826771653
11
-0.2593379133858268
21
0.4637861811023622
0
LINE
8
BLACK
6
CONTINUOUS
10
-0.2593379133858268
20
0.4637861811023622
11
-0.2594140551181102
21
0.4637653543307086
0
LINE
8
BLACK
6
CONTINUOUS
10
-0.2594140551181102
20
0.4637653543307086
11
-0.2594395669291338
21
0.4637398031496063
0
LINE
8
BLACK
6
CONTINUOUS
10
-0.2594395669291338
20
0.4637398031496063
11
-0.259687125984252
21
0.4636905905511811
0
LINE
8
BLACK
6
CONTINUOUS
10
-0.259687125984252
20
0.4636905905511811
11
-0.2598482677165354
21
0.4636464566929134
0
LINE
8
BLACK
6
CONTINUOUS
10
-0.2598482677165354
20
0.4636464566929134
11
-0.2550025590551181
21
0.4567239763779528
0
LINE
8
BLACK
6
CONTINUOUS
10
-0.2550025590551181
20
0.4567239763779528
11
-0.254755157480315
21
0.4561615354330709
0
LINE
8
BLACK
6
CONTINUOUS
10
-0.254755157480315
20
0.4561615354330709
11
-0.2549646456692913
21
0.4549745669291339
0
LINE
8
BLACK
6
CONTINUOUS
10
-0.2549646456692913
20
0.4549745669291339
11
-0.2559520472440945
21
0.4542833858267716
0
LINE
8
BLACK
6
CONTINUOUS
10
-0.2559520472440945
20
0.4542833858267716
11
-0.2571390157480315
21
0.4544928346456693
0
LINE
8
BLACK
6
CONTINUOUS
10
-0.2571390157480315
20
0.4544928346456693
11
-0.2575827952755905
21
0.4549177952755906
0
LINE
8
BLACK
6
CONTINUOUS
10
-0.2575827952755905
20
0.4549177952755906
11
-0.2636742519685039
21
0.4636199212598425
0
LINE
8
BLACK
6
CONTINUOUS
10
-0.2636742519685039
20
0.4636199212598425
11
-0.2659664566929134
21
0.4636199212598425
0
LINE
8
BLACK
6
CONTINUOUS
10
-0.2659664566929134
20
0.4636199212598425
11
-0.2659664566929134
21
0.455820905511811
0
LINE
8
BLACK
6
CONTINUOUS
10
-0.2659664566929134
20
0.455820905511811
11
-0.2660863385826772
21
0.4552182677165354
0
LINE
8
BLACK
6
CONTINUOUS
10
-0.2660863385826772
20
0.4552182677165354
11
-0.2669386220472441
21
0.4543659842519685
0
LINE
8
BLACK
6
CONTINUOUS
10
-0.2669386220472441
20
0.4543659842519685
11
-0.2681438976377953
21
0.4543659842519685
0
LINE
8
BLACK
6
CONTINUOUS
10
-0.2681438976377953
20
0.4543659842519685
11
-0.2689961811023622
21
0.4552182677165354
0
LINE
8
BLACK
6
CONTINUOUS
10
-0.2689961811023622
20
0.4552182677165354
11
-0.269116062992126
21
0.455820905511811
0
LINE
8
BLACK
6
CONTINUOUS
10
-0.269116062992126
20
0.455820905511811
11
-0.269116062992126
21
0.4755059448818897
0
LINE
8
BLACK
6
CONTINUOUS
10
-0.269116062992126
20
0.4755059448818897
11
-0.2689961811023622
21
0.4761085826771653
0
LINE
8
BLACK
6
CONTINUOUS
10
-0.2689961811023622
20
0.4761085826771653
11
-0.2681438976377953
21
0.4769608661417323
0
LINE
8
BLACK
6
CONTINUOUS
10
-0.2681438976377953
20
0.4769608661417323
11
-0.2675412598425197
21
0.477080748031496
0
LINE
8
BLACK
6
CONTINUOUS
10
-0.2675412598425197
20
0.477080748031496
11
-0.2600422047244094
21
0.477080748031496
0
LINE
8
BLACK
6
CONTINUOUS
10
-0.2600422047244094
20
0.477080748031496
11
-0.259964842519685
21
0.4770653543307086
0
LINE
8
BLACK
6
CONTINUOUS
10
-0.2659664566929134
20
0.4667695275590551
11
-0.2604139763779528
21
0.4667695275590551
0
LINE
8
BLACK
6
CONTINUOUS
10
-0.2604139763779528
20
0.4667695275590551
11
-0.2591003149606299
21
0.4674264173228346
0
LINE
8
BLACK
6
CONTINUOUS
10
-0.2591003149606299
20
0.4674264173228346
11
-0.2585242913385827
21
0.4680023622047244
0
LINE
8
BLACK
6
CONTINUOUS
10
-0.2585242913385827
20
0.4680023622047244
11
-0.2578674803149607
21
0.4693159842519685
0
LINE
8
BLACK
6
CONTINUOUS
10
-0.2578674803149607
20
0.4693159842519685
11
-0.2578674803149607
21
0.4713847244094488
0
LINE
8
BLACK
6
CONTINUOUS
10
-0.2578674803149607
20
0.4713847244094488
11
-0.2585242913385827
21
0.4726983464566929
0
LINE
8
BLACK
6
CONTINUOUS
10
-0.2585242913385827
20
0.4726983464566929
11
-0.2591003149606299
21
0.4732742913385827
0
LINE
8
BLACK
6
CONTINUOUS
10
-0.2591003149606299
20
0.4732742913385827
11
-0.2604139763779528
21
0.4739311417322835
0
LINE
8
BLACK
6
CONTINUOUS
10
-0.2604139763779528
20
0.4739311417322835
11
-0.2659664566929134
21
0.4739311417322835
0
LINE
8
BLACK
6
CONTINUOUS
10
-0.2659664566929134
20
0.4739311417322835
11
-0.2659664566929134
21
0.4667695275590551
0
LINE
8
BLACK
6
CONTINUOUS
10
-0.2128884251968504
20
0.4911887401574803
11
-0.2118230708661417
21
0.4901233858267716
0
LINE
8
BLACK
6
CONTINUOUS
10
-0.2118230708661417
20
0.4901233858267716
11
-0.2116732283464567
21
0.4893700787401575
0
LINE
8
BLACK
6
CONTINUOUS
10
-0.2116732283464567
20
0.4893700787401575
11
-0.2116732283464567
21
0.4401574803149606
0
LINE
8
BLACK
6
CONTINUOUS
10
-0.2116732283464567
20
0.4401574803149606
11
-0.2118230708661417
21
0.4394041732283465
0
LINE
8
BLACK
6
CONTINUOUS
10
-0.2118230708661417
20
0.4394041732283465
11
-0.2128884251968504
21
0.4383388188976378
0
LINE
8
BLACK
6
CONTINUOUS
10
-0.2128884251968504
20
0.4383388188976378
11
-0.2136417322834646
21
0.4381889763779527
0
LINE
8
BLACK
6
CONTINUOUS
10
-0.2136417322834646
20
0.4381889763779527
11
-0.2923818897637795
21
0.4381889763779527
0
LINE
8
BLACK
6
CONTINUOUS
10
-0.2923818897637795
20
0.4381889763779527
11
-0.2931351968503937
21
0.4383388188976378
0
LINE
8
BLACK
6
CONTINUOUS
10
-0.2931351968503937
20
0.4383388188976378
11
-0.2942005511811023
21
0.4394041732283465
0
LINE
8
BLACK
6
CONTINUOUS
10
-0.2942005511811023
20
0.4394041732283465
11
-0.2943503937007874
21
0.4401574803149606
0
LINE
8
BLACK
6
CONTINUOUS
10
-0.2943503937007874
20
0.4401574803149606
11
-0.2943503937007874
21
0.4893700787401575
0
LINE
8
BLACK
6
CONTINUOUS
10
-0.2943503937007874
20
0.4893700787401575
11
-0.2942005511811023
21
0.4901233858267716
0
LINE
8
BLACK
6
CONTINUOUS
10
-0.2942005511811023
20
0.4901233858267716
11
-0.2931351968503937
21
0.4911887401574803
0
LINE
8
BLACK
6
CONTINUOUS
10
-0.2931351968503937
20
0.4911887401574803
11
-0.2923818897637795
21
0.4913385826771653
0
LINE
8
BLACK
6
CONTINUOUS
10
-0.2923818897637795
20
0.4913385826771653
11
-0.2136417322834646
21
0.4913385826771653
0
LINE
8
BLACK
6
CONTINUOUS
10
-0.2136417322834646
20
0.4913385826771653
11
-0.2128884251968504
21
0.4911887401574803
0
LINE
8
BLACK
6
CONTINUOUS
10
-0.2904133858267716
20
0.4874015748031496
11
-0.2904133858267716
21
0.4421259842519685
0
LINE
8
BLACK
6
CONTINUOUS
10
-0.2904133858267716
20
0.4421259842519685
11
-0.2156102362204724
21
0.4421259842519685
0
LINE
8
BLACK
6
CONTINUOUS
10
-0.2156102362204724
20
0.4421259842519685
11
-0.2156102362204724
21
0.4874015748031496
0
LINE
8
BLACK
6
CONTINUOUS
10
-0.2156102362204724
20
0.4874015748031496
11
-0.2904133858267716
21
0.4874015748031496
0
LINE
8
BLACK
6
CONTINUOUS
10
-0.3058665748031496
20
0.554084251968504
11
-0.3057685826771653
21
0.5540436614173229
0
LINE
8
BLACK
6
CONTINUOUS
10
-0.3057685826771653
20
0.5540436614173229
11
-0.3056627559055118
21
0.5540361417322834
0
LINE
8
BLACK
6
CONTINUOUS
10
-0.3056627559055118
20
0.5540361417322834
11
-0.305122125984252
21
0.553829251968504
0
LINE
8
BLACK
6
CONTINUOUS
10
-0.305122125984252
20
0.553829251968504
11
-0.3013725984251969
21
0.5519544881889764
0
LINE
8
BLACK
6
CONTINUOUS
10
-0.3013725984251969
20
0.5519544881889764
11
-0.3011246062992126
21
0.5517984251968504
0
LINE
8
BLACK
6
CONTINUOUS
10
-0.3011246062992126
20
0.5517984251968504
11
-0.3010526377952756
21
0.5517685826771653
0
LINE
8
BLACK
6
CONTINUOUS
10
-0.3010526377952756
20
0.5517685826771653
11
-0.3009716929133858
21
0.5517021259842519
0
LINE
8
BLACK
6
CONTINUOUS
10
-0.3009716929133858
20
0.5517021259842519
11
-0.3008827165354331
21
0.5516461417322834
0
LINE
8
BLACK
6
CONTINUOUS
10
-0.3008827165354331
20
0.5516461417322834
11
-0.3008315748031496
21
0.5515871653543307
0
LINE
8
BLACK
6
CONTINUOUS
10
-0.3008315748031496
20
0.5515871653543307
11
-0.3006051968503937
21
0.5514013779527559
0
LINE
8
BLACK
6
CONTINUOUS
10
-0.3006051968503937
20
0.5514013779527559
11
-0.2987304330708661
21
0.5495266141732283
0
LINE
8
BLACK
6
CONTINUOUS
10
-0.2987304330708661
20
0.5495266141732283
11
-0.2985446850393701
21
0.5493002755905512
0
LINE
8
BLACK
6
CONTINUOUS
10
-0.2985446850393701
20
0.5493002755905512
11
-0.2984856692913386
21
0.5492490944881889
0
LINE
8
BLACK
6
CONTINUOUS
10
-0.2984856692913386
20
0.5492490944881889
11
-0.2984297244094488
21
0.549160157480315
0
LINE
8
BLACK
6
CONTINUOUS
10
-0.2984297244094488
20
0.549160157480315
11
-0.2983632283464567
21
0.5490791732283464
0
LINE
8
BLACK
6
CONTINUOUS
10
-0.2983632283464567
20
0.5490791732283464
11
-0.2983334251968504
21
0.5490072440944882
0
LINE
8
BLACK
6
CONTINUOUS
10
-0.2983334251968504
20
0.5490072440944882
11
-0.2981773228346457
21
0.5487592125984252
0
LINE
8
BLACK
6
CONTINUOUS
10
-0.2981773228346457
20
0.5487592125984252
11
-0.2963025590551181
21
0.5450096850393701
0
LINE
8
BLACK
6
CONTINUOUS
10
-0.2963025590551181
20
0.5450096850393701
11
-0.2960956692913386
21
0.5444690944881889
0
LINE
8
BLACK
6
CONTINUOUS
10
-0.2960956692913386
20
0.5444690944881889
11
-0.2960881496062992
21
0.5443632283464567
0
LINE
8
BLACK
6
CONTINUOUS
10
-0.2960881496062992
20
0.5443632283464567
11
-0.2960475590551181
21
0.5442652362204724
0
LINE
8
BLACK
6
CONTINUOUS
10
-0.2960475590551181
20
0.5442652362204724
11
-0.2959908267716536
21
0.5436891732283464
0
LINE
8
BLACK
6
CONTINUOUS
10
-0.2959908267716536
20
0.5436891732283464
11
-0.2959908267716536
21
0.5399396456692913
0
LINE
8
BLACK
6
CONTINUOUS
10
-0.2959908267716536
20
0.5399396456692913
11
-0.2960195669291338
21
0.5396480708661417
0
LINE
8
BLACK
6
CONTINUOUS
10
-0.2960195669291338
20
0.5396480708661417
11
-0.2960140157480315
21
0.5395703149606299
0
LINE
8
BLACK
6
CONTINUOUS
10
-0.2960140157480315
20
0.5395703149606299
11
-0.2960372834645669
21
0.5394680708661417
0
LINE
8
BLACK
6
CONTINUOUS
10
-0.2960372834645669
20
0.5394680708661417
11
-0.2960475590551181
21
0.5393635826771653
0
LINE
8
BLACK
6
CONTINUOUS
10
-0.2960475590551181
20
0.5393635826771653
11
-0.2960774409448819
21
0.5392915354330708
0
LINE
8
BLACK
6
CONTINUOUS
10
-0.2960774409448819
20
0.5392915354330708
11
-0.2961423622047244
21
0.5390058661417323
0
LINE
8
BLACK
6
CONTINUOUS
10
-0.2961423622047244
20
0.5390058661417323
11
-0.298017125984252
21
0.5333816141732284
0
LINE
8
BLACK
6
CONTINUOUS
10
-0.298017125984252
20
0.5333816141732284
11
-0.2982531102362205
21
0.532853031496063
0
LINE
8
BLACK
6
CONTINUOUS
10
-0.2982531102362205
20
0.532853031496063
11
-0.2983225984251968
21
0.5327729527559055
0
LINE
8
BLACK
6
CONTINUOUS
10
-0.2983225984251968
20
0.5327729527559055
11
-0.2983631889763779
21
0.5326748818897638
0
LINE
8
BLACK
6
CONTINUOUS
10
-0.2983631889763779
20
0.5326748818897638
11
-0.2987304330708661
21
0.5322274409448818
0
LINE
8
BLACK
6
CONTINUOUS
10
-0.2987304330708661
20
0.5322274409448818
11
-0.3161869291338583
21
0.514770905511811
0
LINE
8
BLACK
6
CONTINUOUS
10
-0.3161869291338583
20
0.514770905511811
11
-0.2989435826771654
21
0.514770905511811
0
LINE
8
BLACK
6
CONTINUOUS
10
-0.2989435826771654
20
0.514770905511811
11
-0.2983675196850394
21
0.5147141732283464
0
LINE
8
BLACK
6
CONTINUOUS
10
-0.2983675196850394
20
0.5147141732283464
11
-0.2973031102362205
21
0.5142732677165355
0
LINE
8
BLACK
6
CONTINUOUS
10
-0.2973031102362205
20
0.5142732677165355
11
-0.2964884645669291
21
0.5134586220472441
0
LINE
8
BLACK
6
CONTINUOUS
10
-0.2964884645669291
20
0.5134586220472441
11
-0.2960475590551181
21
0.5123942125984252
0
LINE
8
BLACK
6
CONTINUOUS
10
-0.2960475590551181
20
0.5123942125984252
11
-0.2960475590551181
21
0.5112420866141733
0
LINE
8
BLACK
6
CONTINUOUS
10
-0.2960475590551181
20
0.5112420866141733
11
-0.2964884645669291
21
0.5101776771653543
0
LINE
8
BLACK
6
CONTINUOUS
10
-0.2964884645669291
20
0.5101776771653543
11
-0.2973031102362205
21
0.509363031496063
0
LINE
8
BLACK
6
CONTINUOUS
10
-0.2973031102362205
20
0.509363031496063
11
-0.2983675196850394
21
0.5089221259842519
0
LINE
8
BLACK
6
CONTINUOUS
10
-0.2983675196850394
20
0.5089221259842519
11
-0.2989435826771654
21
0.5088653937007874
0
LINE
8
BLACK
6
CONTINUOUS
10
-0.2989435826771654
20
0.5088653937007874
11
-0.3233155118110236
21
0.5088653937007874
0
LINE
8
BLACK
6
CONTINUOUS
10
-0.3233155118110236
20
0.5088653937007874
11
-0.3238915748031496
21
0.5089221259842519
0
LINE
8
BLACK
6
CONTINUOUS
10
-0.3238915748031496
20
0.5089221259842519
11
-0.3249559842519685
21
0.509363031496063
0
LINE
8
BLACK
6
CONTINUOUS
10
-0.3249559842519685
20
0.509363031496063
11
-0.3257706299212598
21
0.5101776771653543
0
LINE
8
BLACK
6
CONTINUOUS
10
-0.3257706299212598
20
0.5101776771653543
11
-0.3262115354330709
21
0.5112420866141733
0
LINE
8
BLACK
6
CONTINUOUS
10
-0.3262115354330709
20
0.5112420866141733
11
-0.3262115354330709
21
0.5123942125984252
0
LINE
8
BLACK
6
CONTINUOUS
10
-0.3262115354330709
20
0.5123942125984252
11
-0.3257706299212598
21
0.5134586220472441
0
LINE
8
BLACK
6
CONTINUOUS
10
-0.3257706299212598
20
0.5134586220472441
11
-0.3254034251968504
21
0.5139060629921259
0
LINE
8
BLACK
6
CONTINUOUS
10
-0.3254034251968504
20
0.5139060629921259
11
-0.3033991732283465
21
0.5359103937007874
0
LINE
8
BLACK
6
CONTINUOUS
10
-0.3033991732283465
20
0.5359103937007874
11
-0.3018963385826772
21
0.540418779527559
0
LINE
8
BLACK
6
CONTINUOUS
10
-0.3018963385826772
20
0.540418779527559
11
-0.3018963385826772
21
0.5429921259842519
0
LINE
8
BLACK
6
CONTINUOUS
10
-0.3018963385826772
20
0.5429921259842519
11
-0.3032450787401575
21
0.5456896062992126
0
LINE
8
BLACK
6
CONTINUOUS
10
-0.3032450787401575
20
0.5456896062992126
11
-0.3044422047244094
21
0.5468867322834645
0
LINE
8
BLACK
6
CONTINUOUS
10
-0.3044422047244094
20
0.5468867322834645
11
-0.3071396850393701
21
0.5482354724409448
0
LINE
8
BLACK
6
CONTINUOUS
10
-0.3071396850393701
20
0.5482354724409448
11
-0.3151194094488189
21
0.5482354724409448
0
LINE
8
BLACK
6
CONTINUOUS
10
-0.3151194094488189
20
0.5482354724409448
11
-0.3178168897637795
21
0.5468867322834645
0
LINE
8
BLACK
6
CONTINUOUS
10
-0.3178168897637795
20
0.5468867322834645
11
-0.3193528346456693
21
0.5453507874015748
0
LINE
8
BLACK
6
CONTINUOUS
10
-0.3193528346456693
20
0.5453507874015748
11
-0.3198002755905512
21
0.5449835826771653
0
LINE
8
BLACK
6
CONTINUOUS
10
-0.3198002755905512
20
0.5449835826771653
11
-0.3208647244094488
21
0.5445426771653543
0
LINE
8
BLACK
6
CONTINUOUS
10
-0.3208647244094488
20
0.5445426771653543
11
-0.3220167716535433
21
0.5445426771653543
0
LINE
8
BLACK
6
CONTINUOUS
10
-0.3220167716535433
20
0.5445426771653543
11
-0.3230812204724409
21
0.5449835826771653
0
LINE
8
BLACK
6
CONTINUOUS
10
-0.3230812204724409
20
0.5449835826771653
11
-0.3238958661417323
21
0.5457982283464566
0
LINE
8
BLACK
6
CONTINUOUS
10
-0.3238958661417323
20
0.5457982283464566
11
-0.3243367716535433
21
0.5468626771653543
0
LINE
8
BLACK
6
CONTINUOUS
10
-0.3243367716535433
20
0.5468626771653543
11
-0.3243367716535433
21
0.5480147244094488
0
LINE
8
BLACK
6
CONTINUOUS
10
-0.3243367716535433
20
0.5480147244094488
11
-0.3238958661417323
21
0.5490791732283464
0
LINE
8
BLACK
6
CONTINUOUS
10
-0.3238958661417323
20
0.5490791732283464
11
-0.3235286614173228
21
0.5495266141732283
0
LINE
8
BLACK
6
CONTINUOUS
10
-0.3235286614173228
20
0.5495266141732283
11
-0.3216538976377953
21
0.5514013779527559
0
LINE
8
BLACK
6
CONTINUOUS
10
-0.3216538976377953
20
0.5514013779527559
11
-0.3214275590551181
21
0.5515871653543307
0
LINE
8
BLACK
6
CONTINUOUS
10
-0.3214275590551181
20
0.5515871653543307
11
-0.3213763779527559
21
0.5516461417322834
0
LINE
8
BLACK
6
CONTINUOUS
10
-0.3213763779527559
20
0.5516461417322834
11
-0.3212874409448819
21
0.5517021259842519
0
LINE
8
BLACK
6
CONTINUOUS
10
-0.3212874409448819
20
0.5517021259842519
11
-0.3212064566929134
21
0.5517685826771653
0
LINE
8
BLACK
6
CONTINUOUS
10
-0.3212064566929134
20
0.5517685826771653
11
-0.3211345275590551
21
0.5517984251968504
0
LINE
8
BLACK
6
CONTINUOUS
10
-0.3211345275590551
20
0.5517984251968504
11
-0.3208864960629921
21
0.5519544881889764
0
LINE
8
BLACK
6
CONTINUOUS
10
-0.3208864960629921
20
0.5519544881889764
11
-0.317136968503937
21
0.553829251968504
0
LINE
8
BLACK
6
CONTINUOUS
10
-0.317136968503937
20
0.553829251968504
11
-0.3165963779527559
21
0.5540361417322834
0
LINE
8
BLACK
6
CONTINUOUS
10
-0.3165963779527559
20
0.5540361417322834
11
-0.3164905118110236
21
0.5540437007874016
0
LINE
8
BLACK
6
CONTINUOUS
10
-0.3164905118110236
20
0.5540437007874016
11
-0.3163925196850393
21
0.554084251968504
0
LINE
8
BLACK
6
CONTINUOUS
10
-0.3163925196850393
20
0.554084251968504
11
-0.3158164566929134
21
0.5541409842519684
0
LINE
8
BLACK
6
CONTINUOUS
10
-0.3158164566929134
20
0.5541409842519684
11
-0.3064426377952756
21
0.5541409842519684
0
LINE
8
BLACK
6
CONTINUOUS
10
-0.3064426377952756
20
0.5541409842519684
11
-0.3058665748031496
21
0.554084251968504
0
LINE
8
BLACK
6
CONTINUOUS
10
-0.2327507086614173
20
0.554084251968504
11
-0.2326527165354331
21
0.5540436614173229
0
LINE
8
BLACK
6
CONTINUOUS
10
-0.2326527165354331
20
0.5540436614173229
11
-0.2325468897637795
21
0.5540361417322834
0
LINE
8
BLACK
6
CONTINUOUS
10
-0.2325468897637795
20
0.5540361417322834
11
-0.2320062598425197
21
0.553829251968504
0
LINE
8
BLACK
6
CONTINUOUS
10
-0.2320062598425197
20
0.553829251968504
11
-0.2282567322834646
21
0.5519544881889764
0
LINE
8
BLACK
6
CONTINUOUS
10
-0.2282567322834646
20
0.5519544881889764
11
-0.2280087401574803
21
0.5517984251968504
0
LINE
8
BLACK
6
CONTINUOUS
10
-0.2280087401574803
20
0.5517984251968504
11
-0.2279367716535433
21
0.5517685826771653
0
LINE
8
BLACK
6
CONTINUOUS
10
-0.2279367716535433
20
0.5517685826771653
11
-0.2278558267716535
21
0.5517021259842519
0
LINE
8
BLACK
6
CONTINUOUS
10
-0.2278558267716535
20
0.5517021259842519
11
-0.2277668503937008
21
0.5516461417322834
0
LINE
8
BLACK
6
CONTINUOUS
10
-0.2277668503937008
20
0.5516461417322834
11
-0.2277157086614173
21
0.5515871653543307
0
LINE
8
BLACK
6
CONTINUOUS
10
-0.2277157086614173
20
0.5515871653543307
11
-0.2274893307086614
21
0.5514013779527559
0
LINE
8
BLACK
6
CONTINUOUS
10
-0.2274893307086614
20
0.5514013779527559
11
-0.2256145669291338
21
0.5495266141732283
0
LINE
8
BLACK
6
CONTINUOUS
10
-0.2256145669291338
20
0.5495266141732283
11
-0.2254288188976378
21
0.5493002755905512
0
LINE
8
BLACK
6
CONTINUOUS
10
-0.2254288188976378
20
0.5493002755905512
11
-0.2253698031496063
21
0.5492490944881889
0
LINE
8
BLACK
6
CONTINUOUS
10
-0.2253698031496063
20
0.5492490944881889
11
-0.2253138582677165
21
0.549160157480315
0
LINE
8
BLACK
6
CONTINUOUS
10
-0.2253138582677165
20
0.549160157480315
11
-0.2252473622047244
21
0.5490791732283464
0
LINE
8
BLACK
6
CONTINUOUS
10
-0.2252473622047244
20
0.5490791732283464
11
-0.2252175590551181
21
0.5490072440944882
0
LINE
8
BLACK
6
CONTINUOUS
10
-0.2252175590551181
20
0.5490072440944882
11
-0.2250614566929134
21
0.5487592125984252
0
LINE
8
BLACK
6
CONTINUOUS
10
-0.2250614566929134
20
0.5487592125984252
11
-0.2231866929133858
21
0.5450096850393701
0
LINE
8
BLACK
6
CONTINUOUS
10
-0.2231866929133858
20
0.5450096850393701
11
-0.2231705905511811
21
0.5449675984251968
0
LINE
8
BLACK
6
CONTINUOUS
10
-0.2231705905511811
20
0.5449675984251968
11
-0.223157874015748
21
0.5449504330708661
0
LINE
8
BLACK
6
CONTINUOUS
10
-0.223157874015748
20
0.5449504330708661
11
-0.2230715748031496
21
0.5447088582677165
0
LINE
8
BLACK
6
CONTINUOUS
10
-0.2230715748031496
20
0.5447088582677165
11
-0.2229798031496063
21
0.5444690944881889
0
LINE
8
BLACK
6
CONTINUOUS
10
-0.2229798031496063
20
0.5444690944881889
11
-0.2229783070866142
21
0.5444478346456693
0
LINE
8
BLACK
6
CONTINUOUS
10
-0.2229783070866142
20
0.5444478346456693
11
-0.2229631102362205
21
0.5444053149606299
0
LINE
8
BLACK
6
CONTINUOUS
10
-0.2229631102362205
20
0.5444053149606299
11
-0.2210883464566929
21
0.5369062598425197
0
LINE
8
BLACK
6
CONTINUOUS
10
-0.2210883464566929
20
0.5369062598425197
11
-0.2210735826771653
21
0.5368064173228346
0
LINE
8
BLACK
6
CONTINUOUS
10
-0.2210735826771653
20
0.5368064173228346
11
-0.2210569291338583
21
0.5367661811023622
0
LINE
8
BLACK
6
CONTINUOUS
10
-0.2210569291338583
20
0.5367661811023622
11
-0.2210355905511811
21
0.5365491732283465
0
LINE
8
BLACK
6
CONTINUOUS
10
-0.2210355905511811
20
0.5365491732283465
11
-0.2210037007874016
21
0.5363336614173229
0
LINE
8
BLACK
6
CONTINUOUS
10
-0.2210037007874016
20
0.5363336614173229
11
-0.2210101181102362
21
0.5362906692913386
0
LINE
8
BLACK
6
CONTINUOUS
10
-0.2210101181102362
20
0.5362906692913386
11
-0.2210001968503937
21
0.5361901181102362
0
LINE
8
BLACK
6
CONTINUOUS
10
-0.2210001968503937
20
0.5361901181102362
11
-0.2210001968503937
21
0.5268162992125984
0
LINE
8
BLACK
6
CONTINUOUS
10
-0.2210001968503937
20
0.5268162992125984
11
-0.2210101181102362
21
0.5267157874015748
0
LINE
8
BLACK
6
CONTINUOUS
10
-0.2210101181102362
20
0.5267157874015748
11
-0.2210037007874016
21
0.5266727559055118
0
LINE
8
BLACK
6
CONTINUOUS
10
-0.2210037007874016
20
0.5266727559055118
11
-0.2210355905511811
21
0.5264572834645669
0
LINE
8
BLACK
6
CONTINUOUS
10
-0.2210355905511811
20
0.5264572834645669
11
-0.2210569291338583
21
0.5262402362204724
0
LINE
8
BLACK
6
CONTINUOUS
10
-0.2210569291338583
20
0.5262402362204724
11
-0.2210735826771653
21
0.5262000393700788
0
LINE
8
BLACK
6
CONTINUOUS
10
-0.2210735826771653
20
0.5262000393700788
11
-0.2210883464566929
21
0.5261001574803149
0
LINE
8
BLACK
6
CONTINUOUS
10
-0.2210883464566929
20
0.5261001574803149
11
-0.2229631102362205
21
0.5186011023622047
0
LINE
8
BLACK
6
CONTINUOUS
10
-0.2229631102362205
20
0.5186011023622047
11
-0.2229783070866142
21
0.5185586220472441
0
LINE
8
BLACK
6
CONTINUOUS
10
-0.2229783070866142
20
0.5185586220472441
11
-0.2229798031496063
21
0.5185373228346457
0
LINE
8
BLACK
6
CONTINUOUS
10
-0.2229798031496063
20
0.5185373228346457
11
-0.2230715748031496
21
0.5182975984251968
0
LINE
8
BLACK
6
CONTINUOUS
10
-0.2230715748031496
20
0.5182975984251968
11
-0.223157874015748
21
0.5180559842519685
0
LINE
8
BLACK
6
CONTINUOUS
10
-0.223157874015748
20
0.5180559842519685
11
-0.2231705905511811
21
0.5180388582677166
0
LINE
8
BLACK
6
CONTINUOUS
10
-0.2231705905511811
20
0.5180388582677166
11
-0.2231866929133858
21
0.5179967322834645
0
LINE
8
BLACK
6
CONTINUOUS
10
-0.2231866929133858
20
0.5179967322834645
11
-0.2250614566929134
21
0.5142472047244094
0
LINE
8
BLACK
6
CONTINUOUS
10
-0.2250614566929134
20
0.5142472047244094
11
-0.2252175196850394
21
0.5139993307086614
0
LINE
8
BLACK
6
CONTINUOUS
10
-0.2252175196850394
20
0.5139993307086614
11
-0.2252473228346457
21
0.513927283464567
0
LINE
8
BLACK
6
CONTINUOUS
10
-0.2252473228346457
20
0.513927283464567
11
-0.2253138582677165
21
0.5138462598425196
0
LINE
8
BLACK
6
CONTINUOUS
10
-0.2253138582677165
20
0.5138462598425196
11
-0.2253698031496063
21
0.5137573228346457
0
LINE
8
BLACK
6
CONTINUOUS
10
-0.2253698031496063
20
0.5137573228346457
11
-0.2254288188976378
21
0.5137061811023622
0
LINE
8
BLACK
6
CONTINUOUS
10
-0.2254288188976378
20
0.5137061811023622
11
-0.2256145669291338
21
0.5134798031496063
0
LINE
8
BLACK
6
CONTINUOUS
10
-0.2256145669291338
20
0.5134798031496063
11
-0.2274892913385827
21
0.5116050393700787
0
LINE
8
BLACK
6
CONTINUOUS
10
-0.2274892913385827
20
0.5116050393700787
11
-0.2277156692913386
21
0.5114192913385827
0
LINE
8
BLACK
6
CONTINUOUS
10
-0.2277156692913386
20
0.5114192913385827
11
-0.2277668503937008
21
0.5113602362204724
0
LINE
8
BLACK
6
CONTINUOUS
10
-0.2277668503937008
20
0.5113602362204724
11
-0.2278558267716535
21
0.5113042519685039
0
LINE
8
BLACK
6
CONTINUOUS
10
-0.2278558267716535
20
0.5113042519685039
11
-0.2279367716535433
21
0.5112377952755905
0
LINE
8
BLACK
6
CONTINUOUS
10
-0.2279367716535433
20
0.5112377952755905
11
-0.2280087401574803
21
0.5112079921259842
0
LINE
8
BLACK
6
CONTINUOUS
10
-0.2280087401574803
20
0.5112079921259842
11
-0.2282567322834646
21
0.5110518897637795
0
LINE
8
BLACK
6
CONTINUOUS
10
-0.2282567322834646
20
0.5110518897637795
11
-0.2320062598425197
21
0.5091771259842519
0
LINE
8
BLACK
6
CONTINUOUS
10
-0.2320062598425197
20
0.5091771259842519
11
-0.2325468897637795
21
0.5089702362204724
0
LINE
8
BLACK
6
CONTINUOUS
10
-0.2325468897637795
20
0.5089702362204724
11
-0.2326527165354331
21
0.5089627559055118
0
LINE
8
BLACK
6
CONTINUOUS
10
-0.2326527165354331
20
0.5089627559055118
11
-0.2327507086614173
21
0.5089221259842519
0
LINE
8
BLACK
6
CONTINUOUS
10
-0.2327507086614173
20
0.5089221259842519
11
-0.2333267716535433
21
0.5088653937007874
0
LINE
8
BLACK
6
CONTINUOUS
10
-0.2333267716535433
20
0.5088653937007874
11
-0.2370762992125984
21
0.5088653937007874
0
LINE
8
BLACK
6
CONTINUOUS
10
-0.2370762992125984
20
0.5088653937007874
11
-0.2376523622047244
21
0.5089221259842519
0
LINE
8
BLACK
6
CONTINUOUS
10
-0.2376523622047244
20
0.5089221259842519
11
-0.2377503543307087
21
0.508962716535433
0
LINE
8
BLACK
6
CONTINUOUS
10
-0.2377503543307087
20
0.508962716535433
11
-0.2378562204724409
21
0.5089702362204724
0
LINE
8
BLACK
6
CONTINUOUS
10
-0.2378562204724409
20
0.5089702362204724
11
-0.238396811023622
21
0.5091771259842519
0
LINE
8
BLACK
6
CONTINUOUS
10
-0.238396811023622
20
0.5091771259842519
11
-0.2421463385826772
21
0.5110518897637795
0
LINE
8
BLACK
6
CONTINUOUS
10
-0.2421463385826772
20
0.5110518897637795
11
-0.2423943700787402
21
0.5112079921259842
0
LINE
8
BLACK
6
CONTINUOUS
10
-0.2423943700787402
20
0.5112079921259842
11
-0.2424662992125984
21
0.5112377952755905
0
LINE
8
BLACK
6
CONTINUOUS
10
-0.2424662992125984
20
0.5112377952755905
11
-0.2425472834645669
21
0.5113042519685039
0
LINE
8
BLACK
6
CONTINUOUS
10
-0.2425472834645669
20
0.5113042519685039
11
-0.2426362204724409
21
0.5113602362204724
0
LINE
8
BLACK
6
CONTINUOUS
10
-0.2426362204724409
20
0.5113602362204724
11
-0.2426874409448819
21
0.5114192913385827
0
LINE
8
BLACK
6
CONTINUOUS
10
-0.2426874409448819
20
0.5114192913385827
11
-0.242913779527559
21
0.5116050393700787
0
LINE
8
BLACK
6
CONTINUOUS
10
-0.242913779527559
20
0.5116050393700787
11
-0.2447885433070866
21
0.513479842519685
0
LINE
8
BLACK
6
CONTINUOUS
10
-0.2447885433070866
20
0.513479842519685
11
-0.2449742913385827
21
0.5137061811023622
0
LINE
8
BLACK
6
CONTINUOUS
10
-0.2449742913385827
20
0.5137061811023622
11
-0.2450332677165354
21
0.5137573228346457
0
LINE
8
BLACK
6
CONTINUOUS
10
-0.2450332677165354
20
0.5137573228346457
11
-0.2450892519685039
21
0.5138462598425196
0
LINE
8
BLACK
6
CONTINUOUS
10
-0.2450892519685039
20
0.5138462598425196
11
-0.2451557480314961
21
0.513927283464567
0
LINE
8
BLACK
6
CONTINUOUS
10
-0.2451557480314961
20
0.513927283464567
11
-0.2451855905511811
21
0.5139993307086614
0
LINE
8
BLACK
6
CONTINUOUS
10
-0.2451855905511811
20
0.5139993307086614
11
-0.2453416141732283
21
0.5142472047244094
0
LINE
8
BLACK
6
CONTINUOUS
10
-0.2453416141732283
20
0.5142472047244094
11
-0.2472163779527559
21
0.5179967322834645
0
LINE
8
BLACK
6
CONTINUOUS
10
-0.2472163779527559
20
0.5179967322834645
11
-0.2472325196850394
21
0.5180388582677166
0
LINE
8
BLACK
6
CONTINUOUS
10
-0.2472325196850394
20
0.5180388582677166
11
-0.2472451968503937
21
0.5180559842519685
0
LINE
8
BLACK
6
CONTINUOUS
10
-0.2472451968503937
20
0.5180559842519685
11
-0.2473316535433071
21
0.5182979527559055
0
LINE
8
BLACK
6
CONTINUOUS
10
-0.2473316535433071
20
0.5182979527559055
11
-0.2474232677165354
21
0.5185373622047244
0
LINE
8
BLACK
6
CONTINUOUS
10
-0.2474232677165354
20
0.5185373622047244
11
-0.2474248031496063
21
0.5185586220472441
0
LINE
8
BLACK
6
CONTINUOUS
10
-0.2474248031496063
20
0.5185586220472441
11
-0.2474399606299212
21
0.5186011023622047
0
LINE
8
BLACK
6
CONTINUOUS
10
-0.2474399606299212
20
0.5186011023622047
11
-0.2493147244094488
21
0.5261001574803149
0
LINE
8
BLACK
6
CONTINUOUS
10
-0.2493147244094488
20
0.5261001574803149
11
-0.2493295275590551
21
0.5262000393700788
0
LINE
8
BLACK
6
CONTINUOUS
10
-0.2493295275590551
20
0.5262000393700788
11
-0.2493461417322834
21
0.5262402362204724
0
LINE
8
BLACK
6
CONTINUOUS
10
-0.2493461417322834
20
0.5262402362204724
11
-0.2493675196850394
21
0.5264572834645669
0
LINE
8
BLACK
6
CONTINUOUS
10
-0.2493675196850394
20
0.5264572834645669
11
-0.2493993700787402
21
0.5266727559055118
0
LINE
8
BLACK
6
CONTINUOUS
10
-0.2493993700787402
20
0.5266727559055118
11
-0.2493929921259843
21
0.5267157874015748
0
LINE
8
BLACK
6
CONTINUOUS
10
-0.2493929921259843
20
0.5267157874015748
11
-0.249402874015748
21
0.5268162992125984
0
LINE
8
BLACK
6
CONTINUOUS
10
-0.249402874015748
20
0.5268162992125984
11
-0.249402874015748
21
0.5361901181102362
0
LINE
8
BLACK
6
CONTINUOUS
10
-0.249402874015748
20
0.5361901181102362
11
-0.2493929921259843
21
0.5362906692913386
0
LINE
8
BLACK
6
CONTINUOUS
10
-0.2493929921259843
20
0.5362906692913386
11
-0.2493993700787402
21
0.5363336614173229
0
LINE
8
BLACK
6
CONTINUOUS
10
-0.2493993700787402
20
0.5363336614173229
11
-0.2493675196850394
21
0.5365491732283465
0
LINE
8
BLACK
6
CONTINUOUS
10
-0.2493675196850394
20
0.5365491732283465
11
-0.2493461417322834
21
0.5367661811023622
0
LINE
8
BLACK
6
CONTINUOUS
10
-0.2493461417322834
20
0.5367661811023622
11
-0.2493295275590551
21
0.5368064173228346
0
LINE
8
BLACK
6
CONTINUOUS
10
-0.2493295275590551
20
0.5368064173228346
11
-0.2493147244094488
21
0.5369062598425197
0
LINE
8
BLACK
6
CONTINUOUS
10
-0.2493147244094488
20
0.5369062598425197
11
-0.2474399606299212
21
0.5444053149606299
0
LINE
8
BLACK
6
CONTINUOUS
10
-0.2474399606299212
20
0.5444053149606299
11
-0.2474248031496063
21
0.5444478346456693
0
LINE
8
BLACK
6
CONTINUOUS
10
-0.2474248031496063
20
0.5444478346456693
11
-0.2474232677165354
21
0.5444690551181103
0
LINE
8
BLACK
6
CONTINUOUS
10
-0.2474232677165354
20
0.5444690551181103
11
-0.2473316535433071
21
0.5447085039370079
0
LINE
8
BLACK
6
CONTINUOUS
10
-0.2473316535433071
20
0.5447085039370079
11
-0.2472451968503937
21
0.5449504330708661
0
LINE
8
BLACK
6
CONTINUOUS
10
-0.2472451968503937
20
0.5449504330708661
11
-0.2472325196850394
21
0.5449675984251968
0
LINE
8
BLACK
6
CONTINUOUS
10
-0.2472325196850394
20
0.5449675984251968
11
-0.2472163779527559
21
0.5450096850393701
0
LINE
8
BLACK
6
CONTINUOUS
10
-0.2472163779527559
20
0.5450096850393701
11
-0.2453416141732283
21
0.5487592125984252
0
LINE
8
BLACK
6
CONTINUOUS
10
-0.2453416141732283
20
0.5487592125984252
11
-0.2451855511811024
21
0.5490072440944882
0
LINE
8
BLACK
6
CONTINUOUS
10
-0.2451855511811024
20
0.5490072440944882
11
-0.2451557086614173
21
0.5490791732283464
0
LINE
8
BLACK
6
CONTINUOUS
10
-0.2451557086614173
20
0.5490791732283464
11
-0.2450892519685039
21
0.549160157480315
0
LINE
8
BLACK
6
CONTINUOUS
10
-0.2450892519685039
20
0.549160157480315
11
-0.2450332677165354
21
0.5492490944881889
0
LINE
8
BLACK
6
CONTINUOUS
10
-0.2450332677165354
20
0.5492490944881889
11
-0.2449742913385827
21
0.5493002755905512
0
LINE
8
BLACK
6
CONTINUOUS
10
-0.2449742913385827
20
0.5493002755905512
11
-0.2447885039370079
21
0.5495266141732283
0
LINE
8
BLACK
6
CONTINUOUS
10
-0.2447885039370079
20
0.5495266141732283
11
-0.2429137401574803
21
0.5514013779527559
0
LINE
8
BLACK
6
CONTINUOUS
10
-0.2429137401574803
20
0.5514013779527559
11
-0.2426874015748031
21
0.5515871653543307
0
LINE
8
BLACK
6
CONTINUOUS
10
-0.2426874015748031
20
0.5515871653543307
11
-0.2426362204724409
21
0.5516461417322834
0
LINE
8
BLACK
6
CONTINUOUS
10
-0.2426362204724409
20
0.5516461417322834
11
-0.2425472834645669
21
0.5517021259842519
0
LINE
8
BLACK
6
CONTINUOUS
10
-0.2425472834645669
20
0.5517021259842519
11
-0.2424662992125984
21
0.5517685826771653
0
LINE
8
BLACK
6
CONTINUOUS
10
-0.2424662992125984
20
0.5517685826771653
11
-0.2423943700787402
21
0.5517984251968504
0
LINE
8
BLACK
6
CONTINUOUS
10
-0.2423943700787402
20
0.5517984251968504
11
-0.2421463385826772
21
0.5519544881889764
0
LINE
8
BLACK
6
CONTINUOUS
10
-0.2421463385826772
20
0.5519544881889764
11
-0.238396811023622
21
0.553829251968504
0
LINE
8
BLACK
6
CONTINUOUS
10
-0.238396811023622
20
0.553829251968504
11
-0.2378562204724409
21
0.5540361417322834
0
LINE
8
BLACK
6
CONTINUOUS
10
-0.2378562204724409
20
0.5540361417322834
11
-0.2377503543307087
21
0.5540437007874016
0
LINE
8
BLACK
6
CONTINUOUS
10
-0.2377503543307087
20
0.5540437007874016
11
-0.2376523622047244
21
0.554084251968504
0
LINE
8
BLACK
6
CONTINUOUS
10
-0.2376523622047244
20
0.554084251968504
11
-0.2370762992125984
21
0.5541409842519684
0
LINE
8
BLACK
6
CONTINUOUS
10
-0.2370762992125984
20
0.5541409842519684
11
-0.2333267716535433
21
0.5541409842519684
0
LINE
8
BLACK
6
CONTINUOUS
10
-0.2333267716535433
20
0.5541409842519684
11
-0.2327507086614173
21
0.554084251968504
0
LINE
8
BLACK
6
CONTINUOUS
10
-0.2390767322834646
20
0.5468867322834645
11
-0.2402738582677165
21
0.5456896062992126
0
LINE
8
BLACK
6
CONTINUOUS
10
-0.2402738582677165
20
0.5456896062992126
11
-0.2417893700787402
21
0.5426586220472441
0
LINE
8
BLACK
6
CONTINUOUS
10
-0.2417893700787402
20
0.5426586220472441
11
-0.2434973622047244
21
0.5358265748031495
0
LINE
8
BLACK
6
CONTINUOUS
10
-0.2434973622047244
20
0.5358265748031495
11
-0.2434973622047244
21
0.5271798425196851
0
LINE
8
BLACK
6
CONTINUOUS
10
-0.2434973622047244
20
0.5271798425196851
11
-0.2417893700787402
21
0.5203477952755905
0
LINE
8
BLACK
6
CONTINUOUS
10
-0.2417893700787402
20
0.5203477952755905
11
-0.2402738582677165
21
0.517316811023622
0
LINE
8
BLACK
6
CONTINUOUS
10
-0.2402738582677165
20
0.517316811023622
11
-0.2390767322834646
21
0.5161196456692914
0
LINE
8
BLACK
6
CONTINUOUS
10
-0.2390767322834646
20
0.5161196456692914
11
-0.2363792519685039
21
0.514770905511811
0
LINE
8
BLACK
6
CONTINUOUS
10
-0.2363792519685039
20
0.514770905511811
11
-0.2340238188976378
21
0.514770905511811
0
LINE
8
BLACK
6
CONTINUOUS
10
-0.2340238188976378
20
0.514770905511811
11
-0.2313263779527559
21
0.5161196456692914
0
LINE
8
BLACK
6
CONTINUOUS
10
-0.2313263779527559
20
0.5161196456692914
11
-0.2301292519685039
21
0.517316811023622
0
LINE
8
BLACK
6
CONTINUOUS
10
-0.2301292519685039
20
0.517316811023622
11
-0.2286137401574803
21
0.5203477952755905
0
LINE
8
BLACK
6
CONTINUOUS
10
-0.2286137401574803
20
0.5203477952755905
11
-0.2269057086614173
21
0.5271798425196851
0
LINE
8
BLACK
6
CONTINUOUS
10
-0.2269057086614173
20
0.5271798425196851
11
-0.2269057086614173
21
0.5358265748031495
0
LINE
8
BLACK
6
CONTINUOUS
10
-0.2269057086614173
20
0.5358265748031495
11
-0.2286137401574803
21
0.5426586220472441
0
LINE
8
BLACK
6
CONTINUOUS
10
-0.2286137401574803
20
0.5426586220472441
11
-0.2301292125984252
21
0.5456896062992126
0
LINE
8
BLACK
6
CONTINUOUS
10
-0.2301292125984252
20
0.5456896062992126
11
-0.2313263385826771
21
0.5468867322834645
0
LINE
8
BLACK
6
CONTINUOUS
10
-0.2313263385826771
20
0.5468867322834645
11
-0.2340238188976378
21
0.5482354724409448
0
LINE
8
BLACK
6
CONTINUOUS
10
-0.2340238188976378
20
0.5482354724409448
11
-0.2363792519685039
21
0.5482354724409448
0
LINE
8
BLACK
6
CONTINUOUS
10
-0.2363792519685039
20
0.5482354724409448
11
-0.2390767322834646
21
0.5468867322834645
0
LINE
8
BLACK
6
CONTINUOUS
10
-0.1915058661417323
20
0.554084251968504
11
-0.191407874015748
21
0.5540436614173229
0
LINE
8
BLACK
6
CONTINUOUS
10
-0.191407874015748
20
0.5540436614173229
11
-0.1913020472440945
21
0.5540361417322834
0
LINE
8
BLACK
6
CONTINUOUS
10
-0.1913020472440945
20
0.5540361417322834
11
-0.1907614173228346
21
0.553829251968504
0
LINE
8
BLACK
6
CONTINUOUS
10
-0.1907614173228346
20
0.553829251968504
11
-0.1870118897637795
21
0.5519544881889764
0
LINE
8
BLACK
6
CONTINUOUS
10
-0.1870118897637795
20
0.5519544881889764
11
-0.1867638976377953
21
0.5517984251968504
0
LINE
8
BLACK
6
CONTINUOUS
10
-0.1867638976377953
20
0.5517984251968504
11
-0.1866919291338583
21
0.5517685826771653
0
LINE
8
BLACK
6
CONTINUOUS
10
-0.1866919291338583
20
0.5517685826771653
11
-0.1866109842519685
21
0.5517021259842519
0
LINE
8
BLACK
6
CONTINUOUS
10
-0.1866109842519685
20
0.5517021259842519
11
-0.1865220078740157
21
0.5516461417322834
0
LINE
8
BLACK
6
CONTINUOUS
10
-0.1865220078740157
20
0.5516461417322834
11
-0.1864708661417323
21
0.5515871653543307
0
LINE
8
BLACK
6
CONTINUOUS
10
-0.1864708661417323
20
0.5515871653543307
11
-0.1862444881889764
21
0.5514013779527559
0
LINE
8
BLACK
6
CONTINUOUS
10
-0.1862444881889764
20
0.5514013779527559
11
-0.1843697244094488
21
0.5495266141732283
0
LINE
8
BLACK
6
CONTINUOUS
10
-0.1843697244094488
20
0.5495266141732283
11
-0.1841839763779528
21
0.5493002755905512
0
LINE
8
BLACK
6
CONTINUOUS
10
-0.1841839763779528
20
0.5493002755905512
11
-0.1841249606299213
21
0.5492490944881889
0
LINE
8
BLACK
6
CONTINUOUS
10
-0.1841249606299213
20
0.5492490944881889
11
-0.1840690157480315
21
0.549160157480315
0
LINE
8
BLACK
6
CONTINUOUS
10
-0.1840690157480315
20
0.549160157480315
11
-0.1840025196850394
21
0.5490791732283464
0
LINE
8
BLACK
6
CONTINUOUS
10
-0.1840025196850394
20
0.5490791732283464
11
-0.1839727165354331
21
0.5490072440944882
0
LINE
8
BLACK
6
CONTINUOUS
10
-0.1839727165354331
20
0.5490072440944882
11
-0.1838166141732283
21
0.5487592125984252
0
LINE
8
BLACK
6
CONTINUOUS
10
-0.1838166141732283
20
0.5487592125984252
11
-0.1819418503937008
21
0.5450096850393701
0
LINE
8
BLACK
6
CONTINUOUS
10
-0.1819418503937008
20
0.5450096850393701
11
-0.1817349606299213
21
0.5444690944881889
0
LINE
8
BLACK
6
CONTINUOUS
10
-0.1817349606299213
20
0.5444690944881889
11
-0.1817274409448819
21
0.5443632283464567
0
LINE
8
BLACK
6
CONTINUOUS
10
-0.1817274409448819
20
0.5443632283464567
11
-0.1816868503937008
21
0.5442652362204724
0
LINE
8
BLACK
6
CONTINUOUS
10
-0.1816868503937008
20
0.5442652362204724
11
-0.1816301181102362
21
0.5436891732283464
0
LINE
8
BLACK
6
CONTINUOUS
10
-0.1816301181102362
20
0.5436891732283464
11
-0.1816301181102362
21
0.5380648818897638
0
LINE
8
BLACK
6
CONTINUOUS
10
-0.1816301181102362
20
0.5380648818897638
11
-0.1816868503937008
21
0.5374888188976378
0
LINE
8
BLACK
6
CONTINUOUS
10
-0.1816868503937008
20
0.5374888188976378
11
-0.1817274409448819
21
0.5373908661417323
0
LINE
8
BLACK
6
CONTINUOUS
10
-0.1817274409448819
20
0.5373908661417323
11
-0.1817349606299213
21
0.5372849606299213
0
LINE
8
BLACK
6
CONTINUOUS
10
-0.1817349606299213
20
0.5372849606299213
11
-0.1819418503937008
21
0.5367443700787401
0
LINE
8
BLACK
6
CONTINUOUS
10
-0.1819418503937008
20
0.5367443700787401
11
-0.1838166141732283
21
0.532994842519685
0
LINE
8
BLACK
6
CONTINUOUS
10
-0.1838166141732283
20
0.532994842519685
11
-0.1839727165354331
21
0.5327468503937007
0
LINE
8
BLACK
6
CONTINUOUS
10
-0.1839727165354331
20
0.5327468503937007
11
-0.1840025196850394
21
0.5326748818897638
0
LINE
8
BLACK
6
CONTINUOUS
10
-0.1840025196850394
20
0.5326748818897638
11
-0.1840690157480315
21
0.5325939370078741
0
LINE
8
BLACK
6
CONTINUOUS
10
-0.1840690157480315
20
0.5325939370078741
11
-0.1841249606299213
21
0.5325049606299213
0
LINE
8
BLACK
6
CONTINUOUS
10
-0.1841249606299213
20
0.5325049606299213
11
-0.1841839763779528
21
0.5324538188976378
0
LINE
8
BLACK
6
CONTINUOUS
10
-0.1841839763779528
20
0.5324538188976378
11
-0.1843697244094488
21
0.5322274409448818
0
LINE
8
BLACK
6
CONTINUOUS
10
-0.1843697244094488
20
0.5322274409448818
11
-0.1862444881889764
21
0.5303526771653543
0
LINE
8
BLACK
6
CONTINUOUS
10
-0.1862444881889764
20
0.5303526771653543
11
-0.1864708661417323
21
0.5301669291338582
0
LINE
8
BLACK
6
CONTINUOUS
10
-0.1864708661417323
20
0.5301669291338582
11
-0.1865220078740157
21
0.5301079133858267
0
LINE
8
BLACK
6
CONTINUOUS
10
-0.1865220078740157
20
0.5301079133858267
11
-0.1866109842519685
21
0.530051968503937
0
LINE
8
BLACK
6
CONTINUOUS
10
-0.1866109842519685
20
0.530051968503937
11
-0.1866919291338583
21
0.5299854724409448
0
LINE
8
BLACK
6
CONTINUOUS
10
-0.1866919291338583
20
0.5299854724409448
11
-0.1867638976377953
21
0.5299556692913385
0
LINE
8
BLACK
6
CONTINUOUS
10
-0.1867638976377953
20
0.5299556692913385
11
-0.1870118897637795
21
0.5297995669291339
0
LINE
8
BLACK
6
CONTINUOUS
10
-0.1870118897637795
20
0.5297995669291339
11
-0.1907614173228346
21
0.5279248031496063
0
LINE
8
BLACK
6
CONTINUOUS
10
-0.1907614173228346
20
0.5279248031496063
11
-0.1913020472440945
21
0.5277179133858267
0
LINE
8
BLACK
6
CONTINUOUS
10
-0.1913020472440945
20
0.5277179133858267
11
-0.191407874015748
21
0.5277104330708662
0
LINE
8
BLACK
6
CONTINUOUS
10
-0.191407874015748
20
0.5277104330708662
11
-0.1915058661417323
21
0.5276698031496063
0
LINE
8
BLACK
6
CONTINUOUS
10
-0.1915058661417323
20
0.5276698031496063
11
-0.192038031496063
21
0.5276174015748032
0
LINE
8
BLACK
6
CONTINUOUS
10
-0.192038031496063
20
0.5276174015748032
11
-0.1821638582677165
21
0.5135114173228347
0
LINE
8
BLACK
6
CONTINUOUS
10
-0.1821638582677165
20
0.5135114173228347
11
-0.18188
21
0.513006968503937
0
LINE
8
BLACK
6
CONTINUOUS
10
-0.18188
20
0.513006968503937
11
-0.1816308267716535
21
0.511882125984252
0
LINE
8
BLACK
6
CONTINUOUS
10
-0.1816308267716535
20
0.511882125984252
11
-0.1818310236220472
21
0.5107475590551181
0
LINE
8
BLACK
6
CONTINUOUS
10
-0.1818310236220472
20
0.5107475590551181
11
-0.1824501968503937
21
0.5097759842519685
0
LINE
8
BLACK
6
CONTINUOUS
10
-0.1824501968503937
20
0.5097759842519685
11
-0.1833940551181102
21
0.5091152755905511
0
LINE
8
BLACK
6
CONTINUOUS
10
-0.1833940551181102
20
0.5091152755905511
11
-0.1845188976377953
21
0.508866062992126
0
LINE
8
BLACK
6
CONTINUOUS
10
-0.1845188976377953
20
0.508866062992126
11
-0.1856534251968504
21
0.5090662992125984
0
LINE
8
BLACK
6
CONTINUOUS
10
-0.1856534251968504
20
0.5090662992125984
11
-0.1866250393700787
21
0.5096854724409449
0
LINE
8
BLACK
6
CONTINUOUS
10
-0.1866250393700787
20
0.5096854724409449
11
-0.1870018503937008
21
0.510124842519685
0
LINE
8
BLACK
6
CONTINUOUS
10
-0.1870018503937008
20
0.510124842519685
11
-0.1992435826771654
21
0.5276130708661417
0
LINE
8
BLACK
6
CONTINUOUS
10
-0.1992435826771654
20
0.5276130708661417
11
-0.2041272834645669
21
0.5276130708661417
0
LINE
8
BLACK
6
CONTINUOUS
10
-0.2041272834645669
20
0.5276130708661417
11
-0.2041272834645669
21
0.5118181496062992
0
LINE
8
BLACK
6
CONTINUOUS
10
-0.2041272834645669
20
0.5118181496062992
11
-0.2041840157480315
21
0.5112420866141733
0
LINE
8
BLACK
6
CONTINUOUS
10
-0.2041840157480315
20
0.5112420866141733
11
-0.2046249212598425
21
0.5101776771653543
0
LINE
8
BLACK
6
CONTINUOUS
10
-0.2046249212598425
20
0.5101776771653543
11
-0.2054395669291338
21
0.509363031496063
0
LINE
8
BLACK
6
CONTINUOUS
10
-0.2054395669291338
20
0.509363031496063
11
-0.2065039763779528
21
0.5089221259842519
0
LINE
8
BLACK
6
CONTINUOUS
10
-0.2065039763779528
20
0.5089221259842519
11
-0.2076561023622047
21
0.5089221259842519
0
LINE
8
BLACK
6
CONTINUOUS
10
-0.2076561023622047
20
0.5089221259842519
11
-0.2087205118110236
21
0.509363031496063
0
LINE
8
BLACK
6
CONTINUOUS
10
-0.2087205118110236
20
0.509363031496063
11
-0.209535157480315
21
0.5101776771653543
0
LINE
8
BLACK
6
CONTINUOUS
10
-0.209535157480315
20
0.5101776771653543
11
-0.209976062992126
21
0.5112420866141733
0
LINE
8
BLACK
6
CONTINUOUS
10
-0.209976062992126
20
0.5112420866141733
11
-0.2100327952755905
21
0.5118181496062992
0
LINE
8
BLACK
6
CONTINUOUS
10
-0.2100327952755905
20
0.5118181496062992
11
-0.2100327952755905
21
0.5511882283464566
0
LINE
8
BLACK
6
CONTINUOUS
10
-0.2100327952755905
20
0.5511882283464566
11
-0.209976062992126
21
0.5517642913385826
0
LINE
8
BLACK
6
CONTINUOUS
10
-0.209976062992126
20
0.5517642913385826
11
-0.209535157480315
21
0.5528287007874015
0
LINE
8
BLACK
6
CONTINUOUS
10
-0.209535157480315
20
0.5528287007874015
11
-0.2087205118110236
21
0.5536433464566929
0
LINE
8
BLACK
6
CONTINUOUS
10
-0.2087205118110236
20
0.5536433464566929
11
-0.2076561023622047
21
0.554084251968504
0
LINE
8
BLACK
6
CONTINUOUS
10
-0.2076561023622047
20
0.554084251968504
11
-0.2070800393700787
21
0.5541409842519684
0
LINE
8
BLACK
6
CONTINUOUS
10
-0.2070800393700787
20
0.5541409842519684
11
-0.1920819291338583
21
0.5541409842519684
0
LINE
8
BLACK
6
CONTINUOUS
10
-0.1920819291338583
20
0.5541409842519684
11
-0.1915058661417323
21
0.554084251968504
0
LINE
8
BLACK
6
CONTINUOUS
10
-0.2041272834645669
20
0.5335185826771653
11
-0.1927789763779527
21
0.5335185826771653
0
LINE
8
BLACK
6
CONTINUOUS
10
-0.1927789763779527
20
0.5335185826771653
11
-0.1900814960629921
21
0.5348673228346457
0
LINE
8
BLACK
6
CONTINUOUS
10
-0.1900814960629921
20
0.5348673228346457
11
-0.1888843700787401
21
0.5360644488188976
0
LINE
8
BLACK
6
CONTINUOUS
10
-0.1888843700787401
20
0.5360644488188976
11
-0.1875356299212598
21
0.5387619291338582
0
LINE
8
BLACK
6
CONTINUOUS
10
-0.1875356299212598
20
0.5387619291338582
11
-0.1875356299212598
21
0.5429921259842519
0
LINE
8
BLACK
6
CONTINUOUS
10
-0.1875356299212598
20
0.5429921259842519
11
-0.1888843700787401
21
0.5456896062992126
0
LINE
8
BLACK
6
CONTINUOUS
10
-0.1888843700787401
20
0.5456896062992126
11
-0.1900814960629921
21
0.5468867322834645
0
LINE
8
BLACK
6
CONTINUOUS
10
-0.1900814960629921
20
0.5468867322834645
11
-0.1927789763779527
21
0.5482354724409448
0
LINE
8
BLACK
6
CONTINUOUS
10
-0.1927789763779527
20
0.5482354724409448
11
-0.2041272834645669
21
0.5482354724409448
0
LINE
8
BLACK
6
CONTINUOUS
10
-0.2041272834645669
20
0.5482354724409448
11
-0.2041272834645669
21
0.5335185826771653
0
LINE
8
BLACK
6
CONTINUOUS
10
-0.2589974409448819
20
0.554084251968504
11
-0.2589805118110236
21
0.5540772440944882
0
LINE
8
BLACK
6
CONTINUOUS
10
-0.2589805118110236
20
0.5540772440944882
11
-0.2589622047244095
21
0.5540770078740157
0
LINE
8
BLACK
6
CONTINUOUS
10
-0.2589622047244095
20
0.5540770078740157
11
-0.258450157480315
21
0.5538575590551181
0
LINE
8
BLACK
6
CONTINUOUS
10
-0.258450157480315
20
0.5538575590551181
11
-0.257933031496063
21
0.5536433464566929
0
LINE
8
BLACK
6
CONTINUOUS
10
-0.257933031496063
20
0.5536433464566929
11
-0.2579200787401575
21
0.5536303937007874
0
LINE
8
BLACK
6
CONTINUOUS
10
-0.2579200787401575
20
0.5536303937007874
11
-0.2579032283464567
21
0.5536231496062992
0
LINE
8
BLACK
6
CONTINUOUS
10
-0.2579032283464567
20
0.5536231496062992
11
-0.2575136614173228
21
0.5532239763779527
0
LINE
8
BLACK
6
CONTINUOUS
10
-0.2575136614173228
20
0.5532239763779527
11
-0.2571183858267717
21
0.5528287007874015
0
LINE
8
BLACK
6
CONTINUOUS
10
-0.2571183858267717
20
0.5528287007874015
11
-0.2571113779527559
21
0.5528117716535433
0
LINE
8
BLACK
6
CONTINUOUS
10
-0.2571113779527559
20
0.5528117716535433
11
-0.2570985433070866
21
0.5527986220472441
0
LINE
8
BLACK
6
CONTINUOUS
10
-0.2570985433070866
20
0.5527986220472441
11
-0.2568909448818897
21
0.5522796456692913
0
LINE
8
BLACK
6
CONTINUOUS
10
-0.2568909448818897
20
0.5522796456692913
11
-0.2566774803149606
21
0.5517642913385826
0
LINE
8
BLACK
6
CONTINUOUS
10
-0.2566774803149606
20
0.5517642913385826
11
-0.2566774803149606
21
0.5517459842519685
0
LINE
8
BLACK
6
CONTINUOUS
10
-0.2566774803149606
20
0.5517459842519685
11
-0.2566706692913386
21
0.551728937007874
0
LINE
8
BLACK
6
CONTINUOUS
10
-0.2566706692913386
20
0.551728937007874
11
-0.2566774803149606
21
0.5511706692913386
0
LINE
8
BLACK
6
CONTINUOUS
10
-0.2566774803149606
20
0.5511706692913386
11
-0.2566774803149606
21
0.5506121653543307
0
LINE
8
BLACK
6
CONTINUOUS
10
-0.2566774803149606
20
0.5506121653543307
11
-0.2566845275590551
21
0.5505952362204725
0
LINE
8
BLACK
6
CONTINUOUS
10
-0.2566845275590551
20
0.5505952362204725
11
-0.2566847244094488
21
0.5505768897637795
0
LINE
8
BLACK
6
CONTINUOUS
10
-0.2566847244094488
20
0.5505768897637795
11
-0.2568594881889764
21
0.5500250787401575
0
LINE
8
BLACK
6
CONTINUOUS
10
-0.2568594881889764
20
0.5500250787401575
11
-0.2737323622047244
21
0.510655
0
LINE
8
BLACK
6
CONTINUOUS
10
-0.2737323622047244
20
0.510655
11
-0.2740114173228346
21
0.510147874015748
0
LINE
8
BLACK
6
CONTINUOUS
10
-0.2740114173228346
20
0.510147874015748
11
-0.2748359842519685
21
0.509343188976378
0
LINE
8
BLACK
6
CONTINUOUS
10
-0.2748359842519685
20
0.509343188976378
11
-0.2759056692913386
21
0.5089153149606299
0
LINE
8
BLACK
6
CONTINUOUS
10
-0.2759056692913386
20
0.5089153149606299
11
-0.2770576771653543
21
0.5089293700787402
0
LINE
8
BLACK
6
CONTINUOUS
10
-0.2770576771653543
20
0.5089293700787402
11
-0.2781166535433071
21
0.5093831889763779
0
LINE
8
BLACK
6
CONTINUOUS
10
-0.2781166535433071
20
0.5093831889763779
11
-0.2789213385826771
21
0.5102077559055118
0
LINE
8
BLACK
6
CONTINUOUS
10
-0.2789213385826771
20
0.5102077559055118
11
-0.2793492125984252
21
0.5112774409448819
0
LINE
8
BLACK
6
CONTINUOUS
10
-0.2793492125984252
20
0.5112774409448819
11
-0.279335157480315
21
0.5124294488188976
0
LINE
8
BLACK
6
CONTINUOUS
10
-0.279335157480315
20
0.5124294488188976
11
-0.2791603937007874
21
0.5129812992125984
0
LINE
8
BLACK
6
CONTINUOUS
10
-0.2791603937007874
20
0.5129812992125984
11
-0.2640514960629921
21
0.5482354724409448
0
LINE
8
BLACK
6
CONTINUOUS
10
-0.2640514960629921
20
0.5482354724409448
11
-0.2858201968503937
21
0.5482354724409448
0
LINE
8
BLACK
6
CONTINUOUS
10
-0.2858201968503937
20
0.5482354724409448
11
-0.2863962598425197
21
0.5482922047244094
0
LINE
8
BLACK
6
CONTINUOUS
10
-0.2863962598425197
20
0.5482922047244094
11
-0.2874606692913386
21
0.5487331102362205
0
LINE
8
BLACK
6
CONTINUOUS
10
-0.2874606692913386
20
0.5487331102362205
11
-0.2882753149606299
21
0.5495477559055117
0
LINE
8
BLACK
6
CONTINUOUS
10
-0.2882753149606299
20
0.5495477559055117
11
-0.2887162204724409
21
0.5506121653543307
0
LINE
8
BLACK
6
CONTINUOUS
10
-0.2887162204724409
20
0.5506121653543307
11
-0.2887162204724409
21
0.5517642913385826
0
LINE
8
BLACK
6
CONTINUOUS
10
-0.2887162204724409
20
0.5517642913385826
11
-0.2882753149606299
21
0.5528287007874015
0
LINE
8
BLACK
6
CONTINUOUS
10
-0.2882753149606299
20
0.5528287007874015
11
-0.2874606692913386
21
0.5536433464566929
0
LINE
8
BLACK
6
CONTINUOUS
10
-0.2874606692913386
20
0.5536433464566929
11
-0.2863962598425197
21
0.554084251968504
0
LINE
8
BLACK
6
CONTINUOUS
10
-0.2863962598425197
20
0.554084251968504
11
-0.2858201968503937
21
0.5541409842519684
0
LINE
8
BLACK
6
CONTINUOUS
10
-0.2858201968503937
20
0.5541409842519684
11
-0.2595735039370078
21
0.5541409842519684
0
LINE
8
BLACK
6
CONTINUOUS
10
-0.2595735039370078
20
0.5541409842519684
11
-0.2589974409448819
21
0.554084251968504
0
LINE
8
BLACK
6
CONTINUOUS
10
-0.1234979133858268
20
2.2646504724409446
11
-0.1226832677165354
21
2.2638358267716536
0
LINE
8
BLACK
6
CONTINUOUS
10
-0.1226832677165354
20
2.2638358267716536
11
-0.1222423622047244
21
2.2627714173228344
0
LINE
8
BLACK
6
CONTINUOUS
10
-0.1222423622047244
20
2.2627714173228344
11
-0.1221856299212598
21
2.2621953543307085
0
LINE
8
BLACK
6
CONTINUOUS
10
-0.1221856299212598
20
2.2621953543307085
11
-0.1221856299212598
21
2.2595238188976379
0
LINE
8
BLACK
6
CONTINUOUS
10
-0.1221856299212598
20
2.2595238188976379
11
-0.112015
21
2.2595238188976379
0
LINE
8
BLACK
6
CONTINUOUS
10
-0.112015
20
2.2595238188976379
11
-0.111438937007874
21
2.2594670866141731
0
LINE
8
BLACK
6
CONTINUOUS
10
-0.111438937007874
20
2.2594670866141731
11
-0.1103745275590551
21
2.259026181102362
0
LINE
8
BLACK
6
CONTINUOUS
10
-0.1103745275590551
20
2.259026181102362
11
-0.1095598818897638
21
2.258211535433071
0
LINE
8
BLACK
6
CONTINUOUS
10
-0.1095598818897638
20
2.258211535433071
11
-0.1091189763779528
21
2.2571471259842517
0
LINE
8
BLACK
6
CONTINUOUS
10
-0.1091189763779528
20
2.2571471259842517
11
-0.1091189763779528
21
2.255995
0
LINE
8
BLACK
6
CONTINUOUS
10
-0.1091189763779528
20
2.255995
11
-0.1095598818897638
21
2.2549305905511812
0
LINE
8
BLACK
6
CONTINUOUS
10
-0.1095598818897638
20
2.2549305905511812
11
-0.1103745275590551
21
2.2541159448818897
0
LINE
8
BLACK
6
CONTINUOUS
10
-0.1103745275590551
20
2.2541159448818897
11
-0.111438937007874
21
2.2536750393700786
0
LINE
8
BLACK
6
CONTINUOUS
10
-0.111438937007874
20
2.2536750393700786
11
-0.112015
21
2.2536183070866143
0
LINE
8
BLACK
6
CONTINUOUS
10
-0.112015
20
2.2536183070866143
11
-0.1221856299212598
21
2.2536183070866143
0
LINE
8
BLACK
6
CONTINUOUS
10
-0.1221856299212598
20
2.2536183070866143
11
-0.1221856299212598
21
2.2378234251968503
0
LINE
8
BLACK
6
CONTINUOUS
10
-0.1221856299212598
20
2.2378234251968503
11
-0.1222143700787402
21
2.2375318897637793
0
LINE
8
BLACK
6
CONTINUOUS
10
-0.1222143700787402
20
2.2375318897637793
11
-0.1222088188976378
21
2.2374541338582676
0
LINE
8
BLACK
6
CONTINUOUS
10
-0.1222088188976378
20
2.2374541338582676
11
-0.1222275590551181
21
2.2373980314960629
0
LINE
8
BLACK
6
CONTINUOUS
10
-0.1222275590551181
20
2.2373980314960629
11
-0.1222423622047244
21
2.2372473622047244
0
LINE
8
BLACK
6
CONTINUOUS
10
-0.1222423622047244
20
2.2372473622047244
11
-0.1224235433070866
21
2.2368099999999997
0
LINE
8
BLACK
6
CONTINUOUS
10
-0.1224235433070866
20
2.2368099999999997
11
-0.1225731496062992
21
2.2363611417322833
0
LINE
8
BLACK
6
CONTINUOUS
10
-0.1225731496062992
20
2.2363611417322833
11
-0.1226426771653543
21
2.2362810236220474
0
LINE
8
BLACK
6
CONTINUOUS
10
-0.1226426771653543
20
2.2362810236220474
11
-0.1226832677165354
21
2.2361829527559056
0
LINE
8
BLACK
6
CONTINUOUS
10
-0.1226832677165354
20
2.2361829527559056
11
-0.123018031496063
21
2.2358482283464567
0
LINE
8
BLACK
6
CONTINUOUS
10
-0.123018031496063
20
2.2358482283464567
11
-0.123328031496063
21
2.2354907480314958
0
LINE
8
BLACK
6
CONTINUOUS
10
-0.123328031496063
20
2.2354907480314958
11
-0.1234229133858268
21
2.2354433464566927
0
LINE
8
BLACK
6
CONTINUOUS
10
-0.1234229133858268
20
2.2354433464566927
11
-0.1234979133858268
21
2.2353683070866142
0
LINE
8
BLACK
6
CONTINUOUS
10
-0.1234979133858268
20
2.2353683070866142
11
-0.1239353937007874
21
2.2351871259842517
0
LINE
8
BLACK
6
CONTINUOUS
10
-0.1239353937007874
20
2.2351871259842517
11
-0.1243585039370079
21
2.2349755511811025
0
LINE
8
BLACK
6
CONTINUOUS
10
-0.1243585039370079
20
2.2349755511811025
11
-0.1244642519685039
21
2.2349680708661417
0
LINE
8
BLACK
6
CONTINUOUS
10
-0.1244642519685039
20
2.2349680708661417
11
-0.1245623228346457
21
2.2349274015748031
0
LINE
8
BLACK
6
CONTINUOUS
10
-0.1245623228346457
20
2.2349274015748031
11
-0.1250358661417323
21
2.2349274015748031
0
LINE
8
BLACK
6
CONTINUOUS
10
-0.1250358661417323
20
2.2349274015748031
11
-0.1255077165354331
21
2.2348938582677165
0
LINE
8
BLACK
6
CONTINUOUS
10
-0.1255077165354331
20
2.2348938582677165
11
-0.1256552362204724
21
2.2349274015748031
0
LINE
8
BLACK
6
CONTINUOUS
10
-0.1256552362204724
20
2.2349274015748031
11
-0.1257144488188976
21
2.2349274015748031
0
LINE
8
BLACK
6
CONTINUOUS
10
-0.1257144488188976
20
2.2349274015748031
11
-0.1257865354330709
21
2.234957283464567
0
LINE
8
BLACK
6
CONTINUOUS
10
-0.1257865354330709
20
2.234957283464567
11
-0.1260721653543307
21
2.2350222047244093
0
LINE
8
BLACK
6
CONTINUOUS
10
-0.1260721653543307
20
2.2350222047244093
11
-0.1541935826771653
21
2.244396023622047
0
LINE
8
BLACK
6
CONTINUOUS
10
-0.1541935826771653
20
2.244396023622047
11
-0.1547221653543307
21
2.2446320078740158
0
LINE
8
BLACK
6
CONTINUOUS
10
-0.1547221653543307
20
2.2446320078740158
11
-0.1555925196850394
21
2.2453868897637794
0
LINE
8
BLACK
6
CONTINUOUS
10
-0.1555925196850394
20
2.2453868897637794
11
-0.1561077165354331
21
2.2464173228346458
0
LINE
8
BLACK
6
CONTINUOUS
10
-0.1561077165354331
20
2.2464173228346458
11
-0.1561894094488189
21
2.2475665354330707
0
LINE
8
BLACK
6
CONTINUOUS
10
-0.1561894094488189
20
2.2475665354330707
11
-0.1558250787401575
21
2.2486595669291338
0
LINE
8
BLACK
6
CONTINUOUS
10
-0.1558250787401575
20
2.2486595669291338
11
-0.1550701968503937
21
2.2495299212598425
0
LINE
8
BLACK
6
CONTINUOUS
10
-0.1550701968503937
20
2.2495299212598425
11
-0.1540397637795275
21
2.2500451181102363
0
LINE
8
BLACK
6
CONTINUOUS
10
-0.1540397637795275
20
2.2500451181102363
11
-0.1528905511811024
21
2.2501268110236219
0
LINE
8
BLACK
6
CONTINUOUS
10
-0.1528905511811024
20
2.2501268110236219
11
-0.1523261023622047
21
2.2499984645669291
0
LINE
8
BLACK
6
CONTINUOUS
10
-0.1523261023622047
20
2.2499984645669291
11
-0.1280911417322834
21
2.2419201574803149
0
LINE
8
BLACK
6
CONTINUOUS
10
-0.1280911417322834
20
2.2419201574803149
11
-0.1280911417322834
21
2.2536183070866143
0
LINE
8
BLACK
6
CONTINUOUS
10
-0.1280911417322834
20
2.2536183070866143
11
-0.1382617322834646
21
2.2536183070866143
0
LINE
8
BLACK
6
CONTINUOUS
10
-0.1382617322834646
20
2.2536183070866143
11
-0.1388377952755905
21
2.2536750393700786
0
LINE
8
BLACK
6
CONTINUOUS
10
-0.1388377952755905
20
2.2536750393700786
11
-0.1399022047244095
21
2.2541159448818897
0
LINE
8
BLACK
6
CONTINUOUS
10
-0.1399022047244095
20
2.2541159448818897
11
-0.1407168503937008
21
2.2549305905511812
0
LINE
8
BLACK
6
CONTINUOUS
10
-0.1407168503937008
20
2.2549305905511812
11
-0.1411577559055118
21
2.255995
0
LINE
8
BLACK
6
CONTINUOUS
10
-0.1411577559055118
20
2.255995
11
-0.1411577559055118
21
2.2571471259842517
0
LINE
8
BLACK
6
CONTINUOUS
10
-0.1411577559055118
20
2.2571471259842517
11
-0.1407168503937008
21
2.258211535433071
0
LINE
8
BLACK
6
CONTINUOUS
10
-0.1407168503937008
20
2.258211535433071
11
-0.1399022047244095
21
2.259026181102362
0
LINE
8
BLACK
6
CONTINUOUS
10
-0.1399022047244095
20
2.259026181102362
11
-0.1388377952755905
21
2.2594670866141731
0
LINE
8
BLACK
6
CONTINUOUS
10
-0.1388377952755905
20
2.2594670866141731
11
-0.1382617322834646
21
2.2595238188976379
0
LINE
8
BLACK
6
CONTINUOUS
10
-0.1382617322834646
20
2.2595238188976379
11
-0.1280911417322834
21
2.2595238188976379
0
LINE
8
BLACK
6
CONTINUOUS
10
-0.1280911417322834
20
2.2595238188976379
11
-0.1280911417322834
21
2.2621953543307085
0
LINE
8
BLACK
6
CONTINUOUS
10
-0.1280911417322834
20
2.2621953543307085
11
-0.1280344094488189
21
2.2627714173228344
0
LINE
8
BLACK
6
CONTINUOUS
10
-0.1280344094488189
20
2.2627714173228344
11
-0.1275935039370079
21
2.2638358267716536
0
LINE
8
BLACK
6
CONTINUOUS
10
-0.1275935039370079
20
2.2638358267716536
11
-0.1267788582677165
21
2.2646504724409446
0
LINE
8
BLACK
6
CONTINUOUS
10
-0.1267788582677165
20
2.2646504724409446
11
-0.1257144488188976
21
2.2650913779527557
0
LINE
8
BLACK
6
CONTINUOUS
10
-0.1257144488188976
20
2.2650913779527557
11
-0.1245623228346457
21
2.2650913779527557
0
LINE
8
BLACK
6
CONTINUOUS
10
-0.1245623228346457
20
2.2650913779527557
11
-0.1234979133858268
21
2.2646504724409446
0
LINE
8
BLACK
6
CONTINUOUS
10
-0.118938031496063
20
2.300711929133858
11
-0.1188400393700787
21
2.3006713385826769
0
LINE
8
BLACK
6
CONTINUOUS
10
-0.1188400393700787
20
2.3006713385826769
11
-0.1187342125984252
21
2.3006638188976378
0
LINE
8
BLACK
6
CONTINUOUS
10
-0.1187342125984252
20
2.3006638188976378
11
-0.1181935826771654
21
2.3004569291338584
0
LINE
8
BLACK
6
CONTINUOUS
10
-0.1181935826771654
20
2.3004569291338584
11
-0.1144440551181102
21
2.2985821653543308
0
LINE
8
BLACK
6
CONTINUOUS
10
-0.1144440551181102
20
2.2985821653543308
11
-0.1141961811023622
21
2.2984261417322833
0
LINE
8
BLACK
6
CONTINUOUS
10
-0.1141961811023622
20
2.2984261417322833
11
-0.1141241338582677
21
2.2983962992125986
0
LINE
8
BLACK
6
CONTINUOUS
10
-0.1141241338582677
20
2.2983962992125986
11
-0.1140431102362205
21
2.2983298031496062
0
LINE
8
BLACK
6
CONTINUOUS
10
-0.1140431102362205
20
2.2983298031496062
11
-0.1139541732283465
21
2.2982738188976377
0
LINE
8
BLACK
6
CONTINUOUS
10
-0.1139541732283465
20
2.2982738188976377
11
-0.113903031496063
21
2.2982148425196849
0
LINE
8
BLACK
6
CONTINUOUS
10
-0.113903031496063
20
2.2982148425196849
11
-0.1136766929133858
21
2.2980290944881889
0
LINE
8
BLACK
6
CONTINUOUS
10
-0.1136766929133858
20
2.2980290944881889
11
-0.1118018897637795
21
2.2961543307086614
0
LINE
8
BLACK
6
CONTINUOUS
10
-0.1118018897637795
20
2.2961543307086614
11
-0.1116161417322835
21
2.2959279921259843
0
LINE
8
BLACK
6
CONTINUOUS
10
-0.1116161417322835
20
2.2959279921259843
11
-0.1115570866141732
21
2.2958767716535431
0
LINE
8
BLACK
6
CONTINUOUS
10
-0.1115570866141732
20
2.2958767716535431
11
-0.1115011023622047
21
2.2957878346456693
0
LINE
8
BLACK
6
CONTINUOUS
10
-0.1115011023622047
20
2.2957878346456693
11
-0.1114346456692913
21
2.2957068503937008
0
LINE
8
BLACK
6
CONTINUOUS
10
-0.1114346456692913
20
2.2957068503937008
11
-0.111404842519685
21
2.2956349212598424
0
LINE
8
BLACK
6
CONTINUOUS
10
-0.111404842519685
20
2.2956349212598424
11
-0.1112487401574803
21
2.2953868897637797
0
LINE
8
BLACK
6
CONTINUOUS
10
-0.1112487401574803
20
2.2953868897637797
11
-0.1093739763779528
21
2.2916373622047241
0
LINE
8
BLACK
6
CONTINUOUS
10
-0.1093739763779528
20
2.2916373622047241
11
-0.1091670866141732
21
2.2910967716535433
0
LINE
8
BLACK
6
CONTINUOUS
10
-0.1091670866141732
20
2.2910967716535433
11
-0.1091595669291339
21
2.2909909055118112
0
LINE
8
BLACK
6
CONTINUOUS
10
-0.1091595669291339
20
2.2909909055118112
11
-0.1091189763779528
21
2.2908929133858269
0
LINE
8
BLACK
6
CONTINUOUS
10
-0.1091189763779528
20
2.2908929133858269
11
-0.1090622440944882
21
2.2903168503937006
0
LINE
8
BLACK
6
CONTINUOUS
10
-0.1090622440944882
20
2.2903168503937006
11
-0.1090622440944882
21
2.2828177952755904
0
LINE
8
BLACK
6
CONTINUOUS
10
-0.1090622440944882
20
2.2828177952755904
11
-0.1091189763779528
21
2.2822417322834645
0
LINE
8
BLACK
6
CONTINUOUS
10
-0.1091189763779528
20
2.2822417322834645
11
-0.1091595669291339
21
2.282143779527559
0
LINE
8
BLACK
6
CONTINUOUS
10
-0.1091595669291339
20
2.282143779527559
11
-0.1091670866141732
21
2.2820378740157481
0
LINE
8
BLACK
6
CONTINUOUS
10
-0.1091670866141732
20
2.2820378740157481
11
-0.1093739763779528
21
2.2814972834645668
0
LINE
8
BLACK
6
CONTINUOUS
10
-0.1093739763779528
20
2.2814972834645668
11
-0.1112487401574803
21
2.2777477559055117
0
LINE
8
BLACK
6
CONTINUOUS
10
-0.1112487401574803
20
2.2777477559055117
11
-0.111404842519685
21
2.2774997637795273
0
LINE
8
BLACK
6
CONTINUOUS
10
-0.111404842519685
20
2.2774997637795273
11
-0.1114346456692913
21
2.2774277952755906
0
LINE
8
BLACK
6
CONTINUOUS
10
-0.1114346456692913
20
2.2774277952755906
11
-0.1115011023622047
21
2.2773468503937009
0
LINE
8
BLACK
6
CONTINUOUS
10
-0.1115011023622047
20
2.2773468503937009
11
-0.1115570866141732
21
2.2772578740157479
0
LINE
8
BLACK
6
CONTINUOUS
10
-0.1115570866141732
20
2.2772578740157479
11
-0.1116161417322835
21
2.2772066929133858
0
LINE
8
BLACK
6
CONTINUOUS
10
-0.1116161417322835
20
2.2772066929133858
11
-0.1118018897637795
21
2.27698031496063
0
LINE
8
BLACK
6
CONTINUOUS
10
-0.1118018897637795
20
2.27698031496063
11
-0.1136766929133858
21
2.2751055511811025
0
LINE
8
BLACK
6
CONTINUOUS
10
-0.1136766929133858
20
2.2751055511811025
11
-0.113903031496063
21
2.2749198425196848
0
LINE
8
BLACK
6
CONTINUOUS
10
-0.113903031496063
20
2.2749198425196848
11
-0.1139541732283465
21
2.2748608267716537
0
LINE
8
BLACK
6
CONTINUOUS
10
-0.1139541732283465
20
2.2748608267716537
11
-0.1140431102362205
21
2.2748048818897639
0
LINE
8
BLACK
6
CONTINUOUS
10
-0.1140431102362205
20
2.2748048818897639
11
-0.1141241338582677
21
2.2747383464566928
0
LINE
8
BLACK
6
CONTINUOUS
10
-0.1141241338582677
20
2.2747383464566928
11
-0.1141961811023622
21
2.2747085433070864
0
LINE
8
BLACK
6
CONTINUOUS
10
-0.1141961811023622
20
2.2747085433070864
11
-0.1144440551181102
21
2.2745524803149606
0
LINE
8
BLACK
6
CONTINUOUS
10
-0.1144440551181102
20
2.2745524803149606
11
-0.1181935826771654
21
2.272677716535433
0
LINE
8
BLACK
6
CONTINUOUS
10
-0.1181935826771654
20
2.272677716535433
11
-0.1187342125984252
21
2.2724708267716536
0
LINE
8
BLACK
6
CONTINUOUS
10
-0.1187342125984252
20
2.2724708267716536
11
-0.1188400393700787
21
2.2724633464566928
0
LINE
8
BLACK
6
CONTINUOUS
10
-0.1188400393700787
20
2.2724633464566928
11
-0.118938031496063
21
2.2724227165354329
0
LINE
8
BLACK
6
CONTINUOUS
10
-0.118938031496063
20
2.2724227165354329
11
-0.119514094488189
21
2.2723659842519686
0
LINE
8
BLACK
6
CONTINUOUS
10
-0.119514094488189
20
2.2723659842519686
11
-0.1345122047244094
21
2.2723659842519686
0
LINE
8
BLACK
6
CONTINUOUS
10
-0.1345122047244094
20
2.2723659842519686
11
-0.1346127559055118
21
2.2723759055118111
0
LINE
8
BLACK
6
CONTINUOUS
10
-0.1346127559055118
20
2.2723759055118111
11
-0.134655748031496
21
2.2723694881889762
0
LINE
8
BLACK
6
CONTINUOUS
10
-0.134655748031496
20
2.2723694881889762
11
-0.1348712598425197
21
2.2724013779527557
0
LINE
8
BLACK
6
CONTINUOUS
10
-0.1348712598425197
20
2.2724013779527557
11
-0.1350882677165354
21
2.2724227165354329
0
LINE
8
BLACK
6
CONTINUOUS
10
-0.1350882677165354
20
2.2724227165354329
11
-0.1351285039370079
21
2.27243937007874
0
LINE
8
BLACK
6
CONTINUOUS
10
-0.1351285039370079
20
2.27243937007874
11
-0.1352283464566929
21
2.2724541338582678
0
LINE
8
BLACK
6
CONTINUOUS
10
-0.1352283464566929
20
2.2724541338582678
11
-0.1427274015748032
21
2.2743288976377953
0
LINE
8
BLACK
6
CONTINUOUS
10
-0.1427274015748032
20
2.2743288976377953
11
-0.1430669291338583
21
2.2744502362204724
0
LINE
8
BLACK
6
CONTINUOUS
10
-0.1430669291338583
20
2.2744502362204724
11
-0.1431383464566929
21
2.2744643307086614
0
LINE
8
BLACK
6
CONTINUOUS
10
-0.1431383464566929
20
2.2744643307086614
11
-0.1432031496062992
21
2.2744988976377951
0
LINE
8
BLACK
6
CONTINUOUS
10
-0.1432031496062992
20
2.2744988976377951
11
-0.1432725196850394
21
2.274523661417323
0
LINE
8
BLACK
6
CONTINUOUS
10
-0.1432725196850394
20
2.274523661417323
11
-0.1433312598425197
21
2.2745672047244092
0
LINE
8
BLACK
6
CONTINUOUS
10
-0.1433312598425197
20
2.2745672047244092
11
-0.1436491338582677
21
2.2747366535433069
0
LINE
8
BLACK
6
CONTINUOUS
10
-0.1436491338582677
20
2.2747366535433069
11
-0.1492734645669291
21
2.278486181102362
0
LINE
8
BLACK
6
CONTINUOUS
10
-0.1492734645669291
20
2.278486181102362
11
-0.1492751574803149
21
2.2784875590551179
0
LINE
8
BLACK
6
CONTINUOUS
10
-0.1492751574803149
20
2.2784875590551179
11
-0.1492760236220472
21
2.2784879133858267
0
LINE
8
BLACK
6
CONTINUOUS
10
-0.1492760236220472
20
2.2784879133858267
11
-0.1494913385826772
21
2.2786646456692914
0
LINE
8
BLACK
6
CONTINUOUS
10
-0.1494913385826772
20
2.2786646456692914
11
-0.1497212992125984
21
2.2788529527559054
0
LINE
8
BLACK
6
CONTINUOUS
10
-0.1497212992125984
20
2.2788529527559054
11
-0.1497218897637795
21
2.2788538188976379
0
LINE
8
BLACK
6
CONTINUOUS
10
-0.1497218897637795
20
2.2788538188976379
11
-0.1497234645669291
21
2.2788551181102363
0
LINE
8
BLACK
6
CONTINUOUS
10
-0.1497234645669291
20
2.2788551181102363
11
-0.1515982283464567
21
2.2807298818897639
0
LINE
8
BLACK
6
CONTINUOUS
10
-0.1515982283464567
20
2.2807298818897639
11
-0.1517840157480315
21
2.2809562598425197
0
LINE
8
BLACK
6
CONTINUOUS
10
-0.1517840157480315
20
2.2809562598425197
11
-0.1518429921259843
21
2.281007401574803
0
LINE
8
BLACK
6
CONTINUOUS
10
-0.1518429921259843
20
2.281007401574803
11
-0.1518989763779527
21
2.281096377952756
0
LINE
8
BLACK
6
CONTINUOUS
10
-0.1518989763779527
20
2.281096377952756
11
-0.1519654330708661
21
2.2811773228346457
0
LINE
8
BLACK
6
CONTINUOUS
10
-0.1519654330708661
20
2.2811773228346457
11
-0.1519952755905512
21
2.2812492913385825
0
LINE
8
BLACK
6
CONTINUOUS
10
-0.1519952755905512
20
2.2812492913385825
11
-0.1521513385826772
21
2.2814972834645668
0
LINE
8
BLACK
6
CONTINUOUS
10
-0.1521513385826772
20
2.2814972834645668
11
-0.1540261023622047
21
2.2852468110236219
0
LINE
8
BLACK
6
CONTINUOUS
10
-0.1540261023622047
20
2.2852468110236219
11
-0.1542329921259842
21
2.285787440944882
0
LINE
8
BLACK
6
CONTINUOUS
10
-0.1542329921259842
20
2.285787440944882
11
-0.1542405118110236
21
2.2858932677165353
0
LINE
8
BLACK
6
CONTINUOUS
10
-0.1542405118110236
20
2.2858932677165353
11
-0.1542811023622047
21
2.2859912598425196
0
LINE
8
BLACK
6
CONTINUOUS
10
-0.1542811023622047
20
2.2859912598425196
11
-0.1543378346456693
21
2.2865673228346455
0
LINE
8
BLACK
6
CONTINUOUS
10
-0.1543378346456693
20
2.2865673228346455
11
-0.1543378346456693
21
2.2940663779527557
0
LINE
8
BLACK
6
CONTINUOUS
10
-0.1543378346456693
20
2.2940663779527557
11
-0.1542811023622047
21
2.294642440944882
0
LINE
8
BLACK
6
CONTINUOUS
10
-0.1542811023622047
20
2.294642440944882
11
-0.1538401968503937
21
2.2957068503937008
0
LINE
8
BLACK
6
CONTINUOUS
10
-0.1538401968503937
20
2.2957068503937008
11
-0.1530255511811024
21
2.2965214960629923
0
LINE
8
BLACK
6
CONTINUOUS
10
-0.1530255511811024
20
2.2965214960629923
11
-0.1519611417322835
21
2.2969624015748029
0
LINE
8
BLACK
6
CONTINUOUS
10
-0.1519611417322835
20
2.2969624015748029
11
-0.1508090157480315
21
2.2969624015748029
0
LINE
8
BLACK
6
CONTINUOUS
10
-0.1508090157480315
20
2.2969624015748029
11
-0.1497446062992126
21
2.2965214960629923
0
LINE
8
BLACK
6
CONTINUOUS
10
-0.1497446062992126
20
2.2965214960629923
11
-0.1489299606299213
21
2.2957068503937008
0
LINE
8
BLACK
6
CONTINUOUS
10
-0.1489299606299213
20
2.2957068503937008
11
-0.1484890551181102
21
2.294642440944882
0
LINE
8
BLACK
6
CONTINUOUS
10
-0.1484890551181102
20
2.294642440944882
11
-0.1484323228346457
21
2.2940663779527557
0
LINE
8
BLACK
6
CONTINUOUS
10
-0.1484323228346457
20
2.2940663779527557
11
-0.1484323228346457
21
2.2872643700787401
0
LINE
8
BLACK
6
CONTINUOUS
10
-0.1484323228346457
20
2.2872643700787401
11
-0.1470835826771653
21
2.2845668897637794
0
LINE
8
BLACK
6
CONTINUOUS
10
-0.1470835826771653
20
2.2845668897637794
11
-0.1457544488188976
21
2.2832377559055117
0
LINE
8
BLACK
6
CONTINUOUS
10
-0.1457544488188976
20
2.2832377559055117
11
-0.1407988976377953
21
2.27993405511811
0
LINE
8
BLACK
6
CONTINUOUS
10
-0.1407988976377953
20
2.27993405511811
11
-0.1378817322834646
21
2.2792047637795276
0
LINE
8
BLACK
6
CONTINUOUS
10
-0.1378817322834646
20
2.2792047637795276
11
-0.1390279921259842
21
2.2814972834645668
0
LINE
8
BLACK
6
CONTINUOUS
10
-0.1390279921259842
20
2.2814972834645668
11
-0.1392348818897638
21
2.2820379133858268
0
LINE
8
BLACK
6
CONTINUOUS
10
-0.1392348818897638
20
2.2820379133858268
11
-0.1392424015748031
21
2.2821437401574802
0
LINE
8
BLACK
6
CONTINUOUS
10
-0.1392424015748031
20
2.2821437401574802
11
-0.1392829921259842
21
2.2822417322834645
0
LINE
8
BLACK
6
CONTINUOUS
10
-0.1392829921259842
20
2.2822417322834645
11
-0.1393397244094488
21
2.2828177952755904
0
LINE
8
BLACK
6
CONTINUOUS
10
-0.1393397244094488
20
2.2828177952755904
11
-0.1393397244094488
21
2.2903168503937006
0
LINE
8
BLACK
6
CONTINUOUS
10
-0.1393397244094488
20
2.2903168503937006
11
-0.1392829921259842
21
2.2908929133858269
0
LINE
8
BLACK
6
CONTINUOUS
10
-0.1392829921259842
20
2.2908929133858269
11
-0.1392424015748031
21
2.2909909448818899
0
LINE
8
BLACK
6
CONTINUOUS
10
-0.1392424015748031
20
2.2909909448818899
11
-0.1392348818897638
21
2.2910967322834646
0
LINE
8
BLACK
6
CONTINUOUS
10
-0.1392348818897638
20
2.2910967322834646
11
-0.1390279921259842
21
2.2916373622047241
0
LINE
8
BLACK
6
CONTINUOUS
10
-0.1390279921259842
20
2.2916373622047241
11
-0.1371532283464567
21
2.2953868897637797
0
LINE
8
BLACK
6
CONTINUOUS
10
-0.1371532283464567
20
2.2953868897637797
11
-0.1369971653543307
21
2.2956349212598424
0
LINE
8
BLACK
6
CONTINUOUS
10
-0.1369971653543307
20
2.2956349212598424
11
-0.1369673228346457
21
2.2957068503937008
0
LINE
8
BLACK
6
CONTINUOUS
10
-0.1369673228346457
20
2.2957068503937008
11
-0.1369008661417323
21
2.2957878346456693
0
LINE
8
BLACK
6
CONTINUOUS
10
-0.1369008661417323
20
2.2957878346456693
11
-0.1368448818897638
21
2.2958767716535431
0
LINE
8
BLACK
6
CONTINUOUS
10
-0.1368448818897638
20
2.2958767716535431
11
-0.136785905511811
21
2.2959279527559056
0
LINE
8
BLACK
6
CONTINUOUS
10
-0.136785905511811
20
2.2959279527559056
11
-0.1366001181102362
21
2.2961542913385826
0
LINE
8
BLACK
6
CONTINUOUS
10
-0.1366001181102362
20
2.2961542913385826
11
-0.1347253543307086
21
2.2980290551181102
0
LINE
8
BLACK
6
CONTINUOUS
10
-0.1347253543307086
20
2.2980290551181102
11
-0.1344990157480315
21
2.2982148425196849
0
LINE
8
BLACK
6
CONTINUOUS
10
-0.1344990157480315
20
2.2982148425196849
11
-0.1344478346456693
21
2.2982738188976377
0
LINE
8
BLACK
6
CONTINUOUS
10
-0.1344478346456693
20
2.2982738188976377
11
-0.1343588976377953
21
2.2983298031496062
0
LINE
8
BLACK
6
CONTINUOUS
10
-0.1343588976377953
20
2.2983298031496062
11
-0.1342779133858268
21
2.2983962598425198
0
LINE
8
BLACK
6
CONTINUOUS
10
-0.1342779133858268
20
2.2983962598425198
11
-0.1342059842519685
21
2.2984261023622046
0
LINE
8
BLACK
6
CONTINUOUS
10
-0.1342059842519685
20
2.2984261023622046
11
-0.1339579527559055
21
2.2985821653543308
0
LINE
8
BLACK
6
CONTINUOUS
10
-0.1339579527559055
20
2.2985821653543308
11
-0.1302084251968504
21
2.3004569291338584
0
LINE
8
BLACK
6
CONTINUOUS
10
-0.1302084251968504
20
2.3004569291338584
11
-0.1296678346456693
21
2.3006638188976378
0
LINE
8
BLACK
6
CONTINUOUS
10
-0.1296678346456693
20
2.3006638188976378
11
-0.129561968503937
21
2.3006713779527557
0
LINE
8
BLACK
6
CONTINUOUS
10
-0.129561968503937
20
2.3006713779527557
11
-0.1294639763779528
21
2.300711929133858
0
LINE
8
BLACK
6
CONTINUOUS
10
-0.1294639763779528
20
2.300711929133858
11
-0.1288879133858268
21
2.3007686614173228
0
LINE
8
BLACK
6
CONTINUOUS
10
-0.1288879133858268
20
2.3007686614173228
11
-0.119514094488189
21
2.3007686614173228
0
LINE
8
BLACK
6
CONTINUOUS
10
-0.119514094488189
20
2.3007686614173228
11
-0.118938031496063
21
2.300711929133858
0
LINE
8
BLACK
6
CONTINUOUS
10
-0.1308883464566929
20
2.2935144094488189
11
-0.1320854724409449
21
2.2923172834645671
0
LINE
8
BLACK
6
CONTINUOUS
10
-0.1320854724409449
20
2.2923172834645671
11
-0.1334342125984252
21
2.2896198031496064
0
LINE
8
BLACK
6
CONTINUOUS
10
-0.1334342125984252
20
2.2896198031496064
11
-0.1334342125984252
21
2.283514842519685
0
LINE
8
BLACK
6
CONTINUOUS
10
-0.1334342125984252
20
2.283514842519685
11
-0.1320854724409449
21
2.2808173622047243
0
LINE
8
BLACK
6
CONTINUOUS
10
-0.1320854724409449
20
2.2808173622047243
11
-0.1308883464566929
21
2.2796202362204725
0
LINE
8
BLACK
6
CONTINUOUS
10
-0.1308883464566929
20
2.2796202362204725
11
-0.1281908661417323
21
2.2782714960629922
0
LINE
8
BLACK
6
CONTINUOUS
10
-0.1281908661417323
20
2.2782714960629922
11
-0.1202111417322835
21
2.2782714960629922
0
LINE
8
BLACK
6
CONTINUOUS
10
-0.1202111417322835
20
2.2782714960629922
11
-0.1175136614173228
21
2.2796202755905512
0
LINE
8
BLACK
6
CONTINUOUS
10
-0.1175136614173228
20
2.2796202755905512
11
-0.1163164960629921
21
2.2808174015748031
0
LINE
8
BLACK
6
CONTINUOUS
10
-0.1163164960629921
20
2.2808174015748031
11
-0.1149677559055118
21
2.283514842519685
0
LINE
8
BLACK
6
CONTINUOUS
10
-0.1149677559055118
20
2.283514842519685
11
-0.1149677559055118
21
2.2896198031496064
0
LINE
8
BLACK
6
CONTINUOUS
10
-0.1149677559055118
20
2.2896198031496064
11
-0.1163164960629921
21
2.2923172834645671
0
LINE
8
BLACK
6
CONTINUOUS
10
-0.1163164960629921
20
2.2923172834645671
11
-0.1175136614173228
21
2.2935144094488189
0
LINE
8
BLACK
6
CONTINUOUS
10
-0.1175136614173228
20
2.2935144094488189
11
-0.1202111417322835
21
2.2948631496062992
0
LINE
8
BLACK
6
CONTINUOUS
10
-0.1202111417322835
20
2.2948631496062992
11
-0.1281908661417323
21
2.2948631496062992
0
LINE
8
BLACK
6
CONTINUOUS
10
-0.1281908661417323
20
2.2948631496062992
11
-0.1308883464566929
21
2.2935144094488189
0
LINE
8
BLACK
6
CONTINUOUS
10
-0.1234979133858268
20
2.3396411023622048
11
-0.1226832677165354
21
2.3388264566929133
0
LINE
8
BLACK
6
CONTINUOUS
10
-0.1226832677165354
20
2.3388264566929133
11
-0.1222423622047244
21
2.3377620472440945
0
LINE
8
BLACK
6
CONTINUOUS
10
-0.1222423622047244
20
2.3377620472440945
11
-0.1221856299212598
21
2.3371859842519687
0
LINE
8
BLACK
6
CONTINUOUS
10
-0.1221856299212598
20
2.3371859842519687
11
-0.1221856299212598
21
2.3345144488188976
0
LINE
8
BLACK
6
CONTINUOUS
10
-0.1221856299212598
20
2.3345144488188976
11
-0.112015
21
2.3345144488188976
0
LINE
8
BLACK
6
CONTINUOUS
10
-0.112015
20
2.3345144488188976
11
-0.111438937007874
21
2.3344577165354332
0
LINE
8
BLACK
6
CONTINUOUS
10
-0.111438937007874
20
2.3344577165354332
11
-0.1103745275590551
21
2.3340168110236221
0
LINE
8
BLACK
6
CONTINUOUS
10
-0.1103745275590551
20
2.3340168110236221
11
-0.1095598818897638
21
2.3332021653543307
0
LINE
8
BLACK
6
CONTINUOUS
10
-0.1095598818897638
20
2.3332021653543307
11
-0.1091189763779528
21
2.3321377559055119
0
LINE
8
BLACK
6
CONTINUOUS
10
-0.1091189763779528
20
2.3321377559055119
11
-0.1091189763779528
21
2.3309856299212597
0
LINE
8
BLACK
6
CONTINUOUS
10
-0.1091189763779528
20
2.3309856299212597
11
-0.1095598818897638
21
2.3299212204724409
0
LINE
8
BLACK
6
CONTINUOUS
10
-0.1095598818897638
20
2.3299212204724409
11
-0.1103745275590551
21
2.3291065748031494
0
LINE
8
BLACK
6
CONTINUOUS
10
-0.1103745275590551
20
2.3291065748031494
11
-0.111438937007874
21
2.3286656692913383
0
LINE
8
BLACK
6
CONTINUOUS
10
-0.111438937007874
20
2.3286656692913383
11
-0.112015
21
2.328608937007874
0
LINE
8
BLACK
6
CONTINUOUS
10
-0.112015
20
2.328608937007874
11
-0.1221856299212598
21
2.328608937007874
0
LINE
8
BLACK
6
CONTINUOUS
10
-0.1221856299212598
20
2.328608937007874
11
-0.1221856299212598
21
2.31281405511811
0
LINE
8
BLACK
6
CONTINUOUS
10
-0.1221856299212598
20
2.31281405511811
11
-0.1222143700787402
21
2.3125225196850394
0
LINE
8
BLACK
6
CONTINUOUS
10
-0.1222143700787402
20
2.3125225196850394
11
-0.1222088188976378
21
2.3124447637795273
0
LINE
8
BLACK
6
CONTINUOUS
10
-0.1222088188976378
20
2.3124447637795273
11
-0.1222275590551181
21
2.3123886614173226
0
LINE
8
BLACK
6
CONTINUOUS
10
-0.1222275590551181
20
2.3123886614173226
11
-0.1222423622047244
21
2.3122379921259841
0
LINE
8
BLACK
6
CONTINUOUS
10
-0.1222423622047244
20
2.3122379921259841
11
-0.1224235433070866
21
2.3118006299212599
0
LINE
8
BLACK
6
CONTINUOUS
10
-0.1224235433070866
20
2.3118006299212599
11
-0.1225731496062992
21
2.3113517716535434
0
LINE
8
BLACK
6
CONTINUOUS
10
-0.1225731496062992
20
2.3113517716535434
11
-0.1226426771653543
21
2.3112716535433071
0
LINE
8
BLACK
6
CONTINUOUS
10
-0.1226426771653543
20
2.3112716535433071
11
-0.1226832677165354
21
2.3111735826771653
0
LINE
8
BLACK
6
CONTINUOUS
10
-0.1226832677165354
20
2.3111735826771653
11
-0.123018031496063
21
2.3108388582677164
0
LINE
8
BLACK
6
CONTINUOUS
10
-0.123018031496063
20
2.3108388582677164
11
-0.123328031496063
21
2.310481377952756
0
LINE
8
BLACK
6
CONTINUOUS
10
-0.123328031496063
20
2.310481377952756
11
-0.1234229133858268
21
2.3104339763779529
0
LINE
8
BLACK
6
CONTINUOUS
10
-0.1234229133858268
20
2.3104339763779529
11
-0.1234979133858268
21
2.3103589370078739
0
LINE
8
BLACK
6
CONTINUOUS
10
-0.1234979133858268
20
2.3103589370078739
11
-0.1239353937007874
21
2.3101777559055119
0
LINE
8
BLACK
6
CONTINUOUS
10
-0.1239353937007874
20
2.3101777559055119
11
-0.1243585039370079
21
2.3099661811023622
0
LINE
8
BLACK
6
CONTINUOUS
10
-0.1243585039370079
20
2.3099661811023622
11
-0.1244642519685039
21
2.3099587007874014
0
LINE
8
BLACK
6
CONTINUOUS
10
-0.1244642519685039
20
2.3099587007874014
11
-0.1245623228346457
21
2.3099180314960628
0
LINE
8
BLACK
6
CONTINUOUS
10
-0.1245623228346457
20
2.3099180314960628
11
-0.1250358661417323
21
2.3099180314960628
0
LINE
8
BLACK
6
CONTINUOUS
10
-0.1250358661417323
20
2.3099180314960628
11
-0.1255077165354331
21
2.3098844881889762
0
LINE
8
BLACK
6
CONTINUOUS
10
-0.1255077165354331
20
2.3098844881889762
11
-0.1256552362204724
21
2.3099180314960628
0
LINE
8
BLACK
6
CONTINUOUS
10
-0.1256552362204724
20
2.3099180314960628
11
-0.1257144488188976
21
2.3099180314960628
0
LINE
8
BLACK
6
CONTINUOUS
10
-0.1257144488188976
20
2.3099180314960628
11
-0.1257865354330709
21
2.3099479133858267
0
LINE
8
BLACK
6
CONTINUOUS
10
-0.1257865354330709
20
2.3099479133858267
11
-0.1260721653543307
21
2.3100128346456694
0
LINE
8
BLACK
6
CONTINUOUS
10
-0.1260721653543307
20
2.3100128346456694
11
-0.1541935826771653
21
2.3193866535433072
0
LINE
8
BLACK
6
CONTINUOUS
10
-0.1541935826771653
20
2.3193866535433072
11
-0.1547221653543307
21
2.3196226377952756
0
LINE
8
BLACK
6
CONTINUOUS
10
-0.1547221653543307
20
2.3196226377952756
11
-0.1555925196850394
21
2.3203775196850391
0
LINE
8
BLACK
6
CONTINUOUS
10
-0.1555925196850394
20
2.3203775196850391
11
-0.1561077165354331
21
2.3214079527559055
0
LINE
8
BLACK
6
CONTINUOUS
10
-0.1561077165354331
20
2.3214079527559055
11
-0.1561894094488189
21
2.3225571653543309
0
LINE
8
BLACK
6
CONTINUOUS
10
-0.1561894094488189
20
2.3225571653543309
11
-0.1558250787401575
21
2.3236501968503935
0
LINE
8
BLACK
6
CONTINUOUS
10
-0.1558250787401575
20
2.3236501968503935
11
-0.1550701968503937
21
2.3245205511811022
0
LINE
8
BLACK
6
CONTINUOUS
10
-0.1550701968503937
20
2.3245205511811022
11
-0.1540397637795275
21
2.325035748031496
0
LINE
8
BLACK
6
CONTINUOUS
10
-0.1540397637795275
20
2.325035748031496
11
-0.1528905511811024
21
2.325117440944882
0
LINE
8
BLACK
6
CONTINUOUS
10
-0.1528905511811024
20
2.325117440944882
11
-0.1523261023622047
21
2.3249890944881888
0
LINE
8
BLACK
6
CONTINUOUS
10
-0.1523261023622047
20
2.3249890944881888
11
-0.1280911417322834
21
2.3169107874015746
0
LINE
8
BLACK
6
CONTINUOUS
10
-0.1280911417322834
20
2.3169107874015746
11
-0.1280911417322834
21
2.328608937007874
0
LINE
8
BLACK
6
CONTINUOUS
10
-0.1280911417322834
20
2.328608937007874
11
-0.1382617322834646
21
2.328608937007874
0
LINE
8
BLACK
6
CONTINUOUS
10
-0.1382617322834646
20
2.328608937007874
11
-0.1388377952755905
21
2.3286656692913383
0
LINE
8
BLACK
6
CONTINUOUS
10
-0.1388377952755905
20
2.3286656692913383
11
-0.1399022047244095
21
2.3291065748031494
0
LINE
8
BLACK
6
CONTINUOUS
10
-0.1399022047244095
20
2.3291065748031494
11
-0.1407168503937008
21
2.3299212204724409
0
LINE
8
BLACK
6
CONTINUOUS
10
-0.1407168503937008
20
2.3299212204724409
11
-0.1411577559055118
21
2.3309856299212597
0
LINE
8
BLACK
6
CONTINUOUS
10
-0.1411577559055118
20
2.3309856299212597
11
-0.1411577559055118
21
2.3321377559055119
0
LINE
8
BLACK
6
CONTINUOUS
10
-0.1411577559055118
20
2.3321377559055119
11
-0.1407168503937008
21
2.3332021653543307
0
LINE
8
BLACK
6
CONTINUOUS
10
-0.1407168503937008
20
2.3332021653543307
11
-0.1399022047244095
21
2.3340168110236221
0
LINE
8
BLACK
6
CONTINUOUS
10
-0.1399022047244095
20
2.3340168110236221
11
-0.1388377952755905
21
2.3344577165354332
0
LINE
8
BLACK
6
CONTINUOUS
10
-0.1388377952755905
20
2.3344577165354332
11
-0.1382617322834646
21
2.3345144488188976
0
LINE
8
BLACK
6
CONTINUOUS
10
-0.1382617322834646
20
2.3345144488188976
11
-0.1280911417322834
21
2.3345144488188976
0
LINE
8
BLACK
6
CONTINUOUS
10
-0.1280911417322834
20
2.3345144488188976
11
-0.1280911417322834
21
2.3371859842519687
0
LINE
8
BLACK
6
CONTINUOUS
10
-0.1280911417322834
20
2.3371859842519687
11
-0.1280344094488189
21
2.3377620472440945
0
LINE
8
BLACK
6
CONTINUOUS
10
-0.1280344094488189
20
2.3377620472440945
11
-0.1275935039370079
21
2.3388264566929133
0
LINE
8
BLACK
6
CONTINUOUS
10
-0.1275935039370079
20
2.3388264566929133
11
-0.1267788582677165
21
2.3396411023622048
0
LINE
8
BLACK
6
CONTINUOUS
10
-0.1267788582677165
20
2.3396411023622048
11
-0.1257144488188976
21
2.3400820078740159
0
LINE
8
BLACK
6
CONTINUOUS
10
-0.1257144488188976
20
2.3400820078740159
11
-0.1245623228346457
21
2.3400820078740159
0
LINE
8
BLACK
6
CONTINUOUS
10
-0.1245623228346457
20
2.3400820078740159
11
-0.1234979133858268
21
2.3396411023622048
0
LINE
8
BLACK
6
CONTINUOUS
10
-0.118938031496063
20
2.3757025590551182
11
-0.1188400393700787
21
2.3756619685039371
0
LINE
8
BLACK
6
CONTINUOUS
10
-0.1188400393700787
20
2.3756619685039371
11
-0.1187342125984252
21
2.3756544488188975
0
LINE
8
BLACK
6
CONTINUOUS
10
-0.1187342125984252
20
2.3756544488188975
11
-0.1181935826771654
21
2.3754475590551181
0
LINE
8
BLACK
6
CONTINUOUS
10
-0.1181935826771654
20
2.3754475590551181
11
-0.1144440551181102
21
2.3735727952755905
0
LINE
8
BLACK
6
CONTINUOUS
10
-0.1144440551181102
20
2.3735727952755905
11
-0.1141961811023622
21
2.373416771653543
0
LINE
8
BLACK
6
CONTINUOUS
10
-0.1141961811023622
20
2.373416771653543
11
-0.1141241338582677
21
2.3733869291338583
0
LINE
8
BLACK
6
CONTINUOUS
10
-0.1141241338582677
20
2.3733869291338583
11
-0.1140431102362205
21
2.3733204330708659
0
LINE
8
BLACK
6
CONTINUOUS
10
-0.1140431102362205
20
2.3733204330708659
11
-0.1139541732283465
21
2.3732644488188974
0
LINE
8
BLACK
6
CONTINUOUS
10
-0.1139541732283465
20
2.3732644488188974
11
-0.113903031496063
21
2.373205472440945
0
LINE
8
BLACK
6
CONTINUOUS
10
-0.113903031496063
20
2.373205472440945
11
-0.1136766929133858
21
2.3730197244094486
0
LINE
8
BLACK
6
CONTINUOUS
10
-0.1136766929133858
20
2.3730197244094486
11
-0.1118018897637795
21
2.3711449606299211
0
LINE
8
BLACK
6
CONTINUOUS
10
-0.1118018897637795
20
2.3711449606299211
11
-0.1116161417322835
21
2.370918622047244
0
LINE
8
BLACK
6
CONTINUOUS
10
-0.1116161417322835
20
2.370918622047244
11
-0.1115570866141732
21
2.3708674015748032
0
LINE
8
BLACK
6
CONTINUOUS
10
-0.1115570866141732
20
2.3708674015748032
11
-0.1115011023622047
21
2.370778464566929
0
LINE
8
BLACK
6
CONTINUOUS
10
-0.1115011023622047
20
2.370778464566929
11
-0.1114346456692913
21
2.3706974803149605
0
LINE
8
BLACK
6
CONTINUOUS
10
-0.1114346456692913
20
2.3706974803149605
11
-0.111404842519685
21
2.3706255511811025
0
LINE
8
BLACK
6
CONTINUOUS
10
-0.111404842519685
20
2.3706255511811025
11
-0.1112487401574803
21
2.3703775196850394
0
LINE
8
BLACK
6
CONTINUOUS
10
-0.1112487401574803
20
2.3703775196850394
11
-0.1093739763779528
21
2.3666279921259843
0
LINE
8
BLACK
6
CONTINUOUS
10
-0.1093739763779528
20
2.3666279921259843
11
-0.1091670866141732
21
2.366087401574803
0
LINE
8
BLACK
6
CONTINUOUS
10
-0.1091670866141732
20
2.366087401574803
11
-0.1091595669291339
21
2.3659815354330709
0
LINE
8
BLACK
6
CONTINUOUS
10
-0.1091595669291339
20
2.3659815354330709
11
-0.1091189763779528
21
2.3658835433070866
0
LINE
8
BLACK
6
CONTINUOUS
10
-0.1091189763779528
20
2.3658835433070866
11
-0.1090622440944882
21
2.3653074803149607
0
LINE
8
BLACK
6
CONTINUOUS
10
-0.1090622440944882
20
2.3653074803149607
11
-0.1090622440944882
21
2.3540588976377954
0
LINE
8
BLACK
6
CONTINUOUS
10
-0.1090622440944882
20
2.3540588976377954
11
-0.1091189763779528
21
2.3534828346456691
0
LINE
8
BLACK
6
CONTINUOUS
10
-0.1091189763779528
20
2.3534828346456691
11
-0.1091595669291339
21
2.3533848818897636
0
LINE
8
BLACK
6
CONTINUOUS
10
-0.1091595669291339
20
2.3533848818897636
11
-0.1091670866141732
21
2.3532789763779527
0
LINE
8
BLACK
6
CONTINUOUS
10
-0.1091670866141732
20
2.3532789763779527
11
-0.1093739763779528
21
2.3527383858267714
0
LINE
8
BLACK
6
CONTINUOUS
10
-0.1093739763779528
20
2.3527383858267714
11
-0.1112487401574803
21
2.3489888582677163
0
LINE
8
BLACK
6
CONTINUOUS
10
-0.1112487401574803
20
2.3489888582677163
11
-0.111404842519685
21
2.3487408661417324
0
LINE
8
BLACK
6
CONTINUOUS
10
-0.111404842519685
20
2.3487408661417324
11
-0.1114346456692913
21
2.3486688976377952
0
LINE
8
BLACK
6
CONTINUOUS
10
-0.1114346456692913
20
2.3486688976377952
11
-0.1115011023622047
21
2.3485879527559055
0
LINE
8
BLACK
6
CONTINUOUS
10
-0.1115011023622047
20
2.3485879527559055
11
-0.1115570866141732
21
2.3484989763779529
0
LINE
8
BLACK
6
CONTINUOUS
10
-0.1115570866141732
20
2.3484989763779529
11
-0.1116161417322835
21
2.3484477952755904
0
LINE
8
BLACK
6
CONTINUOUS
10
-0.1116161417322835
20
2.3484477952755904
11
-0.1118018897637795
21
2.3482214173228346
0
LINE
8
BLACK
6
CONTINUOUS
10
-0.1118018897637795
20
2.3482214173228346
11
-0.1136766929133858
21
2.3463466535433071
0
LINE
8
BLACK
6
CONTINUOUS
10
-0.1136766929133858
20
2.3463466535433071
11
-0.1141241338582677
21
2.3459794488188974
0
LINE
8
BLACK
6
CONTINUOUS
10
-0.1141241338582677
20
2.3459794488188974
11
-0.1151885433070866
21
2.3455385826771651
0
LINE
8
BLACK
6
CONTINUOUS
10
-0.1151885433070866
20
2.3455385826771651
11
-0.1163406299212598
21
2.3455385826771651
0
LINE
8
BLACK
6
CONTINUOUS
10
-0.1163406299212598
20
2.3455385826771651
11
-0.1174050393700787
21
2.3459794881889762
0
LINE
8
BLACK
6
CONTINUOUS
10
-0.1174050393700787
20
2.3459794881889762
11
-0.1182197244094488
21
2.3467941732283464
0
LINE
8
BLACK
6
CONTINUOUS
10
-0.1182197244094488
20
2.3467941732283464
11
-0.1186605905511811
21
2.3478585826771652
0
LINE
8
BLACK
6
CONTINUOUS
10
-0.1186605905511811
20
2.3478585826771652
11
-0.1186605905511811
21
2.3490106692913386
0
LINE
8
BLACK
6
CONTINUOUS
10
-0.1186605905511811
20
2.3490106692913386
11
-0.1182196850393701
21
2.3500750787401574
0
LINE
8
BLACK
6
CONTINUOUS
10
-0.1182196850393701
20
2.3500750787401574
11
-0.1178524409448819
21
2.350522559055118
0
LINE
8
BLACK
6
CONTINUOUS
10
-0.1178524409448819
20
2.350522559055118
11
-0.1163164960629921
21
2.3520585039370077
0
LINE
8
BLACK
6
CONTINUOUS
10
-0.1163164960629921
20
2.3520585039370077
11
-0.1149677559055118
21
2.3547559448818896
0
LINE
8
BLACK
6
CONTINUOUS
10
-0.1149677559055118
20
2.3547559448818896
11
-0.1149677559055118
21
2.3646104330708662
0
LINE
8
BLACK
6
CONTINUOUS
10
-0.1149677559055118
20
2.3646104330708662
11
-0.1163164960629921
21
2.3673079133858268
0
LINE
8
BLACK
6
CONTINUOUS
10
-0.1163164960629921
20
2.3673079133858268
11
-0.1175136614173228
21
2.3685050393700786
0
LINE
8
BLACK
6
CONTINUOUS
10
-0.1175136614173228
20
2.3685050393700786
11
-0.1202111417322835
21
2.3698537795275589
0
LINE
8
BLACK
6
CONTINUOUS
10
-0.1202111417322835
20
2.3698537795275589
11
-0.1281908661417323
21
2.3698537795275589
0
LINE
8
BLACK
6
CONTINUOUS
10
-0.1281908661417323
20
2.3698537795275589
11
-0.1308883464566929
21
2.3685050393700786
0
LINE
8
BLACK
6
CONTINUOUS
10
-0.1308883464566929
20
2.3685050393700786
11
-0.1320854724409449
21
2.3673079133858268
0
LINE
8
BLACK
6
CONTINUOUS
10
-0.1320854724409449
20
2.3673079133858268
11
-0.1334342125984252
21
2.3646104330708662
0
LINE
8
BLACK
6
CONTINUOUS
10
-0.1334342125984252
20
2.3646104330708662
11
-0.1334342125984252
21
2.3596831889763781
0
LINE
8
BLACK
6
CONTINUOUS
10
-0.1334342125984252
20
2.3596831889763781
11
-0.1334642519685039
21
2.3593785433070864
0
LINE
8
BLACK
6
CONTINUOUS
10
-0.1334642519685039
20
2.3593785433070864
11
-0.1334590551181102
21
2.3593010629921261
0
LINE
8
BLACK
6
CONTINUOUS
10
-0.1334590551181102
20
2.3593010629921261
11
-0.133477125984252
21
2.3592477165354331
0
LINE
8
BLACK
6
CONTINUOUS
10
-0.133477125984252
20
2.3592477165354331
11
-0.1334909448818898
21
2.3591071259842518
0
LINE
8
BLACK
6
CONTINUOUS
10
-0.1334909448818898
20
2.3591071259842518
11
-0.1336745669291338
21
2.3586639370078739
0
LINE
8
BLACK
6
CONTINUOUS
10
-0.1336745669291338
20
2.3586639370078739
11
-0.1338281496062992
21
2.3582096850393701
0
LINE
8
BLACK
6
CONTINUOUS
10
-0.1338281496062992
20
2.3582096850393701
11
-0.1338937401574803
21
2.3581347244094486
0
LINE
8
BLACK
6
CONTINUOUS
10
-0.1338937401574803
20
2.3581347244094486
11
-0.1339318503937008
21
2.358042716535433
0
LINE
8
BLACK
6
CONTINUOUS
10
-0.1339318503937008
20
2.358042716535433
11
-0.1342708661417323
21
2.3577037401574801
0
LINE
8
BLACK
6
CONTINUOUS
10
-0.1342708661417323
20
2.3577037401574801
11
-0.134586811023622
21
2.357342598425197
0
LINE
8
BLACK
6
CONTINUOUS
10
-0.134586811023622
20
2.357342598425197
11
-0.1346761811023622
21
2.3572984251968503
0
LINE
8
BLACK
6
CONTINUOUS
10
-0.1346761811023622
20
2.3572984251968503
11
-0.1347464960629921
21
2.3572280708661415
0
LINE
8
BLACK
6
CONTINUOUS
10
-0.1347464960629921
20
2.3572280708661415
11
-0.1351894488188976
21
2.3570446062992128
0
LINE
8
BLACK
6
CONTINUOUS
10
-0.1351894488188976
20
2.3570446062992128
11
-0.1356195669291339
21
2.3568318897637797
0
LINE
8
BLACK
6
CONTINUOUS
10
-0.1356195669291339
20
2.3568318897637797
11
-0.135718937007874
21
2.356825275590551
0
LINE
8
BLACK
6
CONTINUOUS
10
-0.135718937007874
20
2.356825275590551
11
-0.135810905511811
21
2.3567871653543309
0
LINE
8
BLACK
6
CONTINUOUS
10
-0.135810905511811
20
2.3567871653543309
11
-0.1362906299212598
21
2.3567871653543309
0
LINE
8
BLACK
6
CONTINUOUS
10
-0.1362906299212598
20
2.3567871653543309
11
-0.136769094488189
21
2.356755275590551
0
LINE
8
BLACK
6
CONTINUOUS
10
-0.136769094488189
20
2.356755275590551
11
-0.1368633858267717
21
2.3567871653543309
0
LINE
8
BLACK
6
CONTINUOUS
10
-0.1368633858267717
20
2.3567871653543309
11
-0.136963031496063
21
2.3567871653543309
0
LINE
8
BLACK
6
CONTINUOUS
10
-0.136963031496063
20
2.3567871653543309
11
-0.1374062598425197
21
2.3569707874015746
0
LINE
8
BLACK
6
CONTINUOUS
10
-0.1374062598425197
20
2.3569707874015746
11
-0.1378604724409449
21
2.3571243700787403
0
LINE
8
BLACK
6
CONTINUOUS
10
-0.1378604724409449
20
2.3571243700787403
11
-0.1379753543307086
21
2.3572064960629922
0
LINE
8
BLACK
6
CONTINUOUS
10
-0.1379753543307086
20
2.3572064960629922
11
-0.1380274409448819
21
2.3572280708661415
0
LINE
8
BLACK
6
CONTINUOUS
10
-0.1380274409448819
20
2.3572280708661415
11
-0.1380824015748031
21
2.3572830314960629
0
LINE
8
BLACK
6
CONTINUOUS
10
-0.1380824015748031
20
2.3572830314960629
11
-0.1383313779527559
21
2.3574610236220472
0
LINE
8
BLACK
6
CONTINUOUS
10
-0.1383313779527559
20
2.3574610236220472
11
-0.1484323228346457
21
2.3662993700787402
0
LINE
8
BLACK
6
CONTINUOUS
10
-0.1484323228346457
20
2.3662993700787402
11
-0.1484323228346457
21
2.3484346062992127
0
LINE
8
BLACK
6
CONTINUOUS
10
-0.1484323228346457
20
2.3484346062992127
11
-0.1484890551181102
21
2.3478585433070864
0
LINE
8
BLACK
6
CONTINUOUS
10
-0.1484890551181102
20
2.3478585433070864
11
-0.1489299606299213
21
2.3467941338582676
0
LINE
8
BLACK
6
CONTINUOUS
10
-0.1489299606299213
20
2.3467941338582676
11
-0.1497446062992126
21
2.3459794881889762
0
LINE
8
BLACK
6
CONTINUOUS
10
-0.1497446062992126
20
2.3459794881889762
11
-0.1508090157480315
21
2.3455385826771651
0
LINE
8
BLACK
6
CONTINUOUS
10
-0.1508090157480315
20
2.3455385826771651
11
-0.1519611417322835
21
2.3455385826771651
0
LINE
8
BLACK
6
CONTINUOUS
10
-0.1519611417322835
20
2.3455385826771651
11
-0.1530255511811024
21
2.3459794881889762
0
LINE
8
BLACK
6
CONTINUOUS
10
-0.1530255511811024
20
2.3459794881889762
11
-0.1538401968503937
21
2.3467941338582676
0
LINE
8
BLACK
6
CONTINUOUS
10
-0.1538401968503937
20
2.3467941338582676
11
-0.1542811023622047
21
2.3478585433070864
0
LINE
8
BLACK
6
CONTINUOUS
10
-0.1542811023622047
20
2.3478585433070864
11
-0.1543378346456693
21
2.3484346062992127
0
LINE
8
BLACK
6
CONTINUOUS
10
-0.1543378346456693
20
2.3484346062992127
11
-0.1543378346456693
21
2.372806535433071
0
LINE
8
BLACK
6
CONTINUOUS
10
-0.1543378346456693
20
2.372806535433071
11
-0.1543078346456693
21
2.3731112204724409
0
LINE
8
BLACK
6
CONTINUOUS
10
-0.1543078346456693
20
2.3731112204724409
11
-0.1543129921259843
21
2.373188661417323
0
LINE
8
BLACK
6
CONTINUOUS
10
-0.1543129921259843
20
2.373188661417323
11
-0.1542949606299213
21
2.3732420472440943
0
LINE
8
BLACK
6
CONTINUOUS
10
-0.1542949606299213
20
2.3732420472440943
11
-0.1542811023622047
21
2.3733825984251968
0
LINE
8
BLACK
6
CONTINUOUS
10
-0.1542811023622047
20
2.3733825984251968
11
-0.1540975196850394
21
2.3738258267716534
0
LINE
8
BLACK
6
CONTINUOUS
10
-0.1540975196850394
20
2.3738258267716534
11
-0.1539438976377953
21
2.3742800393700785
0
LINE
8
BLACK
6
CONTINUOUS
10
-0.1539438976377953
20
2.3742800393700785
11
-0.1538783464566929
21
2.3743550393700787
0
LINE
8
BLACK
6
CONTINUOUS
10
-0.1538783464566929
20
2.3743550393700787
11
-0.1538401968503937
21
2.3744470078740156
0
LINE
8
BLACK
6
CONTINUOUS
10
-0.1538401968503937
20
2.3744470078740156
11
-0.1535012204724409
21
2.3747860236220473
0
LINE
8
BLACK
6
CONTINUOUS
10
-0.1535012204724409
20
2.3747860236220473
11
-0.1531852362204724
21
2.375147125984252
0
LINE
8
BLACK
6
CONTINUOUS
10
-0.1531852362204724
20
2.375147125984252
11
-0.153095905511811
21
2.3751913385826771
0
LINE
8
BLACK
6
CONTINUOUS
10
-0.153095905511811
20
2.3751913385826771
11
-0.1530255511811024
21
2.3752616535433071
0
LINE
8
BLACK
6
CONTINUOUS
10
-0.1530255511811024
20
2.3752616535433071
11
-0.1525826377952756
21
2.375445157480315
0
LINE
8
BLACK
6
CONTINUOUS
10
-0.1525826377952756
20
2.375445157480315
11
-0.1521524803149606
21
2.3756578346456694
0
LINE
8
BLACK
6
CONTINUOUS
10
-0.1521524803149606
20
2.3756578346456694
11
-0.1520531496062992
21
2.3756644881889764
0
LINE
8
BLACK
6
CONTINUOUS
10
-0.1520531496062992
20
2.3756644881889764
11
-0.1519611417322835
21
2.3757025590551182
0
LINE
8
BLACK
6
CONTINUOUS
10
-0.1519611417322835
20
2.3757025590551182
11
-0.1514814173228347
21
2.3757025590551182
0
LINE
8
BLACK
6
CONTINUOUS
10
-0.1514814173228347
20
2.3757025590551182
11
-0.1510029527559055
21
2.3757344488188976
0
LINE
8
BLACK
6
CONTINUOUS
10
-0.1510029527559055
20
2.3757344488188976
11
-0.1509086614173228
21
2.3757025590551182
0
LINE
8
BLACK
6
CONTINUOUS
10
-0.1509086614173228
20
2.3757025590551182
11
-0.1508090157480315
21
2.3757025590551182
0
LINE
8
BLACK
6
CONTINUOUS
10
-0.1508090157480315
20
2.3757025590551182
11
-0.1503658267716535
21
2.3755189763779527
0
LINE
8
BLACK
6
CONTINUOUS
10
-0.1503658267716535
20
2.3755189763779527
11
-0.1499115748031496
21
2.3753653543307087
0
LINE
8
BLACK
6
CONTINUOUS
10
-0.1499115748031496
20
2.3753653543307087
11
-0.1497967322834646
21
2.3752832677165352
0
LINE
8
BLACK
6
CONTINUOUS
10
-0.1497967322834646
20
2.3752832677165352
11
-0.1497446062992126
21
2.3752616535433071
0
LINE
8
BLACK
6
CONTINUOUS
10
-0.1497446062992126
20
2.3752616535433071
11
-0.1496896850393701
21
2.3752067322834645
0
LINE
8
BLACK
6
CONTINUOUS
10
-0.1496896850393701
20
2.3752067322834645
11
-0.1494406692913386
21
2.3750287007874014
0
LINE
8
BLACK
6
CONTINUOUS
10
-0.1494406692913386
20
2.3750287007874014
11
-0.1392316535433071
21
2.3660958267716534
0
LINE
8
BLACK
6
CONTINUOUS
10
-0.1392316535433071
20
2.3660958267716534
11
-0.1390279921259842
21
2.3666279921259843
0
LINE
8
BLACK
6
CONTINUOUS
10
-0.1390279921259842
20
2.3666279921259843
11
-0.1371532283464567
21
2.3703775196850394
0
LINE
8
BLACK
6
CONTINUOUS
10
-0.1371532283464567
20
2.3703775196850394
11
-0.1369971653543307
21
2.3706255511811025
0
LINE
8
BLACK
6
CONTINUOUS
10
-0.1369971653543307
20
2.3706255511811025
11
-0.1369673228346457
21
2.3706974803149605
0
LINE
8
BLACK
6
CONTINUOUS
10
-0.1369673228346457
20
2.3706974803149605
11
-0.1369008661417323
21
2.370778464566929
0
LINE
8
BLACK
6
CONTINUOUS
10
-0.1369008661417323
20
2.370778464566929
11
-0.1368448818897638
21
2.3708674015748032
0
LINE
8
BLACK
6
CONTINUOUS
10
-0.1368448818897638
20
2.3708674015748032
11
-0.136785905511811
21
2.3709185826771653
0
LINE
8
BLACK
6
CONTINUOUS
10
-0.136785905511811
20
2.3709185826771653
11
-0.1366001181102362
21
2.3711449212598423
0
LINE
8
BLACK
6
CONTINUOUS
10
-0.1366001181102362
20
2.3711449212598423
11
-0.1347253543307086
21
2.3730196850393699
0
LINE
8
BLACK
6
CONTINUOUS
10
-0.1347253543307086
20
2.3730196850393699
11
-0.1344990157480315
21
2.373205472440945
0
LINE
8
BLACK
6
CONTINUOUS
10
-0.1344990157480315
20
2.373205472440945
11
-0.1344478346456693
21
2.3732644488188974
0
LINE
8
BLACK
6
CONTINUOUS
10
-0.1344478346456693
20
2.3732644488188974
11
-0.1343588976377953
21
2.3733204330708659
0
LINE
8
BLACK
6
CONTINUOUS
10
-0.1343588976377953
20
2.3733204330708659
11
-0.1342779133858268
21
2.3733868897637795
0
LINE
8
BLACK
6
CONTINUOUS
10
-0.1342779133858268
20
2.3733868897637795
11
-0.1342059842519685
21
2.3734167322834647
0
LINE
8
BLACK
6
CONTINUOUS
10
-0.1342059842519685
20
2.3734167322834647
11
-0.1339579527559055
21
2.3735727952755905
0
LINE
8
BLACK
6
CONTINUOUS
10
-0.1339579527559055
20
2.3735727952755905
11
-0.1302084251968504
21
2.3754475590551181
0
LINE
8
BLACK
6
CONTINUOUS
10
-0.1302084251968504
20
2.3754475590551181
11
-0.1296678346456693
21
2.3756544488188975
0
LINE
8
BLACK
6
CONTINUOUS
10
-0.1296678346456693
20
2.3756544488188975
11
-0.129561968503937
21
2.3756620078740158
0
LINE
8
BLACK
6
CONTINUOUS
10
-0.129561968503937
20
2.3756620078740158
11
-0.1294639763779528
21
2.3757025590551182
0
LINE
8
BLACK
6
CONTINUOUS
10
-0.1294639763779528
20
2.3757025590551182
11
-0.1288879133858268
21
2.3757592913385825
0
LINE
8
BLACK
6
CONTINUOUS
10
-0.1288879133858268
20
2.3757592913385825
11
-0.119514094488189
21
2.3757592913385825
0
LINE
8
BLACK
6
CONTINUOUS
10
-0.119514094488189
20
2.3757592913385825
11
-0.118938031496063
21
2.3757025590551182
0
LINE
8
BLACK
6
CONTINUOUS
10
-0.118938031496063
20
2.413197874015748
11
-0.1188400393700787
21
2.4131572834645669
0
LINE
8
BLACK
6
CONTINUOUS
10
-0.1188400393700787
20
2.4131572834645669
11
-0.1187342125984252
21
2.4131497637795274
0
LINE
8
BLACK
6
CONTINUOUS
10
-0.1187342125984252
20
2.4131497637795274
11
-0.1181935826771654
21
2.4129428740157479
0
LINE
8
BLACK
6
CONTINUOUS
10
-0.1181935826771654
20
2.4129428740157479
11
-0.1144440551181102
21
2.4110681102362204
0
LINE
8
BLACK
6
CONTINUOUS
10
-0.1144440551181102
20
2.4110681102362204
11
-0.1141961811023622
21
2.4109120866141733
0
LINE
8
BLACK
6
CONTINUOUS
10
-0.1141961811023622
20
2.4109120866141733
11
-0.1141241338582677
21
2.4108822440944881
0
LINE
8
BLACK
6
CONTINUOUS
10
-0.1141241338582677
20
2.4108822440944881
11
-0.1140431102362205
21
2.4108157480314958
0
LINE
8
BLACK
6
CONTINUOUS
10
-0.1140431102362205
20
2.4108157480314958
11
-0.1139541732283465
21
2.4107597637795277
0
LINE
8
BLACK
6
CONTINUOUS
10
-0.1139541732283465
20
2.4107597637795277
11
-0.113903031496063
21
2.4107007874015749
0
LINE
8
BLACK
6
CONTINUOUS
10
-0.113903031496063
20
2.4107007874015749
11
-0.1136766929133858
21
2.4105150393700785
0
LINE
8
BLACK
6
CONTINUOUS
10
-0.1136766929133858
20
2.4105150393700785
11
-0.1118018897637795
21
2.4086402755905509
0
LINE
8
BLACK
6
CONTINUOUS
10
-0.1118018897637795
20
2.4086402755905509
11
-0.1116161417322835
21
2.4084139370078739
0
LINE
8
BLACK
6
CONTINUOUS
10
-0.1116161417322835
20
2.4084139370078739
11
-0.1115570866141732
21
2.4083627165354331
0
LINE
8
BLACK
6
CONTINUOUS
10
-0.1115570866141732
20
2.4083627165354331
11
-0.1115011023622047
21
2.4082737795275588
0
LINE
8
BLACK
6
CONTINUOUS
10
-0.1115011023622047
20
2.4082737795275588
11
-0.1114346456692913
21
2.4081927952755904
0
LINE
8
BLACK
6
CONTINUOUS
10
-0.1114346456692913
20
2.4081927952755904
11
-0.111404842519685
21
2.4081208661417324
0
LINE
8
BLACK
6
CONTINUOUS
10
-0.111404842519685
20
2.4081208661417324
11
-0.1112487401574803
21
2.4078728346456693
0
LINE
8
BLACK
6
CONTINUOUS
10
-0.1112487401574803
20
2.4078728346456693
11
-0.1093739763779528
21
2.4041233070866141
0
LINE
8
BLACK
6
CONTINUOUS
10
-0.1093739763779528
20
2.4041233070866141
11
-0.1091670866141732
21
2.4035827165354329
0
LINE
8
BLACK
6
CONTINUOUS
10
-0.1091670866141732
20
2.4035827165354329
11
-0.1091595669291339
21
2.4034768503937007
0
LINE
8
BLACK
6
CONTINUOUS
10
-0.1091595669291339
20
2.4034768503937007
11
-0.1091189763779528
21
2.4033788582677165
0
LINE
8
BLACK
6
CONTINUOUS
10
-0.1091189763779528
20
2.4033788582677165
11
-0.1090622440944882
21
2.4028027952755906
0
LINE
8
BLACK
6
CONTINUOUS
10
-0.1090622440944882
20
2.4028027952755906
11
-0.1090622440944882
21
2.3953037401574804
0
LINE
8
BLACK
6
CONTINUOUS
10
-0.1090622440944882
20
2.3953037401574804
11
-0.1091189763779528
21
2.3947276771653541
0
LINE
8
BLACK
6
CONTINUOUS
10
-0.1091189763779528
20
2.3947276771653541
11
-0.1091595669291339
21
2.3946297244094485
0
LINE
8
BLACK
6
CONTINUOUS
10
-0.1091595669291339
20
2.3946297244094485
11
-0.1091670866141732
21
2.3945238188976377
0
LINE
8
BLACK
6
CONTINUOUS
10
-0.1091670866141732
20
2.3945238188976377
11
-0.1093739763779528
21
2.3939832283464568
0
LINE
8
BLACK
6
CONTINUOUS
10
-0.1093739763779528
20
2.3939832283464568
11
-0.1112487401574803
21
2.3902337007874017
0
LINE
8
BLACK
6
CONTINUOUS
10
-0.1112487401574803
20
2.3902337007874017
11
-0.111404842519685
21
2.3899857086614174
0
LINE
8
BLACK
6
CONTINUOUS
10
-0.111404842519685
20
2.3899857086614174
11
-0.1114346456692913
21
2.3899137401574801
0
LINE
8
BLACK
6
CONTINUOUS
10
-0.1114346456692913
20
2.3899137401574801
11
-0.1115011023622047
21
2.3898327952755904
0
LINE
8
BLACK
6
CONTINUOUS
10
-0.1115011023622047
20
2.3898327952755904
11
-0.1115570866141732
21
2.3897438188976379
0
LINE
8
BLACK
6
CONTINUOUS
10
-0.1115570866141732
20
2.3897438188976379
11
-0.1116161417322835
21
2.3896926377952754
0
LINE
8
BLACK
6
CONTINUOUS
10
-0.1116161417322835
20
2.3896926377952754
11
-0.1118018897637795
21
2.3894662598425196
0
LINE
8
BLACK
6
CONTINUOUS
10
-0.1118018897637795
20
2.3894662598425196
11
-0.1136766929133858
21
2.387591496062992
0
LINE
8
BLACK
6
CONTINUOUS
10
-0.1136766929133858
20
2.387591496062992
11
-0.113903031496063
21
2.3874057874015748
0
LINE
8
BLACK
6
CONTINUOUS
10
-0.113903031496063
20
2.3874057874015748
11
-0.1139541732283465
21
2.3873467716535433
0
LINE
8
BLACK
6
CONTINUOUS
10
-0.1139541732283465
20
2.3873467716535433
11
-0.1140431102362205
21
2.3872908267716535
0
LINE
8
BLACK
6
CONTINUOUS
10
-0.1140431102362205
20
2.3872908267716535
11
-0.1141241338582677
21
2.3872242913385828
0
LINE
8
BLACK
6
CONTINUOUS
10
-0.1141241338582677
20
2.3872242913385828
11
-0.1141961811023622
21
2.3871944881889764
0
LINE
8
BLACK
6
CONTINUOUS
10
-0.1141961811023622
20
2.3871944881889764
11
-0.1144440551181102
21
2.3870384251968502
0
LINE
8
BLACK
6
CONTINUOUS
10
-0.1144440551181102
20
2.3870384251968502
11
-0.1181935826771654
21
2.3851636614173226
0
LINE
8
BLACK
6
CONTINUOUS
10
-0.1181935826771654
20
2.3851636614173226
11
-0.1187342125984252
21
2.3849567716535431
0
LINE
8
BLACK
6
CONTINUOUS
10
-0.1187342125984252
20
2.3849567716535431
11
-0.1188400393700787
21
2.3849492913385828
0
LINE
8
BLACK
6
CONTINUOUS
10
-0.1188400393700787
20
2.3849492913385828
11
-0.118938031496063
21
2.3849086614173229
0
LINE
8
BLACK
6
CONTINUOUS
10
-0.118938031496063
20
2.3849086614173229
11
-0.119514094488189
21
2.3848519291338581
0
LINE
8
BLACK
6
CONTINUOUS
10
-0.119514094488189
20
2.3848519291338581
11
-0.1345122047244094
21
2.3848519291338581
0
LINE
8
BLACK
6
CONTINUOUS
10
-0.1345122047244094
20
2.3848519291338581
11
-0.1346127559055118
21
2.3848618503937007
0
LINE
8
BLACK
6
CONTINUOUS
10
-0.1346127559055118
20
2.3848618503937007
11
-0.134655748031496
21
2.3848554330708662
0
LINE
8
BLACK
6
CONTINUOUS
10
-0.134655748031496
20
2.3848554330708662
11
-0.1348712598425197
21
2.3848873228346457
0
LINE
8
BLACK
6
CONTINUOUS
10
-0.1348712598425197
20
2.3848873228346457
11
-0.1350882677165354
21
2.3849086614173229
0
LINE
8
BLACK
6
CONTINUOUS
10
-0.1350882677165354
20
2.3849086614173229
11
-0.1351285039370079
21
2.38492531496063
0
LINE
8
BLACK
6
CONTINUOUS
10
-0.1351285039370079
20
2.38492531496063
11
-0.1352283464566929
21
2.3849400787401573
0
LINE
8
BLACK
6
CONTINUOUS
10
-0.1352283464566929
20
2.3849400787401573
11
-0.1427274015748032
21
2.3868148425196849
0
LINE
8
BLACK
6
CONTINUOUS
10
-0.1427274015748032
20
2.3868148425196849
11
-0.1430669291338583
21
2.3869361811023619
0
LINE
8
BLACK
6
CONTINUOUS
10
-0.1430669291338583
20
2.3869361811023619
11
-0.1431383464566929
21
2.386950275590551
0
LINE
8
BLACK
6
CONTINUOUS
10
-0.1431383464566929
20
2.386950275590551
11
-0.1432031496062992
21
2.3869848425196851
0
LINE
8
BLACK
6
CONTINUOUS
10
-0.1432031496062992
20
2.3869848425196851
11
-0.1432725196850394
21
2.3870096062992125
0
LINE
8
BLACK
6
CONTINUOUS
10
-0.1432725196850394
20
2.3870096062992125
11
-0.1433312598425197
21
2.3870531496062992
0
LINE
8
BLACK
6
CONTINUOUS
10
-0.1433312598425197
20
2.3870531496062992
11
-0.1436491338582677
21
2.3872225984251969
0
LINE
8
BLACK
6
CONTINUOUS
10
-0.1436491338582677
20
2.3872225984251969
11
-0.1492734645669291
21
2.390972125984252
0
LINE
8
BLACK
6
CONTINUOUS
10
-0.1492734645669291
20
2.390972125984252
11
-0.1492751574803149
21
2.3909735039370079
0
LINE
8
BLACK
6
CONTINUOUS
10
-0.1492751574803149
20
2.3909735039370079
11
-0.1492760236220472
21
2.3909738582677167
0
LINE
8
BLACK
6
CONTINUOUS
10
-0.1492760236220472
20
2.3909738582677167
11
-0.1494913385826772
21
2.391150590551181
0
LINE
8
BLACK
6
CONTINUOUS
10
-0.1494913385826772
20
2.391150590551181
11
-0.1497212992125984
21
2.3913388976377954
0
LINE
8
BLACK
6
CONTINUOUS
10
-0.1497212992125984
20
2.3913388976377954
11
-0.1497218897637795
21
2.3913397637795275
0
LINE
8
BLACK
6
CONTINUOUS
10
-0.1497218897637795
20
2.3913397637795275
11
-0.1497234645669291
21
2.3913410629921259
0
LINE
8
BLACK
6
CONTINUOUS
10
-0.1497234645669291
20
2.3913410629921259
11
-0.1515982283464567
21
2.3932158267716535
0
LINE
8
BLACK
6
CONTINUOUS
10
-0.1515982283464567
20
2.3932158267716535
11
-0.1517840157480315
21
2.3934422047244093
0
LINE
8
BLACK
6
CONTINUOUS
10
-0.1517840157480315
20
2.3934422047244093
11
-0.1518429921259843
21
2.393493346456693
0
LINE
8
BLACK
6
CONTINUOUS
10
-0.1518429921259843
20
2.393493346456693
11
-0.1518989763779527
21
2.3935823228346456
0
LINE
8
BLACK
6
CONTINUOUS
10
-0.1518989763779527
20
2.3935823228346456
11
-0.1519654330708661
21
2.3936632677165353
0
LINE
8
BLACK
6
CONTINUOUS
10
-0.1519654330708661
20
2.3936632677165353
11
-0.1519952755905512
21
2.3937352362204725
0
LINE
8
BLACK
6
CONTINUOUS
10
-0.1519952755905512
20
2.3937352362204725
11
-0.1521513385826772
21
2.3939832283464568
0
LINE
8
BLACK
6
CONTINUOUS
10
-0.1521513385826772
20
2.3939832283464568
11
-0.1540261023622047
21
2.3977327559055119
0
LINE
8
BLACK
6
CONTINUOUS
10
-0.1540261023622047
20
2.3977327559055119
11
-0.1542329921259842
21
2.3982733858267715
0
LINE
8
BLACK
6
CONTINUOUS
10
-0.1542329921259842
20
2.3982733858267715
11
-0.1542405118110236
21
2.3983792125984253
0
LINE
8
BLACK
6
CONTINUOUS
10
-0.1542405118110236
20
2.3983792125984253
11
-0.1542811023622047
21
2.3984772047244092
0
LINE
8
BLACK
6
CONTINUOUS
10
-0.1542811023622047
20
2.3984772047244092
11
-0.1543378346456693
21
2.3990532677165355
0
LINE
8
BLACK
6
CONTINUOUS
10
-0.1543378346456693
20
2.3990532677165355
11
-0.1543378346456693
21
2.4065523228346457
0
LINE
8
BLACK
6
CONTINUOUS
10
-0.1543378346456693
20
2.4065523228346457
11
-0.1542811023622047
21
2.4071283858267716
0
LINE
8
BLACK
6
CONTINUOUS
10
-0.1542811023622047
20
2.4071283858267716
11
-0.1538401968503937
21
2.4081927952755904
0
LINE
8
BLACK
6
CONTINUOUS
10
-0.1538401968503937
20
2.4081927952755904
11
-0.1530255511811024
21
2.4090074409448818
0
LINE
8
BLACK
6
CONTINUOUS
10
-0.1530255511811024
20
2.4090074409448818
11
-0.1519611417322835
21
2.4094483464566929
0
LINE
8
BLACK
6
CONTINUOUS
10
-0.1519611417322835
20
2.4094483464566929
11
-0.1508090157480315
21
2.4094483464566929
0
LINE
8
BLACK
6
CONTINUOUS
10
-0.1508090157480315
20
2.4094483464566929
11
-0.1497446062992126
21
2.4090074409448818
0
LINE
8
BLACK
6
CONTINUOUS
10
-0.1497446062992126
20
2.4090074409448818
11
-0.1489299606299213
21
2.4081927952755904
0
LINE
8
BLACK
6
CONTINUOUS
10
-0.1489299606299213
20
2.4081927952755904
11
-0.1484890551181102
21
2.4071283858267716
0
LINE
8
BLACK
6
CONTINUOUS
10
-0.1484890551181102
20
2.4071283858267716
11
-0.1484323228346457
21
2.4065523228346457
0
LINE
8
BLACK
6
CONTINUOUS
10
-0.1484323228346457
20
2.4065523228346457
11
-0.1484323228346457
21
2.3997503149606301
0
LINE
8
BLACK
6
CONTINUOUS
10
-0.1484323228346457
20
2.3997503149606301
11
-0.1470835826771653
21
2.3970528346456694
0
LINE
8
BLACK
6
CONTINUOUS
10
-0.1470835826771653
20
2.3970528346456694
11
-0.1457544488188976
21
2.3957237007874017
0
LINE
8
BLACK
6
CONTINUOUS
10
-0.1457544488188976
20
2.3957237007874017
11
-0.1407988976377953
21
2.39242
0
LINE
8
BLACK
6
CONTINUOUS
10
-0.1407988976377953
20
2.39242
11
-0.1378817322834646
21
2.3916907086614172
0
LINE
8
BLACK
6
CONTINUOUS
10
-0.1378817322834646
20
2.3916907086614172
11
-0.1390279921259842
21
2.3939832283464568
0
LINE
8
BLACK
6
CONTINUOUS
10
-0.1390279921259842
20
2.3939832283464568
11
-0.1392348818897638
21
2.3945238582677164
0
LINE
8
BLACK
6
CONTINUOUS
10
-0.1392348818897638
20
2.3945238582677164
11
-0.1392424015748031
21
2.3946296850393702
0
LINE
8
BLACK
6
CONTINUOUS
10
-0.1392424015748031
20
2.3946296850393702
11
-0.1392829921259842
21
2.3947276771653541
0
LINE
8
BLACK
6
CONTINUOUS
10
-0.1392829921259842
20
2.3947276771653541
11
-0.1393397244094488
21
2.3953037401574804
0
LINE
8
BLACK
6
CONTINUOUS
10
-0.1393397244094488
20
2.3953037401574804
11
-0.1393397244094488
21
2.4028027952755906
0
LINE
8
BLACK
6
CONTINUOUS
10
-0.1393397244094488
20
2.4028027952755906
11
-0.1392829921259842
21
2.4033788582677165
0
LINE
8
BLACK
6
CONTINUOUS
10
-0.1392829921259842
20
2.4033788582677165
11
-0.1392424015748031
21
2.4034768897637795
0
LINE
8
BLACK
6
CONTINUOUS
10
-0.1392424015748031
20
2.4034768897637795
11
-0.1392348818897638
21
2.4035826771653541
0
LINE
8
BLACK
6
CONTINUOUS
10
-0.1392348818897638
20
2.4035826771653541
11
-0.1390279921259842
21
2.4041233070866141
0
LINE
8
BLACK
6
CONTINUOUS
10
-0.1390279921259842
20
2.4041233070866141
11
-0.1371532283464567
21
2.4078728346456693
0
LINE
8
BLACK
6
CONTINUOUS
10
-0.1371532283464567
20
2.4078728346456693
11
-0.1369971653543307
21
2.4081208661417324
0
LINE
8
BLACK
6
CONTINUOUS
10
-0.1369971653543307
20
2.4081208661417324
11
-0.1369673228346457
21
2.4081927952755904
0
LINE
8
BLACK
6
CONTINUOUS
10
-0.1369673228346457
20
2.4081927952755904
11
-0.1369008661417323
21
2.4082737795275588
0
LINE
8
BLACK
6
CONTINUOUS
10
-0.1369008661417323
20
2.4082737795275588
11
-0.1368448818897638
21
2.4083627165354331
0
LINE
8
BLACK
6
CONTINUOUS
10
-0.1368448818897638
20
2.4083627165354331
11
-0.136785905511811
21
2.4084138976377951
0
LINE
8
BLACK
6
CONTINUOUS
10
-0.136785905511811
20
2.4084138976377951
11
-0.1366001181102362
21
2.4086402362204722
0
LINE
8
BLACK
6
CONTINUOUS
10
-0.1366001181102362
20
2.4086402362204722
11
-0.1347253543307086
21
2.4105149999999997
0
LINE
8
BLACK
6
CONTINUOUS
10
-0.1347253543307086
20
2.4105149999999997
11
-0.1344990157480315
21
2.4107007874015749
0
LINE
8
BLACK
6
CONTINUOUS
10
-0.1344990157480315
20
2.4107007874015749
11
-0.1344478346456693
21
2.4107597637795277
0
LINE
8
BLACK
6
CONTINUOUS
10
-0.1344478346456693
20
2.4107597637795277
11
-0.1343588976377953
21
2.4108157480314958
0
LINE
8
BLACK
6
CONTINUOUS
10
-0.1343588976377953
20
2.4108157480314958
11
-0.1342779133858268
21
2.4108822047244094
0
LINE
8
BLACK
6
CONTINUOUS
10
-0.1342779133858268
20
2.4108822047244094
11
-0.1342059842519685
21
2.4109120472440946
0
LINE
8
BLACK
6
CONTINUOUS
10
-0.1342059842519685
20
2.4109120472440946
11
-0.1339579527559055
21
2.4110681102362204
0
LINE
8
BLACK
6
CONTINUOUS
10
-0.1339579527559055
20
2.4110681102362204
11
-0.1302084251968504
21
2.4129428740157479
0
LINE
8
BLACK
6
CONTINUOUS
10
-0.1302084251968504
20
2.4129428740157479
11
-0.1296678346456693
21
2.4131497637795274
0
LINE
8
BLACK
6
CONTINUOUS
10
-0.1296678346456693
20
2.4131497637795274
11
-0.129561968503937
21
2.4131573228346457
0
LINE
8
BLACK
6
CONTINUOUS
10
-0.129561968503937
20
2.4131573228346457
11
-0.1294639763779528
21
2.413197874015748
0
LINE
8
BLACK
6
CONTINUOUS
10
-0.1294639763779528
20
2.413197874015748
11
-0.1288879133858268
21
2.4132546062992124
0
LINE
8
BLACK
6
CONTINUOUS
10
-0.1288879133858268
20
2.4132546062992124
11
-0.119514094488189
21
2.4132546062992124
0
LINE
8
BLACK
6
CONTINUOUS
10
-0.119514094488189
20
2.4132546062992124
11
-0.118938031496063
21
2.413197874015748
0
LINE
8
BLACK
6
CONTINUOUS
10
-0.1308883464566929
20
2.4060003543307085
11
-0.1320854724409449
21
2.4048032283464567
0
LINE
8
BLACK
6
CONTINUOUS
10
-0.1320854724409449
20
2.4048032283464567
11
-0.1334342125984252
21
2.402105748031496
0
LINE
8
BLACK
6
CONTINUOUS
10
-0.1334342125984252
20
2.402105748031496
11
-0.1334342125984252
21
2.396000787401575
0
LINE
8
BLACK
6
CONTINUOUS
10
-0.1334342125984252
20
2.396000787401575
11
-0.1320854724409449
21
2.3933033070866143
0
LINE
8
BLACK
6
CONTINUOUS
10
-0.1320854724409449
20
2.3933033070866143
11
-0.1308883464566929
21
2.3921061811023621
0
LINE
8
BLACK
6
CONTINUOUS
10
-0.1308883464566929
20
2.3921061811023621
11
-0.1281908661417323
21
2.3907574409448817
0
LINE
8
BLACK
6
CONTINUOUS
10
-0.1281908661417323
20
2.3907574409448817
11
-0.1202111417322835
21
2.3907574409448817
0
LINE
8
BLACK
6
CONTINUOUS
10
-0.1202111417322835
20
2.3907574409448817
11
-0.1175136614173228
21
2.3921062204724408
0
LINE
8
BLACK
6
CONTINUOUS
10
-0.1175136614173228
20
2.3921062204724408
11
-0.1163164960629921
21
2.3933033464566931
0
LINE
8
BLACK
6
CONTINUOUS
10
-0.1163164960629921
20
2.3933033464566931
11
-0.1149677559055118
21
2.396000787401575
0
LINE
8
BLACK
6
CONTINUOUS
10
-0.1149677559055118
20
2.396000787401575
11
-0.1149677559055118
21
2.402105748031496
0
LINE
8
BLACK
6
CONTINUOUS
10
-0.1149677559055118
20
2.402105748031496
11
-0.1163164960629921
21
2.4048032283464567
0
LINE
8
BLACK
6
CONTINUOUS
10
-0.1163164960629921
20
2.4048032283464567
11
-0.1175136614173228
21
2.4060003543307085
0
LINE
8
BLACK
6
CONTINUOUS
10
-0.1175136614173228
20
2.4060003543307085
11
-0.1202111417322835
21
2.4073490944881888
0
LINE
8
BLACK
6
CONTINUOUS
10
-0.1202111417322835
20
2.4073490944881888
11
-0.1281908661417323
21
2.4073490944881888
0
LINE
8
BLACK
6
CONTINUOUS
10
-0.1281908661417323
20
2.4073490944881888
11
-0.1308883464566929
21
2.4060003543307085
0
LINE
8
BLACK
6
CONTINUOUS
10
-0.063916968503937
20
2.413225905511811
11
-0.0638392125984252
21
2.4132314173228346
0
LINE
8
BLACK
6
CONTINUOUS
10
-0.0638392125984252
20
2.4132314173228346
11
-0.063736968503937
21
2.4132081889763777
0
LINE
8
BLACK
6
CONTINUOUS
10
-0.063736968503937
20
2.4132081889763777
11
-0.0636324409448819
21
2.413197874015748
0
LINE
8
BLACK
6
CONTINUOUS
10
-0.0636324409448819
20
2.413197874015748
11
-0.0635603543307087
21
2.4131680314960628
0
LINE
8
BLACK
6
CONTINUOUS
10
-0.0635603543307087
20
2.4131680314960628
11
-0.0632747637795276
21
2.4131030708661418
0
LINE
8
BLACK
6
CONTINUOUS
10
-0.0632747637795276
20
2.4131030708661418
11
-0.0576504724409449
21
2.4112283070866143
0
LINE
8
BLACK
6
CONTINUOUS
10
-0.0576504724409449
20
2.4112283070866143
11
-0.0571219291338583
21
2.4109923228346455
0
LINE
8
BLACK
6
CONTINUOUS
10
-0.0571219291338583
20
2.4109923228346455
11
-0.0570418503937008
21
2.410922874015748
0
LINE
8
BLACK
6
CONTINUOUS
10
-0.0570418503937008
20
2.410922874015748
11
-0.0569437795275591
21
2.4108822440944881
0
LINE
8
BLACK
6
CONTINUOUS
10
-0.0569437795275591
20
2.4108822440944881
11
-0.0564962992125984
21
2.4105149999999997
0
LINE
8
BLACK
6
CONTINUOUS
10
-0.0564962992125984
20
2.4105149999999997
11
-0.0527467322834646
21
2.4067654724409446
0
LINE
8
BLACK
6
CONTINUOUS
10
-0.0527467322834646
20
2.4067654724409446
11
-0.0523794881889764
21
2.4063180314960628
0
LINE
8
BLACK
6
CONTINUOUS
10
-0.0523794881889764
20
2.4063180314960628
11
-0.0523388976377953
21
2.4062199999999998
0
LINE
8
BLACK
6
CONTINUOUS
10
-0.0523388976377953
20
2.4062199999999998
11
-0.0522694094488189
21
2.4061398818897639
0
LINE
8
BLACK
6
CONTINUOUS
10
-0.0522694094488189
20
2.4061398818897639
11
-0.0520334251968504
21
2.4056112992125982
0
LINE
8
BLACK
6
CONTINUOUS
10
-0.0520334251968504
20
2.4056112992125982
11
-0.0501586614173228
21
2.3999870472440943
0
LINE
8
BLACK
6
CONTINUOUS
10
-0.0501586614173228
20
2.3999870472440943
11
-0.0500937401574803
21
2.3997014173228344
0
LINE
8
BLACK
6
CONTINUOUS
10
-0.0500937401574803
20
2.3997014173228344
11
-0.0500638582677165
21
2.3996293307086614
0
LINE
8
BLACK
6
CONTINUOUS
10
-0.0500638582677165
20
2.3996293307086614
11
-0.0500535826771654
21
2.3995248818897639
0
LINE
8
BLACK
6
CONTINUOUS
10
-0.0500535826771654
20
2.3995248818897639
11
-0.0500303149606299
21
2.3994225984251969
0
LINE
8
BLACK
6
CONTINUOUS
10
-0.0500303149606299
20
2.3994225984251969
11
-0.0500358661417323
21
2.3993448818897636
0
LINE
8
BLACK
6
CONTINUOUS
10
-0.0500358661417323
20
2.3993448818897636
11
-0.050007125984252
21
2.3990532677165355
0
LINE
8
BLACK
6
CONTINUOUS
10
-0.050007125984252
20
2.3990532677165355
11
-0.050007125984252
21
2.3953037401574804
0
LINE
8
BLACK
6
CONTINUOUS
10
-0.050007125984252
20
2.3953037401574804
11
-0.0500638582677165
21
2.3947276771653541
0
LINE
8
BLACK
6
CONTINUOUS
10
-0.0500638582677165
20
2.3947276771653541
11
-0.0505047637795276
21
2.3936632677165353
0
LINE
8
BLACK
6
CONTINUOUS
10
-0.0505047637795276
20
2.3936632677165353
11
-0.0513194094488189
21
2.3928486220472442
0
LINE
8
BLACK
6
CONTINUOUS
10
-0.0513194094488189
20
2.3928486220472442
11
-0.0523838188976378
21
2.3924077165354332
0
LINE
8
BLACK
6
CONTINUOUS
10
-0.0523838188976378
20
2.3924077165354332
11
-0.0535359448818898
21
2.3924077165354332
0
LINE
8
BLACK
6
CONTINUOUS
10
-0.0535359448818898
20
2.3924077165354332
11
-0.0546003543307087
21
2.3928486220472442
0
LINE
8
BLACK
6
CONTINUOUS
10
-0.0546003543307087
20
2.3928486220472442
11
-0.055415
21
2.3936632677165353
0
LINE
8
BLACK
6
CONTINUOUS
10
-0.055415
20
2.3936632677165353
11
-0.055855905511811
21
2.3947276771653541
0
LINE
8
BLACK
6
CONTINUOUS
10
-0.055855905511811
20
2.3947276771653541
11
-0.0559126377952756
21
2.3953037401574804
0
LINE
8
BLACK
6
CONTINUOUS
10
-0.0559126377952756
20
2.3953037401574804
11
-0.0559126377952756
21
2.3985741338582676
0
LINE
8
BLACK
6
CONTINUOUS
10
-0.0559126377952756
20
2.3985741338582676
11
-0.0574154330708661
21
2.4030825196850394
0
LINE
8
BLACK
6
CONTINUOUS
10
-0.0574154330708661
20
2.4030825196850394
11
-0.0601792519685039
21
2.4058462992125982
0
LINE
8
BLACK
6
CONTINUOUS
10
-0.0601792519685039
20
2.4058462992125982
11
-0.0646876377952756
21
2.4073490944881888
0
LINE
8
BLACK
6
CONTINUOUS
10
-0.0646876377952756
20
2.4073490944881888
11
-0.0923299606299213
21
2.4073490944881888
0
LINE
8
BLACK
6
CONTINUOUS
10
-0.0923299606299213
20
2.4073490944881888
11
-0.0929060236220472
21
2.4074058267716536
0
LINE
8
BLACK
6
CONTINUOUS
10
-0.0929060236220472
20
2.4074058267716536
11
-0.0939704330708661
21
2.4078467322834647
0
LINE
8
BLACK
6
CONTINUOUS
10
-0.0939704330708661
20
2.4078467322834647
11
-0.0947850787401575
21
2.4086613779527557
0
LINE
8
BLACK
6
CONTINUOUS
10
-0.0947850787401575
20
2.4086613779527557
11
-0.0952259842519685
21
2.4097257874015749
0
LINE
8
BLACK
6
CONTINUOUS
10
-0.0952259842519685
20
2.4097257874015749
11
-0.0952259842519685
21
2.4108779133858267
0
LINE
8
BLACK
6
CONTINUOUS
10
-0.0952259842519685
20
2.4108779133858267
11
-0.0947850787401575
21
2.4119423228346455
0
LINE
8
BLACK
6
CONTINUOUS
10
-0.0947850787401575
20
2.4119423228346455
11
-0.0939704330708661
21
2.4127569685039369
0
LINE
8
BLACK
6
CONTINUOUS
10
-0.0939704330708661
20
2.4127569685039369
11
-0.0929060236220472
21
2.413197874015748
0
LINE
8
BLACK
6
CONTINUOUS
10
-0.0929060236220472
20
2.413197874015748
11
-0.0923299606299213
21
2.4132546062992124
0
LINE
8
BLACK
6
CONTINUOUS
10
-0.0923299606299213
20
2.4132546062992124
11
-0.0642085039370079
21
2.4132546062992124
0
LINE
8
BLACK
6
CONTINUOUS
10
-0.0642085039370079
20
2.4132546062992124
11
-0.063916968503937
21
2.413225905511811
0
LINE
8
BLACK
6
CONTINUOUS
10
-0.0513194094488189
20
2.4521270472440944
11
-0.0505047637795276
21
2.4513124015748029
0
LINE
8
BLACK
6
CONTINUOUS
10
-0.0505047637795276
20
2.4513124015748029
11
-0.0500638582677165
21
2.4502479921259841
0
LINE
8
BLACK
6
CONTINUOUS
10
-0.0500638582677165
20
2.4502479921259841
11
-0.050007125984252
21
2.4496719291338582
0
LINE
8
BLACK
6
CONTINUOUS
10
-0.050007125984252
20
2.4496719291338582
11
-0.050007125984252
21
2.4271747637795276
0
LINE
8
BLACK
6
CONTINUOUS
10
-0.050007125984252
20
2.4271747637795276
11
-0.0500638582677165
21
2.4265987007874017
0
LINE
8
BLACK
6
CONTINUOUS
10
-0.0500638582677165
20
2.4265987007874017
11
-0.0505047637795276
21
2.4255342913385824
0
LINE
8
BLACK
6
CONTINUOUS
10
-0.0505047637795276
20
2.4255342913385824
11
-0.0513194094488189
21
2.4247196456692914
0
LINE
8
BLACK
6
CONTINUOUS
10
-0.0513194094488189
20
2.4247196456692914
11
-0.0523838188976378
21
2.4242787401574803
0
LINE
8
BLACK
6
CONTINUOUS
10
-0.0523838188976378
20
2.4242787401574803
11
-0.0535359448818898
21
2.4242787401574803
0
LINE
8
BLACK
6
CONTINUOUS
10
-0.0535359448818898
20
2.4242787401574803
11
-0.0546003543307087
21
2.4247196456692914
0
LINE
8
BLACK
6
CONTINUOUS
10
-0.0546003543307087
20
2.4247196456692914
11
-0.055415
21
2.4255342913385824
0
LINE
8
BLACK
6
CONTINUOUS
10
-0.055415
20
2.4255342913385824
11
-0.055855905511811
21
2.4265987007874017
0
LINE
8
BLACK
6
CONTINUOUS
10
-0.055855905511811
20
2.4265987007874017
11
-0.0559126377952756
21
2.4271747637795276
0
LINE
8
BLACK
6
CONTINUOUS
10
-0.0559126377952756
20
2.4271747637795276
11
-0.0559126377952756
21
2.4354705905511809
0
LINE
8
BLACK
6
CONTINUOUS
10
-0.0559126377952756
20
2.4354705905511809
11
-0.0833266141732283
21
2.4354705905511809
0
LINE
8
BLACK
6
CONTINUOUS
10
-0.0833266141732283
20
2.4354705905511809
11
-0.0808682283464567
21
2.4330122047244096
0
LINE
8
BLACK
6
CONTINUOUS
10
-0.0808682283464567
20
2.4330122047244096
11
-0.0806824015748032
21
2.4327858267716533
0
LINE
8
BLACK
6
CONTINUOUS
10
-0.0806824015748032
20
2.4327858267716533
11
-0.0806234645669291
21
2.4327346850393701
0
LINE
8
BLACK
6
CONTINUOUS
10
-0.0806234645669291
20
2.4327346850393701
11
-0.0805675984251969
21
2.4326459448818896
0
LINE
8
BLACK
6
CONTINUOUS
10
-0.0805675984251969
20
2.4326459448818896
11
-0.0805009842519685
21
2.4325647637795274
0
LINE
8
BLACK
6
CONTINUOUS
10
-0.0805009842519685
20
2.4325647637795274
11
-0.0804711417322835
21
2.4324926377952756
0
LINE
8
BLACK
6
CONTINUOUS
10
-0.0804711417322835
20
2.4324926377952756
11
-0.0803151181102362
21
2.4322448031496062
0
LINE
8
BLACK
6
CONTINUOUS
10
-0.0803151181102362
20
2.4322448031496062
11
-0.0784403543307087
21
2.4284952755905511
0
LINE
8
BLACK
6
CONTINUOUS
10
-0.0784403543307087
20
2.4284952755905511
11
-0.0782334645669291
21
2.4279546850393698
0
LINE
8
BLACK
6
CONTINUOUS
10
-0.0782334645669291
20
2.4279546850393698
11
-0.0781518110236221
21
2.4268054724409449
0
LINE
8
BLACK
6
CONTINUOUS
10
-0.0781518110236221
20
2.4268054724409449
11
-0.0785161417322835
21
2.4257124803149606
0
LINE
8
BLACK
6
CONTINUOUS
10
-0.0785161417322835
20
2.4257124803149606
11
-0.0792709842519685
21
2.4248421259842519
0
LINE
8
BLACK
6
CONTINUOUS
10
-0.0792709842519685
20
2.4248421259842519
11
-0.0803014960629921
21
2.4243268503937005
0
LINE
8
BLACK
6
CONTINUOUS
10
-0.0803014960629921
20
2.4243268503937005
11
-0.0814507086614173
21
2.4242451968503937
0
LINE
8
BLACK
6
CONTINUOUS
10
-0.0814507086614173
20
2.4242451968503937
11
-0.0825436614173228
21
2.4246095275590549
0
LINE
8
BLACK
6
CONTINUOUS
10
-0.0825436614173228
20
2.4246095275590549
11
-0.0834140551181102
21
2.4253643700787402
0
LINE
8
BLACK
6
CONTINUOUS
10
-0.0834140551181102
20
2.4253643700787402
11
-0.0837224015748032
21
2.425854251968504
0
LINE
8
BLACK
6
CONTINUOUS
10
-0.0837224015748032
20
2.425854251968504
11
-0.085382874015748
21
2.4291751968503936
0
LINE
8
BLACK
6
CONTINUOUS
10
-0.085382874015748
20
2.4291751968503936
11
-0.0885868503937008
21
2.4323791732283464
0
LINE
8
BLACK
6
CONTINUOUS
10
-0.0885868503937008
20
2.4323791732283464
11
-0.093967874015748
21
2.4359664960629921
0
LINE
8
BLACK
6
CONTINUOUS
10
-0.093967874015748
20
2.4359664960629921
11
-0.0939695669291339
21
2.435967874015748
0
LINE
8
BLACK
6
CONTINUOUS
10
-0.0939695669291339
20
2.435967874015748
11
-0.0939704330708661
21
2.4359682283464568
0
LINE
8
BLACK
6
CONTINUOUS
10
-0.0939704330708661
20
2.4359682283464568
11
-0.0939724803149606
21
2.435970275590551
0
LINE
8
BLACK
6
CONTINUOUS
10
-0.0939724803149606
20
2.435970275590551
11
-0.0944157086614173
21
2.4363332677165355
0
LINE
8
BLACK
6
CONTINUOUS
10
-0.0944157086614173
20
2.4363332677165355
11
-0.0945783858267717
21
2.4365761811023621
0
LINE
8
BLACK
6
CONTINUOUS
10
-0.0945783858267717
20
2.4365761811023621
11
-0.0947850787401575
21
2.4367828740157478
0
LINE
8
BLACK
6
CONTINUOUS
10
-0.0947850787401575
20
2.4367828740157478
11
-0.0948958267716535
21
2.4370501968503935
0
LINE
8
BLACK
6
CONTINUOUS
10
-0.0948958267716535
20
2.4370501968503935
11
-0.0950567716535433
21
2.4372905511811025
0
LINE
8
BLACK
6
CONTINUOUS
10
-0.0950567716535433
20
2.4372905511811025
11
-0.0951141338582677
21
2.4375772047244095
0
LINE
8
BLACK
6
CONTINUOUS
10
-0.0951141338582677
20
2.4375772047244095
11
-0.0952259842519685
21
2.437847283464567
0
LINE
8
BLACK
6
CONTINUOUS
10
-0.0952259842519685
20
2.437847283464567
11
-0.0952259842519685
21
2.4381366141732284
0
LINE
8
BLACK
6
CONTINUOUS
10
-0.0952259842519685
20
2.4381366141732284
11
-0.0952827165354331
21
2.4384202362204723
0
LINE
8
BLACK
6
CONTINUOUS
10
-0.0952827165354331
20
2.4384202362204723
11
-0.0952259842519685
21
2.4387070472440944
0
LINE
8
BLACK
6
CONTINUOUS
10
-0.0952259842519685
20
2.4387070472440944
11
-0.0952259842519685
21
2.4389994094488188
0
LINE
8
BLACK
6
CONTINUOUS
10
-0.0952259842519685
20
2.4389994094488188
11
-0.0951152755905512
21
2.4392666929133857
0
LINE
8
BLACK
6
CONTINUOUS
10
-0.0951152755905512
20
2.4392666929133857
11
-0.0950591338582677
21
2.4395504724409447
0
LINE
8
BLACK
6
CONTINUOUS
10
-0.0950591338582677
20
2.4395504724409447
11
-0.094896968503937
21
2.4397937401574801
0
LINE
8
BLACK
6
CONTINUOUS
10
-0.094896968503937
20
2.4397937401574801
11
-0.0947850787401575
21
2.4400638188976376
0
LINE
8
BLACK
6
CONTINUOUS
10
-0.0947850787401575
20
2.4400638188976376
11
-0.0945805511811024
21
2.4402683858267715
0
LINE
8
BLACK
6
CONTINUOUS
10
-0.0945805511811024
20
2.4402683858267715
11
-0.0944200393700787
21
2.4405090944881889
0
LINE
8
BLACK
6
CONTINUOUS
10
-0.0944200393700787
20
2.4405090944881889
11
-0.0941771653543307
21
2.4406717716535433
0
LINE
8
BLACK
6
CONTINUOUS
10
-0.0941771653543307
20
2.4406717716535433
11
-0.0939704330708661
21
2.440878464566929
0
LINE
8
BLACK
6
CONTINUOUS
10
-0.0939704330708661
20
2.440878464566929
11
-0.0937031496062992
21
2.4409892125984252
0
LINE
8
BLACK
6
CONTINUOUS
10
-0.0937031496062992
20
2.4409892125984252
11
-0.0934627559055118
21
2.4411501574803149
0
LINE
8
BLACK
6
CONTINUOUS
10
-0.0934627559055118
20
2.4411501574803149
11
-0.0931761417322835
21
2.4412075196850394
0
LINE
8
BLACK
6
CONTINUOUS
10
-0.0931761417322835
20
2.4412075196850394
11
-0.0929060236220472
21
2.4413193700787401
0
LINE
8
BLACK
6
CONTINUOUS
10
-0.0929060236220472
20
2.4413193700787401
11
-0.0923361023622047
21
2.4413755118110236
0
LINE
8
BLACK
6
CONTINUOUS
10
-0.0923361023622047
20
2.4413755118110236
11
-0.0923330708661417
21
2.4413761023622045
0
LINE
8
BLACK
6
CONTINUOUS
10
-0.0923330708661417
20
2.4413761023622045
11
-0.0923320472440945
21
2.4413759055118112
0
LINE
8
BLACK
6
CONTINUOUS
10
-0.0923320472440945
20
2.4413759055118112
11
-0.0923299606299213
21
2.4413761023622045
0
LINE
8
BLACK
6
CONTINUOUS
10
-0.0923299606299213
20
2.4413761023622045
11
-0.0559126377952756
21
2.4413761023622045
0
LINE
8
BLACK
6
CONTINUOUS
10
-0.0559126377952756
20
2.4413761023622045
11
-0.0559126377952756
21
2.4496719291338582
0
LINE
8
BLACK
6
CONTINUOUS
10
-0.0559126377952756
20
2.4496719291338582
11
-0.055855905511811
21
2.4502479921259841
0
LINE
8
BLACK
6
CONTINUOUS
10
-0.055855905511811
20
2.4502479921259841
11
-0.055415
21
2.4513124015748029
0
LINE
8
BLACK
6
CONTINUOUS
10
-0.055415
20
2.4513124015748029
11
-0.0546003543307087
21
2.4521270472440944
0
LINE
8
BLACK
6
CONTINUOUS
10
-0.0546003543307087
20
2.4521270472440944
11
-0.0535359448818898
21
2.4525679527559054
0
LINE
8
BLACK
6
CONTINUOUS
10
-0.0535359448818898
20
2.4525679527559054
11
-0.0523838188976378
21
2.4525679527559054
0
LINE
8
BLACK
6
CONTINUOUS
10
-0.0523838188976378
20
2.4525679527559054
11
-0.0513194094488189
21
2.4521270472440944
0
LINE
8
BLACK
6
CONTINUOUS
10
-0.1253726771653543
20
2.4596261023622046
11
-0.124558031496063
21
2.4588114566929131
0
LINE
8
BLACK
6
CONTINUOUS
10
-0.124558031496063
20
2.4588114566929131
11
-0.124117125984252
21
2.4577470472440943
0
LINE
8
BLACK
6
CONTINUOUS
10
-0.124117125984252
20
2.4577470472440943
11
-0.1240603937007874
21
2.4571709842519684
0
LINE
8
BLACK
6
CONTINUOUS
10
-0.1240603937007874
20
2.4571709842519684
11
-0.1240603937007874
21
2.4271747637795276
0
LINE
8
BLACK
6
CONTINUOUS
10
-0.1240603937007874
20
2.4271747637795276
11
-0.124117125984252
21
2.4265987007874017
0
LINE
8
BLACK
6
CONTINUOUS
10
-0.124117125984252
20
2.4265987007874017
11
-0.124558031496063
21
2.4255342913385824
0
LINE
8
BLACK
6
CONTINUOUS
10
-0.124558031496063
20
2.4255342913385824
11
-0.1253726771653543
21
2.4247196456692914
0
LINE
8
BLACK
6
CONTINUOUS
10
-0.1253726771653543
20
2.4247196456692914
11
-0.1264370866141732
21
2.4242787401574803
0
LINE
8
BLACK
6
CONTINUOUS
10
-0.1264370866141732
20
2.4242787401574803
11
-0.1275892125984252
21
2.4242787401574803
0
LINE
8
BLACK
6
CONTINUOUS
10
-0.1275892125984252
20
2.4242787401574803
11
-0.1286536220472441
21
2.4247196456692914
0
LINE
8
BLACK
6
CONTINUOUS
10
-0.1286536220472441
20
2.4247196456692914
11
-0.1294682677165354
21
2.4255342913385824
0
LINE
8
BLACK
6
CONTINUOUS
10
-0.1294682677165354
20
2.4255342913385824
11
-0.1299091732283464
21
2.4265987007874017
0
LINE
8
BLACK
6
CONTINUOUS
10
-0.1299091732283464
20
2.4265987007874017
11
-0.129965905511811
21
2.4271747637795276
0
LINE
8
BLACK
6
CONTINUOUS
10
-0.129965905511811
20
2.4271747637795276
11
-0.129965905511811
21
2.4571709842519684
0
LINE
8
BLACK
6
CONTINUOUS
10
-0.129965905511811
20
2.4571709842519684
11
-0.1299091732283464
21
2.4577470472440943
0
LINE
8
BLACK
6
CONTINUOUS
10
-0.1299091732283464
20
2.4577470472440943
11
-0.1294682677165354
21
2.4588114566929131
0
LINE
8
BLACK
6
CONTINUOUS
10
-0.1294682677165354
20
2.4588114566929131
11
-0.1286536220472441
21
2.4596261023622046
0
LINE
8
BLACK
6
CONTINUOUS
10
-0.1286536220472441
20
2.4596261023622046
11
-0.1275892125984252
21
2.4600670078740157
0
LINE
8
BLACK
6
CONTINUOUS
10
-0.1275892125984252
20
2.4600670078740157
11
-0.1264370866141732
21
2.4600670078740157
0
LINE
8
BLACK
6
CONTINUOUS
10
-0.1264370866141732
20
2.4600670078740157
11
-0.1253726771653543
21
2.4596261023622046
0
LINE
8
BLACK
6
CONTINUOUS
10
-0.1287874015748031
20
2.4994839370078741
11
-0.1287443700787402
21
2.4994903149606298
0
LINE
8
BLACK
6
CONTINUOUS
10
-0.1287443700787402
20
2.4994903149606298
11
-0.1285288976377953
21
2.4994584645669291
0
LINE
8
BLACK
6
CONTINUOUS
10
-0.1285288976377953
20
2.4994584645669291
11
-0.1283118503937008
21
2.4994370866141731
0
LINE
8
BLACK
6
CONTINUOUS
10
-0.1283118503937008
20
2.4994370866141731
11
-0.1282716535433071
21
2.4994204724409448
0
LINE
8
BLACK
6
CONTINUOUS
10
-0.1282716535433071
20
2.4994204724409448
11
-0.1281717716535433
21
2.4994056692913387
0
LINE
8
BLACK
6
CONTINUOUS
10
-0.1281717716535433
20
2.4994056692913387
11
-0.1206727165354331
21
2.4975309055118111
0
LINE
8
BLACK
6
CONTINUOUS
10
-0.1206727165354331
20
2.4975309055118111
11
-0.1203332677165354
21
2.4974096456692911
0
LINE
8
BLACK
6
CONTINUOUS
10
-0.1203332677165354
20
2.4974096456692911
11
-0.1202617322834646
21
2.4973954724409446
0
LINE
8
BLACK
6
CONTINUOUS
10
-0.1202617322834646
20
2.4973954724409446
11
-0.1201968897637795
21
2.4973609055118109
0
LINE
8
BLACK
6
CONTINUOUS
10
-0.1201968897637795
20
2.4973609055118109
11
-0.1201275984251969
21
2.4973361417322835
0
LINE
8
BLACK
6
CONTINUOUS
10
-0.1201275984251969
20
2.4973361417322835
11
-0.1200690157480315
21
2.4972927165354331
0
LINE
8
BLACK
6
CONTINUOUS
10
-0.1200690157480315
20
2.4972927165354331
11
-0.1197509448818898
21
2.4971231496062991
0
LINE
8
BLACK
6
CONTINUOUS
10
-0.1197509448818898
20
2.4971231496062991
11
-0.1141266535433071
21
2.493373622047244
0
LINE
8
BLACK
6
CONTINUOUS
10
-0.1141266535433071
20
2.493373622047244
11
-0.1141250787401575
21
2.4933723228346456
0
LINE
8
BLACK
6
CONTINUOUS
10
-0.1141250787401575
20
2.4933723228346456
11
-0.1141241338582677
21
2.4933719291338581
0
LINE
8
BLACK
6
CONTINUOUS
10
-0.1141241338582677
20
2.4933719291338581
11
-0.1139046062992126
21
2.4931917716535432
0
LINE
8
BLACK
6
CONTINUOUS
10
-0.1139046062992126
20
2.4931917716535432
11
-0.1136788188976378
21
2.4930068503937006
0
LINE
8
BLACK
6
CONTINUOUS
10
-0.1136788188976378
20
2.4930068503937006
11
-0.1136782677165354
21
2.4930060236220473
0
LINE
8
BLACK
6
CONTINUOUS
10
-0.1136782677165354
20
2.4930060236220473
11
-0.1136766929133858
21
2.4930047244094489
0
LINE
8
BLACK
6
CONTINUOUS
10
-0.1136766929133858
20
2.4930047244094489
11
-0.1118018897637795
21
2.4911299606299213
0
LINE
8
BLACK
6
CONTINUOUS
10
-0.1118018897637795
20
2.4911299606299213
11
-0.1116161417322835
21
2.4909036220472442
0
LINE
8
BLACK
6
CONTINUOUS
10
-0.1116161417322835
20
2.4909036220472442
11
-0.1115570866141732
21
2.490852401574803
0
LINE
8
BLACK
6
CONTINUOUS
10
-0.1115570866141732
20
2.490852401574803
11
-0.1115011023622047
21
2.4907634645669292
0
LINE
8
BLACK
6
CONTINUOUS
10
-0.1115011023622047
20
2.4907634645669292
11
-0.1114346456692913
21
2.4906824803149608
0
LINE
8
BLACK
6
CONTINUOUS
10
-0.1114346456692913
20
2.4906824803149608
11
-0.111404842519685
21
2.4906105511811023
0
LINE
8
BLACK
6
CONTINUOUS
10
-0.111404842519685
20
2.4906105511811023
11
-0.1112487401574803
21
2.4903625196850392
0
LINE
8
BLACK
6
CONTINUOUS
10
-0.1112487401574803
20
2.4903625196850392
11
-0.1093739763779528
21
2.4866129921259841
0
LINE
8
BLACK
6
CONTINUOUS
10
-0.1093739763779528
20
2.4866129921259841
11
-0.1091670866141732
21
2.4860724015748032
0
LINE
8
BLACK
6
CONTINUOUS
10
-0.1091670866141732
20
2.4860724015748032
11
-0.1091595669291339
21
2.4859665354330707
0
LINE
8
BLACK
6
CONTINUOUS
10
-0.1091595669291339
20
2.4859665354330707
11
-0.1091189763779528
21
2.4858685433070864
0
LINE
8
BLACK
6
CONTINUOUS
10
-0.1091189763779528
20
2.4858685433070864
11
-0.1090622440944882
21
2.4852924803149605
0
LINE
8
BLACK
6
CONTINUOUS
10
-0.1090622440944882
20
2.4852924803149605
11
-0.1090622440944882
21
2.4777934251968503
0
LINE
8
BLACK
6
CONTINUOUS
10
-0.1090622440944882
20
2.4777934251968503
11
-0.1091189763779528
21
2.4772173622047244
0
LINE
8
BLACK
6
CONTINUOUS
10
-0.1091189763779528
20
2.4772173622047244
11
-0.1095598818897638
21
2.4761529527559056
0
LINE
8
BLACK
6
CONTINUOUS
10
-0.1095598818897638
20
2.4761529527559056
11
-0.1103745275590551
21
2.4753383070866142
0
LINE
8
BLACK
6
CONTINUOUS
10
-0.1103745275590551
20
2.4753383070866142
11
-0.111438937007874
21
2.4748974015748031
0
LINE
8
BLACK
6
CONTINUOUS
10
-0.111438937007874
20
2.4748974015748031
11
-0.112591062992126
21
2.4748974015748031
0
LINE
8
BLACK
6
CONTINUOUS
10
-0.112591062992126
20
2.4748974015748031
11
-0.1136554724409449
21
2.4753383070866142
0
LINE
8
BLACK
6
CONTINUOUS
10
-0.1136554724409449
20
2.4753383070866142
11
-0.1144701181102362
21
2.4761529527559056
0
LINE
8
BLACK
6
CONTINUOUS
10
-0.1144701181102362
20
2.4761529527559056
11
-0.1149110236220472
21
2.4772173622047244
0
LINE
8
BLACK
6
CONTINUOUS
10
-0.1149110236220472
20
2.4772173622047244
11
-0.1149677559055118
21
2.4777934251968503
0
LINE
8
BLACK
6
CONTINUOUS
10
-0.1149677559055118
20
2.4777934251968503
11
-0.1149677559055118
21
2.4845954330708659
0
LINE
8
BLACK
6
CONTINUOUS
10
-0.1149677559055118
20
2.4845954330708659
11
-0.1163164960629921
21
2.4872929133858266
0
LINE
8
BLACK
6
CONTINUOUS
10
-0.1163164960629921
20
2.4872929133858266
11
-0.1176457480314961
21
2.4886221259842518
0
LINE
8
BLACK
6
CONTINUOUS
10
-0.1176457480314961
20
2.4886221259842518
11
-0.1226012204724409
21
2.491925748031496
0
LINE
8
BLACK
6
CONTINUOUS
10
-0.1226012204724409
20
2.491925748031496
11
-0.1255183858267717
21
2.4926550393700788
0
LINE
8
BLACK
6
CONTINUOUS
10
-0.1255183858267717
20
2.4926550393700788
11
-0.124372125984252
21
2.4903625196850392
0
LINE
8
BLACK
6
CONTINUOUS
10
-0.124372125984252
20
2.4903625196850392
11
-0.1241652362204724
21
2.4898219291338584
0
LINE
8
BLACK
6
CONTINUOUS
10
-0.1241652362204724
20
2.4898219291338584
11
-0.1241577165354331
21
2.4897160629921258
0
LINE
8
BLACK
6
CONTINUOUS
10
-0.1241577165354331
20
2.4897160629921258
11
-0.124117125984252
21
2.4896180708661415
0
LINE
8
BLACK
6
CONTINUOUS
10
-0.124117125984252
20
2.4896180708661415
11
-0.1240603937007874
21
2.4890420078740156
0
LINE
8
BLACK
6
CONTINUOUS
10
-0.1240603937007874
20
2.4890420078740156
11
-0.1240603937007874
21
2.4815429527559054
0
LINE
8
BLACK
6
CONTINUOUS
10
-0.1240603937007874
20
2.4815429527559054
11
-0.124117125984252
21
2.4809668897637795
0
LINE
8
BLACK
6
CONTINUOUS
10
-0.124117125984252
20
2.4809668897637795
11
-0.1241577165354331
21
2.480868937007874
0
LINE
8
BLACK
6
CONTINUOUS
10
-0.1241577165354331
20
2.480868937007874
11
-0.1241652362204724
21
2.4807630314960631
0
LINE
8
BLACK
6
CONTINUOUS
10
-0.1241652362204724
20
2.4807630314960631
11
-0.124372125984252
21
2.4802224409448819
0
LINE
8
BLACK
6
CONTINUOUS
10
-0.124372125984252
20
2.4802224409448819
11
-0.1262468897637795
21
2.4764729133858268
0
LINE
8
BLACK
6
CONTINUOUS
10
-0.1262468897637795
20
2.4764729133858268
11
-0.1264029921259842
21
2.4762249212598424
0
LINE
8
BLACK
6
CONTINUOUS
10
-0.1264029921259842
20
2.4762249212598424
11
-0.1264327952755905
21
2.4761529527559056
0
LINE
8
BLACK
6
CONTINUOUS
10
-0.1264327952755905
20
2.4761529527559056
11
-0.1264992913385827
21
2.4760720078740155
0
LINE
8
BLACK
6
CONTINUOUS
10
-0.1264992913385827
20
2.4760720078740155
11
-0.1265552362204724
21
2.4759830314960629
0
LINE
8
BLACK
6
CONTINUOUS
10
-0.1265552362204724
20
2.4759830314960629
11
-0.1266142519685039
21
2.4759318897637796
0
LINE
8
BLACK
6
CONTINUOUS
10
-0.1266142519685039
20
2.4759318897637796
11
-0.1268
21
2.4757055118110234
0
LINE
8
BLACK
6
CONTINUOUS
10
-0.1268
20
2.4757055118110234
11
-0.1286747637795276
21
2.4738307480314958
0
LINE
8
BLACK
6
CONTINUOUS
10
-0.1286747637795276
20
2.4738307480314958
11
-0.1289011417322835
21
2.4736449999999999
0
LINE
8
BLACK
6
CONTINUOUS
10
-0.1289011417322835
20
2.4736449999999999
11
-0.1289522834645669
21
2.4735859842519683
0
LINE
8
BLACK
6
CONTINUOUS
10
-0.1289522834645669
20
2.4735859842519683
11
-0.1290412598425197
21
2.4735300393700785
0
LINE
8
BLACK
6
CONTINUOUS
10
-0.1290412598425197
20
2.4735300393700785
11
-0.1291222047244094
21
2.4734635433070866
0
LINE
8
BLACK
6
CONTINUOUS
10
-0.1291222047244094
20
2.4734635433070866
11
-0.1291941732283464
21
2.4734337401574802
0
LINE
8
BLACK
6
CONTINUOUS
10
-0.1291941732283464
20
2.4734337401574802
11
-0.1294421653543307
21
2.4732776377952757
0
LINE
8
BLACK
6
CONTINUOUS
10
-0.1294421653543307
20
2.4732776377952757
11
-0.1331916929133858
21
2.4714028740157481
0
LINE
8
BLACK
6
CONTINUOUS
10
-0.1331916929133858
20
2.4714028740157481
11
-0.1337323228346457
21
2.4711959842519686
0
LINE
8
BLACK
6
CONTINUOUS
10
-0.1337323228346457
20
2.4711959842519686
11
-0.1338381496062992
21
2.4711885039370078
0
LINE
8
BLACK
6
CONTINUOUS
10
-0.1338381496062992
20
2.4711885039370078
11
-0.1339361417322835
21
2.471147874015748
0
LINE
8
BLACK
6
CONTINUOUS
10
-0.1339361417322835
20
2.471147874015748
11
-0.1345122047244094
21
2.4710911417322836
0
LINE
8
BLACK
6
CONTINUOUS
10
-0.1345122047244094
20
2.4710911417322836
11
-0.1438860236220472
21
2.4710911417322836
0
LINE
8
BLACK
6
CONTINUOUS
10
-0.1438860236220472
20
2.4710911417322836
11
-0.1444620866141732
21
2.471147874015748
0
LINE
8
BLACK
6
CONTINUOUS
10
-0.1444620866141732
20
2.471147874015748
11
-0.1445600787401575
21
2.4711884645669291
0
LINE
8
BLACK
6
CONTINUOUS
10
-0.1445600787401575
20
2.4711884645669291
11
-0.1446659448818898
21
2.4711959842519686
0
LINE
8
BLACK
6
CONTINUOUS
10
-0.1446659448818898
20
2.4711959842519686
11
-0.1452065354330709
21
2.4714028740157481
0
LINE
8
BLACK
6
CONTINUOUS
10
-0.1452065354330709
20
2.4714028740157481
11
-0.148956062992126
21
2.4732776377952757
0
LINE
8
BLACK
6
CONTINUOUS
10
-0.148956062992126
20
2.4732776377952757
11
-0.149204094488189
21
2.4734337401574802
0
LINE
8
BLACK
6
CONTINUOUS
10
-0.149204094488189
20
2.4734337401574802
11
-0.1492760236220472
21
2.4734635433070866
0
LINE
8
BLACK
6
CONTINUOUS
10
-0.1492760236220472
20
2.4734635433070866
11
-0.1493570078740157
21
2.4735300393700785
0
LINE
8
BLACK
6
CONTINUOUS
10
-0.1493570078740157
20
2.4735300393700785
11
-0.1494459448818898
21
2.4735859842519683
0
LINE
8
BLACK
6
CONTINUOUS
10
-0.1494459448818898
20
2.4735859842519683
11
-0.149497125984252
21
2.4736449999999999
0
LINE
8
BLACK
6
CONTINUOUS
10
-0.149497125984252
20
2.4736449999999999
11
-0.1497234645669291
21
2.4738307480314958
0
LINE
8
BLACK
6
CONTINUOUS
10
-0.1497234645669291
20
2.4738307480314958
11
-0.1515982283464567
21
2.4757055118110234
0
LINE
8
BLACK
6
CONTINUOUS
10
-0.1515982283464567
20
2.4757055118110234
11
-0.1517840157480315
21
2.4759318897637796
0
LINE
8
BLACK
6
CONTINUOUS
10
-0.1517840157480315
20
2.4759318897637796
11
-0.1518429921259843
21
2.4759830314960629
0
LINE
8
BLACK
6
CONTINUOUS
10
-0.1518429921259843
20
2.4759830314960629
11
-0.1518989763779527
21
2.4760720078740155
0
LINE
8
BLACK
6
CONTINUOUS
10
-0.1518989763779527
20
2.4760720078740155
11
-0.1519654330708661
21
2.4761529527559056
0
LINE
8
BLACK
6
CONTINUOUS
10
-0.1519654330708661
20
2.4761529527559056
11
-0.1519952755905512
21
2.4762249212598424
0
LINE
8
BLACK
6
CONTINUOUS
10
-0.1519952755905512
20
2.4762249212598424
11
-0.1521513385826772
21
2.4764729133858268
0
LINE
8
BLACK
6
CONTINUOUS
10
-0.1521513385826772
20
2.4764729133858268
11
-0.1540261023622047
21
2.4802224409448819
0
LINE
8
BLACK
6
CONTINUOUS
10
-0.1540261023622047
20
2.4802224409448819
11
-0.1542329921259842
21
2.4807630708661419
0
LINE
8
BLACK
6
CONTINUOUS
10
-0.1542329921259842
20
2.4807630708661419
11
-0.1542405118110236
21
2.4808688976377953
0
LINE
8
BLACK
6
CONTINUOUS
10
-0.1542405118110236
20
2.4808688976377953
11
-0.1542811023622047
21
2.4809668897637795
0
LINE
8
BLACK
6
CONTINUOUS
10
-0.1542811023622047
20
2.4809668897637795
11
-0.1543378346456693
21
2.4815429527559054
0
LINE
8
BLACK
6
CONTINUOUS
10
-0.1543378346456693
20
2.4815429527559054
11
-0.1543378346456693
21
2.4890420078740156
0
LINE
8
BLACK
6
CONTINUOUS
10
-0.1543378346456693
20
2.4890420078740156
11
-0.1542811023622047
21
2.4896180708661415
0
LINE
8
BLACK
6
CONTINUOUS
10
-0.1542811023622047
20
2.4896180708661415
11
-0.1542405118110236
21
2.4897161023622045
0
LINE
8
BLACK
6
CONTINUOUS
10
-0.1542405118110236
20
2.4897161023622045
11
-0.1542329921259842
21
2.4898218897637796
0
LINE
8
BLACK
6
CONTINUOUS
10
-0.1542329921259842
20
2.4898218897637796
11
-0.1540261023622047
21
2.4903625196850392
0
LINE
8
BLACK
6
CONTINUOUS
10
-0.1540261023622047
20
2.4903625196850392
11
-0.1521513385826772
21
2.4941120472440943
0
LINE
8
BLACK
6
CONTINUOUS
10
-0.1521513385826772
20
2.4941120472440943
11
-0.1519952755905512
21
2.4943600787401574
0
LINE
8
BLACK
6
CONTINUOUS
10
-0.1519952755905512
20
2.4943600787401574
11
-0.1519654330708661
21
2.4944320078740159
0
LINE
8
BLACK
6
CONTINUOUS
10
-0.1519654330708661
20
2.4944320078740159
11
-0.1518989763779527
21
2.4945129921259843
0
LINE
8
BLACK
6
CONTINUOUS
10
-0.1518989763779527
20
2.4945129921259843
11
-0.1518429921259843
21
2.4946019291338581
0
LINE
8
BLACK
6
CONTINUOUS
10
-0.1518429921259843
20
2.4946019291338581
11
-0.1517840157480315
21
2.4946531102362206
0
LINE
8
BLACK
6
CONTINUOUS
10
-0.1517840157480315
20
2.4946531102362206
11
-0.1515982283464567
21
2.4948794488188977
0
LINE
8
BLACK
6
CONTINUOUS
10
-0.1515982283464567
20
2.4948794488188977
11
-0.1497234645669291
21
2.4967542125984252
0
LINE
8
BLACK
6
CONTINUOUS
10
-0.1497234645669291
20
2.4967542125984252
11
-0.149497125984252
21
2.4969399999999999
0
LINE
8
BLACK
6
CONTINUOUS
10
-0.149497125984252
20
2.4969399999999999
11
-0.1494459448818898
21
2.4969989763779528
0
LINE
8
BLACK
6
CONTINUOUS
10
-0.1494459448818898
20
2.4969989763779528
11
-0.1493570078740157
21
2.4970549606299213
0
LINE
8
BLACK
6
CONTINUOUS
10
-0.1493570078740157
20
2.4970549606299213
11
-0.1492760236220472
21
2.4971214173228344
0
LINE
8
BLACK
6
CONTINUOUS
10
-0.1492760236220472
20
2.4971214173228344
11
-0.149204094488189
21
2.4971512598425196
0
LINE
8
BLACK
6
CONTINUOUS
10
-0.149204094488189
20
2.4971512598425196
11
-0.148956062992126
21
2.4973073228346454
0
LINE
8
BLACK
6
CONTINUOUS
10
-0.148956062992126
20
2.4973073228346454
11
-0.1452065354330709
21
2.499182086614173
0
LINE
8
BLACK
6
CONTINUOUS
10
-0.1452065354330709
20
2.499182086614173
11
-0.1446659448818898
21
2.4993889763779529
0
LINE
8
BLACK
6
CONTINUOUS
10
-0.1446659448818898
20
2.4993889763779529
11
-0.1445600787401575
21
2.4993965354330707
0
LINE
8
BLACK
6
CONTINUOUS
10
-0.1445600787401575
20
2.4993965354330707
11
-0.1444620866141732
21
2.4994370866141731
0
LINE
8
BLACK
6
CONTINUOUS
10
-0.1444620866141732
20
2.4994370866141731
11
-0.1438860236220472
21
2.4994938188976379
0
LINE
8
BLACK
6
CONTINUOUS
10
-0.1438860236220472
20
2.4994938188976379
11
-0.1288879133858268
21
2.4994938188976379
0
LINE
8
BLACK
6
CONTINUOUS
10
-0.1288879133858268
20
2.4994938188976379
11
-0.1287874015748031
21
2.4994839370078741
0
LINE
8
BLACK
6
CONTINUOUS
10
-0.1458864566929134
20
2.492239566929134
11
-0.1470835826771653
21
2.4910424409448817
0
LINE
8
BLACK
6
CONTINUOUS
10
-0.1470835826771653
20
2.4910424409448817
11
-0.1484323228346457
21
2.4883449606299211
0
LINE
8
BLACK
6
CONTINUOUS
10
-0.1484323228346457
20
2.4883449606299211
11
-0.1484323228346457
21
2.48224
0
LINE
8
BLACK
6
CONTINUOUS
10
-0.1484323228346457
20
2.48224
11
-0.1470835826771653
21
2.4795425196850394
0
LINE
8
BLACK
6
CONTINUOUS
10
-0.1470835826771653
20
2.4795425196850394
11
-0.1458864566929134
21
2.4783453937007875
0
LINE
8
BLACK
6
CONTINUOUS
10
-0.1458864566929134
20
2.4783453937007875
11
-0.1431889763779527
21
2.4769966535433072
0
LINE
8
BLACK
6
CONTINUOUS
10
-0.1431889763779527
20
2.4769966535433072
11
-0.1352092519685039
21
2.4769966535433072
0
LINE
8
BLACK
6
CONTINUOUS
10
-0.1352092519685039
20
2.4769966535433072
11
-0.1325117716535433
21
2.4783453937007875
0
LINE
8
BLACK
6
CONTINUOUS
10
-0.1325117716535433
20
2.4783453937007875
11
-0.1313146456692913
21
2.4795425196850394
0
LINE
8
BLACK
6
CONTINUOUS
10
-0.1313146456692913
20
2.4795425196850394
11
-0.129965905511811
21
2.48224
0
LINE
8
BLACK
6
CONTINUOUS
10
-0.129965905511811
20
2.48224
11
-0.129965905511811
21
2.4883449606299211
0
LINE
8
BLACK
6
CONTINUOUS
10
-0.129965905511811
20
2.4883449606299211
11
-0.1313146456692913
21
2.4910424409448817
0
LINE
8
BLACK
6
CONTINUOUS
10
-0.1313146456692913
20
2.4910424409448817
11
-0.1325117716535433
21
2.492239566929134
0
LINE
8
BLACK
6
CONTINUOUS
10
-0.1325117716535433
20
2.492239566929134
11
-0.1352092519685039
21
2.4935883070866143
0
LINE
8
BLACK
6
CONTINUOUS
10
-0.1352092519685039
20
2.4935883070866143
11
-0.1431889763779527
21
2.4935883070866143
0
LINE
8
BLACK
6
CONTINUOUS
10
-0.1431889763779527
20
2.4935883070866143
11
-0.1458864566929134
21
2.492239566929134
0
LINE
8
BLACK
6
CONTINUOUS
10
-0.118938031496063
20
2.5369324015748029
11
-0.1188400393700787
21
2.5368918110236218
0
LINE
8
BLACK
6
CONTINUOUS
10
-0.1188400393700787
20
2.5368918110236218
11
-0.1187342125984252
21
2.5368842913385827
0
LINE
8
BLACK
6
CONTINUOUS
10
-0.1187342125984252
20
2.5368842913385827
11
-0.1181935826771654
21
2.5366774015748033
0
LINE
8
BLACK
6
CONTINUOUS
10
-0.1181935826771654
20
2.5366774015748033
11
-0.1144440551181102
21
2.5348026377952757
0
LINE
8
BLACK
6
CONTINUOUS
10
-0.1144440551181102
20
2.5348026377952757
11
-0.1141961811023622
21
2.5346466141732282
0
LINE
8
BLACK
6
CONTINUOUS
10
-0.1141961811023622
20
2.5346466141732282
11
-0.1141241338582677
21
2.534616771653543
0
LINE
8
BLACK
6
CONTINUOUS
10
-0.1141241338582677
20
2.534616771653543
11
-0.1140431102362205
21
2.5345502755905511
0
LINE
8
BLACK
6
CONTINUOUS
10
-0.1140431102362205
20
2.5345502755905511
11
-0.1139541732283465
21
2.5344942913385826
0
LINE
8
BLACK
6
CONTINUOUS
10
-0.1139541732283465
20
2.5344942913385826
11
-0.113903031496063
21
2.5344353149606298
0
LINE
8
BLACK
6
CONTINUOUS
10
-0.113903031496063
20
2.5344353149606298
11
-0.1136766929133858
21
2.5342495669291338
0
LINE
8
BLACK
6
CONTINUOUS
10
-0.1136766929133858
20
2.5342495669291338
11
-0.1118018897637795
21
2.5323748031496063
0
LINE
8
BLACK
6
CONTINUOUS
10
-0.1118018897637795
20
2.5323748031496063
11
-0.1116161417322835
21
2.5321484645669292
0
LINE
8
BLACK
6
CONTINUOUS
10
-0.1116161417322835
20
2.5321484645669292
11
-0.1115570866141732
21
2.532097244094488
0
LINE
8
BLACK
6
CONTINUOUS
10
-0.1115570866141732
20
2.532097244094488
11
-0.1115011023622047
21
2.5320083070866142
0
LINE
8
BLACK
6
CONTINUOUS
10
-0.1115011023622047
20
2.5320083070866142
11
-0.1114346456692913
21
2.5319273228346457
0
LINE
8
BLACK
6
CONTINUOUS
10
-0.1114346456692913
20
2.5319273228346457
11
-0.111404842519685
21
2.5318553937007873
0
LINE
8
BLACK
6
CONTINUOUS
10
-0.111404842519685
20
2.5318553937007873
11
-0.1112487401574803
21
2.5316073622047242
0
LINE
8
BLACK
6
CONTINUOUS
10
-0.1112487401574803
20
2.5316073622047242
11
-0.1093739763779528
21
2.527857834645669
0
LINE
8
BLACK
6
CONTINUOUS
10
-0.1093739763779528
20
2.527857834645669
11
-0.1091670866141732
21
2.5273172440944882
0
LINE
8
BLACK
6
CONTINUOUS
10
-0.1091670866141732
20
2.5273172440944882
11
-0.1091595669291339
21
2.5272113779527556
0
LINE
8
BLACK
6
CONTINUOUS
10
-0.1091595669291339
20
2.5272113779527556
11
-0.1091189763779528
21
2.5271133858267718
0
LINE
8
BLACK
6
CONTINUOUS
10
-0.1091189763779528
20
2.5271133858267718
11
-0.1090622440944882
21
2.5265373228346455
0
LINE
8
BLACK
6
CONTINUOUS
10
-0.1090622440944882
20
2.5265373228346455
11
-0.1090622440944882
21
2.5152887401574802
0
LINE
8
BLACK
6
CONTINUOUS
10
-0.1090622440944882
20
2.5152887401574802
11
-0.1091189763779528
21
2.5147126771653543
0
LINE
8
BLACK
6
CONTINUOUS
10
-0.1091189763779528
20
2.5147126771653543
11
-0.1091595669291339
21
2.5146147244094488
0
LINE
8
BLACK
6
CONTINUOUS
10
-0.1091595669291339
20
2.5146147244094488
11
-0.1091670866141732
21
2.5145088188976379
0
LINE
8
BLACK
6
CONTINUOUS
10
-0.1091670866141732
20
2.5145088188976379
11
-0.1093739763779528
21
2.5139682283464566
0
LINE
8
BLACK
6
CONTINUOUS
10
-0.1093739763779528
20
2.5139682283464566
11
-0.1112487401574803
21
2.5102187007874015
0
LINE
8
BLACK
6
CONTINUOUS
10
-0.1112487401574803
20
2.5102187007874015
11
-0.111404842519685
21
2.5099707086614171
0
LINE
8
BLACK
6
CONTINUOUS
10
-0.111404842519685
20
2.5099707086614171
11
-0.1114346456692913
21
2.5098987401574804
0
LINE
8
BLACK
6
CONTINUOUS
10
-0.1114346456692913
20
2.5098987401574804
11
-0.1115011023622047
21
2.5098177952755907
0
LINE
8
BLACK
6
CONTINUOUS
10
-0.1115011023622047
20
2.5098177952755907
11
-0.1115570866141732
21
2.5097288188976377
0
LINE
8
BLACK
6
CONTINUOUS
10
-0.1115570866141732
20
2.5097288188976377
11
-0.1116161417322835
21
2.5096776377952756
0
LINE
8
BLACK
6
CONTINUOUS
10
-0.1116161417322835
20
2.5096776377952756
11
-0.1118018897637795
21
2.5094512598425198
0
LINE
8
BLACK
6
CONTINUOUS
10
-0.1118018897637795
20
2.5094512598425198
11
-0.1136766929133858
21
2.5075764960629923
0
LINE
8
BLACK
6
CONTINUOUS
10
-0.1136766929133858
20
2.5075764960629923
11
-0.1141241338582677
21
2.5072092913385826
0
LINE
8
BLACK
6
CONTINUOUS
10
-0.1141241338582677
20
2.5072092913385826
11
-0.1151885433070866
21
2.5067684251968503
0
LINE
8
BLACK
6
CONTINUOUS
10
-0.1151885433070866
20
2.5067684251968503
11
-0.1163406299212598
21
2.5067684251968503
0
LINE
8
BLACK
6
CONTINUOUS
10
-0.1163406299212598
20
2.5067684251968503
11
-0.1174050393700787
21
2.5072093307086614
0
LINE
8
BLACK
6
CONTINUOUS
10
-0.1174050393700787
20
2.5072093307086614
11
-0.1182197244094488
21
2.5080240157480316
0
LINE
8
BLACK
6
CONTINUOUS
10
-0.1182197244094488
20
2.5080240157480316
11
-0.1186605905511811
21
2.5090884251968504
0
LINE
8
BLACK
6
CONTINUOUS
10
-0.1186605905511811
20
2.5090884251968504
11
-0.1186605905511811
21
2.5102405118110234
0
LINE
8
BLACK
6
CONTINUOUS
10
-0.1186605905511811
20
2.5102405118110234
11
-0.1182196850393701
21
2.5113049212598426
0
LINE
8
BLACK
6
CONTINUOUS
10
-0.1182196850393701
20
2.5113049212598426
11
-0.1178524409448819
21
2.5117524015748032
0
LINE
8
BLACK
6
CONTINUOUS
10
-0.1178524409448819
20
2.5117524015748032
11
-0.1163164960629921
21
2.5132883464566929
0
LINE
8
BLACK
6
CONTINUOUS
10
-0.1163164960629921
20
2.5132883464566929
11
-0.1149677559055118
21
2.5159857874015747
0
LINE
8
BLACK
6
CONTINUOUS
10
-0.1149677559055118
20
2.5159857874015747
11
-0.1149677559055118
21
2.5258402755905509
0
LINE
8
BLACK
6
CONTINUOUS
10
-0.1149677559055118
20
2.5258402755905509
11
-0.1163164960629921
21
2.5285377559055116
0
LINE
8
BLACK
6
CONTINUOUS
10
-0.1163164960629921
20
2.5285377559055116
11
-0.1175136614173228
21
2.5297348818897638
0
LINE
8
BLACK
6
CONTINUOUS
10
-0.1175136614173228
20
2.5297348818897638
11
-0.1202111417322835
21
2.5310836220472441
0
LINE
8
BLACK
6
CONTINUOUS
10
-0.1202111417322835
20
2.5310836220472441
11
-0.1281908661417323
21
2.5310836220472441
0
LINE
8
BLACK
6
CONTINUOUS
10
-0.1281908661417323
20
2.5310836220472441
11
-0.1308883464566929
21
2.5297348818897638
0
LINE
8
BLACK
6
CONTINUOUS
10
-0.1308883464566929
20
2.5297348818897638
11
-0.1320854724409449
21
2.5285377559055116
0
LINE
8
BLACK
6
CONTINUOUS
10
-0.1320854724409449
20
2.5285377559055116
11
-0.1334342125984252
21
2.5258402755905509
0
LINE
8
BLACK
6
CONTINUOUS
10
-0.1334342125984252
20
2.5258402755905509
11
-0.1334342125984252
21
2.5209130314960628
0
LINE
8
BLACK
6
CONTINUOUS
10
-0.1334342125984252
20
2.5209130314960628
11
-0.1334642519685039
21
2.5206083858267716
0
LINE
8
BLACK
6
CONTINUOUS
10
-0.1334642519685039
20
2.5206083858267716
11
-0.1334590551181102
21
2.5205309055118108
0
LINE
8
BLACK
6
CONTINUOUS
10
-0.1334590551181102
20
2.5205309055118108
11
-0.133477125984252
21
2.5204775590551178
0
LINE
8
BLACK
6
CONTINUOUS
10
-0.133477125984252
20
2.5204775590551178
11
-0.1334909448818898
21
2.520336968503937
0
LINE
8
BLACK
6
CONTINUOUS
10
-0.1334909448818898
20
2.520336968503937
11
-0.1336745669291338
21
2.5198937795275591
0
LINE
8
BLACK
6
CONTINUOUS
10
-0.1336745669291338
20
2.5198937795275591
11
-0.1338281496062992
21
2.5194395275590549
0
LINE
8
BLACK
6
CONTINUOUS
10
-0.1338281496062992
20
2.5194395275590549
11
-0.1338937401574803
21
2.5193645669291338
0
LINE
8
BLACK
6
CONTINUOUS
10
-0.1338937401574803
20
2.5193645669291338
11
-0.1339318503937008
21
2.5192725590551182
0
LINE
8
BLACK
6
CONTINUOUS
10
-0.1339318503937008
20
2.5192725590551182
11
-0.1342708661417323
21
2.5189335826771653
0
LINE
8
BLACK
6
CONTINUOUS
10
-0.1342708661417323
20
2.5189335826771653
11
-0.134586811023622
21
2.5185724409448818
0
LINE
8
BLACK
6
CONTINUOUS
10
-0.134586811023622
20
2.5185724409448818
11
-0.1346761811023622
21
2.5185282677165355
0
LINE
8
BLACK
6
CONTINUOUS
10
-0.1346761811023622
20
2.5185282677165355
11
-0.1347464960629921
21
2.5184579133858267
0
LINE
8
BLACK
6
CONTINUOUS
10
-0.1347464960629921
20
2.5184579133858267
11
-0.1351894488188976
21
2.5182744488188975
0
LINE
8
BLACK
6
CONTINUOUS
10
-0.1351894488188976
20
2.5182744488188975
11
-0.1356195669291339
21
2.5180617322834644
0
LINE
8
BLACK
6
CONTINUOUS
10
-0.1356195669291339
20
2.5180617322834644
11
-0.135718937007874
21
2.5180551181102362
0
LINE
8
BLACK
6
CONTINUOUS
10
-0.135718937007874
20
2.5180551181102362
11
-0.135810905511811
21
2.5180170078740156
0
LINE
8
BLACK
6
CONTINUOUS
10
-0.135810905511811
20
2.5180170078740156
11
-0.1362906299212598
21
2.5180170078740156
0
LINE
8
BLACK
6
CONTINUOUS
10
-0.1362906299212598
20
2.5180170078740156
11
-0.136769094488189
21
2.5179851181102362
0
LINE
8
BLACK
6
CONTINUOUS
10
-0.136769094488189
20
2.5179851181102362
11
-0.1368633858267717
21
2.5180170078740156
0
LINE
8
BLACK
6
CONTINUOUS
10
-0.1368633858267717
20
2.5180170078740156
11
-0.136963031496063
21
2.5180170078740156
0
LINE
8
BLACK
6
CONTINUOUS
10
-0.136963031496063
20
2.5180170078740156
11
-0.1374062598425197
21
2.5182006299212598
0
LINE
8
BLACK
6
CONTINUOUS
10
-0.1374062598425197
20
2.5182006299212598
11
-0.1378604724409449
21
2.5183542125984251
0
LINE
8
BLACK
6
CONTINUOUS
10
-0.1378604724409449
20
2.5183542125984251
11
-0.1379753543307086
21
2.5184363385826769
0
LINE
8
BLACK
6
CONTINUOUS
10
-0.1379753543307086
20
2.5184363385826769
11
-0.1380274409448819
21
2.5184579133858267
0
LINE
8
BLACK
6
CONTINUOUS
10
-0.1380274409448819
20
2.5184579133858267
11
-0.1380824015748031
21
2.5185128740157481
0
LINE
8
BLACK
6
CONTINUOUS
10
-0.1380824015748031
20
2.5185128740157481
11
-0.1383313779527559
21
2.5186908661417324
0
LINE
8
BLACK
6
CONTINUOUS
10
-0.1383313779527559
20
2.5186908661417324
11
-0.1484323228346457
21
2.527529212598425
0
LINE
8
BLACK
6
CONTINUOUS
10
-0.1484323228346457
20
2.527529212598425
11
-0.1484323228346457
21
2.5096644488188975
0
LINE
8
BLACK
6
CONTINUOUS
10
-0.1484323228346457
20
2.5096644488188975
11
-0.1484890551181102
21
2.5090883858267716
0
LINE
8
BLACK
6
CONTINUOUS
10
-0.1484890551181102
20
2.5090883858267716
11
-0.1489299606299213
21
2.5080239763779528
0
LINE
8
BLACK
6
CONTINUOUS
10
-0.1489299606299213
20
2.5080239763779528
11
-0.1497446062992126
21
2.5072093307086614
0
LINE
8
BLACK
6
CONTINUOUS
10
-0.1497446062992126
20
2.5072093307086614
11
-0.1508090157480315
21
2.5067684251968503
0
LINE
8
BLACK
6
CONTINUOUS
10
-0.1508090157480315
20
2.5067684251968503
11
-0.1519611417322835
21
2.5067684251968503
0
LINE
8
BLACK
6
CONTINUOUS
10
-0.1519611417322835
20
2.5067684251968503
11
-0.1530255511811024
21
2.5072093307086614
0
LINE
8
BLACK
6
CONTINUOUS
10
-0.1530255511811024
20
2.5072093307086614
11
-0.1538401968503937
21
2.5080239763779528
0
LINE
8
BLACK
6
CONTINUOUS
10
-0.1538401968503937
20
2.5080239763779528
11
-0.1542811023622047
21
2.5090883858267716
0
LINE
8
BLACK
6
CONTINUOUS
10
-0.1542811023622047
20
2.5090883858267716
11
-0.1543378346456693
21
2.5096644488188975
0
LINE
8
BLACK
6
CONTINUOUS
10
-0.1543378346456693
20
2.5096644488188975
11
-0.1543378346456693
21
2.5340363779527557
0
LINE
8
BLACK
6
CONTINUOUS
10
-0.1543378346456693
20
2.5340363779527557
11
-0.1543078346456693
21
2.5343410629921261
0
LINE
8
BLACK
6
CONTINUOUS
10
-0.1543078346456693
20
2.5343410629921261
11
-0.1543129921259843
21
2.5344185039370077
0
LINE
8
BLACK
6
CONTINUOUS
10
-0.1543129921259843
20
2.5344185039370077
11
-0.1542949606299213
21
2.5344718897637795
0
LINE
8
BLACK
6
CONTINUOUS
10
-0.1542949606299213
20
2.5344718897637795
11
-0.1542811023622047
21
2.534612440944882
0
LINE
8
BLACK
6
CONTINUOUS
10
-0.1542811023622047
20
2.534612440944882
11
-0.1540975196850394
21
2.5350556692913386
0
LINE
8
BLACK
6
CONTINUOUS
10
-0.1540975196850394
20
2.5350556692913386
11
-0.1539438976377953
21
2.5355098818897637
0
LINE
8
BLACK
6
CONTINUOUS
10
-0.1539438976377953
20
2.5355098818897637
11
-0.1538783464566929
21
2.5355848818897639
0
LINE
8
BLACK
6
CONTINUOUS
10
-0.1538783464566929
20
2.5355848818897639
11
-0.1538401968503937
21
2.5356768503937008
0
LINE
8
BLACK
6
CONTINUOUS
10
-0.1538401968503937
20
2.5356768503937008
11
-0.1535012204724409
21
2.536015866141732
0
LINE
8
BLACK
6
CONTINUOUS
10
-0.1535012204724409
20
2.536015866141732
11
-0.1531852362204724
21
2.5363769685039368
0
LINE
8
BLACK
6
CONTINUOUS
10
-0.1531852362204724
20
2.5363769685039368
11
-0.153095905511811
21
2.5364211811023623
0
LINE
8
BLACK
6
CONTINUOUS
10
-0.153095905511811
20
2.5364211811023623
11
-0.1530255511811024
21
2.5364914960629923
0
LINE
8
BLACK
6
CONTINUOUS
10
-0.1530255511811024
20
2.5364914960629923
11
-0.1525826377952756
21
2.5366749999999998
0
LINE
8
BLACK
6
CONTINUOUS
10
-0.1525826377952756
20
2.5366749999999998
11
-0.1521524803149606
21
2.5368876771653541
0
LINE
8
BLACK
6
CONTINUOUS
10
-0.1521524803149606
20
2.5368876771653541
11
-0.1520531496062992
21
2.5368943307086615
0
LINE
8
BLACK
6
CONTINUOUS
10
-0.1520531496062992
20
2.5368943307086615
11
-0.1519611417322835
21
2.5369324015748029
0
LINE
8
BLACK
6
CONTINUOUS
10
-0.1519611417322835
20
2.5369324015748029
11
-0.1514814173228347
21
2.5369324015748029
0
LINE
8
BLACK
6
CONTINUOUS
10
-0.1514814173228347
20
2.5369324015748029
11
-0.1510029527559055
21
2.5369642913385828
0
LINE
8
BLACK
6
CONTINUOUS
10
-0.1510029527559055
20
2.5369642913385828
11
-0.1509086614173228
21
2.5369324015748029
0
LINE
8
BLACK
6
CONTINUOUS
10
-0.1509086614173228
20
2.5369324015748029
11
-0.1508090157480315
21
2.5369324015748029
0
LINE
8
BLACK
6
CONTINUOUS
10
-0.1508090157480315
20
2.5369324015748029
11
-0.1503658267716535
21
2.5367488188976379
0
LINE
8
BLACK
6
CONTINUOUS
10
-0.1503658267716535
20
2.5367488188976379
11
-0.1499115748031496
21
2.5365951968503935
0
LINE
8
BLACK
6
CONTINUOUS
10
-0.1499115748031496
20
2.5365951968503935
11
-0.1497967322834646
21
2.5365131102362204
0
LINE
8
BLACK
6
CONTINUOUS
10
-0.1497967322834646
20
2.5365131102362204
11
-0.1497446062992126
21
2.5364914960629923
0
LINE
8
BLACK
6
CONTINUOUS
10
-0.1497446062992126
20
2.5364914960629923
11
-0.1496896850393701
21
2.5364365748031497
0
LINE
8
BLACK
6
CONTINUOUS
10
-0.1496896850393701
20
2.5364365748031497
11
-0.1494406692913386
21
2.5362585433070866
0
LINE
8
BLACK
6
CONTINUOUS
10
-0.1494406692913386
20
2.5362585433070866
11
-0.1392316535433071
21
2.5273256692913386
0
LINE
8
BLACK
6
CONTINUOUS
10
-0.1392316535433071
20
2.5273256692913386
11
-0.1390279921259842
21
2.527857834645669
0
LINE
8
BLACK
6
CONTINUOUS
10
-0.1390279921259842
20
2.527857834645669
11
-0.1371532283464567
21
2.5316073622047242
0
LINE
8
BLACK
6
CONTINUOUS
10
-0.1371532283464567
20
2.5316073622047242
11
-0.1369971653543307
21
2.5318553937007873
0
LINE
8
BLACK
6
CONTINUOUS
10
-0.1369971653543307
20
2.5318553937007873
11
-0.1369673228346457
21
2.5319273228346457
0
LINE
8
BLACK
6
CONTINUOUS
10
-0.1369673228346457
20
2.5319273228346457
11
-0.1369008661417323
21
2.5320083070866142
0
LINE
8
BLACK
6
CONTINUOUS
10
-0.1369008661417323
20
2.5320083070866142
11
-0.1368448818897638
21
2.532097244094488
0
LINE
8
BLACK
6
CONTINUOUS
10
-0.1368448818897638
20
2.532097244094488
11
-0.136785905511811
21
2.5321484251968505
0
LINE
8
BLACK
6
CONTINUOUS
10
-0.136785905511811
20
2.5321484251968505
11
-0.1366001181102362
21
2.5323747637795275
0
LINE
8
BLACK
6
CONTINUOUS
10
-0.1366001181102362
20
2.5323747637795275
11
-0.1347253543307086
21
2.5342495275590551
0
LINE
8
BLACK
6
CONTINUOUS
10
-0.1347253543307086
20
2.5342495275590551
11
-0.1344990157480315
21
2.5344353149606298
0
LINE
8
BLACK
6
CONTINUOUS
10
-0.1344990157480315
20
2.5344353149606298
11
-0.1344478346456693
21
2.5344942913385826
0
LINE
8
BLACK
6
CONTINUOUS
10
-0.1344478346456693
20
2.5344942913385826
11
-0.1343588976377953
21
2.5345502755905511
0
LINE
8
BLACK
6
CONTINUOUS
10
-0.1343588976377953
20
2.5345502755905511
11
-0.1342779133858268
21
2.5346167322834643
0
LINE
8
BLACK
6
CONTINUOUS
10
-0.1342779133858268
20
2.5346167322834643
11
-0.1342059842519685
21
2.5346465748031495
0
LINE
8
BLACK
6
CONTINUOUS
10
-0.1342059842519685
20
2.5346465748031495
11
-0.1339579527559055
21
2.5348026377952757
0
LINE
8
BLACK
6
CONTINUOUS
10
-0.1339579527559055
20
2.5348026377952757
11
-0.1302084251968504
21
2.5366774015748033
0
LINE
8
BLACK
6
CONTINUOUS
10
-0.1302084251968504
20
2.5366774015748033
11
-0.1296678346456693
21
2.5368842913385827
0
LINE
8
BLACK
6
CONTINUOUS
10
-0.1296678346456693
20
2.5368842913385827
11
-0.129561968503937
21
2.5368918503937006
0
LINE
8
BLACK
6
CONTINUOUS
10
-0.129561968503937
20
2.5368918503937006
11
-0.1294639763779528
21
2.5369324015748029
0
LINE
8
BLACK
6
CONTINUOUS
10
-0.1294639763779528
20
2.5369324015748029
11
-0.1288879133858268
21
2.5369891338582677
0
LINE
8
BLACK
6
CONTINUOUS
10
-0.1288879133858268
20
2.5369891338582677
11
-0.119514094488189
21
2.5369891338582677
0
LINE
8
BLACK
6
CONTINUOUS
10
-0.119514094488189
20
2.5369891338582677
11
-0.118938031496063
21
2.5369324015748029
0
LINE
8
BLACK
6
CONTINUOUS
10
-0.1398449606299212
20
2.5744557480314958
11
-0.1397672047244095
21
2.5744612598425198
0
LINE
8
BLACK
6
CONTINUOUS
10
-0.1397672047244095
20
2.5744612598425198
11
-0.1396649606299213
21
2.5744380314960629
0
LINE
8
BLACK
6
CONTINUOUS
10
-0.1396649606299213
20
2.5744380314960629
11
-0.1395604330708661
21
2.5744277165354332
0
LINE
8
BLACK
6
CONTINUOUS
10
-0.1395604330708661
20
2.5744277165354332
11
-0.1394883464566929
21
2.574397874015748
0
LINE
8
BLACK
6
CONTINUOUS
10
-0.1394883464566929
20
2.574397874015748
11
-0.1392027559055118
21
2.5743329133858266
0
LINE
8
BLACK
6
CONTINUOUS
10
-0.1392027559055118
20
2.5743329133858266
11
-0.1335784645669291
21
2.572458149606299
0
LINE
8
BLACK
6
CONTINUOUS
10
-0.1335784645669291
20
2.572458149606299
11
-0.1330499212598425
21
2.5722221653543307
0
LINE
8
BLACK
6
CONTINUOUS
10
-0.1330499212598425
20
2.5722221653543307
11
-0.1329698031496063
21
2.5721526771653545
0
LINE
8
BLACK
6
CONTINUOUS
10
-0.1329698031496063
20
2.5721526771653545
11
-0.1328717322834646
21
2.5721120472440946
0
LINE
8
BLACK
6
CONTINUOUS
10
-0.1328717322834646
20
2.5721120472440946
11
-0.1324242913385827
21
2.5717448425196849
0
LINE
8
BLACK
6
CONTINUOUS
10
-0.1324242913385827
20
2.5717448425196849
11
-0.1149677559055118
21
2.5542883464566928
0
LINE
8
BLACK
6
CONTINUOUS
10
-0.1149677559055118
20
2.5542883464566928
11
-0.1149677559055118
21
2.5715316929133856
0
LINE
8
BLACK
6
CONTINUOUS
10
-0.1149677559055118
20
2.5715316929133856
11
-0.1149110236220472
21
2.5721077559055119
0
LINE
8
BLACK
6
CONTINUOUS
10
-0.1149110236220472
20
2.5721077559055119
11
-0.1144701181102362
21
2.5731721653543307
0
LINE
8
BLACK
6
CONTINUOUS
10
-0.1144701181102362
20
2.5731721653543307
11
-0.1136554724409449
21
2.5739868110236221
0
LINE
8
BLACK
6
CONTINUOUS
10
-0.1136554724409449
20
2.5739868110236221
11
-0.112591062992126
21
2.5744277165354332
0
LINE
8
BLACK
6
CONTINUOUS
10
-0.112591062992126
20
2.5744277165354332
11
-0.111438937007874
21
2.5744277165354332
0
LINE
8
BLACK
6
CONTINUOUS
10
-0.111438937007874
20
2.5744277165354332
11
-0.1103745275590551
21
2.5739868110236221
0
LINE
8
BLACK
6
CONTINUOUS
10
-0.1103745275590551
20
2.5739868110236221
11
-0.1095598818897638
21
2.5731721653543307
0
LINE
8
BLACK
6
CONTINUOUS
10
-0.1095598818897638
20
2.5731721653543307
11
-0.1091189763779528
21
2.5721077559055119
0
LINE
8
BLACK
6
CONTINUOUS
10
-0.1091189763779528
20
2.5721077559055119
11
-0.1090622440944882
21
2.5715316929133856
0
LINE
8
BLACK
6
CONTINUOUS
10
-0.1090622440944882
20
2.5715316929133856
11
-0.1090622440944882
21
2.5471597637795274
0
LINE
8
BLACK
6
CONTINUOUS
10
-0.1090622440944882
20
2.5471597637795274
11
-0.1091189763779528
21
2.5465837007874015
0
LINE
8
BLACK
6
CONTINUOUS
10
-0.1091189763779528
20
2.5465837007874015
11
-0.1092481102362205
21
2.546271968503937
0
LINE
8
BLACK
6
CONTINUOUS
10
-0.1092481102362205
20
2.546271968503937
11
-0.109559842519685
21
2.5455192913385827
0
LINE
8
BLACK
6
CONTINUOUS
10
-0.109559842519685
20
2.5455192913385827
11
-0.1103745275590551
21
2.5447046456692912
0
LINE
8
BLACK
6
CONTINUOUS
10
-0.1103745275590551
20
2.5447046456692912
11
-0.111438937007874
21
2.5442637401574801
0
LINE
8
BLACK
6
CONTINUOUS
10
-0.111438937007874
20
2.5442637401574801
11
-0.1125910236220472
21
2.5442637401574801
0
LINE
8
BLACK
6
CONTINUOUS
10
-0.1125910236220472
20
2.5442637401574801
11
-0.112591062992126
21
2.5442637401574801
0
LINE
8
BLACK
6
CONTINUOUS
10
-0.112591062992126
20
2.5442637401574801
11
-0.1129028346456693
21
2.544392874015748
0
LINE
8
BLACK
6
CONTINUOUS
10
-0.1129028346456693
20
2.544392874015748
11
-0.1136554724409449
21
2.5447046062992125
0
LINE
8
BLACK
6
CONTINUOUS
10
-0.1136554724409449
20
2.5447046062992125
11
-0.1141029133858268
21
2.5450718503937009
0
LINE
8
BLACK
6
CONTINUOUS
10
-0.1141029133858268
20
2.5450718503937009
11
-0.1361072440944882
21
2.5670761417322834
0
LINE
8
BLACK
6
CONTINUOUS
10
-0.1361072440944882
20
2.5670761417322834
11
-0.1406156299212598
21
2.568578937007874
0
LINE
8
BLACK
6
CONTINUOUS
10
-0.1406156299212598
20
2.568578937007874
11
-0.1431889763779527
21
2.568578937007874
0
LINE
8
BLACK
6
CONTINUOUS
10
-0.1431889763779527
20
2.568578937007874
11
-0.1458864566929134
21
2.5672301968503937
0
LINE
8
BLACK
6
CONTINUOUS
10
-0.1458864566929134
20
2.5672301968503937
11
-0.1470835826771653
21
2.5660330708661419
0
LINE
8
BLACK
6
CONTINUOUS
10
-0.1470835826771653
20
2.5660330708661419
11
-0.1484323228346457
21
2.5633355905511812
0
LINE
8
BLACK
6
CONTINUOUS
10
-0.1484323228346457
20
2.5633355905511812
11
-0.1484323228346457
21
2.5553558661417322
0
LINE
8
BLACK
6
CONTINUOUS
10
-0.1484323228346457
20
2.5553558661417322
11
-0.1470835826771653
21
2.5526583858267715
0
LINE
8
BLACK
6
CONTINUOUS
10
-0.1470835826771653
20
2.5526583858267715
11
-0.1455476377952756
21
2.5511224409448818
0
LINE
8
BLACK
6
CONTINUOUS
10
-0.1455476377952756
20
2.5511224409448818
11
-0.1451804330708661
21
2.550675
0
LINE
8
BLACK
6
CONTINUOUS
10
-0.1451804330708661
20
2.550675
11
-0.1447395275590551
21
2.5496105905511812
0
LINE
8
BLACK
6
CONTINUOUS
10
-0.1447395275590551
20
2.5496105905511812
11
-0.1447395275590551
21
2.5484585039370078
0
LINE
8
BLACK
6
CONTINUOUS
10
-0.1447395275590551
20
2.5484585039370078
11
-0.1451804330708661
21
2.547394094488189
0
LINE
8
BLACK
6
CONTINUOUS
10
-0.1451804330708661
20
2.547394094488189
11
-0.1459951181102362
21
2.5465794094488188
0
LINE
8
BLACK
6
CONTINUOUS
10
-0.1459951181102362
20
2.5465794094488188
11
-0.1470595275590551
21
2.5461385039370077
0
LINE
8
BLACK
6
CONTINUOUS
10
-0.1470595275590551
20
2.5461385039370077
11
-0.1482116141732283
21
2.5461385039370077
0
LINE
8
BLACK
6
CONTINUOUS
10
-0.1482116141732283
20
2.5461385039370077
11
-0.1492760236220472
21
2.5465794094488188
0
LINE
8
BLACK
6
CONTINUOUS
10
-0.1492760236220472
20
2.5465794094488188
11
-0.1497234645669291
21
2.5469466141732284
0
LINE
8
BLACK
6
CONTINUOUS
10
-0.1497234645669291
20
2.5469466141732284
11
-0.1515982283464567
21
2.548821377952756
0
LINE
8
BLACK
6
CONTINUOUS
10
-0.1515982283464567
20
2.548821377952756
11
-0.1517840157480315
21
2.5490477559055118
0
LINE
8
BLACK
6
CONTINUOUS
10
-0.1517840157480315
20
2.5490477559055118
11
-0.1518429921259843
21
2.5490988976377951
0
LINE
8
BLACK
6
CONTINUOUS
10
-0.1518429921259843
20
2.5490988976377951
11
-0.1518989763779527
21
2.5491878740157481
0
LINE
8
BLACK
6
CONTINUOUS
10
-0.1518989763779527
20
2.5491878740157481
11
-0.1519654330708661
21
2.5492688188976378
0
LINE
8
BLACK
6
CONTINUOUS
10
-0.1519654330708661
20
2.5492688188976378
11
-0.1519952755905512
21
2.5493407874015745
0
LINE
8
BLACK
6
CONTINUOUS
10
-0.1519952755905512
20
2.5493407874015745
11
-0.1521513385826772
21
2.5495887795275589
0
LINE
8
BLACK
6
CONTINUOUS
10
-0.1521513385826772
20
2.5495887795275589
11
-0.1540261023622047
21
2.553338307086614
0
LINE
8
BLACK
6
CONTINUOUS
10
-0.1540261023622047
20
2.553338307086614
11
-0.1542329921259842
21
2.5538789370078741
0
LINE
8
BLACK
6
CONTINUOUS
10
-0.1542329921259842
20
2.5538789370078741
11
-0.1542405118110236
21
2.5539847637795274
0
LINE
8
BLACK
6
CONTINUOUS
10
-0.1542405118110236
20
2.5539847637795274
11
-0.1542811023622047
21
2.5540827559055117
0
LINE
8
BLACK
6
CONTINUOUS
10
-0.1542811023622047
20
2.5540827559055117
11
-0.1543378346456693
21
2.5546588188976376
0
LINE
8
BLACK
6
CONTINUOUS
10
-0.1543378346456693
20
2.5546588188976376
11
-0.1543378346456693
21
2.5640326377952753
0
LINE
8
BLACK
6
CONTINUOUS
10
-0.1543378346456693
20
2.5640326377952753
11
-0.1542811023622047
21
2.5646087007874017
0
LINE
8
BLACK
6
CONTINUOUS
10
-0.1542811023622047
20
2.5646087007874017
11
-0.1542405118110236
21
2.5647067322834647
0
LINE
8
BLACK
6
CONTINUOUS
10
-0.1542405118110236
20
2.5647067322834647
11
-0.1542329921259842
21
2.5648125196850393
0
LINE
8
BLACK
6
CONTINUOUS
10
-0.1542329921259842
20
2.5648125196850393
11
-0.1540261023622047
21
2.5653531496062993
0
LINE
8
BLACK
6
CONTINUOUS
10
-0.1540261023622047
20
2.5653531496062993
11
-0.1521513385826772
21
2.5691026771653545
0
LINE
8
BLACK
6
CONTINUOUS
10
-0.1521513385826772
20
2.5691026771653545
11
-0.1519952755905512
21
2.5693507086614171
0
LINE
8
BLACK
6
CONTINUOUS
10
-0.1519952755905512
20
2.5693507086614171
11
-0.1519654330708661
21
2.5694226377952756
0
LINE
8
BLACK
6
CONTINUOUS
10
-0.1519654330708661
20
2.5694226377952756
11
-0.1518989763779527
21
2.569503622047244
0
LINE
8
BLACK
6
CONTINUOUS
10
-0.1518989763779527
20
2.569503622047244
11
-0.1518429921259843
21
2.5695925590551179
0
LINE
8
BLACK
6
CONTINUOUS
10
-0.1518429921259843
20
2.5695925590551179
11
-0.1517840157480315
21
2.5696437401574803
0
LINE
8
BLACK
6
CONTINUOUS
10
-0.1517840157480315
20
2.5696437401574803
11
-0.1515982283464567
21
2.5698700787401574
0
LINE
8
BLACK
6
CONTINUOUS
10
-0.1515982283464567
20
2.5698700787401574
11
-0.1497234645669291
21
2.5717448425196849
0
LINE
8
BLACK
6
CONTINUOUS
10
-0.1497234645669291
20
2.5717448425196849
11
-0.149497125984252
21
2.5719306299212596
0
LINE
8
BLACK
6
CONTINUOUS
10
-0.149497125984252
20
2.5719306299212596
11
-0.1494459448818898
21
2.5719896062992125
0
LINE
8
BLACK
6
CONTINUOUS
10
-0.1494459448818898
20
2.5719896062992125
11
-0.1493570078740157
21
2.572045590551181
0
LINE
8
BLACK
6
CONTINUOUS
10
-0.1493570078740157
20
2.572045590551181
11
-0.1492760236220472
21
2.5721120472440946
0
LINE
8
BLACK
6
CONTINUOUS
10
-0.1492760236220472
20
2.5721120472440946
11
-0.149204094488189
21
2.5721418897637793
0
LINE
8
BLACK
6
CONTINUOUS
10
-0.149204094488189
20
2.5721418897637793
11
-0.148956062992126
21
2.5722979527559056
0
LINE
8
BLACK
6
CONTINUOUS
10
-0.148956062992126
20
2.5722979527559056
11
-0.1452065354330709
21
2.5741727165354331
0
LINE
8
BLACK
6
CONTINUOUS
10
-0.1452065354330709
20
2.5741727165354331
11
-0.1446659448818898
21
2.5743796062992126
0
LINE
8
BLACK
6
CONTINUOUS
10
-0.1446659448818898
20
2.5743796062992126
11
-0.1445600787401575
21
2.5743871653543304
0
LINE
8
BLACK
6
CONTINUOUS
10
-0.1445600787401575
20
2.5743871653543304
11
-0.1444620866141732
21
2.5744277165354332
0
LINE
8
BLACK
6
CONTINUOUS
10
-0.1444620866141732
20
2.5744277165354332
11
-0.1438860236220472
21
2.5744844488188976
0
LINE
8
BLACK
6
CONTINUOUS
10
-0.1438860236220472
20
2.5744844488188976
11
-0.1401364960629921
21
2.5744844488188976
0
LINE
8
BLACK
6
CONTINUOUS
10
-0.1401364960629921
20
2.5744844488188976
11
-0.1398449606299212
21
2.5744557480314958
0
LINE
8
BLACK
6
CONTINUOUS
10
-0.1513675196850394
20
2.6137977952755906
11
-0.1508090157480315
21
2.6137977952755906
0
LINE
8
BLACK
6
CONTINUOUS
10
-0.1508090157480315
20
2.6137977952755906
11
-0.1507920866141732
21
2.6137907874015749
0
LINE
8
BLACK
6
CONTINUOUS
10
-0.1507920866141732
20
2.6137907874015749
11
-0.150773779527559
21
2.6137905511811024
0
LINE
8
BLACK
6
CONTINUOUS
10
-0.150773779527559
20
2.6137905511811024
11
-0.1502219291338583
21
2.6136157874015749
0
LINE
8
BLACK
6
CONTINUOUS
10
-0.1502219291338583
20
2.6136157874015749
11
-0.1108518503937008
21
2.5967429133858269
0
LINE
8
BLACK
6
CONTINUOUS
10
-0.1108518503937008
20
2.5967429133858269
11
-0.1103447244094488
21
2.5964638582677164
0
LINE
8
BLACK
6
CONTINUOUS
10
-0.1103447244094488
20
2.5964638582677164
11
-0.1095400787401575
21
2.5956392913385824
0
LINE
8
BLACK
6
CONTINUOUS
10
-0.1095400787401575
20
2.5956392913385824
11
-0.1091122047244094
21
2.5945696062992125
0
LINE
8
BLACK
6
CONTINUOUS
10
-0.1091122047244094
20
2.5945696062992125
11
-0.1091262204724409
21
2.5934175984251966
0
LINE
8
BLACK
6
CONTINUOUS
10
-0.1091262204724409
20
2.5934175984251966
11
-0.1095800787401575
21
2.5923586220472439
0
LINE
8
BLACK
6
CONTINUOUS
10
-0.1095800787401575
20
2.5923586220472439
11
-0.1104046062992126
21
2.5915539370078742
0
LINE
8
BLACK
6
CONTINUOUS
10
-0.1104046062992126
20
2.5915539370078742
11
-0.1114742913385827
21
2.5911260629921258
0
LINE
8
BLACK
6
CONTINUOUS
10
-0.1114742913385827
20
2.5911260629921258
11
-0.1126263385826772
21
2.591140118110236
0
LINE
8
BLACK
6
CONTINUOUS
10
-0.1126263385826772
20
2.591140118110236
11
-0.1131781496062992
21
2.5913148818897636
0
LINE
8
BLACK
6
CONTINUOUS
10
-0.1131781496062992
20
2.5913148818897636
11
-0.1484323228346457
21
2.6064238188976376
0
LINE
8
BLACK
6
CONTINUOUS
10
-0.1484323228346457
20
2.6064238188976376
11
-0.1484323228346457
21
2.5846550787401572
0
LINE
8
BLACK
6
CONTINUOUS
10
-0.1484323228346457
20
2.5846550787401572
11
-0.1484890551181102
21
2.5840790157480313
0
LINE
8
BLACK
6
CONTINUOUS
10
-0.1484890551181102
20
2.5840790157480313
11
-0.1489299606299213
21
2.5830146062992125
0
LINE
8
BLACK
6
CONTINUOUS
10
-0.1489299606299213
20
2.5830146062992125
11
-0.1497446062992126
21
2.5821999606299211
0
LINE
8
BLACK
6
CONTINUOUS
10
-0.1497446062992126
20
2.5821999606299211
11
-0.1508090157480315
21
2.58175905511811
0
LINE
8
BLACK
6
CONTINUOUS
10
-0.1508090157480315
20
2.58175905511811
11
-0.1519611417322835
21
2.58175905511811
0
LINE
8
BLACK
6
CONTINUOUS
10
-0.1519611417322835
20
2.58175905511811
11
-0.1530255511811024
21
2.5821999606299211
0
LINE
8
BLACK
6
CONTINUOUS
10
-0.1530255511811024
20
2.5821999606299211
11
-0.1538401968503937
21
2.5830146062992125
0
LINE
8
BLACK
6
CONTINUOUS
10
-0.1538401968503937
20
2.5830146062992125
11
-0.1542811023622047
21
2.5840790157480313
0
LINE
8
BLACK
6
CONTINUOUS
10
-0.1542811023622047
20
2.5840790157480313
11
-0.1543378346456693
21
2.5846550787401572
0
LINE
8
BLACK
6
CONTINUOUS
10
-0.1543378346456693
20
2.5846550787401572
11
-0.1543378346456693
21
2.6109017716535434
0
LINE
8
BLACK
6
CONTINUOUS
10
-0.1543378346456693
20
2.6109017716535434
11
-0.1542811023622047
21
2.6114778346456693
0
LINE
8
BLACK
6
CONTINUOUS
10
-0.1542811023622047
20
2.6114778346456693
11
-0.154274094488189
21
2.6114948031496064
0
LINE
8
BLACK
6
CONTINUOUS
10
-0.154274094488189
20
2.6114948031496064
11
-0.1542738582677165
21
2.6115130708661418
0
LINE
8
BLACK
6
CONTINUOUS
10
-0.1542738582677165
20
2.6115130708661418
11
-0.1540538582677165
21
2.6120264960629922
0
LINE
8
BLACK
6
CONTINUOUS
10
-0.1540538582677165
20
2.6120264960629922
11
-0.1538401968503937
21
2.6125422440944881
0
LINE
8
BLACK
6
CONTINUOUS
10
-0.1538401968503937
20
2.6125422440944881
11
-0.1538272834645669
21
2.6125551968503937
0
LINE
8
BLACK
6
CONTINUOUS
10
-0.1538272834645669
20
2.6125551968503937
11
-0.1538200393700787
21
2.6125720472440945
0
LINE
8
BLACK
6
CONTINUOUS
10
-0.1538200393700787
20
2.6125720472440945
11
-0.1534200393700787
21
2.6129624409448819
0
LINE
8
BLACK
6
CONTINUOUS
10
-0.1534200393700787
20
2.6129624409448819
11
-0.1530255511811024
21
2.6133568897637796
0
LINE
8
BLACK
6
CONTINUOUS
10
-0.1530255511811024
20
2.6133568897637796
11
-0.1530086220472441
21
2.6133639370078741
0
LINE
8
BLACK
6
CONTINUOUS
10
-0.1530086220472441
20
2.6133639370078741
11
-0.1529954724409449
21
2.6133767322834647
0
LINE
8
BLACK
6
CONTINUOUS
10
-0.1529954724409449
20
2.6133767322834647
11
-0.1524764960629921
21
2.61358437007874
0
LINE
8
BLACK
6
CONTINUOUS
10
-0.1524764960629921
20
2.61358437007874
11
-0.1519611417322835
21
2.6137977952755906
0
LINE
8
BLACK
6
CONTINUOUS
10
-0.1519611417322835
20
2.6137977952755906
11
-0.1519427952755905
21
2.6137977952755906
0
LINE
8
BLACK
6
CONTINUOUS
10
-0.1519427952755905
20
2.6137977952755906
11
-0.1519257874015748
21
2.6138046062992126
0
LINE
8
BLACK
6
CONTINUOUS
10
-0.1519257874015748
20
2.6138046062992126
11
-0.1513675196850394
21
2.6137977952755906
0
LINE
8
BLACK
6
CONTINUOUS
10
-0.7592761811023622
20
3.0123096456692915
11
-0.7455444094488188
21
3.009175472440945
0
LINE
8
BLACK
6
CONTINUOUS
10
-0.7455444094488188
20
3.009175472440945
11
-0.7322499212598425
21
3.004523503937008
0
LINE
8
BLACK
6
CONTINUOUS
10
-0.7322499212598425
20
3.004523503937008
11
-0.7195598818897637
21
2.9984123228346458
0
LINE
8
BLACK
6
CONTINUOUS
10
-0.7195598818897637
20
2.9984123228346458
11
-0.7076338582677165
21
2.9909187007874016
0
LINE
8
BLACK
6
CONTINUOUS
10
-0.7076338582677165
20
2.9909187007874016
11
-0.6966218110236221
21
2.9821368897637797
0
LINE
8
BLACK
6
CONTINUOUS
10
-0.6966218110236221
20
2.9821368897637797
11
-0.6866623228346457
21
2.972177401574803
0
LINE
8
BLACK
6
CONTINUOUS
10
-0.6866623228346457
20
2.972177401574803
11
-0.6778805118110236
21
2.9611653543307086
0
LINE
8
BLACK
6
CONTINUOUS
10
-0.6778805118110236
20
2.9611653543307086
11
-0.6703868897637795
21
2.9492393307086613
0
LINE
8
BLACK
6
CONTINUOUS
10
-0.6703868897637795
20
2.9492393307086613
11
-0.6642757086614173
21
2.9365492913385824
0
LINE
8
BLACK
6
CONTINUOUS
10
-0.6642757086614173
20
2.9365492913385824
11
-0.6596237401574803
21
2.9232548031496064
0
LINE
8
BLACK
6
CONTINUOUS
10
-0.6596237401574803
20
2.9232548031496064
11
-0.6564895669291338
21
2.9095230314960627
0
LINE
8
BLACK
6
CONTINUOUS
10
-0.6564895669291338
20
2.9095230314960627
11
-0.6549125590551181
21
2.8955266929133856
0
LINE
8
BLACK
6
CONTINUOUS
10
-0.6549125590551181
20
2.8955266929133856
11
-0.6549125590551181
21
2.8814418110236222
0
LINE
8
BLACK
6
CONTINUOUS
10
-0.6549125590551181
20
2.8814418110236222
11
-0.6564895669291338
21
2.8674454724409446
0
LINE
8
BLACK
6
CONTINUOUS
10
-0.6564895669291338
20
2.8674454724409446
11
-0.6596237401574803
21
2.8537137007874014
0
LINE
8
BLACK
6
CONTINUOUS
10
-0.6596237401574803
20
2.8537137007874014
11
-0.6642757086614173
21
2.8404192125984253
0
LINE
8
BLACK
6
CONTINUOUS
10
-0.6642757086614173
20
2.8404192125984253
11
-0.6703868897637795
21
2.8277291732283465
0
LINE
8
BLACK
6
CONTINUOUS
10
-0.6703868897637795
20
2.8277291732283465
11
-0.6778805118110236
21
2.8158031496062992
0
LINE
8
BLACK
6
CONTINUOUS
10
-0.6778805118110236
20
2.8158031496062992
11
-0.6866623228346457
21
2.8047911023622047
0
LINE
8
BLACK
6
CONTINUOUS
10
-0.6866623228346457
20
2.8047911023622047
11
-0.6966218110236221
21
2.7948316141732281
0
LINE
8
BLACK
6
CONTINUOUS
10
-0.6966218110236221
20
2.7948316141732281
11
-0.7076338582677165
21
2.7860498031496062
0
LINE
8
BLACK
6
CONTINUOUS
10
-0.7076338582677165
20
2.7860498031496062
11
-0.7195598818897637
21
2.778556181102362
0
LINE
8
BLACK
6
CONTINUOUS
10
-0.7195598818897637
20
2.778556181102362
11
-0.7322499212598425
21
2.7724449999999998
0
LINE
8
BLACK
6
CONTINUOUS
10
-0.7322499212598425
20
2.7724449999999998
11
-0.7455444094488188
21
2.7677930314960628
0
LINE
8
BLACK
6
CONTINUOUS
10
-0.7455444094488188
20
2.7677930314960628
11
-0.7592761811023622
21
2.7646588582677163
0
LINE
8
BLACK
6
CONTINUOUS
10
-0.7592761811023622
20
2.7646588582677163
11
-0.7732725196850394
21
2.7630818503937009
0
LINE
8
BLACK
6
CONTINUOUS
10
-0.7732725196850394
20
2.7630818503937009
11
-0.7873574015748032
21
2.7630818503937009
0
LINE
8
BLACK
6
CONTINUOUS
10
-0.7873574015748032
20
2.7630818503937009
11
-0.8013537401574803
21
2.7646588582677163
0
LINE
8
BLACK
6
CONTINUOUS
10
-0.8013537401574803
20
2.7646588582677163
11
-0.8150855118110236
21
2.7677930314960628
0
LINE
8
BLACK
6
CONTINUOUS
10
-0.8150855118110236
20
2.7677930314960628
11
-0.82838
21
2.7724449999999998
0
LINE
8
BLACK
6
CONTINUOUS
10
-0.82838
20
2.7724449999999998
11
-0.8410700393700787
21
2.778556181102362
0
LINE
8
BLACK
6
CONTINUOUS
10
-0.8410700393700787
20
2.778556181102362
11
-0.8529960629921259
21
2.7860498031496062
0
LINE
8
BLACK
6
CONTINUOUS
10
-0.8529960629921259
20
2.7860498031496062
11
-0.8640081102362205
21
2.7948316141732281
0
LINE
8
BLACK
6
CONTINUOUS
10
-0.8640081102362205
20
2.7948316141732281
11
-0.8739675984251968
21
2.8047911023622047
0
LINE
8
BLACK
6
CONTINUOUS
10
-0.8739675984251968
20
2.8047911023622047
11
-0.8827494094488189
21
2.8158031496062992
0
LINE
8
BLACK
6
CONTINUOUS
10
-0.8827494094488189
20
2.8158031496062992
11
-0.890243031496063
21
2.8277291732283465
0
LINE
8
BLACK
6
CONTINUOUS
10
-0.890243031496063
20
2.8277291732283465
11
-0.8963542125984252
21
2.8404192125984253
0
LINE
8
BLACK
6
CONTINUOUS
10
-0.8963542125984252
20
2.8404192125984253
11
-0.9010061811023622
21
2.8537137007874014
0
LINE
8
BLACK
6
CONTINUOUS
10
-0.9010061811023622
20
2.8537137007874014
11
-0.9041403543307086
21
2.8674454724409446
0
LINE
8
BLACK
6
CONTINUOUS
10
-0.9041403543307086
20
2.8674454724409446
11
-0.9057173622047244
21
2.8814418110236222
0
LINE
8
BLACK
6
CONTINUOUS
10
-0.9057173622047244
20
2.8814418110236222
11
-0.9057173622047244
21
2.8946954330708663
0
LINE
8
BLACK
6
CONTINUOUS
10
-0.9057173622047244
20
2.8946954330708663
11
-0.9057173622047244
21
2.8955266929133856
0
LINE
8
BLACK
6
CONTINUOUS
10
-0.9057173622047244
20
2.8955266929133856
11
-0.9041403543307086
21
2.9095230314960627
0
LINE
8
BLACK
6
CONTINUOUS
10
-0.9041403543307086
20
2.9095230314960627
11
-0.9010061811023622
21
2.9232548031496064
0
LINE
8
BLACK
6
CONTINUOUS
10
-0.9010061811023622
20
2.9232548031496064
11
-0.8963542125984252
21
2.9365492913385824
0
LINE
8
BLACK
6
CONTINUOUS
10
-0.8963542125984252
20
2.9365492913385824
11
-0.890243031496063
21
2.9492393307086613
0
LINE
8
BLACK
6
CONTINUOUS
10
-0.890243031496063
20
2.9492393307086613
11
-0.8827494094488189
21
2.9611653543307086
0
LINE
8
BLACK
6
CONTINUOUS
10
-0.8827494094488189
20
2.9611653543307086
11
-0.8739675984251968
21
2.972177401574803
0
LINE
8
BLACK
6
CONTINUOUS
10
-0.8739675984251968
20
2.972177401574803
11
-0.8640081102362205
21
2.9821368897637797
0
LINE
8
BLACK
6
CONTINUOUS
10
-0.8640081102362205
20
2.9821368897637797
11
-0.8529960629921259
21
2.9909187007874016
0
LINE
8
BLACK
6
CONTINUOUS
10
-0.8529960629921259
20
2.9909187007874016
11
-0.8410700393700787
21
2.9984123228346458
0
LINE
8
BLACK
6
CONTINUOUS
10
-0.8410700393700787
20
2.9984123228346458
11
-0.82838
21
3.004523503937008
0
LINE
8
BLACK
6
CONTINUOUS
10
-0.82838
20
3.004523503937008
11
-0.8150855118110236
21
3.009175472440945
0
LINE
8
BLACK
6
CONTINUOUS
10
-0.8150855118110236
20
3.009175472440945
11
-0.8013537401574803
21
3.0123096456692915
0
LINE
8
BLACK
6
CONTINUOUS
10
-0.8013537401574803
20
3.0123096456692915
11
-0.7873574015748032
21
3.0138866535433069
0
LINE
8
BLACK
6
CONTINUOUS
10
-0.7873574015748032
20
3.0138866535433069
11
-0.7732725196850394
21
3.0138866535433069
0
LINE
8
BLACK
6
CONTINUOUS
10
-0.7732725196850394
20
3.0138866535433069
11
-0.7592761811023622
21
3.0123096456692915
0
LINE
8
BLACK
6
CONTINUOUS
10
-0.8909149606299213
20
2.8822730708661415
11
-0.8895240944881889
21
2.8699288582677163
0
LINE
8
BLACK
6
CONTINUOUS
10
-0.8895240944881889
20
2.8699288582677163
11
-0.886759842519685
21
2.8578179921259843
0
LINE
8
BLACK
6
CONTINUOUS
10
-0.886759842519685
20
2.8578179921259843
11
-0.8826570078740157
21
2.8460927952755903
0
LINE
8
BLACK
6
CONTINUOUS
10
-0.8826570078740157
20
2.8460927952755903
11
-0.8772671653543307
21
2.8349006692913385
0
LINE
8
BLACK
6
CONTINUOUS
10
-0.8772671653543307
20
2.8349006692913385
11
-0.8706581102362204
21
2.8243823622047244
0
LINE
8
BLACK
6
CONTINUOUS
10
-0.8706581102362204
20
2.8243823622047244
11
-0.8629129133858268
21
2.8146701968503938
0
LINE
8
BLACK
6
CONTINUOUS
10
-0.8629129133858268
20
2.8146701968503938
11
-0.8541290157480315
21
2.8058862992125984
0
LINE
8
BLACK
6
CONTINUOUS
10
-0.8541290157480315
20
2.8058862992125984
11
-0.8444168503937007
21
2.7981411023622047
0
LINE
8
BLACK
6
CONTINUOUS
10
-0.8444168503937007
20
2.7981411023622047
11
-0.8338985433070866
21
2.7915320472440945
0
LINE
8
BLACK
6
CONTINUOUS
10
-0.8338985433070866
20
2.7915320472440945
11
-0.8227064173228347
21
2.7861422047244093
0
LINE
8
BLACK
6
CONTINUOUS
10
-0.8227064173228347
20
2.7861422047244093
11
-0.8109812204724409
21
2.7820393700787402
0
LINE
8
BLACK
6
CONTINUOUS
10
-0.8109812204724409
20
2.7820393700787402
11
-0.7988703543307086
21
2.779275118110236
0
LINE
8
BLACK
6
CONTINUOUS
10
-0.7988703543307086
20
2.779275118110236
11
-0.7865261417322834
21
2.7778842519685041
0
LINE
8
BLACK
6
CONTINUOUS
10
-0.7865261417322834
20
2.7778842519685041
11
-0.774103779527559
21
2.7778842519685041
0
LINE
8
BLACK
6
CONTINUOUS
10
-0.774103779527559
20
2.7778842519685041
11
-0.7617595669291338
21
2.779275118110236
0
LINE
8
BLACK
6
CONTINUOUS
10
-0.7617595669291338
20
2.779275118110236
11
-0.7496487007874015
21
2.7820393700787402
0
LINE
8
BLACK
6
CONTINUOUS
10
-0.7496487007874015
20
2.7820393700787402
11
-0.7379235039370079
21
2.7861422047244093
0
LINE
8
BLACK
6
CONTINUOUS
10
-0.7379235039370079
20
2.7861422047244093
11
-0.7267313779527559
21
2.7915320472440945
0
LINE
8
BLACK
6
CONTINUOUS
10
-0.7267313779527559
20
2.7915320472440945
11
-0.7162130708661417
21
2.7981411023622047
0
LINE
8
BLACK
6
CONTINUOUS
10
-0.7162130708661417
20
2.7981411023622047
11
-0.706500905511811
21
2.8058862992125984
0
LINE
8
BLACK
6
CONTINUOUS
10
-0.706500905511811
20
2.8058862992125984
11
-0.6977170078740157
21
2.8146701968503938
0
LINE
8
BLACK
6
CONTINUOUS
10
-0.6977170078740157
20
2.8146701968503938
11
-0.689971811023622
21
2.8243823622047244
0
LINE
8
BLACK
6
CONTINUOUS
10
-0.689971811023622
20
2.8243823622047244
11
-0.6833627559055118
21
2.8349006692913385
0
LINE
8
BLACK
6
CONTINUOUS
10
-0.6833627559055118
20
2.8349006692913385
11
-0.6779729133858268
21
2.8460927952755903
0
LINE
8
BLACK
6
CONTINUOUS
10
-0.6779729133858268
20
2.8460927952755903
11
-0.6738700787401575
21
2.8578179921259843
0
LINE
8
BLACK
6
CONTINUOUS
10
-0.6738700787401575
20
2.8578179921259843
11
-0.6711058267716535
21
2.8699288582677163
0
LINE
8
BLACK
6
CONTINUOUS
10
-0.6711058267716535
20
2.8699288582677163
11
-0.6697149606299212
21
2.8822730708661415
0
LINE
8
BLACK
6
CONTINUOUS
10
-0.6697149606299212
20
2.8822730708661415
11
-0.6697149606299212
21
2.8946954330708663
0
LINE
8
BLACK
6
CONTINUOUS
10
-0.6697149606299212
20
2.8946954330708663
11
-0.6711058267716535
21
2.9070396456692911
0
LINE
8
BLACK
6
CONTINUOUS
10
-0.6711058267716535
20
2.9070396456692911
11
-0.6738700787401575
21
2.9191505118110235
0
LINE
8
BLACK
6
CONTINUOUS
10
-0.6738700787401575
20
2.9191505118110235
11
-0.6779729133858268
21
2.9308757086614174
0
LINE
8
BLACK
6
CONTINUOUS
10
-0.6779729133858268
20
2.9308757086614174
11
-0.6833627559055118
21
2.9420678346456692
0
LINE
8
BLACK
6
CONTINUOUS
10
-0.6833627559055118
20
2.9420678346456692
11
-0.689971811023622
21
2.9525861417322834
0
LINE
8
BLACK
6
CONTINUOUS
10
-0.689971811023622
20
2.9525861417322834
11
-0.6977170078740157
21
2.962298307086614
0
LINE
8
BLACK
6
CONTINUOUS
10
-0.6977170078740157
20
2.962298307086614
11
-0.706500905511811
21
2.9710822047244094
0
LINE
8
BLACK
6
CONTINUOUS
10
-0.706500905511811
20
2.9710822047244094
11
-0.7162130708661417
21
2.9788274015748031
0
LINE
8
BLACK
6
CONTINUOUS
10
-0.7162130708661417
20
2.9788274015748031
11
-0.7267313779527559
21
2.9854364566929132
0
LINE
8
BLACK
6
CONTINUOUS
10
-0.7267313779527559
20
2.9854364566929132
11
-0.7379235039370079
21
2.9908262992125985
0
LINE
8
BLACK
6
CONTINUOUS
10
-0.7379235039370079
20
2.9908262992125985
11
-0.7496487007874015
21
2.9949291338582675
0
LINE
8
BLACK
6
CONTINUOUS
10
-0.7496487007874015
20
2.9949291338582675
11
-0.7617595669291338
21
2.9976933858267718
0
LINE
8
BLACK
6
CONTINUOUS
10
-0.7617595669291338
20
2.9976933858267718
11
-0.774103779527559
21
2.9990842519685037
0
LINE
8
BLACK
6
CONTINUOUS
10
-0.774103779527559
20
2.9990842519685037
11
-0.7865261417322834
21
2.9990842519685037
0
LINE
8
BLACK
6
CONTINUOUS
10
-0.7865261417322834
20
2.9990842519685037
11
-0.7988703543307086
21
2.9976933858267718
0
LINE
8
BLACK
6
CONTINUOUS
10
-0.7988703543307086
20
2.9976933858267718
11
-0.8109812204724409
21
2.9949291338582675
0
LINE
8
BLACK
6
CONTINUOUS
10
-0.8109812204724409
20
2.9949291338582675
11
-0.8227064173228347
21
2.9908262992125985
0
LINE
8
BLACK
6
CONTINUOUS
10
-0.8227064173228347
20
2.9908262992125985
11
-0.8338985433070866
21
2.9854364566929132
0
LINE
8
BLACK
6
CONTINUOUS
10
-0.8338985433070866
20
2.9854364566929132
11
-0.8444168503937007
21
2.9788274015748031
0
LINE
8
BLACK
6
CONTINUOUS
10
-0.8444168503937007
20
2.9788274015748031
11
-0.8541290157480315
21
2.9710822047244094
0
LINE
8
BLACK
6
CONTINUOUS
10
-0.8541290157480315
20
2.9710822047244094
11
-0.8629129133858268
21
2.962298307086614
0
LINE
8
BLACK
6
CONTINUOUS
10
-0.8629129133858268
20
2.962298307086614
11
-0.8706581102362204
21
2.9525861417322834
0
LINE
8
BLACK
6
CONTINUOUS
10
-0.8706581102362204
20
2.9525861417322834
11
-0.8772671653543307
21
2.9420678346456692
0
LINE
8
BLACK
6
CONTINUOUS
10
-0.8772671653543307
20
2.9420678346456692
11
-0.8826570078740157
21
2.9308757086614174
0
LINE
8
BLACK
6
CONTINUOUS
10
-0.8826570078740157
20
2.9308757086614174
11
-0.886759842519685
21
2.9191505118110235
0
LINE
8
BLACK
6
CONTINUOUS
10
-0.886759842519685
20
2.9191505118110235
11
-0.8895240944881889
21
2.9070396456692911
0
LINE
8
BLACK
6
CONTINUOUS
10
-0.8895240944881889
20
2.9070396456692911
11
-0.8909149606299213
21
2.8946954330708663
0
LINE
8
BLACK
6
CONTINUOUS
10
-0.8909149606299213
20
2.8946954330708663
11
-0.8909149606299213
21
2.8822730708661415
0
LINE
8
BLACK
6
CONTINUOUS
10
-0.4610737795275591
20
2.8322994881889763
11
-0.4609757874015748
21
2.8322588976377951
0
LINE
8
BLACK
6
CONTINUOUS
10
-0.4609757874015748
20
2.8322588976377951
11
-0.4608699606299212
21
2.8322513779527561
0
LINE
8
BLACK
6
CONTINUOUS
10
-0.4608699606299212
20
2.8322513779527561
11
-0.4603293307086614
21
2.8320444881889761
0
LINE
8
BLACK
6
CONTINUOUS
10
-0.4603293307086614
20
2.8320444881889761
11
-0.4565798031496063
21
2.8301697244094486
0
LINE
8
BLACK
6
CONTINUOUS
10
-0.4565798031496063
20
2.8301697244094486
11
-0.456331811023622
21
2.8300136614173228
0
LINE
8
BLACK
6
CONTINUOUS
10
-0.456331811023622
20
2.8300136614173228
11
-0.456259842519685
21
2.8299838188976376
0
LINE
8
BLACK
6
CONTINUOUS
10
-0.456259842519685
20
2.8299838188976376
11
-0.4561788976377953
21
2.8299173622047245
0
LINE
8
BLACK
6
CONTINUOUS
10
-0.4561788976377953
20
2.8299173622047245
11
-0.4560899212598425
21
2.8298613779527559
0
LINE
8
BLACK
6
CONTINUOUS
10
-0.4560899212598425
20
2.8298613779527559
11
-0.4560387795275591
21
2.8298024015748031
0
LINE
8
BLACK
6
CONTINUOUS
10
-0.4560387795275591
20
2.8298024015748031
11
-0.4558124015748031
21
2.8296166141732284
0
LINE
8
BLACK
6
CONTINUOUS
10
-0.4558124015748031
20
2.8296166141732284
11
-0.4539376377952756
21
2.8277418503937009
0
LINE
8
BLACK
6
CONTINUOUS
10
-0.4539376377952756
20
2.8277418503937009
11
-0.4537518897637795
21
2.8275155118110233
0
LINE
8
BLACK
6
CONTINUOUS
10
-0.4537518897637795
20
2.8275155118110233
11
-0.453692874015748
21
2.8274643307086613
0
LINE
8
BLACK
6
CONTINUOUS
10
-0.453692874015748
20
2.8274643307086613
11
-0.4536369291338583
21
2.8273753937007875
0
LINE
8
BLACK
6
CONTINUOUS
10
-0.4536369291338583
20
2.8273753937007875
11
-0.4535704330708661
21
2.827294409448819
0
LINE
8
BLACK
6
CONTINUOUS
10
-0.4535704330708661
20
2.827294409448819
11
-0.4535406299212598
21
2.8272224803149606
0
LINE
8
BLACK
6
CONTINUOUS
10
-0.4535406299212598
20
2.8272224803149606
11
-0.4533845275590551
21
2.8269744488188975
0
LINE
8
BLACK
6
CONTINUOUS
10
-0.4533845275590551
20
2.8269744488188975
11
-0.4515097637795276
21
2.8232249212598424
0
LINE
8
BLACK
6
CONTINUOUS
10
-0.4515097637795276
20
2.8232249212598424
11
-0.451302874015748
21
2.8226843307086615
0
LINE
8
BLACK
6
CONTINUOUS
10
-0.451302874015748
20
2.8226843307086615
11
-0.4512953543307087
21
2.822578464566929
0
LINE
8
BLACK
6
CONTINUOUS
10
-0.4512953543307087
20
2.822578464566929
11
-0.4512547637795276
21
2.8224804724409447
0
LINE
8
BLACK
6
CONTINUOUS
10
-0.4512547637795276
20
2.8224804724409447
11
-0.451198031496063
21
2.8219044094488188
0
LINE
8
BLACK
6
CONTINUOUS
10
-0.451198031496063
20
2.8219044094488188
11
-0.451198031496063
21
2.8106558267716535
0
LINE
8
BLACK
6
CONTINUOUS
10
-0.451198031496063
20
2.8106558267716535
11
-0.4512547637795276
21
2.8100797637795276
0
LINE
8
BLACK
6
CONTINUOUS
10
-0.4512547637795276
20
2.8100797637795276
11
-0.4512953543307087
21
2.8099818110236221
0
LINE
8
BLACK
6
CONTINUOUS
10
-0.4512953543307087
20
2.8099818110236221
11
-0.451302874015748
21
2.8098759055118108
0
LINE
8
BLACK
6
CONTINUOUS
10
-0.451302874015748
20
2.8098759055118108
11
-0.4515097637795276
21
2.8093353149606299
0
LINE
8
BLACK
6
CONTINUOUS
10
-0.4515097637795276
20
2.8093353149606299
11
-0.4533845275590551
21
2.8055857874015748
0
LINE
8
BLACK
6
CONTINUOUS
10
-0.4533845275590551
20
2.8055857874015748
11
-0.4535405905511811
21
2.8053379133858267
0
LINE
8
BLACK
6
CONTINUOUS
10
-0.4535405905511811
20
2.8053379133858267
11
-0.4535703937007874
21
2.805265866141732
0
LINE
8
BLACK
6
CONTINUOUS
10
-0.4535703937007874
20
2.805265866141732
11
-0.4536369291338583
21
2.8051848425196848
0
LINE
8
BLACK
6
CONTINUOUS
10
-0.4536369291338583
20
2.8051848425196848
11
-0.453692874015748
21
2.805095905511811
0
LINE
8
BLACK
6
CONTINUOUS
10
-0.453692874015748
20
2.805095905511811
11
-0.4537518897637795
21
2.8050447637795277
0
LINE
8
BLACK
6
CONTINUOUS
10
-0.4537518897637795
20
2.8050447637795277
11
-0.4539376377952756
21
2.8048183858267715
0
LINE
8
BLACK
6
CONTINUOUS
10
-0.4539376377952756
20
2.8048183858267715
11
-0.4558123622047244
21
2.8029436220472439
0
LINE
8
BLACK
6
CONTINUOUS
10
-0.4558123622047244
20
2.8029436220472439
11
-0.4560387401574803
21
2.8027578740157479
0
LINE
8
BLACK
6
CONTINUOUS
10
-0.4560387401574803
20
2.8027578740157479
11
-0.4560899212598425
21
2.8026988188976376
0
LINE
8
BLACK
6
CONTINUOUS
10
-0.4560899212598425
20
2.8026988188976376
11
-0.4561788976377953
21
2.8026428346456691
0
LINE
8
BLACK
6
CONTINUOUS
10
-0.4561788976377953
20
2.8026428346456691
11
-0.456259842519685
21
2.8025763779527559
0
LINE
8
BLACK
6
CONTINUOUS
10
-0.456259842519685
20
2.8025763779527559
11
-0.456331811023622
21
2.8025465748031495
0
LINE
8
BLACK
6
CONTINUOUS
10
-0.456331811023622
20
2.8025465748031495
11
-0.4565798031496063
21
2.802390472440945
0
LINE
8
BLACK
6
CONTINUOUS
10
-0.4565798031496063
20
2.802390472440945
11
-0.4603293307086614
21
2.8005157086614174
0
LINE
8
BLACK
6
CONTINUOUS
10
-0.4603293307086614
20
2.8005157086614174
11
-0.4608699606299212
21
2.8003088188976379
0
LINE
8
BLACK
6
CONTINUOUS
10
-0.4608699606299212
20
2.8003088188976379
11
-0.4609757874015748
21
2.8003013385826772
0
LINE
8
BLACK
6
CONTINUOUS
10
-0.4609757874015748
20
2.8003013385826772
11
-0.4610737795275591
21
2.8002607086614173
0
LINE
8
BLACK
6
CONTINUOUS
10
-0.4610737795275591
20
2.8002607086614173
11
-0.461649842519685
21
2.8002039763779525
0
LINE
8
BLACK
6
CONTINUOUS
10
-0.461649842519685
20
2.8002039763779525
11
-0.4691488976377953
21
2.8002039763779525
0
LINE
8
BLACK
6
CONTINUOUS
10
-0.4691488976377953
20
2.8002039763779525
11
-0.4697249606299213
21
2.8002607086614173
0
LINE
8
BLACK
6
CONTINUOUS
10
-0.4697249606299213
20
2.8002607086614173
11
-0.4698229527559055
21
2.8003012992125984
0
LINE
8
BLACK
6
CONTINUOUS
10
-0.4698229527559055
20
2.8003012992125984
11
-0.4699288188976378
21
2.8003088188976379
0
LINE
8
BLACK
6
CONTINUOUS
10
-0.4699288188976378
20
2.8003088188976379
11
-0.4699456692913386
21
2.8003152755905512
0
LINE
8
BLACK
6
CONTINUOUS
10
-0.4699456692913386
20
2.8003152755905512
11
-0.4699456692913386
21
2.7900333858267716
0
LINE
8
BLACK
6
CONTINUOUS
10
-0.4699456692913386
20
2.7900333858267716
11
-0.4700024015748032
21
2.7894573228346458
0
LINE
8
BLACK
6
CONTINUOUS
10
-0.4700024015748032
20
2.7894573228346458
11
-0.4704433070866141
21
2.7883929133858265
0
LINE
8
BLACK
6
CONTINUOUS
10
-0.4704433070866141
20
2.7883929133858265
11
-0.4712579527559055
21
2.7875782677165355
0
LINE
8
BLACK
6
CONTINUOUS
10
-0.4712579527559055
20
2.7875782677165355
11
-0.4723223622047244
21
2.7871373622047244
0
LINE
8
BLACK
6
CONTINUOUS
10
-0.4723223622047244
20
2.7871373622047244
11
-0.4734744881889764
21
2.7871373622047244
0
LINE
8
BLACK
6
CONTINUOUS
10
-0.4734744881889764
20
2.7871373622047244
11
-0.4745388976377953
21
2.7875782677165355
0
LINE
8
BLACK
6
CONTINUOUS
10
-0.4745388976377953
20
2.7875782677165355
11
-0.4753535433070866
21
2.7883929133858265
0
LINE
8
BLACK
6
CONTINUOUS
10
-0.4753535433070866
20
2.7883929133858265
11
-0.4757944488188977
21
2.7894573228346458
0
LINE
8
BLACK
6
CONTINUOUS
10
-0.4757944488188977
20
2.7894573228346458
11
-0.4758511811023622
21
2.7900333858267716
0
LINE
8
BLACK
6
CONTINUOUS
10
-0.4758511811023622
20
2.7900333858267716
11
-0.4758511811023622
21
2.829403464566929
0
LINE
8
BLACK
6
CONTINUOUS
10
-0.4758511811023622
20
2.829403464566929
11
-0.4757944488188977
21
2.8299795275590549
0
LINE
8
BLACK
6
CONTINUOUS
10
-0.4757944488188977
20
2.8299795275590549
11
-0.4753535433070866
21
2.8310439370078742
0
LINE
8
BLACK
6
CONTINUOUS
10
-0.4753535433070866
20
2.8310439370078742
11
-0.4745388976377953
21
2.8318585826771652
0
LINE
8
BLACK
6
CONTINUOUS
10
-0.4745388976377953
20
2.8318585826771652
11
-0.4734744881889764
21
2.8322994881889763
0
LINE
8
BLACK
6
CONTINUOUS
10
-0.4734744881889764
20
2.8322994881889763
11
-0.4723223622047244
21
2.8322994881889763
0
LINE
8
BLACK
6
CONTINUOUS
10
-0.4723223622047244
20
2.8322994881889763
11
-0.4712579527559055
21
2.8318585826771652
0
LINE
8
BLACK
6
CONTINUOUS
10
-0.4712579527559055
20
2.8318585826771652
11
-0.4711190551181103
21
2.8317196850393702
0
LINE
8
BLACK
6
CONTINUOUS
10
-0.4711190551181103
20
2.8317196850393702
11
-0.4704694094488189
21
2.8320444881889761
0
LINE
8
BLACK
6
CONTINUOUS
10
-0.4704694094488189
20
2.8320444881889761
11
-0.4699288188976378
21
2.8322513779527561
0
LINE
8
BLACK
6
CONTINUOUS
10
-0.4699288188976378
20
2.8322513779527561
11
-0.4698229527559055
21
2.8322589370078739
0
LINE
8
BLACK
6
CONTINUOUS
10
-0.4698229527559055
20
2.8322589370078739
11
-0.4697249606299213
21
2.8322994881889763
0
LINE
8
BLACK
6
CONTINUOUS
10
-0.4697249606299213
20
2.8322994881889763
11
-0.4691488976377953
21
2.8323562204724411
0
LINE
8
BLACK
6
CONTINUOUS
10
-0.4691488976377953
20
2.8323562204724411
11
-0.461649842519685
21
2.8323562204724411
0
LINE
8
BLACK
6
CONTINUOUS
10
-0.461649842519685
20
2.8323562204724411
11
-0.4610737795275591
21
2.8322994881889763
0
LINE
8
BLACK
6
CONTINUOUS
10
-0.4699456692913386
20
2.8257038188976376
11
-0.4699456692913386
21
2.8068564173228348
0
LINE
8
BLACK
6
CONTINUOUS
10
-0.4699456692913386
20
2.8068564173228348
11
-0.4684518503937008
21
2.8061094881889761
0
LINE
8
BLACK
6
CONTINUOUS
10
-0.4684518503937008
20
2.8061094881889761
11
-0.4623468897637795
21
2.8061094881889761
0
LINE
8
BLACK
6
CONTINUOUS
10
-0.4623468897637795
20
2.8061094881889761
11
-0.4596494488188976
21
2.8074582283464564
0
LINE
8
BLACK
6
CONTINUOUS
10
-0.4596494488188976
20
2.8074582283464564
11
-0.4584523228346457
21
2.8086553937007874
0
LINE
8
BLACK
6
CONTINUOUS
10
-0.4584523228346457
20
2.8086553937007874
11
-0.4571035433070866
21
2.8113528740157481
0
LINE
8
BLACK
6
CONTINUOUS
10
-0.4571035433070866
20
2.8113528740157481
11
-0.4571035433070866
21
2.8212073622047242
0
LINE
8
BLACK
6
CONTINUOUS
10
-0.4571035433070866
20
2.8212073622047242
11
-0.4584522834645669
21
2.8239048425196849
0
LINE
8
BLACK
6
CONTINUOUS
10
-0.4584522834645669
20
2.8239048425196849
11
-0.4596494094488189
21
2.8251019685039371
0
LINE
8
BLACK
6
CONTINUOUS
10
-0.4596494094488189
20
2.8251019685039371
11
-0.4623468897637795
21
2.8264507086614175
0
LINE
8
BLACK
6
CONTINUOUS
10
-0.4623468897637795
20
2.8264507086614175
11
-0.4684518503937008
21
2.8264507086614175
0
LINE
8
BLACK
6
CONTINUOUS
10
-0.4684518503937008
20
2.8264507086614175
11
-0.4699456692913386
21
2.8257038188976376
0
LINE
8
BLACK
6
CONTINUOUS
10
-0.2286027952755905
20
2.8322994881889763
11
-0.2285048031496063
21
2.8322588976377951
0
LINE
8
BLACK
6
CONTINUOUS
10
-0.2285048031496063
20
2.8322588976377951
11
-0.2283989763779528
21
2.8322513779527561
0
LINE
8
BLACK
6
CONTINUOUS
10
-0.2283989763779528
20
2.8322513779527561
11
-0.2278583464566929
21
2.8320444881889761
0
LINE
8
BLACK
6
CONTINUOUS
10
-0.2278583464566929
20
2.8320444881889761
11
-0.2241088188976378
21
2.8301697244094486
0
LINE
8
BLACK
6
CONTINUOUS
10
-0.2241088188976378
20
2.8301697244094486
11
-0.2238608267716535
21
2.8300136614173228
0
LINE
8
BLACK
6
CONTINUOUS
10
-0.2238608267716535
20
2.8300136614173228
11
-0.2237888582677165
21
2.8299838188976376
0
LINE
8
BLACK
6
CONTINUOUS
10
-0.2237888582677165
20
2.8299838188976376
11
-0.2237079133858268
21
2.8299173622047245
0
LINE
8
BLACK
6
CONTINUOUS
10
-0.2237079133858268
20
2.8299173622047245
11
-0.223618937007874
21
2.8298613779527559
0
LINE
8
BLACK
6
CONTINUOUS
10
-0.223618937007874
20
2.8298613779527559
11
-0.2235677952755905
21
2.8298024015748031
0
LINE
8
BLACK
6
CONTINUOUS
10
-0.2235677952755905
20
2.8298024015748031
11
-0.2233414173228346
21
2.8296166141732284
0
LINE
8
BLACK
6
CONTINUOUS
10
-0.2233414173228346
20
2.8296166141732284
11
-0.2214666535433071
21
2.8277418503937009
0
LINE
8
BLACK
6
CONTINUOUS
10
-0.2214666535433071
20
2.8277418503937009
11
-0.221280905511811
21
2.8275155118110233
0
LINE
8
BLACK
6
CONTINUOUS
10
-0.221280905511811
20
2.8275155118110233
11
-0.2212218897637795
21
2.8274643307086613
0
LINE
8
BLACK
6
CONTINUOUS
10
-0.2212218897637795
20
2.8274643307086613
11
-0.2211659448818898
21
2.8273753937007875
0
LINE
8
BLACK
6
CONTINUOUS
10
-0.2211659448818898
20
2.8273753937007875
11
-0.2210994488188976
21
2.827294409448819
0
LINE
8
BLACK
6
CONTINUOUS
10
-0.2210994488188976
20
2.827294409448819
11
-0.2210696456692913
21
2.8272224803149606
0
LINE
8
BLACK
6
CONTINUOUS
10
-0.2210696456692913
20
2.8272224803149606
11
-0.2209135433070866
21
2.8269744488188975
0
LINE
8
BLACK
6
CONTINUOUS
10
-0.2209135433070866
20
2.8269744488188975
11
-0.219038779527559
21
2.8232249212598424
0
LINE
8
BLACK
6
CONTINUOUS
10
-0.219038779527559
20
2.8232249212598424
11
-0.2188318897637795
21
2.8226843307086615
0
LINE
8
BLACK
6
CONTINUOUS
10
-0.2188318897637795
20
2.8226843307086615
11
-0.2188243700787401
21
2.822578464566929
0
LINE
8
BLACK
6
CONTINUOUS
10
-0.2188243700787401
20
2.822578464566929
11
-0.2187837795275591
21
2.8224804724409447
0
LINE
8
BLACK
6
CONTINUOUS
10
-0.2187837795275591
20
2.8224804724409447
11
-0.2187270472440945
21
2.8219044094488188
0
LINE
8
BLACK
6
CONTINUOUS
10
-0.2187270472440945
20
2.8219044094488188
11
-0.2187270472440945
21
2.8106558267716535
0
LINE
8
BLACK
6
CONTINUOUS
10
-0.2187270472440945
20
2.8106558267716535
11
-0.2187837795275591
21
2.8100797637795276
0
LINE
8
BLACK
6
CONTINUOUS
10
-0.2187837795275591
20
2.8100797637795276
11
-0.2188243700787401
21
2.8099818110236221
0
LINE
8
BLACK
6
CONTINUOUS
10
-0.2188243700787401
20
2.8099818110236221
11
-0.2188318897637795
21
2.8098759055118108
0
LINE
8
BLACK
6
CONTINUOUS
10
-0.2188318897637795
20
2.8098759055118108
11
-0.219038779527559
21
2.8093353149606299
0
LINE
8
BLACK
6
CONTINUOUS
10
-0.219038779527559
20
2.8093353149606299
11
-0.2209135433070866
21
2.8055857874015748
0
LINE
8
BLACK
6
CONTINUOUS
10
-0.2209135433070866
20
2.8055857874015748
11
-0.2210696062992126
21
2.8053379133858267
0
LINE
8
BLACK
6
CONTINUOUS
10
-0.2210696062992126
20
2.8053379133858267
11
-0.2210994094488189
21
2.805265866141732
0
LINE
8
BLACK
6
CONTINUOUS
10
-0.2210994094488189
20
2.805265866141732
11
-0.2211659448818898
21
2.8051848425196848
0
LINE
8
BLACK
6
CONTINUOUS
10
-0.2211659448818898
20
2.8051848425196848
11
-0.2212218897637795
21
2.805095905511811
0
LINE
8
BLACK
6
CONTINUOUS
10
-0.2212218897637795
20
2.805095905511811
11
-0.221280905511811
21
2.8050447637795277
0
LINE
8
BLACK
6
CONTINUOUS
10
-0.221280905511811
20
2.8050447637795277
11
-0.2214666535433071
21
2.8048183858267715
0
LINE
8
BLACK
6
CONTINUOUS
10
-0.2214666535433071
20
2.8048183858267715
11
-0.2233413779527559
21
2.8029436220472439
0
LINE
8
BLACK
6
CONTINUOUS
10
-0.2233413779527559
20
2.8029436220472439
11
-0.2235677559055118
21
2.8027578740157479
0
LINE
8
BLACK
6
CONTINUOUS
10
-0.2235677559055118
20
2.8027578740157479
11
-0.223618937007874
21
2.8026988188976376
0
LINE
8
BLACK
6
CONTINUOUS
10
-0.223618937007874
20
2.8026988188976376
11
-0.2237079133858268
21
2.8026428346456691
0
LINE
8
BLACK
6
CONTINUOUS
10
-0.2237079133858268
20
2.8026428346456691
11
-0.2237888582677165
21
2.8025763779527559
0
LINE
8
BLACK
6
CONTINUOUS
10
-0.2237888582677165
20
2.8025763779527559
11
-0.2238608267716535
21
2.8025465748031495
0
LINE
8
BLACK
6
CONTINUOUS
10
-0.2238608267716535
20
2.8025465748031495
11
-0.2241088188976378
21
2.802390472440945
0
LINE
8
BLACK
6
CONTINUOUS
10
-0.2241088188976378
20
2.802390472440945
11
-0.2278583464566929
21
2.8005157086614174
0
LINE
8
BLACK
6
CONTINUOUS
10
-0.2278583464566929
20
2.8005157086614174
11
-0.2283989763779528
21
2.8003088188976379
0
LINE
8
BLACK
6
CONTINUOUS
10
-0.2283989763779528
20
2.8003088188976379
11
-0.2285048031496063
21
2.8003013385826772
0
LINE
8
BLACK
6
CONTINUOUS
10
-0.2285048031496063
20
2.8003013385826772
11
-0.2286027952755905
21
2.8002607086614173
0
LINE
8
BLACK
6
CONTINUOUS
10
-0.2286027952755905
20
2.8002607086614173
11
-0.2291788582677165
21
2.8002039763779525
0
LINE
8
BLACK
6
CONTINUOUS
10
-0.2291788582677165
20
2.8002039763779525
11
-0.2366779133858268
21
2.8002039763779525
0
LINE
8
BLACK
6
CONTINUOUS
10
-0.2366779133858268
20
2.8002039763779525
11
-0.2372539763779528
21
2.8002607086614173
0
LINE
8
BLACK
6
CONTINUOUS
10
-0.2372539763779528
20
2.8002607086614173
11
-0.237351968503937
21
2.8003012992125984
0
LINE
8
BLACK
6
CONTINUOUS
10
-0.237351968503937
20
2.8003012992125984
11
-0.2374578346456693
21
2.8003088188976379
0
LINE
8
BLACK
6
CONTINUOUS
10
-0.2374578346456693
20
2.8003088188976379
11
-0.2374746850393701
21
2.8003152755905512
0
LINE
8
BLACK
6
CONTINUOUS
10
-0.2374746850393701
20
2.8003152755905512
11
-0.2374746850393701
21
2.7900333858267716
0
LINE
8
BLACK
6
CONTINUOUS
10
-0.2374746850393701
20
2.7900333858267716
11
-0.2375314173228346
21
2.7894573228346458
0
LINE
8
BLACK
6
CONTINUOUS
10
-0.2375314173228346
20
2.7894573228346458
11
-0.2379723228346457
21
2.7883929133858265
0
LINE
8
BLACK
6
CONTINUOUS
10
-0.2379723228346457
20
2.7883929133858265
11
-0.238786968503937
21
2.7875782677165355
0
LINE
8
BLACK
6
CONTINUOUS
10
-0.238786968503937
20
2.7875782677165355
11
-0.2398513779527559
21
2.7871373622047244
0
LINE
8
BLACK
6
CONTINUOUS
10
-0.2398513779527559
20
2.7871373622047244
11
-0.2410035039370079
21
2.7871373622047244
0
LINE
8
BLACK
6
CONTINUOUS
10
-0.2410035039370079
20
2.7871373622047244
11
-0.2420679133858268
21
2.7875782677165355
0
LINE
8
BLACK
6
CONTINUOUS
10
-0.2420679133858268
20
2.7875782677165355
11
-0.2428825590551181
21
2.7883929133858265
0
LINE
8
BLACK
6
CONTINUOUS
10
-0.2428825590551181
20
2.7883929133858265
11
-0.2433234645669291
21
2.7894573228346458
0
LINE
8
BLACK
6
CONTINUOUS
10
-0.2433234645669291
20
2.7894573228346458
11
-0.2433801968503937
21
2.7900333858267716
0
LINE
8
BLACK
6
CONTINUOUS
10
-0.2433801968503937
20
2.7900333858267716
11
-0.2433801968503937
21
2.829403464566929
0
LINE
8
BLACK
6
CONTINUOUS
10
-0.2433801968503937
20
2.829403464566929
11
-0.2433234645669291
21
2.8299795275590549
0
LINE
8
BLACK
6
CONTINUOUS
10
-0.2433234645669291
20
2.8299795275590549
11
-0.2428825590551181
21
2.8310439370078742
0
LINE
8
BLACK
6
CONTINUOUS
10
-0.2428825590551181
20
2.8310439370078742
11
-0.2420679133858268
21
2.8318585826771652
0
LINE
8
BLACK
6
CONTINUOUS
10
-0.2420679133858268
20
2.8318585826771652
11
-0.2410035039370079
21
2.8322994881889763
0
LINE
8
BLACK
6
CONTINUOUS
10
-0.2410035039370079
20
2.8322994881889763
11
-0.2398513779527559
21
2.8322994881889763
0
LINE
8
BLACK
6
CONTINUOUS
10
-0.2398513779527559
20
2.8322994881889763
11
-0.238786968503937
21
2.8318585826771652
0
LINE
8
BLACK
6
CONTINUOUS
10
-0.238786968503937
20
2.8318585826771652
11
-0.2386480708661417
21
2.8317196850393702
0
LINE
8
BLACK
6
CONTINUOUS
10
-0.2386480708661417
20
2.8317196850393702
11
-0.2379984251968504
21
2.8320444881889761
0
LINE
8
BLACK
6
CONTINUOUS
10
-0.2379984251968504
20
2.8320444881889761
11
-0.2374578346456693
21
2.8322513779527561
0
LINE
8
BLACK
6
CONTINUOUS
10
-0.2374578346456693
20
2.8322513779527561
11
-0.237351968503937
21
2.8322589370078739
0
LINE
8
BLACK
6
CONTINUOUS
10
-0.237351968503937
20
2.8322589370078739
11
-0.2372539763779528
21
2.8322994881889763
0
LINE
8
BLACK
6
CONTINUOUS
10
-0.2372539763779528
20
2.8322994881889763
11
-0.2366779133858268
21
2.8323562204724411
0
LINE
8
BLACK
6
CONTINUOUS
10
-0.2366779133858268
20
2.8323562204724411
11
-0.2291788582677165
21
2.8323562204724411
0
LINE
8
BLACK
6
CONTINUOUS
10
-0.2291788582677165
20
2.8323562204724411
11
-0.2286027952755905
21
2.8322994881889763
0
LINE
8
BLACK
6
CONTINUOUS
10
-0.2374746850393701
20
2.8257038188976376
11
-0.2374746850393701
21
2.8068564173228348
0
LINE
8
BLACK
6
CONTINUOUS
10
-0.2374746850393701
20
2.8068564173228348
11
-0.2359808661417323
21
2.8061094881889761
0
LINE
8
BLACK
6
CONTINUOUS
10
-0.2359808661417323
20
2.8061094881889761
11
-0.229875905511811
21
2.8061094881889761
0
LINE
8
BLACK
6
CONTINUOUS
10
-0.229875905511811
20
2.8061094881889761
11
-0.2271784645669291
21
2.8074582283464564
0
LINE
8
BLACK
6
CONTINUOUS
10
-0.2271784645669291
20
2.8074582283464564
11
-0.2259813385826772
21
2.8086553937007874
0
LINE
8
BLACK
6
CONTINUOUS
10
-0.2259813385826772
20
2.8086553937007874
11
-0.2246325590551181
21
2.8113528740157481
0
LINE
8
BLACK
6
CONTINUOUS
10
-0.2246325590551181
20
2.8113528740157481
11
-0.2246325590551181
21
2.8212073622047242
0
LINE
8
BLACK
6
CONTINUOUS
10
-0.2246325590551181
20
2.8212073622047242
11
-0.2259812992125984
21
2.8239048425196849
0
LINE
8
BLACK
6
CONTINUOUS
10
-0.2259812992125984
20
2.8239048425196849
11
-0.2271784251968504
21
2.8251019685039371
0
LINE
8
BLACK
6
CONTINUOUS
10
-0.2271784251968504
20
2.8251019685039371
11
-0.229875905511811
21
2.8264507086614175
0
LINE
8
BLACK
6
CONTINUOUS
10
-0.229875905511811
20
2.8264507086614175
11
-0.2359808661417323
21
2.8264507086614175
0
LINE
8
BLACK
6
CONTINUOUS
10
-0.2359808661417323
20
2.8264507086614175
11
-0.2374746850393701
21
2.8257038188976376
0
LINE
8
BLACK
6
CONTINUOUS
10
-0.3579616535433071
20
2.8023032283464566
11
-0.3568972440944882
21
2.8018623228346455
0
LINE
8
BLACK
6
CONTINUOUS
10
-0.3568972440944882
20
2.8018623228346455
11
-0.3560825984251969
21
2.8010476771653541
0
LINE
8
BLACK
6
CONTINUOUS
10
-0.3560825984251969
20
2.8010476771653541
11
-0.3556416929133858
21
2.7999832677165353
0
LINE
8
BLACK
6
CONTINUOUS
10
-0.3556416929133858
20
2.7999832677165353
11
-0.3556416929133858
21
2.7988311417322835
0
LINE
8
BLACK
6
CONTINUOUS
10
-0.3556416929133858
20
2.7988311417322835
11
-0.3560825984251969
21
2.7977667322834643
0
LINE
8
BLACK
6
CONTINUOUS
10
-0.3560825984251969
20
2.7977667322834643
11
-0.3568972440944882
21
2.7969520866141733
0
LINE
8
BLACK
6
CONTINUOUS
10
-0.3568972440944882
20
2.7969520866141733
11
-0.3579616535433071
21
2.7965111811023622
0
LINE
8
BLACK
6
CONTINUOUS
10
-0.3579616535433071
20
2.7965111811023622
11
-0.358537716535433
21
2.7964544488188974
0
LINE
8
BLACK
6
CONTINUOUS
10
-0.358537716535433
20
2.7964544488188974
11
-0.388533937007874
21
2.7964544488188974
0
LINE
8
BLACK
6
CONTINUOUS
10
-0.388533937007874
20
2.7964544488188974
11
-0.38911
21
2.7965111811023622
0
LINE
8
BLACK
6
CONTINUOUS
10
-0.38911
20
2.7965111811023622
11
-0.3901744094488189
21
2.7969520866141733
0
LINE
8
BLACK
6
CONTINUOUS
10
-0.3901744094488189
20
2.7969520866141733
11
-0.3909890551181102
21
2.7977667322834643
0
LINE
8
BLACK
6
CONTINUOUS
10
-0.3909890551181102
20
2.7977667322834643
11
-0.3914299606299212
21
2.7988311417322835
0
LINE
8
BLACK
6
CONTINUOUS
10
-0.3914299606299212
20
2.7988311417322835
11
-0.3914299606299212
21
2.7999832677165353
0
LINE
8
BLACK
6
CONTINUOUS
10
-0.3914299606299212
20
2.7999832677165353
11
-0.3909890551181102
21
2.8010476771653541
0
LINE
8
BLACK
6
CONTINUOUS
10
-0.3909890551181102
20
2.8010476771653541
11
-0.3901744094488189
21
2.8018623228346455
0
LINE
8
BLACK
6
CONTINUOUS
10
-0.3901744094488189
20
2.8018623228346455
11
-0.38911
21
2.8023032283464566
0
LINE
8
BLACK
6
CONTINUOUS
10
-0.38911
20
2.8023032283464566
11
-0.388533937007874
21
2.802359960629921
0
LINE
8
BLACK
6
CONTINUOUS
10
-0.388533937007874
20
2.802359960629921
11
-0.358537716535433
21
2.802359960629921
0
LINE
8
BLACK
6
CONTINUOUS
10
-0.358537716535433
20
2.802359960629921
11
-0.3579616535433071
21
2.8023032283464566
0
LINE
8
BLACK
6
CONTINUOUS
10
-0.2904700787401575
20
2.8023032283464566
11
-0.2894056692913386
21
2.8018623228346455
0
LINE
8
BLACK
6
CONTINUOUS
10
-0.2894056692913386
20
2.8018623228346455
11
-0.2885910236220472
21
2.8010476771653541
0
LINE
8
BLACK
6
CONTINUOUS
10
-0.2885910236220472
20
2.8010476771653541
11
-0.2881501181102362
21
2.7999832677165353
0
LINE
8
BLACK
6
CONTINUOUS
10
-0.2881501181102362
20
2.7999832677165353
11
-0.2881501181102362
21
2.7988311417322835
0
LINE
8
BLACK
6
CONTINUOUS
10
-0.2881501181102362
20
2.7988311417322835
11
-0.2885910236220472
21
2.7977667322834643
0
LINE
8
BLACK
6
CONTINUOUS
10
-0.2885910236220472
20
2.7977667322834643
11
-0.2894056692913386
21
2.7969520866141733
0
LINE
8
BLACK
6
CONTINUOUS
10
-0.2894056692913386
20
2.7969520866141733
11
-0.2904700787401575
21
2.7965111811023622
0
LINE
8
BLACK
6
CONTINUOUS
10
-0.2904700787401575
20
2.7965111811023622
11
-0.2910461417322834
21
2.7964544488188974
0
LINE
8
BLACK
6
CONTINUOUS
10
-0.2910461417322834
20
2.7964544488188974
11
-0.3210423622047244
21
2.7964544488188974
0
LINE
8
BLACK
6
CONTINUOUS
10
-0.3210423622047244
20
2.7964544488188974
11
-0.3216184251968504
21
2.7965111811023622
0
LINE
8
BLACK
6
CONTINUOUS
10
-0.3216184251968504
20
2.7965111811023622
11
-0.3226828346456693
21
2.7969520866141733
0
LINE
8
BLACK
6
CONTINUOUS
10
-0.3226828346456693
20
2.7969520866141733
11
-0.3234974803149606
21
2.7977667322834643
0
LINE
8
BLACK
6
CONTINUOUS
10
-0.3234974803149606
20
2.7977667322834643
11
-0.3239383858267716
21
2.7988311417322835
0
LINE
8
BLACK
6
CONTINUOUS
10
-0.3239383858267716
20
2.7988311417322835
11
-0.3239383858267716
21
2.7999832677165353
0
LINE
8
BLACK
6
CONTINUOUS
10
-0.3239383858267716
20
2.7999832677165353
11
-0.3234974803149606
21
2.8010476771653541
0
LINE
8
BLACK
6
CONTINUOUS
10
-0.3234974803149606
20
2.8010476771653541
11
-0.3226828346456693
21
2.8018623228346455
0
LINE
8
BLACK
6
CONTINUOUS
10
-0.3226828346456693
20
2.8018623228346455
11
-0.3216184251968504
21
2.8023032283464566
0
LINE
8
BLACK
6
CONTINUOUS
10
-0.3216184251968504
20
2.8023032283464566
11
-0.3210423622047244
21
2.802359960629921
0
LINE
8
BLACK
6
CONTINUOUS
10
-0.3210423622047244
20
2.802359960629921
11
-0.2910461417322834
21
2.802359960629921
0
LINE
8
BLACK
6
CONTINUOUS
10
-0.2910461417322834
20
2.802359960629921
11
-0.2904700787401575
21
2.8023032283464566
0
LINE
8
BLACK
6
CONTINUOUS
10
-0.5781196062992126
20
2.8449819291338581
11
-0.5773049606299212
21
2.844167283464567
0
LINE
8
BLACK
6
CONTINUOUS
10
-0.5773049606299212
20
2.844167283464567
11
-0.5768640551181102
21
2.8431028740157478
0
LINE
8
BLACK
6
CONTINUOUS
10
-0.5768640551181102
20
2.8431028740157478
11
-0.5768073228346456
21
2.8425268110236219
0
LINE
8
BLACK
6
CONTINUOUS
10
-0.5768073228346456
20
2.8425268110236219
11
-0.5768073228346456
21
2.8144053543307086
0
LINE
8
BLACK
6
CONTINUOUS
10
-0.5768073228346456
20
2.8144053543307086
11
-0.576836062992126
21
2.8141137795275588
0
LINE
8
BLACK
6
CONTINUOUS
10
-0.576836062992126
20
2.8141137795275588
11
-0.5768305118110236
21
2.8140360236220472
0
LINE
8
BLACK
6
CONTINUOUS
10
-0.5768305118110236
20
2.8140360236220472
11
-0.576853779527559
21
2.813933779527559
0
LINE
8
BLACK
6
CONTINUOUS
10
-0.576853779527559
20
2.813933779527559
11
-0.5768640551181102
21
2.8138292913385827
0
LINE
8
BLACK
6
CONTINUOUS
10
-0.5768640551181102
20
2.8138292913385827
11
-0.5768939370078741
21
2.813757244094488
0
LINE
8
BLACK
6
CONTINUOUS
10
-0.5768939370078741
20
2.813757244094488
11
-0.5769588582677165
21
2.8134715748031494
0
LINE
8
BLACK
6
CONTINUOUS
10
-0.5769588582677165
20
2.8134715748031494
11
-0.5788336220472441
21
2.8078473228346454
0
LINE
8
BLACK
6
CONTINUOUS
10
-0.5788336220472441
20
2.8078473228346454
11
-0.5790696062992126
21
2.8073187401574802
0
LINE
8
BLACK
6
CONTINUOUS
10
-0.5790696062992126
20
2.8073187401574802
11
-0.5791391338582677
21
2.8072386220472438
0
LINE
8
BLACK
6
CONTINUOUS
10
-0.5791391338582677
20
2.8072386220472438
11
-0.5791796850393701
21
2.8071406299212596
0
LINE
8
BLACK
6
CONTINUOUS
10
-0.5791796850393701
20
2.8071406299212596
11
-0.5795468897637795
21
2.8066931889763778
0
LINE
8
BLACK
6
CONTINUOUS
10
-0.5795468897637795
20
2.8066931889763778
11
-0.5832964566929134
21
2.8029435826771651
0
LINE
8
BLACK
6
CONTINUOUS
10
-0.5832964566929134
20
2.8029435826771651
11
-0.5837438976377952
21
2.8025763779527559
0
LINE
8
BLACK
6
CONTINUOUS
10
-0.5837438976377952
20
2.8025763779527559
11
-0.583841968503937
21
2.8025357874015748
0
LINE
8
BLACK
6
CONTINUOUS
10
-0.583841968503937
20
2.8025357874015748
11
-0.5839220866141732
21
2.8024662598425194
0
LINE
8
BLACK
6
CONTINUOUS
10
-0.5839220866141732
20
2.8024662598425194
11
-0.5844506299212598
21
2.802230275590551
0
LINE
8
BLACK
6
CONTINUOUS
10
-0.5844506299212598
20
2.802230275590551
11
-0.5900749212598425
21
2.8003555118110235
0
LINE
8
BLACK
6
CONTINUOUS
10
-0.5900749212598425
20
2.8003555118110235
11
-0.5903605118110236
21
2.8002905905511812
0
LINE
8
BLACK
6
CONTINUOUS
10
-0.5903605118110236
20
2.8002905905511812
11
-0.5904325984251968
21
2.8002607086614173
0
LINE
8
BLACK
6
CONTINUOUS
10
-0.5904325984251968
20
2.8002607086614173
11
-0.590537125984252
21
2.800250433070866
0
LINE
8
BLACK
6
CONTINUOUS
10
-0.590537125984252
20
2.800250433070866
11
-0.5906393700787401
21
2.8002271653543307
0
LINE
8
BLACK
6
CONTINUOUS
10
-0.5906393700787401
20
2.8002271653543307
11
-0.590717125984252
21
2.800232716535433
0
LINE
8
BLACK
6
CONTINUOUS
10
-0.590717125984252
20
2.800232716535433
11
-0.5910086614173228
21
2.8002039763779525
0
LINE
8
BLACK
6
CONTINUOUS
10
-0.5910086614173228
20
2.8002039763779525
11
-0.5947581889763779
21
2.8002039763779525
0
LINE
8
BLACK
6
CONTINUOUS
10
-0.5947581889763779
20
2.8002039763779525
11
-0.5953342519685039
21
2.8002607086614173
0
LINE
8
BLACK
6
CONTINUOUS
10
-0.5953342519685039
20
2.8002607086614173
11
-0.5963986614173228
21
2.8007016141732284
0
LINE
8
BLACK
6
CONTINUOUS
10
-0.5963986614173228
20
2.8007016141732284
11
-0.5972133070866141
21
2.8015162598425198
0
LINE
8
BLACK
6
CONTINUOUS
10
-0.5972133070866141
20
2.8015162598425198
11
-0.5976542125984252
21
2.8025806692913386
0
LINE
8
BLACK
6
CONTINUOUS
10
-0.5976542125984252
20
2.8025806692913386
11
-0.5976542125984252
21
2.8037327952755904
0
LINE
8
BLACK
6
CONTINUOUS
10
-0.5976542125984252
20
2.8037327952755904
11
-0.5972133070866141
21
2.8047972047244092
0
LINE
8
BLACK
6
CONTINUOUS
10
-0.5972133070866141
20
2.8047972047244092
11
-0.5963986614173228
21
2.8056118503937006
0
LINE
8
BLACK
6
CONTINUOUS
10
-0.5963986614173228
20
2.8056118503937006
11
-0.5953342519685039
21
2.8060527559055117
0
LINE
8
BLACK
6
CONTINUOUS
10
-0.5953342519685039
20
2.8060527559055117
11
-0.5947581889763779
21
2.8061094881889761
0
LINE
8
BLACK
6
CONTINUOUS
10
-0.5947581889763779
20
2.8061094881889761
11
-0.5914877952755906
21
2.8061094881889761
0
LINE
8
BLACK
6
CONTINUOUS
10
-0.5914877952755906
20
2.8061094881889761
11
-0.5869794094488189
21
2.8076123228346455
0
LINE
8
BLACK
6
CONTINUOUS
10
-0.5869794094488189
20
2.8076123228346455
11
-0.5842156692913386
21
2.8103761023622047
0
LINE
8
BLACK
6
CONTINUOUS
10
-0.5842156692913386
20
2.8103761023622047
11
-0.5827128346456693
21
2.8148844881889765
0
LINE
8
BLACK
6
CONTINUOUS
10
-0.5827128346456693
20
2.8148844881889765
11
-0.5827128346456693
21
2.8425268110236219
0
LINE
8
BLACK
6
CONTINUOUS
10
-0.5827128346456693
20
2.8425268110236219
11
-0.5826561023622047
21
2.8431028740157478
0
LINE
8
BLACK
6
CONTINUOUS
10
-0.5826561023622047
20
2.8431028740157478
11
-0.5822151968503937
21
2.844167283464567
0
LINE
8
BLACK
6
CONTINUOUS
10
-0.5822151968503937
20
2.844167283464567
11
-0.5814005511811023
21
2.8449819291338581
0
LINE
8
BLACK
6
CONTINUOUS
10
-0.5814005511811023
20
2.8449819291338581
11
-0.5803361417322834
21
2.8454228346456691
0
LINE
8
BLACK
6
CONTINUOUS
10
-0.5803361417322834
20
2.8454228346456691
11
-0.5791840157480315
21
2.8454228346456691
0
LINE
8
BLACK
6
CONTINUOUS
10
-0.5791840157480315
20
2.8454228346456691
11
-0.5781196062992126
21
2.8449819291338581
0
LINE
8
BLACK
6
CONTINUOUS
10
-0.5593719291338582
20
2.8318585826771652
11
-0.5585572834645669
21
2.8310439370078742
0
LINE
8
BLACK
6
CONTINUOUS
10
-0.5585572834645669
20
2.8310439370078742
11
-0.5581163779527559
21
2.8299795275590549
0
LINE
8
BLACK
6
CONTINUOUS
10
-0.5581163779527559
20
2.8299795275590549
11
-0.5580596456692913
21
2.829403464566929
0
LINE
8
BLACK
6
CONTINUOUS
10
-0.5580596456692913
20
2.829403464566929
11
-0.5580596456692913
21
2.8094781102362205
0
LINE
8
BLACK
6
CONTINUOUS
10
-0.5580596456692913
20
2.8094781102362205
11
-0.556936811023622
21
2.8072323622047244
0
LINE
8
BLACK
6
CONTINUOUS
10
-0.556936811023622
20
2.8072323622047244
11
-0.554691062992126
21
2.8061094881889761
0
LINE
8
BLACK
6
CONTINUOUS
10
-0.554691062992126
20
2.8061094881889761
11
-0.5504608661417323
21
2.8061094881889761
0
LINE
8
BLACK
6
CONTINUOUS
10
-0.5504608661417323
20
2.8061094881889761
11
-0.5477634251968504
21
2.8074582283464564
0
LINE
8
BLACK
6
CONTINUOUS
10
-0.5477634251968504
20
2.8074582283464564
11
-0.547092283464567
21
2.8081293700787402
0
LINE
8
BLACK
6
CONTINUOUS
10
-0.547092283464567
20
2.8081293700787402
11
-0.547092283464567
21
2.829403464566929
0
LINE
8
BLACK
6
CONTINUOUS
10
-0.547092283464567
20
2.829403464566929
11
-0.5470355511811024
21
2.8299795275590549
0
LINE
8
BLACK
6
CONTINUOUS
10
-0.5470355511811024
20
2.8299795275590549
11
-0.5465946456692913
21
2.8310439370078742
0
LINE
8
BLACK
6
CONTINUOUS
10
-0.5465946456692913
20
2.8310439370078742
11
-0.54578
21
2.8318585826771652
0
LINE
8
BLACK
6
CONTINUOUS
10
-0.54578
20
2.8318585826771652
11
-0.5447155905511811
21
2.8322994881889763
0
LINE
8
BLACK
6
CONTINUOUS
10
-0.5447155905511811
20
2.8322994881889763
11
-0.5435634645669292
21
2.8322994881889763
0
LINE
8
BLACK
6
CONTINUOUS
10
-0.5435634645669292
20
2.8322994881889763
11
-0.5424990551181103
21
2.8318585826771652
0
LINE
8
BLACK
6
CONTINUOUS
10
-0.5424990551181103
20
2.8318585826771652
11
-0.5416844094488189
21
2.8310439370078742
0
LINE
8
BLACK
6
CONTINUOUS
10
-0.5416844094488189
20
2.8310439370078742
11
-0.5412435039370078
21
2.8299795275590549
0
LINE
8
BLACK
6
CONTINUOUS
10
-0.5412435039370078
20
2.8299795275590549
11
-0.5411867716535433
21
2.829403464566929
0
LINE
8
BLACK
6
CONTINUOUS
10
-0.5411867716535433
20
2.829403464566929
11
-0.5411867716535433
21
2.8031567322834645
0
LINE
8
BLACK
6
CONTINUOUS
10
-0.5411867716535433
20
2.8031567322834645
11
-0.5412435039370078
21
2.8025806692913386
0
LINE
8
BLACK
6
CONTINUOUS
10
-0.5412435039370078
20
2.8025806692913386
11
-0.5416844094488189
21
2.8015162598425198
0
LINE
8
BLACK
6
CONTINUOUS
10
-0.5416844094488189
20
2.8015162598425198
11
-0.5424990551181103
21
2.8007016141732284
0
LINE
8
BLACK
6
CONTINUOUS
10
-0.5424990551181103
20
2.8007016141732284
11
-0.5435634645669292
21
2.8002607086614173
0
LINE
8
BLACK
6
CONTINUOUS
10
-0.5435634645669292
20
2.8002607086614173
11
-0.5447155905511811
21
2.8002607086614173
0
LINE
8
BLACK
6
CONTINUOUS
10
-0.5447155905511811
20
2.8002607086614173
11
-0.54578
21
2.8007016141732284
0
LINE
8
BLACK
6
CONTINUOUS
10
-0.54578
20
2.8007016141732284
11
-0.5465438582677166
21
2.8014654724409449
0
LINE
8
BLACK
6
CONTINUOUS
10
-0.5465438582677166
20
2.8014654724409449
11
-0.5484433070866142
21
2.8005157086614174
0
LINE
8
BLACK
6
CONTINUOUS
10
-0.5484433070866142
20
2.8005157086614174
11
-0.548983937007874
21
2.8003088188976379
0
LINE
8
BLACK
6
CONTINUOUS
10
-0.548983937007874
20
2.8003088188976379
11
-0.5490897637795276
21
2.8003013385826772
0
LINE
8
BLACK
6
CONTINUOUS
10
-0.5490897637795276
20
2.8003013385826772
11
-0.5491877559055118
21
2.8002607086614173
0
LINE
8
BLACK
6
CONTINUOUS
10
-0.5491877559055118
20
2.8002607086614173
11
-0.5497638188976378
21
2.8002039763779525
0
LINE
8
BLACK
6
CONTINUOUS
10
-0.5497638188976378
20
2.8002039763779525
11
-0.5553881102362205
21
2.8002039763779525
0
LINE
8
BLACK
6
CONTINUOUS
10
-0.5553881102362205
20
2.8002039763779525
11
-0.5559641732283465
21
2.8002607086614173
0
LINE
8
BLACK
6
CONTINUOUS
10
-0.5559641732283465
20
2.8002607086614173
11
-0.5560621653543307
21
2.8003012992125984
0
LINE
8
BLACK
6
CONTINUOUS
10
-0.5560621653543307
20
2.8003012992125984
11
-0.556168031496063
21
2.8003088188976379
0
LINE
8
BLACK
6
CONTINUOUS
10
-0.556168031496063
20
2.8003088188976379
11
-0.556708622047244
21
2.8005157086614174
0
LINE
8
BLACK
6
CONTINUOUS
10
-0.556708622047244
20
2.8005157086614174
11
-0.5604581496062992
21
2.802390472440945
0
LINE
8
BLACK
6
CONTINUOUS
10
-0.5604581496062992
20
2.802390472440945
11
-0.5605545275590551
21
2.8024511417322833
0
LINE
8
BLACK
6
CONTINUOUS
10
-0.5605545275590551
20
2.8024511417322833
11
-0.5605999212598425
21
2.8024662598425194
0
LINE
8
BLACK
6
CONTINUOUS
10
-0.5605999212598425
20
2.8024662598425194
11
-0.5606564960629921
21
2.8025153149606297
0
LINE
8
BLACK
6
CONTINUOUS
10
-0.5606564960629921
20
2.8025153149606297
11
-0.560948031496063
21
2.8026988188976376
0
LINE
8
BLACK
6
CONTINUOUS
10
-0.560948031496063
20
2.8026988188976376
11
-0.5611907086614173
21
2.8029786614173227
0
LINE
8
BLACK
6
CONTINUOUS
10
-0.5611907086614173
20
2.8029786614173227
11
-0.5614703149606299
21
2.8032211417322834
0
LINE
8
BLACK
6
CONTINUOUS
10
-0.5614703149606299
20
2.8032211417322834
11
-0.5616538188976378
21
2.8035126377952757
0
LINE
8
BLACK
6
CONTINUOUS
10
-0.5616538188976378
20
2.8035126377952757
11
-0.561702874015748
21
2.8035692125984251
0
LINE
8
BLACK
6
CONTINUOUS
10
-0.561702874015748
20
2.8035692125984251
11
-0.561718031496063
21
2.8036146850393702
0
LINE
8
BLACK
6
CONTINUOUS
10
-0.561718031496063
20
2.8036146850393702
11
-0.5617786614173228
21
2.8037109842519685
0
LINE
8
BLACK
6
CONTINUOUS
10
-0.5617786614173228
20
2.8037109842519685
11
-0.5636534251968504
21
2.8074605511811024
0
LINE
8
BLACK
6
CONTINUOUS
10
-0.5636534251968504
20
2.8074605511811024
11
-0.5638603149606299
21
2.808001181102362
0
LINE
8
BLACK
6
CONTINUOUS
10
-0.5638603149606299
20
2.808001181102362
11
-0.5638678346456693
21
2.8081070078740158
0
LINE
8
BLACK
6
CONTINUOUS
10
-0.5638678346456693
20
2.8081070078740158
11
-0.5639084251968504
21
2.8082050000000001
0
LINE
8
BLACK
6
CONTINUOUS
10
-0.5639084251968504
20
2.8082050000000001
11
-0.5639651574803149
21
2.8087810629921259
0
LINE
8
BLACK
6
CONTINUOUS
10
-0.5639651574803149
20
2.8087810629921259
11
-0.5639651574803149
21
2.829403464566929
0
LINE
8
BLACK
6
CONTINUOUS
10
-0.5639651574803149
20
2.829403464566929
11
-0.5639084251968504
21
2.8299795275590549
0
LINE
8
BLACK
6
CONTINUOUS
10
-0.5639084251968504
20
2.8299795275590549
11
-0.5634675196850394
21
2.8310439370078742
0
LINE
8
BLACK
6
CONTINUOUS
10
-0.5634675196850394
20
2.8310439370078742
11
-0.562652874015748
21
2.8318585826771652
0
LINE
8
BLACK
6
CONTINUOUS
10
-0.562652874015748
20
2.8318585826771652
11
-0.5615884645669291
21
2.8322994881889763
0
LINE
8
BLACK
6
CONTINUOUS
10
-0.5615884645669291
20
2.8322994881889763
11
-0.5604363385826772
21
2.8322994881889763
0
LINE
8
BLACK
6
CONTINUOUS
10
-0.5604363385826772
20
2.8322994881889763
11
-0.5593719291338582
21
2.8318585826771652
0
LINE
8
BLACK
6
CONTINUOUS
10
-0.4254532283464567
20
2.8322994881889763
11
-0.4253552362204724
21
2.8322588976377951
0
LINE
8
BLACK
6
CONTINUOUS
10
-0.4253552362204724
20
2.8322588976377951
11
-0.4252494094488189
21
2.8322513779527561
0
LINE
8
BLACK
6
CONTINUOUS
10
-0.4252494094488189
20
2.8322513779527561
11
-0.424708779527559
21
2.8320444881889761
0
LINE
8
BLACK
6
CONTINUOUS
10
-0.424708779527559
20
2.8320444881889761
11
-0.4209592519685039
21
2.8301697244094486
0
LINE
8
BLACK
6
CONTINUOUS
10
-0.4209592519685039
20
2.8301697244094486
11
-0.4208629133858268
21
2.830109094488189
0
LINE
8
BLACK
6
CONTINUOUS
10
-0.4208629133858268
20
2.830109094488189
11
-0.4208174803149606
21
2.8300939370078741
0
LINE
8
BLACK
6
CONTINUOUS
10
-0.4208174803149606
20
2.8300939370078741
11
-0.4207609448818898
21
2.8300449212598426
0
LINE
8
BLACK
6
CONTINUOUS
10
-0.4207609448818898
20
2.8300449212598426
11
-0.4204693700787401
21
2.8298613779527559
0
LINE
8
BLACK
6
CONTINUOUS
10
-0.4204693700787401
20
2.8298613779527559
11
-0.420226811023622
21
2.8295816929133859
0
LINE
8
BLACK
6
CONTINUOUS
10
-0.420226811023622
20
2.8295816929133859
11
-0.4199470866141732
21
2.8293390944881889
0
LINE
8
BLACK
6
CONTINUOUS
10
-0.4199470866141732
20
2.8293390944881889
11
-0.4197635826771653
21
2.8290475590551178
0
LINE
8
BLACK
6
CONTINUOUS
10
-0.4197635826771653
20
2.8290475590551178
11
-0.4197145275590551
21
2.8289909842519685
0
LINE
8
BLACK
6
CONTINUOUS
10
-0.4197145275590551
20
2.8289909842519685
11
-0.4196994094488189
21
2.8289455905511809
0
LINE
8
BLACK
6
CONTINUOUS
10
-0.4196994094488189
20
2.8289455905511809
11
-0.4196387401574803
21
2.828849212598425
0
LINE
8
BLACK
6
CONTINUOUS
10
-0.4196387401574803
20
2.828849212598425
11
-0.4177639763779528
21
2.8250996850393699
0
LINE
8
BLACK
6
CONTINUOUS
10
-0.4177639763779528
20
2.8250996850393699
11
-0.4175570866141732
21
2.8245590944881891
0
LINE
8
BLACK
6
CONTINUOUS
10
-0.4175570866141732
20
2.8245590944881891
11
-0.4175495669291339
21
2.8244532283464565
0
LINE
8
BLACK
6
CONTINUOUS
10
-0.4175495669291339
20
2.8244532283464565
11
-0.4175089763779528
21
2.8243552362204722
0
LINE
8
BLACK
6
CONTINUOUS
10
-0.4175089763779528
20
2.8243552362204722
11
-0.4174522440944882
21
2.8237791732283464
0
LINE
8
BLACK
6
CONTINUOUS
10
-0.4174522440944882
20
2.8237791732283464
11
-0.4174522440944882
21
2.8200296456692913
0
LINE
8
BLACK
6
CONTINUOUS
10
-0.4174522440944882
20
2.8200296456692913
11
-0.4175089763779528
21
2.8194535826771654
0
LINE
8
BLACK
6
CONTINUOUS
10
-0.4175089763779528
20
2.8194535826771654
11
-0.4176197637795275
21
2.8191862204724409
0
LINE
8
BLACK
6
CONTINUOUS
10
-0.4176197637795275
20
2.8191862204724409
11
-0.4176758661417323
21
2.8189025196850395
0
LINE
8
BLACK
6
CONTINUOUS
10
-0.4176758661417323
20
2.8189025196850395
11
-0.4178379527559055
21
2.8186594094488187
0
LINE
8
BLACK
6
CONTINUOUS
10
-0.4178379527559055
20
2.8186594094488187
11
-0.4179498818897638
21
2.8183891732283466
0
LINE
8
BLACK
6
CONTINUOUS
10
-0.4179498818897638
20
2.8183891732283466
11
-0.4181545275590551
21
2.8181845275590551
0
LINE
8
BLACK
6
CONTINUOUS
10
-0.4181545275590551
20
2.8181845275590551
11
-0.4183149212598425
21
2.817943937007874
0
LINE
8
BLACK
6
CONTINUOUS
10
-0.4183149212598425
20
2.817943937007874
11
-0.4185577559055118
21
2.8177813385826771
0
LINE
8
BLACK
6
CONTINUOUS
10
-0.4185577559055118
20
2.8177813385826771
11
-0.4187645275590551
21
2.8175745275590551
0
LINE
8
BLACK
6
CONTINUOUS
10
-0.4187645275590551
20
2.8175745275590551
11
-0.419031811023622
21
2.8174638188976378
0
LINE
8
BLACK
6
CONTINUOUS
10
-0.419031811023622
20
2.8174638188976378
11
-0.4192721653543307
21
2.8173028346456692
0
LINE
8
BLACK
6
CONTINUOUS
10
-0.4192721653543307
20
2.8173028346456692
11
-0.4198259448818897
21
2.8171342125984253
0
LINE
8
BLACK
6
CONTINUOUS
10
-0.4198259448818897
20
2.8171342125984253
11
-0.4361998818897638
21
2.8138594488188975
0
LINE
8
BLACK
6
CONTINUOUS
10
-0.4361998818897638
20
2.8138594488188975
11
-0.4361998818897638
21
2.8094781102362205
0
LINE
8
BLACK
6
CONTINUOUS
10
-0.4361998818897638
20
2.8094781102362205
11
-0.4350770472440945
21
2.8072323622047244
0
LINE
8
BLACK
6
CONTINUOUS
10
-0.4350770472440945
20
2.8072323622047244
11
-0.4328312992125984
21
2.8061094881889761
0
LINE
8
BLACK
6
CONTINUOUS
10
-0.4328312992125984
20
2.8061094881889761
11
-0.4267263385826772
21
2.8061094881889761
0
LINE
8
BLACK
6
CONTINUOUS
10
-0.4267263385826772
20
2.8061094881889761
11
-0.4236002755905512
21
2.8076725196850392
0
LINE
8
BLACK
6
CONTINUOUS
10
-0.4236002755905512
20
2.8076725196850392
11
-0.4230596850393701
21
2.8078794094488186
0
LINE
8
BLACK
6
CONTINUOUS
10
-0.4230596850393701
20
2.8078794094488186
11
-0.4219104724409449
21
2.8079610629921259
0
LINE
8
BLACK
6
CONTINUOUS
10
-0.4219104724409449
20
2.8079610629921259
11
-0.4208174803149606
21
2.8075967322834643
0
LINE
8
BLACK
6
CONTINUOUS
10
-0.4208174803149606
20
2.8075967322834643
11
-0.4199471259842519
21
2.8068418897637795
0
LINE
8
BLACK
6
CONTINUOUS
10
-0.4199471259842519
20
2.8068418897637795
11
-0.4194318503937008
21
2.805811377952756
0
LINE
8
BLACK
6
CONTINUOUS
10
-0.4194318503937008
20
2.805811377952756
11
-0.4193501968503937
21
2.8046621653543307
0
LINE
8
BLACK
6
CONTINUOUS
10
-0.4193501968503937
20
2.8046621653543307
11
-0.4197145275590551
21
2.8035692125984251
0
LINE
8
BLACK
6
CONTINUOUS
10
-0.4197145275590551
20
2.8035692125984251
11
-0.4204693700787401
21
2.8026988188976376
0
LINE
8
BLACK
6
CONTINUOUS
10
-0.4204693700787401
20
2.8026988188976376
11
-0.4209592519685039
21
2.802390472440945
0
LINE
8
BLACK
6
CONTINUOUS
10
-0.4209592519685039
20
2.802390472440945
11
-0.424708779527559
21
2.8005157086614174
0
LINE
8
BLACK
6
CONTINUOUS
10
-0.424708779527559
20
2.8005157086614174
11
-0.4252494094488189
21
2.8003088188976379
0
LINE
8
BLACK
6
CONTINUOUS
10
-0.4252494094488189
20
2.8003088188976379
11
-0.4253552362204724
21
2.8003013385826772
0
LINE
8
BLACK
6
CONTINUOUS
10
-0.4253552362204724
20
2.8003013385826772
11
-0.4254532283464567
21
2.8002607086614173
0
LINE
8
BLACK
6
CONTINUOUS
10
-0.4254532283464567
20
2.8002607086614173
11
-0.4260292913385827
21
2.8002039763779525
0
LINE
8
BLACK
6
CONTINUOUS
10
-0.4260292913385827
20
2.8002039763779525
11
-0.4335283464566929
21
2.8002039763779525
0
LINE
8
BLACK
6
CONTINUOUS
10
-0.4335283464566929
20
2.8002039763779525
11
-0.4341044094488189
21
2.8002607086614173
0
LINE
8
BLACK
6
CONTINUOUS
10
-0.4341044094488189
20
2.8002607086614173
11
-0.4342024015748032
21
2.8003012992125984
0
LINE
8
BLACK
6
CONTINUOUS
10
-0.4342024015748032
20
2.8003012992125984
11
-0.4343082677165354
21
2.8003088188976379
0
LINE
8
BLACK
6
CONTINUOUS
10
-0.4343082677165354
20
2.8003088188976379
11
-0.4348488582677165
21
2.8005157086614174
0
LINE
8
BLACK
6
CONTINUOUS
10
-0.4348488582677165
20
2.8005157086614174
11
-0.4385983858267716
21
2.802390472440945
0
LINE
8
BLACK
6
CONTINUOUS
10
-0.4385983858267716
20
2.802390472440945
11
-0.4386947637795275
21
2.8024511417322833
0
LINE
8
BLACK
6
CONTINUOUS
10
-0.4386947637795275
20
2.8024511417322833
11
-0.438740157480315
21
2.8024662598425194
0
LINE
8
BLACK
6
CONTINUOUS
10
-0.438740157480315
20
2.8024662598425194
11
-0.4387967322834646
21
2.8025153149606297
0
LINE
8
BLACK
6
CONTINUOUS
10
-0.4387967322834646
20
2.8025153149606297
11
-0.4390882677165354
21
2.8026988188976376
0
LINE
8
BLACK
6
CONTINUOUS
10
-0.4390882677165354
20
2.8026988188976376
11
-0.4393309448818897
21
2.8029786614173227
0
LINE
8
BLACK
6
CONTINUOUS
10
-0.4393309448818897
20
2.8029786614173227
11
-0.4396105511811024
21
2.8032211417322834
0
LINE
8
BLACK
6
CONTINUOUS
10
-0.4396105511811024
20
2.8032211417322834
11
-0.4397940551181102
21
2.8035126377952757
0
LINE
8
BLACK
6
CONTINUOUS
10
-0.4397940551181102
20
2.8035126377952757
11
-0.4398431102362205
21
2.8035692125984251
0
LINE
8
BLACK
6
CONTINUOUS
10
-0.4398431102362205
20
2.8035692125984251
11
-0.4398582677165354
21
2.8036146850393702
0
LINE
8
BLACK
6
CONTINUOUS
10
-0.4398582677165354
20
2.8036146850393702
11
-0.4399188976377953
21
2.8037109842519685
0
LINE
8
BLACK
6
CONTINUOUS
10
-0.4399188976377953
20
2.8037109842519685
11
-0.4417936614173228
21
2.8074605511811024
0
LINE
8
BLACK
6
CONTINUOUS
10
-0.4417936614173228
20
2.8074605511811024
11
-0.4420005511811024
21
2.808001181102362
0
LINE
8
BLACK
6
CONTINUOUS
10
-0.4420005511811024
20
2.808001181102362
11
-0.4420080708661417
21
2.8081070078740158
0
LINE
8
BLACK
6
CONTINUOUS
10
-0.4420080708661417
20
2.8081070078740158
11
-0.4420486614173229
21
2.8082050000000001
0
LINE
8
BLACK
6
CONTINUOUS
10
-0.4420486614173229
20
2.8082050000000001
11
-0.4421053937007874
21
2.8087810629921259
0
LINE
8
BLACK
6
CONTINUOUS
10
-0.4421053937007874
20
2.8087810629921259
11
-0.4421053937007874
21
2.8237791732283464
0
LINE
8
BLACK
6
CONTINUOUS
10
-0.4421053937007874
20
2.8237791732283464
11
-0.4420486614173229
21
2.8243552362204722
0
LINE
8
BLACK
6
CONTINUOUS
10
-0.4420486614173229
20
2.8243552362204722
11
-0.4420080708661417
21
2.8244532677165353
0
LINE
8
BLACK
6
CONTINUOUS
10
-0.4420080708661417
20
2.8244532677165353
11
-0.4420005511811024
21
2.8245590551181103
0
LINE
8
BLACK
6
CONTINUOUS
10
-0.4420005511811024
20
2.8245590551181103
11
-0.4417936614173228
21
2.8250996850393699
0
LINE
8
BLACK
6
CONTINUOUS
10
-0.4417936614173228
20
2.8250996850393699
11
-0.4399188976377953
21
2.828849212598425
0
LINE
8
BLACK
6
CONTINUOUS
10
-0.4399188976377953
20
2.828849212598425
11
-0.4398582677165354
21
2.8289455905511809
0
LINE
8
BLACK
6
CONTINUOUS
10
-0.4398582677165354
20
2.8289455905511809
11
-0.4398431102362205
21
2.8289909842519685
0
LINE
8
BLACK
6
CONTINUOUS
10
-0.4398431102362205
20
2.8289909842519685
11
-0.439794094488189
21
2.8290475590551178
0
LINE
8
BLACK
6
CONTINUOUS
10
-0.439794094488189
20
2.8290475590551178
11
-0.4396105511811024
21
2.8293390944881889
0
LINE
8
BLACK
6
CONTINUOUS
10
-0.4396105511811024
20
2.8293390944881889
11
-0.4393308661417323
21
2.8295816929133859
0
LINE
8
BLACK
6
CONTINUOUS
10
-0.4393308661417323
20
2.8295816929133859
11
-0.4390882677165354
21
2.8298613779527559
0
LINE
8
BLACK
6
CONTINUOUS
10
-0.4390882677165354
20
2.8298613779527559
11
-0.4387967322834646
21
2.8300449212598426
0
LINE
8
BLACK
6
CONTINUOUS
10
-0.4387967322834646
20
2.8300449212598426
11
-0.438740157480315
21
2.8300939370078741
0
LINE
8
BLACK
6
CONTINUOUS
10
-0.438740157480315
20
2.8300939370078741
11
-0.4386947637795275
21
2.830109094488189
0
LINE
8
BLACK
6
CONTINUOUS
10
-0.4386947637795275
20
2.830109094488189
11
-0.4385983858267716
21
2.8301697244094486
0
LINE
8
BLACK
6
CONTINUOUS
10
-0.4385983858267716
20
2.8301697244094486
11
-0.4348488582677165
21
2.8320444881889761
0
LINE
8
BLACK
6
CONTINUOUS
10
-0.4348488582677165
20
2.8320444881889761
11
-0.4343082677165354
21
2.8322513779527561
0
LINE
8
BLACK
6
CONTINUOUS
10
-0.4343082677165354
20
2.8322513779527561
11
-0.4342024015748032
21
2.8322589370078739
0
LINE
8
BLACK
6
CONTINUOUS
10
-0.4342024015748032
20
2.8322589370078739
11
-0.4341044094488189
21
2.8322994881889763
0
LINE
8
BLACK
6
CONTINUOUS
10
-0.4341044094488189
20
2.8322994881889763
11
-0.4335283464566929
21
2.8323562204724411
0
LINE
8
BLACK
6
CONTINUOUS
10
-0.4335283464566929
20
2.8323562204724411
11
-0.4260292913385827
21
2.8323562204724411
0
LINE
8
BLACK
6
CONTINUOUS
10
-0.4260292913385827
20
2.8323562204724411
11
-0.4254532283464567
21
2.8322994881889763
0
LINE
8
BLACK
6
CONTINUOUS
10
-0.4350770472440945
20
2.8253278740157479
11
-0.4361998818897638
21
2.8230821259842518
0
LINE
8
BLACK
6
CONTINUOUS
10
-0.4361998818897638
20
2.8230821259842518
11
-0.4361998818897638
21
2.8198819291338584
0
LINE
8
BLACK
6
CONTINUOUS
10
-0.4361998818897638
20
2.8198819291338584
11
-0.4233577559055118
21
2.8224503149606299
0
LINE
8
BLACK
6
CONTINUOUS
10
-0.4233577559055118
20
2.8224503149606299
11
-0.4233577559055118
21
2.8230821259842518
0
LINE
8
BLACK
6
CONTINUOUS
10
-0.4233577559055118
20
2.8230821259842518
11
-0.4244806299212598
21
2.8253278740157479
0
LINE
8
BLACK
6
CONTINUOUS
10
-0.4244806299212598
20
2.8253278740157479
11
-0.4267263385826772
21
2.8264507086614175
0
LINE
8
BLACK
6
CONTINUOUS
10
-0.4267263385826772
20
2.8264507086614175
11
-0.4328312992125984
21
2.8264507086614175
0
LINE
8
BLACK
6
CONTINUOUS
10
-0.4328312992125984
20
2.8264507086614175
11
-0.4350770472440945
21
2.8253278740157479
0
LINE
8
BLACK
6
CONTINUOUS
10
-0.3354644488188976
20
2.8454228346456691
11
-0.3353664566929134
21
2.845382244094488
0
LINE
8
BLACK
6
CONTINUOUS
10
-0.3353664566929134
20
2.845382244094488
11
-0.3352606299212598
21
2.8453747244094489
0
LINE
8
BLACK
6
CONTINUOUS
10
-0.3352606299212598
20
2.8453747244094489
11
-0.33472
21
2.845167834645669
0
LINE
8
BLACK
6
CONTINUOUS
10
-0.33472
20
2.845167834645669
11
-0.3309704724409449
21
2.8432930708661415
0
LINE
8
BLACK
6
CONTINUOUS
10
-0.3309704724409449
20
2.8432930708661415
11
-0.3307224803149606
21
2.8431370078740157
0
LINE
8
BLACK
6
CONTINUOUS
10
-0.3307224803149606
20
2.8431370078740157
11
-0.3306505118110236
21
2.8431071653543305
0
LINE
8
BLACK
6
CONTINUOUS
10
-0.3306505118110236
20
2.8431071653543305
11
-0.3305695669291339
21
2.8430407086614173
0
LINE
8
BLACK
6
CONTINUOUS
10
-0.3305695669291339
20
2.8430407086614173
11
-0.3304805905511811
21
2.8429847244094488
0
LINE
8
BLACK
6
CONTINUOUS
10
-0.3304805905511811
20
2.8429847244094488
11
-0.3304294488188976
21
2.842925748031496
0
LINE
8
BLACK
6
CONTINUOUS
10
-0.3304294488188976
20
2.842925748031496
11
-0.3302030708661417
21
2.8427399606299213
0
LINE
8
BLACK
6
CONTINUOUS
10
-0.3302030708661417
20
2.8427399606299213
11
-0.3283283070866141
21
2.8408651968503937
0
LINE
8
BLACK
6
CONTINUOUS
10
-0.3283283070866141
20
2.8408651968503937
11
-0.3281425590551181
21
2.8406388582677167
0
LINE
8
BLACK
6
CONTINUOUS
10
-0.3281425590551181
20
2.8406388582677167
11
-0.3280835433070866
21
2.8405876771653542
0
LINE
8
BLACK
6
CONTINUOUS
10
-0.3280835433070866
20
2.8405876771653542
11
-0.3280275984251969
21
2.8404987401574804
0
LINE
8
BLACK
6
CONTINUOUS
10
-0.3280275984251969
20
2.8404987401574804
11
-0.3279611023622047
21
2.8404177559055119
0
LINE
8
BLACK
6
CONTINUOUS
10
-0.3279611023622047
20
2.8404177559055119
11
-0.3279312992125984
21
2.8403458267716535
0
LINE
8
BLACK
6
CONTINUOUS
10
-0.3279312992125984
20
2.8403458267716535
11
-0.3277751968503937
21
2.8400977952755904
0
LINE
8
BLACK
6
CONTINUOUS
10
-0.3277751968503937
20
2.8400977952755904
11
-0.3259004330708661
21
2.8363482677165353
0
LINE
8
BLACK
6
CONTINUOUS
10
-0.3259004330708661
20
2.8363482677165353
11
-0.3256935433070866
21
2.8358076771653544
0
LINE
8
BLACK
6
CONTINUOUS
10
-0.3256935433070866
20
2.8358076771653544
11
-0.3256860236220472
21
2.8357018110236218
0
LINE
8
BLACK
6
CONTINUOUS
10
-0.3256860236220472
20
2.8357018110236218
11
-0.3256454330708661
21
2.8356038188976376
0
LINE
8
BLACK
6
CONTINUOUS
10
-0.3256454330708661
20
2.8356038188976376
11
-0.3255887007874015
21
2.8350277559055117
0
LINE
8
BLACK
6
CONTINUOUS
10
-0.3255887007874015
20
2.8350277559055117
11
-0.3255887007874015
21
2.8312782283464566
0
LINE
8
BLACK
6
CONTINUOUS
10
-0.3255887007874015
20
2.8312782283464566
11
-0.3256174409448819
21
2.8309866535433068
0
LINE
8
BLACK
6
CONTINUOUS
10
-0.3256174409448819
20
2.8309866535433068
11
-0.3256118897637795
21
2.8309088976377952
0
LINE
8
BLACK
6
CONTINUOUS
10
-0.3256118897637795
20
2.8309088976377952
11
-0.325635157480315
21
2.830806653543307
0
LINE
8
BLACK
6
CONTINUOUS
10
-0.325635157480315
20
2.830806653543307
11
-0.3256454330708661
21
2.8307021653543307
0
LINE
8
BLACK
6
CONTINUOUS
10
-0.3256454330708661
20
2.8307021653543307
11
-0.3256753149606299
21
2.830630118110236
0
LINE
8
BLACK
6
CONTINUOUS
10
-0.3256753149606299
20
2.830630118110236
11
-0.3257402362204724
21
2.8303444488188974
0
LINE
8
BLACK
6
CONTINUOUS
10
-0.3257402362204724
20
2.8303444488188974
11
-0.327615
21
2.8247201968503934
0
LINE
8
BLACK
6
CONTINUOUS
10
-0.327615
20
2.8247201968503934
11
-0.3278509842519685
21
2.8241916141732282
0
LINE
8
BLACK
6
CONTINUOUS
10
-0.3278509842519685
20
2.8241916141732282
11
-0.3279204724409449
21
2.8241115354330706
0
LINE
8
BLACK
6
CONTINUOUS
10
-0.3279204724409449
20
2.8241115354330706
11
-0.327961062992126
21
2.8240134645669293
0
LINE
8
BLACK
6
CONTINUOUS
10
-0.327961062992126
20
2.8240134645669293
11
-0.3283283070866141
21
2.823566023622047
0
LINE
8
BLACK
6
CONTINUOUS
10
-0.3283283070866141
20
2.823566023622047
11
-0.3457848031496063
21
2.8061094881889761
0
LINE
8
BLACK
6
CONTINUOUS
10
-0.3457848031496063
20
2.8061094881889761
11
-0.3285414566929134
21
2.8061094881889761
0
LINE
8
BLACK
6
CONTINUOUS
10
-0.3285414566929134
20
2.8061094881889761
11
-0.3279653937007874
21
2.8060527559055117
0
LINE
8
BLACK
6
CONTINUOUS
10
-0.3279653937007874
20
2.8060527559055117
11
-0.3269009842519685
21
2.8056118503937006
0
LINE
8
BLACK
6
CONTINUOUS
10
-0.3269009842519685
20
2.8056118503937006
11
-0.3260863385826772
21
2.8047972047244092
0
LINE
8
BLACK
6
CONTINUOUS
10
-0.3260863385826772
20
2.8047972047244092
11
-0.3256454330708661
21
2.8037327952755904
0
LINE
8
BLACK
6
CONTINUOUS
10
-0.3256454330708661
20
2.8037327952755904
11
-0.3256454330708661
21
2.8025806692913386
0
LINE
8
BLACK
6
CONTINUOUS
10
-0.3256454330708661
20
2.8025806692913386
11
-0.3260863385826772
21
2.8015162598425198
0
LINE
8
BLACK
6
CONTINUOUS
10
-0.3260863385826772
20
2.8015162598425198
11
-0.3269009842519685
21
2.8007016141732284
0
LINE
8
BLACK
6
CONTINUOUS
10
-0.3269009842519685
20
2.8007016141732284
11
-0.3279653937007874
21
2.8002607086614173
0
LINE
8
BLACK
6
CONTINUOUS
10
-0.3279653937007874
20
2.8002607086614173
11
-0.3285414566929134
21
2.8002039763779525
0
LINE
8
BLACK
6
CONTINUOUS
10
-0.3285414566929134
20
2.8002039763779525
11
-0.3529133858267716
21
2.8002039763779525
0
LINE
8
BLACK
6
CONTINUOUS
10
-0.3529133858267716
20
2.8002039763779525
11
-0.3534894488188977
21
2.8002607086614173
0
LINE
8
BLACK
6
CONTINUOUS
10
-0.3534894488188977
20
2.8002607086614173
11
-0.3545538582677165
21
2.8007016141732284
0
LINE
8
BLACK
6
CONTINUOUS
10
-0.3545538582677165
20
2.8007016141732284
11
-0.3553685039370079
21
2.8015162598425198
0
LINE
8
BLACK
6
CONTINUOUS
10
-0.3553685039370079
20
2.8015162598425198
11
-0.3558094094488189
21
2.8025806692913386
0
LINE
8
BLACK
6
CONTINUOUS
10
-0.3558094094488189
20
2.8025806692913386
11
-0.3558094094488189
21
2.8037327952755904
0
LINE
8
BLACK
6
CONTINUOUS
10
-0.3558094094488189
20
2.8037327952755904
11
-0.3553685039370079
21
2.8047972047244092
0
LINE
8
BLACK
6
CONTINUOUS
10
-0.3553685039370079
20
2.8047972047244092
11
-0.3550012992125984
21
2.8052446456692914
0
LINE
8
BLACK
6
CONTINUOUS
10
-0.3550012992125984
20
2.8052446456692914
11
-0.3329970472440945
21
2.8272489763779527
0
LINE
8
BLACK
6
CONTINUOUS
10
-0.3329970472440945
20
2.8272489763779527
11
-0.3314942125984252
21
2.8317573622047245
0
LINE
8
BLACK
6
CONTINUOUS
10
-0.3314942125984252
20
2.8317573622047245
11
-0.3314942125984252
21
2.8343307086614171
0
LINE
8
BLACK
6
CONTINUOUS
10
-0.3314942125984252
20
2.8343307086614171
11
-0.3328429527559055
21
2.8370281889763778
0
LINE
8
BLACK
6
CONTINUOUS
10
-0.3328429527559055
20
2.8370281889763778
11
-0.3340400787401575
21
2.83822531496063
0
LINE
8
BLACK
6
CONTINUOUS
10
-0.3340400787401575
20
2.83822531496063
11
-0.3367375590551181
21
2.8395740551181103
0
LINE
8
BLACK
6
CONTINUOUS
10
-0.3367375590551181
20
2.8395740551181103
11
-0.3447172834645669
21
2.8395740551181103
0
LINE
8
BLACK
6
CONTINUOUS
10
-0.3447172834645669
20
2.8395740551181103
11
-0.3474147637795276
21
2.83822531496063
0
LINE
8
BLACK
6
CONTINUOUS
10
-0.3474147637795276
20
2.83822531496063
11
-0.3489507086614173
21
2.8366893700787399
0
LINE
8
BLACK
6
CONTINUOUS
10
-0.3489507086614173
20
2.8366893700787399
11
-0.3493981496062992
21
2.8363221653543307
0
LINE
8
BLACK
6
CONTINUOUS
10
-0.3493981496062992
20
2.8363221653543307
11
-0.3504625984251968
21
2.8358812598425196
0
LINE
8
BLACK
6
CONTINUOUS
10
-0.3504625984251968
20
2.8358812598425196
11
-0.3516146456692913
21
2.8358812598425196
0
LINE
8
BLACK
6
CONTINUOUS
10
-0.3516146456692913
20
2.8358812598425196
11
-0.352679094488189
21
2.8363221653543307
0
LINE
8
BLACK
6
CONTINUOUS
10
-0.352679094488189
20
2.8363221653543307
11
-0.3534937401574803
21
2.8371368110236221
0
LINE
8
BLACK
6
CONTINUOUS
10
-0.3534937401574803
20
2.8371368110236221
11
-0.3539346456692913
21
2.8382012598425197
0
LINE
8
BLACK
6
CONTINUOUS
10
-0.3539346456692913
20
2.8382012598425197
11
-0.3539346456692913
21
2.8393533070866139
0
LINE
8
BLACK
6
CONTINUOUS
10
-0.3539346456692913
20
2.8393533070866139
11
-0.3534937401574803
21
2.8404177559055119
0
LINE
8
BLACK
6
CONTINUOUS
10
-0.3534937401574803
20
2.8404177559055119
11
-0.3531265354330709
21
2.8408651968503937
0
LINE
8
BLACK
6
CONTINUOUS
10
-0.3531265354330709
20
2.8408651968503937
11
-0.3512517716535433
21
2.8427399606299213
0
LINE
8
BLACK
6
CONTINUOUS
10
-0.3512517716535433
20
2.8427399606299213
11
-0.3510254330708661
21
2.842925748031496
0
LINE
8
BLACK
6
CONTINUOUS
10
-0.3510254330708661
20
2.842925748031496
11
-0.3509742519685039
21
2.8429847244094488
0
LINE
8
BLACK
6
CONTINUOUS
10
-0.3509742519685039
20
2.8429847244094488
11
-0.3508853149606299
21
2.8430407086614173
0
LINE
8
BLACK
6
CONTINUOUS
10
-0.3508853149606299
20
2.8430407086614173
11
-0.3508043307086614
21
2.8431071653543305
0
LINE
8
BLACK
6
CONTINUOUS
10
-0.3508043307086614
20
2.8431071653543305
11
-0.3507324015748031
21
2.8431370078740157
0
LINE
8
BLACK
6
CONTINUOUS
10
-0.3507324015748031
20
2.8431370078740157
11
-0.3504843700787402
21
2.8432930708661415
0
LINE
8
BLACK
6
CONTINUOUS
10
-0.3504843700787402
20
2.8432930708661415
11
-0.346734842519685
21
2.845167834645669
0
LINE
8
BLACK
6
CONTINUOUS
10
-0.346734842519685
20
2.845167834645669
11
-0.346194251968504
21
2.8453747244094489
0
LINE
8
BLACK
6
CONTINUOUS
10
-0.346194251968504
20
2.8453747244094489
11
-0.3460883858267716
21
2.8453822834645668
0
LINE
8
BLACK
6
CONTINUOUS
10
-0.3460883858267716
20
2.8453822834645668
11
-0.3459903937007874
21
2.8454228346456691
0
LINE
8
BLACK
6
CONTINUOUS
10
-0.3459903937007874
20
2.8454228346456691
11
-0.3454143307086614
21
2.845479566929134
0
LINE
8
BLACK
6
CONTINUOUS
10
-0.3454143307086614
20
2.845479566929134
11
-0.3360405118110236
21
2.845479566929134
0
LINE
8
BLACK
6
CONTINUOUS
10
-0.3360405118110236
20
2.845479566929134
11
-0.3354644488188976
21
2.8454228346456691
0
LINE
8
BLACK
6
CONTINUOUS
10
-0.2660981102362205
20
2.8454228346456691
11
-0.2660001181102362
21
2.845382244094488
0
LINE
8
BLACK
6
CONTINUOUS
10
-0.2660001181102362
20
2.845382244094488
11
-0.2658942913385827
21
2.8453747244094489
0
LINE
8
BLACK
6
CONTINUOUS
10
-0.2658942913385827
20
2.8453747244094489
11
-0.2653536614173228
21
2.845167834645669
0
LINE
8
BLACK
6
CONTINUOUS
10
-0.2653536614173228
20
2.845167834645669
11
-0.2616041338582677
21
2.8432930708661415
0
LINE
8
BLACK
6
CONTINUOUS
10
-0.2616041338582677
20
2.8432930708661415
11
-0.2613561417322834
21
2.8431370078740157
0
LINE
8
BLACK
6
CONTINUOUS
10
-0.2613561417322834
20
2.8431370078740157
11
-0.2612841732283465
21
2.8431071653543305
0
LINE
8
BLACK
6
CONTINUOUS
10
-0.2612841732283465
20
2.8431071653543305
11
-0.2612032283464567
21
2.8430407086614173
0
LINE
8
BLACK
6
CONTINUOUS
10
-0.2612032283464567
20
2.8430407086614173
11
-0.2611142519685039
21
2.8429847244094488
0
LINE
8
BLACK
6
CONTINUOUS
10
-0.2611142519685039
20
2.8429847244094488
11
-0.2610631102362205
21
2.842925748031496
0
LINE
8
BLACK
6
CONTINUOUS
10
-0.2610631102362205
20
2.842925748031496
11
-0.2608367322834645
21
2.8427399606299213
0
LINE
8
BLACK
6
CONTINUOUS
10
-0.2608367322834645
20
2.8427399606299213
11
-0.2570872047244094
21
2.8389904330708662
0
LINE
8
BLACK
6
CONTINUOUS
10
-0.2570872047244094
20
2.8389904330708662
11
-0.2567199606299213
21
2.8385429921259844
0
LINE
8
BLACK
6
CONTINUOUS
10
-0.2567199606299213
20
2.8385429921259844
11
-0.2566359448818897
21
2.8383401181102363
0
LINE
8
BLACK
6
CONTINUOUS
10
-0.2566359448818897
20
2.8383401181102363
11
-0.2565052755905512
21
2.8381637795275592
0
LINE
8
BLACK
6
CONTINUOUS
10
-0.2565052755905512
20
2.8381637795275592
11
-0.2563105118110236
21
2.8376186614173227
0
LINE
8
BLACK
6
CONTINUOUS
10
-0.2563105118110236
20
2.8376186614173227
11
-0.254435748031496
21
2.8301196062992124
0
LINE
8
BLACK
6
CONTINUOUS
10
-0.254435748031496
20
2.8301196062992124
11
-0.2544209842519685
21
2.8300197637795277
0
LINE
8
BLACK
6
CONTINUOUS
10
-0.2544209842519685
20
2.8300197637795277
11
-0.2544043307086614
21
2.8299795275590549
0
LINE
8
BLACK
6
CONTINUOUS
10
-0.2544043307086614
20
2.8299795275590549
11
-0.2543829921259843
21
2.8297625196850391
0
LINE
8
BLACK
6
CONTINUOUS
10
-0.2543829921259843
20
2.8297625196850391
11
-0.2543511023622047
21
2.8295470078740155
0
LINE
8
BLACK
6
CONTINUOUS
10
-0.2543511023622047
20
2.8295470078740155
11
-0.2543575196850394
21
2.8295040157480313
0
LINE
8
BLACK
6
CONTINUOUS
10
-0.2543575196850394
20
2.8295040157480313
11
-0.2543475984251968
21
2.829403464566929
0
LINE
8
BLACK
6
CONTINUOUS
10
-0.2543475984251968
20
2.829403464566929
11
-0.2543475984251968
21
2.8162801181102362
0
LINE
8
BLACK
6
CONTINUOUS
10
-0.2543475984251968
20
2.8162801181102362
11
-0.2543575196850394
21
2.8161796062992126
0
LINE
8
BLACK
6
CONTINUOUS
10
-0.2543575196850394
20
2.8161796062992126
11
-0.2543511023622047
21
2.8161365748031497
0
LINE
8
BLACK
6
CONTINUOUS
10
-0.2543511023622047
20
2.8161365748031497
11
-0.2543829921259843
21
2.8159211023622048
0
LINE
8
BLACK
6
CONTINUOUS
10
-0.2543829921259843
20
2.8159211023622048
11
-0.2544043307086614
21
2.8157040551181103
0
LINE
8
BLACK
6
CONTINUOUS
10
-0.2544043307086614
20
2.8157040551181103
11
-0.2544209842519685
21
2.8156638582677163
0
LINE
8
BLACK
6
CONTINUOUS
10
-0.2544209842519685
20
2.8156638582677163
11
-0.254435748031496
21
2.8155639763779527
0
LINE
8
BLACK
6
CONTINUOUS
10
-0.254435748031496
20
2.8155639763779527
11
-0.2563105118110236
21
2.8080649212598425
0
LINE
8
BLACK
6
CONTINUOUS
10
-0.2563105118110236
20
2.8080649212598425
11
-0.2565052755905512
21
2.807519803149606
0
LINE
8
BLACK
6
CONTINUOUS
10
-0.2565052755905512
20
2.807519803149606
11
-0.2566359842519685
21
2.8073434645669293
0
LINE
8
BLACK
6
CONTINUOUS
10
-0.2566359842519685
20
2.8073434645669293
11
-0.2567199606299213
21
2.8071406299212596
0
LINE
8
BLACK
6
CONTINUOUS
10
-0.2567199606299213
20
2.8071406299212596
11
-0.2570871653543307
21
2.8066931889763778
0
LINE
8
BLACK
6
CONTINUOUS
10
-0.2570871653543307
20
2.8066931889763778
11
-0.2608367322834645
21
2.8029435826771651
0
LINE
8
BLACK
6
CONTINUOUS
10
-0.2608367322834645
20
2.8029435826771651
11
-0.2610631102362205
21
2.8027578346456692
0
LINE
8
BLACK
6
CONTINUOUS
10
-0.2610631102362205
20
2.8027578346456692
11
-0.2611142519685039
21
2.8026988188976376
0
LINE
8
BLACK
6
CONTINUOUS
10
-0.2611142519685039
20
2.8026988188976376
11
-0.2612032283464567
21
2.8026428740157479
0
LINE
8
BLACK
6
CONTINUOUS
10
-0.2612032283464567
20
2.8026428740157479
11
-0.2612841732283465
21
2.8025763779527559
0
LINE
8
BLACK
6
CONTINUOUS
10
-0.2612841732283465
20
2.8025763779527559
11
-0.2613561417322834
21
2.8025465748031495
0
LINE
8
BLACK
6
CONTINUOUS
10
-0.2613561417322834
20
2.8025465748031495
11
-0.2616041338582677
21
2.802390472440945
0
LINE
8
BLACK
6
CONTINUOUS
10
-0.2616041338582677
20
2.802390472440945
11
-0.2653536614173228
21
2.8005157086614174
0
LINE
8
BLACK
6
CONTINUOUS
10
-0.2653536614173228
20
2.8005157086614174
11
-0.2658942913385827
21
2.8003088188976379
0
LINE
8
BLACK
6
CONTINUOUS
10
-0.2658942913385827
20
2.8003088188976379
11
-0.2660001181102362
21
2.8003013385826772
0
LINE
8
BLACK
6
CONTINUOUS
10
-0.2660001181102362
20
2.8003013385826772
11
-0.2660981102362205
21
2.8002607086614173
0
LINE
8
BLACK
6
CONTINUOUS
10
-0.2660981102362205
20
2.8002607086614173
11
-0.2666741732283465
21
2.8002039763779525
0
LINE
8
BLACK
6
CONTINUOUS
10
-0.2666741732283465
20
2.8002039763779525
11
-0.2741732283464567
21
2.8002039763779525
0
LINE
8
BLACK
6
CONTINUOUS
10
-0.2741732283464567
20
2.8002039763779525
11
-0.2747492913385827
21
2.8002607086614173
0
LINE
8
BLACK
6
CONTINUOUS
10
-0.2747492913385827
20
2.8002607086614173
11
-0.2748472834645669
21
2.8003012992125984
0
LINE
8
BLACK
6
CONTINUOUS
10
-0.2748472834645669
20
2.8003012992125984
11
-0.2749531496062992
21
2.8003088188976379
0
LINE
8
BLACK
6
CONTINUOUS
10
-0.2749531496062992
20
2.8003088188976379
11
-0.2754937401574803
21
2.8005157086614174
0
LINE
8
BLACK
6
CONTINUOUS
10
-0.2754937401574803
20
2.8005157086614174
11
-0.2792432677165354
21
2.802390472440945
0
LINE
8
BLACK
6
CONTINUOUS
10
-0.2792432677165354
20
2.802390472440945
11
-0.2794911023622047
21
2.802546496062992
0
LINE
8
BLACK
6
CONTINUOUS
10
-0.2794911023622047
20
2.802546496062992
11
-0.2795632283464567
21
2.8025763385826772
0
LINE
8
BLACK
6
CONTINUOUS
10
-0.2795632283464567
20
2.8025763385826772
11
-0.2796444094488189
21
2.8026429527559054
0
LINE
8
BLACK
6
CONTINUOUS
10
-0.2796444094488189
20
2.8026429527559054
11
-0.2797331496062992
21
2.8026988188976376
0
LINE
8
BLACK
6
CONTINUOUS
10
-0.2797331496062992
20
2.8026988188976376
11
-0.2797842913385827
21
2.8027577559055117
0
LINE
8
BLACK
6
CONTINUOUS
10
-0.2797842913385827
20
2.8027577559055117
11
-0.2800106692913386
21
2.8029435826771651
0
LINE
8
BLACK
6
CONTINUOUS
10
-0.2800106692913386
20
2.8029435826771651
11
-0.2837601968503937
21
2.806693149606299
0
LINE
8
BLACK
6
CONTINUOUS
10
-0.2837601968503937
20
2.806693149606299
11
-0.2841274409448819
21
2.8071406299212596
0
LINE
8
BLACK
6
CONTINUOUS
10
-0.2841274409448819
20
2.8071406299212596
11
-0.2842114566929134
21
2.8073434645669293
0
LINE
8
BLACK
6
CONTINUOUS
10
-0.2842114566929134
20
2.8073434645669293
11
-0.284342125984252
21
2.807519803149606
0
LINE
8
BLACK
6
CONTINUOUS
10
-0.284342125984252
20
2.807519803149606
11
-0.2845368897637795
21
2.8080649212598425
0
LINE
8
BLACK
6
CONTINUOUS
10
-0.2845368897637795
20
2.8080649212598425
11
-0.2864116535433071
21
2.8155639763779527
0
LINE
8
BLACK
6
CONTINUOUS
10
-0.2864116535433071
20
2.8155639763779527
11
-0.2864264566929134
21
2.8156638582677163
0
LINE
8
BLACK
6
CONTINUOUS
10
-0.2864264566929134
20
2.8156638582677163
11
-0.2864430708661417
21
2.8157040551181103
0
LINE
8
BLACK
6
CONTINUOUS
10
-0.2864430708661417
20
2.8157040551181103
11
-0.2864644488188977
21
2.8159211023622048
0
LINE
8
BLACK
6
CONTINUOUS
10
-0.2864644488188977
20
2.8159211023622048
11
-0.2864962992125984
21
2.8161365748031497
0
LINE
8
BLACK
6
CONTINUOUS
10
-0.2864962992125984
20
2.8161365748031497
11
-0.2864899212598425
21
2.8161796062992126
0
LINE
8
BLACK
6
CONTINUOUS
10
-0.2864899212598425
20
2.8161796062992126
11
-0.2864998031496063
21
2.8162801181102362
0
LINE
8
BLACK
6
CONTINUOUS
10
-0.2864998031496063
20
2.8162801181102362
11
-0.2864998031496063
21
2.829403464566929
0
LINE
8
BLACK
6
CONTINUOUS
10
-0.2864998031496063
20
2.829403464566929
11
-0.2864899212598425
21
2.8295040157480313
0
LINE
8
BLACK
6
CONTINUOUS
10
-0.2864899212598425
20
2.8295040157480313
11
-0.2864962992125984
21
2.8295470078740155
0
LINE
8
BLACK
6
CONTINUOUS
10
-0.2864962992125984
20
2.8295470078740155
11
-0.2864644488188977
21
2.8297625196850391
0
LINE
8
BLACK
6
CONTINUOUS
10
-0.2864644488188977
20
2.8297625196850391
11
-0.2864430708661417
21
2.8299795275590549
0
LINE
8
BLACK
6
CONTINUOUS
10
-0.2864430708661417
20
2.8299795275590549
11
-0.2864264566929134
21
2.8300197637795277
0
LINE
8
BLACK
6
CONTINUOUS
10
-0.2864264566929134
20
2.8300197637795277
11
-0.2864116535433071
21
2.8301196062992124
0
LINE
8
BLACK
6
CONTINUOUS
10
-0.2864116535433071
20
2.8301196062992124
11
-0.2845368897637795
21
2.8376186614173227
0
LINE
8
BLACK
6
CONTINUOUS
10
-0.2845368897637795
20
2.8376186614173227
11
-0.284342125984252
21
2.8381637795275592
0
LINE
8
BLACK
6
CONTINUOUS
10
-0.284342125984252
20
2.8381637795275592
11
-0.2842114173228346
21
2.8383402362204722
0
LINE
8
BLACK
6
CONTINUOUS
10
-0.2842114173228346
20
2.8383402362204722
11
-0.2841274015748032
21
2.8385429921259844
0
LINE
8
BLACK
6
CONTINUOUS
10
-0.2841274015748032
20
2.8385429921259844
11
-0.2837601968503937
21
2.8389904330708662
0
LINE
8
BLACK
6
CONTINUOUS
10
-0.2837601968503937
20
2.8389904330708662
11
-0.2800106692913386
21
2.8427399606299213
0
LINE
8
BLACK
6
CONTINUOUS
10
-0.2800106692913386
20
2.8427399606299213
11
-0.2797842913385827
21
2.8429258267716535
0
LINE
8
BLACK
6
CONTINUOUS
10
-0.2797842913385827
20
2.8429258267716535
11
-0.2797331496062992
21
2.8429847244094488
0
LINE
8
BLACK
6
CONTINUOUS
10
-0.2797331496062992
20
2.8429847244094488
11
-0.2796444094488189
21
2.8430406299212598
0
LINE
8
BLACK
6
CONTINUOUS
10
-0.2796444094488189
20
2.8430406299212598
11
-0.2795632283464567
21
2.8431072047244093
0
LINE
8
BLACK
6
CONTINUOUS
10
-0.2795632283464567
20
2.8431072047244093
11
-0.2794911023622047
21
2.8431370866141732
0
LINE
8
BLACK
6
CONTINUOUS
10
-0.2794911023622047
20
2.8431370866141732
11
-0.2792432677165354
21
2.8432930708661415
0
LINE
8
BLACK
6
CONTINUOUS
10
-0.2792432677165354
20
2.8432930708661415
11
-0.2754937401574803
21
2.845167834645669
0
LINE
8
BLACK
6
CONTINUOUS
10
-0.2754937401574803
20
2.845167834645669
11
-0.2749531496062992
21
2.8453747244094489
0
LINE
8
BLACK
6
CONTINUOUS
10
-0.2749531496062992
20
2.8453747244094489
11
-0.2748472834645669
21
2.8453822834645668
0
LINE
8
BLACK
6
CONTINUOUS
10
-0.2748472834645669
20
2.8453822834645668
11
-0.2747492913385827
21
2.8454228346456691
0
LINE
8
BLACK
6
CONTINUOUS
10
-0.2747492913385827
20
2.8454228346456691
11
-0.2741732283464567
21
2.845479566929134
0
LINE
8
BLACK
6
CONTINUOUS
10
-0.2741732283464567
20
2.845479566929134
11
-0.2666741732283465
21
2.845479566929134
0
LINE
8
BLACK
6
CONTINUOUS
10
-0.2666741732283465
20
2.845479566929134
11
-0.2660981102362205
21
2.8454228346456691
0
LINE
8
BLACK
6
CONTINUOUS
10
-0.2761736614173228
20
2.83822531496063
11
-0.279006062992126
21
2.8353929527559054
0
LINE
8
BLACK
6
CONTINUOUS
10
-0.279006062992126
20
2.8353929527559054
11
-0.2805942913385827
21
2.8290399212598425
0
LINE
8
BLACK
6
CONTINUOUS
10
-0.2805942913385827
20
2.8290399212598425
11
-0.2805942913385827
21
2.8166436614173227
0
LINE
8
BLACK
6
CONTINUOUS
10
-0.2805942913385827
20
2.8166436614173227
11
-0.279006062992126
21
2.8102906692913385
0
LINE
8
BLACK
6
CONTINUOUS
10
-0.279006062992126
20
2.8102906692913385
11
-0.2761736614173228
21
2.8074582283464564
0
LINE
8
BLACK
6
CONTINUOUS
10
-0.2761736614173228
20
2.8074582283464564
11
-0.2734761811023622
21
2.8061094881889761
0
LINE
8
BLACK
6
CONTINUOUS
10
-0.2734761811023622
20
2.8061094881889761
11
-0.2673712204724409
21
2.8061094881889761
0
LINE
8
BLACK
6
CONTINUOUS
10
-0.2673712204724409
20
2.8061094881889761
11
-0.264673779527559
21
2.8074582283464564
0
LINE
8
BLACK
6
CONTINUOUS
10
-0.264673779527559
20
2.8074582283464564
11
-0.2618413779527559
21
2.8102906692913385
0
LINE
8
BLACK
6
CONTINUOUS
10
-0.2618413779527559
20
2.8102906692913385
11
-0.2602531102362204
21
2.8166436614173227
0
LINE
8
BLACK
6
CONTINUOUS
10
-0.2602531102362204
20
2.8166436614173227
11
-0.2602531102362204
21
2.8290399212598425
0
LINE
8
BLACK
6
CONTINUOUS
10
-0.2602531102362204
20
2.8290399212598425
11
-0.2618413779527559
21
2.8353929527559054
0
LINE
8
BLACK
6
CONTINUOUS
10
-0.2618413779527559
20
2.8353929527559054
11
-0.2646737401574803
21
2.83822531496063
0
LINE
8
BLACK
6
CONTINUOUS
10
-0.2646737401574803
20
2.83822531496063
11
-0.2673712204724409
21
2.8395740551181103
0
LINE
8
BLACK
6
CONTINUOUS
10
-0.2673712204724409
20
2.8395740551181103
11
-0.2734761811023622
21
2.8395740551181103
0
LINE
8
BLACK
6
CONTINUOUS
10
-0.2734761811023622
20
2.8395740551181103
11
-0.2761736614173228
21
2.83822531496063
0
LINE
8
BLACK
6
CONTINUOUS
10
-0.1929822440944882
20
2.8322994881889763
11
-0.1928842519685039
21
2.8322588976377951
0
LINE
8
BLACK
6
CONTINUOUS
10
-0.1928842519685039
20
2.8322588976377951
11
-0.1927784251968504
21
2.8322513779527561
0
LINE
8
BLACK
6
CONTINUOUS
10
-0.1927784251968504
20
2.8322513779527561
11
-0.1922377952755905
21
2.8320444881889761
0
LINE
8
BLACK
6
CONTINUOUS
10
-0.1922377952755905
20
2.8320444881889761
11
-0.1884882677165354
21
2.8301697244094486
0
LINE
8
BLACK
6
CONTINUOUS
10
-0.1884882677165354
20
2.8301697244094486
11
-0.1883919291338583
21
2.830109094488189
0
LINE
8
BLACK
6
CONTINUOUS
10
-0.1883919291338583
20
2.830109094488189
11
-0.1883464960629921
21
2.8300939370078741
0
LINE
8
BLACK
6
CONTINUOUS
10
-0.1883464960629921
20
2.8300939370078741
11
-0.1882899606299213
21
2.8300449212598426
0
LINE
8
BLACK
6
CONTINUOUS
10
-0.1882899606299213
20
2.8300449212598426
11
-0.1879983858267716
21
2.8298613779527559
0
LINE
8
BLACK
6
CONTINUOUS
10
-0.1879983858267716
20
2.8298613779527559
11
-0.1877558267716535
21
2.8295816929133859
0
LINE
8
BLACK
6
CONTINUOUS
10
-0.1877558267716535
20
2.8295816929133859
11
-0.1874761023622047
21
2.8293390944881889
0
LINE
8
BLACK
6
CONTINUOUS
10
-0.1874761023622047
20
2.8293390944881889
11
-0.1872925984251969
21
2.8290475590551178
0
LINE
8
BLACK
6
CONTINUOUS
10
-0.1872925984251969
20
2.8290475590551178
11
-0.1872435433070866
21
2.8289909842519685
0
LINE
8
BLACK
6
CONTINUOUS
10
-0.1872435433070866
20
2.8289909842519685
11
-0.1872284251968504
21
2.8289455905511809
0
LINE
8
BLACK
6
CONTINUOUS
10
-0.1872284251968504
20
2.8289455905511809
11
-0.1871677559055118
21
2.828849212598425
0
LINE
8
BLACK
6
CONTINUOUS
10
-0.1871677559055118
20
2.828849212598425
11
-0.1852929921259842
21
2.8250996850393699
0
LINE
8
BLACK
6
CONTINUOUS
10
-0.1852929921259842
20
2.8250996850393699
11
-0.1850861023622047
21
2.8245590944881891
0
LINE
8
BLACK
6
CONTINUOUS
10
-0.1850861023622047
20
2.8245590944881891
11
-0.1850785826771653
21
2.8244532283464565
0
LINE
8
BLACK
6
CONTINUOUS
10
-0.1850785826771653
20
2.8244532283464565
11
-0.1850379921259842
21
2.8243552362204722
0
LINE
8
BLACK
6
CONTINUOUS
10
-0.1850379921259842
20
2.8243552362204722
11
-0.1849812598425197
21
2.8237791732283464
0
LINE
8
BLACK
6
CONTINUOUS
10
-0.1849812598425197
20
2.8237791732283464
11
-0.1849812598425197
21
2.8200296456692913
0
LINE
8
BLACK
6
CONTINUOUS
10
-0.1849812598425197
20
2.8200296456692913
11
-0.1850379921259842
21
2.8194535826771654
0
LINE
8
BLACK
6
CONTINUOUS
10
-0.1850379921259842
20
2.8194535826771654
11
-0.185148779527559
21
2.8191862204724409
0
LINE
8
BLACK
6
CONTINUOUS
10
-0.185148779527559
20
2.8191862204724409
11
-0.1852048818897638
21
2.8189025196850395
0
LINE
8
BLACK
6
CONTINUOUS
10
-0.1852048818897638
20
2.8189025196850395
11
-0.185366968503937
21
2.8186594094488187
0
LINE
8
BLACK
6
CONTINUOUS
10
-0.185366968503937
20
2.8186594094488187
11
-0.1854788976377953
21
2.8183891732283466
0
LINE
8
BLACK
6
CONTINUOUS
10
-0.1854788976377953
20
2.8183891732283466
11
-0.1856835433070866
21
2.8181845275590551
0
LINE
8
BLACK
6
CONTINUOUS
10
-0.1856835433070866
20
2.8181845275590551
11
-0.185843937007874
21
2.817943937007874
0
LINE
8
BLACK
6
CONTINUOUS
10
-0.185843937007874
20
2.817943937007874
11
-0.1860867716535433
21
2.8177813385826771
0
LINE
8
BLACK
6
CONTINUOUS
10
-0.1860867716535433
20
2.8177813385826771
11
-0.1862935433070866
21
2.8175745275590551
0
LINE
8
BLACK
6
CONTINUOUS
10
-0.1862935433070866
20
2.8175745275590551
11
-0.1865608267716535
21
2.8174638188976378
0
LINE
8
BLACK
6
CONTINUOUS
10
-0.1865608267716535
20
2.8174638188976378
11
-0.1868011811023622
21
2.8173028346456692
0
LINE
8
BLACK
6
CONTINUOUS
10
-0.1868011811023622
20
2.8173028346456692
11
-0.1873549606299213
21
2.8171342125984253
0
LINE
8
BLACK
6
CONTINUOUS
10
-0.1873549606299213
20
2.8171342125984253
11
-0.2037288976377953
21
2.8138594488188975
0
LINE
8
BLACK
6
CONTINUOUS
10
-0.2037288976377953
20
2.8138594488188975
11
-0.2037288976377953
21
2.8094781102362205
0
LINE
8
BLACK
6
CONTINUOUS
10
-0.2037288976377953
20
2.8094781102362205
11
-0.202606062992126
21
2.8072323622047244
0
LINE
8
BLACK
6
CONTINUOUS
10
-0.202606062992126
20
2.8072323622047244
11
-0.2003603149606299
21
2.8061094881889761
0
LINE
8
BLACK
6
CONTINUOUS
10
-0.2003603149606299
20
2.8061094881889761
11
-0.1942553543307086
21
2.8061094881889761
0
LINE
8
BLACK
6
CONTINUOUS
10
-0.1942553543307086
20
2.8061094881889761
11
-0.1911292913385827
21
2.8076725196850392
0
LINE
8
BLACK
6
CONTINUOUS
10
-0.1911292913385827
20
2.8076725196850392
11
-0.1905887007874016
21
2.8078794094488186
0
LINE
8
BLACK
6
CONTINUOUS
10
-0.1905887007874016
20
2.8078794094488186
11
-0.1894394881889764
21
2.8079610629921259
0
LINE
8
BLACK
6
CONTINUOUS
10
-0.1894394881889764
20
2.8079610629921259
11
-0.1883464960629921
21
2.8075967322834643
0
LINE
8
BLACK
6
CONTINUOUS
10
-0.1883464960629921
20
2.8075967322834643
11
-0.1874761417322835
21
2.8068418897637795
0
LINE
8
BLACK
6
CONTINUOUS
10
-0.1874761417322835
20
2.8068418897637795
11
-0.1869608661417323
21
2.805811377952756
0
LINE
8
BLACK
6
CONTINUOUS
10
-0.1869608661417323
20
2.805811377952756
11
-0.1868792125984252
21
2.8046621653543307
0
LINE
8
BLACK
6
CONTINUOUS
10
-0.1868792125984252
20
2.8046621653543307
11
-0.1872435433070866
21
2.8035692125984251
0
LINE
8
BLACK
6
CONTINUOUS
10
-0.1872435433070866
20
2.8035692125984251
11
-0.1879983858267716
21
2.8026988188976376
0
LINE
8
BLACK
6
CONTINUOUS
10
-0.1879983858267716
20
2.8026988188976376
11
-0.1884882677165354
21
2.802390472440945
0
LINE
8
BLACK
6
CONTINUOUS
10
-0.1884882677165354
20
2.802390472440945
11
-0.1922377952755905
21
2.8005157086614174
0
LINE
8
BLACK
6
CONTINUOUS
10
-0.1922377952755905
20
2.8005157086614174
11
-0.1927784251968504
21
2.8003088188976379
0
LINE
8
BLACK
6
CONTINUOUS
10
-0.1927784251968504
20
2.8003088188976379
11
-0.1928842519685039
21
2.8003013385826772
0
LINE
8
BLACK
6
CONTINUOUS
10
-0.1928842519685039
20
2.8003013385826772
11
-0.1929822440944882
21
2.8002607086614173
0
LINE
8
BLACK
6
CONTINUOUS
10
-0.1929822440944882
20
2.8002607086614173
11
-0.1935583070866142
21
2.8002039763779525
0
LINE
8
BLACK
6
CONTINUOUS
10
-0.1935583070866142
20
2.8002039763779525
11
-0.2010573622047244
21
2.8002039763779525
0
LINE
8
BLACK
6
CONTINUOUS
10
-0.2010573622047244
20
2.8002039763779525
11
-0.2016334251968504
21
2.8002607086614173
0
LINE
8
BLACK
6
CONTINUOUS
10
-0.2016334251968504
20
2.8002607086614173
11
-0.2017314173228346
21
2.8003012992125984
0
LINE
8
BLACK
6
CONTINUOUS
10
-0.2017314173228346
20
2.8003012992125984
11
-0.2018372834645669
21
2.8003088188976379
0
LINE
8
BLACK
6
CONTINUOUS
10
-0.2018372834645669
20
2.8003088188976379
11
-0.202377874015748
21
2.8005157086614174
0
LINE
8
BLACK
6
CONTINUOUS
10
-0.202377874015748
20
2.8005157086614174
11
-0.2061274015748031
21
2.802390472440945
0
LINE
8
BLACK
6
CONTINUOUS
10
-0.2061274015748031
20
2.802390472440945
11
-0.206223779527559
21
2.8024511417322833
0
LINE
8
BLACK
6
CONTINUOUS
10
-0.206223779527559
20
2.8024511417322833
11
-0.2062691732283465
21
2.8024662598425194
0
LINE
8
BLACK
6
CONTINUOUS
10
-0.2062691732283465
20
2.8024662598425194
11
-0.2063257480314961
21
2.8025153149606297
0
LINE
8
BLACK
6
CONTINUOUS
10
-0.2063257480314961
20
2.8025153149606297
11
-0.2066172834645669
21
2.8026988188976376
0
LINE
8
BLACK
6
CONTINUOUS
10
-0.2066172834645669
20
2.8026988188976376
11
-0.2068599606299213
21
2.8029786614173227
0
LINE
8
BLACK
6
CONTINUOUS
10
-0.2068599606299213
20
2.8029786614173227
11
-0.2071395669291339
21
2.8032211417322834
0
LINE
8
BLACK
6
CONTINUOUS
10
-0.2071395669291339
20
2.8032211417322834
11
-0.2073230708661417
21
2.8035126377952757
0
LINE
8
BLACK
6
CONTINUOUS
10
-0.2073230708661417
20
2.8035126377952757
11
-0.207372125984252
21
2.8035692125984251
0
LINE
8
BLACK
6
CONTINUOUS
10
-0.207372125984252
20
2.8035692125984251
11
-0.2073872834645669
21
2.8036146850393702
0
LINE
8
BLACK
6
CONTINUOUS
10
-0.2073872834645669
20
2.8036146850393702
11
-0.2074479133858268
21
2.8037109842519685
0
LINE
8
BLACK
6
CONTINUOUS
10
-0.2074479133858268
20
2.8037109842519685
11
-0.2093226771653543
21
2.8074605511811024
0
LINE
8
BLACK
6
CONTINUOUS
10
-0.2093226771653543
20
2.8074605511811024
11
-0.2095295669291339
21
2.808001181102362
0
LINE
8
BLACK
6
CONTINUOUS
10
-0.2095295669291339
20
2.808001181102362
11
-0.2095370866141732
21
2.8081070078740158
0
LINE
8
BLACK
6
CONTINUOUS
10
-0.2095370866141732
20
2.8081070078740158
11
-0.2095776771653543
21
2.8082050000000001
0
LINE
8
BLACK
6
CONTINUOUS
10
-0.2095776771653543
20
2.8082050000000001
11
-0.2096344094488189
21
2.8087810629921259
0
LINE
8
BLACK
6
CONTINUOUS
10
-0.2096344094488189
20
2.8087810629921259
11
-0.2096344094488189
21
2.8237791732283464
0
LINE
8
BLACK
6
CONTINUOUS
10
-0.2096344094488189
20
2.8237791732283464
11
-0.2095776771653543
21
2.8243552362204722
0
LINE
8
BLACK
6
CONTINUOUS
10
-0.2095776771653543
20
2.8243552362204722
11
-0.2095370866141732
21
2.8244532677165353
0
LINE
8
BLACK
6
CONTINUOUS
10
-0.2095370866141732
20
2.8244532677165353
11
-0.2095295669291339
21
2.8245590551181103
0
LINE
8
BLACK
6
CONTINUOUS
10
-0.2095295669291339
20
2.8245590551181103
11
-0.2093226771653543
21
2.8250996850393699
0
LINE
8
BLACK
6
CONTINUOUS
10
-0.2093226771653543
20
2.8250996850393699
11
-0.2074479133858268
21
2.828849212598425
0
LINE
8
BLACK
6
CONTINUOUS
10
-0.2074479133858268
20
2.828849212598425
11
-0.2073872834645669
21
2.8289455905511809
0
LINE
8
BLACK
6
CONTINUOUS
10
-0.2073872834645669
20
2.8289455905511809
11
-0.207372125984252
21
2.8289909842519685
0
LINE
8
BLACK
6
CONTINUOUS
10
-0.207372125984252
20
2.8289909842519685
11
-0.2073231102362205
21
2.8290475590551178
0
LINE
8
BLACK
6
CONTINUOUS
10
-0.2073231102362205
20
2.8290475590551178
11
-0.2071395669291339
21
2.8293390944881889
0
LINE
8
BLACK
6
CONTINUOUS
10
-0.2071395669291339
20
2.8293390944881889
11
-0.2068598818897638
21
2.8295816929133859
0
LINE
8
BLACK
6
CONTINUOUS
10
-0.2068598818897638
20
2.8295816929133859
11
-0.2066172834645669
21
2.8298613779527559
0
LINE
8
BLACK
6
CONTINUOUS
10
-0.2066172834645669
20
2.8298613779527559
11
-0.2063257480314961
21
2.8300449212598426
0
LINE
8
BLACK
6
CONTINUOUS
10
-0.2063257480314961
20
2.8300449212598426
11
-0.2062691732283465
21
2.8300939370078741
0
LINE
8
BLACK
6
CONTINUOUS
10
-0.2062691732283465
20
2.8300939370078741
11
-0.206223779527559
21
2.830109094488189
0
LINE
8
BLACK
6
CONTINUOUS
10
-0.206223779527559
20
2.830109094488189
11
-0.2061274015748031
21
2.8301697244094486
0
LINE
8
BLACK
6
CONTINUOUS
10
-0.2061274015748031
20
2.8301697244094486
11
-0.202377874015748
21
2.8320444881889761
0
LINE
8
BLACK
6
CONTINUOUS
10
-0.202377874015748
20
2.8320444881889761
11
-0.2018372834645669
21
2.8322513779527561
0
LINE
8
BLACK
6
CONTINUOUS
10
-0.2018372834645669
20
2.8322513779527561
11
-0.2017314173228346
21
2.8322589370078739
0
LINE
8
BLACK
6
CONTINUOUS
10
-0.2017314173228346
20
2.8322589370078739
11
-0.2016334251968504
21
2.8322994881889763
0
LINE
8
BLACK
6
CONTINUOUS
10
-0.2016334251968504
20
2.8322994881889763
11
-0.2010573622047244
21
2.8323562204724411
0
LINE
8
BLACK
6
CONTINUOUS
10
-0.2010573622047244
20
2.8323562204724411
11
-0.1935583070866142
21
2.8323562204724411
0
LINE
8
BLACK
6
CONTINUOUS
10
-0.1935583070866142
20
2.8323562204724411
11
-0.1929822440944882
21
2.8322994881889763
0
LINE
8
BLACK
6
CONTINUOUS
10
-0.202606062992126
20
2.8253278740157479
11
-0.2037288976377953
21
2.8230821259842518
0
LINE
8
BLACK
6
CONTINUOUS
10
-0.2037288976377953
20
2.8230821259842518
11
-0.2037288976377953
21
2.8198819291338584
0
LINE
8
BLACK
6
CONTINUOUS
10
-0.2037288976377953
20
2.8198819291338584
11
-0.1908867716535433
21
2.8224503149606299
0
LINE
8
BLACK
6
CONTINUOUS
10
-0.1908867716535433
20
2.8224503149606299
11
-0.1908867716535433
21
2.8230821259842518
0
LINE
8
BLACK
6
CONTINUOUS
10
-0.1908867716535433
20
2.8230821259842518
11
-0.1920096456692913
21
2.8253278740157479
0
LINE
8
BLACK
6
CONTINUOUS
10
-0.1920096456692913
20
2.8253278740157479
11
-0.1942553543307086
21
2.8264507086614175
0
LINE
8
BLACK
6
CONTINUOUS
10
-0.1942553543307086
20
2.8264507086614175
11
-0.2003603149606299
21
2.8264507086614175
0
LINE
8
BLACK
6
CONTINUOUS
10
-0.2003603149606299
20
2.8264507086614175
11
-0.202606062992126
21
2.8253278740157479
0
LINE
8
BLACK
6
CONTINUOUS
10
-0.5135672047244094
20
2.8322994881889763
11
-0.5134692125984252
21
2.8322588976377951
0
LINE
8
BLACK
6
CONTINUOUS
10
-0.5134692125984252
20
2.8322588976377951
11
-0.5133633858267717
21
2.8322513779527561
0
LINE
8
BLACK
6
CONTINUOUS
10
-0.5133633858267717
20
2.8322513779527561
11
-0.5128227559055119
21
2.8320444881889761
0
LINE
8
BLACK
6
CONTINUOUS
10
-0.5128227559055119
20
2.8320444881889761
11
-0.5090732283464566
21
2.8301697244094486
0
LINE
8
BLACK
6
CONTINUOUS
10
-0.5090732283464566
20
2.8301697244094486
11
-0.5089768897637795
21
2.830109094488189
0
LINE
8
BLACK
6
CONTINUOUS
10
-0.5089768897637795
20
2.830109094488189
11
-0.5089314566929134
21
2.8300939370078741
0
LINE
8
BLACK
6
CONTINUOUS
10
-0.5089314566929134
20
2.8300939370078741
11
-0.5088749212598425
21
2.8300449212598426
0
LINE
8
BLACK
6
CONTINUOUS
10
-0.5088749212598425
20
2.8300449212598426
11
-0.5085833464566929
21
2.8298613779527559
0
LINE
8
BLACK
6
CONTINUOUS
10
-0.5085833464566929
20
2.8298613779527559
11
-0.5085189763779527
21
2.8297871653543307
0
LINE
8
BLACK
6
CONTINUOUS
10
-0.5085189763779527
20
2.8297871653543307
11
-0.5084546062992126
21
2.8298613779527559
0
LINE
8
BLACK
6
CONTINUOUS
10
-0.5084546062992126
20
2.8298613779527559
11
-0.5081630708661418
21
2.8300449212598426
0
LINE
8
BLACK
6
CONTINUOUS
10
-0.5081630708661418
20
2.8300449212598426
11
-0.5081064960629921
21
2.8300939370078741
0
LINE
8
BLACK
6
CONTINUOUS
10
-0.5081064960629921
20
2.8300939370078741
11
-0.5080611023622047
21
2.830109094488189
0
LINE
8
BLACK
6
CONTINUOUS
10
-0.5080611023622047
20
2.830109094488189
11
-0.5079647244094488
21
2.8301697244094486
0
LINE
8
BLACK
6
CONTINUOUS
10
-0.5079647244094488
20
2.8301697244094486
11
-0.5042151968503937
21
2.8320444881889761
0
LINE
8
BLACK
6
CONTINUOUS
10
-0.5042151968503937
20
2.8320444881889761
11
-0.5036746062992126
21
2.8322513779527561
0
LINE
8
BLACK
6
CONTINUOUS
10
-0.5036746062992126
20
2.8322513779527561
11
-0.5035687401574803
21
2.8322589370078739
0
LINE
8
BLACK
6
CONTINUOUS
10
-0.5035687401574803
20
2.8322589370078739
11
-0.5034707480314961
21
2.8322994881889763
0
LINE
8
BLACK
6
CONTINUOUS
10
-0.5034707480314961
20
2.8322994881889763
11
-0.5028946850393701
21
2.8323562204724411
0
LINE
8
BLACK
6
CONTINUOUS
10
-0.5028946850393701
20
2.8323562204724411
11
-0.4972703937007874
21
2.8323562204724411
0
LINE
8
BLACK
6
CONTINUOUS
10
-0.4972703937007874
20
2.8323562204724411
11
-0.4966943307086614
21
2.8322994881889763
0
LINE
8
BLACK
6
CONTINUOUS
10
-0.4966943307086614
20
2.8322994881889763
11
-0.4965963385826772
21
2.8322588976377951
0
LINE
8
BLACK
6
CONTINUOUS
10
-0.4965963385826772
20
2.8322588976377951
11
-0.4964905118110236
21
2.8322513779527561
0
LINE
8
BLACK
6
CONTINUOUS
10
-0.4964905118110236
20
2.8322513779527561
11
-0.4959498818897637
21
2.8320444881889761
0
LINE
8
BLACK
6
CONTINUOUS
10
-0.4959498818897637
20
2.8320444881889761
11
-0.4922003149606299
21
2.8301697244094486
0
LINE
8
BLACK
6
CONTINUOUS
10
-0.4922003149606299
20
2.8301697244094486
11
-0.4921040157480315
21
2.830109094488189
0
LINE
8
BLACK
6
CONTINUOUS
10
-0.4921040157480315
20
2.830109094488189
11
-0.4920585433070866
21
2.8300939370078741
0
LINE
8
BLACK
6
CONTINUOUS
10
-0.4920585433070866
20
2.8300939370078741
11
-0.492001968503937
21
2.8300448818897639
0
LINE
8
BLACK
6
CONTINUOUS
10
-0.492001968503937
20
2.8300448818897639
11
-0.4917104724409448
21
2.8298613779527559
0
LINE
8
BLACK
6
CONTINUOUS
10
-0.4917104724409448
20
2.8298613779527559
11
-0.4914679921259842
21
2.8295817716535434
0
LINE
8
BLACK
6
CONTINUOUS
10
-0.4914679921259842
20
2.8295817716535434
11
-0.4911881496062992
21
2.8293390944881889
0
LINE
8
BLACK
6
CONTINUOUS
10
-0.4911881496062992
20
2.8293390944881889
11
-0.4910046456692913
21
2.8290475590551178
0
LINE
8
BLACK
6
CONTINUOUS
10
-0.4910046456692913
20
2.8290475590551178
11
-0.4909555905511811
21
2.8289909842519685
0
LINE
8
BLACK
6
CONTINUOUS
10
-0.4909555905511811
20
2.8289909842519685
11
-0.4909404724409449
21
2.8289455905511809
0
LINE
8
BLACK
6
CONTINUOUS
10
-0.4909404724409449
20
2.8289455905511809
11
-0.4908798031496063
21
2.828849212598425
0
LINE
8
BLACK
6
CONTINUOUS
10
-0.4908798031496063
20
2.828849212598425
11
-0.4890050393700787
21
2.8250996850393699
0
LINE
8
BLACK
6
CONTINUOUS
10
-0.4890050393700787
20
2.8250996850393699
11
-0.4887981496062992
21
2.8245590944881891
0
LINE
8
BLACK
6
CONTINUOUS
10
-0.4887981496062992
20
2.8245590944881891
11
-0.4887906299212598
21
2.8244532283464565
0
LINE
8
BLACK
6
CONTINUOUS
10
-0.4887906299212598
20
2.8244532283464565
11
-0.4887500393700787
21
2.8243552362204722
0
LINE
8
BLACK
6
CONTINUOUS
10
-0.4887500393700787
20
2.8243552362204722
11
-0.4886933070866142
21
2.8237791732283464
0
LINE
8
BLACK
6
CONTINUOUS
10
-0.4886933070866142
20
2.8237791732283464
11
-0.4886933070866142
21
2.8031567322834645
0
LINE
8
BLACK
6
CONTINUOUS
10
-0.4886933070866142
20
2.8031567322834645
11
-0.4887500393700787
21
2.8025806692913386
0
LINE
8
BLACK
6
CONTINUOUS
10
-0.4887500393700787
20
2.8025806692913386
11
-0.4891909448818897
21
2.8015162598425198
0
LINE
8
BLACK
6
CONTINUOUS
10
-0.4891909448818897
20
2.8015162598425198
11
-0.4900055905511811
21
2.8007016141732284
0
LINE
8
BLACK
6
CONTINUOUS
10
-0.4900055905511811
20
2.8007016141732284
11
-0.49107
21
2.8002607086614173
0
LINE
8
BLACK
6
CONTINUOUS
10
-0.49107
20
2.8002607086614173
11
-0.492222125984252
21
2.8002607086614173
0
LINE
8
BLACK
6
CONTINUOUS
10
-0.492222125984252
20
2.8002607086614173
11
-0.4932865354330708
21
2.8007016141732284
0
LINE
8
BLACK
6
CONTINUOUS
10
-0.4932865354330708
20
2.8007016141732284
11
-0.4941011811023622
21
2.8015162598425198
0
LINE
8
BLACK
6
CONTINUOUS
10
-0.4941011811023622
20
2.8015162598425198
11
-0.4945420866141732
21
2.8025806692913386
0
LINE
8
BLACK
6
CONTINUOUS
10
-0.4945420866141732
20
2.8025806692913386
11
-0.4945988188976378
21
2.8031567322834645
0
LINE
8
BLACK
6
CONTINUOUS
10
-0.4945988188976378
20
2.8031567322834645
11
-0.4945988188976378
21
2.8230821259842518
0
LINE
8
BLACK
6
CONTINUOUS
10
-0.4945988188976378
20
2.8230821259842518
11
-0.4957216929133858
21
2.8253278740157479
0
LINE
8
BLACK
6
CONTINUOUS
10
-0.4957216929133858
20
2.8253278740157479
11
-0.4979674409448819
21
2.8264507086614175
0
LINE
8
BLACK
6
CONTINUOUS
10
-0.4979674409448819
20
2.8264507086614175
11
-0.5021976377952756
21
2.8264507086614175
0
LINE
8
BLACK
6
CONTINUOUS
10
-0.5021976377952756
20
2.8264507086614175
11
-0.5044433858267716
21
2.8253278740157479
0
LINE
8
BLACK
6
CONTINUOUS
10
-0.5044433858267716
20
2.8253278740157479
11
-0.5055662204724409
21
2.8230821259842518
0
LINE
8
BLACK
6
CONTINUOUS
10
-0.5055662204724409
20
2.8230821259842518
11
-0.5055662204724409
21
2.8031567322834645
0
LINE
8
BLACK
6
CONTINUOUS
10
-0.5055662204724409
20
2.8031567322834645
11
-0.5056229527559055
21
2.8025806692913386
0
LINE
8
BLACK
6
CONTINUOUS
10
-0.5056229527559055
20
2.8025806692913386
11
-0.5060638582677165
21
2.8015162598425198
0
LINE
8
BLACK
6
CONTINUOUS
10
-0.5060638582677165
20
2.8015162598425198
11
-0.5068785039370078
21
2.8007016141732284
0
LINE
8
BLACK
6
CONTINUOUS
10
-0.5068785039370078
20
2.8007016141732284
11
-0.5079429133858268
21
2.8002607086614173
0
LINE
8
BLACK
6
CONTINUOUS
10
-0.5079429133858268
20
2.8002607086614173
11
-0.5090950393700787
21
2.8002607086614173
0
LINE
8
BLACK
6
CONTINUOUS
10
-0.5090950393700787
20
2.8002607086614173
11
-0.5101594488188976
21
2.8007016141732284
0
LINE
8
BLACK
6
CONTINUOUS
10
-0.5101594488188976
20
2.8007016141732284
11
-0.510974094488189
21
2.8015162598425198
0
LINE
8
BLACK
6
CONTINUOUS
10
-0.510974094488189
20
2.8015162598425198
11
-0.511415
21
2.8025806692913386
0
LINE
8
BLACK
6
CONTINUOUS
10
-0.511415
20
2.8025806692913386
11
-0.5114717322834645
21
2.8031567322834645
0
LINE
8
BLACK
6
CONTINUOUS
10
-0.5114717322834645
20
2.8031567322834645
11
-0.5114717322834645
21
2.8230821259842518
0
LINE
8
BLACK
6
CONTINUOUS
10
-0.5114717322834645
20
2.8230821259842518
11
-0.5125946062992126
21
2.8253278740157479
0
LINE
8
BLACK
6
CONTINUOUS
10
-0.5125946062992126
20
2.8253278740157479
11
-0.5148403149606299
21
2.8264507086614175
0
LINE
8
BLACK
6
CONTINUOUS
10
-0.5148403149606299
20
2.8264507086614175
11
-0.5190705118110236
21
2.8264507086614175
0
LINE
8
BLACK
6
CONTINUOUS
10
-0.5190705118110236
20
2.8264507086614175
11
-0.5217679921259842
21
2.8251019685039371
0
LINE
8
BLACK
6
CONTINUOUS
10
-0.5217679921259842
20
2.8251019685039371
11
-0.5224390944881889
21
2.8244308661417321
0
LINE
8
BLACK
6
CONTINUOUS
10
-0.5224390944881889
20
2.8244308661417321
11
-0.5224390944881889
21
2.8031567322834645
0
LINE
8
BLACK
6
CONTINUOUS
10
-0.5224390944881889
20
2.8031567322834645
11
-0.5224958267716535
21
2.8025806692913386
0
LINE
8
BLACK
6
CONTINUOUS
10
-0.5224958267716535
20
2.8025806692913386
11
-0.5229367322834646
21
2.8015162598425198
0
LINE
8
BLACK
6
CONTINUOUS
10
-0.5229367322834646
20
2.8015162598425198
11
-0.5237513779527559
21
2.8007016141732284
0
LINE
8
BLACK
6
CONTINUOUS
10
-0.5237513779527559
20
2.8007016141732284
11
-0.5248157874015748
21
2.8002607086614173
0
LINE
8
BLACK
6
CONTINUOUS
10
-0.5248157874015748
20
2.8002607086614173
11
-0.5259679133858267
21
2.8002607086614173
0
LINE
8
BLACK
6
CONTINUOUS
10
-0.5259679133858267
20
2.8002607086614173
11
-0.5270323228346456
21
2.8007016141732284
0
LINE
8
BLACK
6
CONTINUOUS
10
-0.5270323228346456
20
2.8007016141732284
11
-0.527846968503937
21
2.8015162598425198
0
LINE
8
BLACK
6
CONTINUOUS
10
-0.527846968503937
20
2.8015162598425198
11
-0.5282878740157481
21
2.8025806692913386
0
LINE
8
BLACK
6
CONTINUOUS
10
-0.5282878740157481
20
2.8025806692913386
11
-0.5283446062992125
21
2.8031567322834645
0
LINE
8
BLACK
6
CONTINUOUS
10
-0.5283446062992125
20
2.8031567322834645
11
-0.5283446062992125
21
2.829403464566929
0
LINE
8
BLACK
6
CONTINUOUS
10
-0.5283446062992125
20
2.829403464566929
11
-0.5282878740157481
21
2.8299795275590549
0
LINE
8
BLACK
6
CONTINUOUS
10
-0.5282878740157481
20
2.8299795275590549
11
-0.527846968503937
21
2.8310439370078742
0
LINE
8
BLACK
6
CONTINUOUS
10
-0.527846968503937
20
2.8310439370078742
11
-0.5270323228346456
21
2.8318585826771652
0
LINE
8
BLACK
6
CONTINUOUS
10
-0.5270323228346456
20
2.8318585826771652
11
-0.5259679133858267
21
2.8322994881889763
0
LINE
8
BLACK
6
CONTINUOUS
10
-0.5259679133858267
20
2.8322994881889763
11
-0.5248157874015748
21
2.8322994881889763
0
LINE
8
BLACK
6
CONTINUOUS
10
-0.5248157874015748
20
2.8322994881889763
11
-0.5237513779527559
21
2.8318585826771652
0
LINE
8
BLACK
6
CONTINUOUS
10
-0.5237513779527559
20
2.8318585826771652
11
-0.5229875590551181
21
2.8310947637795274
0
LINE
8
BLACK
6
CONTINUOUS
10
-0.5229875590551181
20
2.8310947637795274
11
-0.5210880708661417
21
2.8320444881889761
0
LINE
8
BLACK
6
CONTINUOUS
10
-0.5210880708661417
20
2.8320444881889761
11
-0.5205474803149606
21
2.8322513779527561
0
LINE
8
BLACK
6
CONTINUOUS
10
-0.5205474803149606
20
2.8322513779527561
11
-0.5204416141732283
21
2.8322589370078739
0
LINE
8
BLACK
6
CONTINUOUS
10
-0.5204416141732283
20
2.8322589370078739
11
-0.520343622047244
21
2.8322994881889763
0
LINE
8
BLACK
6
CONTINUOUS
10
-0.520343622047244
20
2.8322994881889763
11
-0.5197675590551181
21
2.8323562204724411
0
LINE
8
BLACK
6
CONTINUOUS
10
-0.5197675590551181
20
2.8323562204724411
11
-0.5141432677165354
21
2.8323562204724411
0
LINE
8
BLACK
6
CONTINUOUS
10
-0.5141432677165354
20
2.8323562204724411
11
-0.5135672047244094
21
2.8322994881889763
0
LINE
8
BLACK
6
CONTINUOUS
10
-0.3917074409448819
20
2.8322994881889763
11
-0.390643031496063
21
2.8318585826771652
0
LINE
8
BLACK
6
CONTINUOUS
10
-0.390643031496063
20
2.8318585826771652
11
-0.3898283858267717
21
2.8310439370078742
0
LINE
8
BLACK
6
CONTINUOUS
10
-0.3898283858267717
20
2.8310439370078742
11
-0.3893874803149606
21
2.8299795275590549
0
LINE
8
BLACK
6
CONTINUOUS
10
-0.3893874803149606
20
2.8299795275590549
11
-0.3893874803149606
21
2.8288274015748032
0
LINE
8
BLACK
6
CONTINUOUS
10
-0.3893874803149606
20
2.8288274015748032
11
-0.3898283858267717
21
2.8277629921259844
0
LINE
8
BLACK
6
CONTINUOUS
10
-0.3898283858267717
20
2.8277629921259844
11
-0.390643031496063
21
2.8269483464566929
0
LINE
8
BLACK
6
CONTINUOUS
10
-0.390643031496063
20
2.8269483464566929
11
-0.3917074409448819
21
2.8265074409448818
0
LINE
8
BLACK
6
CONTINUOUS
10
-0.3917074409448819
20
2.8265074409448818
11
-0.3922835039370078
21
2.8264507086614175
0
LINE
8
BLACK
6
CONTINUOUS
10
-0.3922835039370078
20
2.8264507086614175
11
-0.3953359842519685
21
2.8264507086614175
0
LINE
8
BLACK
6
CONTINUOUS
10
-0.3953359842519685
20
2.8264507086614175
11
-0.3980334645669291
21
2.8251019685039371
0
LINE
8
BLACK
6
CONTINUOUS
10
-0.3980334645669291
20
2.8251019685039371
11
-0.3992305905511811
21
2.8239048425196849
0
LINE
8
BLACK
6
CONTINUOUS
10
-0.3992305905511811
20
2.8239048425196849
11
-0.4005793307086614
21
2.8212073622047242
0
LINE
8
BLACK
6
CONTINUOUS
10
-0.4005793307086614
20
2.8212073622047242
11
-0.4005793307086614
21
2.8031567322834645
0
LINE
8
BLACK
6
CONTINUOUS
10
-0.4005793307086614
20
2.8031567322834645
11
-0.400636062992126
21
2.8025806692913386
0
LINE
8
BLACK
6
CONTINUOUS
10
-0.400636062992126
20
2.8025806692913386
11
-0.401076968503937
21
2.8015162598425198
0
LINE
8
BLACK
6
CONTINUOUS
10
-0.401076968503937
20
2.8015162598425198
11
-0.4018916141732283
21
2.8007016141732284
0
LINE
8
BLACK
6
CONTINUOUS
10
-0.4018916141732283
20
2.8007016141732284
11
-0.4029560236220472
21
2.8002607086614173
0
LINE
8
BLACK
6
CONTINUOUS
10
-0.4029560236220472
20
2.8002607086614173
11
-0.4041081496062992
21
2.8002607086614173
0
LINE
8
BLACK
6
CONTINUOUS
10
-0.4041081496062992
20
2.8002607086614173
11
-0.4051725590551181
21
2.8007016141732284
0
LINE
8
BLACK
6
CONTINUOUS
10
-0.4051725590551181
20
2.8007016141732284
11
-0.4059872047244095
21
2.8015162598425198
0
LINE
8
BLACK
6
CONTINUOUS
10
-0.4059872047244095
20
2.8015162598425198
11
-0.4064281102362204
21
2.8025806692913386
0
LINE
8
BLACK
6
CONTINUOUS
10
-0.4064281102362204
20
2.8025806692913386
11
-0.406484842519685
21
2.8031567322834645
0
LINE
8
BLACK
6
CONTINUOUS
10
-0.406484842519685
20
2.8031567322834645
11
-0.406484842519685
21
2.829403464566929
0
LINE
8
BLACK
6
CONTINUOUS
10
-0.406484842519685
20
2.829403464566929
11
-0.4064281102362204
21
2.8299795275590549
0
LINE
8
BLACK
6
CONTINUOUS
10
-0.4064281102362204
20
2.8299795275590549
11
-0.4059872047244095
21
2.8310439370078742
0
LINE
8
BLACK
6
CONTINUOUS
10
-0.4059872047244095
20
2.8310439370078742
11
-0.4051725590551181
21
2.8318585826771652
0
LINE
8
BLACK
6
CONTINUOUS
10
-0.4051725590551181
20
2.8318585826771652
11
-0.4041081496062992
21
2.8322994881889763
0
LINE
8
BLACK
6
CONTINUOUS
10
-0.4041081496062992
20
2.8322994881889763
11
-0.4029560236220472
21
2.8322994881889763
0
LINE
8
BLACK
6
CONTINUOUS
10
-0.4029560236220472
20
2.8322994881889763
11
-0.4018916141732283
21
2.8318585826771652
0
LINE
8
BLACK
6
CONTINUOUS
10
-0.4018916141732283
20
2.8318585826771652
11
-0.401076968503937
21
2.8310439370078742
0
LINE
8
BLACK
6
CONTINUOUS
10
-0.401076968503937
20
2.8310439370078742
11
-0.4007814960629921
21
2.8303305511811021
0
LINE
8
BLACK
6
CONTINUOUS
10
-0.4007814960629921
20
2.8303305511811021
11
-0.3973535433070866
21
2.8320444881889761
0
LINE
8
BLACK
6
CONTINUOUS
10
-0.3973535433070866
20
2.8320444881889761
11
-0.3968129527559055
21
2.8322513779527561
0
LINE
8
BLACK
6
CONTINUOUS
10
-0.3968129527559055
20
2.8322513779527561
11
-0.3967070866141732
21
2.8322589370078739
0
LINE
8
BLACK
6
CONTINUOUS
10
-0.3967070866141732
20
2.8322589370078739
11
-0.396609094488189
21
2.8322994881889763
0
LINE
8
BLACK
6
CONTINUOUS
10
-0.396609094488189
20
2.8322994881889763
11
-0.396033031496063
21
2.8323562204724411
0
LINE
8
BLACK
6
CONTINUOUS
10
-0.396033031496063
20
2.8323562204724411
11
-0.3922835039370078
21
2.8323562204724411
0
LINE
8
BLACK
6
CONTINUOUS
10
-0.3922835039370078
20
2.8323562204724411
11
-0.3917074409448819
21
2.8322994881889763
0
LINE
8
BLACK
6
CONTINUOUS
10
-0.1592364566929134
20
2.8322994881889763
11
-0.1591384645669291
21
2.8322588976377951
0
LINE
8
BLACK
6
CONTINUOUS
10
-0.1591384645669291
20
2.8322588976377951
11
-0.1590326377952756
21
2.8322513779527561
0
LINE
8
BLACK
6
CONTINUOUS
10
-0.1590326377952756
20
2.8322513779527561
11
-0.1584920078740157
21
2.8320444881889761
0
LINE
8
BLACK
6
CONTINUOUS
10
-0.1584920078740157
20
2.8320444881889761
11
-0.1547424803149606
21
2.8301697244094486
0
LINE
8
BLACK
6
CONTINUOUS
10
-0.1547424803149606
20
2.8301697244094486
11
-0.1546461417322835
21
2.830109094488189
0
LINE
8
BLACK
6
CONTINUOUS
10
-0.1546461417322835
20
2.830109094488189
11
-0.1546007086614173
21
2.8300939370078741
0
LINE
8
BLACK
6
CONTINUOUS
10
-0.1546007086614173
20
2.8300939370078741
11
-0.1545441732283465
21
2.8300449212598426
0
LINE
8
BLACK
6
CONTINUOUS
10
-0.1545441732283465
20
2.8300449212598426
11
-0.1542525984251968
21
2.8298613779527559
0
LINE
8
BLACK
6
CONTINUOUS
10
-0.1542525984251968
20
2.8298613779527559
11
-0.1540100393700787
21
2.8295816929133859
0
LINE
8
BLACK
6
CONTINUOUS
10
-0.1540100393700787
20
2.8295816929133859
11
-0.1537303149606299
21
2.8293390944881889
0
LINE
8
BLACK
6
CONTINUOUS
10
-0.1537303149606299
20
2.8293390944881889
11
-0.1535468110236221
21
2.8290475590551178
0
LINE
8
BLACK
6
CONTINUOUS
10
-0.1535468110236221
20
2.8290475590551178
11
-0.1534977559055118
21
2.8289909842519685
0
LINE
8
BLACK
6
CONTINUOUS
10
-0.1534977559055118
20
2.8289909842519685
11
-0.1534826377952756
21
2.8289455905511809
0
LINE
8
BLACK
6
CONTINUOUS
10
-0.1534826377952756
20
2.8289455905511809
11
-0.153421968503937
21
2.828849212598425
0
LINE
8
BLACK
6
CONTINUOUS
10
-0.153421968503937
20
2.828849212598425
11
-0.1515472047244094
21
2.8250996850393699
0
LINE
8
BLACK
6
CONTINUOUS
10
-0.1515472047244094
20
2.8250996850393699
11
-0.1513403149606299
21
2.8245590944881891
0
LINE
8
BLACK
6
CONTINUOUS
10
-0.1513403149606299
20
2.8245590944881891
11
-0.1513327952755905
21
2.8244532283464565
0
LINE
8
BLACK
6
CONTINUOUS
10
-0.1513327952755905
20
2.8244532283464565
11
-0.1512922047244094
21
2.8243552362204722
0
LINE
8
BLACK
6
CONTINUOUS
10
-0.1512922047244094
20
2.8243552362204722
11
-0.1512354724409449
21
2.8237791732283464
0
LINE
8
BLACK
6
CONTINUOUS
10
-0.1512354724409449
20
2.8237791732283464
11
-0.1512354724409449
21
2.8031567322834645
0
LINE
8
BLACK
6
CONTINUOUS
10
-0.1512354724409449
20
2.8031567322834645
11
-0.1512922047244094
21
2.8025806692913386
0
LINE
8
BLACK
6
CONTINUOUS
10
-0.1512922047244094
20
2.8025806692913386
11
-0.1517331102362205
21
2.8015162598425198
0
LINE
8
BLACK
6
CONTINUOUS
10
-0.1517331102362205
20
2.8015162598425198
11
-0.1525477559055118
21
2.8007016141732284
0
LINE
8
BLACK
6
CONTINUOUS
10
-0.1525477559055118
20
2.8007016141732284
11
-0.1536121653543307
21
2.8002607086614173
0
LINE
8
BLACK
6
CONTINUOUS
10
-0.1536121653543307
20
2.8002607086614173
11
-0.1547642913385827
21
2.8002607086614173
0
LINE
8
BLACK
6
CONTINUOUS
10
-0.1547642913385827
20
2.8002607086614173
11
-0.1558287007874016
21
2.8007016141732284
0
LINE
8
BLACK
6
CONTINUOUS
10
-0.1558287007874016
20
2.8007016141732284
11
-0.1566433464566929
21
2.8015162598425198
0
LINE
8
BLACK
6
CONTINUOUS
10
-0.1566433464566929
20
2.8015162598425198
11
-0.1570842519685039
21
2.8025806692913386
0
LINE
8
BLACK
6
CONTINUOUS
10
-0.1570842519685039
20
2.8025806692913386
11
-0.1571409842519685
21
2.8031567322834645
0
LINE
8
BLACK
6
CONTINUOUS
10
-0.1571409842519685
20
2.8031567322834645
11
-0.1571409842519685
21
2.8230821259842518
0
LINE
8
BLACK
6
CONTINUOUS
10
-0.1571409842519685
20
2.8230821259842518
11
-0.1582638582677165
21
2.8253278740157479
0
LINE
8
BLACK
6
CONTINUOUS
10
-0.1582638582677165
20
2.8253278740157479
11
-0.1605095669291338
21
2.8264507086614175
0
LINE
8
BLACK
6
CONTINUOUS
10
-0.1605095669291338
20
2.8264507086614175
11
-0.1647397637795276
21
2.8264507086614175
0
LINE
8
BLACK
6
CONTINUOUS
10
-0.1647397637795276
20
2.8264507086614175
11
-0.1674372440944882
21
2.8251019685039371
0
LINE
8
BLACK
6
CONTINUOUS
10
-0.1674372440944882
20
2.8251019685039371
11
-0.1681083464566929
21
2.8244308661417321
0
LINE
8
BLACK
6
CONTINUOUS
10
-0.1681083464566929
20
2.8244308661417321
11
-0.1681083464566929
21
2.8031567322834645
0
LINE
8
BLACK
6
CONTINUOUS
10
-0.1681083464566929
20
2.8031567322834645
11
-0.1681650787401575
21
2.8025806692913386
0
LINE
8
BLACK
6
CONTINUOUS
10
-0.1681650787401575
20
2.8025806692913386
11
-0.1686059842519685
21
2.8015162598425198
0
LINE
8
BLACK
6
CONTINUOUS
10
-0.1686059842519685
20
2.8015162598425198
11
-0.1694206299212598
21
2.8007016141732284
0
LINE
8
BLACK
6
CONTINUOUS
10
-0.1694206299212598
20
2.8007016141732284
11
-0.1704850393700787
21
2.8002607086614173
0
LINE
8
BLACK
6
CONTINUOUS
10
-0.1704850393700787
20
2.8002607086614173
11
-0.1716371653543307
21
2.8002607086614173
0
LINE
8
BLACK
6
CONTINUOUS
10
-0.1716371653543307
20
2.8002607086614173
11
-0.1727015748031496
21
2.8007016141732284
0
LINE
8
BLACK
6
CONTINUOUS
10
-0.1727015748031496
20
2.8007016141732284
11
-0.1735162204724409
21
2.8015162598425198
0
LINE
8
BLACK
6
CONTINUOUS
10
-0.1735162204724409
20
2.8015162598425198
11
-0.173957125984252
21
2.8025806692913386
0
LINE
8
BLACK
6
CONTINUOUS
10
-0.173957125984252
20
2.8025806692913386
11
-0.1740138582677165
21
2.8031567322834645
0
LINE
8
BLACK
6
CONTINUOUS
10
-0.1740138582677165
20
2.8031567322834645
11
-0.1740138582677165
21
2.829403464566929
0
LINE
8
BLACK
6
CONTINUOUS
10
-0.1740138582677165
20
2.829403464566929
11
-0.173957125984252
21
2.8299795275590549
0
LINE
8
BLACK
6
CONTINUOUS
10
-0.173957125984252
20
2.8299795275590549
11
-0.1735162204724409
21
2.8310439370078742
0
LINE
8
BLACK
6
CONTINUOUS
10
-0.1735162204724409
20
2.8310439370078742
11
-0.1727015748031496
21
2.8318585826771652
0
LINE
8
BLACK
6
CONTINUOUS
10
-0.1727015748031496
20
2.8318585826771652
11
-0.1716371653543307
21
2.8322994881889763
0
LINE
8
BLACK
6
CONTINUOUS
10
-0.1716371653543307
20
2.8322994881889763
11
-0.1704850393700787
21
2.8322994881889763
0
LINE
8
BLACK
6
CONTINUOUS
10
-0.1704850393700787
20
2.8322994881889763
11
-0.1694206299212598
21
2.8318585826771652
0
LINE
8
BLACK
6
CONTINUOUS
10
-0.1694206299212598
20
2.8318585826771652
11
-0.168656811023622
21
2.8310947637795274
0
LINE
8
BLACK
6
CONTINUOUS
10
-0.168656811023622
20
2.8310947637795274
11
-0.1667573228346457
21
2.8320444881889761
0
LINE
8
BLACK
6
CONTINUOUS
10
-0.1667573228346457
20
2.8320444881889761
11
-0.1662167322834646
21
2.8322513779527561
0
LINE
8
BLACK
6
CONTINUOUS
10
-0.1662167322834646
20
2.8322513779527561
11
-0.1661108661417323
21
2.8322589370078739
0
LINE
8
BLACK
6
CONTINUOUS
10
-0.1661108661417323
20
2.8322589370078739
11
-0.166012874015748
21
2.8322994881889763
0
LINE
8
BLACK
6
CONTINUOUS
10
-0.166012874015748
20
2.8322994881889763
11
-0.165436811023622
21
2.8323562204724411
0
LINE
8
BLACK
6
CONTINUOUS
10
-0.165436811023622
20
2.8323562204724411
11
-0.1598125196850394
21
2.8323562204724411
0
LINE
8
BLACK
6
CONTINUOUS
10
-0.1598125196850394
20
2.8323562204724411
11
-0.1592364566929134
21
2.8322994881889763
0
CIRCLE
8
BLACK
10
-0.3803149606299213
20
3.2884842519685038
40
0.0068897637795276
0
CIRCLE
8
BLACK
10
-0.3661417322834646
20
0.7419291338582678
40
0.0068897637795276
0
CIRCLE
8
BLACK
10
-0.3661417322834646
20
2.6399606299212599
40
0.0068897637795276
0
CIRCLE
8
BLACK
10
-0.1692913385826772
20
1.5151574803149606
40
0.0068897637795276
0
CIRCLE
8
BLACK
10
-0.1692913385826772
20
1.5938976377952756
40
0.0068897637795276
0
CIRCLE
8
BLACK
10
-0.1692913385826772
20
1.6726377952755904
40
0.0068897637795276
0
CIRCLE
8
BLACK
10
-0.1692913385826772
20
1.7513779527559055
40
0.0068897637795276
0
CIRCLE
8
BLACK
10
-0.1692913385826772
20
1.8301181102362205
40
0.0068897637795276
0
CIRCLE
8
BLACK
10
-0.1692913385826772
20
1.9088582677165353
40
0.0068897637795276
0
CIRCLE
8
BLACK
10
-0.2480314960629921
20
1.5151574803149606
40
0.0068897637795276
0
CIRCLE
8
BLACK
10
-0.2480314960629921
20
1.5938976377952756
40
0.0068897637795276
0
CIRCLE
8
BLACK
10
-0.2480314960629921
20
1.6726377952755904
40
0.0068897637795276
0
CIRCLE
8
BLACK
10
-0.2480314960629921
20
1.7513779527559055
40
0.0068897637795276
0
CIRCLE
8
BLACK
10
-0.2480314960629921
20
1.8301181102362205
40
0.0068897637795276
0
CIRCLE
8
BLACK
10
-0.2480314960629921
20
1.9088582677165353
40
0.0068897637795276
0
CIRCLE
8
BLACK
10
-0.3267716535433071
20
1.5151574803149606
40
0.0068897637795276
0
CIRCLE
8
BLACK
10
-0.3267716535433071
20
1.5938976377952756
40
0.0068897637795276
0
CIRCLE
8
BLACK
10
-0.3267716535433071
20
1.6726377952755904
40
0.0068897637795276
0
CIRCLE
8
BLACK
10
-0.3267716535433071
20
1.7513779527559055
40
0.0068897637795276
0
CIRCLE
8
BLACK
10
-0.3267716535433071
20
1.8301181102362205
40
0.0068897637795276
0
CIRCLE
8
BLACK
10
-0.3267716535433071
20
1.9088582677165353
40
0.0068897637795276
0
CIRCLE
8
BLACK
10
-0.405511811023622
20
1.5151574803149606
40
0.0068897637795276
0
CIRCLE
8
BLACK
10
-0.405511811023622
20
1.5938976377952756
40
0.0068897637795276
0
CIRCLE
8
BLACK
10
-0.405511811023622
20
1.6726377952755904
40
0.0068897637795276
0
CIRCLE
8
BLACK
10
-0.405511811023622
20
1.7513779527559055
40
0.0068897637795276
0
CIRCLE
8
BLACK
10
-0.405511811023622
20
1.8301181102362205
40
0.0068897637795276
0
CIRCLE
8
BLACK
10
-0.405511811023622
20
1.9088582677165353
40
0.0068897637795276
0
CIRCLE
8
BLACK
10
-0.484251968503937
20
1.5151574803149606
40
0.0068897637795276
0
CIRCLE
8
BLACK
10
-0.484251968503937
20
1.5938976377952756
40
0.0068897637795276
0
CIRCLE
8
BLACK
10
-0.484251968503937
20
1.6726377952755904
40
0.0068897637795276
0
CIRCLE
8
BLACK
10
-0.484251968503937
20
1.7513779527559055
40
0.0068897637795276
0
CIRCLE
8
BLACK
10
-0.484251968503937
20
1.8301181102362205
40
0.0068897637795276
0
CIRCLE
8
BLACK
10
-0.484251968503937
20
1.9088582677165353
40
0.0068897637795276
0
CIRCLE
8
BLACK
10
-0.562992125984252
20
0.9584645669291338
40
0.0068897637795276
0
CIRCLE
8
BLACK
10
-0.4645669291338583
20
0.9584645669291338
40
0.0068897637795276
0
CIRCLE
8
BLACK
10
-0.3661417322834646
20
0.9584645669291338
40
0.0068897637795276
0
CIRCLE
8
BLACK
10
-0.2677165354330708
20
0.9584645669291338
40
0.0068897637795276
0
CIRCLE
8
BLACK
10
-0.1692913385826772
20
0.9584645669291338
40
0.0068897637795276
0
CIRCLE
8
BLACK
10
-0.562992125984252
20
1.0765748031496063
40
0.0068897637795276
0
CIRCLE
8
BLACK
10
-0.4645669291338583
20
1.0765748031496063
40
0.0068897637795276
0
CIRCLE
8
BLACK
10
-0.3661417322834646
20
1.0765748031496063
40
0.0068897637795276
0
CIRCLE
8
BLACK
10
-0.2677165354330708
20
1.0765748031496063
40
0.0068897637795276
0
CIRCLE
8
BLACK
10
-0.1692913385826772
20
1.0765748031496063
40
0.0068897637795276
0
CIRCLE
8
BLACK
10
-0.562992125984252
20
1.175
40
0.0068897637795276
0
CIRCLE
8
BLACK
10
-0.4645669291338583
20
1.175
40
0.0068897637795276
0
CIRCLE
8
BLACK
10
-0.3661417322834646
20
1.175
40
0.0068897637795276
0
CIRCLE
8
BLACK
10
-0.2677165354330708
20
1.175
40
0.0068897637795276
0
CIRCLE
8
BLACK
10
-0.1692913385826772
20
1.175
40
0.0068897637795276
0
CIRCLE
8
BLACK
10
-0.562992125984252
20
1.2931102362204725
40
0.0068897637795276
0
CIRCLE
8
BLACK
10
-0.4645669291338583
20
1.2931102362204725
40
0.0068897637795276
0
CIRCLE
8
BLACK
10
-0.3661417322834646
20
1.2931102362204725
40
0.0068897637795276
0
CIRCLE
8
BLACK
10
-0.2677165354330708
20
1.2931102362204725
40
0.0068897637795276
0
CIRCLE
8
BLACK
10
-0.1692913385826772
20
1.2931102362204725
40
0.0068897637795276
0
CIRCLE
8
BLACK
10
-0.562992125984252
20
2.0887795275590553
40
0.0068897637795276
0
CIRCLE
8
BLACK
10
-0.4645669291338583
20
2.0887795275590553
40
0.0068897637795276
0
CIRCLE
8
BLACK
10
-0.3661417322834646
20
2.0887795275590553
40
0.0068897637795276
0
CIRCLE
8
BLACK
10
-0.2677165354330708
20
2.0887795275590553
40
0.0068897637795276
0
CIRCLE
8
BLACK
10
-0.1692913385826772
20
2.0887795275590553
40
0.0068897637795276
0
CIRCLE
8
BLACK
10
-0.562992125984252
20
2.2068897637795275
40
0.0068897637795276
0
CIRCLE
8
BLACK
10
-0.4645669291338583
20
2.2068897637795275
40
0.0068897637795276
0
CIRCLE
8
BLACK
10
-0.3661417322834646
20
2.2068897637795275
40
0.0068897637795276
0
CIRCLE
8
BLACK
10
-0.2677165354330708
20
2.2068897637795275
40
0.0068897637795276
0
CIRCLE
8
BLACK
10
-0.1692913385826772
20
2.2068897637795275
40
0.0068897637795276
0
CIRCLE
8
BLACK
10
-0.562992125984252
20
2.305314960629921
40
0.0068897637795276
0
CIRCLE
8
BLACK
10
-0.4645669291338583
20
2.305314960629921
40
0.0068897637795276
0
CIRCLE
8
BLACK
10
-0.3661417322834646
20
2.305314960629921
40
0.0068897637795276
0
CIRCLE
8
BLACK
10
-0.2677165354330708
20
2.305314960629921
40
0.0068897637795276
0
CIRCLE
8
BLACK
10
-0.1692913385826772
20
2.305314960629921
40
0.0068897637795276
0
CIRCLE
8
BLACK
10
-0.562992125984252
20
2.4234251968503937
40
0.0068897637795276
0
CIRCLE
8
BLACK
10
-0.4645669291338583
20
2.4234251968503937
40
0.0068897637795276
0
CIRCLE
8
BLACK
10
-0.3661417322834646
20
2.4234251968503937
40
0.0068897637795276
0
CIRCLE
8
BLACK
10
-0.2677165354330708
20
2.4234251968503937
40
0.0068897637795276
0
CIRCLE
8
BLACK
10
-0.1692913385826772
20
2.4234251968503937
40
0.0068897637795276
0
CIRCLE
8
BLACK
10
-0.7803149606299212
20
2.8884842519685039
40
0.0068897637795276
0
CIRCLE
8
BLACK
10
-0.3803149606299213
20
0.0884842519685039
40
0.0068897637795276
0
CIRCLE
8
BLACK
10
-0.7803149606299212
20
0.4884842519685039
40
0.0068897637795276
0
CIRCLE
8
BLACK
10
-0.713511811023622
20
0.7243464566929134
40
0.0068897637795276
0
CIRCLE
8
BLACK
10
-0.713511811023622
20
0.8243464566929134
40
0.0068897637795276
0
CIRCLE
8
BLACK
10
-0.813511811023622
20
0.7243464173228347
40
0.0068897637795276
0
CIRCLE
8
BLACK
10
-0.813511811023622
20
0.8243464960629922
40
0.0068897637795276
0
CIRCLE
8
BLACK
10
-0.913511811023622
20
0.7243464566929134
40
0.0068897637795276
0
CIRCLE
8
BLACK
10
-0.913511811023622
20
0.8243464566929134
40
0.0068897637795276
0
CIRCLE
8
BLACK
10
-0.8803149606299212
20
2.390748031496063
40
0.0068897637795276
0
CIRCLE
8
BLACK
10
-0.7803149606299212
20
2.390748031496063
40
0.0068897637795276
0
CIRCLE
8
BLACK
10
-0.8803149606299212
20
2.2907480314960629
40
0.0068897637795276
0
CIRCLE
8
BLACK
10
-0.7803149606299212
20
2.2907480314960629
40
0.0068897637795276
0
CIRCLE
8
BLACK
10
-0.8803149606299212
20
2.1907480314960628
40
0.0068897637795276
0
CIRCLE
8
BLACK
10
-0.7803149606299212
20
2.1907480314960628
40
0.0068897637795276
0
CIRCLE
8
BLACK
10
-0.8803149606299212
20
2.0907480314960631
40
0.0068897637795276
0
CIRCLE
8
BLACK
10
-0.7803149606299212
20
2.0907480314960631
40
0.0068897637795276
0
CIRCLE
8
BLACK
10
-0.8803149606299212
20
1.9907480314960631
40
0.0068897637795276
0
CIRCLE
8
BLACK
10
-0.7803149606299212
20
1.9907480314960631
40
0.0068897637795276
0
CIRCLE
8
BLACK
10
-0.8803149606299212
20
1.890748031496063
40
0.0068897637795276
0
CIRCLE
8
BLACK
10
-0.7803149606299212
20
1.890748031496063
40
0.0068897637795276
0
CIRCLE
8
BLACK
10
-0.8803149606299212
20
1.7907480314960629
40
0.0068897637795276
0
CIRCLE
8
BLACK
10
-0.7803149606299212
20
1.7907480314960629
40
0.0068897637795276
0
CIRCLE
8
BLACK
10
-0.8803149606299212
20
1.690748031496063
40
0.0068897637795276
0
CIRCLE
8
BLACK
10
-0.7803149606299212
20
1.690748031496063
40
0.0068897637795276
0
CIRCLE
8
BLACK
10
-0.8803149606299212
20
1.5907480314960629
40
0.0068897637795276
0
CIRCLE
8
BLACK
10
-0.7803149606299212
20
1.5907480314960629
40
0.0068897637795276
0
CIRCLE
8
BLACK
10
-0.8803149606299212
20
1.4907480314960631
40
0.0068897637795276
0
CIRCLE
8
BLACK
10
-0.7803149606299212
20
1.4907480314960631
40
0.0068897637795276
0
CIRCLE
8
BLACK
10
-0.8803149606299212
20
1.390748031496063
40
0.0068897637795276
0
CIRCLE
8
BLACK
10
-0.7803149606299212
20
1.390748031496063
40
0.0068897637795276
0
CIRCLE
8
BLACK
10
-0.8803149606299212
20
1.2907480314960629
40
0.0068897637795276
0
CIRCLE
8
BLACK
10
-0.7803149606299212
20
1.2907480314960629
40
0.0068897637795276
0
CIRCLE
8
BLACK
10
-0.8803149606299212
20
1.190748031496063
40
0.0068897637795276
0
CIRCLE
8
BLACK
10
-0.7803149606299212
20
1.190748031496063
40
0.0068897637795276
0
CIRCLE
8
BLACK
10
-0.8803149606299212
20
1.0907480314960629
40
0.0068897637795276
0
CIRCLE
8
BLACK
10
-0.7803149606299212
20
1.0907480314960629
40
0.0068897637795276
0
CIRCLE
8
BLACK
10
-0.8803149606299212
20
0.9907480314960629
40
0.0068897637795276
0
CIRCLE
8
BLACK
10
-0.7803149606299212
20
0.9907480314960629
40
0.0068897637795276
  0
ENDSEC
  0
EOF
