  0
SECTION
  2
HEADER
  9
$ANGBASE
  50
0.0
  9
$ANGDIR
  70
1
  9
$MEASUREMENT
  70
0
  0
ENDSEC
  0
SECTION
  2
TABLES
  0
TABLE
  2
LTYPE
  70
4
  0
LTYPE
  5
40F
  2
CONTINUOUS
  70
0
  3
Solid line
  72
65
  73
0
  40
0.0
  0
LTYPE
  5
410
  2
DASHDOT
 70
0
  3
Dash Dot ____ _ ____ _
 72
65
 73
4
 40
2.0
 49
1.25
 49
-0.25
 49
0.25
 49
-0.25
  0
LTYPE
  5
411
  2
DASHED
 70
0
  3
Dashed __ __ __ __ __
 72
65
 73
2
 40
0.75
 49
0.5
 49
-0.25
  0
LTYPE
  5
43B
  2
DOTTED
 70
0
  3
Dotted .  .  .  .
 72
65
 73
2
 40
0.2
 49
0.0
 49
-0.2
  0
ENDTAB
  0
TABLE
  2
STYLE
  70
4
  0
STYLE
  2
KICAD
  70
0
  40
0
  41
1
  42
1
  50
0
  71
0
  3
isocp.shx
  0
STYLE
  2
KICADB
  70
0
  40
0
  41
1
  42
1
  50
0
  71
0
  3
isocp.shx
  0
STYLE
  2
KICADI
  70
0
  40
0
  41
1
  42
1
  50
15
  71
0
  3
isocp.shx
  0
STYLE
  2
KICADBI
  70
0
  40
0
  41
1
  42
1
  50
15
  71
0
  3
isocp.shx
  0
ENDTAB
  0
TABLE
  2
LAYER
  70
1
  0
LAYER
  2
BLACK
  70
0
  62
7
  6
CONTINUOUS
  0
ENDTAB
  0
ENDSEC
  0
SECTION
  2
ENTITIES
0
LINE
8
BLACK
6
CONTINUOUS
10
-0.2748357874015748
20
0.3714948818897638
11
-0.2716426377952756
21
0.3693612992125984
0
LINE
8
BLACK
6
CONTINUOUS
10
-0.2716426377952756
20
0.3693612992125984
11
-0.2695090551181102
21
0.3661681496062992
0
LINE
8
BLACK
6
CONTINUOUS
10
-0.2695090551181102
20
0.3661681496062992
11
-0.268759842519685
21
0.3624015748031496
0
LINE
8
BLACK
6
CONTINUOUS
10
-0.268759842519685
20
0.3624015748031496
11
-0.268759842519685
21
0.3269685039370079
0
LINE
8
BLACK
6
CONTINUOUS
10
-0.268759842519685
20
0.3269685039370079
11
-0.2695090551181102
21
0.3232019291338583
0
LINE
8
BLACK
6
CONTINUOUS
10
-0.2695090551181102
20
0.3232019291338583
11
-0.2716426377952756
21
0.3200087795275591
0
LINE
8
BLACK
6
CONTINUOUS
10
-0.2716426377952756
20
0.3200087795275591
11
-0.2748357874015748
21
0.3178751968503937
0
LINE
8
BLACK
6
CONTINUOUS
10
-0.2748357874015748
20
0.3178751968503937
11
-0.2786023622047244
21
0.3171259842519685
0
LINE
8
BLACK
6
CONTINUOUS
10
-0.2786023622047244
20
0.3171259842519685
11
-0.2992716535433071
21
0.3171259842519685
0
LINE
8
BLACK
6
CONTINUOUS
10
-0.2992716535433071
20
0.3171259842519685
11
-0.3030382283464567
21
0.3178751968503937
0
LINE
8
BLACK
6
CONTINUOUS
10
-0.3030382283464567
20
0.3178751968503937
11
-0.3062313779527559
21
0.3200087795275591
0
LINE
8
BLACK
6
CONTINUOUS
10
-0.3062313779527559
20
0.3200087795275591
11
-0.3083649606299212
21
0.3232019291338583
0
LINE
8
BLACK
6
CONTINUOUS
10
-0.3083649606299212
20
0.3232019291338583
11
-0.3091141732283464
21
0.3269685039370079
0
LINE
8
BLACK
6
CONTINUOUS
10
-0.3091141732283464
20
0.3269685039370079
11
-0.3091141732283464
21
0.3383858267716535
0
LINE
8
BLACK
6
CONTINUOUS
10
-0.3091141732283464
20
0.3383858267716535
11
-0.3342125984251968
21
0.3383858267716535
0
LINE
8
BLACK
6
CONTINUOUS
10
-0.3342125984251968
20
0.3383858267716535
11
-0.3342125984251968
21
0.3253444881889764
0
LINE
8
BLACK
6
CONTINUOUS
10
-0.3342125984251968
20
0.3253444881889764
11
-0.3349430708661417
21
0.3216720866141732
0
LINE
8
BLACK
6
CONTINUOUS
10
-0.3349430708661417
20
0.3216720866141732
11
-0.3370233464566929
21
0.3185587795275591
0
LINE
8
BLACK
6
CONTINUOUS
10
-0.3370233464566929
20
0.3185587795275591
11
-0.3401366535433071
21
0.3164785039370079
0
LINE
8
BLACK
6
CONTINUOUS
10
-0.3401366535433071
20
0.3164785039370079
11
-0.3438090551181102
21
0.315748031496063
0
LINE
8
BLACK
6
CONTINUOUS
10
-0.3438090551181102
20
0.315748031496063
11
-0.363001968503937
21
0.315748031496063
0
LINE
8
BLACK
6
CONTINUOUS
10
-0.363001968503937
20
0.315748031496063
11
-0.3666743700787402
21
0.3164785039370079
0
LINE
8
BLACK
6
CONTINUOUS
10
-0.3666743700787402
20
0.3164785039370079
11
-0.3697876771653543
21
0.3185587795275591
0
LINE
8
BLACK
6
CONTINUOUS
10
-0.3697876771653543
20
0.3185587795275591
11
-0.3718679527559055
21
0.3216720866141732
0
LINE
8
BLACK
6
CONTINUOUS
10
-0.3718679527559055
20
0.3216720866141732
11
-0.3725984251968504
21
0.3253444881889764
0
LINE
8
BLACK
6
CONTINUOUS
10
-0.3725984251968504
20
0.3253444881889764
11
-0.3725984251968504
21
0.3612696850393701
0
LINE
8
BLACK
6
CONTINUOUS
10
-0.3725984251968504
20
0.3612696850393701
11
-0.3718679527559055
21
0.3649420866141732
0
LINE
8
BLACK
6
CONTINUOUS
10
-0.3718679527559055
20
0.3649420866141732
11
-0.3697876771653543
21
0.3680553937007874
0
LINE
8
BLACK
6
CONTINUOUS
10
-0.3697876771653543
20
0.3680553937007874
11
-0.3666743700787402
21
0.3701356692913386
0
LINE
8
BLACK
6
CONTINUOUS
10
-0.3666743700787402
20
0.3701356692913386
11
-0.363001968503937
21
0.3708661417322834
0
LINE
8
BLACK
6
CONTINUOUS
10
-0.363001968503937
20
0.3708661417322834
11
-0.3438090551181102
21
0.3708661417322834
0
LINE
8
BLACK
6
CONTINUOUS
10
-0.3438090551181102
20
0.3708661417322834
11
-0.3401366535433071
21
0.3701356692913386
0
LINE
8
BLACK
6
CONTINUOUS
10
-0.3401366535433071
20
0.3701356692913386
11
-0.3370233464566929
21
0.3680553937007874
0
LINE
8
BLACK
6
CONTINUOUS
10
-0.3370233464566929
20
0.3680553937007874
11
-0.3349430708661417
21
0.3649420866141732
0
LINE
8
BLACK
6
CONTINUOUS
10
-0.3349430708661417
20
0.3649420866141732
11
-0.3342125984251968
21
0.3612696850393701
0
LINE
8
BLACK
6
CONTINUOUS
10
-0.3342125984251968
20
0.3612696850393701
11
-0.3342125984251968
21
0.3482283464566929
0
LINE
8
BLACK
6
CONTINUOUS
10
-0.3342125984251968
20
0.3482283464566929
11
-0.3091141732283464
21
0.3482283464566929
0
LINE
8
BLACK
6
CONTINUOUS
10
-0.3091141732283464
20
0.3482283464566929
11
-0.3091141732283464
21
0.3624015748031496
0
LINE
8
BLACK
6
CONTINUOUS
10
-0.3091141732283464
20
0.3624015748031496
11
-0.3083649606299212
21
0.3661681496062992
0
LINE
8
BLACK
6
CONTINUOUS
10
-0.3083649606299212
20
0.3661681496062992
11
-0.3062313779527559
21
0.3693612992125984
0
LINE
8
BLACK
6
CONTINUOUS
10
-0.3062313779527559
20
0.3693612992125984
11
-0.3030382283464567
21
0.3714948818897638
0
LINE
8
BLACK
6
CONTINUOUS
10
-0.3030382283464567
20
0.3714948818897638
11
-0.2992716535433071
21
0.372244094488189
0
LINE
8
BLACK
6
CONTINUOUS
10
-0.2992716535433071
20
0.372244094488189
11
-0.2786023622047244
21
0.372244094488189
0
LINE
8
BLACK
6
CONTINUOUS
10
-0.2786023622047244
20
0.372244094488189
11
-0.2748357874015748
21
0.3714948818897638
0
LINE
8
BLACK
6
CONTINUOUS
10
-0.7337000787401574
20
2.6159904330708659
11
-0.7308616535433071
21
2.6148147244094488
0
LINE
8
BLACK
6
CONTINUOUS
10
-0.7308616535433071
20
2.6148147244094488
11
-0.7296684645669291
21
2.6138354724409449
0
LINE
8
BLACK
6
CONTINUOUS
10
-0.7296684645669291
20
2.6138354724409449
11
-0.6779440157480314
21
2.562111062992126
0
LINE
8
BLACK
6
CONTINUOUS
10
-0.6779440157480314
20
2.562111062992126
11
-0.6769648031496063
21
2.5609178740157481
0
LINE
8
BLACK
6
CONTINUOUS
10
-0.6769648031496063
20
2.5609178740157481
11
-0.6757890944881889
21
2.5580794488188974
0
LINE
8
BLACK
6
CONTINUOUS
10
-0.6757890944881889
20
2.5580794488188974
11
-0.6756377952755905
21
2.5565433070866139
0
LINE
8
BLACK
6
CONTINUOUS
10
-0.6756377952755905
20
2.5565433070866139
11
-0.6756377952755905
21
2.1977480314960629
0
LINE
8
BLACK
6
CONTINUOUS
10
-0.6756377952755905
20
2.1977480314960629
11
-0.6757544488188976
21
2.196563661417323
0
LINE
8
BLACK
6
CONTINUOUS
10
-0.6757544488188976
20
2.196563661417323
11
-0.639260748031496
21
2.1600699606299214
0
LINE
8
BLACK
6
CONTINUOUS
10
-0.639260748031496
20
2.1600699606299214
11
-0.6380366929133858
21
2.1585784251968505
0
LINE
8
BLACK
6
CONTINUOUS
10
-0.6380366929133858
20
2.1585784251968505
11
-0.6375762598425196
21
2.1574667716535432
0
LINE
8
BLACK
6
CONTINUOUS
10
-0.6375762598425196
20
2.1574667716535432
11
-0.6365670866141732
21
2.1550304330708663
0
LINE
8
BLACK
6
CONTINUOUS
10
-0.6365670866141732
20
2.1550304330708663
11
-0.6363779527559055
21
2.1531102362204724
0
LINE
8
BLACK
6
CONTINUOUS
10
-0.6363779527559055
20
2.1531102362204724
11
-0.6363779527559055
21
2.0739588188976379
0
LINE
8
BLACK
6
CONTINUOUS
10
-0.6363779527559055
20
2.0739588188976379
11
-0.5870254330708661
21
2.0246062992125982
0
LINE
8
BLACK
6
CONTINUOUS
10
-0.5870254330708661
20
2.0246062992125982
11
-0.1462204724409449
21
2.0246062992125982
0
LINE
8
BLACK
6
CONTINUOUS
10
-0.1462204724409449
20
2.0246062992125982
11
-0.1443002755905512
21
2.0244171653543308
0
LINE
8
BLACK
6
CONTINUOUS
10
-0.1443002755905512
20
2.0244171653543308
11
-0.1407522440944882
21
2.0229475196850393
0
LINE
8
BLACK
6
CONTINUOUS
10
-0.1407522440944882
20
2.0229475196850393
11
-0.1407520866141732
21
2.0229473622047243
0
LINE
8
BLACK
6
CONTINUOUS
10
-0.1407520866141732
20
2.0229473622047243
11
-0.1392607480314961
21
2.0217235039370078
0
LINE
8
BLACK
6
CONTINUOUS
10
-0.1392607480314961
20
2.0217235039370078
11
-0.0900481496062992
21
1.9725109055118111
0
LINE
8
BLACK
6
CONTINUOUS
10
-0.0900481496062992
20
1.9725109055118111
11
-0.088824094488189
21
1.9710193700787402
0
LINE
8
BLACK
6
CONTINUOUS
10
-0.088824094488189
20
1.9710193700787402
11
-0.0879632283464567
21
1.9689409842519685
0
LINE
8
BLACK
6
CONTINUOUS
10
-0.0879632283464567
20
1.9689409842519685
11
-0.0873544881889764
21
1.967471377952756
0
LINE
8
BLACK
6
CONTINUOUS
10
-0.0873544881889764
20
1.967471377952756
11
-0.0871653543307087
21
1.9655511811023623
0
LINE
8
BLACK
6
CONTINUOUS
10
-0.0871653543307087
20
1.9655511811023623
11
-0.0871653543307087
21
1.7167322834645669
0
LINE
8
BLACK
6
CONTINUOUS
10
-0.0871653543307087
20
1.7167322834645669
11
-0.0873544488188976
21
1.7148125196850392
0
LINE
8
BLACK
6
CONTINUOUS
10
-0.0873544488188976
20
1.7148125196850392
11
-0.0873544488188976
21
1.7148121259842519
0
LINE
8
BLACK
6
CONTINUOUS
10
-0.0873544488188976
20
1.7148121259842519
11
-0.088824094488189
21
1.7112640944881889
0
LINE
8
BLACK
6
CONTINUOUS
10
-0.088824094488189
20
1.7112640944881889
11
-0.0900481496062992
21
1.709772559055118
0
LINE
8
BLACK
6
CONTINUOUS
10
-0.0900481496062992
20
1.709772559055118
11
-0.1027735039370079
21
1.6970472440944881
0
LINE
8
BLACK
6
CONTINUOUS
10
-0.1027735039370079
20
1.6970472440944881
11
-0.0762686220472441
21
1.6705423622047244
0
LINE
8
BLACK
6
CONTINUOUS
10
-0.0762686220472441
20
1.6705423622047244
11
-0.0750445669291339
21
1.6690508661417323
0
LINE
8
BLACK
6
CONTINUOUS
10
-0.0750445669291339
20
1.6690508661417323
11
-0.0735749212598425
21
1.6655028346456693
0
LINE
8
BLACK
6
CONTINUOUS
10
-0.0735749212598425
20
1.6655028346456693
11
-0.0735749212598425
21
1.6655024803149605
0
LINE
8
BLACK
6
CONTINUOUS
10
-0.0735749212598425
20
1.6655024803149605
11
-0.0733858267716535
21
1.6635826771653544
0
LINE
8
BLACK
6
CONTINUOUS
10
-0.0733858267716535
20
1.6635826771653544
11
-0.0733858267716535
21
0.419488188976378
0
LINE
8
BLACK
6
CONTINUOUS
10
-0.0733858267716535
20
0.419488188976378
11
-0.0735749212598425
21
0.4175684251968504
0
LINE
8
BLACK
6
CONTINUOUS
10
-0.0735749212598425
20
0.4175684251968504
11
-0.0735749212598425
21
0.417568031496063
0
LINE
8
BLACK
6
CONTINUOUS
10
-0.0735749212598425
20
0.417568031496063
11
-0.0750445669291339
21
0.41402
0
LINE
8
BLACK
6
CONTINUOUS
10
-0.0750445669291339
20
0.41402
11
-0.0762686220472441
21
0.4125284645669291
0
LINE
8
BLACK
6
CONTINUOUS
10
-0.0762686220472441
20
0.4125284645669291
11
-0.1510717716535433
21
0.3377253149606299
0
LINE
8
BLACK
6
CONTINUOUS
10
-0.1510717716535433
20
0.3377253149606299
11
-0.1525631102362205
21
0.3365014960629921
0
LINE
8
BLACK
6
CONTINUOUS
10
-0.1525631102362205
20
0.3365014960629921
11
-0.1525632677165354
21
0.3365012992125984
0
LINE
8
BLACK
6
CONTINUOUS
10
-0.1525632677165354
20
0.3365012992125984
11
-0.1561112992125984
21
0.3350316535433071
0
LINE
8
BLACK
6
CONTINUOUS
10
-0.1561112992125984
20
0.3350316535433071
11
-0.1580314960629921
21
0.3348425196850394
0
LINE
8
BLACK
6
CONTINUOUS
10
-0.1580314960629921
20
0.3348425196850394
11
-0.1969094488188976
21
0.3348425196850394
0
LINE
8
BLACK
6
CONTINUOUS
10
-0.1969094488188976
20
0.3348425196850394
11
-0.1969094488188976
21
0.3269685039370079
0
LINE
8
BLACK
6
CONTINUOUS
10
-0.1969094488188976
20
0.3269685039370079
11
-0.1976586614173228
21
0.3232019291338583
0
LINE
8
BLACK
6
CONTINUOUS
10
-0.1976586614173228
20
0.3232019291338583
11
-0.1997922440944882
21
0.3200087795275591
0
LINE
8
BLACK
6
CONTINUOUS
10
-0.1997922440944882
20
0.3200087795275591
11
-0.2029853937007874
21
0.3178751968503937
0
LINE
8
BLACK
6
CONTINUOUS
10
-0.2029853937007874
20
0.3178751968503937
11
-0.206751968503937
21
0.3171259842519685
0
LINE
8
BLACK
6
CONTINUOUS
10
-0.206751968503937
20
0.3171259842519685
11
-0.2274212598425197
21
0.3171259842519685
0
LINE
8
BLACK
6
CONTINUOUS
10
-0.2274212598425197
20
0.3171259842519685
11
-0.2311878346456693
21
0.3178751968503937
0
LINE
8
BLACK
6
CONTINUOUS
10
-0.2311878346456693
20
0.3178751968503937
11
-0.2343809842519685
21
0.3200087795275591
0
LINE
8
BLACK
6
CONTINUOUS
10
-0.2343809842519685
20
0.3200087795275591
11
-0.2365145669291339
21
0.3232019291338583
0
LINE
8
BLACK
6
CONTINUOUS
10
-0.2365145669291339
20
0.3232019291338583
11
-0.2372637795275591
21
0.3269685039370079
0
LINE
8
BLACK
6
CONTINUOUS
10
-0.2372637795275591
20
0.3269685039370079
11
-0.2372637795275591
21
0.3624015748031496
0
LINE
8
BLACK
6
CONTINUOUS
10
-0.2372637795275591
20
0.3624015748031496
11
-0.2365145669291339
21
0.3661681496062992
0
LINE
8
BLACK
6
CONTINUOUS
10
-0.2365145669291339
20
0.3661681496062992
11
-0.2343809842519685
21
0.3693612992125984
0
LINE
8
BLACK
6
CONTINUOUS
10
-0.2343809842519685
20
0.3693612992125984
11
-0.2311878346456693
21
0.3714948818897638
0
LINE
8
BLACK
6
CONTINUOUS
10
-0.2311878346456693
20
0.3714948818897638
11
-0.2274212598425197
21
0.372244094488189
0
LINE
8
BLACK
6
CONTINUOUS
10
-0.2274212598425197
20
0.372244094488189
11
-0.206751968503937
21
0.372244094488189
0
LINE
8
BLACK
6
CONTINUOUS
10
-0.206751968503937
20
0.372244094488189
11
-0.2029853937007874
21
0.3714948818897638
0
LINE
8
BLACK
6
CONTINUOUS
10
-0.2029853937007874
20
0.3714948818897638
11
-0.1997922440944882
21
0.3693612992125984
0
LINE
8
BLACK
6
CONTINUOUS
10
-0.1997922440944882
20
0.3693612992125984
11
-0.1976586614173228
21
0.3661681496062992
0
LINE
8
BLACK
6
CONTINUOUS
10
-0.1976586614173228
20
0.3661681496062992
11
-0.1969094488188976
21
0.3624015748031496
0
LINE
8
BLACK
6
CONTINUOUS
10
-0.1969094488188976
20
0.3624015748031496
11
-0.1969094488188976
21
0.3545275590551181
0
LINE
8
BLACK
6
CONTINUOUS
10
-0.1969094488188976
20
0.3545275590551181
11
-0.1621084251968504
21
0.3545275590551181
0
LINE
8
BLACK
6
CONTINUOUS
10
-0.1621084251968504
20
0.3545275590551181
11
-0.0930708661417323
21
0.4235651181102362
0
LINE
8
BLACK
6
CONTINUOUS
10
-0.0930708661417323
20
0.4235651181102362
11
-0.0930708661417323
21
1.6595057874015748
0
LINE
8
BLACK
6
CONTINUOUS
10
-0.0930708661417323
20
1.6595057874015748
11
-0.1166929527559055
21
1.6831278346456693
0
LINE
8
BLACK
6
CONTINUOUS
10
-0.1166929527559055
20
1.6831278346456693
11
-0.1341426377952756
21
1.6656780708661416
0
LINE
8
BLACK
6
CONTINUOUS
10
-0.1341426377952756
20
1.6656780708661416
11
-0.1356339763779527
21
1.6644542519685039
0
LINE
8
BLACK
6
CONTINUOUS
10
-0.1356339763779527
20
1.6644542519685039
11
-0.1356341338582677
21
1.6644540551181102
0
LINE
8
BLACK
6
CONTINUOUS
10
-0.1356341338582677
20
1.6644540551181102
11
-0.1391821653543307
21
1.6629844094488189
0
LINE
8
BLACK
6
CONTINUOUS
10
-0.1391821653543307
20
1.6629844094488189
11
-0.1411023622047244
21
1.6627952755905511
0
LINE
8
BLACK
6
CONTINUOUS
10
-0.1411023622047244
20
1.6627952755905511
11
-0.1458545669291338
21
1.6627952755905511
0
LINE
8
BLACK
6
CONTINUOUS
10
-0.1458545669291338
20
1.6627952755905511
11
-0.1466320472440945
21
1.6607452755905512
0
LINE
8
BLACK
6
CONTINUOUS
10
-0.1466320472440945
20
1.6607452755905512
11
-0.1501365354330709
21
1.6556681102362205
0
LINE
8
BLACK
6
CONTINUOUS
10
-0.1501365354330709
20
1.6556681102362205
11
-0.1547542519685039
21
1.6515771653543307
0
LINE
8
BLACK
6
CONTINUOUS
10
-0.1547542519685039
20
1.6515771653543307
11
-0.160216811023622
21
1.6487101968503937
0
LINE
8
BLACK
6
CONTINUOUS
10
-0.160216811023622
20
1.6487101968503937
11
-0.1662067322834646
21
1.6472338188976376
0
LINE
8
BLACK
6
CONTINUOUS
10
-0.1662067322834646
20
1.6472338188976376
11
-0.1723759448818898
21
1.6472338188976376
0
LINE
8
BLACK
6
CONTINUOUS
10
-0.1723759448818898
20
1.6472338188976376
11
-0.1783658661417323
21
1.6487101968503937
0
LINE
8
BLACK
6
CONTINUOUS
10
-0.1783658661417323
20
1.6487101968503937
11
-0.1838284251968504
21
1.6515771653543307
0
LINE
8
BLACK
6
CONTINUOUS
10
-0.1838284251968504
20
1.6515771653543307
11
-0.1884461417322835
21
1.6556681102362205
0
LINE
8
BLACK
6
CONTINUOUS
10
-0.1884461417322835
20
1.6556681102362205
11
-0.1919506299212598
21
1.6607452755905512
0
LINE
8
BLACK
6
CONTINUOUS
10
-0.1919506299212598
20
1.6607452755905512
11
-0.1927281102362205
21
1.6627952755905511
0
LINE
8
BLACK
6
CONTINUOUS
10
-0.1927281102362205
20
1.6627952755905511
11
-0.2245947244094488
21
1.6627952755905511
0
LINE
8
BLACK
6
CONTINUOUS
10
-0.2245947244094488
20
1.6627952755905511
11
-0.2253722047244094
21
1.6607452755905512
0
LINE
8
BLACK
6
CONTINUOUS
10
-0.2253722047244094
20
1.6607452755905512
11
-0.2288766929133858
21
1.6556681102362205
0
LINE
8
BLACK
6
CONTINUOUS
10
-0.2288766929133858
20
1.6556681102362205
11
-0.2334944094488189
21
1.6515771653543307
0
LINE
8
BLACK
6
CONTINUOUS
10
-0.2334944094488189
20
1.6515771653543307
11
-0.238956968503937
21
1.6487101968503937
0
LINE
8
BLACK
6
CONTINUOUS
10
-0.238956968503937
20
1.6487101968503937
11
-0.2449468897637795
21
1.6472338188976376
0
LINE
8
BLACK
6
CONTINUOUS
10
-0.2449468897637795
20
1.6472338188976376
11
-0.2511161023622047
21
1.6472338188976376
0
LINE
8
BLACK
6
CONTINUOUS
10
-0.2511161023622047
20
1.6472338188976376
11
-0.2571060236220473
21
1.6487101968503937
0
LINE
8
BLACK
6
CONTINUOUS
10
-0.2571060236220473
20
1.6487101968503937
11
-0.2625685826771654
21
1.6515771653543307
0
LINE
8
BLACK
6
CONTINUOUS
10
-0.2625685826771654
20
1.6515771653543307
11
-0.2671862992125984
21
1.6556681102362205
0
LINE
8
BLACK
6
CONTINUOUS
10
-0.2671862992125984
20
1.6556681102362205
11
-0.2706907874015748
21
1.6607452755905512
0
LINE
8
BLACK
6
CONTINUOUS
10
-0.2706907874015748
20
1.6607452755905512
11
-0.2728784251968504
21
1.6665135826771653
0
LINE
8
BLACK
6
CONTINUOUS
10
-0.2728784251968504
20
1.6665135826771653
11
-0.2736220472440945
21
1.6726377952755904
0
LINE
8
BLACK
6
CONTINUOUS
10
-0.2736220472440945
20
1.6726377952755904
11
-0.2728784251968504
21
1.6787620078740157
0
LINE
8
BLACK
6
CONTINUOUS
10
-0.2728784251968504
20
1.6787620078740157
11
-0.2706907874015748
21
1.6845303149606299
0
LINE
8
BLACK
6
CONTINUOUS
10
-0.2706907874015748
20
1.6845303149606299
11
-0.2671862992125984
21
1.6896074803149606
0
LINE
8
BLACK
6
CONTINUOUS
10
-0.2671862992125984
20
1.6896074803149606
11
-0.2625685826771654
21
1.6936984251968503
0
LINE
8
BLACK
6
CONTINUOUS
10
-0.2625685826771654
20
1.6936984251968503
11
-0.2571060236220473
21
1.6965653937007874
0
LINE
8
BLACK
6
CONTINUOUS
10
-0.2571060236220473
20
1.6965653937007874
11
-0.2511161023622047
21
1.6980417716535432
0
LINE
8
BLACK
6
CONTINUOUS
10
-0.2511161023622047
20
1.6980417716535432
11
-0.2449468897637795
21
1.6980417716535432
0
LINE
8
BLACK
6
CONTINUOUS
10
-0.2449468897637795
20
1.6980417716535432
11
-0.238956968503937
21
1.6965653937007874
0
LINE
8
BLACK
6
CONTINUOUS
10
-0.238956968503937
20
1.6965653937007874
11
-0.2334944094488189
21
1.6936984251968503
0
LINE
8
BLACK
6
CONTINUOUS
10
-0.2334944094488189
20
1.6936984251968503
11
-0.2288766929133858
21
1.6896074803149606
0
LINE
8
BLACK
6
CONTINUOUS
10
-0.2288766929133858
20
1.6896074803149606
11
-0.2253722047244094
21
1.6845303149606299
0
LINE
8
BLACK
6
CONTINUOUS
10
-0.2253722047244094
20
1.6845303149606299
11
-0.2245947244094488
21
1.6824803149606298
0
LINE
8
BLACK
6
CONTINUOUS
10
-0.2245947244094488
20
1.6824803149606298
11
-0.1927281102362205
21
1.6824803149606298
0
LINE
8
BLACK
6
CONTINUOUS
10
-0.1927281102362205
20
1.6824803149606298
11
-0.1919506299212598
21
1.6845303149606299
0
LINE
8
BLACK
6
CONTINUOUS
10
-0.1919506299212598
20
1.6845303149606299
11
-0.1884461417322835
21
1.6896074803149606
0
LINE
8
BLACK
6
CONTINUOUS
10
-0.1884461417322835
20
1.6896074803149606
11
-0.1838284251968504
21
1.6936984251968503
0
LINE
8
BLACK
6
CONTINUOUS
10
-0.1838284251968504
20
1.6936984251968503
11
-0.1783658661417323
21
1.6965653937007874
0
LINE
8
BLACK
6
CONTINUOUS
10
-0.1783658661417323
20
1.6965653937007874
11
-0.1723759448818898
21
1.6980417716535432
0
LINE
8
BLACK
6
CONTINUOUS
10
-0.1723759448818898
20
1.6980417716535432
11
-0.1662067322834646
21
1.6980417716535432
0
LINE
8
BLACK
6
CONTINUOUS
10
-0.1662067322834646
20
1.6980417716535432
11
-0.160216811023622
21
1.6965653937007874
0
LINE
8
BLACK
6
CONTINUOUS
10
-0.160216811023622
20
1.6965653937007874
11
-0.1547542519685039
21
1.6936984251968503
0
LINE
8
BLACK
6
CONTINUOUS
10
-0.1547542519685039
20
1.6936984251968503
11
-0.1501365354330709
21
1.6896074803149606
0
LINE
8
BLACK
6
CONTINUOUS
10
-0.1501365354330709
20
1.6896074803149606
11
-0.1466320472440945
21
1.6845303149606299
0
LINE
8
BLACK
6
CONTINUOUS
10
-0.1466320472440945
20
1.6845303149606299
11
-0.1458545669291338
21
1.6824803149606298
0
LINE
8
BLACK
6
CONTINUOUS
10
-0.1458545669291338
20
1.6824803149606298
11
-0.1451792913385827
21
1.6824803149606298
0
LINE
8
BLACK
6
CONTINUOUS
10
-0.1451792913385827
20
1.6824803149606298
11
-0.1236528346456693
21
1.7040067716535432
0
LINE
8
BLACK
6
CONTINUOUS
10
-0.1236528346456693
20
1.7040067716535432
11
-0.1236526377952756
21
1.704006968503937
0
LINE
8
BLACK
6
CONTINUOUS
10
-0.1236526377952756
20
1.704006968503937
11
-0.1068503937007874
21
1.7208092125984251
0
LINE
8
BLACK
6
CONTINUOUS
10
-0.1068503937007874
20
1.7208092125984251
11
-0.1068503937007874
21
1.961474251968504
0
LINE
8
BLACK
6
CONTINUOUS
10
-0.1068503937007874
20
1.961474251968504
11
-0.1502974015748031
21
2.0049212598425195
0
LINE
8
BLACK
6
CONTINUOUS
10
-0.1502974015748031
20
2.0049212598425195
11
-0.5911023622047243
21
2.0049212598425195
0
LINE
8
BLACK
6
CONTINUOUS
10
-0.5911023622047243
20
2.0049212598425195
11
-0.5930225590551181
21
2.0051103937007873
0
LINE
8
BLACK
6
CONTINUOUS
10
-0.5930225590551181
20
2.0051103937007873
11
-0.5965705905511811
21
2.0065800393700788
0
LINE
8
BLACK
6
CONTINUOUS
10
-0.5965705905511811
20
2.0065800393700788
11
-0.5965707874015748
21
2.0065802362204725
0
LINE
8
BLACK
6
CONTINUOUS
10
-0.5965707874015748
20
2.0065802362204725
11
-0.5980620866141733
21
2.0078040551181102
0
LINE
8
BLACK
6
CONTINUOUS
10
-0.5980620866141733
20
2.0078040551181102
11
-0.6531801968503936
21
2.0629221653543306
0
LINE
8
BLACK
6
CONTINUOUS
10
-0.6531801968503936
20
2.0629221653543306
11
-0.6544040551181102
21
2.0644135039370077
0
LINE
8
BLACK
6
CONTINUOUS
10
-0.6544040551181102
20
2.0644135039370077
11
-0.6544042125984252
21
2.0644136614173227
0
LINE
8
BLACK
6
CONTINUOUS
10
-0.6544042125984252
20
2.0644136614173227
11
-0.6558738582677165
21
2.0679616929133857
0
LINE
8
BLACK
6
CONTINUOUS
10
-0.6558738582677165
20
2.0679616929133857
11
-0.6560629921259843
21
2.0698818897637796
0
LINE
8
BLACK
6
CONTINUOUS
10
-0.6560629921259843
20
2.0698818897637796
11
-0.6560629921259843
21
2.1490333070866141
0
LINE
8
BLACK
6
CONTINUOUS
10
-0.6560629921259843
20
2.1490333070866141
11
-0.6879351968503937
21
2.1809055118110234
0
LINE
8
BLACK
6
CONTINUOUS
10
-0.6879351968503937
20
2.1809055118110234
11
-0.7485190157480315
21
2.1809055118110234
0
LINE
8
BLACK
6
CONTINUOUS
10
-0.7485190157480315
20
2.1809055118110234
11
-0.7497435433070866
21
2.1771367716535432
0
LINE
8
BLACK
6
CONTINUOUS
10
-0.7497435433070866
20
2.1771367716535432
11
-0.7532415748031496
21
2.1710780708661415
0
LINE
8
BLACK
6
CONTINUOUS
10
-0.7532415748031496
20
2.1710780708661415
11
-0.7579227952755906
21
2.1658790157480317
0
LINE
8
BLACK
6
CONTINUOUS
10
-0.7579227952755906
20
2.1658790157480317
11
-0.7635826771653543
21
2.1617668503937009
0
LINE
8
BLACK
6
CONTINUOUS
10
-0.7635826771653543
20
2.1617668503937009
11
-0.7699738582677165
21
2.1589213385826773
0
LINE
8
BLACK
6
CONTINUOUS
10
-0.7699738582677165
20
2.1589213385826773
11
-0.776816968503937
21
2.1574667716535432
0
LINE
8
BLACK
6
CONTINUOUS
10
-0.776816968503937
20
2.1574667716535432
11
-0.7838129527559055
21
2.1574667716535432
0
LINE
8
BLACK
6
CONTINUOUS
10
-0.7838129527559055
20
2.1574667716535432
11
-0.790656062992126
21
2.1589213385826773
0
LINE
8
BLACK
6
CONTINUOUS
10
-0.790656062992126
20
2.1589213385826773
11
-0.7970472440944881
21
2.1617668503937009
0
LINE
8
BLACK
6
CONTINUOUS
10
-0.7970472440944881
20
2.1617668503937009
11
-0.802707125984252
21
2.1658790157480317
0
LINE
8
BLACK
6
CONTINUOUS
10
-0.802707125984252
20
2.1658790157480317
11
-0.8073883464566929
21
2.1710780708661415
0
LINE
8
BLACK
6
CONTINUOUS
10
-0.8073883464566929
20
2.1710780708661415
11
-0.8108863779527559
21
2.1771367716535432
0
LINE
8
BLACK
6
CONTINUOUS
10
-0.8108863779527559
20
2.1771367716535432
11
-0.812110905511811
21
2.1809055118110234
0
LINE
8
BLACK
6
CONTINUOUS
10
-0.812110905511811
20
2.1809055118110234
11
-0.8485190157480315
21
2.1809055118110234
0
LINE
8
BLACK
6
CONTINUOUS
10
-0.8485190157480315
20
2.1809055118110234
11
-0.8497435433070866
21
2.1771367716535432
0
LINE
8
BLACK
6
CONTINUOUS
10
-0.8497435433070866
20
2.1771367716535432
11
-0.8532415748031495
21
2.1710780708661415
0
LINE
8
BLACK
6
CONTINUOUS
10
-0.8532415748031495
20
2.1710780708661415
11
-0.8579227952755906
21
2.1658790157480317
0
LINE
8
BLACK
6
CONTINUOUS
10
-0.8579227952755906
20
2.1658790157480317
11
-0.8635826771653543
21
2.1617668503937009
0
LINE
8
BLACK
6
CONTINUOUS
10
-0.8635826771653543
20
2.1617668503937009
11
-0.8699738582677166
21
2.1589213385826773
0
LINE
8
BLACK
6
CONTINUOUS
10
-0.8699738582677166
20
2.1589213385826773
11
-0.876816968503937
21
2.1574667716535432
0
LINE
8
BLACK
6
CONTINUOUS
10
-0.876816968503937
20
2.1574667716535432
11
-0.8838129527559055
21
2.1574667716535432
0
LINE
8
BLACK
6
CONTINUOUS
10
-0.8838129527559055
20
2.1574667716535432
11
-0.890656062992126
21
2.1589213385826773
0
LINE
8
BLACK
6
CONTINUOUS
10
-0.890656062992126
20
2.1589213385826773
11
-0.8970472440944882
21
2.1617668503937009
0
LINE
8
BLACK
6
CONTINUOUS
10
-0.8970472440944882
20
2.1617668503937009
11
-0.902707125984252
21
2.1658790157480317
0
LINE
8
BLACK
6
CONTINUOUS
10
-0.902707125984252
20
2.1658790157480317
11
-0.9073883464566929
21
2.1710780708661415
0
LINE
8
BLACK
6
CONTINUOUS
10
-0.9073883464566929
20
2.1710780708661415
11
-0.9108863779527558
21
2.1771367716535432
0
LINE
8
BLACK
6
CONTINUOUS
10
-0.9108863779527558
20
2.1771367716535432
11
-0.9130482283464567
21
2.1837903543307084
0
LINE
8
BLACK
6
CONTINUOUS
10
-0.9130482283464567
20
2.1837903543307084
11
-0.9137795275590551
21
2.1907480314960628
0
LINE
8
BLACK
6
CONTINUOUS
10
-0.9137795275590551
20
2.1907480314960628
11
-0.9130482283464567
21
2.1977057086614171
0
LINE
8
BLACK
6
CONTINUOUS
10
-0.9130482283464567
20
2.1977057086614171
11
-0.9108863779527558
21
2.2043592913385828
0
LINE
8
BLACK
6
CONTINUOUS
10
-0.9108863779527558
20
2.2043592913385828
11
-0.9073883464566929
21
2.2104179921259841
0
LINE
8
BLACK
6
CONTINUOUS
10
-0.9073883464566929
20
2.2104179921259841
11
-0.902707125984252
21
2.2156170472440944
0
LINE
8
BLACK
6
CONTINUOUS
10
-0.902707125984252
20
2.2156170472440944
11
-0.8970472440944882
21
2.2197292125984251
0
LINE
8
BLACK
6
CONTINUOUS
10
-0.8970472440944882
20
2.2197292125984251
11
-0.890656062992126
21
2.2225747244094487
0
LINE
8
BLACK
6
CONTINUOUS
10
-0.890656062992126
20
2.2225747244094487
11
-0.8838129527559055
21
2.2240292913385828
0
LINE
8
BLACK
6
CONTINUOUS
10
-0.8838129527559055
20
2.2240292913385828
11
-0.876816968503937
21
2.2240292913385828
0
LINE
8
BLACK
6
CONTINUOUS
10
-0.876816968503937
20
2.2240292913385828
11
-0.8699738582677166
21
2.2225747244094487
0
LINE
8
BLACK
6
CONTINUOUS
10
-0.8699738582677166
20
2.2225747244094487
11
-0.8635826771653543
21
2.2197292125984251
0
LINE
8
BLACK
6
CONTINUOUS
10
-0.8635826771653543
20
2.2197292125984251
11
-0.8579227952755906
21
2.2156170472440944
0
LINE
8
BLACK
6
CONTINUOUS
10
-0.8579227952755906
20
2.2156170472440944
11
-0.8532415748031495
21
2.2104179921259841
0
LINE
8
BLACK
6
CONTINUOUS
10
-0.8532415748031495
20
2.2104179921259841
11
-0.8497435433070866
21
2.2043592913385828
0
LINE
8
BLACK
6
CONTINUOUS
10
-0.8497435433070866
20
2.2043592913385828
11
-0.8485190157480315
21
2.2005905511811021
0
LINE
8
BLACK
6
CONTINUOUS
10
-0.8485190157480315
20
2.2005905511811021
11
-0.812110905511811
21
2.2005905511811021
0
LINE
8
BLACK
6
CONTINUOUS
10
-0.812110905511811
20
2.2005905511811021
11
-0.8108863779527559
21
2.2043592913385828
0
LINE
8
BLACK
6
CONTINUOUS
10
-0.8108863779527559
20
2.2043592913385828
11
-0.8073883464566929
21
2.2104179921259841
0
LINE
8
BLACK
6
CONTINUOUS
10
-0.8073883464566929
20
2.2104179921259841
11
-0.802707125984252
21
2.2156170472440944
0
LINE
8
BLACK
6
CONTINUOUS
10
-0.802707125984252
20
2.2156170472440944
11
-0.7970472440944881
21
2.2197292125984251
0
LINE
8
BLACK
6
CONTINUOUS
10
-0.7970472440944881
20
2.2197292125984251
11
-0.790656062992126
21
2.2225747244094487
0
LINE
8
BLACK
6
CONTINUOUS
10
-0.790656062992126
20
2.2225747244094487
11
-0.7838129527559055
21
2.2240292913385828
0
LINE
8
BLACK
6
CONTINUOUS
10
-0.7838129527559055
20
2.2240292913385828
11
-0.776816968503937
21
2.2240292913385828
0
LINE
8
BLACK
6
CONTINUOUS
10
-0.776816968503937
20
2.2240292913385828
11
-0.7699738582677165
21
2.2225747244094487
0
LINE
8
BLACK
6
CONTINUOUS
10
-0.7699738582677165
20
2.2225747244094487
11
-0.7635826771653543
21
2.2197292125984251
0
LINE
8
BLACK
6
CONTINUOUS
10
-0.7635826771653543
20
2.2197292125984251
11
-0.7579227952755906
21
2.2156170472440944
0
LINE
8
BLACK
6
CONTINUOUS
10
-0.7579227952755906
20
2.2156170472440944
11
-0.7532415748031496
21
2.2104179921259841
0
LINE
8
BLACK
6
CONTINUOUS
10
-0.7532415748031496
20
2.2104179921259841
11
-0.7497435433070866
21
2.2043592913385828
0
LINE
8
BLACK
6
CONTINUOUS
10
-0.7497435433070866
20
2.2043592913385828
11
-0.7485190157480315
21
2.2005905511811021
0
LINE
8
BLACK
6
CONTINUOUS
10
-0.7485190157480315
20
2.2005905511811021
11
-0.6913858267716535
21
2.2005905511811021
0
LINE
8
BLACK
6
CONTINUOUS
10
-0.6913858267716535
20
2.2005905511811021
11
-0.6913858267716535
21
2.5532818110236222
0
LINE
8
BLACK
6
CONTINUOUS
10
-0.6913858267716535
20
2.5532818110236222
11
-0.7384977165354331
21
2.6003937007874014
0
LINE
8
BLACK
6
CONTINUOUS
10
-0.7384977165354331
20
2.6003937007874014
11
-0.8333526377952756
21
2.6003937007874014
0
LINE
8
BLACK
6
CONTINUOUS
10
-0.8333526377952756
20
2.6003937007874014
11
-0.8509448818897638
21
2.5828014960629919
0
LINE
8
BLACK
6
CONTINUOUS
10
-0.8509448818897638
20
2.5828014960629919
11
-0.8509448818897638
21
2.5748031496062991
0
LINE
8
BLACK
6
CONTINUOUS
10
-0.8509448818897638
20
2.5748031496062991
11
-0.8366141732283464
21
2.5748031496062991
0
LINE
8
BLACK
6
CONTINUOUS
10
-0.8366141732283464
20
2.5748031496062991
11
-0.8366141732283464
21
2.5570866141732282
0
LINE
8
BLACK
6
CONTINUOUS
10
-0.8366141732283464
20
2.5570866141732282
11
-0.8267716535433071
21
2.5570866141732282
0
LINE
8
BLACK
6
CONTINUOUS
10
-0.8267716535433071
20
2.5570866141732282
11
-0.8267716535433071
21
2.5748031496062991
0
LINE
8
BLACK
6
CONTINUOUS
10
-0.8267716535433071
20
2.5748031496062991
11
-0.7874015748031495
21
2.5748031496062991
0
LINE
8
BLACK
6
CONTINUOUS
10
-0.7874015748031495
20
2.5748031496062991
11
-0.7874015748031495
21
2.515748031496063
0
LINE
8
BLACK
6
CONTINUOUS
10
-0.7874015748031495
20
2.515748031496063
11
-0.7977952755905512
21
2.515748031496063
0
LINE
8
BLACK
6
CONTINUOUS
10
-0.7977952755905512
20
2.515748031496063
11
-0.7977952755905512
21
2.4950787401574801
0
LINE
8
BLACK
6
CONTINUOUS
10
-0.7977952755905512
20
2.4950787401574801
11
-0.7979844094488189
21
2.4931585433070866
0
LINE
8
BLACK
6
CONTINUOUS
10
-0.7979844094488189
20
2.4931585433070866
11
-0.7994540551181102
21
2.4896105118110237
0
LINE
8
BLACK
6
CONTINUOUS
10
-0.7994540551181102
20
2.4896105118110237
11
-0.7994542519685039
21
2.4896103543307087
0
LINE
8
BLACK
6
CONTINUOUS
10
-0.7994542519685039
20
2.4896103543307087
11
-0.8006780708661417
21
2.4881190157480315
0
LINE
8
BLACK
6
CONTINUOUS
10
-0.8006780708661417
20
2.4881190157480315
11
-0.8183946062992126
21
2.4704024803149607
0
LINE
8
BLACK
6
CONTINUOUS
10
-0.8183946062992126
20
2.4704024803149607
11
-0.8198859448818897
21
2.4691786614173226
0
LINE
8
BLACK
6
CONTINUOUS
10
-0.8198859448818897
20
2.4691786614173226
11
-0.8198861023622047
21
2.4691784645669292
0
LINE
8
BLACK
6
CONTINUOUS
10
-0.8198861023622047
20
2.4691784645669292
11
-0.8234341338582677
21
2.4677088188976377
0
LINE
8
BLACK
6
CONTINUOUS
10
-0.8234341338582677
20
2.4677088188976377
11
-0.8253543307086614
21
2.4675196850393699
0
LINE
8
BLACK
6
CONTINUOUS
10
-0.8253543307086614
20
2.4675196850393699
11
-0.8882065748031496
21
2.4675196850393699
0
LINE
8
BLACK
6
CONTINUOUS
10
-0.8882065748031496
20
2.4675196850393699
11
-0.9360236220472441
21
2.4197026377952757
0
LINE
8
BLACK
6
CONTINUOUS
10
-0.9360236220472441
20
2.4197026377952757
11
-0.9360236220472441
21
1.2225808661417323
0
LINE
8
BLACK
6
CONTINUOUS
10
-0.9360236220472441
20
1.2225808661417323
11
-0.9130490551181102
21
1.1996062992125984
0
LINE
8
BLACK
6
CONTINUOUS
10
-0.9130490551181102
20
1.1996062992125984
11
-0.9124307086614173
21
1.1996062992125984
0
LINE
8
BLACK
6
CONTINUOUS
10
-0.9124307086614173
20
1.1996062992125984
11
-0.9108863779527558
21
1.2043592913385825
0
LINE
8
BLACK
6
CONTINUOUS
10
-0.9108863779527558
20
1.2043592913385825
11
-0.9073883464566929
21
1.2104179921259843
0
LINE
8
BLACK
6
CONTINUOUS
10
-0.9073883464566929
20
1.2104179921259843
11
-0.902707125984252
21
1.2156170472440944
0
LINE
8
BLACK
6
CONTINUOUS
10
-0.902707125984252
20
1.2156170472440944
11
-0.8970472440944882
21
1.2197292125984251
0
LINE
8
BLACK
6
CONTINUOUS
10
-0.8970472440944882
20
1.2197292125984251
11
-0.890656062992126
21
1.2225747244094487
0
LINE
8
BLACK
6
CONTINUOUS
10
-0.890656062992126
20
1.2225747244094487
11
-0.8838129527559055
21
1.2240292913385826
0
LINE
8
BLACK
6
CONTINUOUS
10
-0.8838129527559055
20
1.2240292913385826
11
-0.876816968503937
21
1.2240292913385826
0
LINE
8
BLACK
6
CONTINUOUS
10
-0.876816968503937
20
1.2240292913385826
11
-0.8699738582677166
21
1.2225747244094487
0
LINE
8
BLACK
6
CONTINUOUS
10
-0.8699738582677166
20
1.2225747244094487
11
-0.8635826771653543
21
1.2197292125984251
0
LINE
8
BLACK
6
CONTINUOUS
10
-0.8635826771653543
20
1.2197292125984251
11
-0.8579227952755906
21
1.2156170472440944
0
LINE
8
BLACK
6
CONTINUOUS
10
-0.8579227952755906
20
1.2156170472440944
11
-0.8532415748031495
21
1.2104179921259843
0
LINE
8
BLACK
6
CONTINUOUS
10
-0.8532415748031495
20
1.2104179921259843
11
-0.8497435433070866
21
1.2043592913385825
0
LINE
8
BLACK
6
CONTINUOUS
10
-0.8497435433070866
20
1.2043592913385825
11
-0.8481992125984251
21
1.1996062992125984
0
LINE
8
BLACK
6
CONTINUOUS
10
-0.8481992125984251
20
1.1996062992125984
11
-0.8124307086614173
21
1.1996062992125984
0
LINE
8
BLACK
6
CONTINUOUS
10
-0.8124307086614173
20
1.1996062992125984
11
-0.8108863779527559
21
1.2043592913385825
0
LINE
8
BLACK
6
CONTINUOUS
10
-0.8108863779527559
20
1.2043592913385825
11
-0.8073883464566929
21
1.2104179921259843
0
LINE
8
BLACK
6
CONTINUOUS
10
-0.8073883464566929
20
1.2104179921259843
11
-0.802707125984252
21
1.2156170472440944
0
LINE
8
BLACK
6
CONTINUOUS
10
-0.802707125984252
20
1.2156170472440944
11
-0.7970472440944881
21
1.2197292125984251
0
LINE
8
BLACK
6
CONTINUOUS
10
-0.7970472440944881
20
1.2197292125984251
11
-0.790656062992126
21
1.2225747244094487
0
LINE
8
BLACK
6
CONTINUOUS
10
-0.790656062992126
20
1.2225747244094487
11
-0.7838129527559055
21
1.2240292913385826
0
LINE
8
BLACK
6
CONTINUOUS
10
-0.7838129527559055
20
1.2240292913385826
11
-0.776816968503937
21
1.2240292913385826
0
LINE
8
BLACK
6
CONTINUOUS
10
-0.776816968503937
20
1.2240292913385826
11
-0.7699738582677165
21
1.2225747244094487
0
LINE
8
BLACK
6
CONTINUOUS
10
-0.7699738582677165
20
1.2225747244094487
11
-0.7635826771653543
21
1.2197292125984251
0
LINE
8
BLACK
6
CONTINUOUS
10
-0.7635826771653543
20
1.2197292125984251
11
-0.7579227952755906
21
1.2156170472440944
0
LINE
8
BLACK
6
CONTINUOUS
10
-0.7579227952755906
20
1.2156170472440944
11
-0.7532415748031496
21
1.2104179921259843
0
LINE
8
BLACK
6
CONTINUOUS
10
-0.7532415748031496
20
1.2104179921259843
11
-0.7497435433070866
21
1.2043592913385825
0
LINE
8
BLACK
6
CONTINUOUS
10
-0.7497435433070866
20
1.2043592913385825
11
-0.7475816929133858
21
1.1977057086614173
0
LINE
8
BLACK
6
CONTINUOUS
10
-0.7475816929133858
20
1.1977057086614173
11
-0.7468503937007874
21
1.190748031496063
0
LINE
8
BLACK
6
CONTINUOUS
10
-0.7468503937007874
20
1.190748031496063
11
-0.7475816929133858
21
1.1837903543307087
0
LINE
8
BLACK
6
CONTINUOUS
10
-0.7475816929133858
20
1.1837903543307087
11
-0.7497435433070866
21
1.1771367716535432
0
LINE
8
BLACK
6
CONTINUOUS
10
-0.7497435433070866
20
1.1771367716535432
11
-0.7532415748031496
21
1.1710780708661417
0
LINE
8
BLACK
6
CONTINUOUS
10
-0.7532415748031496
20
1.1710780708661417
11
-0.7579227952755906
21
1.1658790157480314
0
LINE
8
BLACK
6
CONTINUOUS
10
-0.7579227952755906
20
1.1658790157480314
11
-0.7635826771653543
21
1.1617668503937009
0
LINE
8
BLACK
6
CONTINUOUS
10
-0.7635826771653543
20
1.1617668503937009
11
-0.7699738582677165
21
1.1589213385826771
0
LINE
8
BLACK
6
CONTINUOUS
10
-0.7699738582677165
20
1.1589213385826771
11
-0.776816968503937
21
1.1574667716535434
0
LINE
8
BLACK
6
CONTINUOUS
10
-0.776816968503937
20
1.1574667716535434
11
-0.7838129527559055
21
1.1574667716535434
0
LINE
8
BLACK
6
CONTINUOUS
10
-0.7838129527559055
20
1.1574667716535434
11
-0.790656062992126
21
1.1589213385826771
0
LINE
8
BLACK
6
CONTINUOUS
10
-0.790656062992126
20
1.1589213385826771
11
-0.7970472440944881
21
1.1617668503937009
0
LINE
8
BLACK
6
CONTINUOUS
10
-0.7970472440944881
20
1.1617668503937009
11
-0.802707125984252
21
1.1658790157480314
0
LINE
8
BLACK
6
CONTINUOUS
10
-0.802707125984252
20
1.1658790157480314
11
-0.8073883464566929
21
1.1710780708661417
0
LINE
8
BLACK
6
CONTINUOUS
10
-0.8073883464566929
20
1.1710780708661417
11
-0.8108863779527559
21
1.1771367716535432
0
LINE
8
BLACK
6
CONTINUOUS
10
-0.8108863779527559
20
1.1771367716535432
11
-0.8117911023622048
21
1.1799212598425197
0
LINE
8
BLACK
6
CONTINUOUS
10
-0.8117911023622048
20
1.1799212598425197
11
-0.8488388188976378
21
1.1799212598425197
0
LINE
8
BLACK
6
CONTINUOUS
10
-0.8488388188976378
20
1.1799212598425197
11
-0.8497435433070866
21
1.1771367716535432
0
LINE
8
BLACK
6
CONTINUOUS
10
-0.8497435433070866
20
1.1771367716535432
11
-0.8532415748031495
21
1.1710780708661417
0
LINE
8
BLACK
6
CONTINUOUS
10
-0.8532415748031495
20
1.1710780708661417
11
-0.8579227952755906
21
1.1658790157480314
0
LINE
8
BLACK
6
CONTINUOUS
10
-0.8579227952755906
20
1.1658790157480314
11
-0.8635826771653543
21
1.1617668503937009
0
LINE
8
BLACK
6
CONTINUOUS
10
-0.8635826771653543
20
1.1617668503937009
11
-0.8699738582677166
21
1.1589213385826771
0
LINE
8
BLACK
6
CONTINUOUS
10
-0.8699738582677166
20
1.1589213385826771
11
-0.876816968503937
21
1.1574667716535434
0
LINE
8
BLACK
6
CONTINUOUS
10
-0.876816968503937
20
1.1574667716535434
11
-0.8838129527559055
21
1.1574667716535434
0
LINE
8
BLACK
6
CONTINUOUS
10
-0.8838129527559055
20
1.1574667716535434
11
-0.890656062992126
21
1.1589213385826771
0
LINE
8
BLACK
6
CONTINUOUS
10
-0.890656062992126
20
1.1589213385826771
11
-0.8970472440944882
21
1.1617668503937009
0
LINE
8
BLACK
6
CONTINUOUS
10
-0.8970472440944882
20
1.1617668503937009
11
-0.902707125984252
21
1.1658790157480314
0
LINE
8
BLACK
6
CONTINUOUS
10
-0.902707125984252
20
1.1658790157480314
11
-0.9073883464566929
21
1.1710780708661417
0
LINE
8
BLACK
6
CONTINUOUS
10
-0.9073883464566929
20
1.1710780708661417
11
-0.9108863779527558
21
1.1771367716535432
0
LINE
8
BLACK
6
CONTINUOUS
10
-0.9108863779527558
20
1.1771367716535432
11
-0.9117911023622047
21
1.1799212598425197
0
LINE
8
BLACK
6
CONTINUOUS
10
-0.9117911023622047
20
1.1799212598425197
11
-0.9171259842519685
21
1.1799212598425197
0
LINE
8
BLACK
6
CONTINUOUS
10
-0.9171259842519685
20
1.1799212598425197
11
-0.9190461811023621
21
1.1801103937007873
0
LINE
8
BLACK
6
CONTINUOUS
10
-0.9190461811023621
20
1.1801103937007873
11
-0.9205157874015748
21
1.1807191338582677
0
LINE
8
BLACK
6
CONTINUOUS
10
-0.9205157874015748
20
1.1807191338582677
11
-0.9225941732283465
21
1.1815800000000001
0
LINE
8
BLACK
6
CONTINUOUS
10
-0.9225941732283465
20
1.1815800000000001
11
-0.9240857086614173
21
1.1828040551181103
0
LINE
8
BLACK
6
CONTINUOUS
10
-0.9240857086614173
20
1.1828040551181103
11
-0.9528258661417323
21
1.2115442125984253
0
LINE
8
BLACK
6
CONTINUOUS
10
-0.9528258661417323
20
1.2115442125984253
11
-0.9540497244094488
21
1.2130355511811024
0
LINE
8
BLACK
6
CONTINUOUS
10
-0.9540497244094488
20
1.2130355511811024
11
-0.9540498818897638
21
1.2130357086614172
0
LINE
8
BLACK
6
CONTINUOUS
10
-0.9540498818897638
20
1.2130357086614172
11
-0.9555195275590551
21
1.2165837401574804
0
LINE
8
BLACK
6
CONTINUOUS
10
-0.9555195275590551
20
1.2165837401574804
11
-0.9557086614173228
21
1.2185039370078741
0
LINE
8
BLACK
6
CONTINUOUS
10
-0.9557086614173228
20
1.2185039370078741
11
-0.9557086614173228
21
2.4237795275590552
0
LINE
8
BLACK
6
CONTINUOUS
10
-0.9557086614173228
20
2.4237795275590552
11
-0.9555195275590551
21
2.4256997244094487
0
LINE
8
BLACK
6
CONTINUOUS
10
-0.9555195275590551
20
2.4256997244094487
11
-0.9540498818897638
21
2.4292477559055117
0
LINE
8
BLACK
6
CONTINUOUS
10
-0.9540498818897638
20
2.4292477559055117
11
-0.9540497244094488
21
2.4292479527559054
0
LINE
8
BLACK
6
CONTINUOUS
10
-0.9540497244094488
20
2.4292479527559054
11
-0.9528258661417323
21
2.4307392519685038
0
LINE
8
BLACK
6
CONTINUOUS
10
-0.9528258661417323
20
2.4307392519685038
11
-0.8992431496062991
21
2.4843219291338583
0
LINE
8
BLACK
6
CONTINUOUS
10
-0.8992431496062991
20
2.4843219291338583
11
-0.8977516535433071
21
2.4855459842519685
0
LINE
8
BLACK
6
CONTINUOUS
10
-0.8977516535433071
20
2.4855459842519685
11
-0.8942036220472441
21
2.4870156299212596
0
LINE
8
BLACK
6
CONTINUOUS
10
-0.8942036220472441
20
2.4870156299212596
11
-0.8942032677165355
21
2.4870156299212596
0
LINE
8
BLACK
6
CONTINUOUS
10
-0.8942032677165355
20
2.4870156299212596
11
-0.8922834645669291
21
2.4872047244094486
0
LINE
8
BLACK
6
CONTINUOUS
10
-0.8922834645669291
20
2.4872047244094486
11
-0.8294312598425196
21
2.4872047244094486
0
LINE
8
BLACK
6
CONTINUOUS
10
-0.8294312598425196
20
2.4872047244094486
11
-0.8174803149606299
21
2.4991556692913384
0
LINE
8
BLACK
6
CONTINUOUS
10
-0.8174803149606299
20
2.4991556692913384
11
-0.8174803149606299
21
2.515748031496063
0
LINE
8
BLACK
6
CONTINUOUS
10
-0.8174803149606299
20
2.515748031496063
11
-0.8267716535433071
21
2.515748031496063
0
LINE
8
BLACK
6
CONTINUOUS
10
-0.8267716535433071
20
2.515748031496063
11
-0.8267716535433071
21
2.5334645669291338
0
LINE
8
BLACK
6
CONTINUOUS
10
-0.8267716535433071
20
2.5334645669291338
11
-0.8366141732283464
21
2.5334645669291338
0
LINE
8
BLACK
6
CONTINUOUS
10
-0.8366141732283464
20
2.5334645669291338
11
-0.8366141732283464
21
2.515748031496063
0
LINE
8
BLACK
6
CONTINUOUS
10
-0.8366141732283464
20
2.515748031496063
11
-0.8582677165354331
21
2.515748031496063
0
LINE
8
BLACK
6
CONTINUOUS
10
-0.8582677165354331
20
2.515748031496063
11
-0.8582677165354331
21
2.5159483858267717
0
LINE
8
BLACK
6
CONTINUOUS
10
-0.8582677165354331
20
2.5159483858267717
11
-0.8610691732283464
21
2.5159483858267717
0
LINE
8
BLACK
6
CONTINUOUS
10
-0.8610691732283464
20
2.5159483858267717
11
-0.8664451968503937
21
2.517526929133858
0
LINE
8
BLACK
6
CONTINUOUS
10
-0.8664451968503937
20
2.517526929133858
11
-0.8711586614173228
21
2.5205561023622045
0
LINE
8
BLACK
6
CONTINUOUS
10
-0.8711586614173228
20
2.5205561023622045
11
-0.8748278346456693
21
2.5247905511811024
0
LINE
8
BLACK
6
CONTINUOUS
10
-0.8748278346456693
20
2.5247905511811024
11
-0.8771553543307087
21
2.5298871653543307
0
LINE
8
BLACK
6
CONTINUOUS
10
-0.8771553543307087
20
2.5298871653543307
11
-0.8779527559055118
21
2.5354330708661417
0
LINE
8
BLACK
6
CONTINUOUS
10
-0.8779527559055118
20
2.5354330708661417
11
-0.8779527559055118
21
2.5551181102362204
0
LINE
8
BLACK
6
CONTINUOUS
10
-0.8779527559055118
20
2.5551181102362204
11
-0.8771553543307087
21
2.5606640157480314
0
LINE
8
BLACK
6
CONTINUOUS
10
-0.8771553543307087
20
2.5606640157480314
11
-0.8748278346456693
21
2.5657606299212596
0
LINE
8
BLACK
6
CONTINUOUS
10
-0.8748278346456693
20
2.5657606299212596
11
-0.8711586614173228
21
2.5699950787401575
0
LINE
8
BLACK
6
CONTINUOUS
10
-0.8711586614173228
20
2.5699950787401575
11
-0.8666929133858268
21
2.5728650787401572
0
LINE
8
BLACK
6
CONTINUOUS
10
-0.8666929133858268
20
2.5728650787401572
11
-0.8666929133858268
21
2.5860629921259841
0
LINE
8
BLACK
6
CONTINUOUS
10
-0.8666929133858268
20
2.5860629921259841
11
-0.8665416141732283
21
2.5875991338582676
0
LINE
8
BLACK
6
CONTINUOUS
10
-0.8665416141732283
20
2.5875991338582676
11
-0.865365905511811
21
2.5904375590551179
0
LINE
8
BLACK
6
CONTINUOUS
10
-0.865365905511811
20
2.5904375590551179
11
-0.864386653543307
21
2.5916307480314962
0
LINE
8
BLACK
6
CONTINUOUS
10
-0.864386653543307
20
2.5916307480314962
11
-0.842181968503937
21
2.6138354724409449
0
LINE
8
BLACK
6
CONTINUOUS
10
-0.842181968503937
20
2.6138354724409449
11
-0.8409887401574803
21
2.6148147244094488
0
LINE
8
BLACK
6
CONTINUOUS
10
-0.8409887401574803
20
2.6148147244094488
11
-0.8381503149606299
21
2.6159904330708659
0
LINE
8
BLACK
6
CONTINUOUS
10
-0.8381503149606299
20
2.6159904330708659
11
-0.8366141732283464
21
2.6161417322834644
0
LINE
8
BLACK
6
CONTINUOUS
10
-0.8366141732283464
20
2.6161417322834644
11
-0.735236220472441
21
2.6161417322834644
0
LINE
8
BLACK
6
CONTINUOUS
10
-0.735236220472441
20
2.6161417322834644
11
-0.7337000787401574
21
2.6159904330708659
0
LINE
8
BLACK
6
CONTINUOUS
10
-0.1188476771653543
20
1.1239458661417323
11
-0.1156625196850394
21
1.1218279921259842
0
LINE
8
BLACK
6
CONTINUOUS
10
-0.1156625196850394
20
1.1218279921259842
11
-0.1135303149606299
21
1.1186524015748032
0
LINE
8
BLACK
6
CONTINUOUS
10
-0.1135303149606299
20
1.1186524015748032
11
-0.1127756299212598
21
1.1149025984251968
0
LINE
8
BLACK
6
CONTINUOUS
10
-0.1127756299212598
20
1.1149025984251968
11
-0.1127755905511811
21
1.1148804724409449
0
LINE
8
BLACK
6
CONTINUOUS
10
-0.1127755905511811
20
1.1148804724409449
11
-0.1127755905511811
21
1.0933367716535434
0
LINE
8
BLACK
6
CONTINUOUS
10
-0.1127755905511811
20
1.0933367716535434
11
-0.113521811023622
21
1.0895852755905511
0
LINE
8
BLACK
6
CONTINUOUS
10
-0.113521811023622
20
1.0895852755905511
11
-0.1156468503937008
21
1.0864048818897638
0
LINE
8
BLACK
6
CONTINUOUS
10
-0.1156468503937008
20
1.0864048818897638
11
-0.1188272440944882
21
1.0842798425196851
0
LINE
8
BLACK
6
CONTINUOUS
10
-0.1188272440944882
20
1.0842798425196851
11
-0.1225787401574803
21
1.083533622047244
0
LINE
8
BLACK
6
CONTINUOUS
10
-0.1225787401574803
20
1.083533622047244
11
-0.1263302362204724
21
1.0842798425196851
0
LINE
8
BLACK
6
CONTINUOUS
10
-0.1263302362204724
20
1.0842798425196851
11
-0.1295106299212598
21
1.0864048818897638
0
LINE
8
BLACK
6
CONTINUOUS
10
-0.1295106299212598
20
1.0864048818897638
11
-0.1316356692913386
21
1.0895852755905511
0
LINE
8
BLACK
6
CONTINUOUS
10
-0.1316356692913386
20
1.0895852755905511
11
-0.1319597637795276
21
1.0904910629921261
0
LINE
8
BLACK
6
CONTINUOUS
10
-0.1319597637795276
20
1.0904910629921261
11
-0.1323766535433071
21
1.0918653149606299
0
LINE
8
BLACK
6
CONTINUOUS
10
-0.1323766535433071
20
1.0918653149606299
11
-0.1350604330708661
21
1.0968863779527558
0
LINE
8
BLACK
6
CONTINUOUS
10
-0.1350604330708661
20
1.0968863779527558
11
-0.1409362204724409
21
1.0910105905511811
0
LINE
8
BLACK
6
CONTINUOUS
10
-0.1409362204724409
20
1.0910105905511811
11
-0.1405596456692913
21
1.0904112598425197
0
LINE
8
BLACK
6
CONTINUOUS
10
-0.1405596456692913
20
1.0904112598425197
11
-0.1382011023622047
21
1.0836709448818898
0
LINE
8
BLACK
6
CONTINUOUS
10
-0.1382011023622047
20
1.0836709448818898
11
-0.1374015748031496
21
1.0765748031496063
0
LINE
8
BLACK
6
CONTINUOUS
10
-0.1374015748031496
20
1.0765748031496063
11
-0.1382011023622047
21
1.0694786614173228
0
LINE
8
BLACK
6
CONTINUOUS
10
-0.1382011023622047
20
1.0694786614173228
11
-0.1405596456692913
21
1.0627383464566929
0
LINE
8
BLACK
6
CONTINUOUS
10
-0.1405596456692913
20
1.0627383464566929
11
-0.1409362204724409
21
1.062139094488189
0
LINE
8
BLACK
6
CONTINUOUS
10
-0.1409362204724409
20
1.062139094488189
11
-0.1350604330708661
21
1.0562633070866141
0
LINE
8
BLACK
6
CONTINUOUS
10
-0.1350604330708661
20
1.0562633070866141
11
-0.1323766535433071
21
1.0612843700787402
0
LINE
8
BLACK
6
CONTINUOUS
10
-0.1323766535433071
20
1.0612843700787402
11
-0.1319597637795276
21
1.0626585433070865
0
LINE
8
BLACK
6
CONTINUOUS
10
-0.1319597637795276
20
1.0626585433070865
11
-0.1301566929133858
21
1.0660318897637795
0
LINE
8
BLACK
6
CONTINUOUS
10
-0.1301566929133858
20
1.0660318897637795
11
-0.1271999606299213
21
1.0684584645669291
0
LINE
8
BLACK
6
CONTINUOUS
10
-0.1271999606299213
20
1.0684584645669291
11
-0.1235396456692913
21
1.0695688188976378
0
LINE
8
BLACK
6
CONTINUOUS
10
-0.1235396456692913
20
1.0695688188976378
11
-0.1197330708661417
21
1.0691938976377953
0
LINE
8
BLACK
6
CONTINUOUS
10
-0.1197330708661417
20
1.0691938976377953
11
-0.1163597244094488
21
1.0673908267716534
0
LINE
8
BLACK
6
CONTINUOUS
10
-0.1163597244094488
20
1.0673908267716534
11
-0.1139331496062992
21
1.0644340944881889
0
LINE
8
BLACK
6
CONTINUOUS
10
-0.1139331496062992
20
1.0644340944881889
11
-0.1128227952755906
21
1.0607737795275591
0
LINE
8
BLACK
6
CONTINUOUS
10
-0.1128227952755906
20
1.0607737795275591
11
-0.1127755905511811
21
1.059812874015748
0
LINE
8
BLACK
6
CONTINUOUS
10
-0.1127755905511811
20
1.059812874015748
11
-0.1127755905511811
21
0.9752265354330708
0
LINE
8
BLACK
6
CONTINUOUS
10
-0.1127755905511811
20
0.9752265354330708
11
-0.113521811023622
21
0.9714750393700787
0
LINE
8
BLACK
6
CONTINUOUS
10
-0.113521811023622
20
0.9714750393700787
11
-0.1156468503937008
21
0.9682946456692914
0
LINE
8
BLACK
6
CONTINUOUS
10
-0.1156468503937008
20
0.9682946456692914
11
-0.1188272440944882
21
0.9661696062992126
0
LINE
8
BLACK
6
CONTINUOUS
10
-0.1188272440944882
20
0.9661696062992126
11
-0.1225787401574803
21
0.9654233858267717
0
LINE
8
BLACK
6
CONTINUOUS
10
-0.1225787401574803
20
0.9654233858267717
11
-0.1263302362204724
21
0.9661696062992126
0
LINE
8
BLACK
6
CONTINUOUS
10
-0.1263302362204724
20
0.9661696062992126
11
-0.1295106299212598
21
0.9682946456692914
0
LINE
8
BLACK
6
CONTINUOUS
10
-0.1295106299212598
20
0.9682946456692914
11
-0.1316356692913386
21
0.9714750393700787
0
LINE
8
BLACK
6
CONTINUOUS
10
-0.1316356692913386
20
0.9714750393700787
11
-0.1319597637795276
21
0.9723808267716535
0
LINE
8
BLACK
6
CONTINUOUS
10
-0.1319597637795276
20
0.9723808267716535
11
-0.1323766535433071
21
0.9737550787401574
0
LINE
8
BLACK
6
CONTINUOUS
10
-0.1323766535433071
20
0.9737550787401574
11
-0.1350604330708661
21
0.9787761417322834
0
LINE
8
BLACK
6
CONTINUOUS
10
-0.1350604330708661
20
0.9787761417322834
11
-0.1409362204724409
21
0.9729003543307086
0
LINE
8
BLACK
6
CONTINUOUS
10
-0.1409362204724409
20
0.9729003543307086
11
-0.1405596456692913
21
0.9723010236220472
0
LINE
8
BLACK
6
CONTINUOUS
10
-0.1405596456692913
20
0.9723010236220472
11
-0.1382011023622047
21
0.9655607086614173
0
LINE
8
BLACK
6
CONTINUOUS
10
-0.1382011023622047
20
0.9655607086614173
11
-0.1374015748031496
21
0.9584645669291338
0
LINE
8
BLACK
6
CONTINUOUS
10
-0.1374015748031496
20
0.9584645669291338
11
-0.1382011023622047
21
0.9513684251968504
0
LINE
8
BLACK
6
CONTINUOUS
10
-0.1382011023622047
20
0.9513684251968504
11
-0.1405596456692913
21
0.9446281102362204
0
LINE
8
BLACK
6
CONTINUOUS
10
-0.1405596456692913
20
0.9446281102362204
11
-0.1409362204724409
21
0.9440288582677165
0
LINE
8
BLACK
6
CONTINUOUS
10
-0.1409362204724409
20
0.9440288582677165
11
-0.1350604330708661
21
0.9381530708661417
0
LINE
8
BLACK
6
CONTINUOUS
10
-0.1350604330708661
20
0.9381530708661417
11
-0.1323766535433071
21
0.9431741338582676
0
LINE
8
BLACK
6
CONTINUOUS
10
-0.1323766535433071
20
0.9431741338582676
11
-0.1319597637795276
21
0.9445483070866142
0
LINE
8
BLACK
6
CONTINUOUS
10
-0.1319597637795276
20
0.9445483070866142
11
-0.1301566929133858
21
0.947921653543307
0
LINE
8
BLACK
6
CONTINUOUS
10
-0.1301566929133858
20
0.947921653543307
11
-0.1271999606299213
21
0.9503482283464567
0
LINE
8
BLACK
6
CONTINUOUS
10
-0.1271999606299213
20
0.9503482283464567
11
-0.1235396456692913
21
0.9514585826771653
0
LINE
8
BLACK
6
CONTINUOUS
10
-0.1235396456692913
20
0.9514585826771653
11
-0.1197330708661417
21
0.9510836614173228
0
LINE
8
BLACK
6
CONTINUOUS
10
-0.1197330708661417
20
0.9510836614173228
11
-0.1163597244094488
21
0.9492805905511811
0
LINE
8
BLACK
6
CONTINUOUS
10
-0.1163597244094488
20
0.9492805905511811
11
-0.1139331496062992
21
0.9463238582677165
0
LINE
8
BLACK
6
CONTINUOUS
10
-0.1139331496062992
20
0.9463238582677165
11
-0.1128227952755906
21
0.9426635433070866
0
LINE
8
BLACK
6
CONTINUOUS
10
-0.1128227952755906
20
0.9426635433070866
11
-0.1127755905511811
21
0.9417026377952755
0
LINE
8
BLACK
6
CONTINUOUS
10
-0.1127755905511811
20
0.9417026377952755
11
-0.1127755905511811
21
0.9044552755905512
0
LINE
8
BLACK
6
CONTINUOUS
10
-0.1127755905511811
20
0.9044552755905512
11
-0.113521811023622
21
0.9007037795275591
0
LINE
8
BLACK
6
CONTINUOUS
10
-0.113521811023622
20
0.9007037795275591
11
-0.1156468503937008
21
0.8975233858267716
0
LINE
8
BLACK
6
CONTINUOUS
10
-0.1156468503937008
20
0.8975233858267716
11
-0.1188272440944882
21
0.8953983464566929
0
LINE
8
BLACK
6
CONTINUOUS
10
-0.1188272440944882
20
0.8953983464566929
11
-0.1225787401574803
21
0.8946521259842519
0
LINE
8
BLACK
6
CONTINUOUS
10
-0.1225787401574803
20
0.8946521259842519
11
-0.1226975590551181
21
0.8946528346456692
0
LINE
8
BLACK
6
CONTINUOUS
10
-0.1226975590551181
20
0.8946528346456692
11
-0.1565806299212598
21
0.8950635039370078
0
LINE
8
BLACK
6
CONTINUOUS
10
-0.1565806299212598
20
0.8950635039370078
11
-0.1678740157480315
21
0.8952003937007874
0
LINE
8
BLACK
6
CONTINUOUS
10
-0.1678740157480315
20
0.8952003937007874
11
-0.1678749606299212
21
0.8952003937007874
0
LINE
8
BLACK
6
CONTINUOUS
10
-0.1678749606299212
20
0.8952003937007874
11
-0.5615738582677166
21
0.8952003937007874
0
LINE
8
BLACK
6
CONTINUOUS
10
-0.5615738582677166
20
0.8952003937007874
11
-0.5615748031496063
21
0.8952003937007874
0
LINE
8
BLACK
6
CONTINUOUS
10
-0.5615748031496063
20
0.8952003937007874
11
-0.5919405511811023
21
0.8948323622047244
0
LINE
8
BLACK
6
CONTINUOUS
10
-0.5919405511811023
20
0.8948323622047244
11
-0.6166134645669291
21
0.8945332677165354
0
LINE
8
BLACK
6
CONTINUOUS
10
-0.6166134645669291
20
0.8945332677165354
11
-0.6203737401574803
21
0.8952339763779528
0
LINE
8
BLACK
6
CONTINUOUS
10
-0.6203737401574803
20
0.8952339763779528
11
-0.6235796456692914
21
0.8973203149606299
0
LINE
8
BLACK
6
CONTINUOUS
10
-0.6235796456692914
20
0.8973203149606299
11
-0.6257430708661417
21
0.9004747244094488
0
LINE
8
BLACK
6
CONTINUOUS
10
-0.6257430708661417
20
0.9004747244094488
11
-0.6265347244094488
21
0.9042168897637795
0
LINE
8
BLACK
6
CONTINUOUS
10
-0.6265347244094488
20
0.9042168897637795
11
-0.6265354330708661
21
0.9043357086614173
0
LINE
8
BLACK
6
CONTINUOUS
10
-0.6265354330708661
20
0.9043357086614173
11
-0.6265354330708661
21
0.9584645669291338
0
LINE
8
BLACK
6
CONTINUOUS
10
-0.6265354330708661
20
0.9584645669291338
11
-0.6265354330708661
21
1.1137658267716535
0
LINE
8
BLACK
6
CONTINUOUS
10
-0.6265354330708661
20
1.1137658267716535
11
-0.6257892125984252
21
1.1175173228346456
0
LINE
8
BLACK
6
CONTINUOUS
10
-0.6257892125984252
20
1.1175173228346456
11
-0.6236641732283464
21
1.120697716535433
0
LINE
8
BLACK
6
CONTINUOUS
10
-0.6236641732283464
20
1.120697716535433
11
-0.6204837795275591
21
1.1228227559055117
0
LINE
8
BLACK
6
CONTINUOUS
10
-0.6204837795275591
20
1.1228227559055117
11
-0.6167545669291339
21
1.1235689370078741
0
LINE
8
BLACK
6
CONTINUOUS
10
-0.6167545669291339
20
1.1235689370078741
11
-0.5927890157480314
21
1.1236229921259842
0
LINE
8
BLACK
6
CONTINUOUS
10
-0.5927890157480314
20
1.1236229921259842
11
-0.5890359055118111
21
1.1228852362204724
0
LINE
8
BLACK
6
CONTINUOUS
10
-0.5890359055118111
20
1.1228852362204724
11
-0.5858507480314961
21
1.1207673622047243
0
LINE
8
BLACK
6
CONTINUOUS
10
-0.5858507480314961
20
1.1207673622047243
11
-0.5837185433070866
21
1.117591811023622
0
LINE
8
BLACK
6
CONTINUOUS
10
-0.5837185433070866
20
1.117591811023622
11
-0.5829638582677166
21
1.1138420078740157
0
LINE
8
BLACK
6
CONTINUOUS
10
-0.5829638582677166
20
1.1138420078740157
11
-0.5830699212598425
21
1.1123814173228346
0
LINE
8
BLACK
6
CONTINUOUS
10
-0.5830699212598425
20
1.1123814173228346
11
-0.5833036614173228
21
1.1108058267716536
0
LINE
8
BLACK
6
CONTINUOUS
10
-0.5833036614173228
20
1.1108058267716536
11
-0.5774278346456693
21
1.10493
0
LINE
8
BLACK
6
CONTINUOUS
10
-0.5774278346456693
20
1.10493
11
-0.5768285826771653
21
1.1053064960629921
0
LINE
8
BLACK
6
CONTINUOUS
10
-0.5768285826771653
20
1.1053064960629921
11
-0.5700882677165354
21
1.1076650393700787
0
LINE
8
BLACK
6
CONTINUOUS
10
-0.5700882677165354
20
1.1076650393700787
11
-0.562992125984252
21
1.1084645669291338
0
LINE
8
BLACK
6
CONTINUOUS
10
-0.562992125984252
20
1.1084645669291338
11
-0.5558959842519685
21
1.1076650393700787
0
LINE
8
BLACK
6
CONTINUOUS
10
-0.5558959842519685
20
1.1076650393700787
11
-0.5491556692913385
21
1.1053064960629921
0
LINE
8
BLACK
6
CONTINUOUS
10
-0.5491556692913385
20
1.1053064960629921
11
-0.5485564960629921
21
1.10493
0
LINE
8
BLACK
6
CONTINUOUS
10
-0.5485564960629921
20
1.10493
11
-0.5426806692913386
21
1.1108057874015749
0
LINE
8
BLACK
6
CONTINUOUS
10
-0.5426806692913386
20
1.1108057874015749
11
-0.5429342913385826
21
1.1125157086614172
0
LINE
8
BLACK
6
CONTINUOUS
10
-0.5429342913385826
20
1.1125157086614172
11
-0.5427466141732283
21
1.1163361023622047
0
LINE
8
BLACK
6
CONTINUOUS
10
-0.5427466141732283
20
1.1163361023622047
11
-0.541111220472441
21
1.1197938582677165
0
LINE
8
BLACK
6
CONTINUOUS
10
-0.541111220472441
20
1.1197938582677165
11
-0.5382771259842519
21
1.1223625984251968
0
LINE
8
BLACK
6
CONTINUOUS
10
-0.5382771259842519
20
1.1223625984251968
11
-0.5346757086614173
21
1.1236512204724409
0
LINE
8
BLACK
6
CONTINUOUS
10
-0.5346757086614173
20
1.1236512204724409
11
-0.5332598818897638
21
1.1237572834645668
0
LINE
8
BLACK
6
CONTINUOUS
10
-0.5332598818897638
20
1.1237572834645668
11
-0.4943308661417323
21
1.1238450787401575
0
LINE
8
BLACK
6
CONTINUOUS
10
-0.4943308661417323
20
1.1238450787401575
11
-0.4905777559055118
21
1.1231073228346455
0
LINE
8
BLACK
6
CONTINUOUS
10
-0.4905777559055118
20
1.1231073228346455
11
-0.4873925984251968
21
1.1209894488188976
0
LINE
8
BLACK
6
CONTINUOUS
10
-0.4873925984251968
20
1.1209894488188976
11
-0.4852603543307086
21
1.1178138976377952
0
LINE
8
BLACK
6
CONTINUOUS
10
-0.4852603543307086
20
1.1178138976377952
11
-0.4845057086614173
21
1.114064094488189
0
LINE
8
BLACK
6
CONTINUOUS
10
-0.4845057086614173
20
1.114064094488189
11
-0.4846117716535433
21
1.1126035039370079
0
LINE
8
BLACK
6
CONTINUOUS
10
-0.4846117716535433
20
1.1126035039370079
11
-0.4848784645669291
21
1.1108058267716536
0
LINE
8
BLACK
6
CONTINUOUS
10
-0.4848784645669291
20
1.1108058267716536
11
-0.4790026377952756
21
1.10493
0
LINE
8
BLACK
6
CONTINUOUS
10
-0.4790026377952756
20
1.10493
11
-0.4784033858267717
21
1.1053064960629921
0
LINE
8
BLACK
6
CONTINUOUS
10
-0.4784033858267717
20
1.1053064960629921
11
-0.4716630708661417
21
1.1076650393700787
0
LINE
8
BLACK
6
CONTINUOUS
10
-0.4716630708661417
20
1.1076650393700787
11
-0.4645669291338583
21
1.1084645669291338
0
LINE
8
BLACK
6
CONTINUOUS
10
-0.4645669291338583
20
1.1084645669291338
11
-0.4574707874015748
21
1.1076650393700787
0
LINE
8
BLACK
6
CONTINUOUS
10
-0.4574707874015748
20
1.1076650393700787
11
-0.4507304724409449
21
1.1053064960629921
0
LINE
8
BLACK
6
CONTINUOUS
10
-0.4507304724409449
20
1.1053064960629921
11
-0.4501312992125984
21
1.10493
0
LINE
8
BLACK
6
CONTINUOUS
10
-0.4501312992125984
20
1.10493
11
-0.4442554724409449
21
1.1108057874015749
0
LINE
8
BLACK
6
CONTINUOUS
10
-0.4442554724409449
20
1.1108057874015749
11
-0.4445420078740158
21
1.1127376377952756
0
LINE
8
BLACK
6
CONTINUOUS
10
-0.4445420078740158
20
1.1127376377952756
11
-0.4443543307086614
21
1.116558031496063
0
LINE
8
BLACK
6
CONTINUOUS
10
-0.4443543307086614
20
1.116558031496063
11
-0.442718937007874
21
1.1200157874015748
0
LINE
8
BLACK
6
CONTINUOUS
10
-0.442718937007874
20
1.1200157874015748
11
-0.4398848031496063
21
1.1225845275590551
0
LINE
8
BLACK
6
CONTINUOUS
10
-0.4398848031496063
20
1.1225845275590551
11
-0.4362834251968504
21
1.1238731496062992
0
LINE
8
BLACK
6
CONTINUOUS
10
-0.4362834251968504
20
1.1238731496062992
11
-0.4348674803149606
21
1.1239792125984251
0
LINE
8
BLACK
6
CONTINUOUS
10
-0.4348674803149606
20
1.1239792125984251
11
-0.3958727559055118
21
1.1240671653543306
0
LINE
8
BLACK
6
CONTINUOUS
10
-0.3958727559055118
20
1.1240671653543306
11
-0.3921196456692913
21
1.1233294094488189
0
LINE
8
BLACK
6
CONTINUOUS
10
-0.3921196456692913
20
1.1233294094488189
11
-0.3889344881889764
21
1.1212115354330709
0
LINE
8
BLACK
6
CONTINUOUS
10
-0.3889344881889764
20
1.1212115354330709
11
-0.3868022834645669
21
1.1180359842519685
0
LINE
8
BLACK
6
CONTINUOUS
10
-0.3868022834645669
20
1.1180359842519685
11
-0.3860475984251968
21
1.1142861811023621
0
LINE
8
BLACK
6
CONTINUOUS
10
-0.3860475984251968
20
1.1142861811023621
11
-0.3861536614173228
21
1.1128256299212598
0
LINE
8
BLACK
6
CONTINUOUS
10
-0.3861536614173228
20
1.1128256299212598
11
-0.3864533070866142
21
1.1108058661417322
0
LINE
8
BLACK
6
CONTINUOUS
10
-0.3864533070866142
20
1.1108058661417322
11
-0.3805774409448819
21
1.10493
0
LINE
8
BLACK
6
CONTINUOUS
10
-0.3805774409448819
20
1.10493
11
-0.3799781889763779
21
1.1053064960629921
0
LINE
8
BLACK
6
CONTINUOUS
10
-0.3799781889763779
20
1.1053064960629921
11
-0.373237874015748
21
1.1076650393700787
0
LINE
8
BLACK
6
CONTINUOUS
10
-0.373237874015748
20
1.1076650393700787
11
-0.3661417322834646
21
1.1084645669291338
0
LINE
8
BLACK
6
CONTINUOUS
10
-0.3661417322834646
20
1.1084645669291338
11
-0.3590455905511811
21
1.1076650393700787
0
LINE
8
BLACK
6
CONTINUOUS
10
-0.3590455905511811
20
1.1076650393700787
11
-0.3523052755905512
21
1.1053064960629921
0
LINE
8
BLACK
6
CONTINUOUS
10
-0.3523052755905512
20
1.1053064960629921
11
-0.3517061023622047
21
1.10493
0
LINE
8
BLACK
6
CONTINUOUS
10
-0.3517061023622047
20
1.10493
11
-0.3458302362204724
21
1.1108058267716536
0
LINE
8
BLACK
6
CONTINUOUS
10
-0.3458302362204724
20
1.1108058267716536
11
-0.3461497244094488
21
1.1129596062992126
0
LINE
8
BLACK
6
CONTINUOUS
10
-0.3461497244094488
20
1.1129596062992126
11
-0.3459620472440945
21
1.1167799606299211
0
LINE
8
BLACK
6
CONTINUOUS
10
-0.3459620472440945
20
1.1167799606299211
11
-0.3443266535433071
21
1.1202377559055119
0
LINE
8
BLACK
6
CONTINUOUS
10
-0.3443266535433071
20
1.1202377559055119
11
-0.3414925196850394
21
1.1228064566929135
0
LINE
8
BLACK
6
CONTINUOUS
10
-0.3414925196850394
20
1.1228064566929135
11
-0.3378911023622047
21
1.1240950787401573
0
LINE
8
BLACK
6
CONTINUOUS
10
-0.3378911023622047
20
1.1240950787401573
11
-0.3364750787401575
21
1.1242011417322835
0
LINE
8
BLACK
6
CONTINUOUS
10
-0.3364750787401575
20
1.1242011417322835
11
-0.2974145669291339
21
1.1242892519685039
0
LINE
8
BLACK
6
CONTINUOUS
10
-0.2974145669291339
20
1.1242892519685039
11
-0.2936614960629921
21
1.1235514960629922
0
LINE
8
BLACK
6
CONTINUOUS
10
-0.2936614960629921
20
1.1235514960629922
11
-0.2904763385826772
21
1.1214336220472441
0
LINE
8
BLACK
6
CONTINUOUS
10
-0.2904763385826772
20
1.1214336220472441
11
-0.2883441338582677
21
1.1182580708661418
0
LINE
8
BLACK
6
CONTINUOUS
10
-0.2883441338582677
20
1.1182580708661418
11
-0.2875894488188976
21
1.1145082677165354
0
LINE
8
BLACK
6
CONTINUOUS
10
-0.2875894488188976
20
1.1145082677165354
11
-0.2876955118110236
21
1.1130476771653544
0
LINE
8
BLACK
6
CONTINUOUS
10
-0.2876955118110236
20
1.1130476771653544
11
-0.2880280708661417
21
1.1108058267716536
0
LINE
8
BLACK
6
CONTINUOUS
10
-0.2880280708661417
20
1.1108058267716536
11
-0.2821522440944882
21
1.10493
0
LINE
8
BLACK
6
CONTINUOUS
10
-0.2821522440944882
20
1.10493
11
-0.2815529921259842
21
1.1053064960629921
0
LINE
8
BLACK
6
CONTINUOUS
10
-0.2815529921259842
20
1.1053064960629921
11
-0.2748126771653543
21
1.1076650393700787
0
LINE
8
BLACK
6
CONTINUOUS
10
-0.2748126771653543
20
1.1076650393700787
11
-0.2677165354330708
21
1.1084645669291338
0
LINE
8
BLACK
6
CONTINUOUS
10
-0.2677165354330708
20
1.1084645669291338
11
-0.2606203937007874
21
1.1076650393700787
0
LINE
8
BLACK
6
CONTINUOUS
10
-0.2606203937007874
20
1.1076650393700787
11
-0.2538800787401575
21
1.1053064960629921
0
LINE
8
BLACK
6
CONTINUOUS
10
-0.2538800787401575
20
1.1053064960629921
11
-0.253280905511811
21
1.10493
0
LINE
8
BLACK
6
CONTINUOUS
10
-0.253280905511811
20
1.10493
11
-0.2474050787401575
21
1.1108057874015749
0
LINE
8
BLACK
6
CONTINUOUS
10
-0.2474050787401575
20
1.1108057874015749
11
-0.2477574803149606
21
1.1131814566929135
0
LINE
8
BLACK
6
CONTINUOUS
10
-0.2477574803149606
20
1.1131814566929135
11
-0.2475698031496063
21
1.1170018503937007
0
LINE
8
BLACK
6
CONTINUOUS
10
-0.2475698031496063
20
1.1170018503937007
11
-0.2459344488188976
21
1.1204596456692912
0
LINE
8
BLACK
6
CONTINUOUS
10
-0.2459344488188976
20
1.1204596456692912
11
-0.2431003149606299
21
1.1230283858267716
0
LINE
8
BLACK
6
CONTINUOUS
10
-0.2431003149606299
20
1.1230283858267716
11
-0.239498937007874
21
1.1243170078740157
0
LINE
8
BLACK
6
CONTINUOUS
10
-0.239498937007874
20
1.1243170078740157
11
-0.2380827165354331
21
1.1244230708661418
0
LINE
8
BLACK
6
CONTINUOUS
10
-0.2380827165354331
20
1.1244230708661418
11
-0.1989564173228346
21
1.124511338582677
0
LINE
8
BLACK
6
CONTINUOUS
10
-0.1989564173228346
20
1.124511338582677
11
-0.1952033464566929
21
1.1237735826771653
0
LINE
8
BLACK
6
CONTINUOUS
10
-0.1952033464566929
20
1.1237735826771653
11
-0.192018188976378
21
1.1216557086614174
0
LINE
8
BLACK
6
CONTINUOUS
10
-0.192018188976378
20
1.1216557086614174
11
-0.1898859842519685
21
1.1184801574803149
0
LINE
8
BLACK
6
CONTINUOUS
10
-0.1898859842519685
20
1.1184801574803149
11
-0.1891312992125984
21
1.1147303543307086
0
LINE
8
BLACK
6
CONTINUOUS
10
-0.1891312992125984
20
1.1147303543307086
11
-0.1892373622047244
21
1.1132697637795275
0
LINE
8
BLACK
6
CONTINUOUS
10
-0.1892373622047244
20
1.1132697637795275
11
-0.189602874015748
21
1.1108058267716536
0
LINE
8
BLACK
6
CONTINUOUS
10
-0.189602874015748
20
1.1108058267716536
11
-0.1837270472440945
21
1.10493
0
LINE
8
BLACK
6
CONTINUOUS
10
-0.1837270472440945
20
1.10493
11
-0.1831277952755906
21
1.1053064960629921
0
LINE
8
BLACK
6
CONTINUOUS
10
-0.1831277952755906
20
1.1053064960629921
11
-0.1763874803149606
21
1.1076650393700787
0
LINE
8
BLACK
6
CONTINUOUS
10
-0.1763874803149606
20
1.1076650393700787
11
-0.1692913385826772
21
1.1084645669291338
0
LINE
8
BLACK
6
CONTINUOUS
10
-0.1692913385826772
20
1.1084645669291338
11
-0.1621951968503937
21
1.1076650393700787
0
LINE
8
BLACK
6
CONTINUOUS
10
-0.1621951968503937
20
1.1076650393700787
11
-0.1554548818897638
21
1.1053064960629921
0
LINE
8
BLACK
6
CONTINUOUS
10
-0.1554548818897638
20
1.1053064960629921
11
-0.1548557086614173
21
1.10493
0
LINE
8
BLACK
6
CONTINUOUS
10
-0.1548557086614173
20
1.10493
11
-0.1489798818897638
21
1.1108057874015749
0
LINE
8
BLACK
6
CONTINUOUS
10
-0.1489798818897638
20
1.1108057874015749
11
-0.1493651968503937
21
1.1134034251968503
0
LINE
8
BLACK
6
CONTINUOUS
10
-0.1493651968503937
20
1.1134034251968503
11
-0.1491775196850394
21
1.1172238188976378
0
LINE
8
BLACK
6
CONTINUOUS
10
-0.1491775196850394
20
1.1172238188976378
11
-0.1475421653543307
21
1.1206815748031496
0
LINE
8
BLACK
6
CONTINUOUS
10
-0.1475421653543307
20
1.1206815748031496
11
-0.144708031496063
21
1.1232503149606299
0
LINE
8
BLACK
6
CONTINUOUS
10
-0.144708031496063
20
1.1232503149606299
11
-0.1411066141732283
21
1.124538937007874
0
LINE
8
BLACK
6
CONTINUOUS
10
-0.1411066141732283
20
1.124538937007874
11
-0.1396903149606299
21
1.1246449999999999
0
LINE
8
BLACK
6
CONTINUOUS
10
-0.1396903149606299
20
1.1246449999999999
11
-0.1226007086614173
21
1.1246835826771653
0
LINE
8
BLACK
6
CONTINUOUS
10
-0.1226007086614173
20
1.1246835826771653
11
-0.1188476771653543
21
1.1239458661417323
0
LINE
8
BLACK
6
CONTINUOUS
10
-0.5491556692913385
20
0.929732874015748
11
-0.5558959842519685
21
0.9273743307086614
0
LINE
8
BLACK
6
CONTINUOUS
10
-0.5558959842519685
20
0.9273743307086614
11
-0.562992125984252
21
0.9265748031496063
0
LINE
8
BLACK
6
CONTINUOUS
10
-0.562992125984252
20
0.9265748031496063
11
-0.5700882677165354
21
0.9273743307086614
0
LINE
8
BLACK
6
CONTINUOUS
10
-0.5700882677165354
20
0.9273743307086614
11
-0.5768285826771653
21
0.929732874015748
0
LINE
8
BLACK
6
CONTINUOUS
10
-0.5768285826771653
20
0.929732874015748
11
-0.5774279133858268
21
0.9301094488188976
0
LINE
8
BLACK
6
CONTINUOUS
10
-0.5774279133858268
20
0.9301094488188976
11
-0.5833037007874016
21
0.9242336614173228
0
LINE
8
BLACK
6
CONTINUOUS
10
-0.5833037007874016
20
0.9242336614173228
11
-0.5782826377952756
21
0.9215498818897637
0
LINE
8
BLACK
6
CONTINUOUS
10
-0.5782826377952756
20
0.9215498818897637
11
-0.5707872440944882
21
0.9192761811023622
0
LINE
8
BLACK
6
CONTINUOUS
10
-0.5707872440944882
20
0.9192761811023622
11
-0.562992125984252
21
0.9185084251968504
0
LINE
8
BLACK
6
CONTINUOUS
10
-0.562992125984252
20
0.9185084251968504
11
-0.5551970472440945
21
0.9192761811023622
0
LINE
8
BLACK
6
CONTINUOUS
10
-0.5551970472440945
20
0.9192761811023622
11
-0.547701653543307
21
0.9215498818897637
0
LINE
8
BLACK
6
CONTINUOUS
10
-0.547701653543307
20
0.9215498818897637
11
-0.5426806299212599
21
0.9242336614173228
0
LINE
8
BLACK
6
CONTINUOUS
10
-0.5426806299212599
20
0.9242336614173228
11
-0.5485564173228347
21
0.9301094488188976
0
LINE
8
BLACK
6
CONTINUOUS
10
-0.5485564173228347
20
0.9301094488188976
11
-0.5491556692913385
21
0.929732874015748
0
LINE
8
BLACK
6
CONTINUOUS
10
-0.4507304724409449
20
0.929732874015748
11
-0.4574707874015748
21
0.9273743307086614
0
LINE
8
BLACK
6
CONTINUOUS
10
-0.4574707874015748
20
0.9273743307086614
11
-0.4645669291338583
21
0.9265748031496063
0
LINE
8
BLACK
6
CONTINUOUS
10
-0.4645669291338583
20
0.9265748031496063
11
-0.4716630708661417
21
0.9273743307086614
0
LINE
8
BLACK
6
CONTINUOUS
10
-0.4716630708661417
20
0.9273743307086614
11
-0.4784033858267717
21
0.929732874015748
0
LINE
8
BLACK
6
CONTINUOUS
10
-0.4784033858267717
20
0.929732874015748
11
-0.4790027165354331
21
0.9301094488188976
0
LINE
8
BLACK
6
CONTINUOUS
10
-0.4790027165354331
20
0.9301094488188976
11
-0.4848785039370079
21
0.9242336614173228
0
LINE
8
BLACK
6
CONTINUOUS
10
-0.4848785039370079
20
0.9242336614173228
11
-0.4798574409448819
21
0.9215498818897637
0
LINE
8
BLACK
6
CONTINUOUS
10
-0.4798574409448819
20
0.9215498818897637
11
-0.4723620472440945
21
0.9192761811023622
0
LINE
8
BLACK
6
CONTINUOUS
10
-0.4723620472440945
20
0.9192761811023622
11
-0.4645669291338583
21
0.9185084251968504
0
LINE
8
BLACK
6
CONTINUOUS
10
-0.4645669291338583
20
0.9185084251968504
11
-0.4567718503937008
21
0.9192761811023622
0
LINE
8
BLACK
6
CONTINUOUS
10
-0.4567718503937008
20
0.9192761811023622
11
-0.4492764566929134
21
0.9215498818897637
0
LINE
8
BLACK
6
CONTINUOUS
10
-0.4492764566929134
20
0.9215498818897637
11
-0.4442554330708661
21
0.9242336614173228
0
LINE
8
BLACK
6
CONTINUOUS
10
-0.4442554330708661
20
0.9242336614173228
11
-0.4501312204724409
21
0.9301094488188976
0
LINE
8
BLACK
6
CONTINUOUS
10
-0.4501312204724409
20
0.9301094488188976
11
-0.4507304724409449
21
0.929732874015748
0
LINE
8
BLACK
6
CONTINUOUS
10
-0.3523052755905512
20
0.929732874015748
11
-0.3590455905511811
21
0.9273743307086614
0
LINE
8
BLACK
6
CONTINUOUS
10
-0.3590455905511811
20
0.9273743307086614
11
-0.3661417322834646
21
0.9265748031496063
0
LINE
8
BLACK
6
CONTINUOUS
10
-0.3661417322834646
20
0.9265748031496063
11
-0.373237874015748
21
0.9273743307086614
0
LINE
8
BLACK
6
CONTINUOUS
10
-0.373237874015748
20
0.9273743307086614
11
-0.3799781889763779
21
0.929732874015748
0
LINE
8
BLACK
6
CONTINUOUS
10
-0.3799781889763779
20
0.929732874015748
11
-0.3805775196850393
21
0.9301094488188976
0
LINE
8
BLACK
6
CONTINUOUS
10
-0.3805775196850393
20
0.9301094488188976
11
-0.3864533070866142
21
0.9242336614173228
0
LINE
8
BLACK
6
CONTINUOUS
10
-0.3864533070866142
20
0.9242336614173228
11
-0.3814322440944882
21
0.9215498818897637
0
LINE
8
BLACK
6
CONTINUOUS
10
-0.3814322440944882
20
0.9215498818897637
11
-0.3739368503937008
21
0.9192761811023622
0
LINE
8
BLACK
6
CONTINUOUS
10
-0.3739368503937008
20
0.9192761811023622
11
-0.3661417322834646
21
0.9185084251968504
0
LINE
8
BLACK
6
CONTINUOUS
10
-0.3661417322834646
20
0.9185084251968504
11
-0.3583466535433071
21
0.9192761811023622
0
LINE
8
BLACK
6
CONTINUOUS
10
-0.3583466535433071
20
0.9192761811023622
11
-0.3508512598425197
21
0.9215498818897637
0
LINE
8
BLACK
6
CONTINUOUS
10
-0.3508512598425197
20
0.9215498818897637
11
-0.3458302362204724
21
0.9242336614173228
0
LINE
8
BLACK
6
CONTINUOUS
10
-0.3458302362204724
20
0.9242336614173228
11
-0.3517060236220472
21
0.9301094488188976
0
LINE
8
BLACK
6
CONTINUOUS
10
-0.3517060236220472
20
0.9301094488188976
11
-0.3523052755905512
21
0.929732874015748
0
LINE
8
BLACK
6
CONTINUOUS
10
-0.2538800787401575
20
0.929732874015748
11
-0.2606203937007874
21
0.9273743307086614
0
LINE
8
BLACK
6
CONTINUOUS
10
-0.2606203937007874
20
0.9273743307086614
11
-0.2677165354330708
21
0.9265748031496063
0
LINE
8
BLACK
6
CONTINUOUS
10
-0.2677165354330708
20
0.9265748031496063
11
-0.2748126771653543
21
0.9273743307086614
0
LINE
8
BLACK
6
CONTINUOUS
10
-0.2748126771653543
20
0.9273743307086614
11
-0.2815529921259842
21
0.929732874015748
0
LINE
8
BLACK
6
CONTINUOUS
10
-0.2815529921259842
20
0.929732874015748
11
-0.2821523228346456
21
0.9301094488188976
0
LINE
8
BLACK
6
CONTINUOUS
10
-0.2821523228346456
20
0.9301094488188976
11
-0.2880281102362205
21
0.9242336614173228
0
LINE
8
BLACK
6
CONTINUOUS
10
-0.2880281102362205
20
0.9242336614173228
11
-0.2830070472440945
21
0.9215498818897637
0
LINE
8
BLACK
6
CONTINUOUS
10
-0.2830070472440945
20
0.9215498818897637
11
-0.2755116535433071
21
0.9192761811023622
0
LINE
8
BLACK
6
CONTINUOUS
10
-0.2755116535433071
20
0.9192761811023622
11
-0.2677165354330708
21
0.9185084251968504
0
LINE
8
BLACK
6
CONTINUOUS
10
-0.2677165354330708
20
0.9185084251968504
11
-0.2599214566929134
21
0.9192761811023622
0
LINE
8
BLACK
6
CONTINUOUS
10
-0.2599214566929134
20
0.9192761811023622
11
-0.252426062992126
21
0.9215498818897637
0
LINE
8
BLACK
6
CONTINUOUS
10
-0.252426062992126
20
0.9215498818897637
11
-0.2474050393700787
21
0.9242336614173228
0
LINE
8
BLACK
6
CONTINUOUS
10
-0.2474050393700787
20
0.9242336614173228
11
-0.2532808267716535
21
0.9301094488188976
0
LINE
8
BLACK
6
CONTINUOUS
10
-0.2532808267716535
20
0.9301094488188976
11
-0.2538800787401575
21
0.929732874015748
0
LINE
8
BLACK
6
CONTINUOUS
10
-0.1554548818897638
20
0.929732874015748
11
-0.1621951968503937
21
0.9273743307086614
0
LINE
8
BLACK
6
CONTINUOUS
10
-0.1621951968503937
20
0.9273743307086614
11
-0.1692913385826772
21
0.9265748031496063
0
LINE
8
BLACK
6
CONTINUOUS
10
-0.1692913385826772
20
0.9265748031496063
11
-0.1763874803149606
21
0.9273743307086614
0
LINE
8
BLACK
6
CONTINUOUS
10
-0.1763874803149606
20
0.9273743307086614
11
-0.1831277952755906
21
0.929732874015748
0
LINE
8
BLACK
6
CONTINUOUS
10
-0.1831277952755906
20
0.929732874015748
11
-0.183727125984252
21
0.9301094488188976
0
LINE
8
BLACK
6
CONTINUOUS
10
-0.183727125984252
20
0.9301094488188976
11
-0.1896029133858268
21
0.9242336614173228
0
LINE
8
BLACK
6
CONTINUOUS
10
-0.1896029133858268
20
0.9242336614173228
11
-0.1845818503937008
21
0.9215498818897637
0
LINE
8
BLACK
6
CONTINUOUS
10
-0.1845818503937008
20
0.9215498818897637
11
-0.1770864566929134
21
0.9192761811023622
0
LINE
8
BLACK
6
CONTINUOUS
10
-0.1770864566929134
20
0.9192761811023622
11
-0.1692913385826772
21
0.9185084251968504
0
LINE
8
BLACK
6
CONTINUOUS
10
-0.1692913385826772
20
0.9185084251968504
11
-0.1614962598425197
21
0.9192761811023622
0
LINE
8
BLACK
6
CONTINUOUS
10
-0.1614962598425197
20
0.9192761811023622
11
-0.1540008661417323
21
0.9215498818897637
0
LINE
8
BLACK
6
CONTINUOUS
10
-0.1540008661417323
20
0.9215498818897637
11
-0.148979842519685
21
0.9242336614173228
0
LINE
8
BLACK
6
CONTINUOUS
10
-0.148979842519685
20
0.9242336614173228
11
-0.1548556299212598
21
0.9301094488188976
0
LINE
8
BLACK
6
CONTINUOUS
10
-0.1548556299212598
20
0.9301094488188976
11
-0.1554548818897638
21
0.929732874015748
0
LINE
8
BLACK
6
CONTINUOUS
10
-0.5346370078740157
20
0.9729003543307086
11
-0.5342604330708661
21
0.9723010236220472
0
LINE
8
BLACK
6
CONTINUOUS
10
-0.5342604330708661
20
0.9723010236220472
11
-0.5319018897637795
21
0.9655607086614173
0
LINE
8
BLACK
6
CONTINUOUS
10
-0.5319018897637795
20
0.9655607086614173
11
-0.5311023622047244
21
0.9584645669291338
0
LINE
8
BLACK
6
CONTINUOUS
10
-0.5311023622047244
20
0.9584645669291338
11
-0.5319018897637795
21
0.9513684251968504
0
LINE
8
BLACK
6
CONTINUOUS
10
-0.5319018897637795
20
0.9513684251968504
11
-0.5342604330708661
21
0.9446281102362204
0
LINE
8
BLACK
6
CONTINUOUS
10
-0.5342604330708661
20
0.9446281102362204
11
-0.5346370078740157
21
0.9440288582677165
0
LINE
8
BLACK
6
CONTINUOUS
10
-0.5346370078740157
20
0.9440288582677165
11
-0.5287612204724409
21
0.9381530708661417
0
LINE
8
BLACK
6
CONTINUOUS
10
-0.5287612204724409
20
0.9381530708661417
11
-0.5260774409448818
21
0.943174094488189
0
LINE
8
BLACK
6
CONTINUOUS
10
-0.5260774409448818
20
0.943174094488189
11
-0.5238037007874016
21
0.9506695275590551
0
LINE
8
BLACK
6
CONTINUOUS
10
-0.5238037007874016
20
0.9506695275590551
11
-0.5235354724409449
21
0.9533928346456693
0
LINE
8
BLACK
6
CONTINUOUS
10
-0.5235354724409449
20
0.9533928346456693
11
-0.5224251181102362
21
0.9570531496062992
0
LINE
8
BLACK
6
CONTINUOUS
10
-0.5224251181102362
20
0.9570531496062992
11
-0.5213820866141732
21
0.9583241338582676
0
LINE
8
BLACK
6
CONTINUOUS
10
-0.5213820866141732
20
0.9583241338582676
11
-0.5215322440944882
21
0.9586050787401574
0
LINE
8
BLACK
6
CONTINUOUS
10
-0.5215322440944882
20
0.9586050787401574
11
-0.5231605511811024
21
0.9616514960629921
0
LINE
8
BLACK
6
CONTINUOUS
10
-0.5231605511811024
20
0.9616514960629921
11
-0.5235354724409449
21
0.9635362992125984
0
LINE
8
BLACK
6
CONTINUOUS
10
-0.5235354724409449
20
0.9635362992125984
11
-0.5238037401574803
21
0.9662596850393701
0
LINE
8
BLACK
6
CONTINUOUS
10
-0.5238037401574803
20
0.9662596850393701
11
-0.5260774409448818
21
0.9737550787401574
0
LINE
8
BLACK
6
CONTINUOUS
10
-0.5260774409448818
20
0.9737550787401574
11
-0.5287612204724409
21
0.9787761417322834
0
LINE
8
BLACK
6
CONTINUOUS
10
-0.5287612204724409
20
0.9787761417322834
11
-0.5346370078740157
21
0.9729003543307086
0
LINE
8
BLACK
6
CONTINUOUS
10
-0.4362118110236221
20
0.9729003543307086
11
-0.4358352362204724
21
0.9723010236220472
0
LINE
8
BLACK
6
CONTINUOUS
10
-0.4358352362204724
20
0.9723010236220472
11
-0.4334766929133858
21
0.9655607086614173
0
LINE
8
BLACK
6
CONTINUOUS
10
-0.4334766929133858
20
0.9655607086614173
11
-0.4326771653543307
21
0.9584645669291338
0
LINE
8
BLACK
6
CONTINUOUS
10
-0.4326771653543307
20
0.9584645669291338
11
-0.4334766929133858
21
0.9513684251968504
0
LINE
8
BLACK
6
CONTINUOUS
10
-0.4334766929133858
20
0.9513684251968504
11
-0.4358352362204724
21
0.9446281102362204
0
LINE
8
BLACK
6
CONTINUOUS
10
-0.4358352362204724
20
0.9446281102362204
11
-0.4362118110236221
21
0.9440288582677165
0
LINE
8
BLACK
6
CONTINUOUS
10
-0.4362118110236221
20
0.9440288582677165
11
-0.4303360236220473
21
0.9381530708661417
0
LINE
8
BLACK
6
CONTINUOUS
10
-0.4303360236220473
20
0.9381530708661417
11
-0.4276522440944882
21
0.943174094488189
0
LINE
8
BLACK
6
CONTINUOUS
10
-0.4276522440944882
20
0.943174094488189
11
-0.4253785039370079
21
0.9506695275590551
0
LINE
8
BLACK
6
CONTINUOUS
10
-0.4253785039370079
20
0.9506695275590551
11
-0.4251102755905511
21
0.9533928346456693
0
LINE
8
BLACK
6
CONTINUOUS
10
-0.4251102755905511
20
0.9533928346456693
11
-0.4239999212598425
21
0.9570531496062992
0
LINE
8
BLACK
6
CONTINUOUS
10
-0.4239999212598425
20
0.9570531496062992
11
-0.4229568897637795
21
0.9583241338582676
0
LINE
8
BLACK
6
CONTINUOUS
10
-0.4229568897637795
20
0.9583241338582676
11
-0.4231070472440945
21
0.9586050787401574
0
LINE
8
BLACK
6
CONTINUOUS
10
-0.4231070472440945
20
0.9586050787401574
11
-0.4247353543307086
21
0.9616514960629921
0
LINE
8
BLACK
6
CONTINUOUS
10
-0.4247353543307086
20
0.9616514960629921
11
-0.4251102755905511
21
0.9635362992125984
0
LINE
8
BLACK
6
CONTINUOUS
10
-0.4251102755905511
20
0.9635362992125984
11
-0.4253785433070866
21
0.9662596850393701
0
LINE
8
BLACK
6
CONTINUOUS
10
-0.4253785433070866
20
0.9662596850393701
11
-0.4276522440944882
21
0.9737550787401574
0
LINE
8
BLACK
6
CONTINUOUS
10
-0.4276522440944882
20
0.9737550787401574
11
-0.4303360236220473
21
0.9787761417322834
0
LINE
8
BLACK
6
CONTINUOUS
10
-0.4303360236220473
20
0.9787761417322834
11
-0.4362118110236221
21
0.9729003543307086
0
LINE
8
BLACK
6
CONTINUOUS
10
-0.3377866141732284
20
0.9729003543307086
11
-0.3374100393700787
21
0.9723010236220472
0
LINE
8
BLACK
6
CONTINUOUS
10
-0.3374100393700787
20
0.9723010236220472
11
-0.3350514960629921
21
0.9655607086614173
0
LINE
8
BLACK
6
CONTINUOUS
10
-0.3350514960629921
20
0.9655607086614173
11
-0.334251968503937
21
0.9584645669291338
0
LINE
8
BLACK
6
CONTINUOUS
10
-0.334251968503937
20
0.9584645669291338
11
-0.3350514960629921
21
0.9513684251968504
0
LINE
8
BLACK
6
CONTINUOUS
10
-0.3350514960629921
20
0.9513684251968504
11
-0.3374100393700787
21
0.9446281102362204
0
LINE
8
BLACK
6
CONTINUOUS
10
-0.3374100393700787
20
0.9446281102362204
11
-0.3377866141732284
21
0.9440288582677165
0
LINE
8
BLACK
6
CONTINUOUS
10
-0.3377866141732284
20
0.9440288582677165
11
-0.3319108267716535
21
0.9381530708661417
0
LINE
8
BLACK
6
CONTINUOUS
10
-0.3319108267716535
20
0.9381530708661417
11
-0.3292270472440945
21
0.943174094488189
0
LINE
8
BLACK
6
CONTINUOUS
10
-0.3292270472440945
20
0.943174094488189
11
-0.3269533070866142
21
0.9506695275590551
0
LINE
8
BLACK
6
CONTINUOUS
10
-0.3269533070866142
20
0.9506695275590551
11
-0.3266850787401575
21
0.9533928346456693
0
LINE
8
BLACK
6
CONTINUOUS
10
-0.3266850787401575
20
0.9533928346456693
11
-0.3255747244094488
21
0.9570531496062992
0
LINE
8
BLACK
6
CONTINUOUS
10
-0.3255747244094488
20
0.9570531496062992
11
-0.3245316929133858
21
0.9583241338582676
0
LINE
8
BLACK
6
CONTINUOUS
10
-0.3245316929133858
20
0.9583241338582676
11
-0.3246818503937008
21
0.9586050787401574
0
LINE
8
BLACK
6
CONTINUOUS
10
-0.3246818503937008
20
0.9586050787401574
11
-0.3263101574803149
21
0.9616514960629921
0
LINE
8
BLACK
6
CONTINUOUS
10
-0.3263101574803149
20
0.9616514960629921
11
-0.3266850787401575
21
0.9635362992125984
0
LINE
8
BLACK
6
CONTINUOUS
10
-0.3266850787401575
20
0.9635362992125984
11
-0.3269533464566929
21
0.9662596850393701
0
LINE
8
BLACK
6
CONTINUOUS
10
-0.3269533464566929
20
0.9662596850393701
11
-0.3292270472440945
21
0.9737550787401574
0
LINE
8
BLACK
6
CONTINUOUS
10
-0.3292270472440945
20
0.9737550787401574
11
-0.3319108267716535
21
0.9787761417322834
0
LINE
8
BLACK
6
CONTINUOUS
10
-0.3319108267716535
20
0.9787761417322834
11
-0.3377866141732284
21
0.9729003543307086
0
LINE
8
BLACK
6
CONTINUOUS
10
-0.2393614173228346
20
0.9729003543307086
11
-0.238984842519685
21
0.9723010236220472
0
LINE
8
BLACK
6
CONTINUOUS
10
-0.238984842519685
20
0.9723010236220472
11
-0.2366262992125984
21
0.9655607086614173
0
LINE
8
BLACK
6
CONTINUOUS
10
-0.2366262992125984
20
0.9655607086614173
11
-0.2358267716535433
21
0.9584645669291338
0
LINE
8
BLACK
6
CONTINUOUS
10
-0.2358267716535433
20
0.9584645669291338
11
-0.2366262992125984
21
0.9513684251968504
0
LINE
8
BLACK
6
CONTINUOUS
10
-0.2366262992125984
20
0.9513684251968504
11
-0.238984842519685
21
0.9446281102362204
0
LINE
8
BLACK
6
CONTINUOUS
10
-0.238984842519685
20
0.9446281102362204
11
-0.2393614173228346
21
0.9440288582677165
0
LINE
8
BLACK
6
CONTINUOUS
10
-0.2393614173228346
20
0.9440288582677165
11
-0.2334856299212598
21
0.9381530708661417
0
LINE
8
BLACK
6
CONTINUOUS
10
-0.2334856299212598
20
0.9381530708661417
11
-0.2308018503937008
21
0.943174094488189
0
LINE
8
BLACK
6
CONTINUOUS
10
-0.2308018503937008
20
0.943174094488189
11
-0.2285281102362205
21
0.9506695275590551
0
LINE
8
BLACK
6
CONTINUOUS
10
-0.2285281102362205
20
0.9506695275590551
11
-0.2282598818897638
21
0.9533928346456693
0
LINE
8
BLACK
6
CONTINUOUS
10
-0.2282598818897638
20
0.9533928346456693
11
-0.2271495275590551
21
0.9570531496062992
0
LINE
8
BLACK
6
CONTINUOUS
10
-0.2271495275590551
20
0.9570531496062992
11
-0.2261064960629921
21
0.9583241338582676
0
LINE
8
BLACK
6
CONTINUOUS
10
-0.2261064960629921
20
0.9583241338582676
11
-0.2278849606299213
21
0.9616514960629921
0
LINE
8
BLACK
6
CONTINUOUS
10
-0.2278849606299213
20
0.9616514960629921
11
-0.2282598818897638
21
0.9635362992125984
0
LINE
8
BLACK
6
CONTINUOUS
10
-0.2282598818897638
20
0.9635362992125984
11
-0.2285281496062992
21
0.9662596850393701
0
LINE
8
BLACK
6
CONTINUOUS
10
-0.2285281496062992
20
0.9662596850393701
11
-0.2308018503937008
21
0.9737550787401574
0
LINE
8
BLACK
6
CONTINUOUS
10
-0.2308018503937008
20
0.9737550787401574
11
-0.2334856299212598
21
0.9787761417322834
0
LINE
8
BLACK
6
CONTINUOUS
10
-0.2334856299212598
20
0.9787761417322834
11
-0.2393614173228346
21
0.9729003543307086
0
LINE
8
BLACK
6
CONTINUOUS
10
-0.206205905511811
20
0.9737554724409448
11
-0.2062059842519685
21
0.9737552755905512
0
LINE
8
BLACK
6
CONTINUOUS
10
-0.2062059842519685
20
0.9737552755905512
11
-0.2084798031496063
21
0.9662596062992126
0
LINE
8
BLACK
6
CONTINUOUS
10
-0.2084798031496063
20
0.9662596062992126
11
-0.2087479921259842
21
0.9635362992125984
0
LINE
8
BLACK
6
CONTINUOUS
10
-0.2087479921259842
20
0.9635362992125984
11
-0.2098583464566929
21
0.9598760236220473
0
LINE
8
BLACK
6
CONTINUOUS
10
-0.2098583464566929
20
0.9598760236220473
11
-0.2109014173228346
21
0.9586050787401574
0
LINE
8
BLACK
6
CONTINUOUS
10
-0.2109014173228346
20
0.9586050787401574
11
-0.2091229133858268
21
0.9552776771653543
0
LINE
8
BLACK
6
CONTINUOUS
10
-0.2091229133858268
20
0.9552776771653543
11
-0.2087479921259842
21
0.9533928346456693
0
LINE
8
BLACK
6
CONTINUOUS
10
-0.2087479921259842
20
0.9533928346456693
11
-0.2084798031496063
21
0.9506695275590551
0
LINE
8
BLACK
6
CONTINUOUS
10
-0.2084798031496063
20
0.9506695275590551
11
-0.2062061023622047
21
0.9431742125984252
0
LINE
8
BLACK
6
CONTINUOUS
10
-0.2062061023622047
20
0.9431742125984252
11
-0.206206062992126
21
0.943174094488189
0
LINE
8
BLACK
6
CONTINUOUS
10
-0.206206062992126
20
0.943174094488189
11
-0.2035223228346457
21
0.9381531102362205
0
LINE
8
BLACK
6
CONTINUOUS
10
-0.2035223228346457
20
0.9381531102362205
11
-0.1976465354330709
21
0.944028937007874
0
LINE
8
BLACK
6
CONTINUOUS
10
-0.1976465354330709
20
0.944028937007874
11
-0.198023031496063
21
0.9446281102362204
0
LINE
8
BLACK
6
CONTINUOUS
10
-0.198023031496063
20
0.9446281102362204
11
-0.2003815748031496
21
0.9513684251968504
0
LINE
8
BLACK
6
CONTINUOUS
10
-0.2003815748031496
20
0.9513684251968504
11
-0.2011811023622047
21
0.9584645669291338
0
LINE
8
BLACK
6
CONTINUOUS
10
-0.2011811023622047
20
0.9584645669291338
11
-0.2003815748031496
21
0.9655607086614173
0
LINE
8
BLACK
6
CONTINUOUS
10
-0.2003815748031496
20
0.9655607086614173
11
-0.198023031496063
21
0.9723010236220472
0
LINE
8
BLACK
6
CONTINUOUS
10
-0.198023031496063
20
0.9723010236220472
11
-0.1976465354330709
21
0.9729002755905511
0
LINE
8
BLACK
6
CONTINUOUS
10
-0.1976465354330709
20
0.9729002755905511
11
-0.2035223622047244
21
0.9787761023622047
0
LINE
8
BLACK
6
CONTINUOUS
10
-0.2035223622047244
20
0.9787761023622047
11
-0.206205905511811
21
0.9737554724409448
0
LINE
8
BLACK
6
CONTINUOUS
10
-0.5707871653543307
20
0.997653031496063
11
-0.5782828346456693
21
0.9953792125984252
0
LINE
8
BLACK
6
CONTINUOUS
10
-0.5782828346456693
20
0.9953792125984252
11
-0.578283031496063
21
0.9953791338582677
0
LINE
8
BLACK
6
CONTINUOUS
10
-0.578283031496063
20
0.9953791338582677
11
-0.5833036614173228
21
0.9926955905511811
0
LINE
8
BLACK
6
CONTINUOUS
10
-0.5833036614173228
20
0.9926955905511811
11
-0.5774278346456693
21
0.9868197637795275
0
LINE
8
BLACK
6
CONTINUOUS
10
-0.5774278346456693
20
0.9868197637795275
11
-0.5768285826771653
21
0.9871962598425197
0
LINE
8
BLACK
6
CONTINUOUS
10
-0.5768285826771653
20
0.9871962598425197
11
-0.5700882677165354
21
0.9895548031496063
0
LINE
8
BLACK
6
CONTINUOUS
10
-0.5700882677165354
20
0.9895548031496063
11
-0.562992125984252
21
0.9903543307086614
0
LINE
8
BLACK
6
CONTINUOUS
10
-0.562992125984252
20
0.9903543307086614
11
-0.5558959842519685
21
0.9895548031496063
0
LINE
8
BLACK
6
CONTINUOUS
10
-0.5558959842519685
20
0.9895548031496063
11
-0.5491556692913385
21
0.9871962598425197
0
LINE
8
BLACK
6
CONTINUOUS
10
-0.5491556692913385
20
0.9871962598425197
11
-0.5485564960629921
21
0.9868197637795275
0
LINE
8
BLACK
6
CONTINUOUS
10
-0.5485564960629921
20
0.9868197637795275
11
-0.5426806692913386
21
0.9926955511811023
0
LINE
8
BLACK
6
CONTINUOUS
10
-0.5426806692913386
20
0.9926955511811023
11
-0.547701653543307
21
0.9953792913385826
0
LINE
8
BLACK
6
CONTINUOUS
10
-0.547701653543307
20
0.9953792913385826
11
-0.5477017716535433
21
0.9953793307086614
0
LINE
8
BLACK
6
CONTINUOUS
10
-0.5477017716535433
20
0.9953793307086614
11
-0.5551970472440945
21
0.9976529921259842
0
LINE
8
BLACK
6
CONTINUOUS
10
-0.5551970472440945
20
0.9976529921259842
11
-0.562992125984252
21
0.9984207480314961
0
LINE
8
BLACK
6
CONTINUOUS
10
-0.562992125984252
20
0.9984207480314961
11
-0.5707871653543307
21
0.997653031496063
0
LINE
8
BLACK
6
CONTINUOUS
10
-0.472361968503937
20
0.997653031496063
11
-0.4798576377952756
21
0.9953792125984252
0
LINE
8
BLACK
6
CONTINUOUS
10
-0.4798576377952756
20
0.9953792125984252
11
-0.4798578346456693
21
0.9953791338582677
0
LINE
8
BLACK
6
CONTINUOUS
10
-0.4798578346456693
20
0.9953791338582677
11
-0.4848784645669291
21
0.9926955905511811
0
LINE
8
BLACK
6
CONTINUOUS
10
-0.4848784645669291
20
0.9926955905511811
11
-0.4790026377952756
21
0.9868197637795275
0
LINE
8
BLACK
6
CONTINUOUS
10
-0.4790026377952756
20
0.9868197637795275
11
-0.4784033858267717
21
0.9871962598425197
0
LINE
8
BLACK
6
CONTINUOUS
10
-0.4784033858267717
20
0.9871962598425197
11
-0.4716630708661417
21
0.9895548031496063
0
LINE
8
BLACK
6
CONTINUOUS
10
-0.4716630708661417
20
0.9895548031496063
11
-0.4645669291338583
21
0.9903543307086614
0
LINE
8
BLACK
6
CONTINUOUS
10
-0.4645669291338583
20
0.9903543307086614
11
-0.4574707874015748
21
0.9895548031496063
0
LINE
8
BLACK
6
CONTINUOUS
10
-0.4574707874015748
20
0.9895548031496063
11
-0.4507304724409449
21
0.9871962598425197
0
LINE
8
BLACK
6
CONTINUOUS
10
-0.4507304724409449
20
0.9871962598425197
11
-0.4501312992125984
21
0.9868197637795275
0
LINE
8
BLACK
6
CONTINUOUS
10
-0.4501312992125984
20
0.9868197637795275
11
-0.4442554724409449
21
0.9926955511811023
0
LINE
8
BLACK
6
CONTINUOUS
10
-0.4442554724409449
20
0.9926955511811023
11
-0.4492764566929134
21
0.9953792913385826
0
LINE
8
BLACK
6
CONTINUOUS
10
-0.4492764566929134
20
0.9953792913385826
11
-0.4492765748031496
21
0.9953793307086614
0
LINE
8
BLACK
6
CONTINUOUS
10
-0.4492765748031496
20
0.9953793307086614
11
-0.4567718503937008
21
0.9976529921259842
0
LINE
8
BLACK
6
CONTINUOUS
10
-0.4567718503937008
20
0.9976529921259842
11
-0.4645669291338583
21
0.9984207480314961
0
LINE
8
BLACK
6
CONTINUOUS
10
-0.4645669291338583
20
0.9984207480314961
11
-0.472361968503937
21
0.997653031496063
0
LINE
8
BLACK
6
CONTINUOUS
10
-0.3739367716535433
20
0.997653031496063
11
-0.3814324409448819
21
0.9953792125984252
0
LINE
8
BLACK
6
CONTINUOUS
10
-0.3814324409448819
20
0.9953792125984252
11
-0.3814326377952756
21
0.9953791338582677
0
LINE
8
BLACK
6
CONTINUOUS
10
-0.3814326377952756
20
0.9953791338582677
11
-0.3864532677165354
21
0.9926955905511811
0
LINE
8
BLACK
6
CONTINUOUS
10
-0.3864532677165354
20
0.9926955905511811
11
-0.3805774409448819
21
0.9868197637795275
0
LINE
8
BLACK
6
CONTINUOUS
10
-0.3805774409448819
20
0.9868197637795275
11
-0.3799781889763779
21
0.9871962598425197
0
LINE
8
BLACK
6
CONTINUOUS
10
-0.3799781889763779
20
0.9871962598425197
11
-0.373237874015748
21
0.9895548031496063
0
LINE
8
BLACK
6
CONTINUOUS
10
-0.373237874015748
20
0.9895548031496063
11
-0.3661417322834646
21
0.9903543307086614
0
LINE
8
BLACK
6
CONTINUOUS
10
-0.3661417322834646
20
0.9903543307086614
11
-0.3590455905511811
21
0.9895548031496063
0
LINE
8
BLACK
6
CONTINUOUS
10
-0.3590455905511811
20
0.9895548031496063
11
-0.3523052755905512
21
0.9871962598425197
0
LINE
8
BLACK
6
CONTINUOUS
10
-0.3523052755905512
20
0.9871962598425197
11
-0.3517061023622047
21
0.9868197637795275
0
LINE
8
BLACK
6
CONTINUOUS
10
-0.3517061023622047
20
0.9868197637795275
11
-0.3458302755905512
21
0.9926955511811023
0
LINE
8
BLACK
6
CONTINUOUS
10
-0.3458302755905512
20
0.9926955511811023
11
-0.3508512598425197
21
0.9953792913385826
0
LINE
8
BLACK
6
CONTINUOUS
10
-0.3508512598425197
20
0.9953792913385826
11
-0.3508513779527559
21
0.9953793307086614
0
LINE
8
BLACK
6
CONTINUOUS
10
-0.3508513779527559
20
0.9953793307086614
11
-0.3583466535433071
21
0.9976529921259842
0
LINE
8
BLACK
6
CONTINUOUS
10
-0.3583466535433071
20
0.9976529921259842
11
-0.3661417322834646
21
0.9984207480314961
0
LINE
8
BLACK
6
CONTINUOUS
10
-0.3661417322834646
20
0.9984207480314961
11
-0.3739367716535433
21
0.997653031496063
0
LINE
8
BLACK
6
CONTINUOUS
10
-0.2755115748031496
20
0.997653031496063
11
-0.2830072440944882
21
0.9953792125984252
0
LINE
8
BLACK
6
CONTINUOUS
10
-0.2830072440944882
20
0.9953792125984252
11
-0.2830074409448819
21
0.9953791338582677
0
LINE
8
BLACK
6
CONTINUOUS
10
-0.2830074409448819
20
0.9953791338582677
11
-0.2880280708661417
21
0.9926955905511811
0
LINE
8
BLACK
6
CONTINUOUS
10
-0.2880280708661417
20
0.9926955905511811
11
-0.2821522440944882
21
0.9868197637795275
0
LINE
8
BLACK
6
CONTINUOUS
10
-0.2821522440944882
20
0.9868197637795275
11
-0.2815529921259842
21
0.9871962598425197
0
LINE
8
BLACK
6
CONTINUOUS
10
-0.2815529921259842
20
0.9871962598425197
11
-0.2748126771653543
21
0.9895548031496063
0
LINE
8
BLACK
6
CONTINUOUS
10
-0.2748126771653543
20
0.9895548031496063
11
-0.2677165354330708
21
0.9903543307086614
0
LINE
8
BLACK
6
CONTINUOUS
10
-0.2677165354330708
20
0.9903543307086614
11
-0.2606203937007874
21
0.9895548031496063
0
LINE
8
BLACK
6
CONTINUOUS
10
-0.2606203937007874
20
0.9895548031496063
11
-0.2538800787401575
21
0.9871962598425197
0
LINE
8
BLACK
6
CONTINUOUS
10
-0.2538800787401575
20
0.9871962598425197
11
-0.253280905511811
21
0.9868197637795275
0
LINE
8
BLACK
6
CONTINUOUS
10
-0.253280905511811
20
0.9868197637795275
11
-0.2474050787401575
21
0.9926955511811023
0
LINE
8
BLACK
6
CONTINUOUS
10
-0.2474050787401575
20
0.9926955511811023
11
-0.252426062992126
21
0.9953792913385826
0
LINE
8
BLACK
6
CONTINUOUS
10
-0.252426062992126
20
0.9953792913385826
11
-0.2524261811023622
21
0.9953793307086614
0
LINE
8
BLACK
6
CONTINUOUS
10
-0.2524261811023622
20
0.9953793307086614
11
-0.2599214566929134
21
0.9976529921259842
0
LINE
8
BLACK
6
CONTINUOUS
10
-0.2599214566929134
20
0.9976529921259842
11
-0.2677165354330708
21
0.9984207480314961
0
LINE
8
BLACK
6
CONTINUOUS
10
-0.2677165354330708
20
0.9984207480314961
11
-0.2755115748031496
21
0.997653031496063
0
LINE
8
BLACK
6
CONTINUOUS
10
-0.1770863779527559
20
0.997653031496063
11
-0.1845820472440945
21
0.9953792125984252
0
LINE
8
BLACK
6
CONTINUOUS
10
-0.1845820472440945
20
0.9953792125984252
11
-0.1845822440944882
21
0.9953791338582677
0
LINE
8
BLACK
6
CONTINUOUS
10
-0.1845822440944882
20
0.9953791338582677
11
-0.189602874015748
21
0.9926955905511811
0
LINE
8
BLACK
6
CONTINUOUS
10
-0.189602874015748
20
0.9926955905511811
11
-0.1837270472440945
21
0.9868197637795275
0
LINE
8
BLACK
6
CONTINUOUS
10
-0.1837270472440945
20
0.9868197637795275
11
-0.1831277952755906
21
0.9871962598425197
0
LINE
8
BLACK
6
CONTINUOUS
10
-0.1831277952755906
20
0.9871962598425197
11
-0.1763874803149606
21
0.9895548031496063
0
LINE
8
BLACK
6
CONTINUOUS
10
-0.1763874803149606
20
0.9895548031496063
11
-0.1692913385826772
21
0.9903543307086614
0
LINE
8
BLACK
6
CONTINUOUS
10
-0.1692913385826772
20
0.9903543307086614
11
-0.1621951968503937
21
0.9895548031496063
0
LINE
8
BLACK
6
CONTINUOUS
10
-0.1621951968503937
20
0.9895548031496063
11
-0.1554548818897638
21
0.9871962598425197
0
LINE
8
BLACK
6
CONTINUOUS
10
-0.1554548818897638
20
0.9871962598425197
11
-0.1548557086614173
21
0.9868197637795275
0
LINE
8
BLACK
6
CONTINUOUS
10
-0.1548557086614173
20
0.9868197637795275
11
-0.1489798818897638
21
0.9926955511811023
0
LINE
8
BLACK
6
CONTINUOUS
10
-0.1489798818897638
20
0.9926955511811023
11
-0.1540008661417323
21
0.9953792913385826
0
LINE
8
BLACK
6
CONTINUOUS
10
-0.1540008661417323
20
0.9953792913385826
11
-0.1540009842519685
21
0.9953793307086614
0
LINE
8
BLACK
6
CONTINUOUS
10
-0.1540009842519685
20
0.9953793307086614
11
-0.1614962598425197
21
0.9976529921259842
0
LINE
8
BLACK
6
CONTINUOUS
10
-0.1614962598425197
20
0.9976529921259842
11
-0.1692913385826772
21
0.9984207480314961
0
LINE
8
BLACK
6
CONTINUOUS
10
-0.1692913385826772
20
0.9984207480314961
11
-0.1770863779527559
21
0.997653031496063
0
LINE
8
BLACK
6
CONTINUOUS
10
-0.5491556692913385
20
1.0478431102362205
11
-0.5558959842519685
21
1.0454845669291339
0
LINE
8
BLACK
6
CONTINUOUS
10
-0.5558959842519685
20
1.0454845669291339
11
-0.562992125984252
21
1.0446850393700786
0
LINE
8
BLACK
6
CONTINUOUS
10
-0.562992125984252
20
1.0446850393700786
11
-0.5700882677165354
21
1.0454845669291339
0
LINE
8
BLACK
6
CONTINUOUS
10
-0.5700882677165354
20
1.0454845669291339
11
-0.5768285826771653
21
1.0478431102362205
0
LINE
8
BLACK
6
CONTINUOUS
10
-0.5768285826771653
20
1.0478431102362205
11
-0.5774279133858268
21
1.0482196850393701
0
LINE
8
BLACK
6
CONTINUOUS
10
-0.5774279133858268
20
1.0482196850393701
11
-0.5833037007874016
21
1.0423438976377952
0
LINE
8
BLACK
6
CONTINUOUS
10
-0.5833037007874016
20
1.0423438976377952
11
-0.5782826377952756
21
1.0396601181102363
0
LINE
8
BLACK
6
CONTINUOUS
10
-0.5782826377952756
20
1.0396601181102363
11
-0.5707872440944882
21
1.0373864173228347
0
LINE
8
BLACK
6
CONTINUOUS
10
-0.5707872440944882
20
1.0373864173228347
11
-0.562992125984252
21
1.0366186614173227
0
LINE
8
BLACK
6
CONTINUOUS
10
-0.562992125984252
20
1.0366186614173227
11
-0.5551970472440945
21
1.0373864173228347
0
LINE
8
BLACK
6
CONTINUOUS
10
-0.5551970472440945
20
1.0373864173228347
11
-0.547701653543307
21
1.0396601181102363
0
LINE
8
BLACK
6
CONTINUOUS
10
-0.547701653543307
20
1.0396601181102363
11
-0.5426806299212599
21
1.0423438976377952
0
LINE
8
BLACK
6
CONTINUOUS
10
-0.5426806299212599
20
1.0423438976377952
11
-0.5485564173228347
21
1.0482196850393701
0
LINE
8
BLACK
6
CONTINUOUS
10
-0.5485564173228347
20
1.0482196850393701
11
-0.5491556692913385
21
1.0478431102362205
0
LINE
8
BLACK
6
CONTINUOUS
10
-0.4507304724409449
20
1.0478431102362205
11
-0.4574707874015748
21
1.0454845669291339
0
LINE
8
BLACK
6
CONTINUOUS
10
-0.4574707874015748
20
1.0454845669291339
11
-0.4645669291338583
21
1.0446850393700786
0
LINE
8
BLACK
6
CONTINUOUS
10
-0.4645669291338583
20
1.0446850393700786
11
-0.4716630708661417
21
1.0454845669291339
0
LINE
8
BLACK
6
CONTINUOUS
10
-0.4716630708661417
20
1.0454845669291339
11
-0.4784033858267717
21
1.0478431102362205
0
LINE
8
BLACK
6
CONTINUOUS
10
-0.4784033858267717
20
1.0478431102362205
11
-0.4790027165354331
21
1.0482196850393701
0
LINE
8
BLACK
6
CONTINUOUS
10
-0.4790027165354331
20
1.0482196850393701
11
-0.4848785039370079
21
1.0423438976377952
0
LINE
8
BLACK
6
CONTINUOUS
10
-0.4848785039370079
20
1.0423438976377952
11
-0.4798574409448819
21
1.0396601181102363
0
LINE
8
BLACK
6
CONTINUOUS
10
-0.4798574409448819
20
1.0396601181102363
11
-0.4723620472440945
21
1.0373864173228347
0
LINE
8
BLACK
6
CONTINUOUS
10
-0.4723620472440945
20
1.0373864173228347
11
-0.4645669291338583
21
1.0366186614173227
0
LINE
8
BLACK
6
CONTINUOUS
10
-0.4645669291338583
20
1.0366186614173227
11
-0.4567718503937008
21
1.0373864173228347
0
LINE
8
BLACK
6
CONTINUOUS
10
-0.4567718503937008
20
1.0373864173228347
11
-0.4492764566929134
21
1.0396601181102363
0
LINE
8
BLACK
6
CONTINUOUS
10
-0.4492764566929134
20
1.0396601181102363
11
-0.4442554330708661
21
1.0423438976377952
0
LINE
8
BLACK
6
CONTINUOUS
10
-0.4442554330708661
20
1.0423438976377952
11
-0.4501312204724409
21
1.0482196850393701
0
LINE
8
BLACK
6
CONTINUOUS
10
-0.4501312204724409
20
1.0482196850393701
11
-0.4507304724409449
21
1.0478431102362205
0
LINE
8
BLACK
6
CONTINUOUS
10
-0.3523052755905512
20
1.0478431102362205
11
-0.3590455905511811
21
1.0454845669291339
0
LINE
8
BLACK
6
CONTINUOUS
10
-0.3590455905511811
20
1.0454845669291339
11
-0.3661417322834646
21
1.0446850393700786
0
LINE
8
BLACK
6
CONTINUOUS
10
-0.3661417322834646
20
1.0446850393700786
11
-0.373237874015748
21
1.0454845669291339
0
LINE
8
BLACK
6
CONTINUOUS
10
-0.373237874015748
20
1.0454845669291339
11
-0.3799781889763779
21
1.0478431102362205
0
LINE
8
BLACK
6
CONTINUOUS
10
-0.3799781889763779
20
1.0478431102362205
11
-0.3805775196850393
21
1.0482196850393701
0
LINE
8
BLACK
6
CONTINUOUS
10
-0.3805775196850393
20
1.0482196850393701
11
-0.3864533070866142
21
1.0423438976377952
0
LINE
8
BLACK
6
CONTINUOUS
10
-0.3864533070866142
20
1.0423438976377952
11
-0.3814322440944882
21
1.0396601181102363
0
LINE
8
BLACK
6
CONTINUOUS
10
-0.3814322440944882
20
1.0396601181102363
11
-0.3739368503937008
21
1.0373864173228347
0
LINE
8
BLACK
6
CONTINUOUS
10
-0.3739368503937008
20
1.0373864173228347
11
-0.3661417322834646
21
1.0366186614173227
0
LINE
8
BLACK
6
CONTINUOUS
10
-0.3661417322834646
20
1.0366186614173227
11
-0.3583466535433071
21
1.0373864173228347
0
LINE
8
BLACK
6
CONTINUOUS
10
-0.3583466535433071
20
1.0373864173228347
11
-0.3508512598425197
21
1.0396601181102363
0
LINE
8
BLACK
6
CONTINUOUS
10
-0.3508512598425197
20
1.0396601181102363
11
-0.3458302362204724
21
1.0423438976377952
0
LINE
8
BLACK
6
CONTINUOUS
10
-0.3458302362204724
20
1.0423438976377952
11
-0.3517060236220472
21
1.0482196850393701
0
LINE
8
BLACK
6
CONTINUOUS
10
-0.3517060236220472
20
1.0482196850393701
11
-0.3523052755905512
21
1.0478431102362205
0
LINE
8
BLACK
6
CONTINUOUS
10
-0.2538800787401575
20
1.0478431102362205
11
-0.2606203937007874
21
1.0454845669291339
0
LINE
8
BLACK
6
CONTINUOUS
10
-0.2606203937007874
20
1.0454845669291339
11
-0.2677165354330708
21
1.0446850393700786
0
LINE
8
BLACK
6
CONTINUOUS
10
-0.2677165354330708
20
1.0446850393700786
11
-0.2748126771653543
21
1.0454845669291339
0
LINE
8
BLACK
6
CONTINUOUS
10
-0.2748126771653543
20
1.0454845669291339
11
-0.2815529921259842
21
1.0478431102362205
0
LINE
8
BLACK
6
CONTINUOUS
10
-0.2815529921259842
20
1.0478431102362205
11
-0.2821523228346456
21
1.0482196850393701
0
LINE
8
BLACK
6
CONTINUOUS
10
-0.2821523228346456
20
1.0482196850393701
11
-0.2880281102362205
21
1.0423438976377952
0
LINE
8
BLACK
6
CONTINUOUS
10
-0.2880281102362205
20
1.0423438976377952
11
-0.2830070472440945
21
1.0396601181102363
0
LINE
8
BLACK
6
CONTINUOUS
10
-0.2830070472440945
20
1.0396601181102363
11
-0.2755116535433071
21
1.0373864173228347
0
LINE
8
BLACK
6
CONTINUOUS
10
-0.2755116535433071
20
1.0373864173228347
11
-0.2677165354330708
21
1.0366186614173227
0
LINE
8
BLACK
6
CONTINUOUS
10
-0.2677165354330708
20
1.0366186614173227
11
-0.2599214566929134
21
1.0373864173228347
0
LINE
8
BLACK
6
CONTINUOUS
10
-0.2599214566929134
20
1.0373864173228347
11
-0.252426062992126
21
1.0396601181102363
0
LINE
8
BLACK
6
CONTINUOUS
10
-0.252426062992126
20
1.0396601181102363
11
-0.2474050393700787
21
1.0423438976377952
0
LINE
8
BLACK
6
CONTINUOUS
10
-0.2474050393700787
20
1.0423438976377952
11
-0.2532808267716535
21
1.0482196850393701
0
LINE
8
BLACK
6
CONTINUOUS
10
-0.2532808267716535
20
1.0482196850393701
11
-0.2538800787401575
21
1.0478431102362205
0
LINE
8
BLACK
6
CONTINUOUS
10
-0.1554548818897638
20
1.0478431102362205
11
-0.1621951968503937
21
1.0454845669291339
0
LINE
8
BLACK
6
CONTINUOUS
10
-0.1621951968503937
20
1.0454845669291339
11
-0.1692913385826772
21
1.0446850393700786
0
LINE
8
BLACK
6
CONTINUOUS
10
-0.1692913385826772
20
1.0446850393700786
11
-0.1763874803149606
21
1.0454845669291339
0
LINE
8
BLACK
6
CONTINUOUS
10
-0.1763874803149606
20
1.0454845669291339
11
-0.1831277952755906
21
1.0478431102362205
0
LINE
8
BLACK
6
CONTINUOUS
10
-0.1831277952755906
20
1.0478431102362205
11
-0.183727125984252
21
1.0482196850393701
0
LINE
8
BLACK
6
CONTINUOUS
10
-0.183727125984252
20
1.0482196850393701
11
-0.1896029133858268
21
1.0423438976377952
0
LINE
8
BLACK
6
CONTINUOUS
10
-0.1896029133858268
20
1.0423438976377952
11
-0.1845818503937008
21
1.0396601181102363
0
LINE
8
BLACK
6
CONTINUOUS
10
-0.1845818503937008
20
1.0396601181102363
11
-0.1770864566929134
21
1.0373864173228347
0
LINE
8
BLACK
6
CONTINUOUS
10
-0.1770864566929134
20
1.0373864173228347
11
-0.1692913385826772
21
1.0366186614173227
0
LINE
8
BLACK
6
CONTINUOUS
10
-0.1692913385826772
20
1.0366186614173227
11
-0.1614962598425197
21
1.0373864173228347
0
LINE
8
BLACK
6
CONTINUOUS
10
-0.1614962598425197
20
1.0373864173228347
11
-0.1540008661417323
21
1.0396601181102363
0
LINE
8
BLACK
6
CONTINUOUS
10
-0.1540008661417323
20
1.0396601181102363
11
-0.148979842519685
21
1.0423438976377952
0
LINE
8
BLACK
6
CONTINUOUS
10
-0.148979842519685
20
1.0423438976377952
11
-0.1548556299212598
21
1.0482196850393701
0
LINE
8
BLACK
6
CONTINUOUS
10
-0.1548556299212598
20
1.0482196850393701
11
-0.1554548818897638
21
1.0478431102362205
0
LINE
8
BLACK
6
CONTINUOUS
10
-0.5346370078740157
20
1.0910105905511811
11
-0.5342604330708661
21
1.0904112598425197
0
LINE
8
BLACK
6
CONTINUOUS
10
-0.5342604330708661
20
1.0904112598425197
11
-0.5319018897637795
21
1.0836709448818898
0
LINE
8
BLACK
6
CONTINUOUS
10
-0.5319018897637795
20
1.0836709448818898
11
-0.5311023622047244
21
1.0765748031496063
0
LINE
8
BLACK
6
CONTINUOUS
10
-0.5311023622047244
20
1.0765748031496063
11
-0.5319018897637795
21
1.0694786614173228
0
LINE
8
BLACK
6
CONTINUOUS
10
-0.5319018897637795
20
1.0694786614173228
11
-0.5342604330708661
21
1.0627383464566929
0
LINE
8
BLACK
6
CONTINUOUS
10
-0.5342604330708661
20
1.0627383464566929
11
-0.5346370078740157
21
1.062139094488189
0
LINE
8
BLACK
6
CONTINUOUS
10
-0.5346370078740157
20
1.062139094488189
11
-0.5287612204724409
21
1.0562633070866141
0
LINE
8
BLACK
6
CONTINUOUS
10
-0.5287612204724409
20
1.0562633070866141
11
-0.5260774409448818
21
1.0612843307086615
0
LINE
8
BLACK
6
CONTINUOUS
10
-0.5260774409448818
20
1.0612843307086615
11
-0.5238037007874016
21
1.0687797637795275
0
LINE
8
BLACK
6
CONTINUOUS
10
-0.5238037007874016
20
1.0687797637795275
11
-0.5235354724409449
21
1.0715030708661417
0
LINE
8
BLACK
6
CONTINUOUS
10
-0.5235354724409449
20
1.0715030708661417
11
-0.5224251181102362
21
1.0751633858267717
0
LINE
8
BLACK
6
CONTINUOUS
10
-0.5224251181102362
20
1.0751633858267717
11
-0.5213820866141732
21
1.0764343700787402
0
LINE
8
BLACK
6
CONTINUOUS
10
-0.5213820866141732
20
1.0764343700787402
11
-0.5231605511811024
21
1.0797617322834645
0
LINE
8
BLACK
6
CONTINUOUS
10
-0.5231605511811024
20
1.0797617322834645
11
-0.5235354724409449
21
1.0816465354330709
0
LINE
8
BLACK
6
CONTINUOUS
10
-0.5235354724409449
20
1.0816465354330709
11
-0.5238037401574803
21
1.0843699212598426
0
LINE
8
BLACK
6
CONTINUOUS
10
-0.5238037401574803
20
1.0843699212598426
11
-0.5260774409448818
21
1.0918653149606299
0
LINE
8
BLACK
6
CONTINUOUS
10
-0.5260774409448818
20
1.0918653149606299
11
-0.5287612204724409
21
1.0968863779527558
0
LINE
8
BLACK
6
CONTINUOUS
10
-0.5287612204724409
20
1.0968863779527558
11
-0.5346370078740157
21
1.0910105905511811
0
LINE
8
BLACK
6
CONTINUOUS
10
-0.4362118110236221
20
1.0910105905511811
11
-0.4358352362204724
21
1.0904112598425197
0
LINE
8
BLACK
6
CONTINUOUS
10
-0.4358352362204724
20
1.0904112598425197
11
-0.4334766929133858
21
1.0836709448818898
0
LINE
8
BLACK
6
CONTINUOUS
10
-0.4334766929133858
20
1.0836709448818898
11
-0.4326771653543307
21
1.0765748031496063
0
LINE
8
BLACK
6
CONTINUOUS
10
-0.4326771653543307
20
1.0765748031496063
11
-0.4334766929133858
21
1.0694786614173228
0
LINE
8
BLACK
6
CONTINUOUS
10
-0.4334766929133858
20
1.0694786614173228
11
-0.4358352362204724
21
1.0627383464566929
0
LINE
8
BLACK
6
CONTINUOUS
10
-0.4358352362204724
20
1.0627383464566929
11
-0.4362118110236221
21
1.062139094488189
0
LINE
8
BLACK
6
CONTINUOUS
10
-0.4362118110236221
20
1.062139094488189
11
-0.4303360236220473
21
1.0562633070866141
0
LINE
8
BLACK
6
CONTINUOUS
10
-0.4303360236220473
20
1.0562633070866141
11
-0.4276522440944882
21
1.0612843307086615
0
LINE
8
BLACK
6
CONTINUOUS
10
-0.4276522440944882
20
1.0612843307086615
11
-0.4253785039370079
21
1.0687797637795275
0
LINE
8
BLACK
6
CONTINUOUS
10
-0.4253785039370079
20
1.0687797637795275
11
-0.4251102755905511
21
1.0715030708661417
0
LINE
8
BLACK
6
CONTINUOUS
10
-0.4251102755905511
20
1.0715030708661417
11
-0.4239999212598425
21
1.0751633858267717
0
LINE
8
BLACK
6
CONTINUOUS
10
-0.4239999212598425
20
1.0751633858267717
11
-0.4229568897637795
21
1.0764343700787402
0
LINE
8
BLACK
6
CONTINUOUS
10
-0.4229568897637795
20
1.0764343700787402
11
-0.4247353543307086
21
1.0797617322834645
0
LINE
8
BLACK
6
CONTINUOUS
10
-0.4247353543307086
20
1.0797617322834645
11
-0.4251102755905511
21
1.0816465354330709
0
LINE
8
BLACK
6
CONTINUOUS
10
-0.4251102755905511
20
1.0816465354330709
11
-0.4253785433070866
21
1.0843699212598426
0
LINE
8
BLACK
6
CONTINUOUS
10
-0.4253785433070866
20
1.0843699212598426
11
-0.4276522440944882
21
1.0918653149606299
0
LINE
8
BLACK
6
CONTINUOUS
10
-0.4276522440944882
20
1.0918653149606299
11
-0.4303360236220473
21
1.0968863779527558
0
LINE
8
BLACK
6
CONTINUOUS
10
-0.4303360236220473
20
1.0968863779527558
11
-0.4362118110236221
21
1.0910105905511811
0
LINE
8
BLACK
6
CONTINUOUS
10
-0.3377866141732284
20
1.0910105905511811
11
-0.3374100393700787
21
1.0904112598425197
0
LINE
8
BLACK
6
CONTINUOUS
10
-0.3374100393700787
20
1.0904112598425197
11
-0.3350514960629921
21
1.0836709448818898
0
LINE
8
BLACK
6
CONTINUOUS
10
-0.3350514960629921
20
1.0836709448818898
11
-0.334251968503937
21
1.0765748031496063
0
LINE
8
BLACK
6
CONTINUOUS
10
-0.334251968503937
20
1.0765748031496063
11
-0.3350514960629921
21
1.0694786614173228
0
LINE
8
BLACK
6
CONTINUOUS
10
-0.3350514960629921
20
1.0694786614173228
11
-0.3374100393700787
21
1.0627383464566929
0
LINE
8
BLACK
6
CONTINUOUS
10
-0.3374100393700787
20
1.0627383464566929
11
-0.3377866141732284
21
1.062139094488189
0
LINE
8
BLACK
6
CONTINUOUS
10
-0.3377866141732284
20
1.062139094488189
11
-0.3319108267716535
21
1.0562633070866141
0
LINE
8
BLACK
6
CONTINUOUS
10
-0.3319108267716535
20
1.0562633070866141
11
-0.3292270472440945
21
1.0612843307086615
0
LINE
8
BLACK
6
CONTINUOUS
10
-0.3292270472440945
20
1.0612843307086615
11
-0.3269533070866142
21
1.0687797637795275
0
LINE
8
BLACK
6
CONTINUOUS
10
-0.3269533070866142
20
1.0687797637795275
11
-0.3266850787401575
21
1.0715030708661417
0
LINE
8
BLACK
6
CONTINUOUS
10
-0.3266850787401575
20
1.0715030708661417
11
-0.3255747244094488
21
1.0751633858267717
0
LINE
8
BLACK
6
CONTINUOUS
10
-0.3255747244094488
20
1.0751633858267717
11
-0.3245316929133858
21
1.0764343700787402
0
LINE
8
BLACK
6
CONTINUOUS
10
-0.3245316929133858
20
1.0764343700787402
11
-0.3263101574803149
21
1.0797617322834645
0
LINE
8
BLACK
6
CONTINUOUS
10
-0.3263101574803149
20
1.0797617322834645
11
-0.3266850787401575
21
1.0816465354330709
0
LINE
8
BLACK
6
CONTINUOUS
10
-0.3266850787401575
20
1.0816465354330709
11
-0.3269533464566929
21
1.0843699212598426
0
LINE
8
BLACK
6
CONTINUOUS
10
-0.3269533464566929
20
1.0843699212598426
11
-0.3292270472440945
21
1.0918653149606299
0
LINE
8
BLACK
6
CONTINUOUS
10
-0.3292270472440945
20
1.0918653149606299
11
-0.3319108267716535
21
1.0968863779527558
0
LINE
8
BLACK
6
CONTINUOUS
10
-0.3319108267716535
20
1.0968863779527558
11
-0.3377866141732284
21
1.0910105905511811
0
LINE
8
BLACK
6
CONTINUOUS
10
-0.2393614173228346
20
1.0910105905511811
11
-0.238984842519685
21
1.0904112598425197
0
LINE
8
BLACK
6
CONTINUOUS
10
-0.238984842519685
20
1.0904112598425197
11
-0.2366262992125984
21
1.0836709448818898
0
LINE
8
BLACK
6
CONTINUOUS
10
-0.2366262992125984
20
1.0836709448818898
11
-0.2358267716535433
21
1.0765748031496063
0
LINE
8
BLACK
6
CONTINUOUS
10
-0.2358267716535433
20
1.0765748031496063
11
-0.2366262992125984
21
1.0694786614173228
0
LINE
8
BLACK
6
CONTINUOUS
10
-0.2366262992125984
20
1.0694786614173228
11
-0.238984842519685
21
1.0627383464566929
0
LINE
8
BLACK
6
CONTINUOUS
10
-0.238984842519685
20
1.0627383464566929
11
-0.2393614173228346
21
1.062139094488189
0
LINE
8
BLACK
6
CONTINUOUS
10
-0.2393614173228346
20
1.062139094488189
11
-0.2334856299212598
21
1.0562633070866141
0
LINE
8
BLACK
6
CONTINUOUS
10
-0.2334856299212598
20
1.0562633070866141
11
-0.2308018503937008
21
1.0612843307086615
0
LINE
8
BLACK
6
CONTINUOUS
10
-0.2308018503937008
20
1.0612843307086615
11
-0.2285281102362205
21
1.0687797637795275
0
LINE
8
BLACK
6
CONTINUOUS
10
-0.2285281102362205
20
1.0687797637795275
11
-0.2282598818897638
21
1.0715030708661417
0
LINE
8
BLACK
6
CONTINUOUS
10
-0.2282598818897638
20
1.0715030708661417
11
-0.2271495275590551
21
1.0751633858267717
0
LINE
8
BLACK
6
CONTINUOUS
10
-0.2271495275590551
20
1.0751633858267717
11
-0.2261064960629921
21
1.0764343700787402
0
LINE
8
BLACK
6
CONTINUOUS
10
-0.2261064960629921
20
1.0764343700787402
11
-0.2278849606299213
21
1.0797617322834645
0
LINE
8
BLACK
6
CONTINUOUS
10
-0.2278849606299213
20
1.0797617322834645
11
-0.2282598818897638
21
1.0816465354330709
0
LINE
8
BLACK
6
CONTINUOUS
10
-0.2282598818897638
20
1.0816465354330709
11
-0.2285281496062992
21
1.0843699212598426
0
LINE
8
BLACK
6
CONTINUOUS
10
-0.2285281496062992
20
1.0843699212598426
11
-0.2308018503937008
21
1.0918653149606299
0
LINE
8
BLACK
6
CONTINUOUS
10
-0.2308018503937008
20
1.0918653149606299
11
-0.2334856299212598
21
1.0968863779527558
0
LINE
8
BLACK
6
CONTINUOUS
10
-0.2334856299212598
20
1.0968863779527558
11
-0.2393614173228346
21
1.0910105905511811
0
LINE
8
BLACK
6
CONTINUOUS
10
-0.5999066929133858
20
1.0918657086614172
11
-0.5999067716535433
21
1.0918655118110236
0
LINE
8
BLACK
6
CONTINUOUS
10
-0.5999067716535433
20
1.0918655118110236
11
-0.6021805905511811
21
1.084369842519685
0
LINE
8
BLACK
6
CONTINUOUS
10
-0.6021805905511811
20
1.084369842519685
11
-0.6029483070866142
21
1.0765748031496063
0
LINE
8
BLACK
6
CONTINUOUS
10
-0.6029483070866142
20
1.0765748031496063
11
-0.6021805511811024
21
1.0687797244094488
0
LINE
8
BLACK
6
CONTINUOUS
10
-0.6021805511811024
20
1.0687797244094488
11
-0.5999068897637795
21
1.0612844488188977
0
LINE
8
BLACK
6
CONTINUOUS
10
-0.5999068897637795
20
1.0612844488188977
11
-0.5999068503937007
21
1.0612843307086615
0
LINE
8
BLACK
6
CONTINUOUS
10
-0.5999068503937007
20
1.0612843307086615
11
-0.5972231102362204
21
1.0562633464566928
0
LINE
8
BLACK
6
CONTINUOUS
10
-0.5972231102362204
20
1.0562633464566928
11
-0.5913473228346456
21
1.0621391732283465
0
LINE
8
BLACK
6
CONTINUOUS
10
-0.5913473228346456
20
1.0621391732283465
11
-0.5917238188976378
21
1.0627383464566929
0
LINE
8
BLACK
6
CONTINUOUS
10
-0.5917238188976378
20
1.0627383464566929
11
-0.5940823622047244
21
1.0694786614173228
0
LINE
8
BLACK
6
CONTINUOUS
10
-0.5940823622047244
20
1.0694786614173228
11
-0.5948818897637795
21
1.0765748031496063
0
LINE
8
BLACK
6
CONTINUOUS
10
-0.5948818897637795
20
1.0765748031496063
11
-0.5940823622047244
21
1.0836709448818898
0
LINE
8
BLACK
6
CONTINUOUS
10
-0.5940823622047244
20
1.0836709448818898
11
-0.5917238188976378
21
1.0904112598425197
0
LINE
8
BLACK
6
CONTINUOUS
10
-0.5917238188976378
20
1.0904112598425197
11
-0.5913473228346456
21
1.0910105118110236
0
LINE
8
BLACK
6
CONTINUOUS
10
-0.5913473228346456
20
1.0910105118110236
11
-0.5972231496062992
21
1.096886338582677
0
LINE
8
BLACK
6
CONTINUOUS
10
-0.5972231496062992
20
1.096886338582677
11
-0.5999066929133858
21
1.0918657086614172
0
LINE
8
BLACK
6
CONTINUOUS
10
-0.5014814960629921
20
1.0918657086614172
11
-0.5014815748031496
21
1.0918655118110236
0
LINE
8
BLACK
6
CONTINUOUS
10
-0.5014815748031496
20
1.0918655118110236
11
-0.5037553937007874
21
1.084369842519685
0
LINE
8
BLACK
6
CONTINUOUS
10
-0.5037553937007874
20
1.084369842519685
11
-0.5040235826771653
21
1.0816465354330709
0
LINE
8
BLACK
6
CONTINUOUS
10
-0.5040235826771653
20
1.0816465354330709
11
-0.505133937007874
21
1.0779862598425196
0
LINE
8
BLACK
6
CONTINUOUS
10
-0.505133937007874
20
1.0779862598425196
11
-0.5061770078740158
21
1.0767153149606299
0
LINE
8
BLACK
6
CONTINUOUS
10
-0.5061770078740158
20
1.0767153149606299
11
-0.5043985039370079
21
1.0733879133858268
0
LINE
8
BLACK
6
CONTINUOUS
10
-0.5043985039370079
20
1.0733879133858268
11
-0.5040235826771653
21
1.0715030708661417
0
LINE
8
BLACK
6
CONTINUOUS
10
-0.5040235826771653
20
1.0715030708661417
11
-0.5037553937007874
21
1.0687797637795275
0
LINE
8
BLACK
6
CONTINUOUS
10
-0.5037553937007874
20
1.0687797637795275
11
-0.5014816929133858
21
1.0612844488188977
0
LINE
8
BLACK
6
CONTINUOUS
10
-0.5014816929133858
20
1.0612844488188977
11
-0.5014816535433071
21
1.0612843307086615
0
LINE
8
BLACK
6
CONTINUOUS
10
-0.5014816535433071
20
1.0612843307086615
11
-0.4987979133858267
21
1.0562633464566928
0
LINE
8
BLACK
6
CONTINUOUS
10
-0.4987979133858267
20
1.0562633464566928
11
-0.4929221259842519
21
1.0621391732283465
0
LINE
8
BLACK
6
CONTINUOUS
10
-0.4929221259842519
20
1.0621391732283465
11
-0.4932986220472441
21
1.0627383464566929
0
LINE
8
BLACK
6
CONTINUOUS
10
-0.4932986220472441
20
1.0627383464566929
11
-0.4956571653543307
21
1.0694786614173228
0
LINE
8
BLACK
6
CONTINUOUS
10
-0.4956571653543307
20
1.0694786614173228
11
-0.4964566929133858
21
1.0765748031496063
0
LINE
8
BLACK
6
CONTINUOUS
10
-0.4964566929133858
20
1.0765748031496063
11
-0.4956571653543307
21
1.0836709448818898
0
LINE
8
BLACK
6
CONTINUOUS
10
-0.4956571653543307
20
1.0836709448818898
11
-0.4932986220472441
21
1.0904112598425197
0
LINE
8
BLACK
6
CONTINUOUS
10
-0.4932986220472441
20
1.0904112598425197
11
-0.4929221259842519
21
1.0910105118110236
0
LINE
8
BLACK
6
CONTINUOUS
10
-0.4929221259842519
20
1.0910105118110236
11
-0.4987979527559055
21
1.096886338582677
0
LINE
8
BLACK
6
CONTINUOUS
10
-0.4987979527559055
20
1.096886338582677
11
-0.5014814960629921
21
1.0918657086614172
0
LINE
8
BLACK
6
CONTINUOUS
10
-0.4030562992125984
20
1.0918657086614172
11
-0.4030563779527559
21
1.0918655118110236
0
LINE
8
BLACK
6
CONTINUOUS
10
-0.4030563779527559
20
1.0918655118110236
11
-0.4053301968503937
21
1.084369842519685
0
LINE
8
BLACK
6
CONTINUOUS
10
-0.4053301968503937
20
1.084369842519685
11
-0.4055983858267717
21
1.0816465354330709
0
LINE
8
BLACK
6
CONTINUOUS
10
-0.4055983858267717
20
1.0816465354330709
11
-0.4067087401574803
21
1.0779862598425196
0
LINE
8
BLACK
6
CONTINUOUS
10
-0.4067087401574803
20
1.0779862598425196
11
-0.407751811023622
21
1.0767153149606299
0
LINE
8
BLACK
6
CONTINUOUS
10
-0.407751811023622
20
1.0767153149606299
11
-0.4059733070866142
21
1.0733879133858268
0
LINE
8
BLACK
6
CONTINUOUS
10
-0.4059733070866142
20
1.0733879133858268
11
-0.4055983858267717
21
1.0715030708661417
0
LINE
8
BLACK
6
CONTINUOUS
10
-0.4055983858267717
20
1.0715030708661417
11
-0.4053301968503937
21
1.0687797637795275
0
LINE
8
BLACK
6
CONTINUOUS
10
-0.4053301968503937
20
1.0687797637795275
11
-0.4030564960629921
21
1.0612844488188977
0
LINE
8
BLACK
6
CONTINUOUS
10
-0.4030564960629921
20
1.0612844488188977
11
-0.4030564566929134
21
1.0612843307086615
0
LINE
8
BLACK
6
CONTINUOUS
10
-0.4030564566929134
20
1.0612843307086615
11
-0.400372716535433
21
1.0562633464566928
0
LINE
8
BLACK
6
CONTINUOUS
10
-0.400372716535433
20
1.0562633464566928
11
-0.3944969291338583
21
1.0621391732283465
0
LINE
8
BLACK
6
CONTINUOUS
10
-0.3944969291338583
20
1.0621391732283465
11
-0.3948734251968504
21
1.0627383464566929
0
LINE
8
BLACK
6
CONTINUOUS
10
-0.3948734251968504
20
1.0627383464566929
11
-0.397231968503937
21
1.0694786614173228
0
LINE
8
BLACK
6
CONTINUOUS
10
-0.397231968503937
20
1.0694786614173228
11
-0.3980314960629921
21
1.0765748031496063
0
LINE
8
BLACK
6
CONTINUOUS
10
-0.3980314960629921
20
1.0765748031496063
11
-0.397231968503937
21
1.0836709448818898
0
LINE
8
BLACK
6
CONTINUOUS
10
-0.397231968503937
20
1.0836709448818898
11
-0.3948734251968504
21
1.0904112598425197
0
LINE
8
BLACK
6
CONTINUOUS
10
-0.3948734251968504
20
1.0904112598425197
11
-0.3944969291338583
21
1.0910105118110236
0
LINE
8
BLACK
6
CONTINUOUS
10
-0.3944969291338583
20
1.0910105118110236
11
-0.4003727559055118
21
1.096886338582677
0
LINE
8
BLACK
6
CONTINUOUS
10
-0.4003727559055118
20
1.096886338582677
11
-0.4030562992125984
21
1.0918657086614172
0
LINE
8
BLACK
6
CONTINUOUS
10
-0.3046311023622047
20
1.0918657086614172
11
-0.3046311811023622
21
1.0918655118110236
0
LINE
8
BLACK
6
CONTINUOUS
10
-0.3046311811023622
20
1.0918655118110236
11
-0.306905
21
1.084369842519685
0
LINE
8
BLACK
6
CONTINUOUS
10
-0.306905
20
1.084369842519685
11
-0.307173188976378
21
1.0816465354330709
0
LINE
8
BLACK
6
CONTINUOUS
10
-0.307173188976378
20
1.0816465354330709
11
-0.3082835433070866
21
1.0779862598425196
0
LINE
8
BLACK
6
CONTINUOUS
10
-0.3082835433070866
20
1.0779862598425196
11
-0.3093266141732283
21
1.0767153149606299
0
LINE
8
BLACK
6
CONTINUOUS
10
-0.3093266141732283
20
1.0767153149606299
11
-0.3075481102362205
21
1.0733879133858268
0
LINE
8
BLACK
6
CONTINUOUS
10
-0.3075481102362205
20
1.0733879133858268
11
-0.307173188976378
21
1.0715030708661417
0
LINE
8
BLACK
6
CONTINUOUS
10
-0.307173188976378
20
1.0715030708661417
11
-0.306905
21
1.0687797637795275
0
LINE
8
BLACK
6
CONTINUOUS
10
-0.306905
20
1.0687797637795275
11
-0.3046312992125984
21
1.0612844488188977
0
LINE
8
BLACK
6
CONTINUOUS
10
-0.3046312992125984
20
1.0612844488188977
11
-0.3046312598425197
21
1.0612843307086615
0
LINE
8
BLACK
6
CONTINUOUS
10
-0.3046312598425197
20
1.0612843307086615
11
-0.3019475196850394
21
1.0562633464566928
0
LINE
8
BLACK
6
CONTINUOUS
10
-0.3019475196850394
20
1.0562633464566928
11
-0.2960717322834646
21
1.0621391732283465
0
LINE
8
BLACK
6
CONTINUOUS
10
-0.2960717322834646
20
1.0621391732283465
11
-0.2964482283464567
21
1.0627383464566929
0
LINE
8
BLACK
6
CONTINUOUS
10
-0.2964482283464567
20
1.0627383464566929
11
-0.2988067716535433
21
1.0694786614173228
0
LINE
8
BLACK
6
CONTINUOUS
10
-0.2988067716535433
20
1.0694786614173228
11
-0.2996062992125984
21
1.0765748031496063
0
LINE
8
BLACK
6
CONTINUOUS
10
-0.2996062992125984
20
1.0765748031496063
11
-0.2988067716535433
21
1.0836709448818898
0
LINE
8
BLACK
6
CONTINUOUS
10
-0.2988067716535433
20
1.0836709448818898
11
-0.2964482283464567
21
1.0904112598425197
0
LINE
8
BLACK
6
CONTINUOUS
10
-0.2964482283464567
20
1.0904112598425197
11
-0.2960717322834646
21
1.0910105118110236
0
LINE
8
BLACK
6
CONTINUOUS
10
-0.2960717322834646
20
1.0910105118110236
11
-0.3019475590551181
21
1.096886338582677
0
LINE
8
BLACK
6
CONTINUOUS
10
-0.3019475590551181
20
1.096886338582677
11
-0.3046311023622047
21
1.0918657086614172
0
LINE
8
BLACK
6
CONTINUOUS
10
-0.206205905511811
20
1.0918657086614172
11
-0.2062059842519685
21
1.0918655118110236
0
LINE
8
BLACK
6
CONTINUOUS
10
-0.2062059842519685
20
1.0918655118110236
11
-0.2084798031496063
21
1.084369842519685
0
LINE
8
BLACK
6
CONTINUOUS
10
-0.2084798031496063
20
1.084369842519685
11
-0.2087479921259842
21
1.0816465354330709
0
LINE
8
BLACK
6
CONTINUOUS
10
-0.2087479921259842
20
1.0816465354330709
11
-0.2098583464566929
21
1.0779862598425196
0
LINE
8
BLACK
6
CONTINUOUS
10
-0.2098583464566929
20
1.0779862598425196
11
-0.2109014173228346
21
1.0767153149606299
0
LINE
8
BLACK
6
CONTINUOUS
10
-0.2109014173228346
20
1.0767153149606299
11
-0.2091229133858268
21
1.0733879133858268
0
LINE
8
BLACK
6
CONTINUOUS
10
-0.2091229133858268
20
1.0733879133858268
11
-0.2087479921259842
21
1.0715030708661417
0
LINE
8
BLACK
6
CONTINUOUS
10
-0.2087479921259842
20
1.0715030708661417
11
-0.2084798031496063
21
1.0687797637795275
0
LINE
8
BLACK
6
CONTINUOUS
10
-0.2084798031496063
20
1.0687797637795275
11
-0.2062061023622047
21
1.0612844488188977
0
LINE
8
BLACK
6
CONTINUOUS
10
-0.2062061023622047
20
1.0612844488188977
11
-0.206206062992126
21
1.0612843307086615
0
LINE
8
BLACK
6
CONTINUOUS
10
-0.206206062992126
20
1.0612843307086615
11
-0.2035223228346457
21
1.0562633464566928
0
LINE
8
BLACK
6
CONTINUOUS
10
-0.2035223228346457
20
1.0562633464566928
11
-0.1976465354330709
21
1.0621391732283465
0
LINE
8
BLACK
6
CONTINUOUS
10
-0.1976465354330709
20
1.0621391732283465
11
-0.198023031496063
21
1.0627383464566929
0
LINE
8
BLACK
6
CONTINUOUS
10
-0.198023031496063
20
1.0627383464566929
11
-0.2003815748031496
21
1.0694786614173228
0
LINE
8
BLACK
6
CONTINUOUS
10
-0.2003815748031496
20
1.0694786614173228
11
-0.2011811023622047
21
1.0765748031496063
0
LINE
8
BLACK
6
CONTINUOUS
10
-0.2011811023622047
20
1.0765748031496063
11
-0.2003815748031496
21
1.0836709448818898
0
LINE
8
BLACK
6
CONTINUOUS
10
-0.2003815748031496
20
1.0836709448818898
11
-0.198023031496063
21
1.0904112598425197
0
LINE
8
BLACK
6
CONTINUOUS
10
-0.198023031496063
20
1.0904112598425197
11
-0.1976465354330709
21
1.0910105118110236
0
LINE
8
BLACK
6
CONTINUOUS
10
-0.1976465354330709
20
1.0910105118110236
11
-0.2035223622047244
21
1.096886338582677
0
LINE
8
BLACK
6
CONTINUOUS
10
-0.2035223622047244
20
1.096886338582677
11
-0.206205905511811
21
1.0918657086614172
0
LINE
8
BLACK
6
CONTINUOUS
10
-0.6021805511811024
20
0.9506694881889763
11
-0.5999068897637795
21
0.9431742125984252
0
LINE
8
BLACK
6
CONTINUOUS
10
-0.5999068897637795
20
0.9431742125984252
11
-0.5999068503937007
21
0.943174094488189
0
LINE
8
BLACK
6
CONTINUOUS
10
-0.5999068503937007
20
0.943174094488189
11
-0.5972231102362204
21
0.9381531102362205
0
LINE
8
BLACK
6
CONTINUOUS
10
-0.5972231102362204
20
0.9381531102362205
11
-0.5913473228346456
21
0.944028937007874
0
LINE
8
BLACK
6
CONTINUOUS
10
-0.5913473228346456
20
0.944028937007874
11
-0.5917238188976378
21
0.9446281102362204
0
LINE
8
BLACK
6
CONTINUOUS
10
-0.5917238188976378
20
0.9446281102362204
11
-0.5940823622047244
21
0.9513684251968504
0
LINE
8
BLACK
6
CONTINUOUS
10
-0.5940823622047244
20
0.9513684251968504
11
-0.5948818897637795
21
0.9584645669291338
0
LINE
8
BLACK
6
CONTINUOUS
10
-0.5948818897637795
20
0.9584645669291338
11
-0.5940823622047244
21
0.9655607086614173
0
LINE
8
BLACK
6
CONTINUOUS
10
-0.5940823622047244
20
0.9655607086614173
11
-0.5917238188976378
21
0.9723010236220472
0
LINE
8
BLACK
6
CONTINUOUS
10
-0.5917238188976378
20
0.9723010236220472
11
-0.5913473228346456
21
0.9729002755905511
0
LINE
8
BLACK
6
CONTINUOUS
10
-0.5913473228346456
20
0.9729002755905511
11
-0.5972231496062992
21
0.9787761023622047
0
LINE
8
BLACK
6
CONTINUOUS
10
-0.5972231496062992
20
0.9787761023622047
11
-0.5999066929133858
21
0.9737554724409448
0
LINE
8
BLACK
6
CONTINUOUS
10
-0.5999066929133858
20
0.9737554724409448
11
-0.5999067716535433
21
0.9737552755905512
0
LINE
8
BLACK
6
CONTINUOUS
10
-0.5999067716535433
20
0.9737552755905512
11
-0.6021805905511811
21
0.9662596062992126
0
LINE
8
BLACK
6
CONTINUOUS
10
-0.6021805905511811
20
0.9662596062992126
11
-0.6029483070866142
21
0.9584645669291338
0
LINE
8
BLACK
6
CONTINUOUS
10
-0.6029483070866142
20
0.9584645669291338
11
-0.6021805511811024
21
0.9506694881889763
0
LINE
8
BLACK
6
CONTINUOUS
10
-0.5043985039370079
20
0.9552776771653543
11
-0.5040235826771653
21
0.9533928346456693
0
LINE
8
BLACK
6
CONTINUOUS
10
-0.5040235826771653
20
0.9533928346456693
11
-0.5037553937007874
21
0.9506695275590551
0
LINE
8
BLACK
6
CONTINUOUS
10
-0.5037553937007874
20
0.9506695275590551
11
-0.5014816929133858
21
0.9431742125984252
0
LINE
8
BLACK
6
CONTINUOUS
10
-0.5014816929133858
20
0.9431742125984252
11
-0.5014816535433071
21
0.943174094488189
0
LINE
8
BLACK
6
CONTINUOUS
10
-0.5014816535433071
20
0.943174094488189
11
-0.4987979133858267
21
0.9381531102362205
0
LINE
8
BLACK
6
CONTINUOUS
10
-0.4987979133858267
20
0.9381531102362205
11
-0.4929221259842519
21
0.944028937007874
0
LINE
8
BLACK
6
CONTINUOUS
10
-0.4929221259842519
20
0.944028937007874
11
-0.4932986220472441
21
0.9446281102362204
0
LINE
8
BLACK
6
CONTINUOUS
10
-0.4932986220472441
20
0.9446281102362204
11
-0.4956571653543307
21
0.9513684251968504
0
LINE
8
BLACK
6
CONTINUOUS
10
-0.4956571653543307
20
0.9513684251968504
11
-0.4964566929133858
21
0.9584645669291338
0
LINE
8
BLACK
6
CONTINUOUS
10
-0.4964566929133858
20
0.9584645669291338
11
-0.4956571653543307
21
0.9655607086614173
0
LINE
8
BLACK
6
CONTINUOUS
10
-0.4956571653543307
20
0.9655607086614173
11
-0.4932986220472441
21
0.9723010236220472
0
LINE
8
BLACK
6
CONTINUOUS
10
-0.4932986220472441
20
0.9723010236220472
11
-0.4929221259842519
21
0.9729002755905511
0
LINE
8
BLACK
6
CONTINUOUS
10
-0.4929221259842519
20
0.9729002755905511
11
-0.4987979527559055
21
0.9787761023622047
0
LINE
8
BLACK
6
CONTINUOUS
10
-0.4987979527559055
20
0.9787761023622047
11
-0.5014814960629921
21
0.9737554724409448
0
LINE
8
BLACK
6
CONTINUOUS
10
-0.5014814960629921
20
0.9737554724409448
11
-0.5014815748031496
21
0.9737552755905512
0
LINE
8
BLACK
6
CONTINUOUS
10
-0.5014815748031496
20
0.9737552755905512
11
-0.5037553937007874
21
0.9662596062992126
0
LINE
8
BLACK
6
CONTINUOUS
10
-0.5037553937007874
20
0.9662596062992126
11
-0.5040235826771653
21
0.9635362992125984
0
LINE
8
BLACK
6
CONTINUOUS
10
-0.5040235826771653
20
0.9635362992125984
11
-0.505133937007874
21
0.9598760236220473
0
LINE
8
BLACK
6
CONTINUOUS
10
-0.505133937007874
20
0.9598760236220473
11
-0.5061770078740158
21
0.9586050787401574
0
LINE
8
BLACK
6
CONTINUOUS
10
-0.5061770078740158
20
0.9586050787401574
11
-0.5043985039370079
21
0.9552776771653543
0
LINE
8
BLACK
6
CONTINUOUS
10
-0.4059733070866142
20
0.9552776771653543
11
-0.4055983858267717
21
0.9533928346456693
0
LINE
8
BLACK
6
CONTINUOUS
10
-0.4055983858267717
20
0.9533928346456693
11
-0.4053301968503937
21
0.9506695275590551
0
LINE
8
BLACK
6
CONTINUOUS
10
-0.4053301968503937
20
0.9506695275590551
11
-0.4030564960629921
21
0.9431742125984252
0
LINE
8
BLACK
6
CONTINUOUS
10
-0.4030564960629921
20
0.9431742125984252
11
-0.4030564566929134
21
0.943174094488189
0
LINE
8
BLACK
6
CONTINUOUS
10
-0.4030564566929134
20
0.943174094488189
11
-0.400372716535433
21
0.9381531102362205
0
LINE
8
BLACK
6
CONTINUOUS
10
-0.400372716535433
20
0.9381531102362205
11
-0.3944969291338583
21
0.944028937007874
0
LINE
8
BLACK
6
CONTINUOUS
10
-0.3944969291338583
20
0.944028937007874
11
-0.3948734251968504
21
0.9446281102362204
0
LINE
8
BLACK
6
CONTINUOUS
10
-0.3948734251968504
20
0.9446281102362204
11
-0.397231968503937
21
0.9513684251968504
0
LINE
8
BLACK
6
CONTINUOUS
10
-0.397231968503937
20
0.9513684251968504
11
-0.3980314960629921
21
0.9584645669291338
0
LINE
8
BLACK
6
CONTINUOUS
10
-0.3980314960629921
20
0.9584645669291338
11
-0.397231968503937
21
0.9655607086614173
0
LINE
8
BLACK
6
CONTINUOUS
10
-0.397231968503937
20
0.9655607086614173
11
-0.3948734251968504
21
0.9723010236220472
0
LINE
8
BLACK
6
CONTINUOUS
10
-0.3948734251968504
20
0.9723010236220472
11
-0.3944969291338583
21
0.9729002755905511
0
LINE
8
BLACK
6
CONTINUOUS
10
-0.3944969291338583
20
0.9729002755905511
11
-0.4003727559055118
21
0.9787761023622047
0
LINE
8
BLACK
6
CONTINUOUS
10
-0.4003727559055118
20
0.9787761023622047
11
-0.4030562992125984
21
0.9737554724409448
0
LINE
8
BLACK
6
CONTINUOUS
10
-0.4030562992125984
20
0.9737554724409448
11
-0.4030563779527559
21
0.9737552755905512
0
LINE
8
BLACK
6
CONTINUOUS
10
-0.4030563779527559
20
0.9737552755905512
11
-0.4053301968503937
21
0.9662596062992126
0
LINE
8
BLACK
6
CONTINUOUS
10
-0.4053301968503937
20
0.9662596062992126
11
-0.4055983858267717
21
0.9635362992125984
0
LINE
8
BLACK
6
CONTINUOUS
10
-0.4055983858267717
20
0.9635362992125984
11
-0.4067087401574803
21
0.9598760236220473
0
LINE
8
BLACK
6
CONTINUOUS
10
-0.4067087401574803
20
0.9598760236220473
11
-0.407751811023622
21
0.9586050787401574
0
LINE
8
BLACK
6
CONTINUOUS
10
-0.407751811023622
20
0.9586050787401574
11
-0.4059733070866142
21
0.9552776771653543
0
LINE
8
BLACK
6
CONTINUOUS
10
-0.3075481102362205
20
0.9552776771653543
11
-0.307173188976378
21
0.9533928346456693
0
LINE
8
BLACK
6
CONTINUOUS
10
-0.307173188976378
20
0.9533928346456693
11
-0.306905
21
0.9506695275590551
0
LINE
8
BLACK
6
CONTINUOUS
10
-0.306905
20
0.9506695275590551
11
-0.3046312992125984
21
0.9431742125984252
0
LINE
8
BLACK
6
CONTINUOUS
10
-0.3046312992125984
20
0.9431742125984252
11
-0.3046312598425197
21
0.943174094488189
0
LINE
8
BLACK
6
CONTINUOUS
10
-0.3046312598425197
20
0.943174094488189
11
-0.3019475196850394
21
0.9381531102362205
0
LINE
8
BLACK
6
CONTINUOUS
10
-0.3019475196850394
20
0.9381531102362205
11
-0.2960717322834646
21
0.944028937007874
0
LINE
8
BLACK
6
CONTINUOUS
10
-0.2960717322834646
20
0.944028937007874
11
-0.2964482283464567
21
0.9446281102362204
0
LINE
8
BLACK
6
CONTINUOUS
10
-0.2964482283464567
20
0.9446281102362204
11
-0.2988067716535433
21
0.9513684251968504
0
LINE
8
BLACK
6
CONTINUOUS
10
-0.2988067716535433
20
0.9513684251968504
11
-0.2996062992125984
21
0.9584645669291338
0
LINE
8
BLACK
6
CONTINUOUS
10
-0.2996062992125984
20
0.9584645669291338
11
-0.2988067716535433
21
0.9655607086614173
0
LINE
8
BLACK
6
CONTINUOUS
10
-0.2988067716535433
20
0.9655607086614173
11
-0.2964482283464567
21
0.9723010236220472
0
LINE
8
BLACK
6
CONTINUOUS
10
-0.2964482283464567
20
0.9723010236220472
11
-0.2960717322834646
21
0.9729002755905511
0
LINE
8
BLACK
6
CONTINUOUS
10
-0.2960717322834646
20
0.9729002755905511
11
-0.3019475590551181
21
0.9787761023622047
0
LINE
8
BLACK
6
CONTINUOUS
10
-0.3019475590551181
20
0.9787761023622047
11
-0.3046311023622047
21
0.9737554724409448
0
LINE
8
BLACK
6
CONTINUOUS
10
-0.3046311023622047
20
0.9737554724409448
11
-0.3046311811023622
21
0.9737552755905512
0
LINE
8
BLACK
6
CONTINUOUS
10
-0.3046311811023622
20
0.9737552755905512
11
-0.306905
21
0.9662596062992126
0
LINE
8
BLACK
6
CONTINUOUS
10
-0.306905
20
0.9662596062992126
11
-0.307173188976378
21
0.9635362992125984
0
LINE
8
BLACK
6
CONTINUOUS
10
-0.307173188976378
20
0.9635362992125984
11
-0.3082835433070866
21
0.9598760236220473
0
LINE
8
BLACK
6
CONTINUOUS
10
-0.3082835433070866
20
0.9598760236220473
11
-0.3093266141732283
21
0.9586050787401574
0
LINE
8
BLACK
6
CONTINUOUS
10
-0.3093266141732283
20
0.9586050787401574
11
-0.3075481102362205
21
0.9552776771653543
0
LINE
8
BLACK
6
CONTINUOUS
10
-0.8699738582677166
20
1.3225747244094488
11
-0.8635826771653543
21
1.3197292125984252
0
LINE
8
BLACK
6
CONTINUOUS
10
-0.8635826771653543
20
1.3197292125984252
11
-0.8579227952755906
21
1.3156170472440945
0
LINE
8
BLACK
6
CONTINUOUS
10
-0.8579227952755906
20
1.3156170472440945
11
-0.8532415748031495
21
1.3104179921259842
0
LINE
8
BLACK
6
CONTINUOUS
10
-0.8532415748031495
20
1.3104179921259842
11
-0.8497435433070866
21
1.3043592913385826
0
LINE
8
BLACK
6
CONTINUOUS
10
-0.8497435433070866
20
1.3043592913385826
11
-0.8475816929133858
21
1.2977057086614172
0
LINE
8
BLACK
6
CONTINUOUS
10
-0.8475816929133858
20
1.2977057086614172
11
-0.8473676377952756
21
1.2956692913385826
0
LINE
8
BLACK
6
CONTINUOUS
10
-0.8473676377952756
20
1.2956692913385826
11
-0.8132622834645669
21
1.2956692913385826
0
LINE
8
BLACK
6
CONTINUOUS
10
-0.8132622834645669
20
1.2956692913385826
11
-0.8130482283464566
21
1.2977057086614172
0
LINE
8
BLACK
6
CONTINUOUS
10
-0.8130482283464566
20
1.2977057086614172
11
-0.8108863779527559
21
1.3043592913385826
0
LINE
8
BLACK
6
CONTINUOUS
10
-0.8108863779527559
20
1.3043592913385826
11
-0.8073883464566929
21
1.3104179921259842
0
LINE
8
BLACK
6
CONTINUOUS
10
-0.8073883464566929
20
1.3104179921259842
11
-0.802707125984252
21
1.3156170472440945
0
LINE
8
BLACK
6
CONTINUOUS
10
-0.802707125984252
20
1.3156170472440945
11
-0.7970472440944881
21
1.3197292125984252
0
LINE
8
BLACK
6
CONTINUOUS
10
-0.7970472440944881
20
1.3197292125984252
11
-0.790656062992126
21
1.3225747244094488
0
LINE
8
BLACK
6
CONTINUOUS
10
-0.790656062992126
20
1.3225747244094488
11
-0.7838129527559055
21
1.3240292913385827
0
LINE
8
BLACK
6
CONTINUOUS
10
-0.7838129527559055
20
1.3240292913385827
11
-0.776816968503937
21
1.3240292913385827
0
LINE
8
BLACK
6
CONTINUOUS
10
-0.776816968503937
20
1.3240292913385827
11
-0.7699738582677165
21
1.3225747244094488
0
LINE
8
BLACK
6
CONTINUOUS
10
-0.7699738582677165
20
1.3225747244094488
11
-0.7635826771653543
21
1.3197292125984252
0
LINE
8
BLACK
6
CONTINUOUS
10
-0.7635826771653543
20
1.3197292125984252
11
-0.7579227952755906
21
1.3156170472440945
0
LINE
8
BLACK
6
CONTINUOUS
10
-0.7579227952755906
20
1.3156170472440945
11
-0.7532415748031496
21
1.3104179921259842
0
LINE
8
BLACK
6
CONTINUOUS
10
-0.7532415748031496
20
1.3104179921259842
11
-0.7497435433070866
21
1.3043592913385826
0
LINE
8
BLACK
6
CONTINUOUS
10
-0.7497435433070866
20
1.3043592913385826
11
-0.7475816929133858
21
1.2977057086614172
0
LINE
8
BLACK
6
CONTINUOUS
10
-0.7475816929133858
20
1.2977057086614172
11
-0.7468503937007874
21
1.2907480314960629
0
LINE
8
BLACK
6
CONTINUOUS
10
-0.7468503937007874
20
1.2907480314960629
11
-0.7475816929133858
21
1.2837903543307085
0
LINE
8
BLACK
6
CONTINUOUS
10
-0.7475816929133858
20
1.2837903543307085
11
-0.7497435433070866
21
1.2771367716535433
0
LINE
8
BLACK
6
CONTINUOUS
10
-0.7497435433070866
20
1.2771367716535433
11
-0.7532415748031496
21
1.2710780708661418
0
LINE
8
BLACK
6
CONTINUOUS
10
-0.7532415748031496
20
1.2710780708661418
11
-0.7579227952755906
21
1.2658790157480315
0
LINE
8
BLACK
6
CONTINUOUS
10
-0.7579227952755906
20
1.2658790157480315
11
-0.7635826771653543
21
1.2617668503937007
0
LINE
8
BLACK
6
CONTINUOUS
10
-0.7635826771653543
20
1.2617668503937007
11
-0.7699738582677165
21
1.2589213385826772
0
LINE
8
BLACK
6
CONTINUOUS
10
-0.7699738582677165
20
1.2589213385826772
11
-0.776816968503937
21
1.2574667716535433
0
LINE
8
BLACK
6
CONTINUOUS
10
-0.776816968503937
20
1.2574667716535433
11
-0.7838129527559055
21
1.2574667716535433
0
LINE
8
BLACK
6
CONTINUOUS
10
-0.7838129527559055
20
1.2574667716535433
11
-0.790656062992126
21
1.2589213385826772
0
LINE
8
BLACK
6
CONTINUOUS
10
-0.790656062992126
20
1.2589213385826772
11
-0.7970472440944881
21
1.2617668503937007
0
LINE
8
BLACK
6
CONTINUOUS
10
-0.7970472440944881
20
1.2617668503937007
11
-0.802707125984252
21
1.2658790157480315
0
LINE
8
BLACK
6
CONTINUOUS
10
-0.802707125984252
20
1.2658790157480315
11
-0.8073883464566929
21
1.2710780708661418
0
LINE
8
BLACK
6
CONTINUOUS
10
-0.8073883464566929
20
1.2710780708661418
11
-0.8108863779527559
21
1.2771367716535433
0
LINE
8
BLACK
6
CONTINUOUS
10
-0.8108863779527559
20
1.2771367716535433
11
-0.8130482283464566
21
1.2837903543307085
0
LINE
8
BLACK
6
CONTINUOUS
10
-0.8130482283464566
20
1.2837903543307085
11
-0.8132622834645669
21
1.2858267716535432
0
LINE
8
BLACK
6
CONTINUOUS
10
-0.8132622834645669
20
1.2858267716535432
11
-0.8473676377952756
21
1.2858267716535432
0
LINE
8
BLACK
6
CONTINUOUS
10
-0.8473676377952756
20
1.2858267716535432
11
-0.8475816929133858
21
1.2837903543307085
0
LINE
8
BLACK
6
CONTINUOUS
10
-0.8475816929133858
20
1.2837903543307085
11
-0.8497435433070866
21
1.2771367716535433
0
LINE
8
BLACK
6
CONTINUOUS
10
-0.8497435433070866
20
1.2771367716535433
11
-0.8532415748031495
21
1.2710780708661418
0
LINE
8
BLACK
6
CONTINUOUS
10
-0.8532415748031495
20
1.2710780708661418
11
-0.8579227952755906
21
1.2658790157480315
0
LINE
8
BLACK
6
CONTINUOUS
10
-0.8579227952755906
20
1.2658790157480315
11
-0.8635826771653543
21
1.2617668503937007
0
LINE
8
BLACK
6
CONTINUOUS
10
-0.8635826771653543
20
1.2617668503937007
11
-0.8699738582677166
21
1.2589213385826772
0
LINE
8
BLACK
6
CONTINUOUS
10
-0.8699738582677166
20
1.2589213385826772
11
-0.876816968503937
21
1.2574667716535433
0
LINE
8
BLACK
6
CONTINUOUS
10
-0.876816968503937
20
1.2574667716535433
11
-0.8838129527559055
21
1.2574667716535433
0
LINE
8
BLACK
6
CONTINUOUS
10
-0.8838129527559055
20
1.2574667716535433
11
-0.890656062992126
21
1.2589213385826772
0
LINE
8
BLACK
6
CONTINUOUS
10
-0.890656062992126
20
1.2589213385826772
11
-0.8970472440944882
21
1.2617668503937007
0
LINE
8
BLACK
6
CONTINUOUS
10
-0.8970472440944882
20
1.2617668503937007
11
-0.902707125984252
21
1.2658790157480315
0
LINE
8
BLACK
6
CONTINUOUS
10
-0.902707125984252
20
1.2658790157480315
11
-0.9073883464566929
21
1.2710780708661418
0
LINE
8
BLACK
6
CONTINUOUS
10
-0.9073883464566929
20
1.2710780708661418
11
-0.9108863779527558
21
1.2771367716535433
0
LINE
8
BLACK
6
CONTINUOUS
10
-0.9108863779527558
20
1.2771367716535433
11
-0.9130482283464567
21
1.2837903543307085
0
LINE
8
BLACK
6
CONTINUOUS
10
-0.9130482283464567
20
1.2837903543307085
11
-0.9137795275590551
21
1.2907480314960629
0
LINE
8
BLACK
6
CONTINUOUS
10
-0.9137795275590551
20
1.2907480314960629
11
-0.9130482283464567
21
1.2977057086614172
0
LINE
8
BLACK
6
CONTINUOUS
10
-0.9130482283464567
20
1.2977057086614172
11
-0.9108863779527558
21
1.3043592913385826
0
LINE
8
BLACK
6
CONTINUOUS
10
-0.9108863779527558
20
1.3043592913385826
11
-0.9073883464566929
21
1.3104179921259842
0
LINE
8
BLACK
6
CONTINUOUS
10
-0.9073883464566929
20
1.3104179921259842
11
-0.902707125984252
21
1.3156170472440945
0
LINE
8
BLACK
6
CONTINUOUS
10
-0.902707125984252
20
1.3156170472440945
11
-0.8970472440944882
21
1.3197292125984252
0
LINE
8
BLACK
6
CONTINUOUS
10
-0.8970472440944882
20
1.3197292125984252
11
-0.890656062992126
21
1.3225747244094488
0
LINE
8
BLACK
6
CONTINUOUS
10
-0.890656062992126
20
1.3225747244094488
11
-0.8838129527559055
21
1.3240292913385827
0
LINE
8
BLACK
6
CONTINUOUS
10
-0.8838129527559055
20
1.3240292913385827
11
-0.876816968503937
21
1.3240292913385827
0
LINE
8
BLACK
6
CONTINUOUS
10
-0.876816968503937
20
1.3240292913385827
11
-0.8699738582677166
21
1.3225747244094488
0
LINE
8
BLACK
6
CONTINUOUS
10
-0.4751774409448819
20
1.5390850787401575
11
-0.4697148818897638
21
1.5362181102362205
0
LINE
8
BLACK
6
CONTINUOUS
10
-0.4697148818897638
20
1.5362181102362205
11
-0.4650971653543307
21
1.5321271653543307
0
LINE
8
BLACK
6
CONTINUOUS
10
-0.4650971653543307
20
1.5321271653543307
11
-0.4615926771653543
21
1.52705
0
LINE
8
BLACK
6
CONTINUOUS
10
-0.4615926771653543
20
1.52705
11
-0.4594050393700787
21
1.5212816929133859
0
LINE
8
BLACK
6
CONTINUOUS
10
-0.4594050393700787
20
1.5212816929133859
11
-0.4586614173228346
21
1.5151574803149606
0
LINE
8
BLACK
6
CONTINUOUS
10
-0.4586614173228346
20
1.5151574803149606
11
-0.4594050393700787
21
1.5090332677165355
0
LINE
8
BLACK
6
CONTINUOUS
10
-0.4594050393700787
20
1.5090332677165355
11
-0.4615926771653543
21
1.5032649606299213
0
LINE
8
BLACK
6
CONTINUOUS
10
-0.4615926771653543
20
1.5032649606299213
11
-0.4650971653543307
21
1.4981877952755904
0
LINE
8
BLACK
6
CONTINUOUS
10
-0.4650971653543307
20
1.4981877952755904
11
-0.4697148818897638
21
1.4940968503937007
0
LINE
8
BLACK
6
CONTINUOUS
10
-0.4697148818897638
20
1.4940968503937007
11
-0.4751774409448819
21
1.4912298818897638
0
LINE
8
BLACK
6
CONTINUOUS
10
-0.4751774409448819
20
1.4912298818897638
11
-0.4811673622047244
21
1.4897535039370078
0
LINE
8
BLACK
6
CONTINUOUS
10
-0.4811673622047244
20
1.4897535039370078
11
-0.4873365748031496
21
1.4897535039370078
0
LINE
8
BLACK
6
CONTINUOUS
10
-0.4873365748031496
20
1.4897535039370078
11
-0.4933264960629921
21
1.4912298818897638
0
LINE
8
BLACK
6
CONTINUOUS
10
-0.4933264960629921
20
1.4912298818897638
11
-0.4987890551181102
21
1.4940968503937007
0
LINE
8
BLACK
6
CONTINUOUS
10
-0.4987890551181102
20
1.4940968503937007
11
-0.5034067716535433
21
1.4981877952755904
0
LINE
8
BLACK
6
CONTINUOUS
10
-0.5034067716535433
20
1.4981877952755904
11
-0.5069112598425197
21
1.5032649606299213
0
LINE
8
BLACK
6
CONTINUOUS
10
-0.5069112598425197
20
1.5032649606299213
11
-0.5090988976377953
21
1.5090332677165355
0
LINE
8
BLACK
6
CONTINUOUS
10
-0.5090988976377953
20
1.5090332677165355
11
-0.5098425196850394
21
1.5151574803149606
0
LINE
8
BLACK
6
CONTINUOUS
10
-0.5098425196850394
20
1.5151574803149606
11
-0.6355066141732283
21
1.5151574803149606
0
LINE
8
BLACK
6
CONTINUOUS
10
-0.6355066141732283
20
1.5151574803149606
11
-0.7123337795275591
21
1.4383303149606299
0
LINE
8
BLACK
6
CONTINUOUS
10
-0.7123337795275591
20
1.4383303149606299
11
-0.7132287007874015
21
1.4375958661417323
0
LINE
8
BLACK
6
CONTINUOUS
10
-0.7132287007874015
20
1.4375958661417323
11
-0.7144757086614173
21
1.4370793700787401
0
LINE
8
BLACK
6
CONTINUOUS
10
-0.7144757086614173
20
1.4370793700787401
11
-0.7153574803149606
21
1.4367140944881889
0
LINE
8
BLACK
6
CONTINUOUS
10
-0.7153574803149606
20
1.4367140944881889
11
-0.7165096062992126
21
1.4366006299212599
0
LINE
8
BLACK
6
CONTINUOUS
10
-0.7165096062992126
20
1.4366006299212599
11
-0.8320730708661417
21
1.4366006299212599
0
LINE
8
BLACK
6
CONTINUOUS
10
-0.8320730708661417
20
1.4366006299212599
11
-0.8332251968503936
21
1.4367140944881889
0
LINE
8
BLACK
6
CONTINUOUS
10
-0.8332251968503936
20
1.4367140944881889
11
-0.834106968503937
21
1.4370793700787401
0
LINE
8
BLACK
6
CONTINUOUS
10
-0.834106968503937
20
1.4370793700787401
11
-0.8353539763779527
21
1.4375958661417323
0
LINE
8
BLACK
6
CONTINUOUS
10
-0.8353539763779527
20
1.4375958661417323
11
-0.8362488976377953
21
1.4383303149606299
0
LINE
8
BLACK
6
CONTINUOUS
10
-0.8362488976377953
20
1.4383303149606299
11
-0.8613254330708662
21
1.4634068503937008
0
LINE
8
BLACK
6
CONTINUOUS
10
-0.8613254330708662
20
1.4634068503937008
11
-0.8635826771653543
21
1.4617668503937007
0
LINE
8
BLACK
6
CONTINUOUS
10
-0.8635826771653543
20
1.4617668503937007
11
-0.8699738582677166
21
1.4589213385826771
0
LINE
8
BLACK
6
CONTINUOUS
10
-0.8699738582677166
20
1.4589213385826771
11
-0.876816968503937
21
1.4574667716535432
0
LINE
8
BLACK
6
CONTINUOUS
10
-0.876816968503937
20
1.4574667716535432
11
-0.8838129527559055
21
1.4574667716535432
0
LINE
8
BLACK
6
CONTINUOUS
10
-0.8838129527559055
20
1.4574667716535432
11
-0.890656062992126
21
1.4589213385826771
0
LINE
8
BLACK
6
CONTINUOUS
10
-0.890656062992126
20
1.4589213385826771
11
-0.8970472440944882
21
1.4617668503937007
0
LINE
8
BLACK
6
CONTINUOUS
10
-0.8970472440944882
20
1.4617668503937007
11
-0.902707125984252
21
1.4658790157480315
0
LINE
8
BLACK
6
CONTINUOUS
10
-0.902707125984252
20
1.4658790157480315
11
-0.9073883464566929
21
1.4710780708661417
0
LINE
8
BLACK
6
CONTINUOUS
10
-0.9073883464566929
20
1.4710780708661417
11
-0.9108863779527558
21
1.4771367716535433
0
LINE
8
BLACK
6
CONTINUOUS
10
-0.9108863779527558
20
1.4771367716535433
11
-0.9130482283464567
21
1.4837903543307087
0
LINE
8
BLACK
6
CONTINUOUS
10
-0.9130482283464567
20
1.4837903543307087
11
-0.9137795275590551
21
1.4907480314960631
0
LINE
8
BLACK
6
CONTINUOUS
10
-0.9137795275590551
20
1.4907480314960631
11
-0.9130482283464567
21
1.4977057086614174
0
LINE
8
BLACK
6
CONTINUOUS
10
-0.9130482283464567
20
1.4977057086614174
11
-0.9108863779527558
21
1.5043592913385826
0
LINE
8
BLACK
6
CONTINUOUS
10
-0.9108863779527558
20
1.5043592913385826
11
-0.9073883464566929
21
1.5104179921259842
0
LINE
8
BLACK
6
CONTINUOUS
10
-0.9073883464566929
20
1.5104179921259842
11
-0.902707125984252
21
1.5156170472440944
0
LINE
8
BLACK
6
CONTINUOUS
10
-0.902707125984252
20
1.5156170472440944
11
-0.8970472440944882
21
1.5197292125984252
0
LINE
8
BLACK
6
CONTINUOUS
10
-0.8970472440944882
20
1.5197292125984252
11
-0.890656062992126
21
1.5225747244094487
0
LINE
8
BLACK
6
CONTINUOUS
10
-0.890656062992126
20
1.5225747244094487
11
-0.8838129527559055
21
1.5240292913385827
0
LINE
8
BLACK
6
CONTINUOUS
10
-0.8838129527559055
20
1.5240292913385827
11
-0.876816968503937
21
1.5240292913385827
0
LINE
8
BLACK
6
CONTINUOUS
10
-0.876816968503937
20
1.5240292913385827
11
-0.8699738582677166
21
1.5225747244094487
0
LINE
8
BLACK
6
CONTINUOUS
10
-0.8699738582677166
20
1.5225747244094487
11
-0.8635826771653543
21
1.5197292125984252
0
LINE
8
BLACK
6
CONTINUOUS
10
-0.8635826771653543
20
1.5197292125984252
11
-0.8579227952755906
21
1.5156170472440944
0
LINE
8
BLACK
6
CONTINUOUS
10
-0.8579227952755906
20
1.5156170472440944
11
-0.8532415748031495
21
1.5104179921259842
0
LINE
8
BLACK
6
CONTINUOUS
10
-0.8532415748031495
20
1.5104179921259842
11
-0.8497435433070866
21
1.5043592913385826
0
LINE
8
BLACK
6
CONTINUOUS
10
-0.8497435433070866
20
1.5043592913385826
11
-0.8475816929133858
21
1.4977057086614174
0
LINE
8
BLACK
6
CONTINUOUS
10
-0.8475816929133858
20
1.4977057086614174
11
-0.8468503937007874
21
1.4907480314960631
0
LINE
8
BLACK
6
CONTINUOUS
10
-0.8468503937007874
20
1.4907480314960631
11
-0.8475816929133858
21
1.4837903543307087
0
LINE
8
BLACK
6
CONTINUOUS
10
-0.8475816929133858
20
1.4837903543307087
11
-0.8497435433070866
21
1.4771367716535433
0
LINE
8
BLACK
6
CONTINUOUS
10
-0.8497435433070866
20
1.4771367716535433
11
-0.8528945275590551
21
1.4716792519685038
0
LINE
8
BLACK
6
CONTINUOUS
10
-0.8528945275590551
20
1.4716792519685038
11
-0.8296269291338583
21
1.4484116535433071
0
LINE
8
BLACK
6
CONTINUOUS
10
-0.8296269291338583
20
1.4484116535433071
11
-0.7189557480314961
21
1.4484116535433071
0
LINE
8
BLACK
6
CONTINUOUS
10
-0.7189557480314961
20
1.4484116535433071
11
-0.6421285826771653
21
1.5252388188976378
0
LINE
8
BLACK
6
CONTINUOUS
10
-0.6421285826771653
20
1.5252388188976378
11
-0.6412336614173229
21
1.5259732677165354
0
LINE
8
BLACK
6
CONTINUOUS
10
-0.6412336614173229
20
1.5259732677165354
11
-0.6399460236220472
21
1.5265066141732284
0
LINE
8
BLACK
6
CONTINUOUS
10
-0.6399460236220472
20
1.5265066141732284
11
-0.6391048818897638
21
1.5268550393700786
0
LINE
8
BLACK
6
CONTINUOUS
10
-0.6391048818897638
20
1.5268550393700786
11
-0.6379527559055118
21
1.5269685039370078
0
LINE
8
BLACK
6
CONTINUOUS
10
-0.6379527559055118
20
1.5269685039370078
11
-0.5069421653543307
21
1.5269685039370078
0
LINE
8
BLACK
6
CONTINUOUS
10
-0.5069421653543307
20
1.5269685039370078
11
-0.5069112598425197
21
1.52705
0
LINE
8
BLACK
6
CONTINUOUS
10
-0.5069112598425197
20
1.52705
11
-0.5034067716535433
21
1.5321271653543307
0
LINE
8
BLACK
6
CONTINUOUS
10
-0.5034067716535433
20
1.5321271653543307
11
-0.4987890551181102
21
1.5362181102362205
0
LINE
8
BLACK
6
CONTINUOUS
10
-0.4987890551181102
20
1.5362181102362205
11
-0.4933264960629921
21
1.5390850787401575
0
LINE
8
BLACK
6
CONTINUOUS
10
-0.4933264960629921
20
1.5390850787401575
11
-0.4873365748031496
21
1.5405614566929133
0
LINE
8
BLACK
6
CONTINUOUS
10
-0.4873365748031496
20
1.5405614566929133
11
-0.4811673622047244
21
1.5405614566929133
0
LINE
8
BLACK
6
CONTINUOUS
10
-0.4811673622047244
20
1.5405614566929133
11
-0.4751774409448819
21
1.5390850787401575
0
LINE
8
BLACK
6
CONTINUOUS
10
-0.4666716535433071
20
1.5601330314960629
11
-0.4657898818897638
21
1.5597677952755906
0
LINE
8
BLACK
6
CONTINUOUS
10
-0.4657898818897638
20
1.5597677952755906
11
-0.4645694094488189
21
1.5592622440944881
0
LINE
8
BLACK
6
CONTINUOUS
10
-0.4645694094488189
20
1.5592622440944881
11
-0.4383567322834646
21
1.5592622440944881
0
LINE
8
BLACK
6
CONTINUOUS
10
-0.4383567322834646
20
1.5592622440944881
11
-0.4372046062992126
21
1.5591487795275589
0
LINE
8
BLACK
6
CONTINUOUS
10
-0.4372046062992126
20
1.5591487795275589
11
-0.436416968503937
21
1.5588225196850394
0
LINE
8
BLACK
6
CONTINUOUS
10
-0.436416968503937
20
1.5588225196850394
11
-0.4350758267716535
21
1.5582670078740157
0
LINE
8
BLACK
6
CONTINUOUS
10
-0.4350758267716535
20
1.5582670078740157
11
-0.434180905511811
21
1.5575325590551181
0
LINE
8
BLACK
6
CONTINUOUS
10
-0.434180905511811
20
1.5575325590551181
11
-0.4153386220472441
21
1.5386902755905512
0
LINE
8
BLACK
6
CONTINUOUS
10
-0.4153386220472441
20
1.5386902755905512
11
-0.4145863385826772
21
1.5390850787401575
0
LINE
8
BLACK
6
CONTINUOUS
10
-0.4145863385826772
20
1.5390850787401575
11
-0.4085964173228346
21
1.5405614566929133
0
LINE
8
BLACK
6
CONTINUOUS
10
-0.4085964173228346
20
1.5405614566929133
11
-0.4024272047244095
21
1.5405614566929133
0
LINE
8
BLACK
6
CONTINUOUS
10
-0.4024272047244095
20
1.5405614566929133
11
-0.3964372834645669
21
1.5390850787401575
0
LINE
8
BLACK
6
CONTINUOUS
10
-0.3964372834645669
20
1.5390850787401575
11
-0.3909747244094488
21
1.5362181102362205
0
LINE
8
BLACK
6
CONTINUOUS
10
-0.3909747244094488
20
1.5362181102362205
11
-0.3863570078740157
21
1.5321271653543307
0
LINE
8
BLACK
6
CONTINUOUS
10
-0.3863570078740157
20
1.5321271653543307
11
-0.3828525196850394
21
1.52705
0
LINE
8
BLACK
6
CONTINUOUS
10
-0.3828525196850394
20
1.52705
11
-0.3806648818897638
21
1.5212816929133859
0
LINE
8
BLACK
6
CONTINUOUS
10
-0.3806648818897638
20
1.5212816929133859
11
-0.3799212598425197
21
1.5151574803149606
0
LINE
8
BLACK
6
CONTINUOUS
10
-0.3799212598425197
20
1.5151574803149606
11
-0.3806648818897638
21
1.5090332677165355
0
LINE
8
BLACK
6
CONTINUOUS
10
-0.3806648818897638
20
1.5090332677165355
11
-0.3828525196850394
21
1.5032649606299213
0
LINE
8
BLACK
6
CONTINUOUS
10
-0.3828525196850394
20
1.5032649606299213
11
-0.3863570078740157
21
1.4981877952755904
0
LINE
8
BLACK
6
CONTINUOUS
10
-0.3863570078740157
20
1.4981877952755904
11
-0.3909747244094488
21
1.4940968503937007
0
LINE
8
BLACK
6
CONTINUOUS
10
-0.3909747244094488
20
1.4940968503937007
11
-0.3964372834645669
21
1.4912298818897638
0
LINE
8
BLACK
6
CONTINUOUS
10
-0.3964372834645669
20
1.4912298818897638
11
-0.4024272047244095
21
1.4897535039370078
0
LINE
8
BLACK
6
CONTINUOUS
10
-0.4024272047244095
20
1.4897535039370078
11
-0.4085964173228346
21
1.4897535039370078
0
LINE
8
BLACK
6
CONTINUOUS
10
-0.4085964173228346
20
1.4897535039370078
11
-0.4145863385826772
21
1.4912298818897638
0
LINE
8
BLACK
6
CONTINUOUS
10
-0.4145863385826772
20
1.4912298818897638
11
-0.4200488976377953
21
1.4940968503937007
0
LINE
8
BLACK
6
CONTINUOUS
10
-0.4200488976377953
20
1.4940968503937007
11
-0.4246666141732283
21
1.4981877952755904
0
LINE
8
BLACK
6
CONTINUOUS
10
-0.4246666141732283
20
1.4981877952755904
11
-0.4281711023622047
21
1.5032649606299213
0
LINE
8
BLACK
6
CONTINUOUS
10
-0.4281711023622047
20
1.5032649606299213
11
-0.4303587401574803
21
1.5090332677165355
0
LINE
8
BLACK
6
CONTINUOUS
10
-0.4303587401574803
20
1.5090332677165355
11
-0.4311023622047244
21
1.5151574803149606
0
LINE
8
BLACK
6
CONTINUOUS
10
-0.4311023622047244
20
1.5151574803149606
11
-0.4303587401574803
21
1.5212816929133859
0
LINE
8
BLACK
6
CONTINUOUS
10
-0.4303587401574803
20
1.5212816929133859
11
-0.4281711023622047
21
1.52705
0
LINE
8
BLACK
6
CONTINUOUS
10
-0.4281711023622047
20
1.52705
11
-0.4249983070866142
21
1.5316466535433071
0
LINE
8
BLACK
6
CONTINUOUS
10
-0.4249983070866142
20
1.5316466535433071
11
-0.440802874015748
21
1.5474512204724409
0
LINE
8
BLACK
6
CONTINUOUS
10
-0.440802874015748
20
1.5474512204724409
11
-0.4668395275590551
21
1.5474512204724409
0
LINE
8
BLACK
6
CONTINUOUS
10
-0.4668395275590551
20
1.5474512204724409
11
-0.4679916535433071
21
1.5475646850393701
0
LINE
8
BLACK
6
CONTINUOUS
10
-0.4679916535433071
20
1.5475646850393701
11
-0.4686607874015748
21
1.5478418503937008
0
LINE
8
BLACK
6
CONTINUOUS
10
-0.4686607874015748
20
1.5478418503937008
11
-0.470093937007874
21
1.5484354724409448
0
LINE
8
BLACK
6
CONTINUOUS
10
-0.470093937007874
20
1.5484354724409448
11
-0.7142758661417322
21
1.5484354724409448
0
LINE
8
BLACK
6
CONTINUOUS
10
-0.7142758661417322
20
1.5484354724409448
11
-0.7528945275590551
21
1.5098168503937008
0
LINE
8
BLACK
6
CONTINUOUS
10
-0.7528945275590551
20
1.5098168503937008
11
-0.7497435433070866
21
1.5043592913385826
0
LINE
8
BLACK
6
CONTINUOUS
10
-0.7497435433070866
20
1.5043592913385826
11
-0.7475816929133858
21
1.4977057086614174
0
LINE
8
BLACK
6
CONTINUOUS
10
-0.7475816929133858
20
1.4977057086614174
11
-0.7468503937007874
21
1.4907480314960631
0
LINE
8
BLACK
6
CONTINUOUS
10
-0.7468503937007874
20
1.4907480314960631
11
-0.7475816929133858
21
1.4837903543307087
0
LINE
8
BLACK
6
CONTINUOUS
10
-0.7475816929133858
20
1.4837903543307087
11
-0.7497435433070866
21
1.4771367716535433
0
LINE
8
BLACK
6
CONTINUOUS
10
-0.7497435433070866
20
1.4771367716535433
11
-0.7532415748031496
21
1.4710780708661417
0
LINE
8
BLACK
6
CONTINUOUS
10
-0.7532415748031496
20
1.4710780708661417
11
-0.7579227952755906
21
1.4658790157480315
0
LINE
8
BLACK
6
CONTINUOUS
10
-0.7579227952755906
20
1.4658790157480315
11
-0.7635826771653543
21
1.4617668503937007
0
LINE
8
BLACK
6
CONTINUOUS
10
-0.7635826771653543
20
1.4617668503937007
11
-0.7699738582677165
21
1.4589213385826771
0
LINE
8
BLACK
6
CONTINUOUS
10
-0.7699738582677165
20
1.4589213385826771
11
-0.776816968503937
21
1.4574667716535432
0
LINE
8
BLACK
6
CONTINUOUS
10
-0.776816968503937
20
1.4574667716535432
11
-0.7838129527559055
21
1.4574667716535432
0
LINE
8
BLACK
6
CONTINUOUS
10
-0.7838129527559055
20
1.4574667716535432
11
-0.790656062992126
21
1.4589213385826771
0
LINE
8
BLACK
6
CONTINUOUS
10
-0.790656062992126
20
1.4589213385826771
11
-0.7970472440944881
21
1.4617668503937007
0
LINE
8
BLACK
6
CONTINUOUS
10
-0.7970472440944881
20
1.4617668503937007
11
-0.802707125984252
21
1.4658790157480315
0
LINE
8
BLACK
6
CONTINUOUS
10
-0.802707125984252
20
1.4658790157480315
11
-0.8073883464566929
21
1.4710780708661417
0
LINE
8
BLACK
6
CONTINUOUS
10
-0.8073883464566929
20
1.4710780708661417
11
-0.8108863779527559
21
1.4771367716535433
0
LINE
8
BLACK
6
CONTINUOUS
10
-0.8108863779527559
20
1.4771367716535433
11
-0.8130482283464566
21
1.4837903543307087
0
LINE
8
BLACK
6
CONTINUOUS
10
-0.8130482283464566
20
1.4837903543307087
11
-0.8137795275590551
21
1.4907480314960631
0
LINE
8
BLACK
6
CONTINUOUS
10
-0.8137795275590551
20
1.4907480314960631
11
-0.8130482283464566
21
1.4977057086614174
0
LINE
8
BLACK
6
CONTINUOUS
10
-0.8130482283464566
20
1.4977057086614174
11
-0.8108863779527559
21
1.5043592913385826
0
LINE
8
BLACK
6
CONTINUOUS
10
-0.8108863779527559
20
1.5043592913385826
11
-0.8073883464566929
21
1.5104179921259842
0
LINE
8
BLACK
6
CONTINUOUS
10
-0.8073883464566929
20
1.5104179921259842
11
-0.802707125984252
21
1.5156170472440944
0
LINE
8
BLACK
6
CONTINUOUS
10
-0.802707125984252
20
1.5156170472440944
11
-0.7970472440944881
21
1.5197292125984252
0
LINE
8
BLACK
6
CONTINUOUS
10
-0.7970472440944881
20
1.5197292125984252
11
-0.790656062992126
21
1.5225747244094487
0
LINE
8
BLACK
6
CONTINUOUS
10
-0.790656062992126
20
1.5225747244094487
11
-0.7838129527559055
21
1.5240292913385827
0
LINE
8
BLACK
6
CONTINUOUS
10
-0.7838129527559055
20
1.5240292913385827
11
-0.776816968503937
21
1.5240292913385827
0
LINE
8
BLACK
6
CONTINUOUS
10
-0.776816968503937
20
1.5240292913385827
11
-0.7699738582677165
21
1.5225747244094487
0
LINE
8
BLACK
6
CONTINUOUS
10
-0.7699738582677165
20
1.5225747244094487
11
-0.7635826771653543
21
1.5197292125984252
0
LINE
8
BLACK
6
CONTINUOUS
10
-0.7635826771653543
20
1.5197292125984252
11
-0.7613254330708661
21
1.5180892519685039
0
LINE
8
BLACK
6
CONTINUOUS
10
-0.7613254330708661
20
1.5180892519685039
11
-0.7208978346456693
21
1.5585168110236221
0
LINE
8
BLACK
6
CONTINUOUS
10
-0.7208978346456693
20
1.5585168110236221
11
-0.7200029133858268
21
1.5592512598425197
0
LINE
8
BLACK
6
CONTINUOUS
10
-0.7200029133858268
20
1.5592512598425197
11
-0.718755905511811
21
1.5597677952755906
0
LINE
8
BLACK
6
CONTINUOUS
10
-0.718755905511811
20
1.5597677952755906
11
-0.7178741338582677
21
1.5601330314960629
0
LINE
8
BLACK
6
CONTINUOUS
10
-0.7178741338582677
20
1.5601330314960629
11
-0.7167220078740157
21
1.560246496062992
0
LINE
8
BLACK
6
CONTINUOUS
10
-0.7167220078740157
20
1.560246496062992
11
-0.467823779527559
21
1.560246496062992
0
LINE
8
BLACK
6
CONTINUOUS
10
-0.467823779527559
20
1.560246496062992
11
-0.4666716535433071
21
1.5601330314960629
0
LINE
8
BLACK
6
CONTINUOUS
10
-0.8699738582677166
20
1.6225747244094488
11
-0.8635826771653543
21
1.6197292125984251
0
LINE
8
BLACK
6
CONTINUOUS
10
-0.8635826771653543
20
1.6197292125984251
11
-0.8579227952755906
21
1.6156170472440945
0
LINE
8
BLACK
6
CONTINUOUS
10
-0.8579227952755906
20
1.6156170472440945
11
-0.8532415748031495
21
1.6104179921259842
0
LINE
8
BLACK
6
CONTINUOUS
10
-0.8532415748031495
20
1.6104179921259842
11
-0.8497435433070866
21
1.6043592913385827
0
LINE
8
BLACK
6
CONTINUOUS
10
-0.8497435433070866
20
1.6043592913385827
11
-0.8475816929133858
21
1.5977057086614173
0
LINE
8
BLACK
6
CONTINUOUS
10
-0.8475816929133858
20
1.5977057086614173
11
-0.8468503937007874
21
1.5907480314960629
0
LINE
8
BLACK
6
CONTINUOUS
10
-0.8468503937007874
20
1.5907480314960629
11
-0.8475816929133858
21
1.5837903543307086
0
LINE
8
BLACK
6
CONTINUOUS
10
-0.8475816929133858
20
1.5837903543307086
11
-0.8497435433070866
21
1.5771367716535434
0
LINE
8
BLACK
6
CONTINUOUS
10
-0.8497435433070866
20
1.5771367716535434
11
-0.8532415748031495
21
1.5710780708661416
0
LINE
8
BLACK
6
CONTINUOUS
10
-0.8532415748031495
20
1.5710780708661416
11
-0.8579227952755906
21
1.5658790157480316
0
LINE
8
BLACK
6
CONTINUOUS
10
-0.8579227952755906
20
1.5658790157480316
11
-0.8635826771653543
21
1.5617668503937008
0
LINE
8
BLACK
6
CONTINUOUS
10
-0.8635826771653543
20
1.5617668503937008
11
-0.8699738582677166
21
1.5589213385826772
0
LINE
8
BLACK
6
CONTINUOUS
10
-0.8699738582677166
20
1.5589213385826772
11
-0.876816968503937
21
1.5574667716535433
0
LINE
8
BLACK
6
CONTINUOUS
10
-0.876816968503937
20
1.5574667716535433
11
-0.8838129527559055
21
1.5574667716535433
0
LINE
8
BLACK
6
CONTINUOUS
10
-0.8838129527559055
20
1.5574667716535433
11
-0.890656062992126
21
1.5589213385826772
0
LINE
8
BLACK
6
CONTINUOUS
10
-0.890656062992126
20
1.5589213385826772
11
-0.8970472440944882
21
1.5617668503937008
0
LINE
8
BLACK
6
CONTINUOUS
10
-0.8970472440944882
20
1.5617668503937008
11
-0.902707125984252
21
1.5658790157480316
0
LINE
8
BLACK
6
CONTINUOUS
10
-0.902707125984252
20
1.5658790157480316
11
-0.9073883464566929
21
1.5710780708661416
0
LINE
8
BLACK
6
CONTINUOUS
10
-0.9073883464566929
20
1.5710780708661416
11
-0.9108863779527558
21
1.5771367716535434
0
LINE
8
BLACK
6
CONTINUOUS
10
-0.9108863779527558
20
1.5771367716535434
11
-0.9130482283464567
21
1.5837903543307086
0
LINE
8
BLACK
6
CONTINUOUS
10
-0.9130482283464567
20
1.5837903543307086
11
-0.9137795275590551
21
1.5907480314960629
0
LINE
8
BLACK
6
CONTINUOUS
10
-0.9137795275590551
20
1.5907480314960629
11
-0.9130482283464567
21
1.5977057086614173
0
LINE
8
BLACK
6
CONTINUOUS
10
-0.9130482283464567
20
1.5977057086614173
11
-0.9108863779527558
21
1.6043592913385827
0
LINE
8
BLACK
6
CONTINUOUS
10
-0.9108863779527558
20
1.6043592913385827
11
-0.9073883464566929
21
1.6104179921259842
0
LINE
8
BLACK
6
CONTINUOUS
10
-0.9073883464566929
20
1.6104179921259842
11
-0.902707125984252
21
1.6156170472440945
0
LINE
8
BLACK
6
CONTINUOUS
10
-0.902707125984252
20
1.6156170472440945
11
-0.8970472440944882
21
1.6197292125984251
0
LINE
8
BLACK
6
CONTINUOUS
10
-0.8970472440944882
20
1.6197292125984251
11
-0.890656062992126
21
1.6225747244094488
0
LINE
8
BLACK
6
CONTINUOUS
10
-0.890656062992126
20
1.6225747244094488
11
-0.8838129527559055
21
1.6240292913385825
0
LINE
8
BLACK
6
CONTINUOUS
10
-0.8838129527559055
20
1.6240292913385825
11
-0.876816968503937
21
1.6240292913385825
0
LINE
8
BLACK
6
CONTINUOUS
10
-0.876816968503937
20
1.6240292913385825
11
-0.8699738582677166
21
1.6225747244094488
0
LINE
8
BLACK
6
CONTINUOUS
10
-0.4379817322834645
20
1.6386660629921259
11
-0.4370999606299212
21
1.6383008267716535
0
LINE
8
BLACK
6
CONTINUOUS
10
-0.4370999606299212
20
1.6383008267716535
11
-0.4358529527559055
21
1.6377842913385827
0
LINE
8
BLACK
6
CONTINUOUS
10
-0.4358529527559055
20
1.6377842913385827
11
-0.434958031496063
21
1.6370498425196851
0
LINE
8
BLACK
6
CONTINUOUS
10
-0.434958031496063
20
1.6370498425196851
11
-0.4153386220472441
21
1.6174304330708662
0
LINE
8
BLACK
6
CONTINUOUS
10
-0.4153386220472441
20
1.6174304330708662
11
-0.4145863385826772
21
1.6178252362204724
0
LINE
8
BLACK
6
CONTINUOUS
10
-0.4145863385826772
20
1.6178252362204724
11
-0.4085964173228346
21
1.6193016141732284
0
LINE
8
BLACK
6
CONTINUOUS
10
-0.4085964173228346
20
1.6193016141732284
11
-0.4024272047244095
21
1.6193016141732284
0
LINE
8
BLACK
6
CONTINUOUS
10
-0.4024272047244095
20
1.6193016141732284
11
-0.3964372834645669
21
1.6178252362204724
0
LINE
8
BLACK
6
CONTINUOUS
10
-0.3964372834645669
20
1.6178252362204724
11
-0.3909747244094488
21
1.6149582677165355
0
LINE
8
BLACK
6
CONTINUOUS
10
-0.3909747244094488
20
1.6149582677165355
11
-0.3863570078740157
21
1.6108673228346457
0
LINE
8
BLACK
6
CONTINUOUS
10
-0.3863570078740157
20
1.6108673228346457
11
-0.3828525196850394
21
1.6057901574803148
0
LINE
8
BLACK
6
CONTINUOUS
10
-0.3828525196850394
20
1.6057901574803148
11
-0.3806648818897638
21
1.6000218503937007
0
LINE
8
BLACK
6
CONTINUOUS
10
-0.3806648818897638
20
1.6000218503937007
11
-0.3799212598425197
21
1.5938976377952756
0
LINE
8
BLACK
6
CONTINUOUS
10
-0.3799212598425197
20
1.5938976377952756
11
-0.3806648818897638
21
1.5877734251968503
0
LINE
8
BLACK
6
CONTINUOUS
10
-0.3806648818897638
20
1.5877734251968503
11
-0.3828525196850394
21
1.5820051181102361
0
LINE
8
BLACK
6
CONTINUOUS
10
-0.3828525196850394
20
1.5820051181102361
11
-0.3863570078740157
21
1.5769279527559055
0
LINE
8
BLACK
6
CONTINUOUS
10
-0.3863570078740157
20
1.5769279527559055
11
-0.3909747244094488
21
1.5728370078740157
0
LINE
8
BLACK
6
CONTINUOUS
10
-0.3909747244094488
20
1.5728370078740157
11
-0.3964372834645669
21
1.5699700393700786
0
LINE
8
BLACK
6
CONTINUOUS
10
-0.3964372834645669
20
1.5699700393700786
11
-0.4024272047244095
21
1.5684936614173228
0
LINE
8
BLACK
6
CONTINUOUS
10
-0.4024272047244095
20
1.5684936614173228
11
-0.4085964173228346
21
1.5684936614173228
0
LINE
8
BLACK
6
CONTINUOUS
10
-0.4085964173228346
20
1.5684936614173228
11
-0.4145863385826772
21
1.5699700393700786
0
LINE
8
BLACK
6
CONTINUOUS
10
-0.4145863385826772
20
1.5699700393700786
11
-0.4200488976377953
21
1.5728370078740157
0
LINE
8
BLACK
6
CONTINUOUS
10
-0.4200488976377953
20
1.5728370078740157
11
-0.4246666141732283
21
1.5769279527559055
0
LINE
8
BLACK
6
CONTINUOUS
10
-0.4246666141732283
20
1.5769279527559055
11
-0.4281711023622047
21
1.5820051181102361
0
LINE
8
BLACK
6
CONTINUOUS
10
-0.4281711023622047
20
1.5820051181102361
11
-0.4303587401574803
21
1.5877734251968503
0
LINE
8
BLACK
6
CONTINUOUS
10
-0.4303587401574803
20
1.5877734251968503
11
-0.4311023622047244
21
1.5938976377952756
0
LINE
8
BLACK
6
CONTINUOUS
10
-0.4311023622047244
20
1.5938976377952756
11
-0.4303587401574803
21
1.6000218503937007
0
LINE
8
BLACK
6
CONTINUOUS
10
-0.4303587401574803
20
1.6000218503937007
11
-0.4281711023622047
21
1.6057901574803148
0
LINE
8
BLACK
6
CONTINUOUS
10
-0.4281711023622047
20
1.6057901574803148
11
-0.4249983070866142
21
1.6103868110236219
0
LINE
8
BLACK
6
CONTINUOUS
10
-0.4249983070866142
20
1.6103868110236219
11
-0.44158
21
1.6269685039370079
0
LINE
8
BLACK
6
CONTINUOUS
10
-0.44158
20
1.6269685039370079
11
-0.5118845669291339
21
1.6269685039370079
0
LINE
8
BLACK
6
CONTINUOUS
10
-0.5118845669291339
20
1.6269685039370079
11
-0.5532651181102362
21
1.5855879527559056
0
LINE
8
BLACK
6
CONTINUOUS
10
-0.5532651181102362
20
1.5855879527559056
11
-0.5541600393700787
21
1.5848535039370077
0
LINE
8
BLACK
6
CONTINUOUS
10
-0.5541600393700787
20
1.5848535039370077
11
-0.5554070472440945
21
1.5843370078740158
0
LINE
8
BLACK
6
CONTINUOUS
10
-0.5554070472440945
20
1.5843370078740158
11
-0.5562888188976378
21
1.5839717322834646
0
LINE
8
BLACK
6
CONTINUOUS
10
-0.5562888188976378
20
1.5839717322834646
11
-0.5574409448818898
21
1.5838582677165354
0
LINE
8
BLACK
6
CONTINUOUS
10
-0.5574409448818898
20
1.5838582677165354
11
-0.7475745669291338
21
1.5838582677165354
0
LINE
8
BLACK
6
CONTINUOUS
10
-0.7475745669291338
20
1.5838582677165354
11
-0.7475816929133858
21
1.5837903543307086
0
LINE
8
BLACK
6
CONTINUOUS
10
-0.7475816929133858
20
1.5837903543307086
11
-0.7497435433070866
21
1.5771367716535434
0
LINE
8
BLACK
6
CONTINUOUS
10
-0.7497435433070866
20
1.5771367716535434
11
-0.7532415748031496
21
1.5710780708661416
0
LINE
8
BLACK
6
CONTINUOUS
10
-0.7532415748031496
20
1.5710780708661416
11
-0.7579227952755906
21
1.5658790157480316
0
LINE
8
BLACK
6
CONTINUOUS
10
-0.7579227952755906
20
1.5658790157480316
11
-0.7635826771653543
21
1.5617668503937008
0
LINE
8
BLACK
6
CONTINUOUS
10
-0.7635826771653543
20
1.5617668503937008
11
-0.7699738582677165
21
1.5589213385826772
0
LINE
8
BLACK
6
CONTINUOUS
10
-0.7699738582677165
20
1.5589213385826772
11
-0.776816968503937
21
1.5574667716535433
0
LINE
8
BLACK
6
CONTINUOUS
10
-0.776816968503937
20
1.5574667716535433
11
-0.7838129527559055
21
1.5574667716535433
0
LINE
8
BLACK
6
CONTINUOUS
10
-0.7838129527559055
20
1.5574667716535433
11
-0.790656062992126
21
1.5589213385826772
0
LINE
8
BLACK
6
CONTINUOUS
10
-0.790656062992126
20
1.5589213385826772
11
-0.7970472440944881
21
1.5617668503937008
0
LINE
8
BLACK
6
CONTINUOUS
10
-0.7970472440944881
20
1.5617668503937008
11
-0.802707125984252
21
1.5658790157480316
0
LINE
8
BLACK
6
CONTINUOUS
10
-0.802707125984252
20
1.5658790157480316
11
-0.8073883464566929
21
1.5710780708661416
0
LINE
8
BLACK
6
CONTINUOUS
10
-0.8073883464566929
20
1.5710780708661416
11
-0.8108863779527559
21
1.5771367716535434
0
LINE
8
BLACK
6
CONTINUOUS
10
-0.8108863779527559
20
1.5771367716535434
11
-0.8130482283464566
21
1.5837903543307086
0
LINE
8
BLACK
6
CONTINUOUS
10
-0.8130482283464566
20
1.5837903543307086
11
-0.8137795275590551
21
1.5907480314960629
0
LINE
8
BLACK
6
CONTINUOUS
10
-0.8137795275590551
20
1.5907480314960629
11
-0.8130482283464566
21
1.5977057086614173
0
LINE
8
BLACK
6
CONTINUOUS
10
-0.8130482283464566
20
1.5977057086614173
11
-0.8108863779527559
21
1.6043592913385827
0
LINE
8
BLACK
6
CONTINUOUS
10
-0.8108863779527559
20
1.6043592913385827
11
-0.8073883464566929
21
1.6104179921259842
0
LINE
8
BLACK
6
CONTINUOUS
10
-0.8073883464566929
20
1.6104179921259842
11
-0.802707125984252
21
1.6156170472440945
0
LINE
8
BLACK
6
CONTINUOUS
10
-0.802707125984252
20
1.6156170472440945
11
-0.7970472440944881
21
1.6197292125984251
0
LINE
8
BLACK
6
CONTINUOUS
10
-0.7970472440944881
20
1.6197292125984251
11
-0.790656062992126
21
1.6225747244094488
0
LINE
8
BLACK
6
CONTINUOUS
10
-0.790656062992126
20
1.6225747244094488
11
-0.7838129527559055
21
1.6240292913385825
0
LINE
8
BLACK
6
CONTINUOUS
10
-0.7838129527559055
20
1.6240292913385825
11
-0.776816968503937
21
1.6240292913385825
0
LINE
8
BLACK
6
CONTINUOUS
10
-0.776816968503937
20
1.6240292913385825
11
-0.7699738582677165
21
1.6225747244094488
0
LINE
8
BLACK
6
CONTINUOUS
10
-0.7699738582677165
20
1.6225747244094488
11
-0.7635826771653543
21
1.6197292125984251
0
LINE
8
BLACK
6
CONTINUOUS
10
-0.7635826771653543
20
1.6197292125984251
11
-0.7579227952755906
21
1.6156170472440945
0
LINE
8
BLACK
6
CONTINUOUS
10
-0.7579227952755906
20
1.6156170472440945
11
-0.7532415748031496
21
1.6104179921259842
0
LINE
8
BLACK
6
CONTINUOUS
10
-0.7532415748031496
20
1.6104179921259842
11
-0.7497435433070866
21
1.6043592913385827
0
LINE
8
BLACK
6
CONTINUOUS
10
-0.7497435433070866
20
1.6043592913385827
11
-0.7475816929133858
21
1.5977057086614173
0
LINE
8
BLACK
6
CONTINUOUS
10
-0.7475816929133858
20
1.5977057086614173
11
-0.7473676377952756
21
1.5956692913385826
0
LINE
8
BLACK
6
CONTINUOUS
10
-0.7473676377952756
20
1.5956692913385826
11
-0.5598870866141732
21
1.5956692913385826
0
LINE
8
BLACK
6
CONTINUOUS
10
-0.5598870866141732
20
1.5956692913385826
11
-0.5185065354330709
21
1.6370498425196851
0
LINE
8
BLACK
6
CONTINUOUS
10
-0.5185065354330709
20
1.6370498425196851
11
-0.5176116141732283
21
1.6377842913385827
0
LINE
8
BLACK
6
CONTINUOUS
10
-0.5176116141732283
20
1.6377842913385827
11
-0.5163646062992125
21
1.6383008267716535
0
LINE
8
BLACK
6
CONTINUOUS
10
-0.5163646062992125
20
1.6383008267716535
11
-0.5154828346456692
21
1.6386660629921259
0
LINE
8
BLACK
6
CONTINUOUS
10
-0.5154828346456692
20
1.6386660629921259
11
-0.5143307086614173
21
1.6387795275590551
0
LINE
8
BLACK
6
CONTINUOUS
10
-0.5143307086614173
20
1.6387795275590551
11
-0.4391338582677165
21
1.6387795275590551
0
LINE
8
BLACK
6
CONTINUOUS
10
-0.4391338582677165
20
1.6387795275590551
11
-0.4379817322834645
21
1.6386660629921259
0
LINE
8
BLACK
6
CONTINUOUS
10
-0.4751774409448819
20
1.6178252362204724
11
-0.4697148818897638
21
1.6149582677165355
0
LINE
8
BLACK
6
CONTINUOUS
10
-0.4697148818897638
20
1.6149582677165355
11
-0.4650971653543307
21
1.6108673228346457
0
LINE
8
BLACK
6
CONTINUOUS
10
-0.4650971653543307
20
1.6108673228346457
11
-0.4615926771653543
21
1.6057901574803148
0
LINE
8
BLACK
6
CONTINUOUS
10
-0.4615926771653543
20
1.6057901574803148
11
-0.4594050393700787
21
1.6000218503937007
0
LINE
8
BLACK
6
CONTINUOUS
10
-0.4594050393700787
20
1.6000218503937007
11
-0.4586614173228346
21
1.5938976377952756
0
LINE
8
BLACK
6
CONTINUOUS
10
-0.4586614173228346
20
1.5938976377952756
11
-0.4594050393700787
21
1.5877734251968503
0
LINE
8
BLACK
6
CONTINUOUS
10
-0.4594050393700787
20
1.5877734251968503
11
-0.4615926771653543
21
1.5820051181102361
0
LINE
8
BLACK
6
CONTINUOUS
10
-0.4615926771653543
20
1.5820051181102361
11
-0.4650971653543307
21
1.5769279527559055
0
LINE
8
BLACK
6
CONTINUOUS
10
-0.4650971653543307
20
1.5769279527559055
11
-0.4697148818897638
21
1.5728370078740157
0
LINE
8
BLACK
6
CONTINUOUS
10
-0.4697148818897638
20
1.5728370078740157
11
-0.4751774409448819
21
1.5699700393700786
0
LINE
8
BLACK
6
CONTINUOUS
10
-0.4751774409448819
20
1.5699700393700786
11
-0.4811673622047244
21
1.5684936614173228
0
LINE
8
BLACK
6
CONTINUOUS
10
-0.4811673622047244
20
1.5684936614173228
11
-0.4873365748031496
21
1.5684936614173228
0
LINE
8
BLACK
6
CONTINUOUS
10
-0.4873365748031496
20
1.5684936614173228
11
-0.4933264960629921
21
1.5699700393700786
0
LINE
8
BLACK
6
CONTINUOUS
10
-0.4933264960629921
20
1.5699700393700786
11
-0.4987890551181102
21
1.5728370078740157
0
LINE
8
BLACK
6
CONTINUOUS
10
-0.4987890551181102
20
1.5728370078740157
11
-0.5034067716535433
21
1.5769279527559055
0
LINE
8
BLACK
6
CONTINUOUS
10
-0.5034067716535433
20
1.5769279527559055
11
-0.5069112598425197
21
1.5820051181102361
0
LINE
8
BLACK
6
CONTINUOUS
10
-0.5069112598425197
20
1.5820051181102361
11
-0.5090988976377953
21
1.5877734251968503
0
LINE
8
BLACK
6
CONTINUOUS
10
-0.5090988976377953
20
1.5877734251968503
11
-0.5098425196850394
21
1.5938976377952756
0
LINE
8
BLACK
6
CONTINUOUS
10
-0.5098425196850394
20
1.5938976377952756
11
-0.5090988976377953
21
1.6000218503937007
0
LINE
8
BLACK
6
CONTINUOUS
10
-0.5090988976377953
20
1.6000218503937007
11
-0.5069112598425197
21
1.6057901574803148
0
LINE
8
BLACK
6
CONTINUOUS
10
-0.5069112598425197
20
1.6057901574803148
11
-0.5034067716535433
21
1.6108673228346457
0
LINE
8
BLACK
6
CONTINUOUS
10
-0.5034067716535433
20
1.6108673228346457
11
-0.4987890551181102
21
1.6149582677165355
0
LINE
8
BLACK
6
CONTINUOUS
10
-0.4987890551181102
20
1.6149582677165355
11
-0.4933264960629921
21
1.6178252362204724
0
LINE
8
BLACK
6
CONTINUOUS
10
-0.4933264960629921
20
1.6178252362204724
11
-0.4873365748031496
21
1.6193016141732284
0
LINE
8
BLACK
6
CONTINUOUS
10
-0.4873365748031496
20
1.6193016141732284
11
-0.4811673622047244
21
1.6193016141732284
0
LINE
8
BLACK
6
CONTINUOUS
10
-0.4811673622047244
20
1.6193016141732284
11
-0.4751774409448819
21
1.6178252362204724
0
LINE
8
BLACK
6
CONTINUOUS
10
-0.4751774409448819
20
1.6965653937007874
11
-0.4697148818897638
21
1.6936984251968503
0
LINE
8
BLACK
6
CONTINUOUS
10
-0.4697148818897638
20
1.6936984251968503
11
-0.4650971653543307
21
1.6896074803149606
0
LINE
8
BLACK
6
CONTINUOUS
10
-0.4650971653543307
20
1.6896074803149606
11
-0.4615926771653543
21
1.6845303149606299
0
LINE
8
BLACK
6
CONTINUOUS
10
-0.4615926771653543
20
1.6845303149606299
11
-0.4594050393700787
21
1.6787620078740157
0
LINE
8
BLACK
6
CONTINUOUS
10
-0.4594050393700787
20
1.6787620078740157
11
-0.4586614173228346
21
1.6726377952755904
0
LINE
8
BLACK
6
CONTINUOUS
10
-0.4586614173228346
20
1.6726377952755904
11
-0.4594050393700787
21
1.6665135826771653
0
LINE
8
BLACK
6
CONTINUOUS
10
-0.4594050393700787
20
1.6665135826771653
11
-0.4615926771653543
21
1.6607452755905512
0
LINE
8
BLACK
6
CONTINUOUS
10
-0.4615926771653543
20
1.6607452755905512
11
-0.4650971653543307
21
1.6556681102362205
0
LINE
8
BLACK
6
CONTINUOUS
10
-0.4650971653543307
20
1.6556681102362205
11
-0.4697148818897638
21
1.6515771653543307
0
LINE
8
BLACK
6
CONTINUOUS
10
-0.4697148818897638
20
1.6515771653543307
11
-0.4751774409448819
21
1.6487101968503937
0
LINE
8
BLACK
6
CONTINUOUS
10
-0.4751774409448819
20
1.6487101968503937
11
-0.4811673622047244
21
1.6472338188976376
0
LINE
8
BLACK
6
CONTINUOUS
10
-0.4811673622047244
20
1.6472338188976376
11
-0.4873365748031496
21
1.6472338188976376
0
LINE
8
BLACK
6
CONTINUOUS
10
-0.4873365748031496
20
1.6472338188976376
11
-0.4933264960629921
21
1.6487101968503937
0
LINE
8
BLACK
6
CONTINUOUS
10
-0.4933264960629921
20
1.6487101968503937
11
-0.4987890551181102
21
1.6515771653543307
0
LINE
8
BLACK
6
CONTINUOUS
10
-0.4987890551181102
20
1.6515771653543307
11
-0.5034067716535433
21
1.6556681102362205
0
LINE
8
BLACK
6
CONTINUOUS
10
-0.5034067716535433
20
1.6556681102362205
11
-0.5069112598425197
21
1.6607452755905512
0
LINE
8
BLACK
6
CONTINUOUS
10
-0.5069112598425197
20
1.6607452755905512
11
-0.5090988976377953
21
1.6665135826771653
0
LINE
8
BLACK
6
CONTINUOUS
10
-0.5090988976377953
20
1.6665135826771653
11
-0.5098425196850394
21
1.6726377952755904
0
LINE
8
BLACK
6
CONTINUOUS
10
-0.5098425196850394
20
1.6726377952755904
11
-0.5090988976377953
21
1.6787620078740157
0
LINE
8
BLACK
6
CONTINUOUS
10
-0.5090988976377953
20
1.6787620078740157
11
-0.5069112598425197
21
1.6845303149606299
0
LINE
8
BLACK
6
CONTINUOUS
10
-0.5069112598425197
20
1.6845303149606299
11
-0.5034067716535433
21
1.6896074803149606
0
LINE
8
BLACK
6
CONTINUOUS
10
-0.5034067716535433
20
1.6896074803149606
11
-0.4987890551181102
21
1.6936984251968503
0
LINE
8
BLACK
6
CONTINUOUS
10
-0.4987890551181102
20
1.6936984251968503
11
-0.4933264960629921
21
1.6965653937007874
0
LINE
8
BLACK
6
CONTINUOUS
10
-0.4933264960629921
20
1.6965653937007874
11
-0.4873365748031496
21
1.6980417716535432
0
LINE
8
BLACK
6
CONTINUOUS
10
-0.4873365748031496
20
1.6980417716535432
11
-0.4811673622047244
21
1.6980417716535432
0
LINE
8
BLACK
6
CONTINUOUS
10
-0.4811673622047244
20
1.6980417716535432
11
-0.4751774409448819
21
1.6965653937007874
0
LINE
8
BLACK
6
CONTINUOUS
10
-0.7699738582677165
20
1.7225747244094487
11
-0.7635826771653543
21
1.7197292125984251
0
LINE
8
BLACK
6
CONTINUOUS
10
-0.7635826771653543
20
1.7197292125984251
11
-0.7605700393700787
21
1.7175403937007874
0
LINE
8
BLACK
6
CONTINUOUS
10
-0.7605700393700787
20
1.7175403937007874
11
-0.7603938188976378
21
1.7176133464566929
0
LINE
8
BLACK
6
CONTINUOUS
10
-0.7603938188976378
20
1.7176133464566929
11
-0.7592416929133858
21
1.7177268110236219
0
LINE
8
BLACK
6
CONTINUOUS
10
-0.7592416929133858
20
1.7177268110236219
11
-0.4393409842519685
21
1.7177268110236219
0
LINE
8
BLACK
6
CONTINUOUS
10
-0.4393409842519685
20
1.7177268110236219
11
-0.4381888582677165
21
1.7176133464566929
0
LINE
8
BLACK
6
CONTINUOUS
10
-0.4381888582677165
20
1.7176133464566929
11
-0.4373070866141732
21
1.7172481102362205
0
LINE
8
BLACK
6
CONTINUOUS
10
-0.4373070866141732
20
1.7172481102362205
11
-0.4360600787401575
21
1.7167315748031495
0
LINE
8
BLACK
6
CONTINUOUS
10
-0.4360600787401575
20
1.7167315748031495
11
-0.4351651574803149
21
1.7159971259842519
0
LINE
8
BLACK
6
CONTINUOUS
10
-0.4351651574803149
20
1.7159971259842519
11
-0.4153386220472441
21
1.696170590551181
0
LINE
8
BLACK
6
CONTINUOUS
10
-0.4153386220472441
20
1.696170590551181
11
-0.4145863385826772
21
1.6965653937007874
0
LINE
8
BLACK
6
CONTINUOUS
10
-0.4145863385826772
20
1.6965653937007874
11
-0.4085964173228346
21
1.6980417716535432
0
LINE
8
BLACK
6
CONTINUOUS
10
-0.4085964173228346
20
1.6980417716535432
11
-0.4024272047244095
21
1.6980417716535432
0
LINE
8
BLACK
6
CONTINUOUS
10
-0.4024272047244095
20
1.6980417716535432
11
-0.3964372834645669
21
1.6965653937007874
0
LINE
8
BLACK
6
CONTINUOUS
10
-0.3964372834645669
20
1.6965653937007874
11
-0.3909747244094488
21
1.6936984251968503
0
LINE
8
BLACK
6
CONTINUOUS
10
-0.3909747244094488
20
1.6936984251968503
11
-0.3863570078740157
21
1.6896074803149606
0
LINE
8
BLACK
6
CONTINUOUS
10
-0.3863570078740157
20
1.6896074803149606
11
-0.3828525196850394
21
1.6845303149606299
0
LINE
8
BLACK
6
CONTINUOUS
10
-0.3828525196850394
20
1.6845303149606299
11
-0.3806648818897638
21
1.6787620078740157
0
LINE
8
BLACK
6
CONTINUOUS
10
-0.3806648818897638
20
1.6787620078740157
11
-0.3799212598425197
21
1.6726377952755904
0
LINE
8
BLACK
6
CONTINUOUS
10
-0.3799212598425197
20
1.6726377952755904
11
-0.3806648818897638
21
1.6665135826771653
0
LINE
8
BLACK
6
CONTINUOUS
10
-0.3806648818897638
20
1.6665135826771653
11
-0.3828525196850394
21
1.6607452755905512
0
LINE
8
BLACK
6
CONTINUOUS
10
-0.3828525196850394
20
1.6607452755905512
11
-0.3863570078740157
21
1.6556681102362205
0
LINE
8
BLACK
6
CONTINUOUS
10
-0.3863570078740157
20
1.6556681102362205
11
-0.3909747244094488
21
1.6515771653543307
0
LINE
8
BLACK
6
CONTINUOUS
10
-0.3909747244094488
20
1.6515771653543307
11
-0.3964372834645669
21
1.6487101968503937
0
LINE
8
BLACK
6
CONTINUOUS
10
-0.3964372834645669
20
1.6487101968503937
11
-0.4024272047244095
21
1.6472338188976376
0
LINE
8
BLACK
6
CONTINUOUS
10
-0.4024272047244095
20
1.6472338188976376
11
-0.4085964173228346
21
1.6472338188976376
0
LINE
8
BLACK
6
CONTINUOUS
10
-0.4085964173228346
20
1.6472338188976376
11
-0.4145863385826772
21
1.6487101968503937
0
LINE
8
BLACK
6
CONTINUOUS
10
-0.4145863385826772
20
1.6487101968503937
11
-0.4200488976377953
21
1.6515771653543307
0
LINE
8
BLACK
6
CONTINUOUS
10
-0.4200488976377953
20
1.6515771653543307
11
-0.4246666141732283
21
1.6556681102362205
0
LINE
8
BLACK
6
CONTINUOUS
10
-0.4246666141732283
20
1.6556681102362205
11
-0.4281711023622047
21
1.6607452755905512
0
LINE
8
BLACK
6
CONTINUOUS
10
-0.4281711023622047
20
1.6607452755905512
11
-0.4303587401574803
21
1.6665135826771653
0
LINE
8
BLACK
6
CONTINUOUS
10
-0.4303587401574803
20
1.6665135826771653
11
-0.4311023622047244
21
1.6726377952755904
0
LINE
8
BLACK
6
CONTINUOUS
10
-0.4311023622047244
20
1.6726377952755904
11
-0.4303587401574803
21
1.6787620078740157
0
LINE
8
BLACK
6
CONTINUOUS
10
-0.4303587401574803
20
1.6787620078740157
11
-0.4281711023622047
21
1.6845303149606299
0
LINE
8
BLACK
6
CONTINUOUS
10
-0.4281711023622047
20
1.6845303149606299
11
-0.4249983070866142
21
1.689126968503937
0
LINE
8
BLACK
6
CONTINUOUS
10
-0.4249983070866142
20
1.689126968503937
11
-0.441787125984252
21
1.7059157874015747
0
LINE
8
BLACK
6
CONTINUOUS
10
-0.441787125984252
20
1.7059157874015747
11
-0.7506422047244095
21
1.7059157874015747
0
LINE
8
BLACK
6
CONTINUOUS
10
-0.7506422047244095
20
1.7059157874015747
11
-0.7497435433070866
21
1.7043592913385825
0
LINE
8
BLACK
6
CONTINUOUS
10
-0.7497435433070866
20
1.7043592913385825
11
-0.7475816929133858
21
1.6977057086614173
0
LINE
8
BLACK
6
CONTINUOUS
10
-0.7475816929133858
20
1.6977057086614173
11
-0.7468503937007874
21
1.690748031496063
0
LINE
8
BLACK
6
CONTINUOUS
10
-0.7468503937007874
20
1.690748031496063
11
-0.7475816929133858
21
1.6837903543307087
0
LINE
8
BLACK
6
CONTINUOUS
10
-0.7475816929133858
20
1.6837903543307087
11
-0.7497435433070866
21
1.6771367716535432
0
LINE
8
BLACK
6
CONTINUOUS
10
-0.7497435433070866
20
1.6771367716535432
11
-0.7532415748031496
21
1.6710780708661417
0
LINE
8
BLACK
6
CONTINUOUS
10
-0.7532415748031496
20
1.6710780708661417
11
-0.7579227952755906
21
1.6658790157480314
0
LINE
8
BLACK
6
CONTINUOUS
10
-0.7579227952755906
20
1.6658790157480314
11
-0.7635826771653543
21
1.6617668503937006
0
LINE
8
BLACK
6
CONTINUOUS
10
-0.7635826771653543
20
1.6617668503937006
11
-0.7699738582677165
21
1.6589213385826771
0
LINE
8
BLACK
6
CONTINUOUS
10
-0.7699738582677165
20
1.6589213385826771
11
-0.776816968503937
21
1.6574667716535432
0
LINE
8
BLACK
6
CONTINUOUS
10
-0.776816968503937
20
1.6574667716535432
11
-0.7838129527559055
21
1.6574667716535432
0
LINE
8
BLACK
6
CONTINUOUS
10
-0.7838129527559055
20
1.6574667716535432
11
-0.790656062992126
21
1.6589213385826771
0
LINE
8
BLACK
6
CONTINUOUS
10
-0.790656062992126
20
1.6589213385826771
11
-0.7970472440944881
21
1.6617668503937006
0
LINE
8
BLACK
6
CONTINUOUS
10
-0.7970472440944881
20
1.6617668503937006
11
-0.802707125984252
21
1.6658790157480314
0
LINE
8
BLACK
6
CONTINUOUS
10
-0.802707125984252
20
1.6658790157480314
11
-0.8073883464566929
21
1.6710780708661417
0
LINE
8
BLACK
6
CONTINUOUS
10
-0.8073883464566929
20
1.6710780708661417
11
-0.8108863779527559
21
1.6771367716535432
0
LINE
8
BLACK
6
CONTINUOUS
10
-0.8108863779527559
20
1.6771367716535432
11
-0.8130482283464566
21
1.6837903543307087
0
LINE
8
BLACK
6
CONTINUOUS
10
-0.8130482283464566
20
1.6837903543307087
11
-0.8137795275590551
21
1.690748031496063
0
LINE
8
BLACK
6
CONTINUOUS
10
-0.8137795275590551
20
1.690748031496063
11
-0.8130482283464566
21
1.6977057086614173
0
LINE
8
BLACK
6
CONTINUOUS
10
-0.8130482283464566
20
1.6977057086614173
11
-0.8108863779527559
21
1.7043592913385825
0
LINE
8
BLACK
6
CONTINUOUS
10
-0.8108863779527559
20
1.7043592913385825
11
-0.8073883464566929
21
1.7104179921259841
0
LINE
8
BLACK
6
CONTINUOUS
10
-0.8073883464566929
20
1.7104179921259841
11
-0.802707125984252
21
1.7156170472440944
0
LINE
8
BLACK
6
CONTINUOUS
10
-0.802707125984252
20
1.7156170472440944
11
-0.7970472440944881
21
1.7197292125984251
0
LINE
8
BLACK
6
CONTINUOUS
10
-0.7970472440944881
20
1.7197292125984251
11
-0.790656062992126
21
1.7225747244094487
0
LINE
8
BLACK
6
CONTINUOUS
10
-0.790656062992126
20
1.7225747244094487
11
-0.7838129527559055
21
1.7240292913385826
0
LINE
8
BLACK
6
CONTINUOUS
10
-0.7838129527559055
20
1.7240292913385826
11
-0.776816968503937
21
1.7240292913385826
0
LINE
8
BLACK
6
CONTINUOUS
10
-0.776816968503937
20
1.7240292913385826
11
-0.7699738582677165
21
1.7225747244094487
0
LINE
8
BLACK
6
CONTINUOUS
10
-0.4751774409448819
20
1.8540457086614173
11
-0.4697148818897638
21
1.8511787401574802
0
LINE
8
BLACK
6
CONTINUOUS
10
-0.4697148818897638
20
1.8511787401574802
11
-0.4650971653543307
21
1.8470877952755904
0
LINE
8
BLACK
6
CONTINUOUS
10
-0.4650971653543307
20
1.8470877952755904
11
-0.4615926771653543
21
1.8420106299212597
0
LINE
8
BLACK
6
CONTINUOUS
10
-0.4615926771653543
20
1.8420106299212597
11
-0.4594050393700787
21
1.8362423228346456
0
LINE
8
BLACK
6
CONTINUOUS
10
-0.4594050393700787
20
1.8362423228346456
11
-0.4586614173228346
21
1.8301181102362205
0
LINE
8
BLACK
6
CONTINUOUS
10
-0.4586614173228346
20
1.8301181102362205
11
-0.4594050393700787
21
1.8239938976377952
0
LINE
8
BLACK
6
CONTINUOUS
10
-0.4594050393700787
20
1.8239938976377952
11
-0.4615926771653543
21
1.818225590551181
0
LINE
8
BLACK
6
CONTINUOUS
10
-0.4615926771653543
20
1.818225590551181
11
-0.4650971653543307
21
1.8131484251968504
0
LINE
8
BLACK
6
CONTINUOUS
10
-0.4650971653543307
20
1.8131484251968504
11
-0.4697148818897638
21
1.8090574803149606
0
LINE
8
BLACK
6
CONTINUOUS
10
-0.4697148818897638
20
1.8090574803149606
11
-0.4751774409448819
21
1.8061905118110235
0
LINE
8
BLACK
6
CONTINUOUS
10
-0.4751774409448819
20
1.8061905118110235
11
-0.4811673622047244
21
1.8047141338582677
0
LINE
8
BLACK
6
CONTINUOUS
10
-0.4811673622047244
20
1.8047141338582677
11
-0.4873365748031496
21
1.8047141338582677
0
LINE
8
BLACK
6
CONTINUOUS
10
-0.4873365748031496
20
1.8047141338582677
11
-0.4917357480314961
21
1.8057984645669292
0
LINE
8
BLACK
6
CONTINUOUS
10
-0.4917357480314961
20
1.8057984645669292
11
-0.5605682677165355
21
1.736965905511811
0
LINE
8
BLACK
6
CONTINUOUS
10
-0.5605682677165355
20
1.736965905511811
11
-0.5614631889763779
21
1.7362314566929133
0
LINE
8
BLACK
6
CONTINUOUS
10
-0.5614631889763779
20
1.7362314566929133
11
-0.5627101968503937
21
1.7357149606299211
0
LINE
8
BLACK
6
CONTINUOUS
10
-0.5627101968503937
20
1.7357149606299211
11
-0.563591968503937
21
1.7353496850393701
0
LINE
8
BLACK
6
CONTINUOUS
10
-0.563591968503937
20
1.7353496850393701
11
-0.564744094488189
21
1.735236220472441
0
LINE
8
BLACK
6
CONTINUOUS
10
-0.564744094488189
20
1.735236220472441
11
-0.8274751181102362
21
1.735236220472441
0
LINE
8
BLACK
6
CONTINUOUS
10
-0.8274751181102362
20
1.735236220472441
11
-0.8528945275590551
21
1.7098168503937008
0
LINE
8
BLACK
6
CONTINUOUS
10
-0.8528945275590551
20
1.7098168503937008
11
-0.8497435433070866
21
1.7043592913385825
0
LINE
8
BLACK
6
CONTINUOUS
10
-0.8497435433070866
20
1.7043592913385825
11
-0.8475816929133858
21
1.6977057086614173
0
LINE
8
BLACK
6
CONTINUOUS
10
-0.8475816929133858
20
1.6977057086614173
11
-0.8468503937007874
21
1.690748031496063
0
LINE
8
BLACK
6
CONTINUOUS
10
-0.8468503937007874
20
1.690748031496063
11
-0.8475816929133858
21
1.6837903543307087
0
LINE
8
BLACK
6
CONTINUOUS
10
-0.8475816929133858
20
1.6837903543307087
11
-0.8497435433070866
21
1.6771367716535432
0
LINE
8
BLACK
6
CONTINUOUS
10
-0.8497435433070866
20
1.6771367716535432
11
-0.8532415748031495
21
1.6710780708661417
0
LINE
8
BLACK
6
CONTINUOUS
10
-0.8532415748031495
20
1.6710780708661417
11
-0.8579227952755906
21
1.6658790157480314
0
LINE
8
BLACK
6
CONTINUOUS
10
-0.8579227952755906
20
1.6658790157480314
11
-0.8635826771653543
21
1.6617668503937006
0
LINE
8
BLACK
6
CONTINUOUS
10
-0.8635826771653543
20
1.6617668503937006
11
-0.8699738582677166
21
1.6589213385826771
0
LINE
8
BLACK
6
CONTINUOUS
10
-0.8699738582677166
20
1.6589213385826771
11
-0.876816968503937
21
1.6574667716535432
0
LINE
8
BLACK
6
CONTINUOUS
10
-0.876816968503937
20
1.6574667716535432
11
-0.8838129527559055
21
1.6574667716535432
0
LINE
8
BLACK
6
CONTINUOUS
10
-0.8838129527559055
20
1.6574667716535432
11
-0.890656062992126
21
1.6589213385826771
0
LINE
8
BLACK
6
CONTINUOUS
10
-0.890656062992126
20
1.6589213385826771
11
-0.8970472440944882
21
1.6617668503937006
0
LINE
8
BLACK
6
CONTINUOUS
10
-0.8970472440944882
20
1.6617668503937006
11
-0.902707125984252
21
1.6658790157480314
0
LINE
8
BLACK
6
CONTINUOUS
10
-0.902707125984252
20
1.6658790157480314
11
-0.9073883464566929
21
1.6710780708661417
0
LINE
8
BLACK
6
CONTINUOUS
10
-0.9073883464566929
20
1.6710780708661417
11
-0.9108863779527558
21
1.6771367716535432
0
LINE
8
BLACK
6
CONTINUOUS
10
-0.9108863779527558
20
1.6771367716535432
11
-0.9130482283464567
21
1.6837903543307087
0
LINE
8
BLACK
6
CONTINUOUS
10
-0.9130482283464567
20
1.6837903543307087
11
-0.9137795275590551
21
1.690748031496063
0
LINE
8
BLACK
6
CONTINUOUS
10
-0.9137795275590551
20
1.690748031496063
11
-0.9130482283464567
21
1.6977057086614173
0
LINE
8
BLACK
6
CONTINUOUS
10
-0.9130482283464567
20
1.6977057086614173
11
-0.9108863779527558
21
1.7043592913385825
0
LINE
8
BLACK
6
CONTINUOUS
10
-0.9108863779527558
20
1.7043592913385825
11
-0.9073883464566929
21
1.7104179921259841
0
LINE
8
BLACK
6
CONTINUOUS
10
-0.9073883464566929
20
1.7104179921259841
11
-0.902707125984252
21
1.7156170472440944
0
LINE
8
BLACK
6
CONTINUOUS
10
-0.902707125984252
20
1.7156170472440944
11
-0.8970472440944882
21
1.7197292125984251
0
LINE
8
BLACK
6
CONTINUOUS
10
-0.8970472440944882
20
1.7197292125984251
11
-0.890656062992126
21
1.7225747244094487
0
LINE
8
BLACK
6
CONTINUOUS
10
-0.890656062992126
20
1.7225747244094487
11
-0.8838129527559055
21
1.7240292913385826
0
LINE
8
BLACK
6
CONTINUOUS
10
-0.8838129527559055
20
1.7240292913385826
11
-0.876816968503937
21
1.7240292913385826
0
LINE
8
BLACK
6
CONTINUOUS
10
-0.876816968503937
20
1.7240292913385826
11
-0.8699738582677166
21
1.7225747244094487
0
LINE
8
BLACK
6
CONTINUOUS
10
-0.8699738582677166
20
1.7225747244094487
11
-0.8635826771653543
21
1.7197292125984251
0
LINE
8
BLACK
6
CONTINUOUS
10
-0.8635826771653543
20
1.7197292125984251
11
-0.8613254330708662
21
1.7180892519685038
0
LINE
8
BLACK
6
CONTINUOUS
10
-0.8613254330708662
20
1.7180892519685038
11
-0.8340970866141733
21
1.745317559055118
0
LINE
8
BLACK
6
CONTINUOUS
10
-0.8340970866141733
20
1.745317559055118
11
-0.8332022047244094
21
1.7460520078740156
0
LINE
8
BLACK
6
CONTINUOUS
10
-0.8332022047244094
20
1.7460520078740156
11
-0.8316968897637795
21
1.7466755118110235
0
LINE
8
BLACK
6
CONTINUOUS
10
-0.8316968897637795
20
1.7466755118110235
11
-0.8310733858267716
21
1.746933779527559
0
LINE
8
BLACK
6
CONTINUOUS
10
-0.8310733858267716
20
1.746933779527559
11
-0.8299212598425196
21
1.7470472440944882
0
LINE
8
BLACK
6
CONTINUOUS
10
-0.8299212598425196
20
1.7470472440944882
11
-0.5671902362204724
21
1.7470472440944882
0
LINE
8
BLACK
6
CONTINUOUS
10
-0.5671902362204724
20
1.7470472440944882
11
-0.5021778346456692
21
1.81205968503937
0
LINE
8
BLACK
6
CONTINUOUS
10
-0.5021778346456692
20
1.81205968503937
11
-0.5034067716535433
21
1.8131484251968504
0
LINE
8
BLACK
6
CONTINUOUS
10
-0.5034067716535433
20
1.8131484251968504
11
-0.5069112598425197
21
1.818225590551181
0
LINE
8
BLACK
6
CONTINUOUS
10
-0.5069112598425197
20
1.818225590551181
11
-0.5090988976377953
21
1.8239938976377952
0
LINE
8
BLACK
6
CONTINUOUS
10
-0.5090988976377953
20
1.8239938976377952
11
-0.5098425196850394
21
1.8301181102362205
0
LINE
8
BLACK
6
CONTINUOUS
10
-0.5098425196850394
20
1.8301181102362205
11
-0.5090988976377953
21
1.8362423228346456
0
LINE
8
BLACK
6
CONTINUOUS
10
-0.5090988976377953
20
1.8362423228346456
11
-0.5069112598425197
21
1.8420106299212597
0
LINE
8
BLACK
6
CONTINUOUS
10
-0.5069112598425197
20
1.8420106299212597
11
-0.5034067716535433
21
1.8470877952755904
0
LINE
8
BLACK
6
CONTINUOUS
10
-0.5034067716535433
20
1.8470877952755904
11
-0.4987890551181102
21
1.8511787401574802
0
LINE
8
BLACK
6
CONTINUOUS
10
-0.4987890551181102
20
1.8511787401574802
11
-0.4933264960629921
21
1.8540457086614173
0
LINE
8
BLACK
6
CONTINUOUS
10
-0.4933264960629921
20
1.8540457086614173
11
-0.4873365748031496
21
1.8555220866141733
0
LINE
8
BLACK
6
CONTINUOUS
10
-0.4873365748031496
20
1.8555220866141733
11
-0.4811673622047244
21
1.8555220866141733
0
LINE
8
BLACK
6
CONTINUOUS
10
-0.4811673622047244
20
1.8555220866141733
11
-0.4751774409448819
21
1.8540457086614173
0
LINE
8
BLACK
6
CONTINUOUS
10
-0.4751774409448819
20
1.7753055511811022
11
-0.4697148818897638
21
1.7724385826771654
0
LINE
8
BLACK
6
CONTINUOUS
10
-0.4697148818897638
20
1.7724385826771654
11
-0.4650971653543307
21
1.7683476377952756
0
LINE
8
BLACK
6
CONTINUOUS
10
-0.4650971653543307
20
1.7683476377952756
11
-0.4615926771653543
21
1.7632704724409449
0
LINE
8
BLACK
6
CONTINUOUS
10
-0.4615926771653543
20
1.7632704724409449
11
-0.4594050393700787
21
1.7575021653543306
0
LINE
8
BLACK
6
CONTINUOUS
10
-0.4594050393700787
20
1.7575021653543306
11
-0.4586614173228346
21
1.7513779527559055
0
LINE
8
BLACK
6
CONTINUOUS
10
-0.4586614173228346
20
1.7513779527559055
11
-0.4594050393700787
21
1.7452537401574804
0
LINE
8
BLACK
6
CONTINUOUS
10
-0.4594050393700787
20
1.7452537401574804
11
-0.4615926771653543
21
1.739485433070866
0
LINE
8
BLACK
6
CONTINUOUS
10
-0.4615926771653543
20
1.739485433070866
11
-0.4650971653543307
21
1.7344082677165353
0
LINE
8
BLACK
6
CONTINUOUS
10
-0.4650971653543307
20
1.7344082677165353
11
-0.4697148818897638
21
1.7303173228346456
0
LINE
8
BLACK
6
CONTINUOUS
10
-0.4697148818897638
20
1.7303173228346456
11
-0.4751774409448819
21
1.7274503543307087
0
LINE
8
BLACK
6
CONTINUOUS
10
-0.4751774409448819
20
1.7274503543307087
11
-0.4811673622047244
21
1.7259739763779527
0
LINE
8
BLACK
6
CONTINUOUS
10
-0.4811673622047244
20
1.7259739763779527
11
-0.4873365748031496
21
1.7259739763779527
0
LINE
8
BLACK
6
CONTINUOUS
10
-0.4873365748031496
20
1.7259739763779527
11
-0.4933264960629921
21
1.7274503543307087
0
LINE
8
BLACK
6
CONTINUOUS
10
-0.4933264960629921
20
1.7274503543307087
11
-0.4987890551181102
21
1.7303173228346456
0
LINE
8
BLACK
6
CONTINUOUS
10
-0.4987890551181102
20
1.7303173228346456
11
-0.5034067716535433
21
1.7344082677165353
0
LINE
8
BLACK
6
CONTINUOUS
10
-0.5034067716535433
20
1.7344082677165353
11
-0.5069112598425197
21
1.739485433070866
0
LINE
8
BLACK
6
CONTINUOUS
10
-0.5069112598425197
20
1.739485433070866
11
-0.5090988976377953
21
1.7452537401574804
0
LINE
8
BLACK
6
CONTINUOUS
10
-0.5090988976377953
20
1.7452537401574804
11
-0.5098425196850394
21
1.7513779527559055
0
LINE
8
BLACK
6
CONTINUOUS
10
-0.5098425196850394
20
1.7513779527559055
11
-0.5090988976377953
21
1.7575021653543306
0
LINE
8
BLACK
6
CONTINUOUS
10
-0.5090988976377953
20
1.7575021653543306
11
-0.5069112598425197
21
1.7632704724409449
0
LINE
8
BLACK
6
CONTINUOUS
10
-0.5069112598425197
20
1.7632704724409449
11
-0.5034067716535433
21
1.7683476377952756
0
LINE
8
BLACK
6
CONTINUOUS
10
-0.5034067716535433
20
1.7683476377952756
11
-0.4987890551181102
21
1.7724385826771654
0
LINE
8
BLACK
6
CONTINUOUS
10
-0.4987890551181102
20
1.7724385826771654
11
-0.4933264960629921
21
1.7753055511811022
0
LINE
8
BLACK
6
CONTINUOUS
10
-0.4933264960629921
20
1.7753055511811022
11
-0.4873365748031496
21
1.7767819291338582
0
LINE
8
BLACK
6
CONTINUOUS
10
-0.4873365748031496
20
1.7767819291338582
11
-0.4811673622047244
21
1.7767819291338582
0
LINE
8
BLACK
6
CONTINUOUS
10
-0.4811673622047244
20
1.7767819291338582
11
-0.4751774409448819
21
1.7753055511811022
0
LINE
8
BLACK
6
CONTINUOUS
10
-0.8699738582677166
20
2.022574724409449
11
-0.8635826771653543
21
2.019729212598425
0
LINE
8
BLACK
6
CONTINUOUS
10
-0.8635826771653543
20
2.019729212598425
11
-0.8579227952755906
21
2.0156170472440946
0
LINE
8
BLACK
6
CONTINUOUS
10
-0.8579227952755906
20
2.0156170472440946
11
-0.8532415748031495
21
2.0104179921259844
0
LINE
8
BLACK
6
CONTINUOUS
10
-0.8532415748031495
20
2.0104179921259844
11
-0.8497435433070866
21
2.0043592913385826
0
LINE
8
BLACK
6
CONTINUOUS
10
-0.8497435433070866
20
2.0043592913385826
11
-0.8475816929133858
21
1.9977057086614172
0
LINE
8
BLACK
6
CONTINUOUS
10
-0.8475816929133858
20
1.9977057086614172
11
-0.8468503937007874
21
1.9907480314960631
0
LINE
8
BLACK
6
CONTINUOUS
10
-0.8468503937007874
20
1.9907480314960631
11
-0.8475816929133858
21
1.9837903543307087
0
LINE
8
BLACK
6
CONTINUOUS
10
-0.8475816929133858
20
1.9837903543307087
11
-0.8497435433070866
21
1.9771367716535433
0
LINE
8
BLACK
6
CONTINUOUS
10
-0.8497435433070866
20
1.9771367716535433
11
-0.8528945275590551
21
1.9716792519685038
0
LINE
8
BLACK
6
CONTINUOUS
10
-0.8528945275590551
20
1.9716792519685038
11
-0.8270814173228346
21
1.9458661417322833
0
LINE
8
BLACK
6
CONTINUOUS
10
-0.8270814173228346
20
1.9458661417322833
11
-0.5337059842519685
21
1.9458661417322833
0
LINE
8
BLACK
6
CONTINUOUS
10
-0.5337059842519685
20
1.9458661417322833
11
-0.5204750393700788
21
1.9590970866141733
0
LINE
8
BLACK
6
CONTINUOUS
10
-0.5204750393700788
20
1.9590970866141733
11
-0.5195801181102362
21
1.9598315354330709
0
LINE
8
BLACK
6
CONTINUOUS
10
-0.5195801181102362
20
1.9598315354330709
11
-0.5183331102362204
21
1.9603480708661416
0
LINE
8
BLACK
6
CONTINUOUS
10
-0.5183331102362204
20
1.9603480708661416
11
-0.5174513385826771
21
1.9607133070866141
0
LINE
8
BLACK
6
CONTINUOUS
10
-0.5174513385826771
20
1.9607133070866141
11
-0.5162992125984252
21
1.9608267716535432
0
LINE
8
BLACK
6
CONTINUOUS
10
-0.5162992125984252
20
1.9608267716535432
11
-0.4611811023622047
21
1.9608267716535432
0
LINE
8
BLACK
6
CONTINUOUS
10
-0.4611811023622047
20
1.9608267716535432
11
-0.4600289763779528
21
1.9607133070866141
0
LINE
8
BLACK
6
CONTINUOUS
10
-0.4600289763779528
20
1.9607133070866141
11
-0.4591472047244095
21
1.9603480708661416
0
LINE
8
BLACK
6
CONTINUOUS
10
-0.4591472047244095
20
1.9603480708661416
11
-0.4579001968503937
21
1.9598315354330709
0
LINE
8
BLACK
6
CONTINUOUS
10
-0.4579001968503937
20
1.9598315354330709
11
-0.4570052755905512
21
1.9590970866141733
0
LINE
8
BLACK
6
CONTINUOUS
10
-0.4570052755905512
20
1.9590970866141733
11
-0.4392887401574803
21
1.9413805511811024
0
LINE
8
BLACK
6
CONTINUOUS
10
-0.4392887401574803
20
1.9413805511811024
11
-0.4385542913385826
21
1.9404856299212598
0
LINE
8
BLACK
6
CONTINUOUS
10
-0.4385542913385826
20
1.9404856299212598
11
-0.4380377952755906
21
1.939238622047244
0
LINE
8
BLACK
6
CONTINUOUS
10
-0.4380377952755906
20
1.939238622047244
11
-0.4376725196850393
21
1.9383568503937008
0
LINE
8
BLACK
6
CONTINUOUS
10
-0.4376725196850393
20
1.9383568503937008
11
-0.4375590551181102
21
1.9372047244094488
0
LINE
8
BLACK
6
CONTINUOUS
10
-0.4375590551181102
20
1.9372047244094488
11
-0.4375590551181102
21
1.7971311811023623
0
LINE
8
BLACK
6
CONTINUOUS
10
-0.4375590551181102
20
1.7971311811023623
11
-0.4153386220472441
21
1.7749107480314961
0
LINE
8
BLACK
6
CONTINUOUS
10
-0.4153386220472441
20
1.7749107480314961
11
-0.4145863385826772
21
1.7753055511811022
0
LINE
8
BLACK
6
CONTINUOUS
10
-0.4145863385826772
20
1.7753055511811022
11
-0.4085964173228346
21
1.7767819291338582
0
LINE
8
BLACK
6
CONTINUOUS
10
-0.4085964173228346
20
1.7767819291338582
11
-0.4024272047244095
21
1.7767819291338582
0
LINE
8
BLACK
6
CONTINUOUS
10
-0.4024272047244095
20
1.7767819291338582
11
-0.3964372834645669
21
1.7753055511811022
0
LINE
8
BLACK
6
CONTINUOUS
10
-0.3964372834645669
20
1.7753055511811022
11
-0.3909747244094488
21
1.7724385826771654
0
LINE
8
BLACK
6
CONTINUOUS
10
-0.3909747244094488
20
1.7724385826771654
11
-0.3863570078740157
21
1.7683476377952756
0
LINE
8
BLACK
6
CONTINUOUS
10
-0.3863570078740157
20
1.7683476377952756
11
-0.3828525196850394
21
1.7632704724409449
0
LINE
8
BLACK
6
CONTINUOUS
10
-0.3828525196850394
20
1.7632704724409449
11
-0.3806648818897638
21
1.7575021653543306
0
LINE
8
BLACK
6
CONTINUOUS
10
-0.3806648818897638
20
1.7575021653543306
11
-0.3799212598425197
21
1.7513779527559055
0
LINE
8
BLACK
6
CONTINUOUS
10
-0.3799212598425197
20
1.7513779527559055
11
-0.3806648818897638
21
1.7452537401574804
0
LINE
8
BLACK
6
CONTINUOUS
10
-0.3806648818897638
20
1.7452537401574804
11
-0.3828525196850394
21
1.739485433070866
0
LINE
8
BLACK
6
CONTINUOUS
10
-0.3828525196850394
20
1.739485433070866
11
-0.3863570078740157
21
1.7344082677165353
0
LINE
8
BLACK
6
CONTINUOUS
10
-0.3863570078740157
20
1.7344082677165353
11
-0.3909747244094488
21
1.7303173228346456
0
LINE
8
BLACK
6
CONTINUOUS
10
-0.3909747244094488
20
1.7303173228346456
11
-0.3964372834645669
21
1.7274503543307087
0
LINE
8
BLACK
6
CONTINUOUS
10
-0.3964372834645669
20
1.7274503543307087
11
-0.4024272047244095
21
1.7259739763779527
0
LINE
8
BLACK
6
CONTINUOUS
10
-0.4024272047244095
20
1.7259739763779527
11
-0.4085964173228346
21
1.7259739763779527
0
LINE
8
BLACK
6
CONTINUOUS
10
-0.4085964173228346
20
1.7259739763779527
11
-0.4145863385826772
21
1.7274503543307087
0
LINE
8
BLACK
6
CONTINUOUS
10
-0.4145863385826772
20
1.7274503543307087
11
-0.4200488976377953
21
1.7303173228346456
0
LINE
8
BLACK
6
CONTINUOUS
10
-0.4200488976377953
20
1.7303173228346456
11
-0.4246666141732283
21
1.7344082677165353
0
LINE
8
BLACK
6
CONTINUOUS
10
-0.4246666141732283
20
1.7344082677165353
11
-0.4281711023622047
21
1.739485433070866
0
LINE
8
BLACK
6
CONTINUOUS
10
-0.4281711023622047
20
1.739485433070866
11
-0.4303587401574803
21
1.7452537401574804
0
LINE
8
BLACK
6
CONTINUOUS
10
-0.4303587401574803
20
1.7452537401574804
11
-0.4311023622047244
21
1.7513779527559055
0
LINE
8
BLACK
6
CONTINUOUS
10
-0.4311023622047244
20
1.7513779527559055
11
-0.4303587401574803
21
1.7575021653543306
0
LINE
8
BLACK
6
CONTINUOUS
10
-0.4303587401574803
20
1.7575021653543306
11
-0.4281711023622047
21
1.7632704724409449
0
LINE
8
BLACK
6
CONTINUOUS
10
-0.4281711023622047
20
1.7632704724409449
11
-0.4249983070866142
21
1.767867125984252
0
LINE
8
BLACK
6
CONTINUOUS
10
-0.4249983070866142
20
1.767867125984252
11
-0.4476403937007874
21
1.7905092125984252
0
LINE
8
BLACK
6
CONTINUOUS
10
-0.4476403937007874
20
1.7905092125984252
11
-0.448374842519685
21
1.7914041338582676
0
LINE
8
BLACK
6
CONTINUOUS
10
-0.448374842519685
20
1.7914041338582676
11
-0.4492566141732283
21
1.7935329527559054
0
LINE
8
BLACK
6
CONTINUOUS
10
-0.4492566141732283
20
1.7935329527559054
11
-0.4493700787401575
21
1.7946850393700786
0
LINE
8
BLACK
6
CONTINUOUS
10
-0.4493700787401575
20
1.7946850393700786
11
-0.4493700787401575
21
1.9347585826771654
0
LINE
8
BLACK
6
CONTINUOUS
10
-0.4493700787401575
20
1.9347585826771654
11
-0.4636272440944882
21
1.949015748031496
0
LINE
8
BLACK
6
CONTINUOUS
10
-0.4636272440944882
20
1.949015748031496
11
-0.5138530708661417
21
1.949015748031496
0
LINE
8
BLACK
6
CONTINUOUS
10
-0.5138530708661417
20
1.949015748031496
11
-0.5270840157480314
21
1.9357848031496063
0
LINE
8
BLACK
6
CONTINUOUS
10
-0.5270840157480314
20
1.9357848031496063
11
-0.527978937007874
21
1.9350503543307087
0
LINE
8
BLACK
6
CONTINUOUS
10
-0.527978937007874
20
1.9350503543307087
11
-0.528633937007874
21
1.9347790551181101
0
LINE
8
BLACK
6
CONTINUOUS
10
-0.528633937007874
20
1.9347790551181101
11
-0.5301077165354331
21
1.9341685826771653
0
LINE
8
BLACK
6
CONTINUOUS
10
-0.5301077165354331
20
1.9341685826771653
11
-0.5312598425196851
21
1.9340551181102361
0
LINE
8
BLACK
6
CONTINUOUS
10
-0.5312598425196851
20
1.9340551181102361
11
-0.8295275590551181
21
1.9340551181102361
0
LINE
8
BLACK
6
CONTINUOUS
10
-0.8295275590551181
20
1.9340551181102361
11
-0.8306796850393701
21
1.9341685826771653
0
LINE
8
BLACK
6
CONTINUOUS
10
-0.8306796850393701
20
1.9341685826771653
11
-0.8321534645669291
21
1.9347790551181101
0
LINE
8
BLACK
6
CONTINUOUS
10
-0.8321534645669291
20
1.9347790551181101
11
-0.8328085039370079
21
1.9350503543307087
0
LINE
8
BLACK
6
CONTINUOUS
10
-0.8328085039370079
20
1.9350503543307087
11
-0.8337033858267716
21
1.9357848031496063
0
LINE
8
BLACK
6
CONTINUOUS
10
-0.8337033858267716
20
1.9357848031496063
11
-0.8613254330708662
21
1.9634068503937008
0
LINE
8
BLACK
6
CONTINUOUS
10
-0.8613254330708662
20
1.9634068503937008
11
-0.8635826771653543
21
1.9617668503937007
0
LINE
8
BLACK
6
CONTINUOUS
10
-0.8635826771653543
20
1.9617668503937007
11
-0.8699738582677166
21
1.9589213385826771
0
LINE
8
BLACK
6
CONTINUOUS
10
-0.8699738582677166
20
1.9589213385826771
11
-0.876816968503937
21
1.9574667716535432
0
LINE
8
BLACK
6
CONTINUOUS
10
-0.876816968503937
20
1.9574667716535432
11
-0.8838129527559055
21
1.9574667716535432
0
LINE
8
BLACK
6
CONTINUOUS
10
-0.8838129527559055
20
1.9574667716535432
11
-0.890656062992126
21
1.9589213385826771
0
LINE
8
BLACK
6
CONTINUOUS
10
-0.890656062992126
20
1.9589213385826771
11
-0.8970472440944882
21
1.9617668503937007
0
LINE
8
BLACK
6
CONTINUOUS
10
-0.8970472440944882
20
1.9617668503937007
11
-0.902707125984252
21
1.9658790157480315
0
LINE
8
BLACK
6
CONTINUOUS
10
-0.902707125984252
20
1.9658790157480315
11
-0.9073883464566929
21
1.9710780708661417
0
LINE
8
BLACK
6
CONTINUOUS
10
-0.9073883464566929
20
1.9710780708661417
11
-0.9108863779527558
21
1.9771367716535433
0
LINE
8
BLACK
6
CONTINUOUS
10
-0.9108863779527558
20
1.9771367716535433
11
-0.9130482283464567
21
1.9837903543307087
0
LINE
8
BLACK
6
CONTINUOUS
10
-0.9130482283464567
20
1.9837903543307087
11
-0.9137795275590551
21
1.9907480314960631
0
LINE
8
BLACK
6
CONTINUOUS
10
-0.9137795275590551
20
1.9907480314960631
11
-0.9130482283464567
21
1.9977057086614172
0
LINE
8
BLACK
6
CONTINUOUS
10
-0.9130482283464567
20
1.9977057086614172
11
-0.9108863779527558
21
2.0043592913385826
0
LINE
8
BLACK
6
CONTINUOUS
10
-0.9108863779527558
20
2.0043592913385826
11
-0.9073883464566929
21
2.0104179921259844
0
LINE
8
BLACK
6
CONTINUOUS
10
-0.9073883464566929
20
2.0104179921259844
11
-0.902707125984252
21
2.0156170472440946
0
LINE
8
BLACK
6
CONTINUOUS
10
-0.902707125984252
20
2.0156170472440946
11
-0.8970472440944882
21
2.019729212598425
0
LINE
8
BLACK
6
CONTINUOUS
10
-0.8970472440944882
20
2.019729212598425
11
-0.890656062992126
21
2.022574724409449
0
LINE
8
BLACK
6
CONTINUOUS
10
-0.890656062992126
20
2.022574724409449
11
-0.8838129527559055
21
2.0240292913385827
0
LINE
8
BLACK
6
CONTINUOUS
10
-0.8838129527559055
20
2.0240292913385827
11
-0.876816968503937
21
2.0240292913385827
0
LINE
8
BLACK
6
CONTINUOUS
10
-0.876816968503937
20
2.0240292913385827
11
-0.8699738582677166
21
2.022574724409449
0
LINE
8
BLACK
6
CONTINUOUS
10
-0.7699738582677165
20
2.022574724409449
11
-0.7635826771653543
21
2.019729212598425
0
LINE
8
BLACK
6
CONTINUOUS
10
-0.7635826771653543
20
2.019729212598425
11
-0.7579227952755906
21
2.0156170472440946
0
LINE
8
BLACK
6
CONTINUOUS
10
-0.7579227952755906
20
2.0156170472440946
11
-0.7532415748031496
21
2.0104179921259844
0
LINE
8
BLACK
6
CONTINUOUS
10
-0.7532415748031496
20
2.0104179921259844
11
-0.7497435433070866
21
2.0043592913385826
0
LINE
8
BLACK
6
CONTINUOUS
10
-0.7497435433070866
20
2.0043592913385826
11
-0.7475816929133858
21
1.9977057086614172
0
LINE
8
BLACK
6
CONTINUOUS
10
-0.7475816929133858
20
1.9977057086614172
11
-0.7468503937007874
21
1.9907480314960631
0
LINE
8
BLACK
6
CONTINUOUS
10
-0.7468503937007874
20
1.9907480314960631
11
-0.7475816929133858
21
1.9837903543307087
0
LINE
8
BLACK
6
CONTINUOUS
10
-0.7475816929133858
20
1.9837903543307087
11
-0.7497435433070866
21
1.9771367716535433
0
LINE
8
BLACK
6
CONTINUOUS
10
-0.7497435433070866
20
1.9771367716535433
11
-0.7532415748031496
21
1.9710780708661417
0
LINE
8
BLACK
6
CONTINUOUS
10
-0.7532415748031496
20
1.9710780708661417
11
-0.7534518503937008
21
1.9708446062992127
0
LINE
8
BLACK
6
CONTINUOUS
10
-0.7534518503937008
20
1.9708446062992127
11
-0.7463867716535433
21
1.963779527559055
0
LINE
8
BLACK
6
CONTINUOUS
10
-0.7463867716535433
20
1.963779527559055
11
-0.7210236220472441
21
1.963779527559055
0
LINE
8
BLACK
6
CONTINUOUS
10
-0.7210236220472441
20
1.963779527559055
11
-0.7200635433070866
21
1.9636849606299212
0
LINE
8
BLACK
6
CONTINUOUS
10
-0.7200635433070866
20
1.9636849606299212
11
-0.7200635039370079
21
1.9636849606299212
0
LINE
8
BLACK
6
CONTINUOUS
10
-0.7200635039370079
20
1.9636849606299212
11
-0.7198165748031496
21
1.9635826771653544
0
LINE
8
BLACK
6
CONTINUOUS
10
-0.7198165748031496
20
1.9635826771653544
11
-0.5410444094488189
21
1.9635826771653544
0
LINE
8
BLACK
6
CONTINUOUS
10
-0.5410444094488189
20
1.9635826771653544
11
-0.5275251574803149
21
1.9771019291338583
0
LINE
8
BLACK
6
CONTINUOUS
10
-0.5275251574803149
20
1.9771019291338583
11
-0.5267794094488188
21
1.977713937007874
0
LINE
8
BLACK
6
CONTINUOUS
10
-0.5267794094488188
20
1.977713937007874
11
-0.5250053937007874
21
1.9784487401574802
0
LINE
8
BLACK
6
CONTINUOUS
10
-0.5250053937007874
20
1.9784487401574802
11
-0.5240453149606299
21
1.9785433070866141
0
LINE
8
BLACK
6
CONTINUOUS
10
-0.5240453149606299
20
1.9785433070866141
11
-0.409015748031496
21
1.9785433070866141
0
LINE
8
BLACK
6
CONTINUOUS
10
-0.409015748031496
20
1.9785433070866141
11
-0.4080556692913386
21
1.9784487401574802
0
LINE
8
BLACK
6
CONTINUOUS
10
-0.4080556692913386
20
1.9784487401574802
11
-0.4080556299212598
21
1.9784487401574802
0
LINE
8
BLACK
6
CONTINUOUS
10
-0.4080556299212598
20
1.9784487401574802
11
-0.407536062992126
21
1.9782335433070866
0
LINE
8
BLACK
6
CONTINUOUS
10
-0.407536062992126
20
1.9782335433070866
11
-0.4062816535433071
21
1.977713937007874
0
LINE
8
BLACK
6
CONTINUOUS
10
-0.4062816535433071
20
1.977713937007874
11
-0.4062814566929134
21
1.9777137401574802
0
LINE
8
BLACK
6
CONTINUOUS
10
-0.4062814566929134
20
1.9777137401574802
11
-0.405535905511811
21
1.9771018897637795
0
LINE
8
BLACK
6
CONTINUOUS
10
-0.405535905511811
20
1.9771018897637795
11
-0.363213031496063
21
1.9347790551181101
0
LINE
8
BLACK
6
CONTINUOUS
10
-0.363213031496063
20
1.9347790551181101
11
-0.3626010236220472
21
1.934033307086614
0
LINE
8
BLACK
6
CONTINUOUS
10
-0.3626010236220472
20
1.934033307086614
11
-0.3618662204724409
21
1.9322592913385825
0
LINE
8
BLACK
6
CONTINUOUS
10
-0.3618662204724409
20
1.9322592913385825
11
-0.3617716535433071
21
1.9312992125984252
0
LINE
8
BLACK
6
CONTINUOUS
10
-0.3617716535433071
20
1.9312992125984252
11
-0.3617716535433071
21
1.7933376771653542
0
LINE
8
BLACK
6
CONTINUOUS
10
-0.3617716535433071
20
1.7933376771653542
11
-0.3410227165354331
21
1.7725887401574802
0
LINE
8
BLACK
6
CONTINUOUS
10
-0.3410227165354331
20
1.7725887401574802
11
-0.3358461811023622
21
1.7753055511811022
0
LINE
8
BLACK
6
CONTINUOUS
10
-0.3358461811023622
20
1.7753055511811022
11
-0.3298562598425197
21
1.7767819291338582
0
LINE
8
BLACK
6
CONTINUOUS
10
-0.3298562598425197
20
1.7767819291338582
11
-0.3236870472440945
21
1.7767819291338582
0
LINE
8
BLACK
6
CONTINUOUS
10
-0.3236870472440945
20
1.7767819291338582
11
-0.317697125984252
21
1.7753055511811022
0
LINE
8
BLACK
6
CONTINUOUS
10
-0.317697125984252
20
1.7753055511811022
11
-0.3122345669291339
21
1.7724385826771654
0
LINE
8
BLACK
6
CONTINUOUS
10
-0.3122345669291339
20
1.7724385826771654
11
-0.3076168503937008
21
1.7683476377952756
0
LINE
8
BLACK
6
CONTINUOUS
10
-0.3076168503937008
20
1.7683476377952756
11
-0.3041123622047244
21
1.7632704724409449
0
LINE
8
BLACK
6
CONTINUOUS
10
-0.3041123622047244
20
1.7632704724409449
11
-0.3019247244094488
21
1.7575021653543306
0
LINE
8
BLACK
6
CONTINUOUS
10
-0.3019247244094488
20
1.7575021653543306
11
-0.3011811023622047
21
1.7513779527559055
0
LINE
8
BLACK
6
CONTINUOUS
10
-0.3011811023622047
20
1.7513779527559055
11
-0.3019247244094488
21
1.7452537401574804
0
LINE
8
BLACK
6
CONTINUOUS
10
-0.3019247244094488
20
1.7452537401574804
11
-0.3041123622047244
21
1.739485433070866
0
LINE
8
BLACK
6
CONTINUOUS
10
-0.3041123622047244
20
1.739485433070866
11
-0.3076168503937008
21
1.7344082677165353
0
LINE
8
BLACK
6
CONTINUOUS
10
-0.3076168503937008
20
1.7344082677165353
11
-0.3122345669291339
21
1.7303173228346456
0
LINE
8
BLACK
6
CONTINUOUS
10
-0.3122345669291339
20
1.7303173228346456
11
-0.317697125984252
21
1.7274503543307087
0
LINE
8
BLACK
6
CONTINUOUS
10
-0.317697125984252
20
1.7274503543307087
11
-0.3236870472440945
21
1.7259739763779527
0
LINE
8
BLACK
6
CONTINUOUS
10
-0.3236870472440945
20
1.7259739763779527
11
-0.3298562598425197
21
1.7259739763779527
0
LINE
8
BLACK
6
CONTINUOUS
10
-0.3298562598425197
20
1.7259739763779527
11
-0.3358461811023622
21
1.7274503543307087
0
LINE
8
BLACK
6
CONTINUOUS
10
-0.3358461811023622
20
1.7274503543307087
11
-0.3413087401574803
21
1.7303173228346456
0
LINE
8
BLACK
6
CONTINUOUS
10
-0.3413087401574803
20
1.7303173228346456
11
-0.3459264566929134
21
1.7344082677165353
0
LINE
8
BLACK
6
CONTINUOUS
10
-0.3459264566929134
20
1.7344082677165353
11
-0.3494309448818897
21
1.739485433070866
0
LINE
8
BLACK
6
CONTINUOUS
10
-0.3494309448818897
20
1.739485433070866
11
-0.3516185826771653
21
1.7452537401574804
0
LINE
8
BLACK
6
CONTINUOUS
10
-0.3516185826771653
20
1.7452537401574804
11
-0.3523622047244094
21
1.7513779527559055
0
LINE
8
BLACK
6
CONTINUOUS
10
-0.3523622047244094
20
1.7513779527559055
11
-0.3516185826771653
21
1.7575021653543306
0
LINE
8
BLACK
6
CONTINUOUS
10
-0.3516185826771653
20
1.7575021653543306
11
-0.3494309448818897
21
1.7632704724409449
0
LINE
8
BLACK
6
CONTINUOUS
10
-0.3494309448818897
20
1.7632704724409449
11
-0.3478762598425197
21
1.765522874015748
0
LINE
8
BLACK
6
CONTINUOUS
10
-0.3478762598425197
20
1.765522874015748
11
-0.3701727559055118
21
1.7878193700787401
0
LINE
8
BLACK
6
CONTINUOUS
10
-0.3701727559055118
20
1.7878193700787401
11
-0.3707846062992126
21
1.7885649212598425
0
LINE
8
BLACK
6
CONTINUOUS
10
-0.3707846062992126
20
1.7885649212598425
11
-0.3707848031496063
21
1.7885651181102362
0
LINE
8
BLACK
6
CONTINUOUS
10
-0.3707848031496063
20
1.7885651181102362
11
-0.3715196062992126
21
1.7903391338582677
0
LINE
8
BLACK
6
CONTINUOUS
10
-0.3715196062992126
20
1.7903391338582677
11
-0.3716141732283464
21
1.7912992125984251
0
LINE
8
BLACK
6
CONTINUOUS
10
-0.3716141732283464
20
1.7912992125984251
11
-0.3716141732283464
21
1.9292607874015748
0
LINE
8
BLACK
6
CONTINUOUS
10
-0.3716141732283464
20
1.9292607874015748
11
-0.4110541732283464
21
1.9687007874015747
0
LINE
8
BLACK
6
CONTINUOUS
10
-0.4110541732283464
20
1.9687007874015747
11
-0.5220068897637795
21
1.9687007874015747
0
LINE
8
BLACK
6
CONTINUOUS
10
-0.5220068897637795
20
1.9687007874015747
11
-0.5355261417322834
21
1.9551815748031496
0
LINE
8
BLACK
6
CONTINUOUS
10
-0.5355261417322834
20
1.9551815748031496
11
-0.5362716929133858
21
1.9545697637795276
0
LINE
8
BLACK
6
CONTINUOUS
10
-0.5362716929133858
20
1.9545697637795276
11
-0.5362718897637795
21
1.9545695275590551
0
LINE
8
BLACK
6
CONTINUOUS
10
-0.5362718897637795
20
1.9545695275590551
11
-0.5375262992125984
21
1.9540499606299213
0
LINE
8
BLACK
6
CONTINUOUS
10
-0.5375262992125984
20
1.9540499606299213
11
-0.5380458661417322
21
1.9538347244094487
0
LINE
8
BLACK
6
CONTINUOUS
10
-0.5380458661417322
20
1.9538347244094487
11
-0.538045905511811
21
1.9538347244094487
0
LINE
8
BLACK
6
CONTINUOUS
10
-0.538045905511811
20
1.9538347244094487
11
-0.5390059842519684
21
1.9537401574803148
0
LINE
8
BLACK
6
CONTINUOUS
10
-0.5390059842519684
20
1.9537401574803148
11
-0.7208267716535433
21
1.9537401574803148
0
LINE
8
BLACK
6
CONTINUOUS
10
-0.7208267716535433
20
1.9537401574803148
11
-0.7217868503937007
21
1.9538347244094487
0
LINE
8
BLACK
6
CONTINUOUS
10
-0.7217868503937007
20
1.9538347244094487
11
-0.7217868897637795
21
1.9538347244094487
0
LINE
8
BLACK
6
CONTINUOUS
10
-0.7217868897637795
20
1.9538347244094487
11
-0.7220338188976377
21
1.9539370078740157
0
LINE
8
BLACK
6
CONTINUOUS
10
-0.7220338188976377
20
1.9539370078740157
11
-0.7484251968503937
21
1.9539370078740157
0
LINE
8
BLACK
6
CONTINUOUS
10
-0.7484251968503937
20
1.9539370078740157
11
-0.7493852755905511
21
1.9540315748031496
0
LINE
8
BLACK
6
CONTINUOUS
10
-0.7493852755905511
20
1.9540315748031496
11
-0.7493853149606299
21
1.9540315748031496
0
LINE
8
BLACK
6
CONTINUOUS
10
-0.7493853149606299
20
1.9540315748031496
11
-0.7499049212598425
21
1.954246811023622
0
LINE
8
BLACK
6
CONTINUOUS
10
-0.7499049212598425
20
1.954246811023622
11
-0.7511592913385826
21
1.9547663779527558
0
LINE
8
BLACK
6
CONTINUOUS
10
-0.7511592913385826
20
1.9547663779527558
11
-0.7511595275590551
21
1.9547666141732283
0
LINE
8
BLACK
6
CONTINUOUS
10
-0.7511595275590551
20
1.9547666141732283
11
-0.7519050393700787
21
1.9553784251968505
0
LINE
8
BLACK
6
CONTINUOUS
10
-0.7519050393700787
20
1.9553784251968505
11
-0.7605192519685039
21
1.9639926377952754
0
LINE
8
BLACK
6
CONTINUOUS
10
-0.7605192519685039
20
1.9639926377952754
11
-0.7635826771653543
21
1.9617668503937007
0
LINE
8
BLACK
6
CONTINUOUS
10
-0.7635826771653543
20
1.9617668503937007
11
-0.7699738582677165
21
1.9589213385826771
0
LINE
8
BLACK
6
CONTINUOUS
10
-0.7699738582677165
20
1.9589213385826771
11
-0.776816968503937
21
1.9574667716535432
0
LINE
8
BLACK
6
CONTINUOUS
10
-0.776816968503937
20
1.9574667716535432
11
-0.7838129527559055
21
1.9574667716535432
0
LINE
8
BLACK
6
CONTINUOUS
10
-0.7838129527559055
20
1.9574667716535432
11
-0.790656062992126
21
1.9589213385826771
0
LINE
8
BLACK
6
CONTINUOUS
10
-0.790656062992126
20
1.9589213385826771
11
-0.7970472440944881
21
1.9617668503937007
0
LINE
8
BLACK
6
CONTINUOUS
10
-0.7970472440944881
20
1.9617668503937007
11
-0.802707125984252
21
1.9658790157480315
0
LINE
8
BLACK
6
CONTINUOUS
10
-0.802707125984252
20
1.9658790157480315
11
-0.8073883464566929
21
1.9710780708661417
0
LINE
8
BLACK
6
CONTINUOUS
10
-0.8073883464566929
20
1.9710780708661417
11
-0.8108863779527559
21
1.9771367716535433
0
LINE
8
BLACK
6
CONTINUOUS
10
-0.8108863779527559
20
1.9771367716535433
11
-0.8130482283464566
21
1.9837903543307087
0
LINE
8
BLACK
6
CONTINUOUS
10
-0.8130482283464566
20
1.9837903543307087
11
-0.8137795275590551
21
1.9907480314960631
0
LINE
8
BLACK
6
CONTINUOUS
10
-0.8137795275590551
20
1.9907480314960631
11
-0.8130482283464566
21
1.9977057086614172
0
LINE
8
BLACK
6
CONTINUOUS
10
-0.8130482283464566
20
1.9977057086614172
11
-0.8108863779527559
21
2.0043592913385826
0
LINE
8
BLACK
6
CONTINUOUS
10
-0.8108863779527559
20
2.0043592913385826
11
-0.8073883464566929
21
2.0104179921259844
0
LINE
8
BLACK
6
CONTINUOUS
10
-0.8073883464566929
20
2.0104179921259844
11
-0.802707125984252
21
2.0156170472440946
0
LINE
8
BLACK
6
CONTINUOUS
10
-0.802707125984252
20
2.0156170472440946
11
-0.7970472440944881
21
2.019729212598425
0
LINE
8
BLACK
6
CONTINUOUS
10
-0.7970472440944881
20
2.019729212598425
11
-0.790656062992126
21
2.022574724409449
0
LINE
8
BLACK
6
CONTINUOUS
10
-0.790656062992126
20
2.022574724409449
11
-0.7838129527559055
21
2.0240292913385827
0
LINE
8
BLACK
6
CONTINUOUS
10
-0.7838129527559055
20
2.0240292913385827
11
-0.776816968503937
21
2.0240292913385827
0
LINE
8
BLACK
6
CONTINUOUS
10
-0.776816968503937
20
2.0240292913385827
11
-0.7699738582677165
21
2.022574724409449
0
LINE
8
BLACK
6
CONTINUOUS
10
-0.4751774409448819
20
1.9327858661417323
11
-0.4697148818897638
21
1.9299188976377952
0
LINE
8
BLACK
6
CONTINUOUS
10
-0.4697148818897638
20
1.9299188976377952
11
-0.4650971653543307
21
1.9258279527559055
0
LINE
8
BLACK
6
CONTINUOUS
10
-0.4650971653543307
20
1.9258279527559055
11
-0.4615926771653543
21
1.9207507874015748
0
LINE
8
BLACK
6
CONTINUOUS
10
-0.4615926771653543
20
1.9207507874015748
11
-0.4594050393700787
21
1.9149824803149607
0
LINE
8
BLACK
6
CONTINUOUS
10
-0.4594050393700787
20
1.9149824803149607
11
-0.4586614173228346
21
1.9088582677165353
0
LINE
8
BLACK
6
CONTINUOUS
10
-0.4586614173228346
20
1.9088582677165353
11
-0.4594050393700787
21
1.9027340551181102
0
LINE
8
BLACK
6
CONTINUOUS
10
-0.4594050393700787
20
1.9027340551181102
11
-0.4615926771653543
21
1.8969657480314961
0
LINE
8
BLACK
6
CONTINUOUS
10
-0.4615926771653543
20
1.8969657480314961
11
-0.4650971653543307
21
1.8918885826771654
0
LINE
8
BLACK
6
CONTINUOUS
10
-0.4650971653543307
20
1.8918885826771654
11
-0.4697148818897638
21
1.8877976377952757
0
LINE
8
BLACK
6
CONTINUOUS
10
-0.4697148818897638
20
1.8877976377952757
11
-0.4751774409448819
21
1.8849306692913386
0
LINE
8
BLACK
6
CONTINUOUS
10
-0.4751774409448819
20
1.8849306692913386
11
-0.4811673622047244
21
1.8834542913385826
0
LINE
8
BLACK
6
CONTINUOUS
10
-0.4811673622047244
20
1.8834542913385826
11
-0.4873365748031496
21
1.8834542913385826
0
LINE
8
BLACK
6
CONTINUOUS
10
-0.4873365748031496
20
1.8834542913385826
11
-0.4933264960629921
21
1.8849306692913386
0
LINE
8
BLACK
6
CONTINUOUS
10
-0.4933264960629921
20
1.8849306692913386
11
-0.4987890551181102
21
1.8877976377952757
0
LINE
8
BLACK
6
CONTINUOUS
10
-0.4987890551181102
20
1.8877976377952757
11
-0.5034067716535433
21
1.8918885826771654
0
LINE
8
BLACK
6
CONTINUOUS
10
-0.5034067716535433
20
1.8918885826771654
11
-0.5069112598425197
21
1.8969657480314961
0
LINE
8
BLACK
6
CONTINUOUS
10
-0.5069112598425197
20
1.8969657480314961
11
-0.5088085433070866
21
1.9019685039370078
0
LINE
8
BLACK
6
CONTINUOUS
10
-0.5088085433070866
20
1.9019685039370078
11
-0.6790105511811023
21
1.9019685039370078
0
LINE
8
BLACK
6
CONTINUOUS
10
-0.6790105511811023
20
1.9019685039370078
11
-0.7436194488188976
21
1.8373596062992126
0
LINE
8
BLACK
6
CONTINUOUS
10
-0.7436194488188976
20
1.8373596062992126
11
-0.7445143700787401
21
1.836625157480315
0
LINE
8
BLACK
6
CONTINUOUS
10
-0.7445143700787401
20
1.836625157480315
11
-0.7457613779527559
21
1.8361086614173228
0
LINE
8
BLACK
6
CONTINUOUS
10
-0.7457613779527559
20
1.8361086614173228
11
-0.7466431496062992
21
1.8357433858267715
0
LINE
8
BLACK
6
CONTINUOUS
10
-0.7466431496062992
20
1.8357433858267715
11
-0.7477952755905511
21
1.8356299212598424
0
LINE
8
BLACK
6
CONTINUOUS
10
-0.7477952755905511
20
1.8356299212598424
11
-0.8270814173228346
21
1.8356299212598424
0
LINE
8
BLACK
6
CONTINUOUS
10
-0.8270814173228346
20
1.8356299212598424
11
-0.8528945275590551
21
1.8098168503937007
0
LINE
8
BLACK
6
CONTINUOUS
10
-0.8528945275590551
20
1.8098168503937007
11
-0.8497435433070866
21
1.8043592913385826
0
LINE
8
BLACK
6
CONTINUOUS
10
-0.8497435433070866
20
1.8043592913385826
11
-0.8475816929133858
21
1.7977057086614172
0
LINE
8
BLACK
6
CONTINUOUS
10
-0.8475816929133858
20
1.7977057086614172
11
-0.8468503937007874
21
1.7907480314960629
0
LINE
8
BLACK
6
CONTINUOUS
10
-0.8468503937007874
20
1.7907480314960629
11
-0.8475816929133858
21
1.7837903543307085
0
LINE
8
BLACK
6
CONTINUOUS
10
-0.8475816929133858
20
1.7837903543307085
11
-0.8497435433070866
21
1.7771367716535433
0
LINE
8
BLACK
6
CONTINUOUS
10
-0.8497435433070866
20
1.7771367716535433
11
-0.8532415748031495
21
1.7710780708661418
0
LINE
8
BLACK
6
CONTINUOUS
10
-0.8532415748031495
20
1.7710780708661418
11
-0.8579227952755906
21
1.7658790157480315
0
LINE
8
BLACK
6
CONTINUOUS
10
-0.8579227952755906
20
1.7658790157480315
11
-0.8635826771653543
21
1.7617668503937007
0
LINE
8
BLACK
6
CONTINUOUS
10
-0.8635826771653543
20
1.7617668503937007
11
-0.8699738582677166
21
1.7589213385826772
0
LINE
8
BLACK
6
CONTINUOUS
10
-0.8699738582677166
20
1.7589213385826772
11
-0.876816968503937
21
1.7574667716535433
0
LINE
8
BLACK
6
CONTINUOUS
10
-0.876816968503937
20
1.7574667716535433
11
-0.8838129527559055
21
1.7574667716535433
0
LINE
8
BLACK
6
CONTINUOUS
10
-0.8838129527559055
20
1.7574667716535433
11
-0.890656062992126
21
1.7589213385826772
0
LINE
8
BLACK
6
CONTINUOUS
10
-0.890656062992126
20
1.7589213385826772
11
-0.8970472440944882
21
1.7617668503937007
0
LINE
8
BLACK
6
CONTINUOUS
10
-0.8970472440944882
20
1.7617668503937007
11
-0.902707125984252
21
1.7658790157480315
0
LINE
8
BLACK
6
CONTINUOUS
10
-0.902707125984252
20
1.7658790157480315
11
-0.9073883464566929
21
1.7710780708661418
0
LINE
8
BLACK
6
CONTINUOUS
10
-0.9073883464566929
20
1.7710780708661418
11
-0.9108863779527558
21
1.7771367716535433
0
LINE
8
BLACK
6
CONTINUOUS
10
-0.9108863779527558
20
1.7771367716535433
11
-0.9130482283464567
21
1.7837903543307085
0
LINE
8
BLACK
6
CONTINUOUS
10
-0.9130482283464567
20
1.7837903543307085
11
-0.9137795275590551
21
1.7907480314960629
0
LINE
8
BLACK
6
CONTINUOUS
10
-0.9137795275590551
20
1.7907480314960629
11
-0.9130482283464567
21
1.7977057086614172
0
LINE
8
BLACK
6
CONTINUOUS
10
-0.9130482283464567
20
1.7977057086614172
11
-0.9108863779527558
21
1.8043592913385826
0
LINE
8
BLACK
6
CONTINUOUS
10
-0.9108863779527558
20
1.8043592913385826
11
-0.9073883464566929
21
1.8104179921259842
0
LINE
8
BLACK
6
CONTINUOUS
10
-0.9073883464566929
20
1.8104179921259842
11
-0.902707125984252
21
1.8156170472440945
0
LINE
8
BLACK
6
CONTINUOUS
10
-0.902707125984252
20
1.8156170472440945
11
-0.8970472440944882
21
1.8197292125984252
0
LINE
8
BLACK
6
CONTINUOUS
10
-0.8970472440944882
20
1.8197292125984252
11
-0.890656062992126
21
1.8225747244094488
0
LINE
8
BLACK
6
CONTINUOUS
10
-0.890656062992126
20
1.8225747244094488
11
-0.8838129527559055
21
1.8240292913385827
0
LINE
8
BLACK
6
CONTINUOUS
10
-0.8838129527559055
20
1.8240292913385827
11
-0.876816968503937
21
1.8240292913385827
0
LINE
8
BLACK
6
CONTINUOUS
10
-0.876816968503937
20
1.8240292913385827
11
-0.8699738582677166
21
1.8225747244094488
0
LINE
8
BLACK
6
CONTINUOUS
10
-0.8699738582677166
20
1.8225747244094488
11
-0.8635826771653543
21
1.8197292125984252
0
LINE
8
BLACK
6
CONTINUOUS
10
-0.8635826771653543
20
1.8197292125984252
11
-0.8613254330708662
21
1.8180892519685039
0
LINE
8
BLACK
6
CONTINUOUS
10
-0.8613254330708662
20
1.8180892519685039
11
-0.8337033858267716
21
1.8457112598425196
0
LINE
8
BLACK
6
CONTINUOUS
10
-0.8337033858267716
20
1.8457112598425196
11
-0.8328085039370079
21
1.8464457086614172
0
LINE
8
BLACK
6
CONTINUOUS
10
-0.8328085039370079
20
1.8464457086614172
11
-0.8319267322834646
21
1.8468109448818897
0
LINE
8
BLACK
6
CONTINUOUS
10
-0.8319267322834646
20
1.8468109448818897
11
-0.8306796850393701
21
1.8473274803149606
0
LINE
8
BLACK
6
CONTINUOUS
10
-0.8306796850393701
20
1.8473274803149606
11
-0.8295275590551181
21
1.8474409448818898
0
LINE
8
BLACK
6
CONTINUOUS
10
-0.8295275590551181
20
1.8474409448818898
11
-0.7502414173228347
21
1.8474409448818898
0
LINE
8
BLACK
6
CONTINUOUS
10
-0.7502414173228347
20
1.8474409448818898
11
-0.6856325196850394
21
1.912049842519685
0
LINE
8
BLACK
6
CONTINUOUS
10
-0.6856325196850394
20
1.912049842519685
11
-0.6847375984251969
21
1.9127842913385826
0
LINE
8
BLACK
6
CONTINUOUS
10
-0.6847375984251969
20
1.9127842913385826
11
-0.6834905905511811
21
1.9133008267716536
0
LINE
8
BLACK
6
CONTINUOUS
10
-0.6834905905511811
20
1.9133008267716536
11
-0.6826088188976378
21
1.913666062992126
0
LINE
8
BLACK
6
CONTINUOUS
10
-0.6826088188976378
20
1.913666062992126
11
-0.6814566929133858
21
1.913779527559055
0
LINE
8
BLACK
6
CONTINUOUS
10
-0.6814566929133858
20
1.913779527559055
11
-0.5092449606299212
21
1.913779527559055
0
LINE
8
BLACK
6
CONTINUOUS
10
-0.5092449606299212
20
1.913779527559055
11
-0.5090988976377953
21
1.9149824803149607
0
LINE
8
BLACK
6
CONTINUOUS
10
-0.5090988976377953
20
1.9149824803149607
11
-0.5069112598425197
21
1.9207507874015748
0
LINE
8
BLACK
6
CONTINUOUS
10
-0.5069112598425197
20
1.9207507874015748
11
-0.5034067716535433
21
1.9258279527559055
0
LINE
8
BLACK
6
CONTINUOUS
10
-0.5034067716535433
20
1.9258279527559055
11
-0.4987890551181102
21
1.9299188976377952
0
LINE
8
BLACK
6
CONTINUOUS
10
-0.4987890551181102
20
1.9299188976377952
11
-0.4933264960629921
21
1.9327858661417323
0
LINE
8
BLACK
6
CONTINUOUS
10
-0.4933264960629921
20
1.9327858661417323
11
-0.4873365748031496
21
1.9342622440944881
0
LINE
8
BLACK
6
CONTINUOUS
10
-0.4873365748031496
20
1.9342622440944881
11
-0.4811673622047244
21
1.9342622440944881
0
LINE
8
BLACK
6
CONTINUOUS
10
-0.4811673622047244
20
1.9342622440944881
11
-0.4751774409448819
21
1.9327858661417323
0
LINE
8
BLACK
6
CONTINUOUS
10
-0.7699738582677165
20
1.8225747244094488
11
-0.7635826771653543
21
1.8197292125984252
0
LINE
8
BLACK
6
CONTINUOUS
10
-0.7635826771653543
20
1.8197292125984252
11
-0.7579227952755906
21
1.8156170472440945
0
LINE
8
BLACK
6
CONTINUOUS
10
-0.7579227952755906
20
1.8156170472440945
11
-0.7532415748031496
21
1.8104179921259842
0
LINE
8
BLACK
6
CONTINUOUS
10
-0.7532415748031496
20
1.8104179921259842
11
-0.7497435433070866
21
1.8043592913385826
0
LINE
8
BLACK
6
CONTINUOUS
10
-0.7497435433070866
20
1.8043592913385826
11
-0.7475816929133858
21
1.7977057086614172
0
LINE
8
BLACK
6
CONTINUOUS
10
-0.7475816929133858
20
1.7977057086614172
11
-0.7468503937007874
21
1.7907480314960629
0
LINE
8
BLACK
6
CONTINUOUS
10
-0.7468503937007874
20
1.7907480314960629
11
-0.7475816929133858
21
1.7837903543307085
0
LINE
8
BLACK
6
CONTINUOUS
10
-0.7475816929133858
20
1.7837903543307085
11
-0.7497435433070866
21
1.7771367716535433
0
LINE
8
BLACK
6
CONTINUOUS
10
-0.7497435433070866
20
1.7771367716535433
11
-0.7532415748031496
21
1.7710780708661418
0
LINE
8
BLACK
6
CONTINUOUS
10
-0.7532415748031496
20
1.7710780708661418
11
-0.7579227952755906
21
1.7658790157480315
0
LINE
8
BLACK
6
CONTINUOUS
10
-0.7579227952755906
20
1.7658790157480315
11
-0.7635826771653543
21
1.7617668503937007
0
LINE
8
BLACK
6
CONTINUOUS
10
-0.7635826771653543
20
1.7617668503937007
11
-0.7699738582677165
21
1.7589213385826772
0
LINE
8
BLACK
6
CONTINUOUS
10
-0.7699738582677165
20
1.7589213385826772
11
-0.776816968503937
21
1.7574667716535433
0
LINE
8
BLACK
6
CONTINUOUS
10
-0.776816968503937
20
1.7574667716535433
11
-0.7838129527559055
21
1.7574667716535433
0
LINE
8
BLACK
6
CONTINUOUS
10
-0.7838129527559055
20
1.7574667716535433
11
-0.790656062992126
21
1.7589213385826772
0
LINE
8
BLACK
6
CONTINUOUS
10
-0.790656062992126
20
1.7589213385826772
11
-0.7970472440944881
21
1.7617668503937007
0
LINE
8
BLACK
6
CONTINUOUS
10
-0.7970472440944881
20
1.7617668503937007
11
-0.802707125984252
21
1.7658790157480315
0
LINE
8
BLACK
6
CONTINUOUS
10
-0.802707125984252
20
1.7658790157480315
11
-0.8073883464566929
21
1.7710780708661418
0
LINE
8
BLACK
6
CONTINUOUS
10
-0.8073883464566929
20
1.7710780708661418
11
-0.8108863779527559
21
1.7771367716535433
0
LINE
8
BLACK
6
CONTINUOUS
10
-0.8108863779527559
20
1.7771367716535433
11
-0.8130482283464566
21
1.7837903543307085
0
LINE
8
BLACK
6
CONTINUOUS
10
-0.8130482283464566
20
1.7837903543307085
11
-0.8137795275590551
21
1.7907480314960629
0
LINE
8
BLACK
6
CONTINUOUS
10
-0.8137795275590551
20
1.7907480314960629
11
-0.8130482283464566
21
1.7977057086614172
0
LINE
8
BLACK
6
CONTINUOUS
10
-0.8130482283464566
20
1.7977057086614172
11
-0.8108863779527559
21
1.8043592913385826
0
LINE
8
BLACK
6
CONTINUOUS
10
-0.8108863779527559
20
1.8043592913385826
11
-0.8073883464566929
21
1.8104179921259842
0
LINE
8
BLACK
6
CONTINUOUS
10
-0.8073883464566929
20
1.8104179921259842
11
-0.802707125984252
21
1.8156170472440945
0
LINE
8
BLACK
6
CONTINUOUS
10
-0.802707125984252
20
1.8156170472440945
11
-0.7970472440944881
21
1.8197292125984252
0
LINE
8
BLACK
6
CONTINUOUS
10
-0.7970472440944881
20
1.8197292125984252
11
-0.790656062992126
21
1.8225747244094488
0
LINE
8
BLACK
6
CONTINUOUS
10
-0.790656062992126
20
1.8225747244094488
11
-0.7838129527559055
21
1.8240292913385827
0
LINE
8
BLACK
6
CONTINUOUS
10
-0.7838129527559055
20
1.8240292913385827
11
-0.776816968503937
21
1.8240292913385827
0
LINE
8
BLACK
6
CONTINUOUS
10
-0.776816968503937
20
1.8240292913385827
11
-0.7699738582677165
21
1.8225747244094488
0
LINE
8
BLACK
6
CONTINUOUS
10
-0.3964372834645669
20
1.8540457086614173
11
-0.3909747244094488
21
1.8511787401574802
0
LINE
8
BLACK
6
CONTINUOUS
10
-0.3909747244094488
20
1.8511787401574802
11
-0.3863570078740157
21
1.8470877952755904
0
LINE
8
BLACK
6
CONTINUOUS
10
-0.3863570078740157
20
1.8470877952755904
11
-0.3828525196850394
21
1.8420106299212597
0
LINE
8
BLACK
6
CONTINUOUS
10
-0.3828525196850394
20
1.8420106299212597
11
-0.3806648818897638
21
1.8362423228346456
0
LINE
8
BLACK
6
CONTINUOUS
10
-0.3806648818897638
20
1.8362423228346456
11
-0.3799212598425197
21
1.8301181102362205
0
LINE
8
BLACK
6
CONTINUOUS
10
-0.3799212598425197
20
1.8301181102362205
11
-0.3806648818897638
21
1.8239938976377952
0
LINE
8
BLACK
6
CONTINUOUS
10
-0.3806648818897638
20
1.8239938976377952
11
-0.3828525196850394
21
1.818225590551181
0
LINE
8
BLACK
6
CONTINUOUS
10
-0.3828525196850394
20
1.818225590551181
11
-0.3863570078740157
21
1.8131484251968504
0
LINE
8
BLACK
6
CONTINUOUS
10
-0.3863570078740157
20
1.8131484251968504
11
-0.3909747244094488
21
1.8090574803149606
0
LINE
8
BLACK
6
CONTINUOUS
10
-0.3909747244094488
20
1.8090574803149606
11
-0.3964372834645669
21
1.8061905118110235
0
LINE
8
BLACK
6
CONTINUOUS
10
-0.3964372834645669
20
1.8061905118110235
11
-0.4024272047244095
21
1.8047141338582677
0
LINE
8
BLACK
6
CONTINUOUS
10
-0.4024272047244095
20
1.8047141338582677
11
-0.4085964173228346
21
1.8047141338582677
0
LINE
8
BLACK
6
CONTINUOUS
10
-0.4085964173228346
20
1.8047141338582677
11
-0.4145863385826772
21
1.8061905118110235
0
LINE
8
BLACK
6
CONTINUOUS
10
-0.4145863385826772
20
1.8061905118110235
11
-0.4200488976377953
21
1.8090574803149606
0
LINE
8
BLACK
6
CONTINUOUS
10
-0.4200488976377953
20
1.8090574803149606
11
-0.4246666141732283
21
1.8131484251968504
0
LINE
8
BLACK
6
CONTINUOUS
10
-0.4246666141732283
20
1.8131484251968504
11
-0.4281711023622047
21
1.818225590551181
0
LINE
8
BLACK
6
CONTINUOUS
10
-0.4281711023622047
20
1.818225590551181
11
-0.4303587401574803
21
1.8239938976377952
0
LINE
8
BLACK
6
CONTINUOUS
10
-0.4303587401574803
20
1.8239938976377952
11
-0.4311023622047244
21
1.8301181102362205
0
LINE
8
BLACK
6
CONTINUOUS
10
-0.4311023622047244
20
1.8301181102362205
11
-0.4303587401574803
21
1.8362423228346456
0
LINE
8
BLACK
6
CONTINUOUS
10
-0.4303587401574803
20
1.8362423228346456
11
-0.4281711023622047
21
1.8420106299212597
0
LINE
8
BLACK
6
CONTINUOUS
10
-0.4281711023622047
20
1.8420106299212597
11
-0.4246666141732283
21
1.8470877952755904
0
LINE
8
BLACK
6
CONTINUOUS
10
-0.4246666141732283
20
1.8470877952755904
11
-0.4200488976377953
21
1.8511787401574802
0
LINE
8
BLACK
6
CONTINUOUS
10
-0.4200488976377953
20
1.8511787401574802
11
-0.4145863385826772
21
1.8540457086614173
0
LINE
8
BLACK
6
CONTINUOUS
10
-0.4145863385826772
20
1.8540457086614173
11
-0.4085964173228346
21
1.8555220866141733
0
LINE
8
BLACK
6
CONTINUOUS
10
-0.4085964173228346
20
1.8555220866141733
11
-0.4024272047244095
21
1.8555220866141733
0
LINE
8
BLACK
6
CONTINUOUS
10
-0.4024272047244095
20
1.8555220866141733
11
-0.3964372834645669
21
1.8540457086614173
0
LINE
8
BLACK
6
CONTINUOUS
10
-0.317697125984252
20
1.8540457086614173
11
-0.3122345669291339
21
1.8511787401574802
0
LINE
8
BLACK
6
CONTINUOUS
10
-0.3122345669291339
20
1.8511787401574802
11
-0.3076168503937008
21
1.8470877952755904
0
LINE
8
BLACK
6
CONTINUOUS
10
-0.3076168503937008
20
1.8470877952755904
11
-0.3041123622047244
21
1.8420106299212597
0
LINE
8
BLACK
6
CONTINUOUS
10
-0.3041123622047244
20
1.8420106299212597
11
-0.3019247244094488
21
1.8362423228346456
0
LINE
8
BLACK
6
CONTINUOUS
10
-0.3019247244094488
20
1.8362423228346456
11
-0.3011811023622047
21
1.8301181102362205
0
LINE
8
BLACK
6
CONTINUOUS
10
-0.3011811023622047
20
1.8301181102362205
11
-0.3019247244094488
21
1.8239938976377952
0
LINE
8
BLACK
6
CONTINUOUS
10
-0.3019247244094488
20
1.8239938976377952
11
-0.3041123622047244
21
1.818225590551181
0
LINE
8
BLACK
6
CONTINUOUS
10
-0.3041123622047244
20
1.818225590551181
11
-0.3076168503937008
21
1.8131484251968504
0
LINE
8
BLACK
6
CONTINUOUS
10
-0.3076168503937008
20
1.8131484251968504
11
-0.3122345669291339
21
1.8090574803149606
0
LINE
8
BLACK
6
CONTINUOUS
10
-0.3122345669291339
20
1.8090574803149606
11
-0.317697125984252
21
1.8061905118110235
0
LINE
8
BLACK
6
CONTINUOUS
10
-0.317697125984252
20
1.8061905118110235
11
-0.3236870472440945
21
1.8047141338582677
0
LINE
8
BLACK
6
CONTINUOUS
10
-0.3236870472440945
20
1.8047141338582677
11
-0.3298562598425197
21
1.8047141338582677
0
LINE
8
BLACK
6
CONTINUOUS
10
-0.3298562598425197
20
1.8047141338582677
11
-0.3358461811023622
21
1.8061905118110235
0
LINE
8
BLACK
6
CONTINUOUS
10
-0.3358461811023622
20
1.8061905118110235
11
-0.3413087401574803
21
1.8090574803149606
0
LINE
8
BLACK
6
CONTINUOUS
10
-0.3413087401574803
20
1.8090574803149606
11
-0.3459264566929134
21
1.8131484251968504
0
LINE
8
BLACK
6
CONTINUOUS
10
-0.3459264566929134
20
1.8131484251968504
11
-0.3494309448818897
21
1.818225590551181
0
LINE
8
BLACK
6
CONTINUOUS
10
-0.3494309448818897
20
1.818225590551181
11
-0.3516185826771653
21
1.8239938976377952
0
LINE
8
BLACK
6
CONTINUOUS
10
-0.3516185826771653
20
1.8239938976377952
11
-0.3523622047244094
21
1.8301181102362205
0
LINE
8
BLACK
6
CONTINUOUS
10
-0.3523622047244094
20
1.8301181102362205
11
-0.3516185826771653
21
1.8362423228346456
0
LINE
8
BLACK
6
CONTINUOUS
10
-0.3516185826771653
20
1.8362423228346456
11
-0.3494309448818897
21
1.8420106299212597
0
LINE
8
BLACK
6
CONTINUOUS
10
-0.3494309448818897
20
1.8420106299212597
11
-0.3459264566929134
21
1.8470877952755904
0
LINE
8
BLACK
6
CONTINUOUS
10
-0.3459264566929134
20
1.8470877952755904
11
-0.3413087401574803
21
1.8511787401574802
0
LINE
8
BLACK
6
CONTINUOUS
10
-0.3413087401574803
20
1.8511787401574802
11
-0.3358461811023622
21
1.8540457086614173
0
LINE
8
BLACK
6
CONTINUOUS
10
-0.3358461811023622
20
1.8540457086614173
11
-0.3298562598425197
21
1.8555220866141733
0
LINE
8
BLACK
6
CONTINUOUS
10
-0.3298562598425197
20
1.8555220866141733
11
-0.3236870472440945
21
1.8555220866141733
0
LINE
8
BLACK
6
CONTINUOUS
10
-0.3236870472440945
20
1.8555220866141733
11
-0.317697125984252
21
1.8540457086614173
0
LINE
8
BLACK
6
CONTINUOUS
10
-0.8699738582677166
20
1.9225747244094489
11
-0.8635826771653543
21
1.9197292125984251
0
LINE
8
BLACK
6
CONTINUOUS
10
-0.8635826771653543
20
1.9197292125984251
11
-0.8579227952755906
21
1.9156170472440945
0
LINE
8
BLACK
6
CONTINUOUS
10
-0.8579227952755906
20
1.9156170472440945
11
-0.8532415748031495
21
1.9104179921259843
0
LINE
8
BLACK
6
CONTINUOUS
10
-0.8532415748031495
20
1.9104179921259843
11
-0.8497435433070866
21
1.9043592913385827
0
LINE
8
BLACK
6
CONTINUOUS
10
-0.8497435433070866
20
1.9043592913385827
11
-0.8475816929133858
21
1.8977057086614173
0
LINE
8
BLACK
6
CONTINUOUS
10
-0.8475816929133858
20
1.8977057086614173
11
-0.8468503937007874
21
1.890748031496063
0
LINE
8
BLACK
6
CONTINUOUS
10
-0.8468503937007874
20
1.890748031496063
11
-0.8475816929133858
21
1.8837903543307086
0
LINE
8
BLACK
6
CONTINUOUS
10
-0.8475816929133858
20
1.8837903543307086
11
-0.8497435433070866
21
1.8771367716535432
0
LINE
8
BLACK
6
CONTINUOUS
10
-0.8497435433070866
20
1.8771367716535432
11
-0.8532415748031495
21
1.8710780708661416
0
LINE
8
BLACK
6
CONTINUOUS
10
-0.8532415748031495
20
1.8710780708661416
11
-0.8579227952755906
21
1.8658790157480314
0
LINE
8
BLACK
6
CONTINUOUS
10
-0.8579227952755906
20
1.8658790157480314
11
-0.8635826771653543
21
1.8617668503937008
0
LINE
8
BLACK
6
CONTINUOUS
10
-0.8635826771653543
20
1.8617668503937008
11
-0.8699738582677166
21
1.8589213385826771
0
LINE
8
BLACK
6
CONTINUOUS
10
-0.8699738582677166
20
1.8589213385826771
11
-0.876816968503937
21
1.8574667716535433
0
LINE
8
BLACK
6
CONTINUOUS
10
-0.876816968503937
20
1.8574667716535433
11
-0.8838129527559055
21
1.8574667716535433
0
LINE
8
BLACK
6
CONTINUOUS
10
-0.8838129527559055
20
1.8574667716535433
11
-0.890656062992126
21
1.8589213385826771
0
LINE
8
BLACK
6
CONTINUOUS
10
-0.890656062992126
20
1.8589213385826771
11
-0.8970472440944882
21
1.8617668503937008
0
LINE
8
BLACK
6
CONTINUOUS
10
-0.8970472440944882
20
1.8617668503937008
11
-0.902707125984252
21
1.8658790157480314
0
LINE
8
BLACK
6
CONTINUOUS
10
-0.902707125984252
20
1.8658790157480314
11
-0.9073883464566929
21
1.8710780708661416
0
LINE
8
BLACK
6
CONTINUOUS
10
-0.9073883464566929
20
1.8710780708661416
11
-0.9108863779527558
21
1.8771367716535432
0
LINE
8
BLACK
6
CONTINUOUS
10
-0.9108863779527558
20
1.8771367716535432
11
-0.9130482283464567
21
1.8837903543307086
0
LINE
8
BLACK
6
CONTINUOUS
10
-0.9130482283464567
20
1.8837903543307086
11
-0.9137795275590551
21
1.890748031496063
0
LINE
8
BLACK
6
CONTINUOUS
10
-0.9137795275590551
20
1.890748031496063
11
-0.9130482283464567
21
1.8977057086614173
0
LINE
8
BLACK
6
CONTINUOUS
10
-0.9130482283464567
20
1.8977057086614173
11
-0.9108863779527558
21
1.9043592913385827
0
LINE
8
BLACK
6
CONTINUOUS
10
-0.9108863779527558
20
1.9043592913385827
11
-0.9073883464566929
21
1.9104179921259843
0
LINE
8
BLACK
6
CONTINUOUS
10
-0.9073883464566929
20
1.9104179921259843
11
-0.902707125984252
21
1.9156170472440945
0
LINE
8
BLACK
6
CONTINUOUS
10
-0.902707125984252
20
1.9156170472440945
11
-0.8970472440944882
21
1.9197292125984251
0
LINE
8
BLACK
6
CONTINUOUS
10
-0.8970472440944882
20
1.9197292125984251
11
-0.890656062992126
21
1.9225747244094489
0
LINE
8
BLACK
6
CONTINUOUS
10
-0.890656062992126
20
1.9225747244094489
11
-0.8838129527559055
21
1.9240292913385826
0
LINE
8
BLACK
6
CONTINUOUS
10
-0.8838129527559055
20
1.9240292913385826
11
-0.876816968503937
21
1.9240292913385826
0
LINE
8
BLACK
6
CONTINUOUS
10
-0.876816968503937
20
1.9240292913385826
11
-0.8699738582677166
21
1.9225747244094489
0
LINE
8
BLACK
6
CONTINUOUS
10
-0.7699738582677165
20
1.9225747244094489
11
-0.7635826771653543
21
1.9197292125984251
0
LINE
8
BLACK
6
CONTINUOUS
10
-0.7635826771653543
20
1.9197292125984251
11
-0.7579227952755906
21
1.9156170472440945
0
LINE
8
BLACK
6
CONTINUOUS
10
-0.7579227952755906
20
1.9156170472440945
11
-0.7532415748031496
21
1.9104179921259843
0
LINE
8
BLACK
6
CONTINUOUS
10
-0.7532415748031496
20
1.9104179921259843
11
-0.7497435433070866
21
1.9043592913385827
0
LINE
8
BLACK
6
CONTINUOUS
10
-0.7497435433070866
20
1.9043592913385827
11
-0.7475816929133858
21
1.8977057086614173
0
LINE
8
BLACK
6
CONTINUOUS
10
-0.7475816929133858
20
1.8977057086614173
11
-0.7468503937007874
21
1.890748031496063
0
LINE
8
BLACK
6
CONTINUOUS
10
-0.7468503937007874
20
1.890748031496063
11
-0.7475816929133858
21
1.8837903543307086
0
LINE
8
BLACK
6
CONTINUOUS
10
-0.7475816929133858
20
1.8837903543307086
11
-0.7497435433070866
21
1.8771367716535432
0
LINE
8
BLACK
6
CONTINUOUS
10
-0.7497435433070866
20
1.8771367716535432
11
-0.7532415748031496
21
1.8710780708661416
0
LINE
8
BLACK
6
CONTINUOUS
10
-0.7532415748031496
20
1.8710780708661416
11
-0.7579227952755906
21
1.8658790157480314
0
LINE
8
BLACK
6
CONTINUOUS
10
-0.7579227952755906
20
1.8658790157480314
11
-0.7635826771653543
21
1.8617668503937008
0
LINE
8
BLACK
6
CONTINUOUS
10
-0.7635826771653543
20
1.8617668503937008
11
-0.7699738582677165
21
1.8589213385826771
0
LINE
8
BLACK
6
CONTINUOUS
10
-0.7699738582677165
20
1.8589213385826771
11
-0.776816968503937
21
1.8574667716535433
0
LINE
8
BLACK
6
CONTINUOUS
10
-0.776816968503937
20
1.8574667716535433
11
-0.7838129527559055
21
1.8574667716535433
0
LINE
8
BLACK
6
CONTINUOUS
10
-0.7838129527559055
20
1.8574667716535433
11
-0.790656062992126
21
1.8589213385826771
0
LINE
8
BLACK
6
CONTINUOUS
10
-0.790656062992126
20
1.8589213385826771
11
-0.7970472440944881
21
1.8617668503937008
0
LINE
8
BLACK
6
CONTINUOUS
10
-0.7970472440944881
20
1.8617668503937008
11
-0.802707125984252
21
1.8658790157480314
0
LINE
8
BLACK
6
CONTINUOUS
10
-0.802707125984252
20
1.8658790157480314
11
-0.8073883464566929
21
1.8710780708661416
0
LINE
8
BLACK
6
CONTINUOUS
10
-0.8073883464566929
20
1.8710780708661416
11
-0.8108863779527559
21
1.8771367716535432
0
LINE
8
BLACK
6
CONTINUOUS
10
-0.8108863779527559
20
1.8771367716535432
11
-0.8130482283464566
21
1.8837903543307086
0
LINE
8
BLACK
6
CONTINUOUS
10
-0.8130482283464566
20
1.8837903543307086
11
-0.8137795275590551
21
1.890748031496063
0
LINE
8
BLACK
6
CONTINUOUS
10
-0.8137795275590551
20
1.890748031496063
11
-0.8130482283464566
21
1.8977057086614173
0
LINE
8
BLACK
6
CONTINUOUS
10
-0.8130482283464566
20
1.8977057086614173
11
-0.8108863779527559
21
1.9043592913385827
0
LINE
8
BLACK
6
CONTINUOUS
10
-0.8108863779527559
20
1.9043592913385827
11
-0.8073883464566929
21
1.9104179921259843
0
LINE
8
BLACK
6
CONTINUOUS
10
-0.8073883464566929
20
1.9104179921259843
11
-0.802707125984252
21
1.9156170472440945
0
LINE
8
BLACK
6
CONTINUOUS
10
-0.802707125984252
20
1.9156170472440945
11
-0.7970472440944881
21
1.9197292125984251
0
LINE
8
BLACK
6
CONTINUOUS
10
-0.7970472440944881
20
1.9197292125984251
11
-0.790656062992126
21
1.9225747244094489
0
LINE
8
BLACK
6
CONTINUOUS
10
-0.790656062992126
20
1.9225747244094489
11
-0.7838129527559055
21
1.9240292913385826
0
LINE
8
BLACK
6
CONTINUOUS
10
-0.7838129527559055
20
1.9240292913385826
11
-0.776816968503937
21
1.9240292913385826
0
LINE
8
BLACK
6
CONTINUOUS
10
-0.776816968503937
20
1.9240292913385826
11
-0.7699738582677165
21
1.9225747244094489
0
LINE
8
BLACK
6
CONTINUOUS
10
-0.3964372834645669
20
1.9327858661417323
11
-0.3909747244094488
21
1.9299188976377952
0
LINE
8
BLACK
6
CONTINUOUS
10
-0.3909747244094488
20
1.9299188976377952
11
-0.3863570078740157
21
1.9258279527559055
0
LINE
8
BLACK
6
CONTINUOUS
10
-0.3863570078740157
20
1.9258279527559055
11
-0.3828525196850394
21
1.9207507874015748
0
LINE
8
BLACK
6
CONTINUOUS
10
-0.3828525196850394
20
1.9207507874015748
11
-0.3806648818897638
21
1.9149824803149607
0
LINE
8
BLACK
6
CONTINUOUS
10
-0.3806648818897638
20
1.9149824803149607
11
-0.3799212598425197
21
1.9088582677165353
0
LINE
8
BLACK
6
CONTINUOUS
10
-0.3799212598425197
20
1.9088582677165353
11
-0.3806648818897638
21
1.9027340551181102
0
LINE
8
BLACK
6
CONTINUOUS
10
-0.3806648818897638
20
1.9027340551181102
11
-0.3828525196850394
21
1.8969657480314961
0
LINE
8
BLACK
6
CONTINUOUS
10
-0.3828525196850394
20
1.8969657480314961
11
-0.3863570078740157
21
1.8918885826771654
0
LINE
8
BLACK
6
CONTINUOUS
10
-0.3863570078740157
20
1.8918885826771654
11
-0.3909747244094488
21
1.8877976377952757
0
LINE
8
BLACK
6
CONTINUOUS
10
-0.3909747244094488
20
1.8877976377952757
11
-0.3964372834645669
21
1.8849306692913386
0
LINE
8
BLACK
6
CONTINUOUS
10
-0.3964372834645669
20
1.8849306692913386
11
-0.4024272047244095
21
1.8834542913385826
0
LINE
8
BLACK
6
CONTINUOUS
10
-0.4024272047244095
20
1.8834542913385826
11
-0.4085964173228346
21
1.8834542913385826
0
LINE
8
BLACK
6
CONTINUOUS
10
-0.4085964173228346
20
1.8834542913385826
11
-0.4145863385826772
21
1.8849306692913386
0
LINE
8
BLACK
6
CONTINUOUS
10
-0.4145863385826772
20
1.8849306692913386
11
-0.4200488976377953
21
1.8877976377952757
0
LINE
8
BLACK
6
CONTINUOUS
10
-0.4200488976377953
20
1.8877976377952757
11
-0.4246666141732283
21
1.8918885826771654
0
LINE
8
BLACK
6
CONTINUOUS
10
-0.4246666141732283
20
1.8918885826771654
11
-0.4281711023622047
21
1.8969657480314961
0
LINE
8
BLACK
6
CONTINUOUS
10
-0.4281711023622047
20
1.8969657480314961
11
-0.4303587401574803
21
1.9027340551181102
0
LINE
8
BLACK
6
CONTINUOUS
10
-0.4303587401574803
20
1.9027340551181102
11
-0.4311023622047244
21
1.9088582677165353
0
LINE
8
BLACK
6
CONTINUOUS
10
-0.4311023622047244
20
1.9088582677165353
11
-0.4303587401574803
21
1.9149824803149607
0
LINE
8
BLACK
6
CONTINUOUS
10
-0.4303587401574803
20
1.9149824803149607
11
-0.4281711023622047
21
1.9207507874015748
0
LINE
8
BLACK
6
CONTINUOUS
10
-0.4281711023622047
20
1.9207507874015748
11
-0.4246666141732283
21
1.9258279527559055
0
LINE
8
BLACK
6
CONTINUOUS
10
-0.4246666141732283
20
1.9258279527559055
11
-0.4200488976377953
21
1.9299188976377952
0
LINE
8
BLACK
6
CONTINUOUS
10
-0.4200488976377953
20
1.9299188976377952
11
-0.4145863385826772
21
1.9327858661417323
0
LINE
8
BLACK
6
CONTINUOUS
10
-0.4145863385826772
20
1.9327858661417323
11
-0.4085964173228346
21
1.9342622440944881
0
LINE
8
BLACK
6
CONTINUOUS
10
-0.4085964173228346
20
1.9342622440944881
11
-0.4024272047244095
21
1.9342622440944881
0
LINE
8
BLACK
6
CONTINUOUS
10
-0.4024272047244095
20
1.9342622440944881
11
-0.3964372834645669
21
1.9327858661417323
0
LINE
8
BLACK
6
CONTINUOUS
10
-0.317697125984252
20
1.9327858661417323
11
-0.3122345669291339
21
1.9299188976377952
0
LINE
8
BLACK
6
CONTINUOUS
10
-0.3122345669291339
20
1.9299188976377952
11
-0.3076168503937008
21
1.9258279527559055
0
LINE
8
BLACK
6
CONTINUOUS
10
-0.3076168503937008
20
1.9258279527559055
11
-0.3041123622047244
21
1.9207507874015748
0
LINE
8
BLACK
6
CONTINUOUS
10
-0.3041123622047244
20
1.9207507874015748
11
-0.3019247244094488
21
1.9149824803149607
0
LINE
8
BLACK
6
CONTINUOUS
10
-0.3019247244094488
20
1.9149824803149607
11
-0.3011811023622047
21
1.9088582677165353
0
LINE
8
BLACK
6
CONTINUOUS
10
-0.3011811023622047
20
1.9088582677165353
11
-0.3019247244094488
21
1.9027340551181102
0
LINE
8
BLACK
6
CONTINUOUS
10
-0.3019247244094488
20
1.9027340551181102
11
-0.3041123622047244
21
1.8969657480314961
0
LINE
8
BLACK
6
CONTINUOUS
10
-0.3041123622047244
20
1.8969657480314961
11
-0.3076168503937008
21
1.8918885826771654
0
LINE
8
BLACK
6
CONTINUOUS
10
-0.3076168503937008
20
1.8918885826771654
11
-0.3122345669291339
21
1.8877976377952757
0
LINE
8
BLACK
6
CONTINUOUS
10
-0.3122345669291339
20
1.8877976377952757
11
-0.317697125984252
21
1.8849306692913386
0
LINE
8
BLACK
6
CONTINUOUS
10
-0.317697125984252
20
1.8849306692913386
11
-0.3236870472440945
21
1.8834542913385826
0
LINE
8
BLACK
6
CONTINUOUS
10
-0.3236870472440945
20
1.8834542913385826
11
-0.3298562598425197
21
1.8834542913385826
0
LINE
8
BLACK
6
CONTINUOUS
10
-0.3298562598425197
20
1.8834542913385826
11
-0.3358461811023622
21
1.8849306692913386
0
LINE
8
BLACK
6
CONTINUOUS
10
-0.3358461811023622
20
1.8849306692913386
11
-0.3413087401574803
21
1.8877976377952757
0
LINE
8
BLACK
6
CONTINUOUS
10
-0.3413087401574803
20
1.8877976377952757
11
-0.3459264566929134
21
1.8918885826771654
0
LINE
8
BLACK
6
CONTINUOUS
10
-0.3459264566929134
20
1.8918885826771654
11
-0.3494309448818897
21
1.8969657480314961
0
LINE
8
BLACK
6
CONTINUOUS
10
-0.3494309448818897
20
1.8969657480314961
11
-0.3516185826771653
21
1.9027340551181102
0
LINE
8
BLACK
6
CONTINUOUS
10
-0.3516185826771653
20
1.9027340551181102
11
-0.3523622047244094
21
1.9088582677165353
0
LINE
8
BLACK
6
CONTINUOUS
10
-0.3523622047244094
20
1.9088582677165353
11
-0.3516185826771653
21
1.9149824803149607
0
LINE
8
BLACK
6
CONTINUOUS
10
-0.3516185826771653
20
1.9149824803149607
11
-0.3494309448818897
21
1.9207507874015748
0
LINE
8
BLACK
6
CONTINUOUS
10
-0.3494309448818897
20
1.9207507874015748
11
-0.3459264566929134
21
1.9258279527559055
0
LINE
8
BLACK
6
CONTINUOUS
10
-0.3459264566929134
20
1.9258279527559055
11
-0.3413087401574803
21
1.9299188976377952
0
LINE
8
BLACK
6
CONTINUOUS
10
-0.3413087401574803
20
1.9299188976377952
11
-0.3358461811023622
21
1.9327858661417323
0
LINE
8
BLACK
6
CONTINUOUS
10
-0.3358461811023622
20
1.9327858661417323
11
-0.3298562598425197
21
1.9342622440944881
0
LINE
8
BLACK
6
CONTINUOUS
10
-0.3298562598425197
20
1.9342622440944881
11
-0.3236870472440945
21
1.9342622440944881
0
LINE
8
BLACK
6
CONTINUOUS
10
-0.3236870472440945
20
1.9342622440944881
11
-0.317697125984252
21
1.9327858661417323
0
LINE
8
BLACK
6
CONTINUOUS
10
-0.7699738582677165
20
2.3225747244094488
11
-0.7635826771653543
21
2.3197292125984252
0
LINE
8
BLACK
6
CONTINUOUS
10
-0.7635826771653543
20
2.3197292125984252
11
-0.7579227952755906
21
2.3156170472440945
0
LINE
8
BLACK
6
CONTINUOUS
10
-0.7579227952755906
20
2.3156170472440945
11
-0.7532415748031496
21
2.3104179921259842
0
LINE
8
BLACK
6
CONTINUOUS
10
-0.7532415748031496
20
2.3104179921259842
11
-0.7497435433070866
21
2.3043592913385824
0
LINE
8
BLACK
6
CONTINUOUS
10
-0.7497435433070866
20
2.3043592913385824
11
-0.7475816929133858
21
2.2977057086614172
0
LINE
8
BLACK
6
CONTINUOUS
10
-0.7475816929133858
20
2.2977057086614172
11
-0.7468503937007874
21
2.2907480314960629
0
LINE
8
BLACK
6
CONTINUOUS
10
-0.7468503937007874
20
2.2907480314960629
11
-0.7475816929133858
21
2.2837903543307085
0
LINE
8
BLACK
6
CONTINUOUS
10
-0.7475816929133858
20
2.2837903543307085
11
-0.7497435433070866
21
2.2771367716535433
0
LINE
8
BLACK
6
CONTINUOUS
10
-0.7497435433070866
20
2.2771367716535433
11
-0.7532415748031496
21
2.2710780708661416
0
LINE
8
BLACK
6
CONTINUOUS
10
-0.7532415748031496
20
2.2710780708661416
11
-0.7579227952755906
21
2.2658790157480313
0
LINE
8
BLACK
6
CONTINUOUS
10
-0.7579227952755906
20
2.2658790157480313
11
-0.7635826771653543
21
2.261766850393701
0
LINE
8
BLACK
6
CONTINUOUS
10
-0.7635826771653543
20
2.261766850393701
11
-0.7699738582677165
21
2.258921338582677
0
LINE
8
BLACK
6
CONTINUOUS
10
-0.7699738582677165
20
2.258921338582677
11
-0.776816968503937
21
2.2574667716535433
0
LINE
8
BLACK
6
CONTINUOUS
10
-0.776816968503937
20
2.2574667716535433
11
-0.7838129527559055
21
2.2574667716535433
0
LINE
8
BLACK
6
CONTINUOUS
10
-0.7838129527559055
20
2.2574667716535433
11
-0.790656062992126
21
2.258921338582677
0
LINE
8
BLACK
6
CONTINUOUS
10
-0.790656062992126
20
2.258921338582677
11
-0.7970472440944881
21
2.261766850393701
0
LINE
8
BLACK
6
CONTINUOUS
10
-0.7970472440944881
20
2.261766850393701
11
-0.802707125984252
21
2.2658790157480313
0
LINE
8
BLACK
6
CONTINUOUS
10
-0.802707125984252
20
2.2658790157480313
11
-0.8073883464566929
21
2.2710780708661416
0
LINE
8
BLACK
6
CONTINUOUS
10
-0.8073883464566929
20
2.2710780708661416
11
-0.8108863779527559
21
2.2771367716535433
0
LINE
8
BLACK
6
CONTINUOUS
10
-0.8108863779527559
20
2.2771367716535433
11
-0.8130482283464566
21
2.2837903543307085
0
LINE
8
BLACK
6
CONTINUOUS
10
-0.8130482283464566
20
2.2837903543307085
11
-0.8137795275590551
21
2.2907480314960629
0
LINE
8
BLACK
6
CONTINUOUS
10
-0.8137795275590551
20
2.2907480314960629
11
-0.8130482283464566
21
2.2977057086614172
0
LINE
8
BLACK
6
CONTINUOUS
10
-0.8130482283464566
20
2.2977057086614172
11
-0.8108863779527559
21
2.3043592913385824
0
LINE
8
BLACK
6
CONTINUOUS
10
-0.8108863779527559
20
2.3043592913385824
11
-0.8073883464566929
21
2.3104179921259842
0
LINE
8
BLACK
6
CONTINUOUS
10
-0.8073883464566929
20
2.3104179921259842
11
-0.802707125984252
21
2.3156170472440945
0
LINE
8
BLACK
6
CONTINUOUS
10
-0.802707125984252
20
2.3156170472440945
11
-0.7970472440944881
21
2.3197292125984252
0
LINE
8
BLACK
6
CONTINUOUS
10
-0.7970472440944881
20
2.3197292125984252
11
-0.790656062992126
21
2.3225747244094488
0
LINE
8
BLACK
6
CONTINUOUS
10
-0.790656062992126
20
2.3225747244094488
11
-0.7838129527559055
21
2.3240292913385825
0
LINE
8
BLACK
6
CONTINUOUS
10
-0.7838129527559055
20
2.3240292913385825
11
-0.776816968503937
21
2.3240292913385825
0
LINE
8
BLACK
6
CONTINUOUS
10
-0.776816968503937
20
2.3240292913385825
11
-0.7699738582677165
21
2.3225747244094488
0
LINE
8
BLACK
6
CONTINUOUS
10
-0.7006685826771654
20
2.5298000393700786
11
-0.6993790944881889
21
2.5273702362204724
0
LINE
8
BLACK
6
CONTINUOUS
10
-0.6993790944881889
20
2.5273702362204724
11
-0.6992795275590551
21
2.5263893307086613
0
LINE
8
BLACK
6
CONTINUOUS
10
-0.6992795275590551
20
2.5263893307086613
11
-0.6992795275590551
21
2.2133661417322834
0
LINE
8
BLACK
6
CONTINUOUS
10
-0.6992795275590551
20
2.2133661417322834
11
-0.7000545275590551
21
2.2107268110236218
0
LINE
8
BLACK
6
CONTINUOUS
10
-0.7000545275590551
20
2.2107268110236218
11
-0.7021334251968504
21
2.2089254330708661
0
LINE
8
BLACK
6
CONTINUOUS
10
-0.7021334251968504
20
2.2089254330708661
11
-0.7041614173228347
21
2.2084842519685037
0
LINE
8
BLACK
6
CONTINUOUS
10
-0.7041614173228347
20
2.2084842519685037
11
-0.7399734251968504
21
2.2084842519685037
0
LINE
8
BLACK
6
CONTINUOUS
10
-0.7399734251968504
20
2.2084842519685037
11
-0.7426127559055118
21
2.2092592519685037
0
LINE
8
BLACK
6
CONTINUOUS
10
-0.7426127559055118
20
2.2092592519685037
11
-0.7442788582677166
21
2.211064842519685
0
LINE
8
BLACK
6
CONTINUOUS
10
-0.7442788582677166
20
2.211064842519685
11
-0.7457603149606299
21
2.2138364173228346
0
LINE
8
BLACK
6
CONTINUOUS
10
-0.7457603149606299
20
2.2138364173228346
11
-0.7457604724409449
21
2.2138366535433072
0
LINE
8
BLACK
6
CONTINUOUS
10
-0.7457604724409449
20
2.2138366535433072
11
-0.7457605511811023
21
2.2138367322834647
0
LINE
8
BLACK
6
CONTINUOUS
10
-0.7457605511811023
20
2.2138367322834647
11
-0.7466872834645669
21
2.2149659842519687
0
LINE
8
BLACK
6
CONTINUOUS
10
-0.7466872834645669
20
2.2149659842519687
11
-0.7509287401574803
21
2.2201342913385824
0
LINE
8
BLACK
6
CONTINUOUS
10
-0.7509287401574803
20
2.2201342913385824
11
-0.7572262992125984
21
2.2253024803149604
0
LINE
8
BLACK
6
CONTINUOUS
10
-0.7572262992125984
20
2.2253024803149604
11
-0.7572262598425197
21
2.2253024803149604
0
LINE
8
BLACK
6
CONTINUOUS
10
-0.7572262598425197
20
2.2253024803149604
11
-0.7572263779527559
21
2.2253025590551179
0
LINE
8
BLACK
6
CONTINUOUS
10
-0.7572263779527559
20
2.2253025590551179
11
-0.7644112598425197
21
2.229142992125984
0
LINE
8
BLACK
6
CONTINUOUS
10
-0.7644112598425197
20
2.229142992125984
11
-0.7722073228346457
21
2.2315078740157479
0
LINE
8
BLACK
6
CONTINUOUS
10
-0.7722073228346457
20
2.2315078740157479
11
-0.7722074015748032
21
2.2315079133858267
0
LINE
8
BLACK
6
CONTINUOUS
10
-0.7722074015748032
20
2.2315079133858267
11
-0.7722073228346457
21
2.2315079133858267
0
LINE
8
BLACK
6
CONTINUOUS
10
-0.7722073228346457
20
2.2315079133858267
11
-0.7803149606299212
21
2.2323064173228344
0
LINE
8
BLACK
6
CONTINUOUS
10
-0.7803149606299212
20
2.2323064173228344
11
-0.788422559055118
21
2.2315079133858267
0
LINE
8
BLACK
6
CONTINUOUS
10
-0.788422559055118
20
2.2315079133858267
11
-0.796218779527559
21
2.2291429527559057
0
LINE
8
BLACK
6
CONTINUOUS
10
-0.796218779527559
20
2.2291429527559057
11
-0.800286811023622
21
2.226968503937008
0
LINE
8
BLACK
6
CONTINUOUS
10
-0.800286811023622
20
2.226968503937008
11
-0.8034035433070866
21
2.2253025590551179
0
LINE
8
BLACK
6
CONTINUOUS
10
-0.8034035433070866
20
2.2253025590551179
11
-0.803403622047244
21
2.2253025196850391
0
LINE
8
BLACK
6
CONTINUOUS
10
-0.803403622047244
20
2.2253025196850391
11
-0.8034036614173228
21
2.2253024803149604
0
LINE
8
BLACK
6
CONTINUOUS
10
-0.8034036614173228
20
2.2253024803149604
11
-0.809701220472441
21
2.2201342913385824
0
LINE
8
BLACK
6
CONTINUOUS
10
-0.809701220472441
20
2.2201342913385824
11
-0.8148694881889763
21
2.2138366535433072
0
LINE
8
BLACK
6
CONTINUOUS
10
-0.8148694881889763
20
2.2138366535433072
11
-0.8148696456692913
21
2.2138364173228346
0
LINE
8
BLACK
6
CONTINUOUS
10
-0.8148696456692913
20
2.2138364173228346
11
-0.816351062992126
21
2.211064842519685
0
LINE
8
BLACK
6
CONTINUOUS
10
-0.816351062992126
20
2.211064842519685
11
-0.8182787007874015
21
2.2091024803149604
0
LINE
8
BLACK
6
CONTINUOUS
10
-0.8182787007874015
20
2.2091024803149604
11
-0.8206564960629921
21
2.2084842519685037
0
LINE
8
BLACK
6
CONTINUOUS
10
-0.8206564960629921
20
2.2084842519685037
11
-0.8399734251968504
21
2.2084842519685037
0
LINE
8
BLACK
6
CONTINUOUS
10
-0.8399734251968504
20
2.2084842519685037
11
-0.8426127559055118
21
2.2092592519685037
0
LINE
8
BLACK
6
CONTINUOUS
10
-0.8426127559055118
20
2.2092592519685037
11
-0.8442788582677165
21
2.211064842519685
0
LINE
8
BLACK
6
CONTINUOUS
10
-0.8442788582677165
20
2.211064842519685
11
-0.8457603149606299
21
2.2138364173228346
0
LINE
8
BLACK
6
CONTINUOUS
10
-0.8457603149606299
20
2.2138364173228346
11
-0.8457604724409449
21
2.2138366535433072
0
LINE
8
BLACK
6
CONTINUOUS
10
-0.8457604724409449
20
2.2138366535433072
11
-0.8457605511811024
21
2.2138367322834647
0
LINE
8
BLACK
6
CONTINUOUS
10
-0.8457605511811024
20
2.2138367322834647
11
-0.8466872834645669
21
2.2149659842519687
0
LINE
8
BLACK
6
CONTINUOUS
10
-0.8466872834645669
20
2.2149659842519687
11
-0.8509287401574803
21
2.2201342913385824
0
LINE
8
BLACK
6
CONTINUOUS
10
-0.8509287401574803
20
2.2201342913385824
11
-0.8572262992125984
21
2.2253024803149604
0
LINE
8
BLACK
6
CONTINUOUS
10
-0.8572262992125984
20
2.2253024803149604
11
-0.8572262598425197
21
2.2253024803149604
0
LINE
8
BLACK
6
CONTINUOUS
10
-0.8572262598425197
20
2.2253024803149604
11
-0.8572263779527559
21
2.2253025590551179
0
LINE
8
BLACK
6
CONTINUOUS
10
-0.8572263779527559
20
2.2253025590551179
11
-0.8644112598425197
21
2.229142992125984
0
LINE
8
BLACK
6
CONTINUOUS
10
-0.8644112598425197
20
2.229142992125984
11
-0.8722073228346456
21
2.2315078740157479
0
LINE
8
BLACK
6
CONTINUOUS
10
-0.8722073228346456
20
2.2315078740157479
11
-0.8722074015748031
21
2.2315079133858267
0
LINE
8
BLACK
6
CONTINUOUS
10
-0.8722074015748031
20
2.2315079133858267
11
-0.8722073228346456
21
2.2315079133858267
0
LINE
8
BLACK
6
CONTINUOUS
10
-0.8722073228346456
20
2.2315079133858267
11
-0.8803149606299212
21
2.2323064173228344
0
LINE
8
BLACK
6
CONTINUOUS
10
-0.8803149606299212
20
2.2323064173228344
11
-0.8884225590551181
21
2.2315079133858267
0
LINE
8
BLACK
6
CONTINUOUS
10
-0.8884225590551181
20
2.2315079133858267
11
-0.896218779527559
21
2.2291429527559057
0
LINE
8
BLACK
6
CONTINUOUS
10
-0.896218779527559
20
2.2291429527559057
11
-0.9002868110236221
21
2.226968503937008
0
LINE
8
BLACK
6
CONTINUOUS
10
-0.9002868110236221
20
2.226968503937008
11
-0.9034035433070866
21
2.2253025590551179
0
LINE
8
BLACK
6
CONTINUOUS
10
-0.9034035433070866
20
2.2253025590551179
11
-0.9034036220472441
21
2.2253025196850391
0
LINE
8
BLACK
6
CONTINUOUS
10
-0.9034036220472441
20
2.2253025196850391
11
-0.9034036614173229
21
2.2253024803149604
0
LINE
8
BLACK
6
CONTINUOUS
10
-0.9034036614173229
20
2.2253024803149604
11
-0.909701220472441
21
2.2201342913385824
0
LINE
8
BLACK
6
CONTINUOUS
10
-0.909701220472441
20
2.2201342913385824
11
-0.9142102755905511
21
2.2146398818897639
0
LINE
8
BLACK
6
CONTINUOUS
10
-0.9142102755905511
20
2.2146398818897639
11
-0.9148694881889764
21
2.2138366141732284
0
LINE
8
BLACK
6
CONTINUOUS
10
-0.9148694881889764
20
2.2138366141732284
11
-0.9151209448818898
21
2.2133661417322834
0
LINE
8
BLACK
6
CONTINUOUS
10
-0.9151209448818898
20
2.2133661417322834
11
-0.9187100393700787
21
2.2066516141732282
0
LINE
8
BLACK
6
CONTINUOUS
10
-0.9187100393700787
20
2.2066516141732282
11
-0.9187377952755905
21
2.2065844881889762
0
LINE
8
BLACK
6
CONTINUOUS
10
-0.9187377952755905
20
2.2065844881889762
11
-0.9187617716535433
21
2.2065547637795273
0
LINE
8
BLACK
6
CONTINUOUS
10
-0.9187617716535433
20
2.2065547637795273
11
-0.9188229921259843
21
2.2064401968503935
0
LINE
8
BLACK
6
CONTINUOUS
10
-0.9188229921259843
20
2.2064401968503935
11
-0.9188447244094488
21
2.206451811023622
0
LINE
8
BLACK
6
CONTINUOUS
10
-0.9188447244094488
20
2.206451811023622
11
-0.9204638582677165
21
2.2044426771653542
0
LINE
8
BLACK
6
CONTINUOUS
10
-0.9204638582677165
20
2.2044426771653542
11
-0.9230738582677165
21
2.2035740157480315
0
LINE
8
BLACK
6
CONTINUOUS
10
-0.9230738582677165
20
2.2035740157480315
11
-0.9257391732283464
21
2.2042543307086615
0
LINE
8
BLACK
6
CONTINUOUS
10
-0.9257391732283464
20
2.2042543307086615
11
-0.9276135826771653
21
2.2062676771653544
0
LINE
8
BLACK
6
CONTINUOUS
10
-0.9276135826771653
20
2.2062676771653544
11
-0.9281299212598425
21
2.2084527952755906
0
LINE
8
BLACK
6
CONTINUOUS
10
-0.9281299212598425
20
2.2084527952755906
11
-0.9281299212598425
21
2.2730433070866143
0
LINE
8
BLACK
6
CONTINUOUS
10
-0.9281299212598425
20
2.2730433070866143
11
-0.9273549212598425
21
2.2756826377952755
0
LINE
8
BLACK
6
CONTINUOUS
10
-0.9273549212598425
20
2.2756826377952755
11
-0.9252760236220472
21
2.2774840157480316
0
LINE
8
BLACK
6
CONTINUOUS
10
-0.9252760236220472
20
2.2774840157480316
11
-0.9225532677165355
21
2.2778755118110237
0
LINE
8
BLACK
6
CONTINUOUS
10
-0.9225532677165355
20
2.2778755118110237
11
-0.9200510629921259
21
2.2767327952755907
0
LINE
8
BLACK
6
CONTINUOUS
10
-0.9200510629921259
20
2.2767327952755907
11
-0.918836653543307
21
2.2750485826771651
0
LINE
8
BLACK
6
CONTINUOUS
10
-0.918836653543307
20
2.2750485826771651
11
-0.9188229921259843
21
2.2750558661417322
0
LINE
8
BLACK
6
CONTINUOUS
10
-0.9188229921259843
20
2.2750558661417322
11
-0.9187688188976377
21
2.2749545275590553
0
LINE
8
BLACK
6
CONTINUOUS
10
-0.9187688188976377
20
2.2749545275590553
11
-0.918737716535433
21
2.2749113779527557
0
LINE
8
BLACK
6
CONTINUOUS
10
-0.918737716535433
20
2.2749113779527557
11
-0.9187100393700787
21
2.2748445669291337
0
LINE
8
BLACK
6
CONTINUOUS
10
-0.9187100393700787
20
2.2748445669291337
11
-0.9187099606299213
21
2.27484437007874
0
LINE
8
BLACK
6
CONTINUOUS
10
-0.9187099606299213
20
2.27484437007874
11
-0.9187099212598425
21
2.2748443307086612
0
LINE
8
BLACK
6
CONTINUOUS
10
-0.9187099212598425
20
2.2748443307086612
11
-0.9148694881889764
21
2.2676594488188977
0
LINE
8
BLACK
6
CONTINUOUS
10
-0.9148694881889764
20
2.2676594488188977
11
-0.9148694094488189
21
2.2676593700787402
0
LINE
8
BLACK
6
CONTINUOUS
10
-0.9148694094488189
20
2.2676593700787402
11
-0.909701220472441
21
2.261361811023622
0
LINE
8
BLACK
6
CONTINUOUS
10
-0.909701220472441
20
2.261361811023622
11
-0.9074607086614173
21
2.2595231102362203
0
LINE
8
BLACK
6
CONTINUOUS
10
-0.9074607086614173
20
2.2595231102362203
11
-0.9034035433070866
21
2.2561935039370078
0
LINE
8
BLACK
6
CONTINUOUS
10
-0.9034035433070866
20
2.2561935039370078
11
-0.8962186614173228
21
2.2523530708661417
0
LINE
8
BLACK
6
CONTINUOUS
10
-0.8962186614173228
20
2.2523530708661417
11
-0.8884225984251969
21
2.2499881889763778
0
LINE
8
BLACK
6
CONTINUOUS
10
-0.8884225984251969
20
2.2499881889763778
11
-0.8884226377952755
21
2.2499881889763778
0
LINE
8
BLACK
6
CONTINUOUS
10
-0.8884226377952755
20
2.2499881889763778
11
-0.8876957086614173
21
2.2499166141732281
0
LINE
8
BLACK
6
CONTINUOUS
10
-0.8876957086614173
20
2.2499166141732281
11
-0.8803149606299212
21
2.2491896456692912
0
LINE
8
BLACK
6
CONTINUOUS
10
-0.8803149606299212
20
2.2491896456692912
11
-0.8722073228346456
21
2.2499881889763778
0
LINE
8
BLACK
6
CONTINUOUS
10
-0.8722073228346456
20
2.2499881889763778
11
-0.8644112598425197
21
2.2523530708661417
0
LINE
8
BLACK
6
CONTINUOUS
10
-0.8644112598425197
20
2.2523530708661417
11
-0.8572263779527559
21
2.2561935039370078
0
LINE
8
BLACK
6
CONTINUOUS
10
-0.8572263779527559
20
2.2561935039370078
11
-0.8509287401574803
21
2.261361811023622
0
LINE
8
BLACK
6
CONTINUOUS
10
-0.8509287401574803
20
2.261361811023622
11
-0.8457604330708661
21
2.2676594488188977
0
LINE
8
BLACK
6
CONTINUOUS
10
-0.8457604330708661
20
2.2676594488188977
11
-0.84192
21
2.2748443307086612
0
LINE
8
BLACK
6
CONTINUOUS
10
-0.84192
20
2.2748443307086612
11
-0.8395551181102362
21
2.2826403937007873
0
LINE
8
BLACK
6
CONTINUOUS
10
-0.8395551181102362
20
2.2826403937007873
11
-0.8387565748031496
21
2.2907480314960629
0
LINE
8
BLACK
6
CONTINUOUS
10
-0.8387565748031496
20
2.2907480314960629
11
-0.8395551181102362
21
2.2988556692913384
0
LINE
8
BLACK
6
CONTINUOUS
10
-0.8395551181102362
20
2.2988556692913384
11
-0.84192
21
2.3066517322834645
0
LINE
8
BLACK
6
CONTINUOUS
10
-0.84192
20
2.3066517322834645
11
-0.8457604330708661
21
2.3138366141732285
0
LINE
8
BLACK
6
CONTINUOUS
10
-0.8457604330708661
20
2.3138366141732285
11
-0.8478070078740158
21
2.3163303543307086
0
LINE
8
BLACK
6
CONTINUOUS
10
-0.8478070078740158
20
2.3163303543307086
11
-0.8509287401574803
21
2.3201342913385825
0
LINE
8
BLACK
6
CONTINUOUS
10
-0.8509287401574803
20
2.3201342913385825
11
-0.8572262992125984
21
2.3253024803149605
0
LINE
8
BLACK
6
CONTINUOUS
10
-0.8572262992125984
20
2.3253024803149605
11
-0.8572262598425197
21
2.3253024803149605
0
LINE
8
BLACK
6
CONTINUOUS
10
-0.8572262598425197
20
2.3253024803149605
11
-0.8572263779527559
21
2.325302559055118
0
LINE
8
BLACK
6
CONTINUOUS
10
-0.8572263779527559
20
2.325302559055118
11
-0.8644112598425197
21
2.3291429921259841
0
LINE
8
BLACK
6
CONTINUOUS
10
-0.8644112598425197
20
2.3291429921259841
11
-0.8722073228346456
21
2.331507874015748
0
LINE
8
BLACK
6
CONTINUOUS
10
-0.8722073228346456
20
2.331507874015748
11
-0.8722074015748031
21
2.3315079133858267
0
LINE
8
BLACK
6
CONTINUOUS
10
-0.8722074015748031
20
2.3315079133858267
11
-0.8722073228346456
21
2.3315079133858267
0
LINE
8
BLACK
6
CONTINUOUS
10
-0.8722073228346456
20
2.3315079133858267
11
-0.8803149606299212
21
2.3323064173228345
0
LINE
8
BLACK
6
CONTINUOUS
10
-0.8803149606299212
20
2.3323064173228345
11
-0.8884225590551181
21
2.3315079133858267
0
LINE
8
BLACK
6
CONTINUOUS
10
-0.8884225590551181
20
2.3315079133858267
11
-0.896218779527559
21
2.3291429527559053
0
LINE
8
BLACK
6
CONTINUOUS
10
-0.896218779527559
20
2.3291429527559053
11
-0.9005551968503936
21
2.3268250787401574
0
LINE
8
BLACK
6
CONTINUOUS
10
-0.9005551968503936
20
2.3268250787401574
11
-0.9034035433070866
21
2.325302559055118
0
LINE
8
BLACK
6
CONTINUOUS
10
-0.9034035433070866
20
2.325302559055118
11
-0.9034036220472441
21
2.3253025196850392
0
LINE
8
BLACK
6
CONTINUOUS
10
-0.9034036220472441
20
2.3253025196850392
11
-0.9034036614173229
21
2.3253024803149605
0
LINE
8
BLACK
6
CONTINUOUS
10
-0.9034036614173229
20
2.3253024803149605
11
-0.909701220472441
21
2.3201342913385825
0
LINE
8
BLACK
6
CONTINUOUS
10
-0.909701220472441
20
2.3201342913385825
11
-0.9148694094488189
21
2.3138367322834643
0
LINE
8
BLACK
6
CONTINUOUS
10
-0.9148694094488189
20
2.3138367322834643
11
-0.9187100393700787
21
2.3066516141732283
0
LINE
8
BLACK
6
CONTINUOUS
10
-0.9187100393700787
20
2.3066516141732283
11
-0.9187377952755905
21
2.3065844881889763
0
LINE
8
BLACK
6
CONTINUOUS
10
-0.9187377952755905
20
2.3065844881889763
11
-0.9187617716535433
21
2.3065547637795274
0
LINE
8
BLACK
6
CONTINUOUS
10
-0.9187617716535433
20
2.3065547637795274
11
-0.9188229921259843
21
2.3064401968503936
0
LINE
8
BLACK
6
CONTINUOUS
10
-0.9188229921259843
20
2.3064401968503936
11
-0.9188447244094488
21
2.3064518110236221
0
LINE
8
BLACK
6
CONTINUOUS
10
-0.9188447244094488
20
2.3064518110236221
11
-0.9204638582677165
21
2.3044426771653543
0
LINE
8
BLACK
6
CONTINUOUS
10
-0.9204638582677165
20
2.3044426771653543
11
-0.9230738582677165
21
2.3035740157480316
0
LINE
8
BLACK
6
CONTINUOUS
10
-0.9230738582677165
20
2.3035740157480316
11
-0.9257391732283464
21
2.3042543307086611
0
LINE
8
BLACK
6
CONTINUOUS
10
-0.9257391732283464
20
2.3042543307086611
11
-0.9276135826771653
21
2.3062676771653541
0
LINE
8
BLACK
6
CONTINUOUS
10
-0.9276135826771653
20
2.3062676771653541
11
-0.9281299212598425
21
2.3084527952755907
0
LINE
8
BLACK
6
CONTINUOUS
10
-0.9281299212598425
20
2.3084527952755907
11
-0.9281299212598425
21
2.3432876377952754
0
LINE
8
BLACK
6
CONTINUOUS
10
-0.9281299212598425
20
2.3432876377952754
11
-0.9273549212598425
21
2.345926968503937
0
LINE
8
BLACK
6
CONTINUOUS
10
-0.9273549212598425
20
2.345926968503937
11
-0.9252760236220472
21
2.3477283464566927
0
LINE
8
BLACK
6
CONTINUOUS
10
-0.9252760236220472
20
2.3477283464566927
11
-0.9225532677165355
21
2.3481198425196852
0
LINE
8
BLACK
6
CONTINUOUS
10
-0.9225532677165355
20
2.3481198425196852
11
-0.9210009448818898
21
2.34751468503937
0
LINE
8
BLACK
6
CONTINUOUS
10
-0.9210009448818898
20
2.34751468503937
11
-0.9209838582677166
21
2.3475533070866139
0
LINE
8
BLACK
6
CONTINUOUS
10
-0.9209838582677166
20
2.3475533070866139
11
-0.9165305905511811
21
2.3455870472440945
0
LINE
8
BLACK
6
CONTINUOUS
10
-0.9165305905511811
20
2.3455870472440945
11
-0.9155430708661417
21
2.3454724803149607
0
LINE
8
BLACK
6
CONTINUOUS
10
-0.9155430708661417
20
2.3454724803149607
11
-0.8901575196850393
21
2.3454724803149607
0
LINE
8
BLACK
6
CONTINUOUS
10
-0.8901575196850393
20
2.3454724803149607
11
-0.8901574803149606
21
2.3454725196850394
0
LINE
8
BLACK
6
CONTINUOUS
10
-0.8901574803149606
20
2.3454725196850394
11
-0.8901574803149606
21
2.3572834645669292
0
LINE
8
BLACK
6
CONTINUOUS
10
-0.8901574803149606
20
2.3572834645669292
11
-0.9137795275590551
21
2.3572834645669292
0
LINE
8
BLACK
6
CONTINUOUS
10
-0.9137795275590551
20
2.3572834645669292
11
-0.9137795275590551
21
2.4242125984251968
0
LINE
8
BLACK
6
CONTINUOUS
10
-0.9137795275590551
20
2.4242125984251968
11
-0.8901574803149606
21
2.4242125984251968
0
LINE
8
BLACK
6
CONTINUOUS
10
-0.8901574803149606
20
2.4242125984251968
11
-0.8901574803149606
21
2.436023622047244
0
LINE
8
BLACK
6
CONTINUOUS
10
-0.8901574803149606
20
2.436023622047244
11
-0.8967533464566929
21
2.436023622047244
0
LINE
8
BLACK
6
CONTINUOUS
10
-0.8967533464566929
20
2.436023622047244
11
-0.8993926771653543
21
2.436798622047244
0
LINE
8
BLACK
6
CONTINUOUS
10
-0.8993926771653543
20
2.436798622047244
11
-0.9011940551181102
21
2.4388775196850392
0
LINE
8
BLACK
6
CONTINUOUS
10
-0.9011940551181102
20
2.4388775196850392
11
-0.9015855511811024
21
2.441600275590551
0
LINE
8
BLACK
6
CONTINUOUS
10
-0.9015855511811024
20
2.441600275590551
11
-0.9004428346456693
21
2.4441024803149607
0
LINE
8
BLACK
6
CONTINUOUS
10
-0.9004428346456693
20
2.4441024803149607
11
-0.9002057086614172
21
2.4443571653543308
0
LINE
8
BLACK
6
CONTINUOUS
10
-0.9002057086614172
20
2.4443571653543308
11
-0.8863667322834645
21
2.4581961023622045
0
LINE
8
BLACK
6
CONTINUOUS
10
-0.8863667322834645
20
2.4581961023622045
11
-0.8839524409448819
21
2.4595144094488188
0
LINE
8
BLACK
6
CONTINUOUS
10
-0.8839524409448819
20
2.4595144094488188
11
-0.8829147244094488
21
2.4596259842519683
0
LINE
8
BLACK
6
CONTINUOUS
10
-0.8829147244094488
20
2.4596259842519683
11
-0.8230193700787402
21
2.4596259842519683
0
LINE
8
BLACK
6
CONTINUOUS
10
-0.8230193700787402
20
2.4596259842519683
11
-0.8230193307086614
21
2.4596259842519683
0
LINE
8
BLACK
6
CONTINUOUS
10
-0.8230193307086614
20
2.4596259842519683
11
-0.8194616929133858
21
2.4605792913385827
0
LINE
8
BLACK
6
CONTINUOUS
10
-0.8194616929133858
20
2.4605792913385827
11
-0.8185083858267717
21
2.4608346850393699
0
LINE
8
BLACK
6
CONTINUOUS
10
-0.8185083858267717
20
2.4608346850393699
11
-0.8144640157480315
21
2.4631697244094486
0
LINE
8
BLACK
6
CONTINUOUS
10
-0.8144640157480315
20
2.4631697244094486
11
-0.7934453149606299
21
2.4841884251968502
0
LINE
8
BLACK
6
CONTINUOUS
10
-0.7934453149606299
20
2.4841884251968502
11
-0.7911102755905511
21
2.4882327952755907
0
LINE
8
BLACK
6
CONTINUOUS
10
-0.7911102755905511
20
2.4882327952755907
11
-0.7907537007874016
21
2.4895636220472439
0
LINE
8
BLACK
6
CONTINUOUS
10
-0.7907537007874016
20
2.4895636220472439
11
-0.7899015748031496
21
2.4927437401574801
0
LINE
8
BLACK
6
CONTINUOUS
10
-0.7899015748031496
20
2.4927437401574801
11
-0.7899015748031496
21
2.5031959448818899
0
LINE
8
BLACK
6
CONTINUOUS
10
-0.7899015748031496
20
2.5031959448818899
11
-0.7891265748031496
21
2.5058352755905511
0
LINE
8
BLACK
6
CONTINUOUS
10
-0.7891265748031496
20
2.5058352755905511
11
-0.7870476771653543
21
2.5076366535433072
0
LINE
8
BLACK
6
CONTINUOUS
10
-0.7870476771653543
20
2.5076366535433072
11
-0.7859722440944882
21
2.5079840157480313
0
LINE
8
BLACK
6
CONTINUOUS
10
-0.7859722440944882
20
2.5079840157480313
11
-0.7843216141732283
21
2.5083123228346458
0
LINE
8
BLACK
6
CONTINUOUS
10
-0.7843216141732283
20
2.5083123228346458
11
-0.7843216141732283
21
2.5083123622047245
0
LINE
8
BLACK
6
CONTINUOUS
10
-0.7843216141732283
20
2.5083123622047245
11
-0.7838499606299213
21
2.5084061417322836
0
LINE
8
BLACK
6
CONTINUOUS
10
-0.7838499606299213
20
2.5084061417322836
11
-0.7838383464566929
21
2.5083475984251966
0
LINE
8
BLACK
6
CONTINUOUS
10
-0.7838383464566929
20
2.5083475984251966
11
-0.7816413385826771
21
2.5085839763779525
0
LINE
8
BLACK
6
CONTINUOUS
10
-0.7816413385826771
20
2.5085839763779525
11
-0.7814213385826771
21
2.5085390551181104
0
LINE
8
BLACK
6
CONTINUOUS
10
-0.7814213385826771
20
2.5085390551181104
11
-0.7810694881889764
21
2.5084587401574803
0
LINE
8
BLACK
6
CONTINUOUS
10
-0.7810694881889764
20
2.5084587401574803
11
-0.7810694094488189
21
2.5084587007874015
0
LINE
8
BLACK
6
CONTINUOUS
10
-0.7810694094488189
20
2.5084587007874015
11
-0.7775590551181102
21
2.5076574803149607
0
LINE
8
BLACK
6
CONTINUOUS
10
-0.7775590551181102
20
2.5076574803149607
11
-0.7530753543307086
21
2.5076574803149607
0
LINE
8
BLACK
6
CONTINUOUS
10
-0.7530753543307086
20
2.5076574803149607
11
-0.7530752362204725
21
2.5076574803149607
0
LINE
8
BLACK
6
CONTINUOUS
10
-0.7530752362204725
20
2.5076574803149607
11
-0.7507958661417322
21
2.5079851968503935
0
LINE
8
BLACK
6
CONTINUOUS
10
-0.7507958661417322
20
2.5079851968503935
11
-0.7453645669291339
21
2.5095799606299214
0
LINE
8
BLACK
6
CONTINUOUS
10
-0.7453645669291339
20
2.5095799606299214
11
-0.7432698818897637
21
2.5105365748031496
0
LINE
8
BLACK
6
CONTINUOUS
10
-0.7432698818897637
20
2.5105365748031496
11
-0.7385079133858268
21
2.5135968897637793
0
LINE
8
BLACK
6
CONTINUOUS
10
-0.7385079133858268
20
2.5135968897637793
11
-0.7367675196850394
21
2.5151049606299214
0
LINE
8
BLACK
6
CONTINUOUS
10
-0.7367675196850394
20
2.5151049606299214
11
-0.733270905511811
21
2.5191403543307085
0
LINE
8
BLACK
6
CONTINUOUS
10
-0.733270905511811
20
2.5191403543307085
11
-0.7309568897637795
21
2.5206274803149604
0
LINE
8
BLACK
6
CONTINUOUS
10
-0.7309568897637795
20
2.5206274803149604
11
-0.7289442519685039
21
2.5207834645669291
0
LINE
8
BLACK
6
CONTINUOUS
10
-0.7289442519685039
20
2.5207834645669291
11
-0.7277594881889764
21
2.5206274803149604
0
LINE
8
BLACK
6
CONTINUOUS
10
-0.7277594881889764
20
2.5206274803149604
11
-0.7263779921259842
21
2.5204455905511809
0
LINE
8
BLACK
6
CONTINUOUS
10
-0.7263779921259842
20
2.5204455905511809
11
-0.7263779527559054
21
2.5204455905511809
0
LINE
8
BLACK
6
CONTINUOUS
10
-0.7263779527559054
20
2.5204455905511809
11
-0.7263779133858268
21
2.5204455905511809
0
LINE
8
BLACK
6
CONTINUOUS
10
-0.7263779133858268
20
2.5204455905511809
11
-0.7238115354330709
21
2.5207834645669291
0
LINE
8
BLACK
6
CONTINUOUS
10
-0.7238115354330709
20
2.5207834645669291
11
-0.720206220472441
21
2.5212581102362206
0
LINE
8
BLACK
6
CONTINUOUS
10
-0.720206220472441
20
2.5212581102362206
11
-0.7144550787401575
21
2.5236403149606299
0
LINE
8
BLACK
6
CONTINUOUS
10
-0.7144550787401575
20
2.5236403149606299
11
-0.7095164566929134
21
2.5274298425196848
0
LINE
8
BLACK
6
CONTINUOUS
10
-0.7095164566929134
20
2.5274298425196848
11
-0.7080344488188977
21
2.5293612992125984
0
LINE
8
BLACK
6
CONTINUOUS
10
-0.7080344488188977
20
2.5293612992125984
11
-0.7058129527559055
21
2.5309833858267714
0
LINE
8
BLACK
6
CONTINUOUS
10
-0.7058129527559055
20
2.5309833858267714
11
-0.7030670472440945
21
2.5311469685039372
0
LINE
8
BLACK
6
CONTINUOUS
10
-0.7030670472440945
20
2.5311469685039372
11
-0.7006685826771654
21
2.5298000393700786
0
LINE
8
BLACK
6
CONTINUOUS
10
-0.821074842519685
20
2.2826404724409448
11
-0.8210748031496062
21
2.2826403937007873
0
LINE
8
BLACK
6
CONTINUOUS
10
-0.8210748031496062
20
2.2826403937007873
11
-0.8187099212598425
21
2.2748443307086612
0
LINE
8
BLACK
6
CONTINUOUS
10
-0.8187099212598425
20
2.2748443307086612
11
-0.8148694881889763
21
2.2676594488188977
0
LINE
8
BLACK
6
CONTINUOUS
10
-0.8148694881889763
20
2.2676594488188977
11
-0.8148694094488189
21
2.2676593700787402
0
LINE
8
BLACK
6
CONTINUOUS
10
-0.8148694094488189
20
2.2676593700787402
11
-0.809701220472441
21
2.261361811023622
0
LINE
8
BLACK
6
CONTINUOUS
10
-0.809701220472441
20
2.261361811023622
11
-0.8074607086614173
21
2.2595231102362203
0
LINE
8
BLACK
6
CONTINUOUS
10
-0.8074607086614173
20
2.2595231102362203
11
-0.8034035433070866
21
2.2561935039370078
0
LINE
8
BLACK
6
CONTINUOUS
10
-0.8034035433070866
20
2.2561935039370078
11
-0.7962186614173228
21
2.2523530708661417
0
LINE
8
BLACK
6
CONTINUOUS
10
-0.7962186614173228
20
2.2523530708661417
11
-0.7884225984251968
21
2.2499881889763778
0
LINE
8
BLACK
6
CONTINUOUS
10
-0.7884225984251968
20
2.2499881889763778
11
-0.7884226377952755
21
2.2499881889763778
0
LINE
8
BLACK
6
CONTINUOUS
10
-0.7884226377952755
20
2.2499881889763778
11
-0.7876957086614174
21
2.2499166141732281
0
LINE
8
BLACK
6
CONTINUOUS
10
-0.7876957086614174
20
2.2499166141732281
11
-0.7803149606299212
21
2.2491896456692912
0
LINE
8
BLACK
6
CONTINUOUS
10
-0.7803149606299212
20
2.2491896456692912
11
-0.7722073228346457
21
2.2499881889763778
0
LINE
8
BLACK
6
CONTINUOUS
10
-0.7722073228346457
20
2.2499881889763778
11
-0.7644112598425197
21
2.2523530708661417
0
LINE
8
BLACK
6
CONTINUOUS
10
-0.7644112598425197
20
2.2523530708661417
11
-0.7572263779527559
21
2.2561935039370078
0
LINE
8
BLACK
6
CONTINUOUS
10
-0.7572263779527559
20
2.2561935039370078
11
-0.7509287401574803
21
2.261361811023622
0
LINE
8
BLACK
6
CONTINUOUS
10
-0.7509287401574803
20
2.261361811023622
11
-0.7457604330708661
21
2.2676594488188977
0
LINE
8
BLACK
6
CONTINUOUS
10
-0.7457604330708661
20
2.2676594488188977
11
-0.74192
21
2.2748443307086612
0
LINE
8
BLACK
6
CONTINUOUS
10
-0.74192
20
2.2748443307086612
11
-0.7395551181102362
21
2.2826403937007873
0
LINE
8
BLACK
6
CONTINUOUS
10
-0.7395551181102362
20
2.2826403937007873
11
-0.7387565748031496
21
2.2907480314960629
0
LINE
8
BLACK
6
CONTINUOUS
10
-0.7387565748031496
20
2.2907480314960629
11
-0.7395551181102362
21
2.2988556692913384
0
LINE
8
BLACK
6
CONTINUOUS
10
-0.7395551181102362
20
2.2988556692913384
11
-0.74192
21
2.3066517322834645
0
LINE
8
BLACK
6
CONTINUOUS
10
-0.74192
20
2.3066517322834645
11
-0.7457604330708661
21
2.3138366141732285
0
LINE
8
BLACK
6
CONTINUOUS
10
-0.7457604330708661
20
2.3138366141732285
11
-0.7478070078740158
21
2.3163303543307086
0
LINE
8
BLACK
6
CONTINUOUS
10
-0.7478070078740158
20
2.3163303543307086
11
-0.7509287401574803
21
2.3201342913385825
0
LINE
8
BLACK
6
CONTINUOUS
10
-0.7509287401574803
20
2.3201342913385825
11
-0.7572262992125984
21
2.3253024803149605
0
LINE
8
BLACK
6
CONTINUOUS
10
-0.7572262992125984
20
2.3253024803149605
11
-0.7572262598425197
21
2.3253024803149605
0
LINE
8
BLACK
6
CONTINUOUS
10
-0.7572262598425197
20
2.3253024803149605
11
-0.7572263779527559
21
2.325302559055118
0
LINE
8
BLACK
6
CONTINUOUS
10
-0.7572263779527559
20
2.325302559055118
11
-0.7644112598425197
21
2.3291429921259841
0
LINE
8
BLACK
6
CONTINUOUS
10
-0.7644112598425197
20
2.3291429921259841
11
-0.7722073228346457
21
2.331507874015748
0
LINE
8
BLACK
6
CONTINUOUS
10
-0.7722073228346457
20
2.331507874015748
11
-0.7722074015748032
21
2.3315079133858267
0
LINE
8
BLACK
6
CONTINUOUS
10
-0.7722074015748032
20
2.3315079133858267
11
-0.7722073228346457
21
2.3315079133858267
0
LINE
8
BLACK
6
CONTINUOUS
10
-0.7722073228346457
20
2.3315079133858267
11
-0.7803149606299212
21
2.3323064173228345
0
LINE
8
BLACK
6
CONTINUOUS
10
-0.7803149606299212
20
2.3323064173228345
11
-0.788422559055118
21
2.3315079133858267
0
LINE
8
BLACK
6
CONTINUOUS
10
-0.788422559055118
20
2.3315079133858267
11
-0.796218779527559
21
2.3291429527559053
0
LINE
8
BLACK
6
CONTINUOUS
10
-0.796218779527559
20
2.3291429527559053
11
-0.8005551968503937
21
2.3268250787401574
0
LINE
8
BLACK
6
CONTINUOUS
10
-0.8005551968503937
20
2.3268250787401574
11
-0.8034035433070866
21
2.325302559055118
0
LINE
8
BLACK
6
CONTINUOUS
10
-0.8034035433070866
20
2.325302559055118
11
-0.803403622047244
21
2.3253025196850392
0
LINE
8
BLACK
6
CONTINUOUS
10
-0.803403622047244
20
2.3253025196850392
11
-0.8034036614173228
21
2.3253024803149605
0
LINE
8
BLACK
6
CONTINUOUS
10
-0.8034036614173228
20
2.3253024803149605
11
-0.809701220472441
21
2.3201342913385825
0
LINE
8
BLACK
6
CONTINUOUS
10
-0.809701220472441
20
2.3201342913385825
11
-0.8148694094488189
21
2.3138367322834643
0
LINE
8
BLACK
6
CONTINUOUS
10
-0.8148694094488189
20
2.3138367322834643
11
-0.8187098818897638
21
2.3066518503937008
0
LINE
8
BLACK
6
CONTINUOUS
10
-0.8187098818897638
20
2.3066518503937008
11
-0.821074842519685
21
2.2988556299212597
0
LINE
8
BLACK
6
CONTINUOUS
10
-0.821074842519685
20
2.2988556299212597
11
-0.8218733464566929
21
2.2907480314960629
0
LINE
8
BLACK
6
CONTINUOUS
10
-0.8218733464566929
20
2.2907480314960629
11
-0.821074842519685
21
2.2826404724409448
0
LINE
8
BLACK
6
CONTINUOUS
10
-0.8468503937007874
20
2.3572834645669292
11
-0.8704724409448819
21
2.3572834645669292
0
LINE
8
BLACK
6
CONTINUOUS
10
-0.8704724409448819
20
2.3572834645669292
11
-0.8704724409448819
21
2.3454724803149607
0
LINE
8
BLACK
6
CONTINUOUS
10
-0.8704724409448819
20
2.3454724803149607
11
-0.8450871653543307
21
2.3454724803149607
0
LINE
8
BLACK
6
CONTINUOUS
10
-0.8450871653543307
20
2.3454724803149607
11
-0.8450862992125984
21
2.3454725590551182
0
LINE
8
BLACK
6
CONTINUOUS
10
-0.8450862992125984
20
2.3454725590551182
11
-0.8440996456692913
21
2.345586968503937
0
LINE
8
BLACK
6
CONTINUOUS
10
-0.8440996456692913
20
2.345586968503937
11
-0.8440994881889764
21
2.3455870078740158
0
LINE
8
BLACK
6
CONTINUOUS
10
-0.8440994881889764
20
2.3455870078740158
11
-0.8400600787401574
21
2.3473705511811023
0
LINE
8
BLACK
6
CONTINUOUS
10
-0.8400600787401574
20
2.3473705511811023
11
-0.8400598818897638
21
2.3473706692913385
0
LINE
8
BLACK
6
CONTINUOUS
10
-0.8400598818897638
20
2.3473706692913385
11
-0.8369375984251969
21
2.3504929527559053
0
LINE
8
BLACK
6
CONTINUOUS
10
-0.8369375984251969
20
2.3504929527559053
11
-0.8369374803149606
21
2.3504931496062991
0
LINE
8
BLACK
6
CONTINUOUS
10
-0.8369374803149606
20
2.3504931496062991
11
-0.8351539763779527
21
2.354532401574803
0
LINE
8
BLACK
6
CONTINUOUS
10
-0.8351539763779527
20
2.354532401574803
11
-0.8351539763779527
21
2.3545324803149605
0
LINE
8
BLACK
6
CONTINUOUS
10
-0.8351539763779527
20
2.3545324803149605
11
-0.8350394094488188
21
2.3555199212598423
0
LINE
8
BLACK
6
CONTINUOUS
10
-0.8350394094488188
20
2.3555199212598423
11
-0.8350393700787402
21
2.3555200393700786
0
LINE
8
BLACK
6
CONTINUOUS
10
-0.8350393700787402
20
2.3555200393700786
11
-0.8350393700787402
21
2.3809055118110236
0
LINE
8
BLACK
6
CONTINUOUS
10
-0.8350393700787402
20
2.3809055118110236
11
-0.8468503937007874
21
2.3809055118110236
0
LINE
8
BLACK
6
CONTINUOUS
10
-0.8468503937007874
20
2.3809055118110236
11
-0.8468503937007874
21
2.3572834645669292
0
LINE
8
BLACK
6
CONTINUOUS
10
-0.8245870866141732
20
2.3809055118110236
11
-0.822714094488189
21
2.3743226377952755
0
LINE
8
BLACK
6
CONTINUOUS
10
-0.822714094488189
20
2.3743226377952755
11
-0.8227138976377952
21
2.3743221259842517
0
LINE
8
BLACK
6
CONTINUOUS
10
-0.8227138976377952
20
2.3743221259842517
11
-0.8189739763779528
21
2.366811377952756
0
LINE
8
BLACK
6
CONTINUOUS
10
-0.8189739763779528
20
2.366811377952756
11
-0.8139173228346457
21
2.36011531496063
0
LINE
8
BLACK
6
CONTINUOUS
10
-0.8139173228346457
20
2.36011531496063
11
-0.8077165354330709
21
2.354462559055118
0
LINE
8
BLACK
6
CONTINUOUS
10
-0.8077165354330709
20
2.354462559055118
11
-0.8077164566929134
21
2.3544624803149605
0
LINE
8
BLACK
6
CONTINUOUS
10
-0.8077164566929134
20
2.3544624803149605
11
-0.8005826377952756
21
2.350045433070866
0
LINE
8
BLACK
6
CONTINUOUS
10
-0.8005826377952756
20
2.350045433070866
11
-0.8005824015748031
21
2.3500453149606297
0
LINE
8
BLACK
6
CONTINUOUS
10
-0.8005824015748031
20
2.3500453149606297
11
-0.7927582283464567
21
2.347014251968504
0
LINE
8
BLACK
6
CONTINUOUS
10
-0.7927582283464567
20
2.347014251968504
11
-0.7901574803149606
21
2.3465281102362203
0
LINE
8
BLACK
6
CONTINUOUS
10
-0.7901574803149606
20
2.3465281102362203
11
-0.7901574803149606
21
2.3588153937007874
0
LINE
8
BLACK
6
CONTINUOUS
10
-0.7901574803149606
20
2.3588153937007874
11
-0.790656062992126
21
2.3589213385826771
0
LINE
8
BLACK
6
CONTINUOUS
10
-0.790656062992126
20
2.3589213385826771
11
-0.7970472440944881
21
2.3617668503937006
0
LINE
8
BLACK
6
CONTINUOUS
10
-0.7970472440944881
20
2.3617668503937006
11
-0.802707125984252
21
2.3658790157480314
0
LINE
8
BLACK
6
CONTINUOUS
10
-0.802707125984252
20
2.3658790157480314
11
-0.8073883464566929
21
2.3710780708661416
0
LINE
8
BLACK
6
CONTINUOUS
10
-0.8073883464566929
20
2.3710780708661416
11
-0.8108863779527559
21
2.3771367716535434
0
LINE
8
BLACK
6
CONTINUOUS
10
-0.8108863779527559
20
2.3771367716535434
11
-0.812110905511811
21
2.3809055118110236
0
LINE
8
BLACK
6
CONTINUOUS
10
-0.812110905511811
20
2.3809055118110236
11
-0.8245870866141732
21
2.3809055118110236
0
LINE
8
BLACK
6
CONTINUOUS
10
-0.7497435433070866
20
2.3771367716535434
11
-0.7532415748031496
21
2.3710780708661416
0
LINE
8
BLACK
6
CONTINUOUS
10
-0.7532415748031496
20
2.3710780708661416
11
-0.7579227952755906
21
2.3658790157480314
0
LINE
8
BLACK
6
CONTINUOUS
10
-0.7579227952755906
20
2.3658790157480314
11
-0.7635826771653543
21
2.3617668503937006
0
LINE
8
BLACK
6
CONTINUOUS
10
-0.7635826771653543
20
2.3617668503937006
11
-0.7699738582677165
21
2.3589213385826771
0
LINE
8
BLACK
6
CONTINUOUS
10
-0.7699738582677165
20
2.3589213385826771
11
-0.7704724409448819
21
2.3588153937007874
0
LINE
8
BLACK
6
CONTINUOUS
10
-0.7704724409448819
20
2.3588153937007874
11
-0.7704724409448819
21
2.3465281496062991
0
LINE
8
BLACK
6
CONTINUOUS
10
-0.7704724409448819
20
2.3465281496062991
11
-0.7678717322834645
21
2.347014251968504
0
LINE
8
BLACK
6
CONTINUOUS
10
-0.7678717322834645
20
2.347014251968504
11
-0.7600475590551181
21
2.3500453149606297
0
LINE
8
BLACK
6
CONTINUOUS
10
-0.7600475590551181
20
2.3500453149606297
11
-0.7600473228346456
21
2.350045433070866
0
LINE
8
BLACK
6
CONTINUOUS
10
-0.7600473228346456
20
2.350045433070866
11
-0.7529135039370078
21
2.3544624803149605
0
LINE
8
BLACK
6
CONTINUOUS
10
-0.7529135039370078
20
2.3544624803149605
11
-0.7529134251968503
21
2.354462559055118
0
LINE
8
BLACK
6
CONTINUOUS
10
-0.7529134251968503
20
2.354462559055118
11
-0.7467126377952755
21
2.36011531496063
0
LINE
8
BLACK
6
CONTINUOUS
10
-0.7467126377952755
20
2.36011531496063
11
-0.7416559842519684
21
2.366811377952756
0
LINE
8
BLACK
6
CONTINUOUS
10
-0.7416559842519684
20
2.366811377952756
11
-0.737916062992126
21
2.3743221259842517
0
LINE
8
BLACK
6
CONTINUOUS
10
-0.737916062992126
20
2.3743221259842517
11
-0.7379158661417322
21
2.3743226377952755
0
LINE
8
BLACK
6
CONTINUOUS
10
-0.7379158661417322
20
2.3743226377952755
11
-0.7360428346456692
21
2.3809055118110236
0
LINE
8
BLACK
6
CONTINUOUS
10
-0.7360428346456692
20
2.3809055118110236
11
-0.7485190157480315
21
2.3809055118110236
0
LINE
8
BLACK
6
CONTINUOUS
10
-0.7485190157480315
20
2.3809055118110236
11
-0.7497435433070866
21
2.3771367716535434
0
LINE
8
BLACK
6
CONTINUOUS
10
-0.7704724409448819
20
2.4226807086614173
11
-0.7699738582677165
21
2.4225747244094489
0
LINE
8
BLACK
6
CONTINUOUS
10
-0.7699738582677165
20
2.4225747244094489
11
-0.7635826771653543
21
2.4197292125984253
0
LINE
8
BLACK
6
CONTINUOUS
10
-0.7635826771653543
20
2.4197292125984253
11
-0.7579227952755906
21
2.4156170472440945
0
LINE
8
BLACK
6
CONTINUOUS
10
-0.7579227952755906
20
2.4156170472440945
11
-0.7532415748031496
21
2.4104179921259843
0
LINE
8
BLACK
6
CONTINUOUS
10
-0.7532415748031496
20
2.4104179921259843
11
-0.7497435433070866
21
2.4043592913385825
0
LINE
8
BLACK
6
CONTINUOUS
10
-0.7497435433070866
20
2.4043592913385825
11
-0.7485190157480315
21
2.4005905511811023
0
LINE
8
BLACK
6
CONTINUOUS
10
-0.7485190157480315
20
2.4005905511811023
11
-0.7360428346456692
21
2.4005905511811023
0
LINE
8
BLACK
6
CONTINUOUS
10
-0.7360428346456692
20
2.4005905511811023
11
-0.7360428346456692
21
2.4005905905511811
0
LINE
8
BLACK
6
CONTINUOUS
10
-0.7360428346456692
20
2.4005905905511811
11
-0.7379158661417322
21
2.4071734645669292
0
LINE
8
BLACK
6
CONTINUOUS
10
-0.7379158661417322
20
2.4071734645669292
11
-0.737916062992126
21
2.4071739763779525
0
LINE
8
BLACK
6
CONTINUOUS
10
-0.737916062992126
20
2.4071739763779525
11
-0.7416559842519684
21
2.4146847244094487
0
LINE
8
BLACK
6
CONTINUOUS
10
-0.7416559842519684
20
2.4146847244094487
11
-0.7467126377952755
21
2.4213807874015747
0
LINE
8
BLACK
6
CONTINUOUS
10
-0.7467126377952755
20
2.4213807874015747
11
-0.7529134251968503
21
2.4270335433070866
0
LINE
8
BLACK
6
CONTINUOUS
10
-0.7529134251968503
20
2.4270335433070866
11
-0.7529135039370078
21
2.4270336220472442
0
LINE
8
BLACK
6
CONTINUOUS
10
-0.7529135039370078
20
2.4270336220472442
11
-0.7600473228346456
21
2.4314506692913387
0
LINE
8
BLACK
6
CONTINUOUS
10
-0.7600473228346456
20
2.4314506692913387
11
-0.7600476771653543
21
2.4314508267716537
0
LINE
8
BLACK
6
CONTINUOUS
10
-0.7600476771653543
20
2.4314508267716537
11
-0.7678715354330709
21
2.4344817716535432
0
LINE
8
BLACK
6
CONTINUOUS
10
-0.7678715354330709
20
2.4344817716535432
11
-0.7678717322834645
21
2.4344818110236219
0
LINE
8
BLACK
6
CONTINUOUS
10
-0.7678717322834645
20
2.4344818110236219
11
-0.7704724409448819
21
2.4349679921259844
0
LINE
8
BLACK
6
CONTINUOUS
10
-0.7704724409448819
20
2.4349679921259844
11
-0.7704724409448819
21
2.4226807086614173
0
LINE
8
BLACK
6
CONTINUOUS
10
-0.8704724409448819
20
2.4242125984251968
11
-0.8468503937007874
21
2.4242125984251968
0
LINE
8
BLACK
6
CONTINUOUS
10
-0.8468503937007874
20
2.4242125984251968
11
-0.8468503937007874
21
2.4005905511811023
0
LINE
8
BLACK
6
CONTINUOUS
10
-0.8468503937007874
20
2.4005905511811023
11
-0.8350394094488188
21
2.4005905511811023
0
LINE
8
BLACK
6
CONTINUOUS
10
-0.8350394094488188
20
2.4005905511811023
11
-0.8350394094488188
21
2.4005905905511811
0
LINE
8
BLACK
6
CONTINUOUS
10
-0.8350394094488188
20
2.4005905905511811
11
-0.8350394094488188
21
2.4259758267716536
0
LINE
8
BLACK
6
CONTINUOUS
10
-0.8350394094488188
20
2.4259758267716536
11
-0.8350394881889763
21
2.4259767322834644
0
LINE
8
BLACK
6
CONTINUOUS
10
-0.8350394881889763
20
2.4259767322834644
11
-0.8351538976377952
21
2.4269633858267716
0
LINE
8
BLACK
6
CONTINUOUS
10
-0.8351538976377952
20
2.4269633858267716
11
-0.835153937007874
21
2.4269635433070866
0
LINE
8
BLACK
6
CONTINUOUS
10
-0.835153937007874
20
2.4269635433070866
11
-0.8369374803149606
21
2.4310029527559056
0
LINE
8
BLACK
6
CONTINUOUS
10
-0.8369374803149606
20
2.4310029527559056
11
-0.8369375984251969
21
2.4310031496062994
0
LINE
8
BLACK
6
CONTINUOUS
10
-0.8369375984251969
20
2.4310031496062994
11
-0.8400598818897638
21
2.4341254330708662
0
LINE
8
BLACK
6
CONTINUOUS
10
-0.8400598818897638
20
2.4341254330708662
11
-0.8400600787401574
21
2.4341255511811024
0
LINE
8
BLACK
6
CONTINUOUS
10
-0.8400600787401574
20
2.4341255511811024
11
-0.8440993700787401
21
2.4359090551181102
0
LINE
8
BLACK
6
CONTINUOUS
10
-0.8440993700787401
20
2.4359090551181102
11
-0.8450868503937008
21
2.436023622047244
0
LINE
8
BLACK
6
CONTINUOUS
10
-0.8450868503937008
20
2.436023622047244
11
-0.8704724409448819
21
2.436023622047244
0
LINE
8
BLACK
6
CONTINUOUS
10
-0.8704724409448819
20
2.436023622047244
11
-0.8704724409448819
21
2.4242125984251968
0
LINE
8
BLACK
6
CONTINUOUS
10
-0.8245870866141732
20
2.4005905511811023
11
-0.812110905511811
21
2.4005905511811023
0
LINE
8
BLACK
6
CONTINUOUS
10
-0.812110905511811
20
2.4005905511811023
11
-0.8108863779527559
21
2.4043592913385825
0
LINE
8
BLACK
6
CONTINUOUS
10
-0.8108863779527559
20
2.4043592913385825
11
-0.8073883464566929
21
2.4104179921259843
0
LINE
8
BLACK
6
CONTINUOUS
10
-0.8073883464566929
20
2.4104179921259843
11
-0.802707125984252
21
2.4156170472440945
0
LINE
8
BLACK
6
CONTINUOUS
10
-0.802707125984252
20
2.4156170472440945
11
-0.7970472440944881
21
2.4197292125984253
0
LINE
8
BLACK
6
CONTINUOUS
10
-0.7970472440944881
20
2.4197292125984253
11
-0.790656062992126
21
2.4225747244094489
0
LINE
8
BLACK
6
CONTINUOUS
10
-0.790656062992126
20
2.4225747244094489
11
-0.7901574803149606
21
2.4226807086614173
0
LINE
8
BLACK
6
CONTINUOUS
10
-0.7901574803149606
20
2.4226807086614173
11
-0.7901574803149606
21
2.4349679921259844
0
LINE
8
BLACK
6
CONTINUOUS
10
-0.7901574803149606
20
2.4349679921259844
11
-0.7927582283464567
21
2.4344818110236219
0
LINE
8
BLACK
6
CONTINUOUS
10
-0.7927582283464567
20
2.4344818110236219
11
-0.7927584251968504
21
2.4344817716535432
0
LINE
8
BLACK
6
CONTINUOUS
10
-0.7927584251968504
20
2.4344817716535432
11
-0.8005822834645669
21
2.4314508267716537
0
LINE
8
BLACK
6
CONTINUOUS
10
-0.8005822834645669
20
2.4314508267716537
11
-0.8005826377952756
21
2.4314506692913387
0
LINE
8
BLACK
6
CONTINUOUS
10
-0.8005826377952756
20
2.4314506692913387
11
-0.8077164566929134
21
2.4270336220472442
0
LINE
8
BLACK
6
CONTINUOUS
10
-0.8077164566929134
20
2.4270336220472442
11
-0.8077165354330709
21
2.4270335433070866
0
LINE
8
BLACK
6
CONTINUOUS
10
-0.8077165354330709
20
2.4270335433070866
11
-0.8139173228346457
21
2.4213807874015747
0
LINE
8
BLACK
6
CONTINUOUS
10
-0.8139173228346457
20
2.4213807874015747
11
-0.8189739763779528
21
2.4146847244094487
0
LINE
8
BLACK
6
CONTINUOUS
10
-0.8189739763779528
20
2.4146847244094487
11
-0.8227138976377952
21
2.4071739763779525
0
LINE
8
BLACK
6
CONTINUOUS
10
-0.8227138976377952
20
2.4071739763779525
11
-0.822714094488189
21
2.4071734645669292
0
LINE
8
BLACK
6
CONTINUOUS
10
-0.822714094488189
20
2.4071734645669292
11
-0.824587125984252
21
2.4005905905511811
0
LINE
8
BLACK
6
CONTINUOUS
10
-0.824587125984252
20
2.4005905905511811
11
-0.8245870866141732
21
2.4005905511811023
0
LINE
8
BLACK
6
CONTINUOUS
10
-0.8699738582677166
20
2.3225747244094488
11
-0.8635826771653543
21
2.3197292125984252
0
LINE
8
BLACK
6
CONTINUOUS
10
-0.8635826771653543
20
2.3197292125984252
11
-0.8579227952755906
21
2.3156170472440945
0
LINE
8
BLACK
6
CONTINUOUS
10
-0.8579227952755906
20
2.3156170472440945
11
-0.8532415748031495
21
2.3104179921259842
0
LINE
8
BLACK
6
CONTINUOUS
10
-0.8532415748031495
20
2.3104179921259842
11
-0.8497435433070866
21
2.3043592913385824
0
LINE
8
BLACK
6
CONTINUOUS
10
-0.8497435433070866
20
2.3043592913385824
11
-0.8475816929133858
21
2.2977057086614172
0
LINE
8
BLACK
6
CONTINUOUS
10
-0.8475816929133858
20
2.2977057086614172
11
-0.8468503937007874
21
2.2907480314960629
0
LINE
8
BLACK
6
CONTINUOUS
10
-0.8468503937007874
20
2.2907480314960629
11
-0.8475816929133858
21
2.2837903543307085
0
LINE
8
BLACK
6
CONTINUOUS
10
-0.8475816929133858
20
2.2837903543307085
11
-0.8497435433070866
21
2.2771367716535433
0
LINE
8
BLACK
6
CONTINUOUS
10
-0.8497435433070866
20
2.2771367716535433
11
-0.8532415748031495
21
2.2710780708661416
0
LINE
8
BLACK
6
CONTINUOUS
10
-0.8532415748031495
20
2.2710780708661416
11
-0.8579227952755906
21
2.2658790157480313
0
LINE
8
BLACK
6
CONTINUOUS
10
-0.8579227952755906
20
2.2658790157480313
11
-0.8635826771653543
21
2.261766850393701
0
LINE
8
BLACK
6
CONTINUOUS
10
-0.8635826771653543
20
2.261766850393701
11
-0.8699738582677166
21
2.258921338582677
0
LINE
8
BLACK
6
CONTINUOUS
10
-0.8699738582677166
20
2.258921338582677
11
-0.876816968503937
21
2.2574667716535433
0
LINE
8
BLACK
6
CONTINUOUS
10
-0.876816968503937
20
2.2574667716535433
11
-0.8838129527559055
21
2.2574667716535433
0
LINE
8
BLACK
6
CONTINUOUS
10
-0.8838129527559055
20
2.2574667716535433
11
-0.890656062992126
21
2.258921338582677
0
LINE
8
BLACK
6
CONTINUOUS
10
-0.890656062992126
20
2.258921338582677
11
-0.8970472440944882
21
2.261766850393701
0
LINE
8
BLACK
6
CONTINUOUS
10
-0.8970472440944882
20
2.261766850393701
11
-0.902707125984252
21
2.2658790157480313
0
LINE
8
BLACK
6
CONTINUOUS
10
-0.902707125984252
20
2.2658790157480313
11
-0.9073883464566929
21
2.2710780708661416
0
LINE
8
BLACK
6
CONTINUOUS
10
-0.9073883464566929
20
2.2710780708661416
11
-0.9108863779527558
21
2.2771367716535433
0
LINE
8
BLACK
6
CONTINUOUS
10
-0.9108863779527558
20
2.2771367716535433
11
-0.9130482283464567
21
2.2837903543307085
0
LINE
8
BLACK
6
CONTINUOUS
10
-0.9130482283464567
20
2.2837903543307085
11
-0.9137795275590551
21
2.2907480314960629
0
LINE
8
BLACK
6
CONTINUOUS
10
-0.9137795275590551
20
2.2907480314960629
11
-0.9130482283464567
21
2.2977057086614172
0
LINE
8
BLACK
6
CONTINUOUS
10
-0.9130482283464567
20
2.2977057086614172
11
-0.9108863779527558
21
2.3043592913385824
0
LINE
8
BLACK
6
CONTINUOUS
10
-0.9108863779527558
20
2.3043592913385824
11
-0.9073883464566929
21
2.3104179921259842
0
LINE
8
BLACK
6
CONTINUOUS
10
-0.9073883464566929
20
2.3104179921259842
11
-0.902707125984252
21
2.3156170472440945
0
LINE
8
BLACK
6
CONTINUOUS
10
-0.902707125984252
20
2.3156170472440945
11
-0.8970472440944882
21
2.3197292125984252
0
LINE
8
BLACK
6
CONTINUOUS
10
-0.8970472440944882
20
2.3197292125984252
11
-0.890656062992126
21
2.3225747244094488
0
LINE
8
BLACK
6
CONTINUOUS
10
-0.890656062992126
20
2.3225747244094488
11
-0.8838129527559055
21
2.3240292913385825
0
LINE
8
BLACK
6
CONTINUOUS
10
-0.8838129527559055
20
2.3240292913385825
11
-0.876816968503937
21
2.3240292913385825
0
LINE
8
BLACK
6
CONTINUOUS
10
-0.876816968503937
20
2.3240292913385825
11
-0.8699738582677166
21
2.3225747244094488
0
LINE
8
BLACK
6
CONTINUOUS
10
-0.7559055118110236
20
2.5746027952755903
11
-0.7531040551181102
21
2.5746027952755903
0
LINE
8
BLACK
6
CONTINUOUS
10
-0.7531040551181102
20
2.5746027952755903
11
-0.7477280314960629
21
2.573024251968504
0
LINE
8
BLACK
6
CONTINUOUS
10
-0.7477280314960629
20
2.573024251968504
11
-0.7430145669291338
21
2.5699950787401575
0
LINE
8
BLACK
6
CONTINUOUS
10
-0.7430145669291338
20
2.5699950787401575
11
-0.7393453937007873
21
2.5657606299212596
0
LINE
8
BLACK
6
CONTINUOUS
10
-0.7393453937007873
20
2.5657606299212596
11
-0.737017874015748
21
2.5606640157480314
0
LINE
8
BLACK
6
CONTINUOUS
10
-0.737017874015748
20
2.5606640157480314
11
-0.7363873622047243
21
2.5562788582677163
0
LINE
8
BLACK
6
CONTINUOUS
10
-0.7363873622047243
20
2.5562788582677163
11
-0.7356344094488189
21
2.5570317716535431
0
LINE
8
BLACK
6
CONTINUOUS
10
-0.7356344094488189
20
2.5570317716535431
11
-0.7312443700787401
21
2.5592686220472443
0
LINE
8
BLACK
6
CONTINUOUS
10
-0.7312443700787401
20
2.5592686220472443
11
-0.7263779527559054
21
2.5600393700787403
0
LINE
8
BLACK
6
CONTINUOUS
10
-0.7263779527559054
20
2.5600393700787403
11
-0.7215115354330709
21
2.5592686220472443
0
LINE
8
BLACK
6
CONTINUOUS
10
-0.7215115354330709
20
2.5592686220472443
11
-0.7171214960629921
21
2.5570317716535431
0
LINE
8
BLACK
6
CONTINUOUS
10
-0.7171214960629921
20
2.5570317716535431
11
-0.7136375196850393
21
2.5535477952755903
0
LINE
8
BLACK
6
CONTINUOUS
10
-0.7136375196850393
20
2.5535477952755903
11
-0.7114006692913386
21
2.5491577559055116
0
LINE
8
BLACK
6
CONTINUOUS
10
-0.7114006692913386
20
2.5491577559055116
11
-0.7106299212598425
21
2.5442913385826773
0
LINE
8
BLACK
6
CONTINUOUS
10
-0.7106299212598425
20
2.5442913385826773
11
-0.7114006692913386
21
2.5394249212598425
0
LINE
8
BLACK
6
CONTINUOUS
10
-0.7114006692913386
20
2.5394249212598425
11
-0.7136375196850393
21
2.5350348818897639
0
LINE
8
BLACK
6
CONTINUOUS
10
-0.7136375196850393
20
2.5350348818897639
11
-0.7171214960629921
21
2.5315509055118111
0
LINE
8
BLACK
6
CONTINUOUS
10
-0.7171214960629921
20
2.5315509055118111
11
-0.7215115354330709
21
2.5293140551181104
0
LINE
8
BLACK
6
CONTINUOUS
10
-0.7215115354330709
20
2.5293140551181104
11
-0.7263779527559054
21
2.5285433070866139
0
LINE
8
BLACK
6
CONTINUOUS
10
-0.7263779527559054
20
2.5285433070866139
11
-0.7312443700787401
21
2.5293140551181104
0
LINE
8
BLACK
6
CONTINUOUS
10
-0.7312443700787401
20
2.5293140551181104
11
-0.7356344094488189
21
2.5315509055118111
0
LINE
8
BLACK
6
CONTINUOUS
10
-0.7356344094488189
20
2.5315509055118111
11
-0.736634842519685
21
2.5325513385826772
0
LINE
8
BLACK
6
CONTINUOUS
10
-0.736634842519685
20
2.5325513385826772
11
-0.737017874015748
21
2.5298871653543307
0
LINE
8
BLACK
6
CONTINUOUS
10
-0.737017874015748
20
2.5298871653543307
11
-0.7393453937007873
21
2.5247905511811024
0
LINE
8
BLACK
6
CONTINUOUS
10
-0.7393453937007873
20
2.5247905511811024
11
-0.7430145669291338
21
2.5205561023622045
0
LINE
8
BLACK
6
CONTINUOUS
10
-0.7430145669291338
20
2.5205561023622045
11
-0.7477280314960629
21
2.517526929133858
0
LINE
8
BLACK
6
CONTINUOUS
10
-0.7477280314960629
20
2.517526929133858
11
-0.7531040551181102
21
2.5159483858267717
0
LINE
8
BLACK
6
CONTINUOUS
10
-0.7531040551181102
20
2.5159483858267717
11
-0.7559055118110236
21
2.5159483858267717
0
LINE
8
BLACK
6
CONTINUOUS
10
-0.7559055118110236
20
2.5159483858267717
11
-0.7559055118110236
21
2.515748031496063
0
LINE
8
BLACK
6
CONTINUOUS
10
-0.7559055118110236
20
2.515748031496063
11
-0.7775590551181102
21
2.515748031496063
0
LINE
8
BLACK
6
CONTINUOUS
10
-0.7775590551181102
20
2.515748031496063
11
-0.7775590551181102
21
2.5748031496062991
0
LINE
8
BLACK
6
CONTINUOUS
10
-0.7775590551181102
20
2.5748031496062991
11
-0.7559055118110236
21
2.5748031496062991
0
LINE
8
BLACK
6
CONTINUOUS
10
-0.7559055118110236
20
2.5748031496062991
11
-0.7559055118110236
21
2.5746027952755903
0
LINE
8
BLACK
6
CONTINUOUS
10
-0.2748357874015748
20
0.4915736220472441
11
-0.2716426377952756
21
0.4894400393700787
0
LINE
8
BLACK
6
CONTINUOUS
10
-0.2716426377952756
20
0.4894400393700787
11
-0.2695090551181102
21
0.4862468897637795
0
LINE
8
BLACK
6
CONTINUOUS
10
-0.2695090551181102
20
0.4862468897637795
11
-0.268759842519685
21
0.4824803149606299
0
LINE
8
BLACK
6
CONTINUOUS
10
-0.268759842519685
20
0.4824803149606299
11
-0.268759842519685
21
0.4470472440944882
0
LINE
8
BLACK
6
CONTINUOUS
10
-0.268759842519685
20
0.4470472440944882
11
-0.2695090551181102
21
0.4432806692913386
0
LINE
8
BLACK
6
CONTINUOUS
10
-0.2695090551181102
20
0.4432806692913386
11
-0.2716426377952756
21
0.4400875196850393
0
LINE
8
BLACK
6
CONTINUOUS
10
-0.2716426377952756
20
0.4400875196850393
11
-0.2748357874015748
21
0.437953937007874
0
LINE
8
BLACK
6
CONTINUOUS
10
-0.2748357874015748
20
0.437953937007874
11
-0.2786023622047244
21
0.4372047244094488
0
LINE
8
BLACK
6
CONTINUOUS
10
-0.2786023622047244
20
0.4372047244094488
11
-0.2992716535433071
21
0.4372047244094488
0
LINE
8
BLACK
6
CONTINUOUS
10
-0.2992716535433071
20
0.4372047244094488
11
-0.3030382283464567
21
0.437953937007874
0
LINE
8
BLACK
6
CONTINUOUS
10
-0.3030382283464567
20
0.437953937007874
11
-0.3062313779527559
21
0.4400875196850393
0
LINE
8
BLACK
6
CONTINUOUS
10
-0.3062313779527559
20
0.4400875196850393
11
-0.3083649606299212
21
0.4432806692913386
0
LINE
8
BLACK
6
CONTINUOUS
10
-0.3083649606299212
20
0.4432806692913386
11
-0.3091141732283464
21
0.4470472440944882
0
LINE
8
BLACK
6
CONTINUOUS
10
-0.3091141732283464
20
0.4470472440944882
11
-0.3091141732283464
21
0.4580708661417323
0
LINE
8
BLACK
6
CONTINUOUS
10
-0.3091141732283464
20
0.4580708661417323
11
-0.3342125984251968
21
0.4580708661417323
0
LINE
8
BLACK
6
CONTINUOUS
10
-0.3342125984251968
20
0.4580708661417323
11
-0.3342125984251968
21
0.4450295275590551
0
LINE
8
BLACK
6
CONTINUOUS
10
-0.3342125984251968
20
0.4450295275590551
11
-0.3349430708661417
21
0.441357125984252
0
LINE
8
BLACK
6
CONTINUOUS
10
-0.3349430708661417
20
0.441357125984252
11
-0.3370233464566929
21
0.4382438188976378
0
LINE
8
BLACK
6
CONTINUOUS
10
-0.3370233464566929
20
0.4382438188976378
11
-0.3401366535433071
21
0.4361635433070866
0
LINE
8
BLACK
6
CONTINUOUS
10
-0.3401366535433071
20
0.4361635433070866
11
-0.3438090551181102
21
0.4354330708661417
0
LINE
8
BLACK
6
CONTINUOUS
10
-0.3438090551181102
20
0.4354330708661417
11
-0.363001968503937
21
0.4354330708661417
0
LINE
8
BLACK
6
CONTINUOUS
10
-0.363001968503937
20
0.4354330708661417
11
-0.3666743700787402
21
0.4361635433070866
0
LINE
8
BLACK
6
CONTINUOUS
10
-0.3666743700787402
20
0.4361635433070866
11
-0.3697876771653543
21
0.4382438188976378
0
LINE
8
BLACK
6
CONTINUOUS
10
-0.3697876771653543
20
0.4382438188976378
11
-0.3718679527559055
21
0.441357125984252
0
LINE
8
BLACK
6
CONTINUOUS
10
-0.3718679527559055
20
0.441357125984252
11
-0.3725984251968504
21
0.4450295275590551
0
LINE
8
BLACK
6
CONTINUOUS
10
-0.3725984251968504
20
0.4450295275590551
11
-0.3725984251968504
21
0.4809547244094488
0
LINE
8
BLACK
6
CONTINUOUS
10
-0.3725984251968504
20
0.4809547244094488
11
-0.3718679527559055
21
0.4846271259842519
0
LINE
8
BLACK
6
CONTINUOUS
10
-0.3718679527559055
20
0.4846271259842519
11
-0.3697876771653543
21
0.4877404330708661
0
LINE
8
BLACK
6
CONTINUOUS
10
-0.3697876771653543
20
0.4877404330708661
11
-0.3666743700787402
21
0.4898207086614173
0
LINE
8
BLACK
6
CONTINUOUS
10
-0.3666743700787402
20
0.4898207086614173
11
-0.363001968503937
21
0.4905511811023622
0
LINE
8
BLACK
6
CONTINUOUS
10
-0.363001968503937
20
0.4905511811023622
11
-0.3438090551181102
21
0.4905511811023622
0
LINE
8
BLACK
6
CONTINUOUS
10
-0.3438090551181102
20
0.4905511811023622
11
-0.3401366535433071
21
0.4898207086614173
0
LINE
8
BLACK
6
CONTINUOUS
10
-0.3401366535433071
20
0.4898207086614173
11
-0.3370233464566929
21
0.4877404330708661
0
LINE
8
BLACK
6
CONTINUOUS
10
-0.3370233464566929
20
0.4877404330708661
11
-0.3349430708661417
21
0.4846271259842519
0
LINE
8
BLACK
6
CONTINUOUS
10
-0.3349430708661417
20
0.4846271259842519
11
-0.3342125984251968
21
0.4809547244094488
0
LINE
8
BLACK
6
CONTINUOUS
10
-0.3342125984251968
20
0.4809547244094488
11
-0.3342125984251968
21
0.4679133858267717
0
LINE
8
BLACK
6
CONTINUOUS
10
-0.3342125984251968
20
0.4679133858267717
11
-0.3091141732283464
21
0.4679133858267717
0
LINE
8
BLACK
6
CONTINUOUS
10
-0.3091141732283464
20
0.4679133858267717
11
-0.3091141732283464
21
0.4824803149606299
0
LINE
8
BLACK
6
CONTINUOUS
10
-0.3091141732283464
20
0.4824803149606299
11
-0.3083649606299212
21
0.4862468897637795
0
LINE
8
BLACK
6
CONTINUOUS
10
-0.3083649606299212
20
0.4862468897637795
11
-0.3062313779527559
21
0.4894400393700787
0
LINE
8
BLACK
6
CONTINUOUS
10
-0.3062313779527559
20
0.4894400393700787
11
-0.3030382283464567
21
0.4915736220472441
0
LINE
8
BLACK
6
CONTINUOUS
10
-0.3030382283464567
20
0.4915736220472441
11
-0.2992716535433071
21
0.4923228346456693
0
LINE
8
BLACK
6
CONTINUOUS
10
-0.2992716535433071
20
0.4923228346456693
11
-0.2786023622047244
21
0.4923228346456693
0
LINE
8
BLACK
6
CONTINUOUS
10
-0.2786023622047244
20
0.4923228346456693
11
-0.2748357874015748
21
0.4915736220472441
0
LINE
8
BLACK
6
CONTINUOUS
10
-0.2029853937007874
20
0.4915736220472441
11
-0.1997922440944882
21
0.4894400393700787
0
LINE
8
BLACK
6
CONTINUOUS
10
-0.1997922440944882
20
0.4894400393700787
11
-0.1976586614173228
21
0.4862468897637795
0
LINE
8
BLACK
6
CONTINUOUS
10
-0.1976586614173228
20
0.4862468897637795
11
-0.1969094488188976
21
0.4824803149606299
0
LINE
8
BLACK
6
CONTINUOUS
10
-0.1969094488188976
20
0.4824803149606299
11
-0.1969094488188976
21
0.4799662204724409
0
LINE
8
BLACK
6
CONTINUOUS
10
-0.1969094488188976
20
0.4799662204724409
11
-0.1934645669291339
21
0.4805118110236221
0
LINE
8
BLACK
6
CONTINUOUS
10
-0.1934645669291339
20
0.4805118110236221
11
-0.1885981496062992
21
0.479741062992126
0
LINE
8
BLACK
6
CONTINUOUS
10
-0.1885981496062992
20
0.479741062992126
11
-0.1842081102362205
21
0.4775042125984252
0
LINE
8
BLACK
6
CONTINUOUS
10
-0.1842081102362205
20
0.4775042125984252
11
-0.1807241338582677
21
0.4740202362204725
0
LINE
8
BLACK
6
CONTINUOUS
10
-0.1807241338582677
20
0.4740202362204725
11
-0.1784872834645669
21
0.4696301968503937
0
LINE
8
BLACK
6
CONTINUOUS
10
-0.1784872834645669
20
0.4696301968503937
11
-0.1777165354330709
21
0.464763779527559
0
LINE
8
BLACK
6
CONTINUOUS
10
-0.1777165354330709
20
0.464763779527559
11
-0.1784872834645669
21
0.4598973622047244
0
LINE
8
BLACK
6
CONTINUOUS
10
-0.1784872834645669
20
0.4598973622047244
11
-0.1807241338582677
21
0.4555073228346457
0
LINE
8
BLACK
6
CONTINUOUS
10
-0.1807241338582677
20
0.4555073228346457
11
-0.1842081102362205
21
0.4520233464566929
0
LINE
8
BLACK
6
CONTINUOUS
10
-0.1842081102362205
20
0.4520233464566929
11
-0.1885981496062992
21
0.4497864960629921
0
LINE
8
BLACK
6
CONTINUOUS
10
-0.1885981496062992
20
0.4497864960629921
11
-0.1934645669291339
21
0.4490157480314961
0
LINE
8
BLACK
6
CONTINUOUS
10
-0.1934645669291339
20
0.4490157480314961
11
-0.1969094488188976
21
0.4495613779527559
0
LINE
8
BLACK
6
CONTINUOUS
10
-0.1969094488188976
20
0.4495613779527559
11
-0.1969094488188976
21
0.4470472440944882
0
LINE
8
BLACK
6
CONTINUOUS
10
-0.1969094488188976
20
0.4470472440944882
11
-0.1976586614173228
21
0.4432806692913386
0
LINE
8
BLACK
6
CONTINUOUS
10
-0.1976586614173228
20
0.4432806692913386
11
-0.1997922440944882
21
0.4400875196850393
0
LINE
8
BLACK
6
CONTINUOUS
10
-0.1997922440944882
20
0.4400875196850393
11
-0.2029853937007874
21
0.437953937007874
0
LINE
8
BLACK
6
CONTINUOUS
10
-0.2029853937007874
20
0.437953937007874
11
-0.206751968503937
21
0.4372047244094488
0
LINE
8
BLACK
6
CONTINUOUS
10
-0.206751968503937
20
0.4372047244094488
11
-0.2274212598425197
21
0.4372047244094488
0
LINE
8
BLACK
6
CONTINUOUS
10
-0.2274212598425197
20
0.4372047244094488
11
-0.2311878346456693
21
0.437953937007874
0
LINE
8
BLACK
6
CONTINUOUS
10
-0.2311878346456693
20
0.437953937007874
11
-0.2343809842519685
21
0.4400875196850393
0
LINE
8
BLACK
6
CONTINUOUS
10
-0.2343809842519685
20
0.4400875196850393
11
-0.2365145669291339
21
0.4432806692913386
0
LINE
8
BLACK
6
CONTINUOUS
10
-0.2365145669291339
20
0.4432806692913386
11
-0.2372637795275591
21
0.4470472440944882
0
LINE
8
BLACK
6
CONTINUOUS
10
-0.2372637795275591
20
0.4470472440944882
11
-0.2372637795275591
21
0.4824803149606299
0
LINE
8
BLACK
6
CONTINUOUS
10
-0.2372637795275591
20
0.4824803149606299
11
-0.2365145669291339
21
0.4862468897637795
0
LINE
8
BLACK
6
CONTINUOUS
10
-0.2365145669291339
20
0.4862468897637795
11
-0.2343809842519685
21
0.4894400393700787
0
LINE
8
BLACK
6
CONTINUOUS
10
-0.2343809842519685
20
0.4894400393700787
11
-0.2311878346456693
21
0.4915736220472441
0
LINE
8
BLACK
6
CONTINUOUS
10
-0.2311878346456693
20
0.4915736220472441
11
-0.2274212598425197
21
0.4923228346456693
0
LINE
8
BLACK
6
CONTINUOUS
10
-0.2274212598425197
20
0.4923228346456693
11
-0.206751968503937
21
0.4923228346456693
0
LINE
8
BLACK
6
CONTINUOUS
10
-0.206751968503937
20
0.4923228346456693
11
-0.2029853937007874
21
0.4915736220472441
0
LINE
8
BLACK
6
CONTINUOUS
10
-0.8699738582677166
20
1.1225747244094488
11
-0.8635826771653543
21
1.1197292125984251
0
LINE
8
BLACK
6
CONTINUOUS
10
-0.8635826771653543
20
1.1197292125984251
11
-0.8579227952755906
21
1.1156170472440945
0
LINE
8
BLACK
6
CONTINUOUS
10
-0.8579227952755906
20
1.1156170472440945
11
-0.8532415748031495
21
1.1104179921259842
0
LINE
8
BLACK
6
CONTINUOUS
10
-0.8532415748031495
20
1.1104179921259842
11
-0.8497435433070866
21
1.1043592913385827
0
LINE
8
BLACK
6
CONTINUOUS
10
-0.8497435433070866
20
1.1043592913385827
11
-0.8475816929133858
21
1.0977057086614173
0
LINE
8
BLACK
6
CONTINUOUS
10
-0.8475816929133858
20
1.0977057086614173
11
-0.8468503937007874
21
1.0907480314960629
0
LINE
8
BLACK
6
CONTINUOUS
10
-0.8468503937007874
20
1.0907480314960629
11
-0.8475816929133858
21
1.0837903543307086
0
LINE
8
BLACK
6
CONTINUOUS
10
-0.8475816929133858
20
1.0837903543307086
11
-0.8497435433070866
21
1.0771367716535434
0
LINE
8
BLACK
6
CONTINUOUS
10
-0.8497435433070866
20
1.0771367716535434
11
-0.8532415748031495
21
1.0710780708661418
0
LINE
8
BLACK
6
CONTINUOUS
10
-0.8532415748031495
20
1.0710780708661418
11
-0.8579227952755906
21
1.0658790157480316
0
LINE
8
BLACK
6
CONTINUOUS
10
-0.8579227952755906
20
1.0658790157480316
11
-0.8635826771653543
21
1.0617668503937008
0
LINE
8
BLACK
6
CONTINUOUS
10
-0.8635826771653543
20
1.0617668503937008
11
-0.8699738582677166
21
1.0589213385826772
0
LINE
8
BLACK
6
CONTINUOUS
10
-0.8699738582677166
20
1.0589213385826772
11
-0.876816968503937
21
1.0574667716535433
0
LINE
8
BLACK
6
CONTINUOUS
10
-0.876816968503937
20
1.0574667716535433
11
-0.8838129527559055
21
1.0574667716535433
0
LINE
8
BLACK
6
CONTINUOUS
10
-0.8838129527559055
20
1.0574667716535433
11
-0.890656062992126
21
1.0589213385826772
0
LINE
8
BLACK
6
CONTINUOUS
10
-0.890656062992126
20
1.0589213385826772
11
-0.8970472440944882
21
1.0617668503937008
0
LINE
8
BLACK
6
CONTINUOUS
10
-0.8970472440944882
20
1.0617668503937008
11
-0.902707125984252
21
1.0658790157480316
0
LINE
8
BLACK
6
CONTINUOUS
10
-0.902707125984252
20
1.0658790157480316
11
-0.9073883464566929
21
1.0710780708661418
0
LINE
8
BLACK
6
CONTINUOUS
10
-0.9073883464566929
20
1.0710780708661418
11
-0.9108863779527558
21
1.0771367716535434
0
LINE
8
BLACK
6
CONTINUOUS
10
-0.9108863779527558
20
1.0771367716535434
11
-0.9130482283464567
21
1.0837903543307086
0
LINE
8
BLACK
6
CONTINUOUS
10
-0.9130482283464567
20
1.0837903543307086
11
-0.9137795275590551
21
1.0907480314960629
0
LINE
8
BLACK
6
CONTINUOUS
10
-0.9137795275590551
20
1.0907480314960629
11
-0.9130482283464567
21
1.0977057086614173
0
LINE
8
BLACK
6
CONTINUOUS
10
-0.9130482283464567
20
1.0977057086614173
11
-0.9108863779527558
21
1.1043592913385827
0
LINE
8
BLACK
6
CONTINUOUS
10
-0.9108863779527558
20
1.1043592913385827
11
-0.9073883464566929
21
1.1104179921259842
0
LINE
8
BLACK
6
CONTINUOUS
10
-0.9073883464566929
20
1.1104179921259842
11
-0.902707125984252
21
1.1156170472440945
0
LINE
8
BLACK
6
CONTINUOUS
10
-0.902707125984252
20
1.1156170472440945
11
-0.8970472440944882
21
1.1197292125984251
0
LINE
8
BLACK
6
CONTINUOUS
10
-0.8970472440944882
20
1.1197292125984251
11
-0.890656062992126
21
1.1225747244094488
0
LINE
8
BLACK
6
CONTINUOUS
10
-0.890656062992126
20
1.1225747244094488
11
-0.8838129527559055
21
1.1240292913385828
0
LINE
8
BLACK
6
CONTINUOUS
10
-0.8838129527559055
20
1.1240292913385828
11
-0.876816968503937
21
1.1240292913385828
0
LINE
8
BLACK
6
CONTINUOUS
10
-0.876816968503937
20
1.1240292913385828
11
-0.8699738582677166
21
1.1225747244094488
0
LINE
8
BLACK
6
CONTINUOUS
10
-0.7699738582677165
20
1.1225747244094488
11
-0.7635826771653543
21
1.1197292125984251
0
LINE
8
BLACK
6
CONTINUOUS
10
-0.7635826771653543
20
1.1197292125984251
11
-0.7579227952755906
21
1.1156170472440945
0
LINE
8
BLACK
6
CONTINUOUS
10
-0.7579227952755906
20
1.1156170472440945
11
-0.7532415748031496
21
1.1104179921259842
0
LINE
8
BLACK
6
CONTINUOUS
10
-0.7532415748031496
20
1.1104179921259842
11
-0.7497435433070866
21
1.1043592913385827
0
LINE
8
BLACK
6
CONTINUOUS
10
-0.7497435433070866
20
1.1043592913385827
11
-0.7475816929133858
21
1.0977057086614173
0
LINE
8
BLACK
6
CONTINUOUS
10
-0.7475816929133858
20
1.0977057086614173
11
-0.7468503937007874
21
1.0907480314960629
0
LINE
8
BLACK
6
CONTINUOUS
10
-0.7468503937007874
20
1.0907480314960629
11
-0.7475816929133858
21
1.0837903543307086
0
LINE
8
BLACK
6
CONTINUOUS
10
-0.7475816929133858
20
1.0837903543307086
11
-0.7497435433070866
21
1.0771367716535434
0
LINE
8
BLACK
6
CONTINUOUS
10
-0.7497435433070866
20
1.0771367716535434
11
-0.7532415748031496
21
1.0710780708661418
0
LINE
8
BLACK
6
CONTINUOUS
10
-0.7532415748031496
20
1.0710780708661418
11
-0.7579227952755906
21
1.0658790157480316
0
LINE
8
BLACK
6
CONTINUOUS
10
-0.7579227952755906
20
1.0658790157480316
11
-0.7635826771653543
21
1.0617668503937008
0
LINE
8
BLACK
6
CONTINUOUS
10
-0.7635826771653543
20
1.0617668503937008
11
-0.7699738582677165
21
1.0589213385826772
0
LINE
8
BLACK
6
CONTINUOUS
10
-0.7699738582677165
20
1.0589213385826772
11
-0.776816968503937
21
1.0574667716535433
0
LINE
8
BLACK
6
CONTINUOUS
10
-0.776816968503937
20
1.0574667716535433
11
-0.7838129527559055
21
1.0574667716535433
0
LINE
8
BLACK
6
CONTINUOUS
10
-0.7838129527559055
20
1.0574667716535433
11
-0.790656062992126
21
1.0589213385826772
0
LINE
8
BLACK
6
CONTINUOUS
10
-0.790656062992126
20
1.0589213385826772
11
-0.7970472440944881
21
1.0617668503937008
0
LINE
8
BLACK
6
CONTINUOUS
10
-0.7970472440944881
20
1.0617668503937008
11
-0.802707125984252
21
1.0658790157480316
0
LINE
8
BLACK
6
CONTINUOUS
10
-0.802707125984252
20
1.0658790157480316
11
-0.8073883464566929
21
1.0710780708661418
0
LINE
8
BLACK
6
CONTINUOUS
10
-0.8073883464566929
20
1.0710780708661418
11
-0.8108863779527559
21
1.0771367716535434
0
LINE
8
BLACK
6
CONTINUOUS
10
-0.8108863779527559
20
1.0771367716535434
11
-0.8130482283464566
21
1.0837903543307086
0
LINE
8
BLACK
6
CONTINUOUS
10
-0.8130482283464566
20
1.0837903543307086
11
-0.8137795275590551
21
1.0907480314960629
0
LINE
8
BLACK
6
CONTINUOUS
10
-0.8137795275590551
20
1.0907480314960629
11
-0.8130482283464566
21
1.0977057086614173
0
LINE
8
BLACK
6
CONTINUOUS
10
-0.8130482283464566
20
1.0977057086614173
11
-0.8108863779527559
21
1.1043592913385827
0
LINE
8
BLACK
6
CONTINUOUS
10
-0.8108863779527559
20
1.1043592913385827
11
-0.8073883464566929
21
1.1104179921259842
0
LINE
8
BLACK
6
CONTINUOUS
10
-0.8073883464566929
20
1.1104179921259842
11
-0.802707125984252
21
1.1156170472440945
0
LINE
8
BLACK
6
CONTINUOUS
10
-0.802707125984252
20
1.1156170472440945
11
-0.7970472440944881
21
1.1197292125984251
0
LINE
8
BLACK
6
CONTINUOUS
10
-0.7970472440944881
20
1.1197292125984251
11
-0.790656062992126
21
1.1225747244094488
0
LINE
8
BLACK
6
CONTINUOUS
10
-0.790656062992126
20
1.1225747244094488
11
-0.7838129527559055
21
1.1240292913385828
0
LINE
8
BLACK
6
CONTINUOUS
10
-0.7838129527559055
20
1.1240292913385828
11
-0.776816968503937
21
1.1240292913385828
0
LINE
8
BLACK
6
CONTINUOUS
10
-0.776816968503937
20
1.1240292913385828
11
-0.7699738582677165
21
1.1225747244094488
0
LINE
8
BLACK
6
CONTINUOUS
10
-0.317697125984252
20
1.5390850787401575
11
-0.3122345669291339
21
1.5362181102362205
0
LINE
8
BLACK
6
CONTINUOUS
10
-0.3122345669291339
20
1.5362181102362205
11
-0.3076168503937008
21
1.5321271653543307
0
LINE
8
BLACK
6
CONTINUOUS
10
-0.3076168503937008
20
1.5321271653543307
11
-0.3041123622047244
21
1.52705
0
LINE
8
BLACK
6
CONTINUOUS
10
-0.3041123622047244
20
1.52705
11
-0.3019247244094488
21
1.5212816929133859
0
LINE
8
BLACK
6
CONTINUOUS
10
-0.3019247244094488
20
1.5212816929133859
11
-0.3011811023622047
21
1.5151574803149606
0
LINE
8
BLACK
6
CONTINUOUS
10
-0.3011811023622047
20
1.5151574803149606
11
-0.3019247244094488
21
1.5090332677165355
0
LINE
8
BLACK
6
CONTINUOUS
10
-0.3019247244094488
20
1.5090332677165355
11
-0.3041123622047244
21
1.5032649606299213
0
LINE
8
BLACK
6
CONTINUOUS
10
-0.3041123622047244
20
1.5032649606299213
11
-0.3076168503937008
21
1.4981877952755904
0
LINE
8
BLACK
6
CONTINUOUS
10
-0.3076168503937008
20
1.4981877952755904
11
-0.3122345669291339
21
1.4940968503937007
0
LINE
8
BLACK
6
CONTINUOUS
10
-0.3122345669291339
20
1.4940968503937007
11
-0.317697125984252
21
1.4912298818897638
0
LINE
8
BLACK
6
CONTINUOUS
10
-0.317697125984252
20
1.4912298818897638
11
-0.3236870472440945
21
1.4897535039370078
0
LINE
8
BLACK
6
CONTINUOUS
10
-0.3236870472440945
20
1.4897535039370078
11
-0.3298562598425197
21
1.4897535039370078
0
LINE
8
BLACK
6
CONTINUOUS
10
-0.3298562598425197
20
1.4897535039370078
11
-0.3358461811023622
21
1.4912298818897638
0
LINE
8
BLACK
6
CONTINUOUS
10
-0.3358461811023622
20
1.4912298818897638
11
-0.3413087401574803
21
1.4940968503937007
0
LINE
8
BLACK
6
CONTINUOUS
10
-0.3413087401574803
20
1.4940968503937007
11
-0.3459264566929134
21
1.4981877952755904
0
LINE
8
BLACK
6
CONTINUOUS
10
-0.3459264566929134
20
1.4981877952755904
11
-0.3494309448818897
21
1.5032649606299213
0
LINE
8
BLACK
6
CONTINUOUS
10
-0.3494309448818897
20
1.5032649606299213
11
-0.3516185826771653
21
1.5090332677165355
0
LINE
8
BLACK
6
CONTINUOUS
10
-0.3516185826771653
20
1.5090332677165355
11
-0.3523622047244094
21
1.5151574803149606
0
LINE
8
BLACK
6
CONTINUOUS
10
-0.3523622047244094
20
1.5151574803149606
11
-0.3516185826771653
21
1.5212816929133859
0
LINE
8
BLACK
6
CONTINUOUS
10
-0.3516185826771653
20
1.5212816929133859
11
-0.3494309448818897
21
1.52705
0
LINE
8
BLACK
6
CONTINUOUS
10
-0.3494309448818897
20
1.52705
11
-0.3459264566929134
21
1.5321271653543307
0
LINE
8
BLACK
6
CONTINUOUS
10
-0.3459264566929134
20
1.5321271653543307
11
-0.3413087401574803
21
1.5362181102362205
0
LINE
8
BLACK
6
CONTINUOUS
10
-0.3413087401574803
20
1.5362181102362205
11
-0.3358461811023622
21
1.5390850787401575
0
LINE
8
BLACK
6
CONTINUOUS
10
-0.3358461811023622
20
1.5390850787401575
11
-0.3298562598425197
21
1.5405614566929133
0
LINE
8
BLACK
6
CONTINUOUS
10
-0.3298562598425197
20
1.5405614566929133
11
-0.3236870472440945
21
1.5405614566929133
0
LINE
8
BLACK
6
CONTINUOUS
10
-0.3236870472440945
20
1.5405614566929133
11
-0.317697125984252
21
1.5390850787401575
0
LINE
8
BLACK
6
CONTINUOUS
10
-0.238956968503937
20
1.5390850787401575
11
-0.2334944094488189
21
1.5362181102362205
0
LINE
8
BLACK
6
CONTINUOUS
10
-0.2334944094488189
20
1.5362181102362205
11
-0.2288766929133858
21
1.5321271653543307
0
LINE
8
BLACK
6
CONTINUOUS
10
-0.2288766929133858
20
1.5321271653543307
11
-0.2253722047244094
21
1.52705
0
LINE
8
BLACK
6
CONTINUOUS
10
-0.2253722047244094
20
1.52705
11
-0.2231845669291339
21
1.5212816929133859
0
LINE
8
BLACK
6
CONTINUOUS
10
-0.2231845669291339
20
1.5212816929133859
11
-0.2224409448818898
21
1.5151574803149606
0
LINE
8
BLACK
6
CONTINUOUS
10
-0.2224409448818898
20
1.5151574803149606
11
-0.2231845669291339
21
1.5090332677165355
0
LINE
8
BLACK
6
CONTINUOUS
10
-0.2231845669291339
20
1.5090332677165355
11
-0.2253722047244094
21
1.5032649606299213
0
LINE
8
BLACK
6
CONTINUOUS
10
-0.2253722047244094
20
1.5032649606299213
11
-0.2288766929133858
21
1.4981877952755904
0
LINE
8
BLACK
6
CONTINUOUS
10
-0.2288766929133858
20
1.4981877952755904
11
-0.2334944094488189
21
1.4940968503937007
0
LINE
8
BLACK
6
CONTINUOUS
10
-0.2334944094488189
20
1.4940968503937007
11
-0.238956968503937
21
1.4912298818897638
0
LINE
8
BLACK
6
CONTINUOUS
10
-0.238956968503937
20
1.4912298818897638
11
-0.2449468897637795
21
1.4897535039370078
0
LINE
8
BLACK
6
CONTINUOUS
10
-0.2449468897637795
20
1.4897535039370078
11
-0.2511161023622047
21
1.4897535039370078
0
LINE
8
BLACK
6
CONTINUOUS
10
-0.2511161023622047
20
1.4897535039370078
11
-0.2571060236220473
21
1.4912298818897638
0
LINE
8
BLACK
6
CONTINUOUS
10
-0.2571060236220473
20
1.4912298818897638
11
-0.2625685826771654
21
1.4940968503937007
0
LINE
8
BLACK
6
CONTINUOUS
10
-0.2625685826771654
20
1.4940968503937007
11
-0.2671862992125984
21
1.4981877952755904
0
LINE
8
BLACK
6
CONTINUOUS
10
-0.2671862992125984
20
1.4981877952755904
11
-0.2706907874015748
21
1.5032649606299213
0
LINE
8
BLACK
6
CONTINUOUS
10
-0.2706907874015748
20
1.5032649606299213
11
-0.2728784251968504
21
1.5090332677165355
0
LINE
8
BLACK
6
CONTINUOUS
10
-0.2728784251968504
20
1.5090332677165355
11
-0.2736220472440945
21
1.5151574803149606
0
LINE
8
BLACK
6
CONTINUOUS
10
-0.2736220472440945
20
1.5151574803149606
11
-0.2728784251968504
21
1.5212816929133859
0
LINE
8
BLACK
6
CONTINUOUS
10
-0.2728784251968504
20
1.5212816929133859
11
-0.2706907874015748
21
1.52705
0
LINE
8
BLACK
6
CONTINUOUS
10
-0.2706907874015748
20
1.52705
11
-0.2671862992125984
21
1.5321271653543307
0
LINE
8
BLACK
6
CONTINUOUS
10
-0.2671862992125984
20
1.5321271653543307
11
-0.2625685826771654
21
1.5362181102362205
0
LINE
8
BLACK
6
CONTINUOUS
10
-0.2625685826771654
20
1.5362181102362205
11
-0.2571060236220473
21
1.5390850787401575
0
LINE
8
BLACK
6
CONTINUOUS
10
-0.2571060236220473
20
1.5390850787401575
11
-0.2511161023622047
21
1.5405614566929133
0
LINE
8
BLACK
6
CONTINUOUS
10
-0.2511161023622047
20
1.5405614566929133
11
-0.2449468897637795
21
1.5405614566929133
0
LINE
8
BLACK
6
CONTINUOUS
10
-0.2449468897637795
20
1.5405614566929133
11
-0.238956968503937
21
1.5390850787401575
0
LINE
8
BLACK
6
CONTINUOUS
10
-0.160216811023622
20
1.5390850787401575
11
-0.1547542519685039
21
1.5362181102362205
0
LINE
8
BLACK
6
CONTINUOUS
10
-0.1547542519685039
20
1.5362181102362205
11
-0.1501365354330709
21
1.5321271653543307
0
LINE
8
BLACK
6
CONTINUOUS
10
-0.1501365354330709
20
1.5321271653543307
11
-0.1466320472440945
21
1.52705
0
LINE
8
BLACK
6
CONTINUOUS
10
-0.1466320472440945
20
1.52705
11
-0.1444444094488189
21
1.5212816929133859
0
LINE
8
BLACK
6
CONTINUOUS
10
-0.1444444094488189
20
1.5212816929133859
11
-0.1437007874015748
21
1.5151574803149606
0
LINE
8
BLACK
6
CONTINUOUS
10
-0.1437007874015748
20
1.5151574803149606
11
-0.1444444094488189
21
1.5090332677165355
0
LINE
8
BLACK
6
CONTINUOUS
10
-0.1444444094488189
20
1.5090332677165355
11
-0.1466320472440945
21
1.5032649606299213
0
LINE
8
BLACK
6
CONTINUOUS
10
-0.1466320472440945
20
1.5032649606299213
11
-0.1501365354330709
21
1.4981877952755904
0
LINE
8
BLACK
6
CONTINUOUS
10
-0.1501365354330709
20
1.4981877952755904
11
-0.1547542519685039
21
1.4940968503937007
0
LINE
8
BLACK
6
CONTINUOUS
10
-0.1547542519685039
20
1.4940968503937007
11
-0.160216811023622
21
1.4912298818897638
0
LINE
8
BLACK
6
CONTINUOUS
10
-0.160216811023622
20
1.4912298818897638
11
-0.1662067322834646
21
1.4897535039370078
0
LINE
8
BLACK
6
CONTINUOUS
10
-0.1662067322834646
20
1.4897535039370078
11
-0.1723759448818898
21
1.4897535039370078
0
LINE
8
BLACK
6
CONTINUOUS
10
-0.1723759448818898
20
1.4897535039370078
11
-0.1783658661417323
21
1.4912298818897638
0
LINE
8
BLACK
6
CONTINUOUS
10
-0.1783658661417323
20
1.4912298818897638
11
-0.1838284251968504
21
1.4940968503937007
0
LINE
8
BLACK
6
CONTINUOUS
10
-0.1838284251968504
20
1.4940968503937007
11
-0.1884461417322835
21
1.4981877952755904
0
LINE
8
BLACK
6
CONTINUOUS
10
-0.1884461417322835
20
1.4981877952755904
11
-0.1919506299212598
21
1.5032649606299213
0
LINE
8
BLACK
6
CONTINUOUS
10
-0.1919506299212598
20
1.5032649606299213
11
-0.1941382677165354
21
1.5090332677165355
0
LINE
8
BLACK
6
CONTINUOUS
10
-0.1941382677165354
20
1.5090332677165355
11
-0.1948818897637795
21
1.5151574803149606
0
LINE
8
BLACK
6
CONTINUOUS
10
-0.1948818897637795
20
1.5151574803149606
11
-0.1941382677165354
21
1.5212816929133859
0
LINE
8
BLACK
6
CONTINUOUS
10
-0.1941382677165354
20
1.5212816929133859
11
-0.1919506299212598
21
1.52705
0
LINE
8
BLACK
6
CONTINUOUS
10
-0.1919506299212598
20
1.52705
11
-0.1884461417322835
21
1.5321271653543307
0
LINE
8
BLACK
6
CONTINUOUS
10
-0.1884461417322835
20
1.5321271653543307
11
-0.1838284251968504
21
1.5362181102362205
0
LINE
8
BLACK
6
CONTINUOUS
10
-0.1838284251968504
20
1.5362181102362205
11
-0.1783658661417323
21
1.5390850787401575
0
LINE
8
BLACK
6
CONTINUOUS
10
-0.1783658661417323
20
1.5390850787401575
11
-0.1723759448818898
21
1.5405614566929133
0
LINE
8
BLACK
6
CONTINUOUS
10
-0.1723759448818898
20
1.5405614566929133
11
-0.1662067322834646
21
1.5405614566929133
0
LINE
8
BLACK
6
CONTINUOUS
10
-0.1662067322834646
20
1.5405614566929133
11
-0.160216811023622
21
1.5390850787401575
0
LINE
8
BLACK
6
CONTINUOUS
10
-0.317697125984252
20
1.6178252362204724
11
-0.3122345669291339
21
1.6149582677165355
0
LINE
8
BLACK
6
CONTINUOUS
10
-0.3122345669291339
20
1.6149582677165355
11
-0.3076168503937008
21
1.6108673228346457
0
LINE
8
BLACK
6
CONTINUOUS
10
-0.3076168503937008
20
1.6108673228346457
11
-0.3041123622047244
21
1.6057901574803148
0
LINE
8
BLACK
6
CONTINUOUS
10
-0.3041123622047244
20
1.6057901574803148
11
-0.3019247244094488
21
1.6000218503937007
0
LINE
8
BLACK
6
CONTINUOUS
10
-0.3019247244094488
20
1.6000218503937007
11
-0.3011811023622047
21
1.5938976377952756
0
LINE
8
BLACK
6
CONTINUOUS
10
-0.3011811023622047
20
1.5938976377952756
11
-0.3019247244094488
21
1.5877734251968503
0
LINE
8
BLACK
6
CONTINUOUS
10
-0.3019247244094488
20
1.5877734251968503
11
-0.3041123622047244
21
1.5820051181102361
0
LINE
8
BLACK
6
CONTINUOUS
10
-0.3041123622047244
20
1.5820051181102361
11
-0.3076168503937008
21
1.5769279527559055
0
LINE
8
BLACK
6
CONTINUOUS
10
-0.3076168503937008
20
1.5769279527559055
11
-0.3122345669291339
21
1.5728370078740157
0
LINE
8
BLACK
6
CONTINUOUS
10
-0.3122345669291339
20
1.5728370078740157
11
-0.317697125984252
21
1.5699700393700786
0
LINE
8
BLACK
6
CONTINUOUS
10
-0.317697125984252
20
1.5699700393700786
11
-0.3236870472440945
21
1.5684936614173228
0
LINE
8
BLACK
6
CONTINUOUS
10
-0.3236870472440945
20
1.5684936614173228
11
-0.3298562598425197
21
1.5684936614173228
0
LINE
8
BLACK
6
CONTINUOUS
10
-0.3298562598425197
20
1.5684936614173228
11
-0.3358461811023622
21
1.5699700393700786
0
LINE
8
BLACK
6
CONTINUOUS
10
-0.3358461811023622
20
1.5699700393700786
11
-0.3413087401574803
21
1.5728370078740157
0
LINE
8
BLACK
6
CONTINUOUS
10
-0.3413087401574803
20
1.5728370078740157
11
-0.3459264566929134
21
1.5769279527559055
0
LINE
8
BLACK
6
CONTINUOUS
10
-0.3459264566929134
20
1.5769279527559055
11
-0.3494309448818897
21
1.5820051181102361
0
LINE
8
BLACK
6
CONTINUOUS
10
-0.3494309448818897
20
1.5820051181102361
11
-0.3516185826771653
21
1.5877734251968503
0
LINE
8
BLACK
6
CONTINUOUS
10
-0.3516185826771653
20
1.5877734251968503
11
-0.3523622047244094
21
1.5938976377952756
0
LINE
8
BLACK
6
CONTINUOUS
10
-0.3523622047244094
20
1.5938976377952756
11
-0.3516185826771653
21
1.6000218503937007
0
LINE
8
BLACK
6
CONTINUOUS
10
-0.3516185826771653
20
1.6000218503937007
11
-0.3494309448818897
21
1.6057901574803148
0
LINE
8
BLACK
6
CONTINUOUS
10
-0.3494309448818897
20
1.6057901574803148
11
-0.3459264566929134
21
1.6108673228346457
0
LINE
8
BLACK
6
CONTINUOUS
10
-0.3459264566929134
20
1.6108673228346457
11
-0.3413087401574803
21
1.6149582677165355
0
LINE
8
BLACK
6
CONTINUOUS
10
-0.3413087401574803
20
1.6149582677165355
11
-0.3358461811023622
21
1.6178252362204724
0
LINE
8
BLACK
6
CONTINUOUS
10
-0.3358461811023622
20
1.6178252362204724
11
-0.3298562598425197
21
1.6193016141732284
0
LINE
8
BLACK
6
CONTINUOUS
10
-0.3298562598425197
20
1.6193016141732284
11
-0.3236870472440945
21
1.6193016141732284
0
LINE
8
BLACK
6
CONTINUOUS
10
-0.3236870472440945
20
1.6193016141732284
11
-0.317697125984252
21
1.6178252362204724
0
LINE
8
BLACK
6
CONTINUOUS
10
-0.317697125984252
20
1.6965653937007874
11
-0.3122345669291339
21
1.6936984251968503
0
LINE
8
BLACK
6
CONTINUOUS
10
-0.3122345669291339
20
1.6936984251968503
11
-0.3076168503937008
21
1.6896074803149606
0
LINE
8
BLACK
6
CONTINUOUS
10
-0.3076168503937008
20
1.6896074803149606
11
-0.3041123622047244
21
1.6845303149606299
0
LINE
8
BLACK
6
CONTINUOUS
10
-0.3041123622047244
20
1.6845303149606299
11
-0.3019247244094488
21
1.6787620078740157
0
LINE
8
BLACK
6
CONTINUOUS
10
-0.3019247244094488
20
1.6787620078740157
11
-0.3011811023622047
21
1.6726377952755904
0
LINE
8
BLACK
6
CONTINUOUS
10
-0.3011811023622047
20
1.6726377952755904
11
-0.3019247244094488
21
1.6665135826771653
0
LINE
8
BLACK
6
CONTINUOUS
10
-0.3019247244094488
20
1.6665135826771653
11
-0.3041123622047244
21
1.6607452755905512
0
LINE
8
BLACK
6
CONTINUOUS
10
-0.3041123622047244
20
1.6607452755905512
11
-0.3076168503937008
21
1.6556681102362205
0
LINE
8
BLACK
6
CONTINUOUS
10
-0.3076168503937008
20
1.6556681102362205
11
-0.3122345669291339
21
1.6515771653543307
0
LINE
8
BLACK
6
CONTINUOUS
10
-0.3122345669291339
20
1.6515771653543307
11
-0.317697125984252
21
1.6487101968503937
0
LINE
8
BLACK
6
CONTINUOUS
10
-0.317697125984252
20
1.6487101968503937
11
-0.3236870472440945
21
1.6472338188976376
0
LINE
8
BLACK
6
CONTINUOUS
10
-0.3236870472440945
20
1.6472338188976376
11
-0.3298562598425197
21
1.6472338188976376
0
LINE
8
BLACK
6
CONTINUOUS
10
-0.3298562598425197
20
1.6472338188976376
11
-0.3358461811023622
21
1.6487101968503937
0
LINE
8
BLACK
6
CONTINUOUS
10
-0.3358461811023622
20
1.6487101968503937
11
-0.3413087401574803
21
1.6515771653543307
0
LINE
8
BLACK
6
CONTINUOUS
10
-0.3413087401574803
20
1.6515771653543307
11
-0.3459264566929134
21
1.6556681102362205
0
LINE
8
BLACK
6
CONTINUOUS
10
-0.3459264566929134
20
1.6556681102362205
11
-0.3494309448818897
21
1.6607452755905512
0
LINE
8
BLACK
6
CONTINUOUS
10
-0.3494309448818897
20
1.6607452755905512
11
-0.3516185826771653
21
1.6665135826771653
0
LINE
8
BLACK
6
CONTINUOUS
10
-0.3516185826771653
20
1.6665135826771653
11
-0.3523622047244094
21
1.6726377952755904
0
LINE
8
BLACK
6
CONTINUOUS
10
-0.3523622047244094
20
1.6726377952755904
11
-0.3516185826771653
21
1.6787620078740157
0
LINE
8
BLACK
6
CONTINUOUS
10
-0.3516185826771653
20
1.6787620078740157
11
-0.3494309448818897
21
1.6845303149606299
0
LINE
8
BLACK
6
CONTINUOUS
10
-0.3494309448818897
20
1.6845303149606299
11
-0.3459264566929134
21
1.6896074803149606
0
LINE
8
BLACK
6
CONTINUOUS
10
-0.3459264566929134
20
1.6896074803149606
11
-0.3413087401574803
21
1.6936984251968503
0
LINE
8
BLACK
6
CONTINUOUS
10
-0.3413087401574803
20
1.6936984251968503
11
-0.3358461811023622
21
1.6965653937007874
0
LINE
8
BLACK
6
CONTINUOUS
10
-0.3358461811023622
20
1.6965653937007874
11
-0.3298562598425197
21
1.6980417716535432
0
LINE
8
BLACK
6
CONTINUOUS
10
-0.3298562598425197
20
1.6980417716535432
11
-0.3236870472440945
21
1.6980417716535432
0
LINE
8
BLACK
6
CONTINUOUS
10
-0.3236870472440945
20
1.6980417716535432
11
-0.317697125984252
21
1.6965653937007874
0
LINE
8
BLACK
6
CONTINUOUS
10
-0.238956968503937
20
1.7753055511811022
11
-0.2334944094488189
21
1.7724385826771654
0
LINE
8
BLACK
6
CONTINUOUS
10
-0.2334944094488189
20
1.7724385826771654
11
-0.2288766929133858
21
1.7683476377952756
0
LINE
8
BLACK
6
CONTINUOUS
10
-0.2288766929133858
20
1.7683476377952756
11
-0.2253722047244094
21
1.7632704724409449
0
LINE
8
BLACK
6
CONTINUOUS
10
-0.2253722047244094
20
1.7632704724409449
11
-0.2231845669291339
21
1.7575021653543306
0
LINE
8
BLACK
6
CONTINUOUS
10
-0.2231845669291339
20
1.7575021653543306
11
-0.2224409448818898
21
1.7513779527559055
0
LINE
8
BLACK
6
CONTINUOUS
10
-0.2224409448818898
20
1.7513779527559055
11
-0.2231845669291339
21
1.7452537401574804
0
LINE
8
BLACK
6
CONTINUOUS
10
-0.2231845669291339
20
1.7452537401574804
11
-0.2253722047244094
21
1.739485433070866
0
LINE
8
BLACK
6
CONTINUOUS
10
-0.2253722047244094
20
1.739485433070866
11
-0.2288766929133858
21
1.7344082677165353
0
LINE
8
BLACK
6
CONTINUOUS
10
-0.2288766929133858
20
1.7344082677165353
11
-0.2334944094488189
21
1.7303173228346456
0
LINE
8
BLACK
6
CONTINUOUS
10
-0.2334944094488189
20
1.7303173228346456
11
-0.238956968503937
21
1.7274503543307087
0
LINE
8
BLACK
6
CONTINUOUS
10
-0.238956968503937
20
1.7274503543307087
11
-0.2449468897637795
21
1.7259739763779527
0
LINE
8
BLACK
6
CONTINUOUS
10
-0.2449468897637795
20
1.7259739763779527
11
-0.2511161023622047
21
1.7259739763779527
0
LINE
8
BLACK
6
CONTINUOUS
10
-0.2511161023622047
20
1.7259739763779527
11
-0.2571060236220473
21
1.7274503543307087
0
LINE
8
BLACK
6
CONTINUOUS
10
-0.2571060236220473
20
1.7274503543307087
11
-0.2625685826771654
21
1.7303173228346456
0
LINE
8
BLACK
6
CONTINUOUS
10
-0.2625685826771654
20
1.7303173228346456
11
-0.2671862992125984
21
1.7344082677165353
0
LINE
8
BLACK
6
CONTINUOUS
10
-0.2671862992125984
20
1.7344082677165353
11
-0.2706907874015748
21
1.739485433070866
0
LINE
8
BLACK
6
CONTINUOUS
10
-0.2706907874015748
20
1.739485433070866
11
-0.2728784251968504
21
1.7452537401574804
0
LINE
8
BLACK
6
CONTINUOUS
10
-0.2728784251968504
20
1.7452537401574804
11
-0.2736220472440945
21
1.7513779527559055
0
LINE
8
BLACK
6
CONTINUOUS
10
-0.2736220472440945
20
1.7513779527559055
11
-0.2728784251968504
21
1.7575021653543306
0
LINE
8
BLACK
6
CONTINUOUS
10
-0.2728784251968504
20
1.7575021653543306
11
-0.2706907874015748
21
1.7632704724409449
0
LINE
8
BLACK
6
CONTINUOUS
10
-0.2706907874015748
20
1.7632704724409449
11
-0.2671862992125984
21
1.7683476377952756
0
LINE
8
BLACK
6
CONTINUOUS
10
-0.2671862992125984
20
1.7683476377952756
11
-0.2625685826771654
21
1.7724385826771654
0
LINE
8
BLACK
6
CONTINUOUS
10
-0.2625685826771654
20
1.7724385826771654
11
-0.2571060236220473
21
1.7753055511811022
0
LINE
8
BLACK
6
CONTINUOUS
10
-0.2571060236220473
20
1.7753055511811022
11
-0.2511161023622047
21
1.7767819291338582
0
LINE
8
BLACK
6
CONTINUOUS
10
-0.2511161023622047
20
1.7767819291338582
11
-0.2449468897637795
21
1.7767819291338582
0
LINE
8
BLACK
6
CONTINUOUS
10
-0.2449468897637795
20
1.7767819291338582
11
-0.238956968503937
21
1.7753055511811022
0
LINE
8
BLACK
6
CONTINUOUS
10
-0.160216811023622
20
1.7753055511811022
11
-0.1547542519685039
21
1.7724385826771654
0
LINE
8
BLACK
6
CONTINUOUS
10
-0.1547542519685039
20
1.7724385826771654
11
-0.1501365354330709
21
1.7683476377952756
0
LINE
8
BLACK
6
CONTINUOUS
10
-0.1501365354330709
20
1.7683476377952756
11
-0.1466320472440945
21
1.7632704724409449
0
LINE
8
BLACK
6
CONTINUOUS
10
-0.1466320472440945
20
1.7632704724409449
11
-0.1444444094488189
21
1.7575021653543306
0
LINE
8
BLACK
6
CONTINUOUS
10
-0.1444444094488189
20
1.7575021653543306
11
-0.1437007874015748
21
1.7513779527559055
0
LINE
8
BLACK
6
CONTINUOUS
10
-0.1437007874015748
20
1.7513779527559055
11
-0.1444444094488189
21
1.7452537401574804
0
LINE
8
BLACK
6
CONTINUOUS
10
-0.1444444094488189
20
1.7452537401574804
11
-0.1466320472440945
21
1.739485433070866
0
LINE
8
BLACK
6
CONTINUOUS
10
-0.1466320472440945
20
1.739485433070866
11
-0.1501365354330709
21
1.7344082677165353
0
LINE
8
BLACK
6
CONTINUOUS
10
-0.1501365354330709
20
1.7344082677165353
11
-0.1547542519685039
21
1.7303173228346456
0
LINE
8
BLACK
6
CONTINUOUS
10
-0.1547542519685039
20
1.7303173228346456
11
-0.160216811023622
21
1.7274503543307087
0
LINE
8
BLACK
6
CONTINUOUS
10
-0.160216811023622
20
1.7274503543307087
11
-0.1662067322834646
21
1.7259739763779527
0
LINE
8
BLACK
6
CONTINUOUS
10
-0.1662067322834646
20
1.7259739763779527
11
-0.1723759448818898
21
1.7259739763779527
0
LINE
8
BLACK
6
CONTINUOUS
10
-0.1723759448818898
20
1.7259739763779527
11
-0.1783658661417323
21
1.7274503543307087
0
LINE
8
BLACK
6
CONTINUOUS
10
-0.1783658661417323
20
1.7274503543307087
11
-0.1838284251968504
21
1.7303173228346456
0
LINE
8
BLACK
6
CONTINUOUS
10
-0.1838284251968504
20
1.7303173228346456
11
-0.1884461417322835
21
1.7344082677165353
0
LINE
8
BLACK
6
CONTINUOUS
10
-0.1884461417322835
20
1.7344082677165353
11
-0.1919506299212598
21
1.739485433070866
0
LINE
8
BLACK
6
CONTINUOUS
10
-0.1919506299212598
20
1.739485433070866
11
-0.1941382677165354
21
1.7452537401574804
0
LINE
8
BLACK
6
CONTINUOUS
10
-0.1941382677165354
20
1.7452537401574804
11
-0.1948818897637795
21
1.7513779527559055
0
LINE
8
BLACK
6
CONTINUOUS
10
-0.1948818897637795
20
1.7513779527559055
11
-0.1941382677165354
21
1.7575021653543306
0
LINE
8
BLACK
6
CONTINUOUS
10
-0.1941382677165354
20
1.7575021653543306
11
-0.1919506299212598
21
1.7632704724409449
0
LINE
8
BLACK
6
CONTINUOUS
10
-0.1919506299212598
20
1.7632704724409449
11
-0.1884461417322835
21
1.7683476377952756
0
LINE
8
BLACK
6
CONTINUOUS
10
-0.1884461417322835
20
1.7683476377952756
11
-0.1838284251968504
21
1.7724385826771654
0
LINE
8
BLACK
6
CONTINUOUS
10
-0.1838284251968504
20
1.7724385826771654
11
-0.1783658661417323
21
1.7753055511811022
0
LINE
8
BLACK
6
CONTINUOUS
10
-0.1783658661417323
20
1.7753055511811022
11
-0.1723759448818898
21
1.7767819291338582
0
LINE
8
BLACK
6
CONTINUOUS
10
-0.1723759448818898
20
1.7767819291338582
11
-0.1662067322834646
21
1.7767819291338582
0
LINE
8
BLACK
6
CONTINUOUS
10
-0.1662067322834646
20
1.7767819291338582
11
-0.160216811023622
21
1.7753055511811022
0
LINE
8
BLACK
6
CONTINUOUS
10
-0.238956968503937
20
1.9327858661417323
11
-0.2334944094488189
21
1.9299188976377952
0
LINE
8
BLACK
6
CONTINUOUS
10
-0.2334944094488189
20
1.9299188976377952
11
-0.2288766929133858
21
1.9258279527559055
0
LINE
8
BLACK
6
CONTINUOUS
10
-0.2288766929133858
20
1.9258279527559055
11
-0.2253722047244094
21
1.9207507874015748
0
LINE
8
BLACK
6
CONTINUOUS
10
-0.2253722047244094
20
1.9207507874015748
11
-0.2231845669291339
21
1.9149824803149607
0
LINE
8
BLACK
6
CONTINUOUS
10
-0.2231845669291339
20
1.9149824803149607
11
-0.2224409448818898
21
1.9088582677165353
0
LINE
8
BLACK
6
CONTINUOUS
10
-0.2224409448818898
20
1.9088582677165353
11
-0.2231845669291339
21
1.9027340551181102
0
LINE
8
BLACK
6
CONTINUOUS
10
-0.2231845669291339
20
1.9027340551181102
11
-0.2253722047244094
21
1.8969657480314961
0
LINE
8
BLACK
6
CONTINUOUS
10
-0.2253722047244094
20
1.8969657480314961
11
-0.2288766929133858
21
1.8918885826771654
0
LINE
8
BLACK
6
CONTINUOUS
10
-0.2288766929133858
20
1.8918885826771654
11
-0.2334944094488189
21
1.8877976377952757
0
LINE
8
BLACK
6
CONTINUOUS
10
-0.2334944094488189
20
1.8877976377952757
11
-0.238956968503937
21
1.8849306692913386
0
LINE
8
BLACK
6
CONTINUOUS
10
-0.238956968503937
20
1.8849306692913386
11
-0.2449468897637795
21
1.8834542913385826
0
LINE
8
BLACK
6
CONTINUOUS
10
-0.2449468897637795
20
1.8834542913385826
11
-0.2511161023622047
21
1.8834542913385826
0
LINE
8
BLACK
6
CONTINUOUS
10
-0.2511161023622047
20
1.8834542913385826
11
-0.2571060236220473
21
1.8849306692913386
0
LINE
8
BLACK
6
CONTINUOUS
10
-0.2571060236220473
20
1.8849306692913386
11
-0.2625685826771654
21
1.8877976377952757
0
LINE
8
BLACK
6
CONTINUOUS
10
-0.2625685826771654
20
1.8877976377952757
11
-0.2671862992125984
21
1.8918885826771654
0
LINE
8
BLACK
6
CONTINUOUS
10
-0.2671862992125984
20
1.8918885826771654
11
-0.2706907874015748
21
1.8969657480314961
0
LINE
8
BLACK
6
CONTINUOUS
10
-0.2706907874015748
20
1.8969657480314961
11
-0.2728784251968504
21
1.9027340551181102
0
LINE
8
BLACK
6
CONTINUOUS
10
-0.2728784251968504
20
1.9027340551181102
11
-0.2736220472440945
21
1.9088582677165353
0
LINE
8
BLACK
6
CONTINUOUS
10
-0.2736220472440945
20
1.9088582677165353
11
-0.2728784251968504
21
1.9149824803149607
0
LINE
8
BLACK
6
CONTINUOUS
10
-0.2728784251968504
20
1.9149824803149607
11
-0.2706907874015748
21
1.9207507874015748
0
LINE
8
BLACK
6
CONTINUOUS
10
-0.2706907874015748
20
1.9207507874015748
11
-0.2671862992125984
21
1.9258279527559055
0
LINE
8
BLACK
6
CONTINUOUS
10
-0.2671862992125984
20
1.9258279527559055
11
-0.2625685826771654
21
1.9299188976377952
0
LINE
8
BLACK
6
CONTINUOUS
10
-0.2625685826771654
20
1.9299188976377952
11
-0.2571060236220473
21
1.9327858661417323
0
LINE
8
BLACK
6
CONTINUOUS
10
-0.2571060236220473
20
1.9327858661417323
11
-0.2511161023622047
21
1.9342622440944881
0
LINE
8
BLACK
6
CONTINUOUS
10
-0.2511161023622047
20
1.9342622440944881
11
-0.2449468897637795
21
1.9342622440944881
0
LINE
8
BLACK
6
CONTINUOUS
10
-0.2449468897637795
20
1.9342622440944881
11
-0.238956968503937
21
1.9327858661417323
0
LINE
8
BLACK
6
CONTINUOUS
10
-0.160216811023622
20
1.9327858661417323
11
-0.1547542519685039
21
1.9299188976377952
0
LINE
8
BLACK
6
CONTINUOUS
10
-0.1547542519685039
20
1.9299188976377952
11
-0.1501365354330709
21
1.9258279527559055
0
LINE
8
BLACK
6
CONTINUOUS
10
-0.1501365354330709
20
1.9258279527559055
11
-0.1466320472440945
21
1.9207507874015748
0
LINE
8
BLACK
6
CONTINUOUS
10
-0.1466320472440945
20
1.9207507874015748
11
-0.1444444094488189
21
1.9149824803149607
0
LINE
8
BLACK
6
CONTINUOUS
10
-0.1444444094488189
20
1.9149824803149607
11
-0.1437007874015748
21
1.9088582677165353
0
LINE
8
BLACK
6
CONTINUOUS
10
-0.1437007874015748
20
1.9088582677165353
11
-0.1444444094488189
21
1.9027340551181102
0
LINE
8
BLACK
6
CONTINUOUS
10
-0.1444444094488189
20
1.9027340551181102
11
-0.1466320472440945
21
1.8969657480314961
0
LINE
8
BLACK
6
CONTINUOUS
10
-0.1466320472440945
20
1.8969657480314961
11
-0.1501365354330709
21
1.8918885826771654
0
LINE
8
BLACK
6
CONTINUOUS
10
-0.1501365354330709
20
1.8918885826771654
11
-0.1547542519685039
21
1.8877976377952757
0
LINE
8
BLACK
6
CONTINUOUS
10
-0.1547542519685039
20
1.8877976377952757
11
-0.160216811023622
21
1.8849306692913386
0
LINE
8
BLACK
6
CONTINUOUS
10
-0.160216811023622
20
1.8849306692913386
11
-0.1662067322834646
21
1.8834542913385826
0
LINE
8
BLACK
6
CONTINUOUS
10
-0.1662067322834646
20
1.8834542913385826
11
-0.1723759448818898
21
1.8834542913385826
0
LINE
8
BLACK
6
CONTINUOUS
10
-0.1723759448818898
20
1.8834542913385826
11
-0.1783658661417323
21
1.8849306692913386
0
LINE
8
BLACK
6
CONTINUOUS
10
-0.1783658661417323
20
1.8849306692913386
11
-0.1838284251968504
21
1.8877976377952757
0
LINE
8
BLACK
6
CONTINUOUS
10
-0.1838284251968504
20
1.8877976377952757
11
-0.1884461417322835
21
1.8918885826771654
0
LINE
8
BLACK
6
CONTINUOUS
10
-0.1884461417322835
20
1.8918885826771654
11
-0.1919506299212598
21
1.8969657480314961
0
LINE
8
BLACK
6
CONTINUOUS
10
-0.1919506299212598
20
1.8969657480314961
11
-0.1941382677165354
21
1.9027340551181102
0
LINE
8
BLACK
6
CONTINUOUS
10
-0.1941382677165354
20
1.9027340551181102
11
-0.1948818897637795
21
1.9088582677165353
0
LINE
8
BLACK
6
CONTINUOUS
10
-0.1948818897637795
20
1.9088582677165353
11
-0.1941382677165354
21
1.9149824803149607
0
LINE
8
BLACK
6
CONTINUOUS
10
-0.1941382677165354
20
1.9149824803149607
11
-0.1919506299212598
21
1.9207507874015748
0
LINE
8
BLACK
6
CONTINUOUS
10
-0.1919506299212598
20
1.9207507874015748
11
-0.1884461417322835
21
1.9258279527559055
0
LINE
8
BLACK
6
CONTINUOUS
10
-0.1884461417322835
20
1.9258279527559055
11
-0.1838284251968504
21
1.9299188976377952
0
LINE
8
BLACK
6
CONTINUOUS
10
-0.1838284251968504
20
1.9299188976377952
11
-0.1783658661417323
21
1.9327858661417323
0
LINE
8
BLACK
6
CONTINUOUS
10
-0.1783658661417323
20
1.9327858661417323
11
-0.1723759448818898
21
1.9342622440944881
0
LINE
8
BLACK
6
CONTINUOUS
10
-0.1723759448818898
20
1.9342622440944881
11
-0.1662067322834646
21
1.9342622440944881
0
LINE
8
BLACK
6
CONTINUOUS
10
-0.1662067322834646
20
1.9342622440944881
11
-0.160216811023622
21
1.9327858661417323
0
LINE
8
BLACK
6
CONTINUOUS
10
-0.7699738582677165
20
2.1225747244094486
11
-0.7635826771653543
21
2.1197292125984251
0
LINE
8
BLACK
6
CONTINUOUS
10
-0.7635826771653543
20
2.1197292125984251
11
-0.7579227952755906
21
2.1156170472440943
0
LINE
8
BLACK
6
CONTINUOUS
10
-0.7579227952755906
20
2.1156170472440943
11
-0.7532415748031496
21
2.110417992125984
0
LINE
8
BLACK
6
CONTINUOUS
10
-0.7532415748031496
20
2.110417992125984
11
-0.7497435433070866
21
2.1043592913385827
0
LINE
8
BLACK
6
CONTINUOUS
10
-0.7497435433070866
20
2.1043592913385827
11
-0.7475816929133858
21
2.0977057086614175
0
LINE
8
BLACK
6
CONTINUOUS
10
-0.7475816929133858
20
2.0977057086614175
11
-0.7468503937007874
21
2.0907480314960631
0
LINE
8
BLACK
6
CONTINUOUS
10
-0.7468503937007874
20
2.0907480314960631
11
-0.7475816929133858
21
2.0837903543307088
0
LINE
8
BLACK
6
CONTINUOUS
10
-0.7475816929133858
20
2.0837903543307088
11
-0.7497435433070866
21
2.0771367716535432
0
LINE
8
BLACK
6
CONTINUOUS
10
-0.7497435433070866
20
2.0771367716535432
11
-0.7532415748031496
21
2.0710780708661418
0
LINE
8
BLACK
6
CONTINUOUS
10
-0.7532415748031496
20
2.0710780708661418
11
-0.7579227952755906
21
2.0658790157480316
0
LINE
8
BLACK
6
CONTINUOUS
10
-0.7579227952755906
20
2.0658790157480316
11
-0.7635826771653543
21
2.0617668503937008
0
LINE
8
BLACK
6
CONTINUOUS
10
-0.7635826771653543
20
2.0617668503937008
11
-0.7699738582677165
21
2.0589213385826772
0
LINE
8
BLACK
6
CONTINUOUS
10
-0.7699738582677165
20
2.0589213385826772
11
-0.776816968503937
21
2.0574667716535431
0
LINE
8
BLACK
6
CONTINUOUS
10
-0.776816968503937
20
2.0574667716535431
11
-0.7838129527559055
21
2.0574667716535431
0
LINE
8
BLACK
6
CONTINUOUS
10
-0.7838129527559055
20
2.0574667716535431
11
-0.790656062992126
21
2.0589213385826772
0
LINE
8
BLACK
6
CONTINUOUS
10
-0.790656062992126
20
2.0589213385826772
11
-0.7970472440944881
21
2.0617668503937008
0
LINE
8
BLACK
6
CONTINUOUS
10
-0.7970472440944881
20
2.0617668503937008
11
-0.802707125984252
21
2.0658790157480316
0
LINE
8
BLACK
6
CONTINUOUS
10
-0.802707125984252
20
2.0658790157480316
11
-0.8073883464566929
21
2.0710780708661418
0
LINE
8
BLACK
6
CONTINUOUS
10
-0.8073883464566929
20
2.0710780708661418
11
-0.8108863779527559
21
2.0771367716535432
0
LINE
8
BLACK
6
CONTINUOUS
10
-0.8108863779527559
20
2.0771367716535432
11
-0.8130482283464566
21
2.0837903543307088
0
LINE
8
BLACK
6
CONTINUOUS
10
-0.8130482283464566
20
2.0837903543307088
11
-0.8137795275590551
21
2.0907480314960631
0
LINE
8
BLACK
6
CONTINUOUS
10
-0.8137795275590551
20
2.0907480314960631
11
-0.8130482283464566
21
2.0977057086614175
0
LINE
8
BLACK
6
CONTINUOUS
10
-0.8130482283464566
20
2.0977057086614175
11
-0.8108863779527559
21
2.1043592913385827
0
LINE
8
BLACK
6
CONTINUOUS
10
-0.8108863779527559
20
2.1043592913385827
11
-0.8073883464566929
21
2.110417992125984
0
LINE
8
BLACK
6
CONTINUOUS
10
-0.8073883464566929
20
2.110417992125984
11
-0.802707125984252
21
2.1156170472440943
0
LINE
8
BLACK
6
CONTINUOUS
10
-0.802707125984252
20
2.1156170472440943
11
-0.7970472440944881
21
2.1197292125984251
0
LINE
8
BLACK
6
CONTINUOUS
10
-0.7970472440944881
20
2.1197292125984251
11
-0.790656062992126
21
2.1225747244094486
0
LINE
8
BLACK
6
CONTINUOUS
10
-0.790656062992126
20
2.1225747244094486
11
-0.7838129527559055
21
2.1240292913385828
0
LINE
8
BLACK
6
CONTINUOUS
10
-0.7838129527559055
20
2.1240292913385828
11
-0.776816968503937
21
2.1240292913385828
0
LINE
8
BLACK
6
CONTINUOUS
10
-0.776816968503937
20
2.1240292913385828
11
-0.7699738582677165
21
2.1225747244094486
0
LINE
8
BLACK
6
CONTINUOUS
10
-0.1109539763779527
20
2.4921317716535434
11
-0.1077688188976378
21
2.490013897637795
0
LINE
8
BLACK
6
CONTINUOUS
10
-0.1077688188976378
20
2.490013897637795
11
-0.1056366141732283
21
2.4868383464566928
0
LINE
8
BLACK
6
CONTINUOUS
10
-0.1056366141732283
20
2.4868383464566928
11
-0.1048819291338583
21
2.4830885433070864
0
LINE
8
BLACK
6
CONTINUOUS
10
-0.1048819291338583
20
2.4830885433070864
11
-0.1048818897637795
21
2.4830664173228345
0
LINE
8
BLACK
6
CONTINUOUS
10
-0.1048818897637795
20
2.4830664173228345
11
-0.1048818897637795
21
2.2724994094488187
0
LINE
8
BLACK
6
CONTINUOUS
10
-0.1048818897637795
20
2.2724994094488187
11
-0.1056281102362205
21
2.2687479133858268
0
LINE
8
BLACK
6
CONTINUOUS
10
-0.1056281102362205
20
2.2687479133858268
11
-0.1077531496062992
21
2.2655675196850393
0
LINE
8
BLACK
6
CONTINUOUS
10
-0.1077531496062992
20
2.2655675196850393
11
-0.1109335433070866
21
2.2634424803149606
0
LINE
8
BLACK
6
CONTINUOUS
10
-0.1109335433070866
20
2.2634424803149606
11
-0.1146850393700787
21
2.2626962598425195
0
LINE
8
BLACK
6
CONTINUOUS
10
-0.1146850393700787
20
2.2626962598425195
11
-0.1148038582677165
21
2.2626969685039371
0
LINE
8
BLACK
6
CONTINUOUS
10
-0.1148038582677165
20
2.2626969685039371
11
-0.1389349212598425
21
2.2629894881889765
0
LINE
8
BLACK
6
CONTINUOUS
10
-0.1389349212598425
20
2.2629894881889765
11
-0.142677125984252
21
2.2637811417322835
0
LINE
8
BLACK
6
CONTINUOUS
10
-0.142677125984252
20
2.2637811417322835
11
-0.1458314960629921
21
2.2659446062992123
0
LINE
8
BLACK
6
CONTINUOUS
10
-0.1458314960629921
20
2.2659446062992123
11
-0.1479178346456693
21
2.2691504724409448
0
LINE
8
BLACK
6
CONTINUOUS
10
-0.1479178346456693
20
2.2691504724409448
11
-0.1481174803149606
21
2.2702216535433069
0
LINE
8
BLACK
6
CONTINUOUS
10
-0.1481174803149606
20
2.2702216535433069
11
-0.1548556299212598
21
2.2769598031496061
0
LINE
8
BLACK
6
CONTINUOUS
10
-0.1548556299212598
20
2.2769598031496061
11
-0.1554548818897638
21
2.2765832677165352
0
LINE
8
BLACK
6
CONTINUOUS
10
-0.1554548818897638
20
2.2765832677165352
11
-0.1621951968503937
21
2.2742247244094487
0
LINE
8
BLACK
6
CONTINUOUS
10
-0.1621951968503937
20
2.2742247244094487
11
-0.1692913385826772
21
2.2734251968503938
0
LINE
8
BLACK
6
CONTINUOUS
10
-0.1692913385826772
20
2.2734251968503938
11
-0.1763874803149606
21
2.2742247244094487
0
LINE
8
BLACK
6
CONTINUOUS
10
-0.1763874803149606
20
2.2742247244094487
11
-0.1831277952755906
21
2.2765832677165352
0
LINE
8
BLACK
6
CONTINUOUS
10
-0.1831277952755906
20
2.2765832677165352
11
-0.183727125984252
21
2.2769598425196849
0
LINE
8
BLACK
6
CONTINUOUS
10
-0.183727125984252
20
2.2769598425196849
11
-0.1906820866141732
21
2.2700048818897636
0
LINE
8
BLACK
6
CONTINUOUS
10
-0.1906820866141732
20
2.2700048818897636
11
-0.1919483464566929
21
2.2673275196850393
0
LINE
8
BLACK
6
CONTINUOUS
10
-0.1919483464566929
20
2.2673275196850393
11
-0.1947825196850394
21
2.264758779527559
0
LINE
8
BLACK
6
CONTINUOUS
10
-0.1947825196850394
20
2.264758779527559
11
-0.1983838976377953
21
2.2634701968503936
0
LINE
8
BLACK
6
CONTINUOUS
10
-0.1983838976377953
20
2.2634701968503936
11
-0.1998223228346457
21
2.263364094488189
0
LINE
8
BLACK
6
CONTINUOUS
10
-0.1998223228346457
20
2.263364094488189
11
-0.2371855905511811
21
2.263364094488189
0
LINE
8
BLACK
6
CONTINUOUS
10
-0.2371855905511811
20
2.263364094488189
11
-0.2409370866141732
21
2.2641103149606301
0
LINE
8
BLACK
6
CONTINUOUS
10
-0.2409370866141732
20
2.2641103149606301
11
-0.2441174803149606
21
2.2662353543307088
0
LINE
8
BLACK
6
CONTINUOUS
10
-0.2441174803149606
20
2.2662353543307088
11
-0.2462425196850394
21
2.2694157480314958
0
LINE
8
BLACK
6
CONTINUOUS
10
-0.2462425196850394
20
2.2694157480314958
11
-0.2463681102362205
21
2.2700471259842518
0
LINE
8
BLACK
6
CONTINUOUS
10
-0.2463681102362205
20
2.2700471259842518
11
-0.2532808267716535
21
2.2769598425196849
0
LINE
8
BLACK
6
CONTINUOUS
10
-0.2532808267716535
20
2.2769598425196849
11
-0.2538800787401575
21
2.2765832677165352
0
LINE
8
BLACK
6
CONTINUOUS
10
-0.2538800787401575
20
2.2765832677165352
11
-0.2606203937007874
21
2.2742247244094487
0
LINE
8
BLACK
6
CONTINUOUS
10
-0.2606203937007874
20
2.2742247244094487
11
-0.2677165354330708
21
2.2734251968503938
0
LINE
8
BLACK
6
CONTINUOUS
10
-0.2677165354330708
20
2.2734251968503938
11
-0.2748126771653543
21
2.2742247244094487
0
LINE
8
BLACK
6
CONTINUOUS
10
-0.2748126771653543
20
2.2742247244094487
11
-0.2815529921259842
21
2.2765832677165352
0
LINE
8
BLACK
6
CONTINUOUS
10
-0.2815529921259842
20
2.2765832677165352
11
-0.2821523228346456
21
2.2769598425196849
0
LINE
8
BLACK
6
CONTINUOUS
10
-0.2821523228346456
20
2.2769598425196849
11
-0.2891072834645669
21
2.2700048818897636
0
LINE
8
BLACK
6
CONTINUOUS
10
-0.2891072834645669
20
2.2700048818897636
11
-0.2903735433070866
21
2.2673275196850393
0
LINE
8
BLACK
6
CONTINUOUS
10
-0.2903735433070866
20
2.2673275196850393
11
-0.293207716535433
21
2.264758779527559
0
LINE
8
BLACK
6
CONTINUOUS
10
-0.293207716535433
20
2.264758779527559
11
-0.296809094488189
21
2.2634701968503936
0
LINE
8
BLACK
6
CONTINUOUS
10
-0.296809094488189
20
2.2634701968503936
11
-0.2982475196850394
21
2.263364094488189
0
LINE
8
BLACK
6
CONTINUOUS
10
-0.2982475196850394
20
2.263364094488189
11
-0.3356107874015748
21
2.263364094488189
0
LINE
8
BLACK
6
CONTINUOUS
10
-0.3356107874015748
20
2.263364094488189
11
-0.3393622834645669
21
2.2641103149606301
0
LINE
8
BLACK
6
CONTINUOUS
10
-0.3393622834645669
20
2.2641103149606301
11
-0.3425426771653543
21
2.2662353543307088
0
LINE
8
BLACK
6
CONTINUOUS
10
-0.3425426771653543
20
2.2662353543307088
11
-0.344667716535433
21
2.2694157480314958
0
LINE
8
BLACK
6
CONTINUOUS
10
-0.344667716535433
20
2.2694157480314958
11
-0.3447933070866142
21
2.2700471259842518
0
LINE
8
BLACK
6
CONTINUOUS
10
-0.3447933070866142
20
2.2700471259842518
11
-0.3517060236220472
21
2.2769598425196849
0
LINE
8
BLACK
6
CONTINUOUS
10
-0.3517060236220472
20
2.2769598425196849
11
-0.3523052755905512
21
2.2765832677165352
0
LINE
8
BLACK
6
CONTINUOUS
10
-0.3523052755905512
20
2.2765832677165352
11
-0.3590455905511811
21
2.2742247244094487
0
LINE
8
BLACK
6
CONTINUOUS
10
-0.3590455905511811
20
2.2742247244094487
11
-0.3661417322834646
21
2.2734251968503938
0
LINE
8
BLACK
6
CONTINUOUS
10
-0.3661417322834646
20
2.2734251968503938
11
-0.373237874015748
21
2.2742247244094487
0
LINE
8
BLACK
6
CONTINUOUS
10
-0.373237874015748
20
2.2742247244094487
11
-0.3799781889763779
21
2.2765832677165352
0
LINE
8
BLACK
6
CONTINUOUS
10
-0.3799781889763779
20
2.2765832677165352
11
-0.3805775196850393
21
2.2769598425196849
0
LINE
8
BLACK
6
CONTINUOUS
10
-0.3805775196850393
20
2.2769598425196849
11
-0.3875324803149606
21
2.2700048818897636
0
LINE
8
BLACK
6
CONTINUOUS
10
-0.3875324803149606
20
2.2700048818897636
11
-0.3887987401574803
21
2.2673275196850393
0
LINE
8
BLACK
6
CONTINUOUS
10
-0.3887987401574803
20
2.2673275196850393
11
-0.3916329133858268
21
2.264758779527559
0
LINE
8
BLACK
6
CONTINUOUS
10
-0.3916329133858268
20
2.264758779527559
11
-0.3952342913385827
21
2.2634701968503936
0
LINE
8
BLACK
6
CONTINUOUS
10
-0.3952342913385827
20
2.2634701968503936
11
-0.3966727165354331
21
2.263364094488189
0
LINE
8
BLACK
6
CONTINUOUS
10
-0.3966727165354331
20
2.263364094488189
11
-0.4340359842519685
21
2.263364094488189
0
LINE
8
BLACK
6
CONTINUOUS
10
-0.4340359842519685
20
2.263364094488189
11
-0.4377874803149606
21
2.2641103149606301
0
LINE
8
BLACK
6
CONTINUOUS
10
-0.4377874803149606
20
2.2641103149606301
11
-0.440967874015748
21
2.2662353543307088
0
LINE
8
BLACK
6
CONTINUOUS
10
-0.440967874015748
20
2.2662353543307088
11
-0.4430929133858267
21
2.2694157480314958
0
LINE
8
BLACK
6
CONTINUOUS
10
-0.4430929133858267
20
2.2694157480314958
11
-0.4432185039370078
21
2.2700471259842518
0
LINE
8
BLACK
6
CONTINUOUS
10
-0.4432185039370078
20
2.2700471259842518
11
-0.4501312204724409
21
2.2769598425196849
0
LINE
8
BLACK
6
CONTINUOUS
10
-0.4501312204724409
20
2.2769598425196849
11
-0.4507304724409449
21
2.2765832677165352
0
LINE
8
BLACK
6
CONTINUOUS
10
-0.4507304724409449
20
2.2765832677165352
11
-0.4574707874015748
21
2.2742247244094487
0
LINE
8
BLACK
6
CONTINUOUS
10
-0.4574707874015748
20
2.2742247244094487
11
-0.4645669291338583
21
2.2734251968503938
0
LINE
8
BLACK
6
CONTINUOUS
10
-0.4645669291338583
20
2.2734251968503938
11
-0.4716630708661417
21
2.2742247244094487
0
LINE
8
BLACK
6
CONTINUOUS
10
-0.4716630708661417
20
2.2742247244094487
11
-0.4784033858267717
21
2.2765832677165352
0
LINE
8
BLACK
6
CONTINUOUS
10
-0.4784033858267717
20
2.2765832677165352
11
-0.4790027165354331
21
2.2769598425196849
0
LINE
8
BLACK
6
CONTINUOUS
10
-0.4790027165354331
20
2.2769598425196849
11
-0.4859576771653543
21
2.2700048818897636
0
LINE
8
BLACK
6
CONTINUOUS
10
-0.4859576771653543
20
2.2700048818897636
11
-0.487223937007874
21
2.2673275196850393
0
LINE
8
BLACK
6
CONTINUOUS
10
-0.487223937007874
20
2.2673275196850393
11
-0.4900581102362205
21
2.264758779527559
0
LINE
8
BLACK
6
CONTINUOUS
10
-0.4900581102362205
20
2.264758779527559
11
-0.4936594881889764
21
2.2634701968503936
0
LINE
8
BLACK
6
CONTINUOUS
10
-0.4936594881889764
20
2.2634701968503936
11
-0.4950979133858268
21
2.263364094488189
0
LINE
8
BLACK
6
CONTINUOUS
10
-0.4950979133858268
20
2.263364094488189
11
-0.5324611811023622
21
2.263364094488189
0
LINE
8
BLACK
6
CONTINUOUS
10
-0.5324611811023622
20
2.263364094488189
11
-0.5362126771653544
21
2.2641103149606301
0
LINE
8
BLACK
6
CONTINUOUS
10
-0.5362126771653544
20
2.2641103149606301
11
-0.5393930708661417
21
2.2662353543307088
0
LINE
8
BLACK
6
CONTINUOUS
10
-0.5393930708661417
20
2.2662353543307088
11
-0.5415181102362204
21
2.2694157480314958
0
LINE
8
BLACK
6
CONTINUOUS
10
-0.5415181102362204
20
2.2694157480314958
11
-0.5416437007874015
21
2.2700471259842518
0
LINE
8
BLACK
6
CONTINUOUS
10
-0.5416437007874015
20
2.2700471259842518
11
-0.5485564173228347
21
2.2769598425196849
0
LINE
8
BLACK
6
CONTINUOUS
10
-0.5485564173228347
20
2.2769598425196849
11
-0.5491556692913385
21
2.2765832677165352
0
LINE
8
BLACK
6
CONTINUOUS
10
-0.5491556692913385
20
2.2765832677165352
11
-0.5558959842519685
21
2.2742247244094487
0
LINE
8
BLACK
6
CONTINUOUS
10
-0.5558959842519685
20
2.2742247244094487
11
-0.562992125984252
21
2.2734251968503938
0
LINE
8
BLACK
6
CONTINUOUS
10
-0.562992125984252
20
2.2734251968503938
11
-0.5700882677165354
21
2.2742247244094487
0
LINE
8
BLACK
6
CONTINUOUS
10
-0.5700882677165354
20
2.2742247244094487
11
-0.5768285826771653
21
2.2765832677165352
0
LINE
8
BLACK
6
CONTINUOUS
10
-0.5768285826771653
20
2.2765832677165352
11
-0.5774279133858268
21
2.2769598425196849
0
LINE
8
BLACK
6
CONTINUOUS
10
-0.5774279133858268
20
2.2769598425196849
11
-0.583959842519685
21
2.2704279133858267
0
LINE
8
BLACK
6
CONTINUOUS
10
-0.583959842519685
20
2.2704279133858267
11
-0.5839600393700787
21
2.2704232677165352
0
LINE
8
BLACK
6
CONTINUOUS
10
-0.5839600393700787
20
2.2704232677165352
11
-0.5855954330708661
21
2.2669655118110237
0
LINE
8
BLACK
6
CONTINUOUS
10
-0.5855954330708661
20
2.2669655118110237
11
-0.5884295669291338
21
2.2643968110236221
0
LINE
8
BLACK
6
CONTINUOUS
10
-0.5884295669291338
20
2.2643968110236221
11
-0.5920309842519685
21
2.263108188976378
0
LINE
8
BLACK
6
CONTINUOUS
10
-0.5920309842519685
20
2.263108188976378
11
-0.5933505905511811
21
2.2630027952755905
0
LINE
8
BLACK
6
CONTINUOUS
10
-0.5933505905511811
20
2.2630027952755905
11
-0.618581968503937
21
2.2626969685039371
0
LINE
8
BLACK
6
CONTINUOUS
10
-0.618581968503937
20
2.2626969685039371
11
-0.6223422440944881
21
2.2633976771653543
0
LINE
8
BLACK
6
CONTINUOUS
10
-0.6223422440944881
20
2.2633976771653543
11
-0.6255481496062992
21
2.2654840157480316
0
LINE
8
BLACK
6
CONTINUOUS
10
-0.6255481496062992
20
2.2654840157480316
11
-0.6277115748031495
21
2.2686384251968503
0
LINE
8
BLACK
6
CONTINUOUS
10
-0.6277115748031495
20
2.2686384251968503
11
-0.6285032283464567
21
2.2723805905511809
0
LINE
8
BLACK
6
CONTINUOUS
10
-0.6285032283464567
20
2.2723805905511809
11
-0.628503937007874
21
2.2724994094488187
0
LINE
8
BLACK
6
CONTINUOUS
10
-0.628503937007874
20
2.2724994094488187
11
-0.628503937007874
21
2.4234251968503937
0
LINE
8
BLACK
6
CONTINUOUS
10
-0.628503937007874
20
2.4234251968503937
11
-0.628503937007874
21
2.4819295275590552
0
LINE
8
BLACK
6
CONTINUOUS
10
-0.628503937007874
20
2.4819295275590552
11
-0.6277577165354331
21
2.485681023622047
0
LINE
8
BLACK
6
CONTINUOUS
10
-0.6277577165354331
20
2.485681023622047
11
-0.6256326771653543
21
2.4888614173228345
0
LINE
8
BLACK
6
CONTINUOUS
10
-0.6256326771653543
20
2.4888614173228345
11
-0.6224522834645669
21
2.4909864566929132
0
LINE
8
BLACK
6
CONTINUOUS
10
-0.6224522834645669
20
2.4909864566929132
11
-0.6187230708661418
21
2.4917326377952755
0
LINE
8
BLACK
6
CONTINUOUS
10
-0.6187230708661418
20
2.4917326377952755
11
-0.1147070078740157
21
2.4928695275590549
0
LINE
8
BLACK
6
CONTINUOUS
10
-0.1147070078740157
20
2.4928695275590549
11
-0.1109539763779527
21
2.4921317716535434
0
LINE
8
BLACK
6
CONTINUOUS
10
-0.5346370078740157
20
2.3197507480314958
11
-0.5342604330708661
21
2.3191514173228347
0
LINE
8
BLACK
6
CONTINUOUS
10
-0.5342604330708661
20
2.3191514173228347
11
-0.5319018897637795
21
2.3124111023622045
0
LINE
8
BLACK
6
CONTINUOUS
10
-0.5319018897637795
20
2.3124111023622045
11
-0.5311023622047244
21
2.305314960629921
0
LINE
8
BLACK
6
CONTINUOUS
10
-0.5311023622047244
20
2.305314960629921
11
-0.5319018897637795
21
2.2982188188976376
0
LINE
8
BLACK
6
CONTINUOUS
10
-0.5319018897637795
20
2.2982188188976376
11
-0.5342604330708661
21
2.2914785039370078
0
LINE
8
BLACK
6
CONTINUOUS
10
-0.5342604330708661
20
2.2914785039370078
11
-0.5346370078740157
21
2.2908792519685037
0
LINE
8
BLACK
6
CONTINUOUS
10
-0.5346370078740157
20
2.2908792519685037
11
-0.5287612204724409
21
2.285003464566929
0
LINE
8
BLACK
6
CONTINUOUS
10
-0.5287612204724409
20
2.285003464566929
11
-0.5260774409448818
21
2.2900244881889762
0
LINE
8
BLACK
6
CONTINUOUS
10
-0.5260774409448818
20
2.2900244881889762
11
-0.5238037007874016
21
2.2975199212598425
0
LINE
8
BLACK
6
CONTINUOUS
10
-0.5238037007874016
20
2.2975199212598425
11
-0.5235354724409449
21
2.3002432283464564
0
LINE
8
BLACK
6
CONTINUOUS
10
-0.5235354724409449
20
2.3002432283464564
11
-0.5224251181102362
21
2.3039035433070865
0
LINE
8
BLACK
6
CONTINUOUS
10
-0.5224251181102362
20
2.3039035433070865
11
-0.5213820866141732
21
2.3051745275590552
0
LINE
8
BLACK
6
CONTINUOUS
10
-0.5213820866141732
20
2.3051745275590552
11
-0.5231605511811024
21
2.3085018897637797
0
LINE
8
BLACK
6
CONTINUOUS
10
-0.5231605511811024
20
2.3085018897637797
11
-0.5235354724409449
21
2.3103866929133856
0
LINE
8
BLACK
6
CONTINUOUS
10
-0.5235354724409449
20
2.3103866929133856
11
-0.5238037401574803
21
2.3131100787401575
0
LINE
8
BLACK
6
CONTINUOUS
10
-0.5238037401574803
20
2.3131100787401575
11
-0.5260774409448818
21
2.3206054724409446
0
LINE
8
BLACK
6
CONTINUOUS
10
-0.5260774409448818
20
2.3206054724409446
11
-0.5287612204724409
21
2.325626535433071
0
LINE
8
BLACK
6
CONTINUOUS
10
-0.5287612204724409
20
2.325626535433071
11
-0.5346370078740157
21
2.3197507480314958
0
LINE
8
BLACK
6
CONTINUOUS
10
-0.4362118110236221
20
2.3197507480314958
11
-0.4358352362204724
21
2.3191514173228347
0
LINE
8
BLACK
6
CONTINUOUS
10
-0.4358352362204724
20
2.3191514173228347
11
-0.4334766929133858
21
2.3124111023622045
0
LINE
8
BLACK
6
CONTINUOUS
10
-0.4334766929133858
20
2.3124111023622045
11
-0.4326771653543307
21
2.305314960629921
0
LINE
8
BLACK
6
CONTINUOUS
10
-0.4326771653543307
20
2.305314960629921
11
-0.4334766929133858
21
2.2982188188976376
0
LINE
8
BLACK
6
CONTINUOUS
10
-0.4334766929133858
20
2.2982188188976376
11
-0.4358352362204724
21
2.2914785039370078
0
LINE
8
BLACK
6
CONTINUOUS
10
-0.4358352362204724
20
2.2914785039370078
11
-0.4362118110236221
21
2.2908792519685037
0
LINE
8
BLACK
6
CONTINUOUS
10
-0.4362118110236221
20
2.2908792519685037
11
-0.4303360236220473
21
2.285003464566929
0
LINE
8
BLACK
6
CONTINUOUS
10
-0.4303360236220473
20
2.285003464566929
11
-0.4276522440944882
21
2.2900244881889762
0
LINE
8
BLACK
6
CONTINUOUS
10
-0.4276522440944882
20
2.2900244881889762
11
-0.4253785039370079
21
2.2975199212598425
0
LINE
8
BLACK
6
CONTINUOUS
10
-0.4253785039370079
20
2.2975199212598425
11
-0.4251102755905511
21
2.3002432283464564
0
LINE
8
BLACK
6
CONTINUOUS
10
-0.4251102755905511
20
2.3002432283464564
11
-0.4239999212598425
21
2.3039035433070865
0
LINE
8
BLACK
6
CONTINUOUS
10
-0.4239999212598425
20
2.3039035433070865
11
-0.4229568897637795
21
2.3051745275590552
0
LINE
8
BLACK
6
CONTINUOUS
10
-0.4229568897637795
20
2.3051745275590552
11
-0.4247353543307086
21
2.3085018897637797
0
LINE
8
BLACK
6
CONTINUOUS
10
-0.4247353543307086
20
2.3085018897637797
11
-0.4251102755905511
21
2.3103866929133856
0
LINE
8
BLACK
6
CONTINUOUS
10
-0.4251102755905511
20
2.3103866929133856
11
-0.4253785433070866
21
2.3131100787401575
0
LINE
8
BLACK
6
CONTINUOUS
10
-0.4253785433070866
20
2.3131100787401575
11
-0.4276522440944882
21
2.3206054724409446
0
LINE
8
BLACK
6
CONTINUOUS
10
-0.4276522440944882
20
2.3206054724409446
11
-0.4303360236220473
21
2.325626535433071
0
LINE
8
BLACK
6
CONTINUOUS
10
-0.4303360236220473
20
2.325626535433071
11
-0.4362118110236221
21
2.3197507480314958
0
LINE
8
BLACK
6
CONTINUOUS
10
-0.3377866141732284
20
2.3197507480314958
11
-0.3374100393700787
21
2.3191514173228347
0
LINE
8
BLACK
6
CONTINUOUS
10
-0.3374100393700787
20
2.3191514173228347
11
-0.3350514960629921
21
2.3124111023622045
0
LINE
8
BLACK
6
CONTINUOUS
10
-0.3350514960629921
20
2.3124111023622045
11
-0.334251968503937
21
2.305314960629921
0
LINE
8
BLACK
6
CONTINUOUS
10
-0.334251968503937
20
2.305314960629921
11
-0.3350514960629921
21
2.2982188188976376
0
LINE
8
BLACK
6
CONTINUOUS
10
-0.3350514960629921
20
2.2982188188976376
11
-0.3374100393700787
21
2.2914785039370078
0
LINE
8
BLACK
6
CONTINUOUS
10
-0.3374100393700787
20
2.2914785039370078
11
-0.3377866141732284
21
2.2908792519685037
0
LINE
8
BLACK
6
CONTINUOUS
10
-0.3377866141732284
20
2.2908792519685037
11
-0.3319108267716535
21
2.285003464566929
0
LINE
8
BLACK
6
CONTINUOUS
10
-0.3319108267716535
20
2.285003464566929
11
-0.3292270472440945
21
2.2900244881889762
0
LINE
8
BLACK
6
CONTINUOUS
10
-0.3292270472440945
20
2.2900244881889762
11
-0.3269533070866142
21
2.2975199212598425
0
LINE
8
BLACK
6
CONTINUOUS
10
-0.3269533070866142
20
2.2975199212598425
11
-0.3266850787401575
21
2.3002432283464564
0
LINE
8
BLACK
6
CONTINUOUS
10
-0.3266850787401575
20
2.3002432283464564
11
-0.3255747244094488
21
2.3039035433070865
0
LINE
8
BLACK
6
CONTINUOUS
10
-0.3255747244094488
20
2.3039035433070865
11
-0.3245316929133858
21
2.3051745275590552
0
LINE
8
BLACK
6
CONTINUOUS
10
-0.3245316929133858
20
2.3051745275590552
11
-0.3263101574803149
21
2.3085018897637797
0
LINE
8
BLACK
6
CONTINUOUS
10
-0.3263101574803149
20
2.3085018897637797
11
-0.3266850787401575
21
2.3103866929133856
0
LINE
8
BLACK
6
CONTINUOUS
10
-0.3266850787401575
20
2.3103866929133856
11
-0.3269533464566929
21
2.3131100787401575
0
LINE
8
BLACK
6
CONTINUOUS
10
-0.3269533464566929
20
2.3131100787401575
11
-0.3292270472440945
21
2.3206054724409446
0
LINE
8
BLACK
6
CONTINUOUS
10
-0.3292270472440945
20
2.3206054724409446
11
-0.3319108267716535
21
2.325626535433071
0
LINE
8
BLACK
6
CONTINUOUS
10
-0.3319108267716535
20
2.325626535433071
11
-0.3377866141732284
21
2.3197507480314958
0
LINE
8
BLACK
6
CONTINUOUS
10
-0.2393614173228346
20
2.3197507480314958
11
-0.238984842519685
21
2.3191514173228347
0
LINE
8
BLACK
6
CONTINUOUS
10
-0.238984842519685
20
2.3191514173228347
11
-0.2366262992125984
21
2.3124111023622045
0
LINE
8
BLACK
6
CONTINUOUS
10
-0.2366262992125984
20
2.3124111023622045
11
-0.2358267716535433
21
2.305314960629921
0
LINE
8
BLACK
6
CONTINUOUS
10
-0.2358267716535433
20
2.305314960629921
11
-0.2366262992125984
21
2.2982188188976376
0
LINE
8
BLACK
6
CONTINUOUS
10
-0.2366262992125984
20
2.2982188188976376
11
-0.238984842519685
21
2.2914785039370078
0
LINE
8
BLACK
6
CONTINUOUS
10
-0.238984842519685
20
2.2914785039370078
11
-0.2393614173228346
21
2.2908792519685037
0
LINE
8
BLACK
6
CONTINUOUS
10
-0.2393614173228346
20
2.2908792519685037
11
-0.2334856299212598
21
2.285003464566929
0
LINE
8
BLACK
6
CONTINUOUS
10
-0.2334856299212598
20
2.285003464566929
11
-0.2308018503937008
21
2.2900244881889762
0
LINE
8
BLACK
6
CONTINUOUS
10
-0.2308018503937008
20
2.2900244881889762
11
-0.2285281102362205
21
2.2975199212598425
0
LINE
8
BLACK
6
CONTINUOUS
10
-0.2285281102362205
20
2.2975199212598425
11
-0.2282598818897638
21
2.3002432283464564
0
LINE
8
BLACK
6
CONTINUOUS
10
-0.2282598818897638
20
2.3002432283464564
11
-0.2271495275590551
21
2.3039035433070865
0
LINE
8
BLACK
6
CONTINUOUS
10
-0.2271495275590551
20
2.3039035433070865
11
-0.2261064960629921
21
2.3051745275590552
0
LINE
8
BLACK
6
CONTINUOUS
10
-0.2261064960629921
20
2.3051745275590552
11
-0.2278849606299213
21
2.3085018897637797
0
LINE
8
BLACK
6
CONTINUOUS
10
-0.2278849606299213
20
2.3085018897637797
11
-0.2282598818897638
21
2.3103866929133856
0
LINE
8
BLACK
6
CONTINUOUS
10
-0.2282598818897638
20
2.3103866929133856
11
-0.2285281496062992
21
2.3131100787401575
0
LINE
8
BLACK
6
CONTINUOUS
10
-0.2285281496062992
20
2.3131100787401575
11
-0.2308018503937008
21
2.3206054724409446
0
LINE
8
BLACK
6
CONTINUOUS
10
-0.2308018503937008
20
2.3206054724409446
11
-0.2334856299212598
21
2.325626535433071
0
LINE
8
BLACK
6
CONTINUOUS
10
-0.2334856299212598
20
2.325626535433071
11
-0.2393614173228346
21
2.3197507480314958
0
LINE
8
BLACK
6
CONTINUOUS
10
-0.1409362204724409
20
2.3197507480314958
11
-0.1405596456692913
21
2.3191514173228347
0
LINE
8
BLACK
6
CONTINUOUS
10
-0.1405596456692913
20
2.3191514173228347
11
-0.1382011023622047
21
2.3124111023622045
0
LINE
8
BLACK
6
CONTINUOUS
10
-0.1382011023622047
20
2.3124111023622045
11
-0.1374015748031496
21
2.305314960629921
0
LINE
8
BLACK
6
CONTINUOUS
10
-0.1374015748031496
20
2.305314960629921
11
-0.1382011023622047
21
2.2982188188976376
0
LINE
8
BLACK
6
CONTINUOUS
10
-0.1382011023622047
20
2.2982188188976376
11
-0.1405596456692913
21
2.2914785039370078
0
LINE
8
BLACK
6
CONTINUOUS
10
-0.1405596456692913
20
2.2914785039370078
11
-0.1409362204724409
21
2.2908792519685037
0
LINE
8
BLACK
6
CONTINUOUS
10
-0.1409362204724409
20
2.2908792519685037
11
-0.1350604330708661
21
2.285003464566929
0
LINE
8
BLACK
6
CONTINUOUS
10
-0.1350604330708661
20
2.285003464566929
11
-0.1323766535433071
21
2.2900244881889762
0
LINE
8
BLACK
6
CONTINUOUS
10
-0.1323766535433071
20
2.2900244881889762
11
-0.1301029527559055
21
2.2975198818897637
0
LINE
8
BLACK
6
CONTINUOUS
10
-0.1301029527559055
20
2.2975198818897637
11
-0.1293351968503937
21
2.305314960629921
0
LINE
8
BLACK
6
CONTINUOUS
10
-0.1293351968503937
20
2.305314960629921
11
-0.1301029527559055
21
2.3131100787401575
0
LINE
8
BLACK
6
CONTINUOUS
10
-0.1301029527559055
20
2.3131100787401575
11
-0.1323766535433071
21
2.3206054724409446
0
LINE
8
BLACK
6
CONTINUOUS
10
-0.1323766535433071
20
2.3206054724409446
11
-0.1350604330708661
21
2.325626535433071
0
LINE
8
BLACK
6
CONTINUOUS
10
-0.1350604330708661
20
2.325626535433071
11
-0.1409362204724409
21
2.3197507480314958
0
LINE
8
BLACK
6
CONTINUOUS
10
-0.5999066929133858
20
2.3206058661417321
11
-0.5999067716535433
21
2.3206056692913384
0
LINE
8
BLACK
6
CONTINUOUS
10
-0.5999067716535433
20
2.3206056692913384
11
-0.6021805905511811
21
2.31311
0
LINE
8
BLACK
6
CONTINUOUS
10
-0.6021805905511811
20
2.31311
11
-0.6029483070866142
21
2.305314960629921
0
LINE
8
BLACK
6
CONTINUOUS
10
-0.6029483070866142
20
2.305314960629921
11
-0.6021805511811024
21
2.2975198818897637
0
LINE
8
BLACK
6
CONTINUOUS
10
-0.6021805511811024
20
2.2975198818897637
11
-0.5999068897637795
21
2.2900246062992125
0
LINE
8
BLACK
6
CONTINUOUS
10
-0.5999068897637795
20
2.2900246062992125
11
-0.5999068503937007
21
2.2900244881889762
0
LINE
8
BLACK
6
CONTINUOUS
10
-0.5999068503937007
20
2.2900244881889762
11
-0.5972231102362204
21
2.2850035039370078
0
LINE
8
BLACK
6
CONTINUOUS
10
-0.5972231102362204
20
2.2850035039370078
11
-0.5913473228346456
21
2.2908793307086612
0
LINE
8
BLACK
6
CONTINUOUS
10
-0.5913473228346456
20
2.2908793307086612
11
-0.5917238188976378
21
2.2914785039370078
0
LINE
8
BLACK
6
CONTINUOUS
10
-0.5917238188976378
20
2.2914785039370078
11
-0.5940823622047244
21
2.2982188188976376
0
LINE
8
BLACK
6
CONTINUOUS
10
-0.5940823622047244
20
2.2982188188976376
11
-0.5948818897637795
21
2.305314960629921
0
LINE
8
BLACK
6
CONTINUOUS
10
-0.5948818897637795
20
2.305314960629921
11
-0.5940823622047244
21
2.3124111023622045
0
LINE
8
BLACK
6
CONTINUOUS
10
-0.5940823622047244
20
2.3124111023622045
11
-0.5917238188976378
21
2.3191514173228347
0
LINE
8
BLACK
6
CONTINUOUS
10
-0.5917238188976378
20
2.3191514173228347
11
-0.5913473228346456
21
2.3197506692913383
0
LINE
8
BLACK
6
CONTINUOUS
10
-0.5913473228346456
20
2.3197506692913383
11
-0.5972231496062992
21
2.3256264960629922
0
LINE
8
BLACK
6
CONTINUOUS
10
-0.5972231496062992
20
2.3256264960629922
11
-0.5999066929133858
21
2.3206058661417321
0
LINE
8
BLACK
6
CONTINUOUS
10
-0.5014814960629921
20
2.3206058661417321
11
-0.5014815748031496
21
2.3206056692913384
0
LINE
8
BLACK
6
CONTINUOUS
10
-0.5014815748031496
20
2.3206056692913384
11
-0.5037553937007874
21
2.31311
0
LINE
8
BLACK
6
CONTINUOUS
10
-0.5037553937007874
20
2.31311
11
-0.5040235826771653
21
2.3103866929133856
0
LINE
8
BLACK
6
CONTINUOUS
10
-0.5040235826771653
20
2.3103866929133856
11
-0.505133937007874
21
2.3067264173228348
0
LINE
8
BLACK
6
CONTINUOUS
10
-0.505133937007874
20
2.3067264173228348
11
-0.5061770078740158
21
2.3054554724409448
0
LINE
8
BLACK
6
CONTINUOUS
10
-0.5061770078740158
20
2.3054554724409448
11
-0.5043985039370079
21
2.3021280708661416
0
LINE
8
BLACK
6
CONTINUOUS
10
-0.5043985039370079
20
2.3021280708661416
11
-0.5040235826771653
21
2.3002432283464564
0
LINE
8
BLACK
6
CONTINUOUS
10
-0.5040235826771653
20
2.3002432283464564
11
-0.5037553937007874
21
2.2975199212598425
0
LINE
8
BLACK
6
CONTINUOUS
10
-0.5037553937007874
20
2.2975199212598425
11
-0.5014816929133858
21
2.2900246062992125
0
LINE
8
BLACK
6
CONTINUOUS
10
-0.5014816929133858
20
2.2900246062992125
11
-0.5014816535433071
21
2.2900244881889762
0
LINE
8
BLACK
6
CONTINUOUS
10
-0.5014816535433071
20
2.2900244881889762
11
-0.4987979133858267
21
2.2850035039370078
0
LINE
8
BLACK
6
CONTINUOUS
10
-0.4987979133858267
20
2.2850035039370078
11
-0.4929221259842519
21
2.2908793307086612
0
LINE
8
BLACK
6
CONTINUOUS
10
-0.4929221259842519
20
2.2908793307086612
11
-0.4932986220472441
21
2.2914785039370078
0
LINE
8
BLACK
6
CONTINUOUS
10
-0.4932986220472441
20
2.2914785039370078
11
-0.4956571653543307
21
2.2982188188976376
0
LINE
8
BLACK
6
CONTINUOUS
10
-0.4956571653543307
20
2.2982188188976376
11
-0.4964566929133858
21
2.305314960629921
0
LINE
8
BLACK
6
CONTINUOUS
10
-0.4964566929133858
20
2.305314960629921
11
-0.4956571653543307
21
2.3124111023622045
0
LINE
8
BLACK
6
CONTINUOUS
10
-0.4956571653543307
20
2.3124111023622045
11
-0.4932986220472441
21
2.3191514173228347
0
LINE
8
BLACK
6
CONTINUOUS
10
-0.4932986220472441
20
2.3191514173228347
11
-0.4929221259842519
21
2.3197506692913383
0
LINE
8
BLACK
6
CONTINUOUS
10
-0.4929221259842519
20
2.3197506692913383
11
-0.4987979527559055
21
2.3256264960629922
0
LINE
8
BLACK
6
CONTINUOUS
10
-0.4987979527559055
20
2.3256264960629922
11
-0.5014814960629921
21
2.3206058661417321
0
LINE
8
BLACK
6
CONTINUOUS
10
-0.4030562992125984
20
2.3206058661417321
11
-0.4030563779527559
21
2.3206056692913384
0
LINE
8
BLACK
6
CONTINUOUS
10
-0.4030563779527559
20
2.3206056692913384
11
-0.4053301968503937
21
2.31311
0
LINE
8
BLACK
6
CONTINUOUS
10
-0.4053301968503937
20
2.31311
11
-0.4055983858267717
21
2.3103866929133856
0
LINE
8
BLACK
6
CONTINUOUS
10
-0.4055983858267717
20
2.3103866929133856
11
-0.4067087401574803
21
2.3067264173228348
0
LINE
8
BLACK
6
CONTINUOUS
10
-0.4067087401574803
20
2.3067264173228348
11
-0.407751811023622
21
2.3054554724409448
0
LINE
8
BLACK
6
CONTINUOUS
10
-0.407751811023622
20
2.3054554724409448
11
-0.4059733070866142
21
2.3021280708661416
0
LINE
8
BLACK
6
CONTINUOUS
10
-0.4059733070866142
20
2.3021280708661416
11
-0.4055983858267717
21
2.3002432283464564
0
LINE
8
BLACK
6
CONTINUOUS
10
-0.4055983858267717
20
2.3002432283464564
11
-0.4053301968503937
21
2.2975199212598425
0
LINE
8
BLACK
6
CONTINUOUS
10
-0.4053301968503937
20
2.2975199212598425
11
-0.4030564960629921
21
2.2900246062992125
0
LINE
8
BLACK
6
CONTINUOUS
10
-0.4030564960629921
20
2.2900246062992125
11
-0.4030564566929134
21
2.2900244881889762
0
LINE
8
BLACK
6
CONTINUOUS
10
-0.4030564566929134
20
2.2900244881889762
11
-0.400372716535433
21
2.2850035039370078
0
LINE
8
BLACK
6
CONTINUOUS
10
-0.400372716535433
20
2.2850035039370078
11
-0.3944969291338583
21
2.2908793307086612
0
LINE
8
BLACK
6
CONTINUOUS
10
-0.3944969291338583
20
2.2908793307086612
11
-0.3948734251968504
21
2.2914785039370078
0
LINE
8
BLACK
6
CONTINUOUS
10
-0.3948734251968504
20
2.2914785039370078
11
-0.397231968503937
21
2.2982188188976376
0
LINE
8
BLACK
6
CONTINUOUS
10
-0.397231968503937
20
2.2982188188976376
11
-0.3980314960629921
21
2.305314960629921
0
LINE
8
BLACK
6
CONTINUOUS
10
-0.3980314960629921
20
2.305314960629921
11
-0.397231968503937
21
2.3124111023622045
0
LINE
8
BLACK
6
CONTINUOUS
10
-0.397231968503937
20
2.3124111023622045
11
-0.3948734251968504
21
2.3191514173228347
0
LINE
8
BLACK
6
CONTINUOUS
10
-0.3948734251968504
20
2.3191514173228347
11
-0.3944969291338583
21
2.3197506692913383
0
LINE
8
BLACK
6
CONTINUOUS
10
-0.3944969291338583
20
2.3197506692913383
11
-0.4003727559055118
21
2.3256264960629922
0
LINE
8
BLACK
6
CONTINUOUS
10
-0.4003727559055118
20
2.3256264960629922
11
-0.4030562992125984
21
2.3206058661417321
0
LINE
8
BLACK
6
CONTINUOUS
10
-0.3046311023622047
20
2.3206058661417321
11
-0.3046311811023622
21
2.3206056692913384
0
LINE
8
BLACK
6
CONTINUOUS
10
-0.3046311811023622
20
2.3206056692913384
11
-0.306905
21
2.31311
0
LINE
8
BLACK
6
CONTINUOUS
10
-0.306905
20
2.31311
11
-0.307173188976378
21
2.3103866929133856
0
LINE
8
BLACK
6
CONTINUOUS
10
-0.307173188976378
20
2.3103866929133856
11
-0.3082835433070866
21
2.3067264173228348
0
LINE
8
BLACK
6
CONTINUOUS
10
-0.3082835433070866
20
2.3067264173228348
11
-0.3093266141732283
21
2.3054554724409448
0
LINE
8
BLACK
6
CONTINUOUS
10
-0.3093266141732283
20
2.3054554724409448
11
-0.3075481102362205
21
2.3021280708661416
0
LINE
8
BLACK
6
CONTINUOUS
10
-0.3075481102362205
20
2.3021280708661416
11
-0.307173188976378
21
2.3002432283464564
0
LINE
8
BLACK
6
CONTINUOUS
10
-0.307173188976378
20
2.3002432283464564
11
-0.306905
21
2.2975199212598425
0
LINE
8
BLACK
6
CONTINUOUS
10
-0.306905
20
2.2975199212598425
11
-0.3046312992125984
21
2.2900246062992125
0
LINE
8
BLACK
6
CONTINUOUS
10
-0.3046312992125984
20
2.2900246062992125
11
-0.3046312598425197
21
2.2900244881889762
0
LINE
8
BLACK
6
CONTINUOUS
10
-0.3046312598425197
20
2.2900244881889762
11
-0.3019475196850394
21
2.2850035039370078
0
LINE
8
BLACK
6
CONTINUOUS
10
-0.3019475196850394
20
2.2850035039370078
11
-0.2960717322834646
21
2.2908793307086612
0
LINE
8
BLACK
6
CONTINUOUS
10
-0.2960717322834646
20
2.2908793307086612
11
-0.2964482283464567
21
2.2914785039370078
0
LINE
8
BLACK
6
CONTINUOUS
10
-0.2964482283464567
20
2.2914785039370078
11
-0.2988067716535433
21
2.2982188188976376
0
LINE
8
BLACK
6
CONTINUOUS
10
-0.2988067716535433
20
2.2982188188976376
11
-0.2996062992125984
21
2.305314960629921
0
LINE
8
BLACK
6
CONTINUOUS
10
-0.2996062992125984
20
2.305314960629921
11
-0.2988067716535433
21
2.3124111023622045
0
LINE
8
BLACK
6
CONTINUOUS
10
-0.2988067716535433
20
2.3124111023622045
11
-0.2964482283464567
21
2.3191514173228347
0
LINE
8
BLACK
6
CONTINUOUS
10
-0.2964482283464567
20
2.3191514173228347
11
-0.2960717322834646
21
2.3197506692913383
0
LINE
8
BLACK
6
CONTINUOUS
10
-0.2960717322834646
20
2.3197506692913383
11
-0.3019475590551181
21
2.3256264960629922
0
LINE
8
BLACK
6
CONTINUOUS
10
-0.3019475590551181
20
2.3256264960629922
11
-0.3046311023622047
21
2.3206058661417321
0
LINE
8
BLACK
6
CONTINUOUS
10
-0.206205905511811
20
2.3206058661417321
11
-0.2062059842519685
21
2.3206056692913384
0
LINE
8
BLACK
6
CONTINUOUS
10
-0.2062059842519685
20
2.3206056692913384
11
-0.2084798031496063
21
2.31311
0
LINE
8
BLACK
6
CONTINUOUS
10
-0.2084798031496063
20
2.31311
11
-0.2087479921259842
21
2.3103866929133856
0
LINE
8
BLACK
6
CONTINUOUS
10
-0.2087479921259842
20
2.3103866929133856
11
-0.2098583464566929
21
2.3067264173228348
0
LINE
8
BLACK
6
CONTINUOUS
10
-0.2098583464566929
20
2.3067264173228348
11
-0.2109014173228346
21
2.3054554724409448
0
LINE
8
BLACK
6
CONTINUOUS
10
-0.2109014173228346
20
2.3054554724409448
11
-0.2091229133858268
21
2.3021280708661416
0
LINE
8
BLACK
6
CONTINUOUS
10
-0.2091229133858268
20
2.3021280708661416
11
-0.2087479921259842
21
2.3002432283464564
0
LINE
8
BLACK
6
CONTINUOUS
10
-0.2087479921259842
20
2.3002432283464564
11
-0.2084798031496063
21
2.2975199212598425
0
LINE
8
BLACK
6
CONTINUOUS
10
-0.2084798031496063
20
2.2975199212598425
11
-0.2062061023622047
21
2.2900246062992125
0
LINE
8
BLACK
6
CONTINUOUS
10
-0.2062061023622047
20
2.2900246062992125
11
-0.206206062992126
21
2.2900244881889762
0
LINE
8
BLACK
6
CONTINUOUS
10
-0.206206062992126
20
2.2900244881889762
11
-0.2035223228346457
21
2.2850035039370078
0
LINE
8
BLACK
6
CONTINUOUS
10
-0.2035223228346457
20
2.2850035039370078
11
-0.1976465354330709
21
2.2908793307086612
0
LINE
8
BLACK
6
CONTINUOUS
10
-0.1976465354330709
20
2.2908793307086612
11
-0.198023031496063
21
2.2914785039370078
0
LINE
8
BLACK
6
CONTINUOUS
10
-0.198023031496063
20
2.2914785039370078
11
-0.2003815748031496
21
2.2982188188976376
0
LINE
8
BLACK
6
CONTINUOUS
10
-0.2003815748031496
20
2.2982188188976376
11
-0.2011811023622047
21
2.305314960629921
0
LINE
8
BLACK
6
CONTINUOUS
10
-0.2011811023622047
20
2.305314960629921
11
-0.2003815748031496
21
2.3124111023622045
0
LINE
8
BLACK
6
CONTINUOUS
10
-0.2003815748031496
20
2.3124111023622045
11
-0.198023031496063
21
2.3191514173228347
0
LINE
8
BLACK
6
CONTINUOUS
10
-0.198023031496063
20
2.3191514173228347
11
-0.1976465354330709
21
2.3197506692913383
0
LINE
8
BLACK
6
CONTINUOUS
10
-0.1976465354330709
20
2.3197506692913383
11
-0.2035223622047244
21
2.3256264960629922
0
LINE
8
BLACK
6
CONTINUOUS
10
-0.2035223622047244
20
2.3256264960629922
11
-0.206205905511811
21
2.3206058661417321
0
LINE
8
BLACK
6
CONTINUOUS
10
-0.5707871653543307
20
2.3445034251968502
11
-0.5782828346456693
21
2.3422296062992127
0
LINE
8
BLACK
6
CONTINUOUS
10
-0.5782828346456693
20
2.3422296062992127
11
-0.578283031496063
21
2.3422295275590552
0
LINE
8
BLACK
6
CONTINUOUS
10
-0.578283031496063
20
2.3422295275590552
11
-0.5833036614173228
21
2.3395459842519686
0
LINE
8
BLACK
6
CONTINUOUS
10
-0.5833036614173228
20
2.3395459842519686
11
-0.5774278346456693
21
2.3336701574803147
0
LINE
8
BLACK
6
CONTINUOUS
10
-0.5774278346456693
20
2.3336701574803147
11
-0.5768285826771653
21
2.3340466535433069
0
LINE
8
BLACK
6
CONTINUOUS
10
-0.5768285826771653
20
2.3340466535433069
11
-0.5700882677165354
21
2.3364051968503938
0
LINE
8
BLACK
6
CONTINUOUS
10
-0.5700882677165354
20
2.3364051968503938
11
-0.562992125984252
21
2.3372047244094487
0
LINE
8
BLACK
6
CONTINUOUS
10
-0.562992125984252
20
2.3372047244094487
11
-0.5558959842519685
21
2.3364051968503938
0
LINE
8
BLACK
6
CONTINUOUS
10
-0.5558959842519685
20
2.3364051968503938
11
-0.5491556692913385
21
2.3340466535433069
0
LINE
8
BLACK
6
CONTINUOUS
10
-0.5491556692913385
20
2.3340466535433069
11
-0.5485564960629921
21
2.3336701574803147
0
LINE
8
BLACK
6
CONTINUOUS
10
-0.5485564960629921
20
2.3336701574803147
11
-0.5426806692913386
21
2.3395459448818898
0
LINE
8
BLACK
6
CONTINUOUS
10
-0.5426806692913386
20
2.3395459448818898
11
-0.547701653543307
21
2.3422296850393702
0
LINE
8
BLACK
6
CONTINUOUS
10
-0.547701653543307
20
2.3422296850393702
11
-0.5477017716535433
21
2.342229724409449
0
LINE
8
BLACK
6
CONTINUOUS
10
-0.5477017716535433
20
2.342229724409449
11
-0.5551970472440945
21
2.3445033858267714
0
LINE
8
BLACK
6
CONTINUOUS
10
-0.5551970472440945
20
2.3445033858267714
11
-0.562992125984252
21
2.3452711417322836
0
LINE
8
BLACK
6
CONTINUOUS
10
-0.562992125984252
20
2.3452711417322836
11
-0.5707871653543307
21
2.3445034251968502
0
LINE
8
BLACK
6
CONTINUOUS
10
-0.472361968503937
20
2.3445034251968502
11
-0.4798576377952756
21
2.3422296062992127
0
LINE
8
BLACK
6
CONTINUOUS
10
-0.4798576377952756
20
2.3422296062992127
11
-0.4798578346456693
21
2.3422295275590552
0
LINE
8
BLACK
6
CONTINUOUS
10
-0.4798578346456693
20
2.3422295275590552
11
-0.4848784645669291
21
2.3395459842519686
0
LINE
8
BLACK
6
CONTINUOUS
10
-0.4848784645669291
20
2.3395459842519686
11
-0.4790026377952756
21
2.3336701574803147
0
LINE
8
BLACK
6
CONTINUOUS
10
-0.4790026377952756
20
2.3336701574803147
11
-0.4784033858267717
21
2.3340466535433069
0
LINE
8
BLACK
6
CONTINUOUS
10
-0.4784033858267717
20
2.3340466535433069
11
-0.4716630708661417
21
2.3364051968503938
0
LINE
8
BLACK
6
CONTINUOUS
10
-0.4716630708661417
20
2.3364051968503938
11
-0.4645669291338583
21
2.3372047244094487
0
LINE
8
BLACK
6
CONTINUOUS
10
-0.4645669291338583
20
2.3372047244094487
11
-0.4574707874015748
21
2.3364051968503938
0
LINE
8
BLACK
6
CONTINUOUS
10
-0.4574707874015748
20
2.3364051968503938
11
-0.4507304724409449
21
2.3340466535433069
0
LINE
8
BLACK
6
CONTINUOUS
10
-0.4507304724409449
20
2.3340466535433069
11
-0.4501312992125984
21
2.3336701574803147
0
LINE
8
BLACK
6
CONTINUOUS
10
-0.4501312992125984
20
2.3336701574803147
11
-0.4442554724409449
21
2.3395459448818898
0
LINE
8
BLACK
6
CONTINUOUS
10
-0.4442554724409449
20
2.3395459448818898
11
-0.4492764566929134
21
2.3422296850393702
0
LINE
8
BLACK
6
CONTINUOUS
10
-0.4492764566929134
20
2.3422296850393702
11
-0.4492765748031496
21
2.342229724409449
0
LINE
8
BLACK
6
CONTINUOUS
10
-0.4492765748031496
20
2.342229724409449
11
-0.4567718503937008
21
2.3445033858267714
0
LINE
8
BLACK
6
CONTINUOUS
10
-0.4567718503937008
20
2.3445033858267714
11
-0.4645669291338583
21
2.3452711417322836
0
LINE
8
BLACK
6
CONTINUOUS
10
-0.4645669291338583
20
2.3452711417322836
11
-0.472361968503937
21
2.3445034251968502
0
LINE
8
BLACK
6
CONTINUOUS
10
-0.3739367716535433
20
2.3445034251968502
11
-0.3814324409448819
21
2.3422296062992127
0
LINE
8
BLACK
6
CONTINUOUS
10
-0.3814324409448819
20
2.3422296062992127
11
-0.3814326377952756
21
2.3422295275590552
0
LINE
8
BLACK
6
CONTINUOUS
10
-0.3814326377952756
20
2.3422295275590552
11
-0.3864532677165354
21
2.3395459842519686
0
LINE
8
BLACK
6
CONTINUOUS
10
-0.3864532677165354
20
2.3395459842519686
11
-0.3805774409448819
21
2.3336701574803147
0
LINE
8
BLACK
6
CONTINUOUS
10
-0.3805774409448819
20
2.3336701574803147
11
-0.3799781889763779
21
2.3340466535433069
0
LINE
8
BLACK
6
CONTINUOUS
10
-0.3799781889763779
20
2.3340466535433069
11
-0.373237874015748
21
2.3364051968503938
0
LINE
8
BLACK
6
CONTINUOUS
10
-0.373237874015748
20
2.3364051968503938
11
-0.3661417322834646
21
2.3372047244094487
0
LINE
8
BLACK
6
CONTINUOUS
10
-0.3661417322834646
20
2.3372047244094487
11
-0.3590455905511811
21
2.3364051968503938
0
LINE
8
BLACK
6
CONTINUOUS
10
-0.3590455905511811
20
2.3364051968503938
11
-0.3523052755905512
21
2.3340466535433069
0
LINE
8
BLACK
6
CONTINUOUS
10
-0.3523052755905512
20
2.3340466535433069
11
-0.3517061023622047
21
2.3336701574803147
0
LINE
8
BLACK
6
CONTINUOUS
10
-0.3517061023622047
20
2.3336701574803147
11
-0.3458302755905512
21
2.3395459448818898
0
LINE
8
BLACK
6
CONTINUOUS
10
-0.3458302755905512
20
2.3395459448818898
11
-0.3508512598425197
21
2.3422296850393702
0
LINE
8
BLACK
6
CONTINUOUS
10
-0.3508512598425197
20
2.3422296850393702
11
-0.3508513779527559
21
2.342229724409449
0
LINE
8
BLACK
6
CONTINUOUS
10
-0.3508513779527559
20
2.342229724409449
11
-0.3583466535433071
21
2.3445033858267714
0
LINE
8
BLACK
6
CONTINUOUS
10
-0.3583466535433071
20
2.3445033858267714
11
-0.3661417322834646
21
2.3452711417322836
0
LINE
8
BLACK
6
CONTINUOUS
10
-0.3661417322834646
20
2.3452711417322836
11
-0.3739367716535433
21
2.3445034251968502
0
LINE
8
BLACK
6
CONTINUOUS
10
-0.2755115748031496
20
2.3445034251968502
11
-0.2830072440944882
21
2.3422296062992127
0
LINE
8
BLACK
6
CONTINUOUS
10
-0.2830072440944882
20
2.3422296062992127
11
-0.2830074409448819
21
2.3422295275590552
0
LINE
8
BLACK
6
CONTINUOUS
10
-0.2830074409448819
20
2.3422295275590552
11
-0.2880280708661417
21
2.3395459842519686
0
LINE
8
BLACK
6
CONTINUOUS
10
-0.2880280708661417
20
2.3395459842519686
11
-0.2821522440944882
21
2.3336701574803147
0
LINE
8
BLACK
6
CONTINUOUS
10
-0.2821522440944882
20
2.3336701574803147
11
-0.2815529921259842
21
2.3340466535433069
0
LINE
8
BLACK
6
CONTINUOUS
10
-0.2815529921259842
20
2.3340466535433069
11
-0.2748126771653543
21
2.3364051968503938
0
LINE
8
BLACK
6
CONTINUOUS
10
-0.2748126771653543
20
2.3364051968503938
11
-0.2677165354330708
21
2.3372047244094487
0
LINE
8
BLACK
6
CONTINUOUS
10
-0.2677165354330708
20
2.3372047244094487
11
-0.2606203937007874
21
2.3364051968503938
0
LINE
8
BLACK
6
CONTINUOUS
10
-0.2606203937007874
20
2.3364051968503938
11
-0.2538800787401575
21
2.3340466535433069
0
LINE
8
BLACK
6
CONTINUOUS
10
-0.2538800787401575
20
2.3340466535433069
11
-0.253280905511811
21
2.3336701574803147
0
LINE
8
BLACK
6
CONTINUOUS
10
-0.253280905511811
20
2.3336701574803147
11
-0.2474050787401575
21
2.3395459448818898
0
LINE
8
BLACK
6
CONTINUOUS
10
-0.2474050787401575
20
2.3395459448818898
11
-0.252426062992126
21
2.3422296850393702
0
LINE
8
BLACK
6
CONTINUOUS
10
-0.252426062992126
20
2.3422296850393702
11
-0.2524261811023622
21
2.342229724409449
0
LINE
8
BLACK
6
CONTINUOUS
10
-0.2524261811023622
20
2.342229724409449
11
-0.2599214566929134
21
2.3445033858267714
0
LINE
8
BLACK
6
CONTINUOUS
10
-0.2599214566929134
20
2.3445033858267714
11
-0.2677165354330708
21
2.3452711417322836
0
LINE
8
BLACK
6
CONTINUOUS
10
-0.2677165354330708
20
2.3452711417322836
11
-0.2755115748031496
21
2.3445034251968502
0
LINE
8
BLACK
6
CONTINUOUS
10
-0.1770863779527559
20
2.3445034251968502
11
-0.1845820472440945
21
2.3422296062992127
0
LINE
8
BLACK
6
CONTINUOUS
10
-0.1845820472440945
20
2.3422296062992127
11
-0.1845822440944882
21
2.3422295275590552
0
LINE
8
BLACK
6
CONTINUOUS
10
-0.1845822440944882
20
2.3422295275590552
11
-0.189602874015748
21
2.3395459842519686
0
LINE
8
BLACK
6
CONTINUOUS
10
-0.189602874015748
20
2.3395459842519686
11
-0.1837270472440945
21
2.3336701574803147
0
LINE
8
BLACK
6
CONTINUOUS
10
-0.1837270472440945
20
2.3336701574803147
11
-0.1831277952755906
21
2.3340466535433069
0
LINE
8
BLACK
6
CONTINUOUS
10
-0.1831277952755906
20
2.3340466535433069
11
-0.1763874803149606
21
2.3364051968503938
0
LINE
8
BLACK
6
CONTINUOUS
10
-0.1763874803149606
20
2.3364051968503938
11
-0.1692913385826772
21
2.3372047244094487
0
LINE
8
BLACK
6
CONTINUOUS
10
-0.1692913385826772
20
2.3372047244094487
11
-0.1621951968503937
21
2.3364051968503938
0
LINE
8
BLACK
6
CONTINUOUS
10
-0.1621951968503937
20
2.3364051968503938
11
-0.1554548818897638
21
2.3340466535433069
0
LINE
8
BLACK
6
CONTINUOUS
10
-0.1554548818897638
20
2.3340466535433069
11
-0.1548557086614173
21
2.3336701574803147
0
LINE
8
BLACK
6
CONTINUOUS
10
-0.1548557086614173
20
2.3336701574803147
11
-0.1489798818897638
21
2.3395459448818898
0
LINE
8
BLACK
6
CONTINUOUS
10
-0.1489798818897638
20
2.3395459448818898
11
-0.1540008661417323
21
2.3422296850393702
0
LINE
8
BLACK
6
CONTINUOUS
10
-0.1540008661417323
20
2.3422296850393702
11
-0.1540009842519685
21
2.342229724409449
0
LINE
8
BLACK
6
CONTINUOUS
10
-0.1540009842519685
20
2.342229724409449
11
-0.1614962598425197
21
2.3445033858267714
0
LINE
8
BLACK
6
CONTINUOUS
10
-0.1614962598425197
20
2.3445033858267714
11
-0.1692913385826772
21
2.3452711417322836
0
LINE
8
BLACK
6
CONTINUOUS
10
-0.1692913385826772
20
2.3452711417322836
11
-0.1770863779527559
21
2.3445034251968502
0
LINE
8
BLACK
6
CONTINUOUS
10
-0.5491556692913385
20
2.3946935039370079
11
-0.5558959842519685
21
2.3923349606299213
0
LINE
8
BLACK
6
CONTINUOUS
10
-0.5558959842519685
20
2.3923349606299213
11
-0.562992125984252
21
2.391535433070866
0
LINE
8
BLACK
6
CONTINUOUS
10
-0.562992125984252
20
2.391535433070866
11
-0.5700882677165354
21
2.3923349606299213
0
LINE
8
BLACK
6
CONTINUOUS
10
-0.5700882677165354
20
2.3923349606299213
11
-0.5768285826771653
21
2.3946935039370079
0
LINE
8
BLACK
6
CONTINUOUS
10
-0.5768285826771653
20
2.3946935039370079
11
-0.5774279133858268
21
2.3950700787401575
0
LINE
8
BLACK
6
CONTINUOUS
10
-0.5774279133858268
20
2.3950700787401575
11
-0.5833037007874016
21
2.3891942913385824
0
LINE
8
BLACK
6
CONTINUOUS
10
-0.5833037007874016
20
2.3891942913385824
11
-0.5782826377952756
21
2.3865105118110237
0
LINE
8
BLACK
6
CONTINUOUS
10
-0.5782826377952756
20
2.3865105118110237
11
-0.5707872440944882
21
2.3842368110236221
0
LINE
8
BLACK
6
CONTINUOUS
10
-0.5707872440944882
20
2.3842368110236221
11
-0.562992125984252
21
2.3834690551181104
0
LINE
8
BLACK
6
CONTINUOUS
10
-0.562992125984252
20
2.3834690551181104
11
-0.5551970472440945
21
2.3842368110236221
0
LINE
8
BLACK
6
CONTINUOUS
10
-0.5551970472440945
20
2.3842368110236221
11
-0.547701653543307
21
2.3865105118110237
0
LINE
8
BLACK
6
CONTINUOUS
10
-0.547701653543307
20
2.3865105118110237
11
-0.5426806299212599
21
2.3891942913385824
0
LINE
8
BLACK
6
CONTINUOUS
10
-0.5426806299212599
20
2.3891942913385824
11
-0.5485564173228347
21
2.3950700787401575
0
LINE
8
BLACK
6
CONTINUOUS
10
-0.5485564173228347
20
2.3950700787401575
11
-0.5491556692913385
21
2.3946935039370079
0
LINE
8
BLACK
6
CONTINUOUS
10
-0.4507304724409449
20
2.3946935039370079
11
-0.4574707874015748
21
2.3923349606299213
0
LINE
8
BLACK
6
CONTINUOUS
10
-0.4574707874015748
20
2.3923349606299213
11
-0.4645669291338583
21
2.391535433070866
0
LINE
8
BLACK
6
CONTINUOUS
10
-0.4645669291338583
20
2.391535433070866
11
-0.4716630708661417
21
2.3923349606299213
0
LINE
8
BLACK
6
CONTINUOUS
10
-0.4716630708661417
20
2.3923349606299213
11
-0.4784033858267717
21
2.3946935039370079
0
LINE
8
BLACK
6
CONTINUOUS
10
-0.4784033858267717
20
2.3946935039370079
11
-0.4790027165354331
21
2.3950700787401575
0
LINE
8
BLACK
6
CONTINUOUS
10
-0.4790027165354331
20
2.3950700787401575
11
-0.4848785039370079
21
2.3891942913385824
0
LINE
8
BLACK
6
CONTINUOUS
10
-0.4848785039370079
20
2.3891942913385824
11
-0.4798574409448819
21
2.3865105118110237
0
LINE
8
BLACK
6
CONTINUOUS
10
-0.4798574409448819
20
2.3865105118110237
11
-0.4723620472440945
21
2.3842368110236221
0
LINE
8
BLACK
6
CONTINUOUS
10
-0.4723620472440945
20
2.3842368110236221
11
-0.4645669291338583
21
2.3834690551181104
0
LINE
8
BLACK
6
CONTINUOUS
10
-0.4645669291338583
20
2.3834690551181104
11
-0.4567718503937008
21
2.3842368110236221
0
LINE
8
BLACK
6
CONTINUOUS
10
-0.4567718503937008
20
2.3842368110236221
11
-0.4492764566929134
21
2.3865105118110237
0
LINE
8
BLACK
6
CONTINUOUS
10
-0.4492764566929134
20
2.3865105118110237
11
-0.4442554330708661
21
2.3891942913385824
0
LINE
8
BLACK
6
CONTINUOUS
10
-0.4442554330708661
20
2.3891942913385824
11
-0.4501312204724409
21
2.3950700787401575
0
LINE
8
BLACK
6
CONTINUOUS
10
-0.4501312204724409
20
2.3950700787401575
11
-0.4507304724409449
21
2.3946935039370079
0
LINE
8
BLACK
6
CONTINUOUS
10
-0.3523052755905512
20
2.3946935039370079
11
-0.3590455905511811
21
2.3923349606299213
0
LINE
8
BLACK
6
CONTINUOUS
10
-0.3590455905511811
20
2.3923349606299213
11
-0.3661417322834646
21
2.391535433070866
0
LINE
8
BLACK
6
CONTINUOUS
10
-0.3661417322834646
20
2.391535433070866
11
-0.373237874015748
21
2.3923349606299213
0
LINE
8
BLACK
6
CONTINUOUS
10
-0.373237874015748
20
2.3923349606299213
11
-0.3799781889763779
21
2.3946935039370079
0
LINE
8
BLACK
6
CONTINUOUS
10
-0.3799781889763779
20
2.3946935039370079
11
-0.3805775196850393
21
2.3950700787401575
0
LINE
8
BLACK
6
CONTINUOUS
10
-0.3805775196850393
20
2.3950700787401575
11
-0.3864533070866142
21
2.3891942913385824
0
LINE
8
BLACK
6
CONTINUOUS
10
-0.3864533070866142
20
2.3891942913385824
11
-0.3814322440944882
21
2.3865105118110237
0
LINE
8
BLACK
6
CONTINUOUS
10
-0.3814322440944882
20
2.3865105118110237
11
-0.3739368503937008
21
2.3842368110236221
0
LINE
8
BLACK
6
CONTINUOUS
10
-0.3739368503937008
20
2.3842368110236221
11
-0.3661417322834646
21
2.3834690551181104
0
LINE
8
BLACK
6
CONTINUOUS
10
-0.3661417322834646
20
2.3834690551181104
11
-0.3583466535433071
21
2.3842368110236221
0
LINE
8
BLACK
6
CONTINUOUS
10
-0.3583466535433071
20
2.3842368110236221
11
-0.3508512598425197
21
2.3865105118110237
0
LINE
8
BLACK
6
CONTINUOUS
10
-0.3508512598425197
20
2.3865105118110237
11
-0.3458302362204724
21
2.3891942913385824
0
LINE
8
BLACK
6
CONTINUOUS
10
-0.3458302362204724
20
2.3891942913385824
11
-0.3517060236220472
21
2.3950700787401575
0
LINE
8
BLACK
6
CONTINUOUS
10
-0.3517060236220472
20
2.3950700787401575
11
-0.3523052755905512
21
2.3946935039370079
0
LINE
8
BLACK
6
CONTINUOUS
10
-0.2538800787401575
20
2.3946935039370079
11
-0.2606203937007874
21
2.3923349606299213
0
LINE
8
BLACK
6
CONTINUOUS
10
-0.2606203937007874
20
2.3923349606299213
11
-0.2677165354330708
21
2.391535433070866
0
LINE
8
BLACK
6
CONTINUOUS
10
-0.2677165354330708
20
2.391535433070866
11
-0.2748126771653543
21
2.3923349606299213
0
LINE
8
BLACK
6
CONTINUOUS
10
-0.2748126771653543
20
2.3923349606299213
11
-0.2815529921259842
21
2.3946935039370079
0
LINE
8
BLACK
6
CONTINUOUS
10
-0.2815529921259842
20
2.3946935039370079
11
-0.2821523228346456
21
2.3950700787401575
0
LINE
8
BLACK
6
CONTINUOUS
10
-0.2821523228346456
20
2.3950700787401575
11
-0.2880281102362205
21
2.3891942913385824
0
LINE
8
BLACK
6
CONTINUOUS
10
-0.2880281102362205
20
2.3891942913385824
11
-0.2830070472440945
21
2.3865105118110237
0
LINE
8
BLACK
6
CONTINUOUS
10
-0.2830070472440945
20
2.3865105118110237
11
-0.2755116535433071
21
2.3842368110236221
0
LINE
8
BLACK
6
CONTINUOUS
10
-0.2755116535433071
20
2.3842368110236221
11
-0.2677165354330708
21
2.3834690551181104
0
LINE
8
BLACK
6
CONTINUOUS
10
-0.2677165354330708
20
2.3834690551181104
11
-0.2599214566929134
21
2.3842368110236221
0
LINE
8
BLACK
6
CONTINUOUS
10
-0.2599214566929134
20
2.3842368110236221
11
-0.252426062992126
21
2.3865105118110237
0
LINE
8
BLACK
6
CONTINUOUS
10
-0.252426062992126
20
2.3865105118110237
11
-0.2474050393700787
21
2.3891942913385824
0
LINE
8
BLACK
6
CONTINUOUS
10
-0.2474050393700787
20
2.3891942913385824
11
-0.2532808267716535
21
2.3950700787401575
0
LINE
8
BLACK
6
CONTINUOUS
10
-0.2532808267716535
20
2.3950700787401575
11
-0.2538800787401575
21
2.3946935039370079
0
LINE
8
BLACK
6
CONTINUOUS
10
-0.1554548818897638
20
2.3946935039370079
11
-0.1621951968503937
21
2.3923349606299213
0
LINE
8
BLACK
6
CONTINUOUS
10
-0.1621951968503937
20
2.3923349606299213
11
-0.1692913385826772
21
2.391535433070866
0
LINE
8
BLACK
6
CONTINUOUS
10
-0.1692913385826772
20
2.391535433070866
11
-0.1763874803149606
21
2.3923349606299213
0
LINE
8
BLACK
6
CONTINUOUS
10
-0.1763874803149606
20
2.3923349606299213
11
-0.1831277952755906
21
2.3946935039370079
0
LINE
8
BLACK
6
CONTINUOUS
10
-0.1831277952755906
20
2.3946935039370079
11
-0.183727125984252
21
2.3950700787401575
0
LINE
8
BLACK
6
CONTINUOUS
10
-0.183727125984252
20
2.3950700787401575
11
-0.1896029133858268
21
2.3891942913385824
0
LINE
8
BLACK
6
CONTINUOUS
10
-0.1896029133858268
20
2.3891942913385824
11
-0.1845818503937008
21
2.3865105118110237
0
LINE
8
BLACK
6
CONTINUOUS
10
-0.1845818503937008
20
2.3865105118110237
11
-0.1770864566929134
21
2.3842368110236221
0
LINE
8
BLACK
6
CONTINUOUS
10
-0.1770864566929134
20
2.3842368110236221
11
-0.1692913385826772
21
2.3834690551181104
0
LINE
8
BLACK
6
CONTINUOUS
10
-0.1692913385826772
20
2.3834690551181104
11
-0.1614962598425197
21
2.3842368110236221
0
LINE
8
BLACK
6
CONTINUOUS
10
-0.1614962598425197
20
2.3842368110236221
11
-0.1540008661417323
21
2.3865105118110237
0
LINE
8
BLACK
6
CONTINUOUS
10
-0.1540008661417323
20
2.3865105118110237
11
-0.148979842519685
21
2.3891942913385824
0
LINE
8
BLACK
6
CONTINUOUS
10
-0.148979842519685
20
2.3891942913385824
11
-0.1548556299212598
21
2.3950700787401575
0
LINE
8
BLACK
6
CONTINUOUS
10
-0.1548556299212598
20
2.3950700787401575
11
-0.1554548818897638
21
2.3946935039370079
0
LINE
8
BLACK
6
CONTINUOUS
10
-0.5346370078740157
20
2.4378609842519685
11
-0.5342604330708661
21
2.4372616535433069
0
LINE
8
BLACK
6
CONTINUOUS
10
-0.5342604330708661
20
2.4372616535433069
11
-0.5319018897637795
21
2.4305213385826772
0
LINE
8
BLACK
6
CONTINUOUS
10
-0.5319018897637795
20
2.4305213385826772
11
-0.5311023622047244
21
2.4234251968503937
0
LINE
8
BLACK
6
CONTINUOUS
10
-0.5311023622047244
20
2.4234251968503937
11
-0.5319018897637795
21
2.4163290551181102
0
LINE
8
BLACK
6
CONTINUOUS
10
-0.5319018897637795
20
2.4163290551181102
11
-0.5342604330708661
21
2.4095887401574805
0
LINE
8
BLACK
6
CONTINUOUS
10
-0.5342604330708661
20
2.4095887401574805
11
-0.5346370078740157
21
2.4089894881889764
0
LINE
8
BLACK
6
CONTINUOUS
10
-0.5346370078740157
20
2.4089894881889764
11
-0.5287612204724409
21
2.4031137007874017
0
LINE
8
BLACK
6
CONTINUOUS
10
-0.5287612204724409
20
2.4031137007874017
11
-0.5260774409448818
21
2.4081347244094489
0
LINE
8
BLACK
6
CONTINUOUS
10
-0.5260774409448818
20
2.4081347244094489
11
-0.5238037007874016
21
2.4156301574803147
0
LINE
8
BLACK
6
CONTINUOUS
10
-0.5238037007874016
20
2.4156301574803147
11
-0.5235354724409449
21
2.4183534645669291
0
LINE
8
BLACK
6
CONTINUOUS
10
-0.5235354724409449
20
2.4183534645669291
11
-0.5224251181102362
21
2.4220137795275591
0
LINE
8
BLACK
6
CONTINUOUS
10
-0.5224251181102362
20
2.4220137795275591
11
-0.5213820866141732
21
2.4232847637795274
0
LINE
8
BLACK
6
CONTINUOUS
10
-0.5213820866141732
20
2.4232847637795274
11
-0.5215322440944882
21
2.4235657086614171
0
LINE
8
BLACK
6
CONTINUOUS
10
-0.5215322440944882
20
2.4235657086614171
11
-0.5231605511811024
21
2.4266121259842519
0
LINE
8
BLACK
6
CONTINUOUS
10
-0.5231605511811024
20
2.4266121259842519
11
-0.5235354724409449
21
2.4284969291338583
0
LINE
8
BLACK
6
CONTINUOUS
10
-0.5235354724409449
20
2.4284969291338583
11
-0.5238037401574803
21
2.4312203149606297
0
LINE
8
BLACK
6
CONTINUOUS
10
-0.5238037401574803
20
2.4312203149606297
11
-0.5260774409448818
21
2.4387157086614173
0
LINE
8
BLACK
6
CONTINUOUS
10
-0.5260774409448818
20
2.4387157086614173
11
-0.5287612204724409
21
2.4437367716535432
0
LINE
8
BLACK
6
CONTINUOUS
10
-0.5287612204724409
20
2.4437367716535432
11
-0.5346370078740157
21
2.4378609842519685
0
LINE
8
BLACK
6
CONTINUOUS
10
-0.4362118110236221
20
2.4378609842519685
11
-0.4358352362204724
21
2.4372616535433069
0
LINE
8
BLACK
6
CONTINUOUS
10
-0.4358352362204724
20
2.4372616535433069
11
-0.4334766929133858
21
2.4305213385826772
0
LINE
8
BLACK
6
CONTINUOUS
10
-0.4334766929133858
20
2.4305213385826772
11
-0.4326771653543307
21
2.4234251968503937
0
LINE
8
BLACK
6
CONTINUOUS
10
-0.4326771653543307
20
2.4234251968503937
11
-0.4334766929133858
21
2.4163290551181102
0
LINE
8
BLACK
6
CONTINUOUS
10
-0.4334766929133858
20
2.4163290551181102
11
-0.4358352362204724
21
2.4095887401574805
0
LINE
8
BLACK
6
CONTINUOUS
10
-0.4358352362204724
20
2.4095887401574805
11
-0.4362118110236221
21
2.4089894881889764
0
LINE
8
BLACK
6
CONTINUOUS
10
-0.4362118110236221
20
2.4089894881889764
11
-0.4303360236220473
21
2.4031137007874017
0
LINE
8
BLACK
6
CONTINUOUS
10
-0.4303360236220473
20
2.4031137007874017
11
-0.4276522440944882
21
2.4081347244094489
0
LINE
8
BLACK
6
CONTINUOUS
10
-0.4276522440944882
20
2.4081347244094489
11
-0.4253785039370079
21
2.4156301574803147
0
LINE
8
BLACK
6
CONTINUOUS
10
-0.4253785039370079
20
2.4156301574803147
11
-0.4251102755905511
21
2.4183534645669291
0
LINE
8
BLACK
6
CONTINUOUS
10
-0.4251102755905511
20
2.4183534645669291
11
-0.4239999212598425
21
2.4220137795275591
0
LINE
8
BLACK
6
CONTINUOUS
10
-0.4239999212598425
20
2.4220137795275591
11
-0.4229568897637795
21
2.4232847637795274
0
LINE
8
BLACK
6
CONTINUOUS
10
-0.4229568897637795
20
2.4232847637795274
11
-0.4231070472440945
21
2.4235657086614171
0
LINE
8
BLACK
6
CONTINUOUS
10
-0.4231070472440945
20
2.4235657086614171
11
-0.4247353543307086
21
2.4266121259842519
0
LINE
8
BLACK
6
CONTINUOUS
10
-0.4247353543307086
20
2.4266121259842519
11
-0.4251102755905511
21
2.4284969291338583
0
LINE
8
BLACK
6
CONTINUOUS
10
-0.4251102755905511
20
2.4284969291338583
11
-0.4253785433070866
21
2.4312203149606297
0
LINE
8
BLACK
6
CONTINUOUS
10
-0.4253785433070866
20
2.4312203149606297
11
-0.4276522440944882
21
2.4387157086614173
0
LINE
8
BLACK
6
CONTINUOUS
10
-0.4276522440944882
20
2.4387157086614173
11
-0.4303360236220473
21
2.4437367716535432
0
LINE
8
BLACK
6
CONTINUOUS
10
-0.4303360236220473
20
2.4437367716535432
11
-0.4362118110236221
21
2.4378609842519685
0
LINE
8
BLACK
6
CONTINUOUS
10
-0.3377866141732284
20
2.4378609842519685
11
-0.3374100393700787
21
2.4372616535433069
0
LINE
8
BLACK
6
CONTINUOUS
10
-0.3374100393700787
20
2.4372616535433069
11
-0.3350514960629921
21
2.4305213385826772
0
LINE
8
BLACK
6
CONTINUOUS
10
-0.3350514960629921
20
2.4305213385826772
11
-0.334251968503937
21
2.4234251968503937
0
LINE
8
BLACK
6
CONTINUOUS
10
-0.334251968503937
20
2.4234251968503937
11
-0.3350514960629921
21
2.4163290551181102
0
LINE
8
BLACK
6
CONTINUOUS
10
-0.3350514960629921
20
2.4163290551181102
11
-0.3374100393700787
21
2.4095887401574805
0
LINE
8
BLACK
6
CONTINUOUS
10
-0.3374100393700787
20
2.4095887401574805
11
-0.3377866141732284
21
2.4089894881889764
0
LINE
8
BLACK
6
CONTINUOUS
10
-0.3377866141732284
20
2.4089894881889764
11
-0.3319108267716535
21
2.4031137007874017
0
LINE
8
BLACK
6
CONTINUOUS
10
-0.3319108267716535
20
2.4031137007874017
11
-0.3292270472440945
21
2.4081347244094489
0
LINE
8
BLACK
6
CONTINUOUS
10
-0.3292270472440945
20
2.4081347244094489
11
-0.3269533070866142
21
2.4156301574803147
0
LINE
8
BLACK
6
CONTINUOUS
10
-0.3269533070866142
20
2.4156301574803147
11
-0.3266850787401575
21
2.4183534645669291
0
LINE
8
BLACK
6
CONTINUOUS
10
-0.3266850787401575
20
2.4183534645669291
11
-0.3255747244094488
21
2.4220137795275591
0
LINE
8
BLACK
6
CONTINUOUS
10
-0.3255747244094488
20
2.4220137795275591
11
-0.3245316929133858
21
2.4232847637795274
0
LINE
8
BLACK
6
CONTINUOUS
10
-0.3245316929133858
20
2.4232847637795274
11
-0.3246818503937008
21
2.4235657086614171
0
LINE
8
BLACK
6
CONTINUOUS
10
-0.3246818503937008
20
2.4235657086614171
11
-0.3263101574803149
21
2.4266121259842519
0
LINE
8
BLACK
6
CONTINUOUS
10
-0.3263101574803149
20
2.4266121259842519
11
-0.3266850787401575
21
2.4284969291338583
0
LINE
8
BLACK
6
CONTINUOUS
10
-0.3266850787401575
20
2.4284969291338583
11
-0.3269533464566929
21
2.4312203149606297
0
LINE
8
BLACK
6
CONTINUOUS
10
-0.3269533464566929
20
2.4312203149606297
11
-0.3292270472440945
21
2.4387157086614173
0
LINE
8
BLACK
6
CONTINUOUS
10
-0.3292270472440945
20
2.4387157086614173
11
-0.3319108267716535
21
2.4437367716535432
0
LINE
8
BLACK
6
CONTINUOUS
10
-0.3319108267716535
20
2.4437367716535432
11
-0.3377866141732284
21
2.4378609842519685
0
LINE
8
BLACK
6
CONTINUOUS
10
-0.2393614173228346
20
2.4378609842519685
11
-0.238984842519685
21
2.4372616535433069
0
LINE
8
BLACK
6
CONTINUOUS
10
-0.238984842519685
20
2.4372616535433069
11
-0.2366262992125984
21
2.4305213385826772
0
LINE
8
BLACK
6
CONTINUOUS
10
-0.2366262992125984
20
2.4305213385826772
11
-0.2358267716535433
21
2.4234251968503937
0
LINE
8
BLACK
6
CONTINUOUS
10
-0.2358267716535433
20
2.4234251968503937
11
-0.2366262992125984
21
2.4163290551181102
0
LINE
8
BLACK
6
CONTINUOUS
10
-0.2366262992125984
20
2.4163290551181102
11
-0.238984842519685
21
2.4095887401574805
0
LINE
8
BLACK
6
CONTINUOUS
10
-0.238984842519685
20
2.4095887401574805
11
-0.2393614173228346
21
2.4089894881889764
0
LINE
8
BLACK
6
CONTINUOUS
10
-0.2393614173228346
20
2.4089894881889764
11
-0.2334856299212598
21
2.4031137007874017
0
LINE
8
BLACK
6
CONTINUOUS
10
-0.2334856299212598
20
2.4031137007874017
11
-0.2308018503937008
21
2.4081347244094489
0
LINE
8
BLACK
6
CONTINUOUS
10
-0.2308018503937008
20
2.4081347244094489
11
-0.2285281102362205
21
2.4156301574803147
0
LINE
8
BLACK
6
CONTINUOUS
10
-0.2285281102362205
20
2.4156301574803147
11
-0.2282598818897638
21
2.4183534645669291
0
LINE
8
BLACK
6
CONTINUOUS
10
-0.2282598818897638
20
2.4183534645669291
11
-0.2271495275590551
21
2.4220137795275591
0
LINE
8
BLACK
6
CONTINUOUS
10
-0.2271495275590551
20
2.4220137795275591
11
-0.2261064960629921
21
2.4232847637795274
0
LINE
8
BLACK
6
CONTINUOUS
10
-0.2261064960629921
20
2.4232847637795274
11
-0.2262566535433071
21
2.4235657086614171
0
LINE
8
BLACK
6
CONTINUOUS
10
-0.2262566535433071
20
2.4235657086614171
11
-0.2278849606299213
21
2.4266121259842519
0
LINE
8
BLACK
6
CONTINUOUS
10
-0.2278849606299213
20
2.4266121259842519
11
-0.2282598818897638
21
2.4284969291338583
0
LINE
8
BLACK
6
CONTINUOUS
10
-0.2282598818897638
20
2.4284969291338583
11
-0.2285281496062992
21
2.4312203149606297
0
LINE
8
BLACK
6
CONTINUOUS
10
-0.2285281496062992
20
2.4312203149606297
11
-0.2308018503937008
21
2.4387157086614173
0
LINE
8
BLACK
6
CONTINUOUS
10
-0.2308018503937008
20
2.4387157086614173
11
-0.2334856299212598
21
2.4437367716535432
0
LINE
8
BLACK
6
CONTINUOUS
10
-0.2334856299212598
20
2.4437367716535432
11
-0.2393614173228346
21
2.4378609842519685
0
LINE
8
BLACK
6
CONTINUOUS
10
-0.1409362204724409
20
2.4378609842519685
11
-0.1405596456692913
21
2.4372616535433069
0
LINE
8
BLACK
6
CONTINUOUS
10
-0.1405596456692913
20
2.4372616535433069
11
-0.1382011023622047
21
2.4305213385826772
0
LINE
8
BLACK
6
CONTINUOUS
10
-0.1382011023622047
20
2.4305213385826772
11
-0.1374015748031496
21
2.4234251968503937
0
LINE
8
BLACK
6
CONTINUOUS
10
-0.1374015748031496
20
2.4234251968503937
11
-0.1382011023622047
21
2.4163290551181102
0
LINE
8
BLACK
6
CONTINUOUS
10
-0.1382011023622047
20
2.4163290551181102
11
-0.1405596456692913
21
2.4095887401574805
0
LINE
8
BLACK
6
CONTINUOUS
10
-0.1405596456692913
20
2.4095887401574805
11
-0.1409362204724409
21
2.4089894881889764
0
LINE
8
BLACK
6
CONTINUOUS
10
-0.1409362204724409
20
2.4089894881889764
11
-0.1350604330708661
21
2.4031137007874017
0
LINE
8
BLACK
6
CONTINUOUS
10
-0.1350604330708661
20
2.4031137007874017
11
-0.1323766535433071
21
2.4081347244094489
0
LINE
8
BLACK
6
CONTINUOUS
10
-0.1323766535433071
20
2.4081347244094489
11
-0.1301029527559055
21
2.415630118110236
0
LINE
8
BLACK
6
CONTINUOUS
10
-0.1301029527559055
20
2.415630118110236
11
-0.1293351968503937
21
2.4234251968503937
0
LINE
8
BLACK
6
CONTINUOUS
10
-0.1293351968503937
20
2.4234251968503937
11
-0.1301029527559055
21
2.4312203149606297
0
LINE
8
BLACK
6
CONTINUOUS
10
-0.1301029527559055
20
2.4312203149606297
11
-0.1323766535433071
21
2.4387157086614173
0
LINE
8
BLACK
6
CONTINUOUS
10
-0.1323766535433071
20
2.4387157086614173
11
-0.1350604330708661
21
2.4437367716535432
0
LINE
8
BLACK
6
CONTINUOUS
10
-0.1350604330708661
20
2.4437367716535432
11
-0.1409362204724409
21
2.4378609842519685
0
LINE
8
BLACK
6
CONTINUOUS
10
-0.5707871653543307
20
2.4626136614173229
11
-0.5782828346456693
21
2.460339842519685
0
LINE
8
BLACK
6
CONTINUOUS
10
-0.5782828346456693
20
2.460339842519685
11
-0.578283031496063
21
2.4603397637795275
0
LINE
8
BLACK
6
CONTINUOUS
10
-0.578283031496063
20
2.4603397637795275
11
-0.5833036614173228
21
2.4576562204724408
0
LINE
8
BLACK
6
CONTINUOUS
10
-0.5833036614173228
20
2.4576562204724408
11
-0.5774278346456693
21
2.4517803937007874
0
LINE
8
BLACK
6
CONTINUOUS
10
-0.5774278346456693
20
2.4517803937007874
11
-0.5768285826771653
21
2.4521568897637795
0
LINE
8
BLACK
6
CONTINUOUS
10
-0.5768285826771653
20
2.4521568897637795
11
-0.5700882677165354
21
2.4545154330708661
0
LINE
8
BLACK
6
CONTINUOUS
10
-0.5700882677165354
20
2.4545154330708661
11
-0.562992125984252
21
2.4553149606299214
0
LINE
8
BLACK
6
CONTINUOUS
10
-0.562992125984252
20
2.4553149606299214
11
-0.5558959842519685
21
2.4545154330708661
0
LINE
8
BLACK
6
CONTINUOUS
10
-0.5558959842519685
20
2.4545154330708661
11
-0.5491556692913385
21
2.4521568897637795
0
LINE
8
BLACK
6
CONTINUOUS
10
-0.5491556692913385
20
2.4521568897637795
11
-0.5485564960629921
21
2.4517803937007874
0
LINE
8
BLACK
6
CONTINUOUS
10
-0.5485564960629921
20
2.4517803937007874
11
-0.5426806692913386
21
2.4576561811023621
0
LINE
8
BLACK
6
CONTINUOUS
10
-0.5426806692913386
20
2.4576561811023621
11
-0.547701653543307
21
2.4603399212598425
0
LINE
8
BLACK
6
CONTINUOUS
10
-0.547701653543307
20
2.4603399212598425
11
-0.5477017716535433
21
2.4603399606299212
0
LINE
8
BLACK
6
CONTINUOUS
10
-0.5477017716535433
20
2.4603399606299212
11
-0.5551970472440945
21
2.4626136220472441
0
LINE
8
BLACK
6
CONTINUOUS
10
-0.5551970472440945
20
2.4626136220472441
11
-0.562992125984252
21
2.4633813779527558
0
LINE
8
BLACK
6
CONTINUOUS
10
-0.562992125984252
20
2.4633813779527558
11
-0.5707871653543307
21
2.4626136614173229
0
LINE
8
BLACK
6
CONTINUOUS
10
-0.472361968503937
20
2.4626136614173229
11
-0.4798576377952756
21
2.460339842519685
0
LINE
8
BLACK
6
CONTINUOUS
10
-0.4798576377952756
20
2.460339842519685
11
-0.4798578346456693
21
2.4603397637795275
0
LINE
8
BLACK
6
CONTINUOUS
10
-0.4798578346456693
20
2.4603397637795275
11
-0.4848784645669291
21
2.4576562204724408
0
LINE
8
BLACK
6
CONTINUOUS
10
-0.4848784645669291
20
2.4576562204724408
11
-0.4790026377952756
21
2.4517803937007874
0
LINE
8
BLACK
6
CONTINUOUS
10
-0.4790026377952756
20
2.4517803937007874
11
-0.4784033858267717
21
2.4521568897637795
0
LINE
8
BLACK
6
CONTINUOUS
10
-0.4784033858267717
20
2.4521568897637795
11
-0.4716630708661417
21
2.4545154330708661
0
LINE
8
BLACK
6
CONTINUOUS
10
-0.4716630708661417
20
2.4545154330708661
11
-0.4645669291338583
21
2.4553149606299214
0
LINE
8
BLACK
6
CONTINUOUS
10
-0.4645669291338583
20
2.4553149606299214
11
-0.4574707874015748
21
2.4545154330708661
0
LINE
8
BLACK
6
CONTINUOUS
10
-0.4574707874015748
20
2.4545154330708661
11
-0.4507304724409449
21
2.4521568897637795
0
LINE
8
BLACK
6
CONTINUOUS
10
-0.4507304724409449
20
2.4521568897637795
11
-0.4501312992125984
21
2.4517803937007874
0
LINE
8
BLACK
6
CONTINUOUS
10
-0.4501312992125984
20
2.4517803937007874
11
-0.4442554724409449
21
2.4576561811023621
0
LINE
8
BLACK
6
CONTINUOUS
10
-0.4442554724409449
20
2.4576561811023621
11
-0.4492764566929134
21
2.4603399212598425
0
LINE
8
BLACK
6
CONTINUOUS
10
-0.4492764566929134
20
2.4603399212598425
11
-0.4492765748031496
21
2.4603399606299212
0
LINE
8
BLACK
6
CONTINUOUS
10
-0.4492765748031496
20
2.4603399606299212
11
-0.4567718503937008
21
2.4626136220472441
0
LINE
8
BLACK
6
CONTINUOUS
10
-0.4567718503937008
20
2.4626136220472441
11
-0.4645669291338583
21
2.4633813779527558
0
LINE
8
BLACK
6
CONTINUOUS
10
-0.4645669291338583
20
2.4633813779527558
11
-0.472361968503937
21
2.4626136614173229
0
LINE
8
BLACK
6
CONTINUOUS
10
-0.3739367716535433
20
2.4626136614173229
11
-0.3814324409448819
21
2.460339842519685
0
LINE
8
BLACK
6
CONTINUOUS
10
-0.3814324409448819
20
2.460339842519685
11
-0.3814326377952756
21
2.4603397637795275
0
LINE
8
BLACK
6
CONTINUOUS
10
-0.3814326377952756
20
2.4603397637795275
11
-0.3864532677165354
21
2.4576562204724408
0
LINE
8
BLACK
6
CONTINUOUS
10
-0.3864532677165354
20
2.4576562204724408
11
-0.3805774409448819
21
2.4517803937007874
0
LINE
8
BLACK
6
CONTINUOUS
10
-0.3805774409448819
20
2.4517803937007874
11
-0.3799781889763779
21
2.4521568897637795
0
LINE
8
BLACK
6
CONTINUOUS
10
-0.3799781889763779
20
2.4521568897637795
11
-0.373237874015748
21
2.4545154330708661
0
LINE
8
BLACK
6
CONTINUOUS
10
-0.373237874015748
20
2.4545154330708661
11
-0.3661417322834646
21
2.4553149606299214
0
LINE
8
BLACK
6
CONTINUOUS
10
-0.3661417322834646
20
2.4553149606299214
11
-0.3590455905511811
21
2.4545154330708661
0
LINE
8
BLACK
6
CONTINUOUS
10
-0.3590455905511811
20
2.4545154330708661
11
-0.3523052755905512
21
2.4521568897637795
0
LINE
8
BLACK
6
CONTINUOUS
10
-0.3523052755905512
20
2.4521568897637795
11
-0.3517061023622047
21
2.4517803937007874
0
LINE
8
BLACK
6
CONTINUOUS
10
-0.3517061023622047
20
2.4517803937007874
11
-0.3458302755905512
21
2.4576561811023621
0
LINE
8
BLACK
6
CONTINUOUS
10
-0.3458302755905512
20
2.4576561811023621
11
-0.3508512598425197
21
2.4603399212598425
0
LINE
8
BLACK
6
CONTINUOUS
10
-0.3508512598425197
20
2.4603399212598425
11
-0.3508513779527559
21
2.4603399606299212
0
LINE
8
BLACK
6
CONTINUOUS
10
-0.3508513779527559
20
2.4603399606299212
11
-0.3583466535433071
21
2.4626136220472441
0
LINE
8
BLACK
6
CONTINUOUS
10
-0.3583466535433071
20
2.4626136220472441
11
-0.3661417322834646
21
2.4633813779527558
0
LINE
8
BLACK
6
CONTINUOUS
10
-0.3661417322834646
20
2.4633813779527558
11
-0.3739367716535433
21
2.4626136614173229
0
LINE
8
BLACK
6
CONTINUOUS
10
-0.2755115748031496
20
2.4626136614173229
11
-0.2830072440944882
21
2.460339842519685
0
LINE
8
BLACK
6
CONTINUOUS
10
-0.2830072440944882
20
2.460339842519685
11
-0.2830074409448819
21
2.4603397637795275
0
LINE
8
BLACK
6
CONTINUOUS
10
-0.2830074409448819
20
2.4603397637795275
11
-0.2880280708661417
21
2.4576562204724408
0
LINE
8
BLACK
6
CONTINUOUS
10
-0.2880280708661417
20
2.4576562204724408
11
-0.2821522440944882
21
2.4517803937007874
0
LINE
8
BLACK
6
CONTINUOUS
10
-0.2821522440944882
20
2.4517803937007874
11
-0.2815529921259842
21
2.4521568897637795
0
LINE
8
BLACK
6
CONTINUOUS
10
-0.2815529921259842
20
2.4521568897637795
11
-0.2748126771653543
21
2.4545154330708661
0
LINE
8
BLACK
6
CONTINUOUS
10
-0.2748126771653543
20
2.4545154330708661
11
-0.2677165354330708
21
2.4553149606299214
0
LINE
8
BLACK
6
CONTINUOUS
10
-0.2677165354330708
20
2.4553149606299214
11
-0.2606203937007874
21
2.4545154330708661
0
LINE
8
BLACK
6
CONTINUOUS
10
-0.2606203937007874
20
2.4545154330708661
11
-0.2538800787401575
21
2.4521568897637795
0
LINE
8
BLACK
6
CONTINUOUS
10
-0.2538800787401575
20
2.4521568897637795
11
-0.253280905511811
21
2.4517803937007874
0
LINE
8
BLACK
6
CONTINUOUS
10
-0.253280905511811
20
2.4517803937007874
11
-0.2474050787401575
21
2.4576561811023621
0
LINE
8
BLACK
6
CONTINUOUS
10
-0.2474050787401575
20
2.4576561811023621
11
-0.252426062992126
21
2.4603399212598425
0
LINE
8
BLACK
6
CONTINUOUS
10
-0.252426062992126
20
2.4603399212598425
11
-0.2524261811023622
21
2.4603399606299212
0
LINE
8
BLACK
6
CONTINUOUS
10
-0.2524261811023622
20
2.4603399606299212
11
-0.2599214566929134
21
2.4626136220472441
0
LINE
8
BLACK
6
CONTINUOUS
10
-0.2599214566929134
20
2.4626136220472441
11
-0.2677165354330708
21
2.4633813779527558
0
LINE
8
BLACK
6
CONTINUOUS
10
-0.2677165354330708
20
2.4633813779527558
11
-0.2755115748031496
21
2.4626136614173229
0
LINE
8
BLACK
6
CONTINUOUS
10
-0.1770863779527559
20
2.4626136614173229
11
-0.1845820472440945
21
2.460339842519685
0
LINE
8
BLACK
6
CONTINUOUS
10
-0.1845820472440945
20
2.460339842519685
11
-0.1845822440944882
21
2.4603397637795275
0
LINE
8
BLACK
6
CONTINUOUS
10
-0.1845822440944882
20
2.4603397637795275
11
-0.189602874015748
21
2.4576562204724408
0
LINE
8
BLACK
6
CONTINUOUS
10
-0.189602874015748
20
2.4576562204724408
11
-0.1837270472440945
21
2.4517803937007874
0
LINE
8
BLACK
6
CONTINUOUS
10
-0.1837270472440945
20
2.4517803937007874
11
-0.1831277952755906
21
2.4521568897637795
0
LINE
8
BLACK
6
CONTINUOUS
10
-0.1831277952755906
20
2.4521568897637795
11
-0.1763874803149606
21
2.4545154330708661
0
LINE
8
BLACK
6
CONTINUOUS
10
-0.1763874803149606
20
2.4545154330708661
11
-0.1692913385826772
21
2.4553149606299214
0
LINE
8
BLACK
6
CONTINUOUS
10
-0.1692913385826772
20
2.4553149606299214
11
-0.1621951968503937
21
2.4545154330708661
0
LINE
8
BLACK
6
CONTINUOUS
10
-0.1621951968503937
20
2.4545154330708661
11
-0.1554548818897638
21
2.4521568897637795
0
LINE
8
BLACK
6
CONTINUOUS
10
-0.1554548818897638
20
2.4521568897637795
11
-0.1548557086614173
21
2.4517803937007874
0
LINE
8
BLACK
6
CONTINUOUS
10
-0.1548557086614173
20
2.4517803937007874
11
-0.1489798818897638
21
2.4576561811023621
0
LINE
8
BLACK
6
CONTINUOUS
10
-0.1489798818897638
20
2.4576561811023621
11
-0.1540008661417323
21
2.4603399212598425
0
LINE
8
BLACK
6
CONTINUOUS
10
-0.1540008661417323
20
2.4603399212598425
11
-0.1540009842519685
21
2.4603399606299212
0
LINE
8
BLACK
6
CONTINUOUS
10
-0.1540009842519685
20
2.4603399606299212
11
-0.1614962598425197
21
2.4626136220472441
0
LINE
8
BLACK
6
CONTINUOUS
10
-0.1614962598425197
20
2.4626136220472441
11
-0.1692913385826772
21
2.4633813779527558
0
LINE
8
BLACK
6
CONTINUOUS
10
-0.1692913385826772
20
2.4633813779527558
11
-0.1770863779527559
21
2.4626136614173229
0
LINE
8
BLACK
6
CONTINUOUS
10
-0.6021805511811024
20
2.415630118110236
11
-0.5999068897637795
21
2.4081348425196851
0
LINE
8
BLACK
6
CONTINUOUS
10
-0.5999068897637795
20
2.4081348425196851
11
-0.5999068503937007
21
2.4081347244094489
0
LINE
8
BLACK
6
CONTINUOUS
10
-0.5999068503937007
20
2.4081347244094489
11
-0.5972231102362204
21
2.4031137401574805
0
LINE
8
BLACK
6
CONTINUOUS
10
-0.5972231102362204
20
2.4031137401574805
11
-0.5913473228346456
21
2.4089895669291339
0
LINE
8
BLACK
6
CONTINUOUS
10
-0.5913473228346456
20
2.4089895669291339
11
-0.5917238188976378
21
2.4095887401574805
0
LINE
8
BLACK
6
CONTINUOUS
10
-0.5917238188976378
20
2.4095887401574805
11
-0.5940823622047244
21
2.4163290551181102
0
LINE
8
BLACK
6
CONTINUOUS
10
-0.5940823622047244
20
2.4163290551181102
11
-0.5948818897637795
21
2.4234251968503937
0
LINE
8
BLACK
6
CONTINUOUS
10
-0.5948818897637795
20
2.4234251968503937
11
-0.5940823622047244
21
2.4305213385826772
0
LINE
8
BLACK
6
CONTINUOUS
10
-0.5940823622047244
20
2.4305213385826772
11
-0.5917238188976378
21
2.4372616535433069
0
LINE
8
BLACK
6
CONTINUOUS
10
-0.5917238188976378
20
2.4372616535433069
11
-0.5913473228346456
21
2.437860905511811
0
LINE
8
BLACK
6
CONTINUOUS
10
-0.5913473228346456
20
2.437860905511811
11
-0.5972231496062992
21
2.4437367322834644
0
LINE
8
BLACK
6
CONTINUOUS
10
-0.5972231496062992
20
2.4437367322834644
11
-0.5999066929133858
21
2.4387161023622048
0
LINE
8
BLACK
6
CONTINUOUS
10
-0.5999066929133858
20
2.4387161023622048
11
-0.5999067716535433
21
2.4387159055118111
0
LINE
8
BLACK
6
CONTINUOUS
10
-0.5999067716535433
20
2.4387159055118111
11
-0.6021805905511811
21
2.4312202362204722
0
LINE
8
BLACK
6
CONTINUOUS
10
-0.6021805905511811
20
2.4312202362204722
11
-0.6029483070866142
21
2.4234251968503937
0
LINE
8
BLACK
6
CONTINUOUS
10
-0.6029483070866142
20
2.4234251968503937
11
-0.6021805511811024
21
2.415630118110236
0
LINE
8
BLACK
6
CONTINUOUS
10
-0.5043985039370079
20
2.4202383070866142
11
-0.5040235826771653
21
2.4183534645669291
0
LINE
8
BLACK
6
CONTINUOUS
10
-0.5040235826771653
20
2.4183534645669291
11
-0.5037553937007874
21
2.4156301574803147
0
LINE
8
BLACK
6
CONTINUOUS
10
-0.5037553937007874
20
2.4156301574803147
11
-0.5014816929133858
21
2.4081348425196851
0
LINE
8
BLACK
6
CONTINUOUS
10
-0.5014816929133858
20
2.4081348425196851
11
-0.5014816535433071
21
2.4081347244094489
0
LINE
8
BLACK
6
CONTINUOUS
10
-0.5014816535433071
20
2.4081347244094489
11
-0.4987979133858267
21
2.4031137401574805
0
LINE
8
BLACK
6
CONTINUOUS
10
-0.4987979133858267
20
2.4031137401574805
11
-0.4929221259842519
21
2.4089895669291339
0
LINE
8
BLACK
6
CONTINUOUS
10
-0.4929221259842519
20
2.4089895669291339
11
-0.4932986220472441
21
2.4095887401574805
0
LINE
8
BLACK
6
CONTINUOUS
10
-0.4932986220472441
20
2.4095887401574805
11
-0.4956571653543307
21
2.4163290551181102
0
LINE
8
BLACK
6
CONTINUOUS
10
-0.4956571653543307
20
2.4163290551181102
11
-0.4964566929133858
21
2.4234251968503937
0
LINE
8
BLACK
6
CONTINUOUS
10
-0.4964566929133858
20
2.4234251968503937
11
-0.4956571653543307
21
2.4305213385826772
0
LINE
8
BLACK
6
CONTINUOUS
10
-0.4956571653543307
20
2.4305213385826772
11
-0.4932986220472441
21
2.4372616535433069
0
LINE
8
BLACK
6
CONTINUOUS
10
-0.4932986220472441
20
2.4372616535433069
11
-0.4929221259842519
21
2.437860905511811
0
LINE
8
BLACK
6
CONTINUOUS
10
-0.4929221259842519
20
2.437860905511811
11
-0.4987979527559055
21
2.4437367322834644
0
LINE
8
BLACK
6
CONTINUOUS
10
-0.4987979527559055
20
2.4437367322834644
11
-0.5014814960629921
21
2.4387161023622048
0
LINE
8
BLACK
6
CONTINUOUS
10
-0.5014814960629921
20
2.4387161023622048
11
-0.5014815748031496
21
2.4387159055118111
0
LINE
8
BLACK
6
CONTINUOUS
10
-0.5014815748031496
20
2.4387159055118111
11
-0.5037553937007874
21
2.4312202362204722
0
LINE
8
BLACK
6
CONTINUOUS
10
-0.5037553937007874
20
2.4312202362204722
11
-0.5040235826771653
21
2.4284969291338583
0
LINE
8
BLACK
6
CONTINUOUS
10
-0.5040235826771653
20
2.4284969291338583
11
-0.505133937007874
21
2.424836653543307
0
LINE
8
BLACK
6
CONTINUOUS
10
-0.505133937007874
20
2.424836653543307
11
-0.5061770078740158
21
2.4235657086614171
0
LINE
8
BLACK
6
CONTINUOUS
10
-0.5061770078740158
20
2.4235657086614171
11
-0.5043985039370079
21
2.4202383070866142
0
LINE
8
BLACK
6
CONTINUOUS
10
-0.4059733070866142
20
2.4202383070866142
11
-0.4055983858267717
21
2.4183534645669291
0
LINE
8
BLACK
6
CONTINUOUS
10
-0.4055983858267717
20
2.4183534645669291
11
-0.4053301968503937
21
2.4156301574803147
0
LINE
8
BLACK
6
CONTINUOUS
10
-0.4053301968503937
20
2.4156301574803147
11
-0.4030564960629921
21
2.4081348425196851
0
LINE
8
BLACK
6
CONTINUOUS
10
-0.4030564960629921
20
2.4081348425196851
11
-0.4030564566929134
21
2.4081347244094489
0
LINE
8
BLACK
6
CONTINUOUS
10
-0.4030564566929134
20
2.4081347244094489
11
-0.400372716535433
21
2.4031137401574805
0
LINE
8
BLACK
6
CONTINUOUS
10
-0.400372716535433
20
2.4031137401574805
11
-0.3944969291338583
21
2.4089895669291339
0
LINE
8
BLACK
6
CONTINUOUS
10
-0.3944969291338583
20
2.4089895669291339
11
-0.3948734251968504
21
2.4095887401574805
0
LINE
8
BLACK
6
CONTINUOUS
10
-0.3948734251968504
20
2.4095887401574805
11
-0.397231968503937
21
2.4163290551181102
0
LINE
8
BLACK
6
CONTINUOUS
10
-0.397231968503937
20
2.4163290551181102
11
-0.3980314960629921
21
2.4234251968503937
0
LINE
8
BLACK
6
CONTINUOUS
10
-0.3980314960629921
20
2.4234251968503937
11
-0.397231968503937
21
2.4305213385826772
0
LINE
8
BLACK
6
CONTINUOUS
10
-0.397231968503937
20
2.4305213385826772
11
-0.3948734251968504
21
2.4372616535433069
0
LINE
8
BLACK
6
CONTINUOUS
10
-0.3948734251968504
20
2.4372616535433069
11
-0.3944969291338583
21
2.437860905511811
0
LINE
8
BLACK
6
CONTINUOUS
10
-0.3944969291338583
20
2.437860905511811
11
-0.4003727559055118
21
2.4437367322834644
0
LINE
8
BLACK
6
CONTINUOUS
10
-0.4003727559055118
20
2.4437367322834644
11
-0.4030562992125984
21
2.4387161023622048
0
LINE
8
BLACK
6
CONTINUOUS
10
-0.4030562992125984
20
2.4387161023622048
11
-0.4030563779527559
21
2.4387159055118111
0
LINE
8
BLACK
6
CONTINUOUS
10
-0.4030563779527559
20
2.4387159055118111
11
-0.4053301968503937
21
2.4312202362204722
0
LINE
8
BLACK
6
CONTINUOUS
10
-0.4053301968503937
20
2.4312202362204722
11
-0.4055983858267717
21
2.4284969291338583
0
LINE
8
BLACK
6
CONTINUOUS
10
-0.4055983858267717
20
2.4284969291338583
11
-0.4067087401574803
21
2.424836653543307
0
LINE
8
BLACK
6
CONTINUOUS
10
-0.4067087401574803
20
2.424836653543307
11
-0.407751811023622
21
2.4235657086614171
0
LINE
8
BLACK
6
CONTINUOUS
10
-0.407751811023622
20
2.4235657086614171
11
-0.4059733070866142
21
2.4202383070866142
0
LINE
8
BLACK
6
CONTINUOUS
10
-0.3075481102362205
20
2.4202383070866142
11
-0.307173188976378
21
2.4183534645669291
0
LINE
8
BLACK
6
CONTINUOUS
10
-0.307173188976378
20
2.4183534645669291
11
-0.306905
21
2.4156301574803147
0
LINE
8
BLACK
6
CONTINUOUS
10
-0.306905
20
2.4156301574803147
11
-0.3046312992125984
21
2.4081348425196851
0
LINE
8
BLACK
6
CONTINUOUS
10
-0.3046312992125984
20
2.4081348425196851
11
-0.3046312598425197
21
2.4081347244094489
0
LINE
8
BLACK
6
CONTINUOUS
10
-0.3046312598425197
20
2.4081347244094489
11
-0.3019475196850394
21
2.4031137401574805
0
LINE
8
BLACK
6
CONTINUOUS
10
-0.3019475196850394
20
2.4031137401574805
11
-0.2960717322834646
21
2.4089895669291339
0
LINE
8
BLACK
6
CONTINUOUS
10
-0.2960717322834646
20
2.4089895669291339
11
-0.2964482283464567
21
2.4095887401574805
0
LINE
8
BLACK
6
CONTINUOUS
10
-0.2964482283464567
20
2.4095887401574805
11
-0.2988067716535433
21
2.4163290551181102
0
LINE
8
BLACK
6
CONTINUOUS
10
-0.2988067716535433
20
2.4163290551181102
11
-0.2996062992125984
21
2.4234251968503937
0
LINE
8
BLACK
6
CONTINUOUS
10
-0.2996062992125984
20
2.4234251968503937
11
-0.2988067716535433
21
2.4305213385826772
0
LINE
8
BLACK
6
CONTINUOUS
10
-0.2988067716535433
20
2.4305213385826772
11
-0.2964482283464567
21
2.4372616535433069
0
LINE
8
BLACK
6
CONTINUOUS
10
-0.2964482283464567
20
2.4372616535433069
11
-0.2960717322834646
21
2.437860905511811
0
LINE
8
BLACK
6
CONTINUOUS
10
-0.2960717322834646
20
2.437860905511811
11
-0.3019475590551181
21
2.4437367322834644
0
LINE
8
BLACK
6
CONTINUOUS
10
-0.3019475590551181
20
2.4437367322834644
11
-0.3046311023622047
21
2.4387161023622048
0
LINE
8
BLACK
6
CONTINUOUS
10
-0.3046311023622047
20
2.4387161023622048
11
-0.3046311811023622
21
2.4387159055118111
0
LINE
8
BLACK
6
CONTINUOUS
10
-0.3046311811023622
20
2.4387159055118111
11
-0.306905
21
2.4312202362204722
0
LINE
8
BLACK
6
CONTINUOUS
10
-0.306905
20
2.4312202362204722
11
-0.307173188976378
21
2.4284969291338583
0
LINE
8
BLACK
6
CONTINUOUS
10
-0.307173188976378
20
2.4284969291338583
11
-0.3082835433070866
21
2.424836653543307
0
LINE
8
BLACK
6
CONTINUOUS
10
-0.3082835433070866
20
2.424836653543307
11
-0.3093266141732283
21
2.4235657086614171
0
LINE
8
BLACK
6
CONTINUOUS
10
-0.3093266141732283
20
2.4235657086614171
11
-0.3075481102362205
21
2.4202383070866142
0
LINE
8
BLACK
6
CONTINUOUS
10
-0.2091229133858268
20
2.4202383070866142
11
-0.2087479921259842
21
2.4183534645669291
0
LINE
8
BLACK
6
CONTINUOUS
10
-0.2087479921259842
20
2.4183534645669291
11
-0.2084798031496063
21
2.4156301574803147
0
LINE
8
BLACK
6
CONTINUOUS
10
-0.2084798031496063
20
2.4156301574803147
11
-0.2062061023622047
21
2.4081348425196851
0
LINE
8
BLACK
6
CONTINUOUS
10
-0.2062061023622047
20
2.4081348425196851
11
-0.206206062992126
21
2.4081347244094489
0
LINE
8
BLACK
6
CONTINUOUS
10
-0.206206062992126
20
2.4081347244094489
11
-0.2035223228346457
21
2.4031137401574805
0
LINE
8
BLACK
6
CONTINUOUS
10
-0.2035223228346457
20
2.4031137401574805
11
-0.1976465354330709
21
2.4089895669291339
0
LINE
8
BLACK
6
CONTINUOUS
10
-0.1976465354330709
20
2.4089895669291339
11
-0.198023031496063
21
2.4095887401574805
0
LINE
8
BLACK
6
CONTINUOUS
10
-0.198023031496063
20
2.4095887401574805
11
-0.2003815748031496
21
2.4163290551181102
0
LINE
8
BLACK
6
CONTINUOUS
10
-0.2003815748031496
20
2.4163290551181102
11
-0.2011811023622047
21
2.4234251968503937
0
LINE
8
BLACK
6
CONTINUOUS
10
-0.2011811023622047
20
2.4234251968503937
11
-0.2003815748031496
21
2.4305213385826772
0
LINE
8
BLACK
6
CONTINUOUS
10
-0.2003815748031496
20
2.4305213385826772
11
-0.198023031496063
21
2.4372616535433069
0
LINE
8
BLACK
6
CONTINUOUS
10
-0.198023031496063
20
2.4372616535433069
11
-0.1976465354330709
21
2.437860905511811
0
LINE
8
BLACK
6
CONTINUOUS
10
-0.1976465354330709
20
2.437860905511811
11
-0.2035223622047244
21
2.4437367322834644
0
LINE
8
BLACK
6
CONTINUOUS
10
-0.2035223622047244
20
2.4437367322834644
11
-0.206205905511811
21
2.4387161023622048
0
LINE
8
BLACK
6
CONTINUOUS
10
-0.206205905511811
20
2.4387161023622048
11
-0.2062059842519685
21
2.4387159055118111
0
LINE
8
BLACK
6
CONTINUOUS
10
-0.2062059842519685
20
2.4387159055118111
11
-0.2084798031496063
21
2.4312202362204722
0
LINE
8
BLACK
6
CONTINUOUS
10
-0.2084798031496063
20
2.4312202362204722
11
-0.2087479921259842
21
2.4284969291338583
0
LINE
8
BLACK
6
CONTINUOUS
10
-0.2087479921259842
20
2.4284969291338583
11
-0.2098583464566929
21
2.424836653543307
0
LINE
8
BLACK
6
CONTINUOUS
10
-0.2098583464566929
20
2.424836653543307
11
-0.2109014173228346
21
2.4235657086614171
0
LINE
8
BLACK
6
CONTINUOUS
10
-0.2109014173228346
20
2.4235657086614171
11
-0.2091229133858268
21
2.4202383070866142
0
LINE
8
BLACK
6
CONTINUOUS
10
-0.378503937007874
20
2.8663385826771655
11
-0.3981889763779528
21
2.8663385826771655
0
LINE
8
BLACK
6
CONTINUOUS
10
-0.3981889763779528
20
2.8663385826771655
11
-0.3981889763779528
21
2.8665389370078738
0
LINE
8
BLACK
6
CONTINUOUS
10
-0.3981889763779528
20
2.8665389370078738
11
-0.4009904330708661
21
2.8665389370078738
0
LINE
8
BLACK
6
CONTINUOUS
10
-0.4009904330708661
20
2.8665389370078738
11
-0.4063664566929134
21
2.8681174803149605
0
LINE
8
BLACK
6
CONTINUOUS
10
-0.4063664566929134
20
2.8681174803149605
11
-0.4110799212598425
21
2.871146653543307
0
LINE
8
BLACK
6
CONTINUOUS
10
-0.4110799212598425
20
2.871146653543307
11
-0.414749094488189
21
2.8753811023622045
0
LINE
8
BLACK
6
CONTINUOUS
10
-0.414749094488189
20
2.8753811023622045
11
-0.4170766141732283
21
2.8804777165354332
0
LINE
8
BLACK
6
CONTINUOUS
10
-0.4170766141732283
20
2.8804777165354332
11
-0.4178740157480315
21
2.8860236220472442
0
LINE
8
BLACK
6
CONTINUOUS
10
-0.4178740157480315
20
2.8860236220472442
11
-0.4178740157480315
21
2.8899606299212599
0
LINE
8
BLACK
6
CONTINUOUS
10
-0.4178740157480315
20
2.8899606299212599
11
-0.4547979527559055
21
2.8899606299212599
0
LINE
8
BLACK
6
CONTINUOUS
10
-0.4547979527559055
20
2.8899606299212599
11
-0.6656666929133858
21
2.6790918897637797
0
LINE
8
BLACK
6
CONTINUOUS
10
-0.6656666929133858
20
2.6790918897637797
11
-0.6665616141732283
21
2.678357440944882
0
LINE
8
BLACK
6
CONTINUOUS
10
-0.6665616141732283
20
2.678357440944882
11
-0.6678086220472441
21
2.6778409448818898
0
LINE
8
BLACK
6
CONTINUOUS
10
-0.6678086220472441
20
2.6778409448818898
11
-0.6686903937007874
21
2.6774756692913386
0
LINE
8
BLACK
6
CONTINUOUS
10
-0.6686903937007874
20
2.6774756692913386
11
-0.6698425196850394
21
2.6773622047244094
0
LINE
8
BLACK
6
CONTINUOUS
10
-0.6698425196850394
20
2.6773622047244094
11
-0.765630905511811
21
2.6773622047244094
0
LINE
8
BLACK
6
CONTINUOUS
10
-0.765630905511811
20
2.6773622047244094
11
-0.7673383070866141
21
2.6740112598425196
0
LINE
8
BLACK
6
CONTINUOUS
10
-0.7673383070866141
20
2.6740112598425196
11
-0.7708222834645669
21
2.6705272834645668
0
LINE
8
BLACK
6
CONTINUOUS
10
-0.7708222834645669
20
2.6705272834645668
11
-0.7752123228346457
21
2.6682904330708661
0
LINE
8
BLACK
6
CONTINUOUS
10
-0.7752123228346457
20
2.6682904330708661
11
-0.7800787401574802
21
2.6675196850393701
0
LINE
8
BLACK
6
CONTINUOUS
10
-0.7800787401574802
20
2.6675196850393701
11
-0.7849451574803149
21
2.6682904330708661
0
LINE
8
BLACK
6
CONTINUOUS
10
-0.7849451574803149
20
2.6682904330708661
11
-0.7893351968503937
21
2.6705272834645668
0
LINE
8
BLACK
6
CONTINUOUS
10
-0.7893351968503937
20
2.6705272834645668
11
-0.7928191732283464
21
2.6740112598425196
0
LINE
8
BLACK
6
CONTINUOUS
10
-0.7928191732283464
20
2.6740112598425196
11
-0.7950560236220472
21
2.6784012992125983
0
LINE
8
BLACK
6
CONTINUOUS
10
-0.7950560236220472
20
2.6784012992125983
11
-0.7958267716535433
21
2.6832677165354331
0
LINE
8
BLACK
6
CONTINUOUS
10
-0.7958267716535433
20
2.6832677165354331
11
-0.7950560236220472
21
2.6881341338582678
0
LINE
8
BLACK
6
CONTINUOUS
10
-0.7950560236220472
20
2.6881341338582678
11
-0.7928191732283464
21
2.6925241732283465
0
LINE
8
BLACK
6
CONTINUOUS
10
-0.7928191732283464
20
2.6925241732283465
11
-0.7893351968503937
21
2.6960081496062993
0
LINE
8
BLACK
6
CONTINUOUS
10
-0.7893351968503937
20
2.6960081496062993
11
-0.7849451574803149
21
2.698245
0
LINE
8
BLACK
6
CONTINUOUS
10
-0.7849451574803149
20
2.698245
11
-0.7800787401574802
21
2.699015748031496
0
LINE
8
BLACK
6
CONTINUOUS
10
-0.7800787401574802
20
2.699015748031496
11
-0.7752123228346457
21
2.698245
0
LINE
8
BLACK
6
CONTINUOUS
10
-0.7752123228346457
20
2.698245
11
-0.7708222834645669
21
2.6960081496062993
0
LINE
8
BLACK
6
CONTINUOUS
10
-0.7708222834645669
20
2.6960081496062993
11
-0.7673383070866141
21
2.6925241732283465
0
LINE
8
BLACK
6
CONTINUOUS
10
-0.7673383070866141
20
2.6925241732283465
11
-0.765630905511811
21
2.6891732283464567
0
LINE
8
BLACK
6
CONTINUOUS
10
-0.765630905511811
20
2.6891732283464567
11
-0.6722886614173228
21
2.6891732283464567
0
LINE
8
BLACK
6
CONTINUOUS
10
-0.6722886614173228
20
2.6891732283464567
11
-0.4614199212598425
21
2.9000419685039369
0
LINE
8
BLACK
6
CONTINUOUS
10
-0.4614199212598425
20
2.9000419685039369
11
-0.4605250393700787
21
2.9007764173228345
0
LINE
8
BLACK
6
CONTINUOUS
10
-0.4605250393700787
20
2.9007764173228345
11
-0.4590197244094488
21
2.9013999212598423
0
LINE
8
BLACK
6
CONTINUOUS
10
-0.4590197244094488
20
2.9013999212598423
11
-0.4583962204724409
21
2.901658188976378
0
LINE
8
BLACK
6
CONTINUOUS
10
-0.4583962204724409
20
2.901658188976378
11
-0.457244094488189
21
2.9017716535433071
0
LINE
8
BLACK
6
CONTINUOUS
10
-0.457244094488189
20
2.9017716535433071
11
-0.4178740157480315
21
2.9017716535433071
0
LINE
8
BLACK
6
CONTINUOUS
10
-0.4178740157480315
20
2.9017716535433071
11
-0.4178740157480315
21
2.9057086614173229
0
LINE
8
BLACK
6
CONTINUOUS
10
-0.4178740157480315
20
2.9057086614173229
11
-0.4170766141732283
21
2.9112545669291339
0
LINE
8
BLACK
6
CONTINUOUS
10
-0.4170766141732283
20
2.9112545669291339
11
-0.414749094488189
21
2.9163511811023621
0
LINE
8
BLACK
6
CONTINUOUS
10
-0.414749094488189
20
2.9163511811023621
11
-0.4110799212598425
21
2.9205856299212596
0
LINE
8
BLACK
6
CONTINUOUS
10
-0.4110799212598425
20
2.9205856299212596
11
-0.4063664566929134
21
2.9236148031496061
0
LINE
8
BLACK
6
CONTINUOUS
10
-0.4063664566929134
20
2.9236148031496061
11
-0.4009904330708661
21
2.9251933464566928
0
LINE
8
BLACK
6
CONTINUOUS
10
-0.4009904330708661
20
2.9251933464566928
11
-0.3981889763779528
21
2.9251933464566928
0
LINE
8
BLACK
6
CONTINUOUS
10
-0.3981889763779528
20
2.9251933464566928
11
-0.3981889763779528
21
2.9253937007874016
0
LINE
8
BLACK
6
CONTINUOUS
10
-0.3981889763779528
20
2.9253937007874016
11
-0.378503937007874
21
2.9253937007874016
0
LINE
8
BLACK
6
CONTINUOUS
10
-0.378503937007874
20
2.9253937007874016
11
-0.378503937007874
21
2.8663385826771655
0
LINE
8
BLACK
6
CONTINUOUS
10
-0.0566090551181102
20
3.3779578346456693
11
-0.0539705511811024
21
3.3771801181102363
0
LINE
8
BLACK
6
CONTINUOUS
10
-0.0539705511811024
20
3.3771801181102363
11
-0.0521713385826772
21
3.3750993307086614
0
LINE
8
BLACK
6
CONTINUOUS
10
-0.0521713385826772
20
3.3750993307086614
11
-0.0517322834645669
21
3.3730759448818897
0
LINE
8
BLACK
6
CONTINUOUS
10
-0.0517322834645669
20
3.3730759448818897
11
-0.0517322834645669
21
0.0050787401574803
0
LINE
8
BLACK
6
CONTINUOUS
10
-0.0517322834645669
20
0.0050787401574803
11
-0.0525072834645669
21
0.0024394094488189
0
LINE
8
BLACK
6
CONTINUOUS
10
-0.0525072834645669
20
0.0024394094488189
11
-0.0545861811023622
21
0.000638031496063
0
LINE
8
BLACK
6
CONTINUOUS
10
-0.0545861811023622
20
0.000638031496063
11
-0.0566141732283465
21
0.0001968503937008
0
LINE
8
BLACK
6
CONTINUOUS
10
-0.0566141732283465
20
0.0001968503937008
11
-0.7460866535433071
21
0.0001968503937008
0
LINE
8
BLACK
6
CONTINUOUS
10
-0.7460866535433071
20
0.0001968503937008
11
-0.7461018897637796
21
0.0001968897637795
0
LINE
8
BLACK
6
CONTINUOUS
10
-0.7461018897637796
20
0.0001968897637795
11
-0.9759994881889763
21
0.0009138582677165
0
LINE
8
BLACK
6
CONTINUOUS
10
-0.9759994881889763
20
0.0009138582677165
11
-0.9786363779527559
21
0.0016970472440945
0
LINE
8
BLACK
6
CONTINUOUS
10
-0.9786363779527559
20
0.0016970472440945
11
-0.9804312598425197
21
0.0037815748031496
0
LINE
8
BLACK
6
CONTINUOUS
10
-0.9804312598425197
20
0.0037815748031496
11
-0.9808661417322835
21
0.0057957086614173
0
LINE
8
BLACK
6
CONTINUOUS
10
-0.9808661417322835
20
0.0057957086614173
11
-0.9808661417322835
21
0.0930016535433071
0
LINE
8
BLACK
6
CONTINUOUS
10
-0.9808661417322835
20
0.0930016535433071
11
-0.9808661417322835
21
0.3236685826771654
0
LINE
8
BLACK
6
CONTINUOUS
10
-0.9808661417322835
20
0.3236685826771654
11
-0.9808661417322835
21
0.3629456299212598
0
LINE
8
BLACK
6
CONTINUOUS
10
-0.9808661417322835
20
0.3629456299212598
11
-0.9808661417322835
21
0.4433536220472441
0
LINE
8
BLACK
6
CONTINUOUS
10
-0.9808661417322835
20
0.4433536220472441
11
-0.9808661417322835
21
0.4826306692913386
0
LINE
8
BLACK
6
CONTINUOUS
10
-0.9808661417322835
20
0.4826306692913386
11
-0.9808661417322835
21
0.7467042913385826
0
LINE
8
BLACK
6
CONTINUOUS
10
-0.9808661417322835
20
0.7467042913385826
11
-0.9808661417322835
21
1.0005905905511812
0
LINE
8
BLACK
6
CONTINUOUS
10
-0.9808661417322835
20
1.0005905905511812
11
-0.9808661417322835
21
1.0907480314960629
0
LINE
8
BLACK
6
CONTINUOUS
10
-0.9808661417322835
20
1.0907480314960629
11
-0.9808661417322835
21
2.4261145275590552
0
LINE
8
BLACK
6
CONTINUOUS
10
-0.9808661417322835
20
2.4261145275590552
11
-0.9808661417322835
21
2.6447357874015749
0
LINE
8
BLACK
6
CONTINUOUS
10
-0.9808661417322835
20
2.6447357874015749
11
-0.9808661417322835
21
2.6832677952755906
0
LINE
8
BLACK
6
CONTINUOUS
10
-0.9808661417322835
20
2.6832677952755906
11
-0.9808661417322835
21
3.2930016535433069
0
LINE
8
BLACK
6
CONTINUOUS
10
-0.9808661417322835
20
3.2930016535433069
11
-0.9808661417322835
21
3.3740296850393698
0
LINE
8
BLACK
6
CONTINUOUS
10
-0.9808661417322835
20
3.3740296850393698
11
-0.9800911417322834
21
3.3766690157480315
0
LINE
8
BLACK
6
CONTINUOUS
10
-0.9800911417322834
20
3.3766690157480315
11
-0.9780122440944882
21
3.3784703937007872
0
LINE
8
BLACK
6
CONTINUOUS
10
-0.9780122440944882
20
3.3784703937007872
11
-0.9759793307086614
21
3.3789115748031495
0
LINE
8
BLACK
6
CONTINUOUS
10
-0.9759793307086614
20
3.3789115748031495
11
-0.0566090551181102
21
3.3779578346456693
0
LINE
8
BLACK
6
CONTINUOUS
10
-0.4080314960629921
20
0.3253444881889764
11
-0.408761968503937
21
0.3216720866141732
0
LINE
8
BLACK
6
CONTINUOUS
10
-0.408761968503937
20
0.3216720866141732
11
-0.4108422440944882
21
0.3185587795275591
0
LINE
8
BLACK
6
CONTINUOUS
10
-0.4108422440944882
20
0.3185587795275591
11
-0.4139555511811023
21
0.3164785039370079
0
LINE
8
BLACK
6
CONTINUOUS
10
-0.4139555511811023
20
0.3164785039370079
11
-0.4173818897637795
21
0.3157970078740158
0
LINE
8
BLACK
6
CONTINUOUS
10
-0.4173818897637795
20
0.3157970078740158
11
-0.4173818897637795
21
0.3039370078740157
0
LINE
8
BLACK
6
CONTINUOUS
10
-0.4173818897637795
20
0.3039370078740157
11
-0.4159520472440945
21
0.3039370078740157
0
LINE
8
BLACK
6
CONTINUOUS
10
-0.4159520472440945
20
0.3039370078740157
11
-0.4125118897637795
21
0.304350157480315
0
LINE
8
BLACK
6
CONTINUOUS
10
-0.4125118897637795
20
0.304350157480315
11
-0.4125118503937008
21
0.304350157480315
0
LINE
8
BLACK
6
CONTINUOUS
10
-0.4125118503937008
20
0.304350157480315
11
-0.4070372047244095
21
0.306509094488189
0
LINE
8
BLACK
6
CONTINUOUS
10
-0.4070372047244095
20
0.306509094488189
11
-0.4023482677165354
21
0.3100648031496063
0
LINE
8
BLACK
6
CONTINUOUS
10
-0.4023482677165354
20
0.3100648031496063
11
-0.3987925590551181
21
0.3147537401574803
0
LINE
8
BLACK
6
CONTINUOUS
10
-0.3987925590551181
20
0.3147537401574803
11
-0.3966336220472441
21
0.3202283858267717
0
LINE
8
BLACK
6
CONTINUOUS
10
-0.3966336220472441
20
0.3202283858267717
11
-0.3966336220472441
21
0.3202284251968504
0
LINE
8
BLACK
6
CONTINUOUS
10
-0.3966336220472441
20
0.3202284251968504
11
-0.3962204724409449
21
0.3236685826771654
0
LINE
8
BLACK
6
CONTINUOUS
10
-0.3962204724409449
20
0.3236685826771654
11
-0.3962204724409449
21
0.3334645669291338
0
LINE
8
BLACK
6
CONTINUOUS
10
-0.3962204724409449
20
0.3334645669291338
11
-0.4080314960629921
21
0.3334645669291338
0
LINE
8
BLACK
6
CONTINUOUS
10
-0.4080314960629921
20
0.3334645669291338
11
-0.4080314960629921
21
0.3253444881889764
0
LINE
8
BLACK
6
CONTINUOUS
10
-0.4173818897637795
20
0.3708172047244094
11
-0.4139555511811023
21
0.3701356692913386
0
LINE
8
BLACK
6
CONTINUOUS
10
-0.4139555511811023
20
0.3701356692913386
11
-0.4108422440944882
21
0.3680553937007874
0
LINE
8
BLACK
6
CONTINUOUS
10
-0.4108422440944882
20
0.3680553937007874
11
-0.408761968503937
21
0.3649420866141732
0
LINE
8
BLACK
6
CONTINUOUS
10
-0.408761968503937
20
0.3649420866141732
11
-0.4080314960629921
21
0.3612696850393701
0
LINE
8
BLACK
6
CONTINUOUS
10
-0.4080314960629921
20
0.3612696850393701
11
-0.4080314960629921
21
0.3531496062992126
0
LINE
8
BLACK
6
CONTINUOUS
10
-0.4080314960629921
20
0.3531496062992126
11
-0.3962204724409449
21
0.3531496062992126
0
LINE
8
BLACK
6
CONTINUOUS
10
-0.3962204724409449
20
0.3531496062992126
11
-0.3962204724409449
21
0.3629456299212598
0
LINE
8
BLACK
6
CONTINUOUS
10
-0.3962204724409449
20
0.3629456299212598
11
-0.3962722440944882
21
0.3633767322834646
0
LINE
8
BLACK
6
CONTINUOUS
10
-0.3962722440944882
20
0.3633767322834646
11
-0.3966336220472441
21
0.3663857874015748
0
LINE
8
BLACK
6
CONTINUOUS
10
-0.3966336220472441
20
0.3663857874015748
11
-0.3966336220472441
21
0.3663858267716535
0
LINE
8
BLACK
6
CONTINUOUS
10
-0.3966336220472441
20
0.3663858267716535
11
-0.3987925590551181
21
0.3718604724409449
0
LINE
8
BLACK
6
CONTINUOUS
10
-0.3987925590551181
20
0.3718604724409449
11
-0.4023482677165354
21
0.3765494094488189
0
LINE
8
BLACK
6
CONTINUOUS
10
-0.4023482677165354
20
0.3765494094488189
11
-0.4070372047244095
21
0.3801051181102362
0
LINE
8
BLACK
6
CONTINUOUS
10
-0.4070372047244095
20
0.3801051181102362
11
-0.4125118897637795
21
0.3822640551181102
0
LINE
8
BLACK
6
CONTINUOUS
10
-0.4125118897637795
20
0.3822640551181102
11
-0.4159520472440945
21
0.3826771653543307
0
LINE
8
BLACK
6
CONTINUOUS
10
-0.4159520472440945
20
0.3826771653543307
11
-0.4173818897637795
21
0.3826771653543307
0
LINE
8
BLACK
6
CONTINUOUS
10
-0.4173818897637795
20
0.3826771653543307
11
-0.4173818897637795
21
0.3708172047244094
0
LINE
8
BLACK
6
CONTINUOUS
10
-0.380492125984252
20
0.3232374803149606
11
-0.3803813779527559
21
0.3220563385826772
0
LINE
8
BLACK
6
CONTINUOUS
10
-0.3803813779527559
20
0.3220563385826772
11
-0.3803812992125984
21
0.3220558661417323
0
LINE
8
BLACK
6
CONTINUOUS
10
-0.3803812992125984
20
0.3220558661417323
11
-0.37864
21
0.3170796062992126
0
LINE
8
BLACK
6
CONTINUOUS
10
-0.37864
20
0.3170796062992126
11
-0.3786399606299212
21
0.3170795275590551
0
LINE
8
BLACK
6
CONTINUOUS
10
-0.3786399606299212
20
0.3170795275590551
11
-0.375509094488189
21
0.3128374015748032
0
LINE
8
BLACK
6
CONTINUOUS
10
-0.375509094488189
20
0.3128374015748032
11
-0.371266968503937
21
0.3097065354330709
0
LINE
8
BLACK
6
CONTINUOUS
10
-0.371266968503937
20
0.3097065354330709
11
-0.3712668897637795
21
0.3097064960629921
0
LINE
8
BLACK
6
CONTINUOUS
10
-0.3712668897637795
20
0.3097064960629921
11
-0.3662906299212598
21
0.3079651968503937
0
LINE
8
BLACK
6
CONTINUOUS
10
-0.3662906299212598
20
0.3079651968503937
11
-0.3662904724409449
21
0.3079651968503937
0
LINE
8
BLACK
6
CONTINUOUS
10
-0.3662904724409449
20
0.3079651968503937
11
-0.3662903149606299
21
0.3079651181102362
0
LINE
8
BLACK
6
CONTINUOUS
10
-0.3662903149606299
20
0.3079651181102362
11
-0.3656995669291339
21
0.3079097244094488
0
LINE
8
BLACK
6
CONTINUOUS
10
-0.3656995669291339
20
0.3079097244094488
11
-0.3651089763779528
21
0.3078543307086614
0
LINE
8
BLACK
6
CONTINUOUS
10
-0.3651089763779528
20
0.3078543307086614
11
-0.3651088188976378
21
0.3078543307086614
0
LINE
8
BLACK
6
CONTINUOUS
10
-0.3651088188976378
20
0.3078543307086614
11
-0.3417020472440945
21
0.3078543307086614
0
LINE
8
BLACK
6
CONTINUOUS
10
-0.3417020472440945
20
0.3078543307086614
11
-0.341177125984252
21
0.3079035826771653
0
LINE
8
BLACK
6
CONTINUOUS
10
-0.341177125984252
20
0.3079035826771653
11
-0.3405207086614173
21
0.3079651181102362
0
LINE
8
BLACK
6
CONTINUOUS
10
-0.3405207086614173
20
0.3079651181102362
11
-0.3405205511811024
21
0.3079651968503937
0
LINE
8
BLACK
6
CONTINUOUS
10
-0.3405205511811024
20
0.3079651968503937
11
-0.3405204330708662
21
0.3079651968503937
0
LINE
8
BLACK
6
CONTINUOUS
10
-0.3405204330708662
20
0.3079651968503937
11
-0.3368993700787402
21
0.3092322834645669
0
LINE
8
BLACK
6
CONTINUOUS
10
-0.3368993700787402
20
0.3092322834645669
11
-0.3355441338582677
21
0.3097064960629921
0
LINE
8
BLACK
6
CONTINUOUS
10
-0.3355441338582677
20
0.3097064960629921
11
-0.331301968503937
21
0.3128374015748032
0
LINE
8
BLACK
6
CONTINUOUS
10
-0.331301968503937
20
0.3128374015748032
11
-0.328171062992126
21
0.3170795669291339
0
LINE
8
BLACK
6
CONTINUOUS
10
-0.328171062992126
20
0.3170795669291339
11
-0.3264296850393701
21
0.3220561417322835
0
LINE
8
BLACK
6
CONTINUOUS
10
-0.3264296850393701
20
0.3220561417322835
11
-0.3263846850393701
21
0.3225361811023622
0
LINE
8
BLACK
6
CONTINUOUS
10
-0.3263846850393701
20
0.3225361811023622
11
-0.3253668503937008
21
0.3250915748031496
0
LINE
8
BLACK
6
CONTINUOUS
10
-0.3253668503937008
20
0.3250915748031496
11
-0.323128937007874
21
0.3266911023622047
0
LINE
8
BLACK
6
CONTINUOUS
10
-0.323128937007874
20
0.3266911023622047
11
-0.3203814960629921
21
0.326826811023622
0
LINE
8
BLACK
6
CONTINUOUS
10
-0.3203814960629921
20
0.326826811023622
11
-0.3179968503937008
21
0.3254555905511811
0
LINE
8
BLACK
6
CONTINUOUS
10
-0.3179968503937008
20
0.3254555905511811
11
-0.3169162204724409
21
0.3236929527559055
0
LINE
8
BLACK
6
CONTINUOUS
10
-0.3169162204724409
20
0.3236929527559055
11
-0.3151296850393701
21
0.3185874015748031
0
LINE
8
BLACK
6
CONTINUOUS
10
-0.3151296850393701
20
0.3185874015748031
11
-0.3151296456692914
21
0.3185873228346456
0
LINE
8
BLACK
6
CONTINUOUS
10
-0.3151296456692914
20
0.3185873228346456
11
-0.3119547244094488
21
0.3142854330708661
0
LINE
8
BLACK
6
CONTINUOUS
10
-0.3119547244094488
20
0.3142854330708661
11
-0.3076528346456693
21
0.3111105118110236
0
LINE
8
BLACK
6
CONTINUOUS
10
-0.3076528346456693
20
0.3111105118110236
11
-0.3059706692913386
21
0.3105218897637795
0
LINE
8
BLACK
6
CONTINUOUS
10
-0.3059706692913386
20
0.3105218897637795
11
-0.3026063385826772
21
0.3093446456692913
0
LINE
8
BLACK
6
CONTINUOUS
10
-0.3026063385826772
20
0.3093446456692913
11
-0.3014082677165354
21
0.3092322834645669
0
LINE
8
BLACK
6
CONTINUOUS
10
-0.3014082677165354
20
0.3092322834645669
11
-0.3014081102362204
21
0.3092322834645669
0
LINE
8
BLACK
6
CONTINUOUS
10
-0.3014081102362204
20
0.3092322834645669
11
-0.276465748031496
21
0.3092322834645669
0
LINE
8
BLACK
6
CONTINUOUS
10
-0.276465748031496
20
0.3092322834645669
11
-0.2752677559055118
21
0.3093446456692913
0
LINE
8
BLACK
6
CONTINUOUS
10
-0.2752677559055118
20
0.3093446456692913
11
-0.2752676771653543
21
0.3093446456692913
0
LINE
8
BLACK
6
CONTINUOUS
10
-0.2752676771653543
20
0.3093446456692913
11
-0.2727444881889764
21
0.3102275984251969
0
LINE
8
BLACK
6
CONTINUOUS
10
-0.2727444881889764
20
0.3102275984251969
11
-0.2702211811023622
21
0.3111105118110236
0
LINE
8
BLACK
6
CONTINUOUS
10
-0.2702211811023622
20
0.3111105118110236
11
-0.2659192913385827
21
0.3142854330708661
0
LINE
8
BLACK
6
CONTINUOUS
10
-0.2659192913385827
20
0.3142854330708661
11
-0.2627443700787401
21
0.3185873228346456
0
LINE
8
BLACK
6
CONTINUOUS
10
-0.2627443700787401
20
0.3185873228346456
11
-0.2615305118110236
21
0.3220563385826772
0
LINE
8
BLACK
6
CONTINUOUS
10
-0.2615305118110236
20
0.3220563385826772
11
-0.2609785039370079
21
0.3236338188976378
0
LINE
8
BLACK
6
CONTINUOUS
10
-0.2609785039370079
20
0.3236338188976378
11
-0.2609785039370079
21
0.3236338976377953
0
LINE
8
BLACK
6
CONTINUOUS
10
-0.2609785039370079
20
0.3236338976377953
11
-0.2608661417322835
21
0.3248319291338583
0
LINE
8
BLACK
6
CONTINUOUS
10
-0.2608661417322835
20
0.3248319291338583
11
-0.2608661417322835
21
0.364538188976378
0
LINE
8
BLACK
6
CONTINUOUS
10
-0.2608661417322835
20
0.364538188976378
11
-0.2609785039370079
21
0.3657362204724409
0
LINE
8
BLACK
6
CONTINUOUS
10
-0.2609785039370079
20
0.3657362204724409
11
-0.2609785039370079
21
0.3657362992125984
0
LINE
8
BLACK
6
CONTINUOUS
10
-0.2609785039370079
20
0.3657362992125984
11
-0.2627443700787401
21
0.370782716535433
0
LINE
8
BLACK
6
CONTINUOUS
10
-0.2627443700787401
20
0.370782716535433
11
-0.2627444094488189
21
0.3707827952755905
0
LINE
8
BLACK
6
CONTINUOUS
10
-0.2627444094488189
20
0.3707827952755905
11
-0.2649540551181102
21
0.3737767716535433
0
LINE
8
BLACK
6
CONTINUOUS
10
-0.2649540551181102
20
0.3737767716535433
11
-0.2659192913385827
21
0.3750846456692913
0
LINE
8
BLACK
6
CONTINUOUS
10
-0.2659192913385827
20
0.3750846456692913
11
-0.2702211811023622
21
0.3782595669291339
0
LINE
8
BLACK
6
CONTINUOUS
10
-0.2702211811023622
20
0.3782595669291339
11
-0.2702212598425197
21
0.3782596062992126
0
LINE
8
BLACK
6
CONTINUOUS
10
-0.2702212598425197
20
0.3782596062992126
11
-0.2752677165354331
21
0.3800254724409449
0
LINE
8
BLACK
6
CONTINUOUS
10
-0.2752677165354331
20
0.3800254724409449
11
-0.276465748031496
21
0.3801377952755906
0
LINE
8
BLACK
6
CONTINUOUS
10
-0.276465748031496
20
0.3801377952755906
11
-0.276465905511811
21
0.3801377952755906
0
LINE
8
BLACK
6
CONTINUOUS
10
-0.276465905511811
20
0.3801377952755906
11
-0.3014081102362204
21
0.3801377952755906
0
LINE
8
BLACK
6
CONTINUOUS
10
-0.3014081102362204
20
0.3801377952755906
11
-0.3014082677165354
21
0.3801377952755906
0
LINE
8
BLACK
6
CONTINUOUS
10
-0.3014082677165354
20
0.3801377952755906
11
-0.3026062992125984
21
0.3800254724409449
0
LINE
8
BLACK
6
CONTINUOUS
10
-0.3026062992125984
20
0.3800254724409449
11
-0.3026063779527559
21
0.3800254724409449
0
LINE
8
BLACK
6
CONTINUOUS
10
-0.3026063779527559
20
0.3800254724409449
11
-0.3076527952755905
21
0.3782596062992126
0
LINE
8
BLACK
6
CONTINUOUS
10
-0.3076527952755905
20
0.3782596062992126
11
-0.307652874015748
21
0.3782595669291339
0
LINE
8
BLACK
6
CONTINUOUS
10
-0.307652874015748
20
0.3782595669291339
11
-0.3119547244094488
21
0.3750846456692913
0
LINE
8
BLACK
6
CONTINUOUS
10
-0.3119547244094488
20
0.3750846456692913
11
-0.3151296456692914
21
0.3707827952755905
0
LINE
8
BLACK
6
CONTINUOUS
10
-0.3151296456692914
20
0.3707827952755905
11
-0.3151296850393701
21
0.370782716535433
0
LINE
8
BLACK
6
CONTINUOUS
10
-0.3151296850393701
20
0.370782716535433
11
-0.3168955511811024
21
0.3657362992125984
0
LINE
8
BLACK
6
CONTINUOUS
10
-0.3168955511811024
20
0.3657362992125984
11
-0.3169110236220473
21
0.3655709842519685
0
LINE
8
BLACK
6
CONTINUOUS
10
-0.3169110236220473
20
0.3655709842519685
11
-0.3169566141732283
21
0.3654566535433071
0
LINE
8
BLACK
6
CONTINUOUS
10
-0.3169566141732283
20
0.3654566535433071
11
-0.3169588976377953
21
0.365446062992126
0
LINE
8
BLACK
6
CONTINUOUS
10
-0.3169588976377953
20
0.365446062992126
11
-0.3169606692913386
21
0.3654464566929134
0
LINE
8
BLACK
6
CONTINUOUS
10
-0.3169606692913386
20
0.3654464566929134
11
-0.3179292125984252
21
0.3630155905511811
0
LINE
8
BLACK
6
CONTINUOUS
10
-0.3179292125984252
20
0.3630155905511811
11
-0.3201672834645669
21
0.3614162992125984
0
LINE
8
BLACK
6
CONTINUOUS
10
-0.3201672834645669
20
0.3614162992125984
11
-0.3229147244094488
21
0.3612808661417323
0
LINE
8
BLACK
6
CONTINUOUS
10
-0.3229147244094488
20
0.3612808661417323
11
-0.3252992125984252
21
0.3626523622047244
0
LINE
8
BLACK
6
CONTINUOUS
10
-0.3252992125984252
20
0.3626523622047244
11
-0.3263794881889764
21
0.3644146456692913
0
LINE
8
BLACK
6
CONTINUOUS
10
-0.3263794881889764
20
0.3644146456692913
11
-0.328171062992126
21
0.3695346062992126
0
LINE
8
BLACK
6
CONTINUOUS
10
-0.328171062992126
20
0.3695346062992126
11
-0.3281711023622047
21
0.3695346850393701
0
LINE
8
BLACK
6
CONTINUOUS
10
-0.3281711023622047
20
0.3695346850393701
11
-0.331301968503937
21
0.373776811023622
0
LINE
8
BLACK
6
CONTINUOUS
10
-0.331301968503937
20
0.373776811023622
11
-0.3355440944881889
21
0.3769076771653543
0
LINE
8
BLACK
6
CONTINUOUS
10
-0.3355440944881889
20
0.3769076771653543
11
-0.3355441732283465
21
0.376907716535433
0
LINE
8
BLACK
6
CONTINUOUS
10
-0.3355441732283465
20
0.376907716535433
11
-0.3405204330708662
21
0.3786490157480315
0
LINE
8
BLACK
6
CONTINUOUS
10
-0.3405204330708662
20
0.3786490157480315
11
-0.340520905511811
21
0.378649094488189
0
LINE
8
BLACK
6
CONTINUOUS
10
-0.340520905511811
20
0.378649094488189
11
-0.3417020472440945
21
0.378759842519685
0
LINE
8
BLACK
6
CONTINUOUS
10
-0.3417020472440945
20
0.378759842519685
11
-0.3417022047244094
21
0.378759842519685
0
LINE
8
BLACK
6
CONTINUOUS
10
-0.3417022047244094
20
0.378759842519685
11
-0.3651088188976378
21
0.378759842519685
0
LINE
8
BLACK
6
CONTINUOUS
10
-0.3651088188976378
20
0.378759842519685
11
-0.3651089763779528
21
0.378759842519685
0
LINE
8
BLACK
6
CONTINUOUS
10
-0.3651089763779528
20
0.378759842519685
11
-0.366290157480315
21
0.378649094488189
0
LINE
8
BLACK
6
CONTINUOUS
10
-0.366290157480315
20
0.378649094488189
11
-0.3662906299212598
21
0.3786490157480315
0
LINE
8
BLACK
6
CONTINUOUS
10
-0.3662906299212598
20
0.3786490157480315
11
-0.3712668897637795
21
0.376907716535433
0
LINE
8
BLACK
6
CONTINUOUS
10
-0.3712668897637795
20
0.376907716535433
11
-0.371266968503937
21
0.3769076771653543
0
LINE
8
BLACK
6
CONTINUOUS
10
-0.371266968503937
20
0.3769076771653543
11
-0.375509094488189
21
0.373776811023622
0
LINE
8
BLACK
6
CONTINUOUS
10
-0.375509094488189
20
0.373776811023622
11
-0.3786399606299212
21
0.3695346850393701
0
LINE
8
BLACK
6
CONTINUOUS
10
-0.3786399606299212
20
0.3695346850393701
11
-0.37864
21
0.3695346062992126
0
LINE
8
BLACK
6
CONTINUOUS
10
-0.37864
20
0.3695346062992126
11
-0.3803812992125984
21
0.3645583464566929
0
LINE
8
BLACK
6
CONTINUOUS
10
-0.3803812992125984
20
0.3645583464566929
11
-0.3803813779527559
21
0.364557874015748
0
LINE
8
BLACK
6
CONTINUOUS
10
-0.3803813779527559
20
0.364557874015748
11
-0.380492125984252
21
0.3633767322834646
0
LINE
8
BLACK
6
CONTINUOUS
10
-0.380492125984252
20
0.3633767322834646
11
-0.380492125984252
21
0.3232374803149606
0
LINE
8
BLACK
6
CONTINUOUS
10
-0.9636023622047244
20
1.2161689763779526
11
-0.9626491338582677
21
1.2126113385826771
0
LINE
8
BLACK
6
CONTINUOUS
10
-0.9626491338582677
20
1.2126113385826771
11
-0.9623937007874016
21
1.2116580708661417
0
LINE
8
BLACK
6
CONTINUOUS
10
-0.9623937007874016
20
1.2116580708661417
11
-0.9623937007874016
21
1.211658031496063
0
LINE
8
BLACK
6
CONTINUOUS
10
-0.9623937007874016
20
1.211658031496063
11
-0.9623936614173229
21
1.2116579921259842
0
LINE
8
BLACK
6
CONTINUOUS
10
-0.9623936614173229
20
1.2116579921259842
11
-0.9600586220472441
21
1.207613622047244
0
LINE
8
BLACK
6
CONTINUOUS
10
-0.9600586220472441
20
1.207613622047244
11
-0.9280162992125984
21
1.1755712992125984
0
LINE
8
BLACK
6
CONTINUOUS
10
-0.9280162992125984
20
1.1755712992125984
11
-0.9239719291338583
21
1.1732362598425197
0
LINE
8
BLACK
6
CONTINUOUS
10
-0.9239719291338583
20
1.1732362598425197
11
-0.9230188582677166
21
1.1729809448818898
0
LINE
8
BLACK
6
CONTINUOUS
10
-0.9230188582677166
20
1.1729809448818898
11
-0.9230187401574803
21
1.1729808661417322
0
LINE
8
BLACK
6
CONTINUOUS
10
-0.9230187401574803
20
1.1729808661417322
11
-0.9230187007874016
21
1.1729808661417322
0
LINE
8
BLACK
6
CONTINUOUS
10
-0.9230187007874016
20
1.1729808661417322
11
-0.9216111417322834
21
1.1726037401574803
0
LINE
8
BLACK
6
CONTINUOUS
10
-0.9216111417322834
20
1.1726037401574803
11
-0.9194609842519685
21
1.1720275590551181
0
LINE
8
BLACK
6
CONTINUOUS
10
-0.9194609842519685
20
1.1720275590551181
11
-0.919460905511811
21
1.1720275590551181
0
LINE
8
BLACK
6
CONTINUOUS
10
-0.919460905511811
20
1.1720275590551181
11
-0.9191519291338582
21
1.1719447637795275
0
LINE
8
BLACK
6
CONTINUOUS
10
-0.9191519291338582
20
1.1719447637795275
11
-0.919169251968504
21
1.1718801968503936
0
LINE
8
BLACK
6
CONTINUOUS
10
-0.919169251968504
20
1.1718801968503936
11
-0.9170044881889764
21
1.1709228346456693
0
LINE
8
BLACK
6
CONTINUOUS
10
-0.9170044881889764
20
1.1709228346456693
11
-0.9158515354330709
21
1.1694966535433071
0
LINE
8
BLACK
6
CONTINUOUS
10
-0.9158515354330709
20
1.1694966535433071
11
-0.9148694881889764
21
1.1676594488188976
0
LINE
8
BLACK
6
CONTINUOUS
10
-0.9148694881889764
20
1.1676594488188976
11
-0.9142754724409449
21
1.1669356299212599
0
LINE
8
BLACK
6
CONTINUOUS
10
-0.9142754724409449
20
1.1669356299212599
11
-0.909701220472441
21
1.1613618110236221
0
LINE
8
BLACK
6
CONTINUOUS
10
-0.909701220472441
20
1.1613618110236221
11
-0.9070012204724409
21
1.1591460236220472
0
LINE
8
BLACK
6
CONTINUOUS
10
-0.9070012204724409
20
1.1591460236220472
11
-0.9034035433070866
21
1.1561935039370079
0
LINE
8
BLACK
6
CONTINUOUS
10
-0.9034035433070866
20
1.1561935039370079
11
-0.8962186614173228
21
1.1523530708661418
0
LINE
8
BLACK
6
CONTINUOUS
10
-0.8962186614173228
20
1.1523530708661418
11
-0.8884225984251969
21
1.1499881889763779
0
LINE
8
BLACK
6
CONTINUOUS
10
-0.8884225984251969
20
1.1499881889763779
11
-0.8884226377952755
21
1.1499881889763779
0
LINE
8
BLACK
6
CONTINUOUS
10
-0.8884226377952755
20
1.1499881889763779
11
-0.8877007086614173
21
1.1499170866141732
0
LINE
8
BLACK
6
CONTINUOUS
10
-0.8877007086614173
20
1.1499170866141732
11
-0.8803149606299212
21
1.1491896456692914
0
LINE
8
BLACK
6
CONTINUOUS
10
-0.8803149606299212
20
1.1491896456692914
11
-0.8722073228346456
21
1.1499881889763779
0
LINE
8
BLACK
6
CONTINUOUS
10
-0.8722073228346456
20
1.1499881889763779
11
-0.8644112598425197
21
1.1523530708661418
0
LINE
8
BLACK
6
CONTINUOUS
10
-0.8644112598425197
20
1.1523530708661418
11
-0.8572263779527559
21
1.1561935039370079
0
LINE
8
BLACK
6
CONTINUOUS
10
-0.8572263779527559
20
1.1561935039370079
11
-0.8509287401574803
21
1.1613618110236221
0
LINE
8
BLACK
6
CONTINUOUS
10
-0.8509287401574803
20
1.1613618110236221
11
-0.8457604330708661
21
1.1676594488188976
0
LINE
8
BLACK
6
CONTINUOUS
10
-0.8457604330708661
20
1.1676594488188976
11
-0.8448049606299213
21
1.1694470472440945
0
LINE
8
BLACK
6
CONTINUOUS
10
-0.8448049606299213
20
1.1694470472440945
11
-0.8428772834645669
21
1.17140937007874
0
LINE
8
BLACK
6
CONTINUOUS
10
-0.8428772834645669
20
1.17140937007874
11
-0.8404995275590551
21
1.1720275590551181
0
LINE
8
BLACK
6
CONTINUOUS
10
-0.8404995275590551
20
1.1720275590551181
11
-0.8201303937007873
21
1.1720275590551181
0
LINE
8
BLACK
6
CONTINUOUS
10
-0.8201303937007873
20
1.1720275590551181
11
-0.8174910629921259
21
1.1712525590551182
0
LINE
8
BLACK
6
CONTINUOUS
10
-0.8174910629921259
20
1.1712525590551182
11
-0.815825
21
1.1694470472440945
0
LINE
8
BLACK
6
CONTINUOUS
10
-0.815825
20
1.1694470472440945
11
-0.8148694881889763
21
1.1676594488188976
0
LINE
8
BLACK
6
CONTINUOUS
10
-0.8148694881889763
20
1.1676594488188976
11
-0.8142754724409449
21
1.1669356299212599
0
LINE
8
BLACK
6
CONTINUOUS
10
-0.8142754724409449
20
1.1669356299212599
11
-0.809701220472441
21
1.1613618110236221
0
LINE
8
BLACK
6
CONTINUOUS
10
-0.809701220472441
20
1.1613618110236221
11
-0.8070012204724409
21
1.1591460236220472
0
LINE
8
BLACK
6
CONTINUOUS
10
-0.8070012204724409
20
1.1591460236220472
11
-0.8034035433070866
21
1.1561935039370079
0
LINE
8
BLACK
6
CONTINUOUS
10
-0.8034035433070866
20
1.1561935039370079
11
-0.7962186614173228
21
1.1523530708661418
0
LINE
8
BLACK
6
CONTINUOUS
10
-0.7962186614173228
20
1.1523530708661418
11
-0.7884225984251968
21
1.1499881889763779
0
LINE
8
BLACK
6
CONTINUOUS
10
-0.7884225984251968
20
1.1499881889763779
11
-0.7884226377952755
21
1.1499881889763779
0
LINE
8
BLACK
6
CONTINUOUS
10
-0.7884226377952755
20
1.1499881889763779
11
-0.7877007086614173
21
1.1499170866141732
0
LINE
8
BLACK
6
CONTINUOUS
10
-0.7877007086614173
20
1.1499170866141732
11
-0.7803149606299212
21
1.1491896456692914
0
LINE
8
BLACK
6
CONTINUOUS
10
-0.7803149606299212
20
1.1491896456692914
11
-0.7722073228346457
21
1.1499881889763779
0
LINE
8
BLACK
6
CONTINUOUS
10
-0.7722073228346457
20
1.1499881889763779
11
-0.7644112598425197
21
1.1523530708661418
0
LINE
8
BLACK
6
CONTINUOUS
10
-0.7644112598425197
20
1.1523530708661418
11
-0.7572263779527559
21
1.1561935039370079
0
LINE
8
BLACK
6
CONTINUOUS
10
-0.7572263779527559
20
1.1561935039370079
11
-0.7509287401574803
21
1.1613618110236221
0
LINE
8
BLACK
6
CONTINUOUS
10
-0.7509287401574803
20
1.1613618110236221
11
-0.7457604330708661
21
1.1676594488188976
0
LINE
8
BLACK
6
CONTINUOUS
10
-0.7457604330708661
20
1.1676594488188976
11
-0.74192
21
1.1748443307086613
0
LINE
8
BLACK
6
CONTINUOUS
10
-0.74192
20
1.1748443307086613
11
-0.7395551181102362
21
1.1826403937007874
0
LINE
8
BLACK
6
CONTINUOUS
10
-0.7395551181102362
20
1.1826403937007874
11
-0.7387565748031496
21
1.190748031496063
0
LINE
8
BLACK
6
CONTINUOUS
10
-0.7387565748031496
20
1.190748031496063
11
-0.7395551181102362
21
1.1988556692913386
0
LINE
8
BLACK
6
CONTINUOUS
10
-0.7395551181102362
20
1.1988556692913386
11
-0.74192
21
1.2066517322834645
0
LINE
8
BLACK
6
CONTINUOUS
10
-0.74192
20
1.2066517322834645
11
-0.7457604330708661
21
1.2138366141732284
0
LINE
8
BLACK
6
CONTINUOUS
10
-0.7457604330708661
20
1.2138366141732284
11
-0.7497523228346457
21
1.2187007874015747
0
LINE
8
BLACK
6
CONTINUOUS
10
-0.7497523228346457
20
1.2187007874015747
11
-0.7509287401574803
21
1.2201342913385826
0
LINE
8
BLACK
6
CONTINUOUS
10
-0.7509287401574803
20
1.2201342913385826
11
-0.7572262992125984
21
1.2253024803149606
0
LINE
8
BLACK
6
CONTINUOUS
10
-0.7572262992125984
20
1.2253024803149606
11
-0.7572262598425197
21
1.2253024803149606
0
LINE
8
BLACK
6
CONTINUOUS
10
-0.7572262598425197
20
1.2253024803149606
11
-0.7572263779527559
21
1.2253025590551181
0
LINE
8
BLACK
6
CONTINUOUS
10
-0.7572263779527559
20
1.2253025590551181
11
-0.7644112598425197
21
1.2291429921259842
0
LINE
8
BLACK
6
CONTINUOUS
10
-0.7644112598425197
20
1.2291429921259842
11
-0.7722073228346457
21
1.2315078740157479
0
LINE
8
BLACK
6
CONTINUOUS
10
-0.7722073228346457
20
1.2315078740157479
11
-0.7722074015748032
21
1.2315079133858267
0
LINE
8
BLACK
6
CONTINUOUS
10
-0.7722074015748032
20
1.2315079133858267
11
-0.7722073228346457
21
1.2315079133858267
0
LINE
8
BLACK
6
CONTINUOUS
10
-0.7722073228346457
20
1.2315079133858267
11
-0.7803149606299212
21
1.2323064173228346
0
LINE
8
BLACK
6
CONTINUOUS
10
-0.7803149606299212
20
1.2323064173228346
11
-0.788422559055118
21
1.2315079133858267
0
LINE
8
BLACK
6
CONTINUOUS
10
-0.788422559055118
20
1.2315079133858267
11
-0.796218779527559
21
1.2291429527559055
0
LINE
8
BLACK
6
CONTINUOUS
10
-0.796218779527559
20
1.2291429527559055
11
-0.7985953149606299
21
1.2278726377952756
0
LINE
8
BLACK
6
CONTINUOUS
10
-0.7985953149606299
20
1.2278726377952756
11
-0.8034035433070866
21
1.2253025590551181
0
LINE
8
BLACK
6
CONTINUOUS
10
-0.8034035433070866
20
1.2253025590551181
11
-0.803403622047244
21
1.2253025196850393
0
LINE
8
BLACK
6
CONTINUOUS
10
-0.803403622047244
20
1.2253025196850393
11
-0.8034036614173228
21
1.2253024803149606
0
LINE
8
BLACK
6
CONTINUOUS
10
-0.8034036614173228
20
1.2253024803149606
11
-0.809701220472441
21
1.2201342913385826
0
LINE
8
BLACK
6
CONTINUOUS
10
-0.809701220472441
20
1.2201342913385826
11
-0.8148694881889763
21
1.2138366535433072
0
LINE
8
BLACK
6
CONTINUOUS
10
-0.8148694881889763
20
1.2138366535433072
11
-0.8148696850393701
21
1.2138364173228346
0
LINE
8
BLACK
6
CONTINUOUS
10
-0.8148696850393701
20
1.2138364173228346
11
-0.8168771653543306
21
1.2100805905511811
0
LINE
8
BLACK
6
CONTINUOUS
10
-0.8168771653543306
20
1.2100805905511811
11
-0.8188048031496062
21
1.2081181889763779
0
LINE
8
BLACK
6
CONTINUOUS
10
-0.8188048031496062
20
1.2081181889763779
11
-0.8211825984251968
21
1.2075
0
LINE
8
BLACK
6
CONTINUOUS
10
-0.8211825984251968
20
1.2075
11
-0.8394473228346456
21
1.2075
0
LINE
8
BLACK
6
CONTINUOUS
10
-0.8394473228346456
20
1.2075
11
-0.842086653543307
21
1.208275
0
LINE
8
BLACK
6
CONTINUOUS
10
-0.842086653543307
20
1.208275
11
-0.8437527559055118
21
1.2100805905511811
0
LINE
8
BLACK
6
CONTINUOUS
10
-0.8437527559055118
20
1.2100805905511811
11
-0.8457602755905511
21
1.2138364173228346
0
LINE
8
BLACK
6
CONTINUOUS
10
-0.8457602755905511
20
1.2138364173228346
11
-0.8457604724409449
21
1.2138366535433072
0
LINE
8
BLACK
6
CONTINUOUS
10
-0.8457604724409449
20
1.2138366535433072
11
-0.8457605511811024
21
1.2138367322834644
0
LINE
8
BLACK
6
CONTINUOUS
10
-0.8457605511811024
20
1.2138367322834644
11
-0.8473447244094487
21
1.2157670866141732
0
LINE
8
BLACK
6
CONTINUOUS
10
-0.8473447244094487
20
1.2157670866141732
11
-0.8509287401574803
21
1.2201342913385826
0
LINE
8
BLACK
6
CONTINUOUS
10
-0.8509287401574803
20
1.2201342913385826
11
-0.8572262992125984
21
1.2253024803149606
0
LINE
8
BLACK
6
CONTINUOUS
10
-0.8572262992125984
20
1.2253024803149606
11
-0.8572262598425197
21
1.2253024803149606
0
LINE
8
BLACK
6
CONTINUOUS
10
-0.8572262598425197
20
1.2253024803149606
11
-0.8572263779527559
21
1.2253025590551181
0
LINE
8
BLACK
6
CONTINUOUS
10
-0.8572263779527559
20
1.2253025590551181
11
-0.8644112598425197
21
1.2291429921259842
0
LINE
8
BLACK
6
CONTINUOUS
10
-0.8644112598425197
20
1.2291429921259842
11
-0.8722073228346456
21
1.2315078740157479
0
LINE
8
BLACK
6
CONTINUOUS
10
-0.8722073228346456
20
1.2315078740157479
11
-0.8722074015748031
21
1.2315079133858267
0
LINE
8
BLACK
6
CONTINUOUS
10
-0.8722074015748031
20
1.2315079133858267
11
-0.8722073228346456
21
1.2315079133858267
0
LINE
8
BLACK
6
CONTINUOUS
10
-0.8722073228346456
20
1.2315079133858267
11
-0.8803149606299212
21
1.2323064173228346
0
LINE
8
BLACK
6
CONTINUOUS
10
-0.8803149606299212
20
1.2323064173228346
11
-0.8884225590551181
21
1.2315079133858267
0
LINE
8
BLACK
6
CONTINUOUS
10
-0.8884225590551181
20
1.2315079133858267
11
-0.896218779527559
21
1.2291429527559055
0
LINE
8
BLACK
6
CONTINUOUS
10
-0.896218779527559
20
1.2291429527559055
11
-0.8985953149606299
21
1.2278726377952756
0
LINE
8
BLACK
6
CONTINUOUS
10
-0.8985953149606299
20
1.2278726377952756
11
-0.9034035433070866
21
1.2253025590551181
0
LINE
8
BLACK
6
CONTINUOUS
10
-0.9034035433070866
20
1.2253025590551181
11
-0.9034036220472441
21
1.2253025196850393
0
LINE
8
BLACK
6
CONTINUOUS
10
-0.9034036220472441
20
1.2253025196850393
11
-0.9034036614173229
21
1.2253024803149606
0
LINE
8
BLACK
6
CONTINUOUS
10
-0.9034036614173229
20
1.2253024803149606
11
-0.909701220472441
21
1.2201342519685039
0
LINE
8
BLACK
6
CONTINUOUS
10
-0.909701220472441
20
1.2201342519685039
11
-0.9120143700787401
21
1.2173156692913385
0
LINE
8
BLACK
6
CONTINUOUS
10
-0.9120143700787401
20
1.2173156692913385
11
-0.9142878346456693
21
1.2157670866141732
0
LINE
8
BLACK
6
CONTINUOUS
10
-0.9142878346456693
20
1.2157670866141732
11
-0.9170375984251968
21
1.2156934251968503
0
LINE
8
BLACK
6
CONTINUOUS
10
-0.9170375984251968
20
1.2156934251968503
11
-0.9192401181102362
21
1.2169607086614174
0
LINE
8
BLACK
6
CONTINUOUS
10
-0.9192401181102362
20
1.2169607086614174
11
-0.9267000393700787
21
1.2244206299212599
0
LINE
8
BLACK
6
CONTINUOUS
10
-0.9267000393700787
20
1.2244206299212599
11
-0.9280183464566929
21
1.2268349212598424
0
LINE
8
BLACK
6
CONTINUOUS
10
-0.9280183464566929
20
1.2268349212598424
11
-0.9281299212598425
21
1.2278726377952756
0
LINE
8
BLACK
6
CONTINUOUS
10
-0.9281299212598425
20
1.2278726377952756
11
-0.9281299212598425
21
1.2730433070866141
0
LINE
8
BLACK
6
CONTINUOUS
10
-0.9281299212598425
20
1.2730433070866141
11
-0.9273549212598425
21
1.2756826377952755
0
LINE
8
BLACK
6
CONTINUOUS
10
-0.9273549212598425
20
1.2756826377952755
11
-0.9252760236220472
21
1.2774840157480314
0
LINE
8
BLACK
6
CONTINUOUS
10
-0.9252760236220472
20
1.2774840157480314
11
-0.9225532677165355
21
1.2778755118110237
0
LINE
8
BLACK
6
CONTINUOUS
10
-0.9225532677165355
20
1.2778755118110237
11
-0.9200510629921259
21
1.2767327952755905
0
LINE
8
BLACK
6
CONTINUOUS
10
-0.9200510629921259
20
1.2767327952755905
11
-0.918836653543307
21
1.2750485826771654
0
LINE
8
BLACK
6
CONTINUOUS
10
-0.918836653543307
20
1.2750485826771654
11
-0.9188229921259843
21
1.2750558661417322
0
LINE
8
BLACK
6
CONTINUOUS
10
-0.9188229921259843
20
1.2750558661417322
11
-0.9187688188976377
21
1.274954527559055
0
LINE
8
BLACK
6
CONTINUOUS
10
-0.9187688188976377
20
1.274954527559055
11
-0.918737716535433
21
1.2749113779527559
0
LINE
8
BLACK
6
CONTINUOUS
10
-0.918737716535433
20
1.2749113779527559
11
-0.9187100393700787
21
1.2748445669291337
0
LINE
8
BLACK
6
CONTINUOUS
10
-0.9187100393700787
20
1.2748445669291337
11
-0.9187099606299213
21
1.2748443700787402
0
LINE
8
BLACK
6
CONTINUOUS
10
-0.9187099606299213
20
1.2748443700787402
11
-0.9187099212598425
21
1.2748443307086614
0
LINE
8
BLACK
6
CONTINUOUS
10
-0.9187099212598425
20
1.2748443307086614
11
-0.9148694881889764
21
1.2676594488188977
0
LINE
8
BLACK
6
CONTINUOUS
10
-0.9148694881889764
20
1.2676594488188977
11
-0.9148694094488189
21
1.2676593700787402
0
LINE
8
BLACK
6
CONTINUOUS
10
-0.9148694094488189
20
1.2676593700787402
11
-0.909701220472441
21
1.261361811023622
0
LINE
8
BLACK
6
CONTINUOUS
10
-0.909701220472441
20
1.261361811023622
11
-0.9058972834645669
21
1.2582400787401575
0
LINE
8
BLACK
6
CONTINUOUS
10
-0.9058972834645669
20
1.2582400787401575
11
-0.9034035433070866
21
1.2561935039370078
0
LINE
8
BLACK
6
CONTINUOUS
10
-0.9034035433070866
20
1.2561935039370078
11
-0.8962186614173228
21
1.2523530708661417
0
LINE
8
BLACK
6
CONTINUOUS
10
-0.8962186614173228
20
1.2523530708661417
11
-0.8884225984251969
21
1.249988188976378
0
LINE
8
BLACK
6
CONTINUOUS
10
-0.8884225984251969
20
1.249988188976378
11
-0.8884226377952755
21
1.249988188976378
0
LINE
8
BLACK
6
CONTINUOUS
10
-0.8884226377952755
20
1.249988188976378
11
-0.8876957086614173
21
1.2499166141732283
0
LINE
8
BLACK
6
CONTINUOUS
10
-0.8876957086614173
20
1.2499166141732283
11
-0.8803149606299212
21
1.2491896456692912
0
LINE
8
BLACK
6
CONTINUOUS
10
-0.8803149606299212
20
1.2491896456692912
11
-0.8722073228346456
21
1.249988188976378
0
LINE
8
BLACK
6
CONTINUOUS
10
-0.8722073228346456
20
1.249988188976378
11
-0.8644112598425197
21
1.2523530708661417
0
LINE
8
BLACK
6
CONTINUOUS
10
-0.8644112598425197
20
1.2523530708661417
11
-0.8572263779527559
21
1.2561935039370078
0
LINE
8
BLACK
6
CONTINUOUS
10
-0.8572263779527559
20
1.2561935039370078
11
-0.8509287401574803
21
1.261361811023622
0
LINE
8
BLACK
6
CONTINUOUS
10
-0.8509287401574803
20
1.261361811023622
11
-0.8457604330708661
21
1.2676594488188977
0
LINE
8
BLACK
6
CONTINUOUS
10
-0.8457604330708661
20
1.2676594488188977
11
-0.84192
21
1.2748443307086614
0
LINE
8
BLACK
6
CONTINUOUS
10
-0.84192
20
1.2748443307086614
11
-0.8419199212598425
21
1.27484468503937
0
LINE
8
BLACK
6
CONTINUOUS
10
-0.8419199212598425
20
1.27484468503937
11
-0.841888937007874
21
1.2749193307086615
0
LINE
8
BLACK
6
CONTINUOUS
10
-0.841888937007874
20
1.2749193307086615
11
-0.8418621653543307
21
1.2749526377952756
0
LINE
8
BLACK
6
CONTINUOUS
10
-0.8418621653543307
20
1.2749526377952756
11
-0.8418069291338582
21
1.2750558661417322
0
LINE
8
BLACK
6
CONTINUOUS
10
-0.8418069291338582
20
1.2750558661417322
11
-0.8417873622047244
21
1.275045433070866
0
LINE
8
BLACK
6
CONTINUOUS
10
-0.8417873622047244
20
1.275045433070866
11
-0.8401629133858267
21
1.277061220472441
0
LINE
8
BLACK
6
CONTINUOUS
10
-0.8401629133858267
20
1.277061220472441
11
-0.8375529133858267
21
1.2779299606299213
0
LINE
8
BLACK
6
CONTINUOUS
10
-0.8375529133858267
20
1.2779299606299213
11
-0.8373786220472441
21
1.2779330708661416
0
LINE
8
BLACK
6
CONTINUOUS
10
-0.8373786220472441
20
1.2779330708661416
11
-0.8232512992125984
21
1.2779330708661416
0
LINE
8
BLACK
6
CONTINUOUS
10
-0.8232512992125984
20
1.2779330708661416
11
-0.820611968503937
21
1.2771580708661416
0
LINE
8
BLACK
6
CONTINUOUS
10
-0.820611968503937
20
1.2771580708661416
11
-0.8188105905511811
21
1.2750791732283464
0
LINE
8
BLACK
6
CONTINUOUS
10
-0.8188105905511811
20
1.2750791732283464
11
-0.8187409842519685
21
1.2749193307086615
0
LINE
8
BLACK
6
CONTINUOUS
10
-0.8187409842519685
20
1.2749193307086615
11
-0.8187099999999999
21
1.2748445669291337
0
LINE
8
BLACK
6
CONTINUOUS
10
-0.8187099999999999
20
1.2748445669291337
11
-0.8187099212598425
21
1.2748443307086614
0
LINE
8
BLACK
6
CONTINUOUS
10
-0.8187099212598425
20
1.2748443307086614
11
-0.8148694881889763
21
1.2676594488188977
0
LINE
8
BLACK
6
CONTINUOUS
10
-0.8148694881889763
20
1.2676594488188977
11
-0.8148694094488189
21
1.2676593700787402
0
LINE
8
BLACK
6
CONTINUOUS
10
-0.8148694094488189
20
1.2676593700787402
11
-0.809701220472441
21
1.261361811023622
0
LINE
8
BLACK
6
CONTINUOUS
10
-0.809701220472441
20
1.261361811023622
11
-0.8058972834645669
21
1.2582400787401575
0
LINE
8
BLACK
6
CONTINUOUS
10
-0.8058972834645669
20
1.2582400787401575
11
-0.8034035433070866
21
1.2561935039370078
0
LINE
8
BLACK
6
CONTINUOUS
10
-0.8034035433070866
20
1.2561935039370078
11
-0.7962186614173228
21
1.2523530708661417
0
LINE
8
BLACK
6
CONTINUOUS
10
-0.7962186614173228
20
1.2523530708661417
11
-0.7884225984251968
21
1.249988188976378
0
LINE
8
BLACK
6
CONTINUOUS
10
-0.7884225984251968
20
1.249988188976378
11
-0.7884226377952755
21
1.249988188976378
0
LINE
8
BLACK
6
CONTINUOUS
10
-0.7884226377952755
20
1.249988188976378
11
-0.7876957086614174
21
1.2499166141732283
0
LINE
8
BLACK
6
CONTINUOUS
10
-0.7876957086614174
20
1.2499166141732283
11
-0.7803149606299212
21
1.2491896456692912
0
LINE
8
BLACK
6
CONTINUOUS
10
-0.7803149606299212
20
1.2491896456692912
11
-0.7722073228346457
21
1.249988188976378
0
LINE
8
BLACK
6
CONTINUOUS
10
-0.7722073228346457
20
1.249988188976378
11
-0.7644112598425197
21
1.2523530708661417
0
LINE
8
BLACK
6
CONTINUOUS
10
-0.7644112598425197
20
1.2523530708661417
11
-0.7572263779527559
21
1.2561935039370078
0
LINE
8
BLACK
6
CONTINUOUS
10
-0.7572263779527559
20
1.2561935039370078
11
-0.7509287401574803
21
1.261361811023622
0
LINE
8
BLACK
6
CONTINUOUS
10
-0.7509287401574803
20
1.261361811023622
11
-0.7457604330708661
21
1.2676594488188977
0
LINE
8
BLACK
6
CONTINUOUS
10
-0.7457604330708661
20
1.2676594488188977
11
-0.74192
21
1.2748443307086614
0
LINE
8
BLACK
6
CONTINUOUS
10
-0.74192
20
1.2748443307086614
11
-0.7395551181102362
21
1.2826403937007873
0
LINE
8
BLACK
6
CONTINUOUS
10
-0.7395551181102362
20
1.2826403937007873
11
-0.7387565748031496
21
1.2907480314960629
0
LINE
8
BLACK
6
CONTINUOUS
10
-0.7387565748031496
20
1.2907480314960629
11
-0.7395551181102362
21
1.2988556692913384
0
LINE
8
BLACK
6
CONTINUOUS
10
-0.7395551181102362
20
1.2988556692913384
11
-0.74192
21
1.3066517322834645
0
LINE
8
BLACK
6
CONTINUOUS
10
-0.74192
20
1.3066517322834645
11
-0.7457604330708661
21
1.3138366141732283
0
LINE
8
BLACK
6
CONTINUOUS
10
-0.7457604330708661
20
1.3138366141732283
11
-0.7478477952755905
21
1.3163800787401574
0
LINE
8
BLACK
6
CONTINUOUS
10
-0.7478477952755905
20
1.3163800787401574
11
-0.7509287401574803
21
1.3201342913385827
0
LINE
8
BLACK
6
CONTINUOUS
10
-0.7509287401574803
20
1.3201342913385827
11
-0.7572262992125984
21
1.3253024803149607
0
LINE
8
BLACK
6
CONTINUOUS
10
-0.7572262992125984
20
1.3253024803149607
11
-0.7572262598425197
21
1.3253024803149607
0
LINE
8
BLACK
6
CONTINUOUS
10
-0.7572262598425197
20
1.3253024803149607
11
-0.7572263779527559
21
1.3253025590551182
0
LINE
8
BLACK
6
CONTINUOUS
10
-0.7572263779527559
20
1.3253025590551182
11
-0.7644112598425197
21
1.3291429921259843
0
LINE
8
BLACK
6
CONTINUOUS
10
-0.7644112598425197
20
1.3291429921259843
11
-0.7722073228346457
21
1.331507874015748
0
LINE
8
BLACK
6
CONTINUOUS
10
-0.7722073228346457
20
1.331507874015748
11
-0.7722074015748032
21
1.3315079133858267
0
LINE
8
BLACK
6
CONTINUOUS
10
-0.7722074015748032
20
1.3315079133858267
11
-0.7722073228346457
21
1.3315079133858267
0
LINE
8
BLACK
6
CONTINUOUS
10
-0.7722073228346457
20
1.3315079133858267
11
-0.7803149606299212
21
1.3323064173228347
0
LINE
8
BLACK
6
CONTINUOUS
10
-0.7803149606299212
20
1.3323064173228347
11
-0.788422559055118
21
1.3315079133858267
0
LINE
8
BLACK
6
CONTINUOUS
10
-0.788422559055118
20
1.3315079133858267
11
-0.796218779527559
21
1.3291429527559055
0
LINE
8
BLACK
6
CONTINUOUS
10
-0.796218779527559
20
1.3291429527559055
11
-0.8005551968503937
21
1.3268250787401574
0
LINE
8
BLACK
6
CONTINUOUS
10
-0.8005551968503937
20
1.3268250787401574
11
-0.8034035433070866
21
1.3253025590551182
0
LINE
8
BLACK
6
CONTINUOUS
10
-0.8034035433070866
20
1.3253025590551182
11
-0.803403622047244
21
1.3253025196850394
0
LINE
8
BLACK
6
CONTINUOUS
10
-0.803403622047244
20
1.3253025196850394
11
-0.8034036614173228
21
1.3253024803149607
0
LINE
8
BLACK
6
CONTINUOUS
10
-0.8034036614173228
20
1.3253024803149607
11
-0.809701220472441
21
1.3201342913385827
0
LINE
8
BLACK
6
CONTINUOUS
10
-0.809701220472441
20
1.3201342913385827
11
-0.8129183070866142
21
1.3162141732283463
0
LINE
8
BLACK
6
CONTINUOUS
10
-0.8129183070866142
20
1.3162141732283463
11
-0.8148694881889763
21
1.3138366141732283
0
LINE
8
BLACK
6
CONTINUOUS
10
-0.8148694881889763
20
1.3138366141732283
11
-0.8159470472440945
21
1.3118206692913386
0
LINE
8
BLACK
6
CONTINUOUS
10
-0.8159470472440945
20
1.3118206692913386
11
-0.8187099212598425
21
1.3066517716535433
0
LINE
8
BLACK
6
CONTINUOUS
10
-0.8187099212598425
20
1.3066517716535433
11
-0.8187409842519685
21
1.3065767322834645
0
LINE
8
BLACK
6
CONTINUOUS
10
-0.8187409842519685
20
1.3065767322834645
11
-0.8187677952755905
21
1.3065434645669292
0
LINE
8
BLACK
6
CONTINUOUS
10
-0.8187677952755905
20
1.3065434645669292
11
-0.8188229921259842
21
1.3064401968503936
0
LINE
8
BLACK
6
CONTINUOUS
10
-0.8188229921259842
20
1.3064401968503936
11
-0.8188425984251968
21
1.3064506692913385
0
LINE
8
BLACK
6
CONTINUOUS
10
-0.8188425984251968
20
1.3064506692913385
11
-0.8204670078740157
21
1.304434842519685
0
LINE
8
BLACK
6
CONTINUOUS
10
-0.8204670078740157
20
1.304434842519685
11
-0.8230770078740157
21
1.3035661023622047
0
LINE
8
BLACK
6
CONTINUOUS
10
-0.8230770078740157
20
1.3035661023622047
11
-0.8232512992125984
21
1.3035629921259841
0
LINE
8
BLACK
6
CONTINUOUS
10
-0.8232512992125984
20
1.3035629921259841
11
-0.8373786220472441
21
1.3035629921259841
0
LINE
8
BLACK
6
CONTINUOUS
10
-0.8373786220472441
20
1.3035629921259841
11
-0.8400179527559055
21
1.3043379921259841
0
LINE
8
BLACK
6
CONTINUOUS
10
-0.8400179527559055
20
1.3043379921259841
11
-0.8418193307086614
21
1.3064168897637796
0
LINE
8
BLACK
6
CONTINUOUS
10
-0.8418193307086614
20
1.3064168897637796
11
-0.841888937007874
21
1.3065767322834645
0
LINE
8
BLACK
6
CONTINUOUS
10
-0.841888937007874
20
1.3065767322834645
11
-0.8419199606299212
21
1.3066516141732283
0
LINE
8
BLACK
6
CONTINUOUS
10
-0.8419199606299212
20
1.3066516141732283
11
-0.84192
21
1.3066517322834645
0
LINE
8
BLACK
6
CONTINUOUS
10
-0.84192
20
1.3066517322834645
11
-0.8457604330708661
21
1.3138366141732283
0
LINE
8
BLACK
6
CONTINUOUS
10
-0.8457604330708661
20
1.3138366141732283
11
-0.8478477952755905
21
1.3163800787401574
0
LINE
8
BLACK
6
CONTINUOUS
10
-0.8478477952755905
20
1.3163800787401574
11
-0.8509287401574803
21
1.3201342913385827
0
LINE
8
BLACK
6
CONTINUOUS
10
-0.8509287401574803
20
1.3201342913385827
11
-0.8572262992125984
21
1.3253024803149607
0
LINE
8
BLACK
6
CONTINUOUS
10
-0.8572262992125984
20
1.3253024803149607
11
-0.8572262598425197
21
1.3253024803149607
0
LINE
8
BLACK
6
CONTINUOUS
10
-0.8572262598425197
20
1.3253024803149607
11
-0.8572263779527559
21
1.3253025590551182
0
LINE
8
BLACK
6
CONTINUOUS
10
-0.8572263779527559
20
1.3253025590551182
11
-0.8644112598425197
21
1.3291429921259843
0
LINE
8
BLACK
6
CONTINUOUS
10
-0.8644112598425197
20
1.3291429921259843
11
-0.8722073228346456
21
1.331507874015748
0
LINE
8
BLACK
6
CONTINUOUS
10
-0.8722073228346456
20
1.331507874015748
11
-0.8722074015748031
21
1.3315079133858267
0
LINE
8
BLACK
6
CONTINUOUS
10
-0.8722074015748031
20
1.3315079133858267
11
-0.8722073228346456
21
1.3315079133858267
0
LINE
8
BLACK
6
CONTINUOUS
10
-0.8722073228346456
20
1.3315079133858267
11
-0.8803149606299212
21
1.3323064173228347
0
LINE
8
BLACK
6
CONTINUOUS
10
-0.8803149606299212
20
1.3323064173228347
11
-0.8884225590551181
21
1.3315079133858267
0
LINE
8
BLACK
6
CONTINUOUS
10
-0.8884225590551181
20
1.3315079133858267
11
-0.896218779527559
21
1.3291429527559055
0
LINE
8
BLACK
6
CONTINUOUS
10
-0.896218779527559
20
1.3291429527559055
11
-0.9005551968503936
21
1.3268250787401574
0
LINE
8
BLACK
6
CONTINUOUS
10
-0.9005551968503936
20
1.3268250787401574
11
-0.9034035433070866
21
1.3253025590551182
0
LINE
8
BLACK
6
CONTINUOUS
10
-0.9034035433070866
20
1.3253025590551182
11
-0.9034036220472441
21
1.3253025196850394
0
LINE
8
BLACK
6
CONTINUOUS
10
-0.9034036220472441
20
1.3253025196850394
11
-0.9034036614173229
21
1.3253024803149607
0
LINE
8
BLACK
6
CONTINUOUS
10
-0.9034036614173229
20
1.3253024803149607
11
-0.909701220472441
21
1.3201342913385827
0
LINE
8
BLACK
6
CONTINUOUS
10
-0.909701220472441
20
1.3201342913385827
11
-0.9148694094488189
21
1.3138367322834645
0
LINE
8
BLACK
6
CONTINUOUS
10
-0.9148694094488189
20
1.3138367322834645
11
-0.9187100393700787
21
1.3066516141732283
0
LINE
8
BLACK
6
CONTINUOUS
10
-0.9187100393700787
20
1.3066516141732283
11
-0.9187377952755905
21
1.3065844881889763
0
LINE
8
BLACK
6
CONTINUOUS
10
-0.9187377952755905
20
1.3065844881889763
11
-0.9187617716535433
21
1.3065547637795276
0
LINE
8
BLACK
6
CONTINUOUS
10
-0.9187617716535433
20
1.3065547637795276
11
-0.9188229921259843
21
1.3064401968503936
0
LINE
8
BLACK
6
CONTINUOUS
10
-0.9188229921259843
20
1.3064401968503936
11
-0.9188447244094488
21
1.3064518110236221
0
LINE
8
BLACK
6
CONTINUOUS
10
-0.9188447244094488
20
1.3064518110236221
11
-0.9204638582677165
21
1.3044426771653543
0
LINE
8
BLACK
6
CONTINUOUS
10
-0.9204638582677165
20
1.3044426771653543
11
-0.9230738582677165
21
1.3035740157480316
0
LINE
8
BLACK
6
CONTINUOUS
10
-0.9230738582677165
20
1.3035740157480316
11
-0.9257391732283464
21
1.3042543307086614
0
LINE
8
BLACK
6
CONTINUOUS
10
-0.9257391732283464
20
1.3042543307086614
11
-0.9276135826771653
21
1.3062676771653543
0
LINE
8
BLACK
6
CONTINUOUS
10
-0.9276135826771653
20
1.3062676771653543
11
-0.9281299212598425
21
1.3084527952755904
0
LINE
8
BLACK
6
CONTINUOUS
10
-0.9281299212598425
20
1.3084527952755904
11
-0.9281299212598425
21
1.3644424803149606
0
LINE
8
BLACK
6
CONTINUOUS
10
-0.9281299212598425
20
1.3644424803149606
11
-0.9273549212598425
21
1.367081811023622
0
LINE
8
BLACK
6
CONTINUOUS
10
-0.9273549212598425
20
1.367081811023622
11
-0.9252760236220472
21
1.368883188976378
0
LINE
8
BLACK
6
CONTINUOUS
10
-0.9252760236220472
20
1.368883188976378
11
-0.9225532677165355
21
1.36927468503937
0
LINE
8
BLACK
6
CONTINUOUS
10
-0.9225532677165355
20
1.36927468503937
11
-0.9200510629921259
21
1.368131968503937
0
LINE
8
BLACK
6
CONTINUOUS
10
-0.9200510629921259
20
1.368131968503937
11
-0.9191491338582677
21
1.3669683070866141
0
LINE
8
BLACK
6
CONTINUOUS
10
-0.9191491338582677
20
1.3669683070866141
11
-0.9190927559055118
21
1.3670031889763778
0
LINE
8
BLACK
6
CONTINUOUS
10
-0.9190927559055118
20
1.3670031889763778
11
-0.918974094488189
21
1.3668115354330708
0
LINE
8
BLACK
6
CONTINUOUS
10
-0.918974094488189
20
1.3668115354330708
11
-0.9139173228346457
21
1.36011531496063
0
LINE
8
BLACK
6
CONTINUOUS
10
-0.9139173228346457
20
1.36011531496063
11
-0.9077165354330708
21
1.354462559055118
0
LINE
8
BLACK
6
CONTINUOUS
10
-0.9077165354330708
20
1.354462559055118
11
-0.9077164566929133
21
1.3544624803149605
0
LINE
8
BLACK
6
CONTINUOUS
10
-0.9077164566929133
20
1.3544624803149605
11
-0.9005826377952756
21
1.3500454330708662
0
LINE
8
BLACK
6
CONTINUOUS
10
-0.9005826377952756
20
1.3500454330708662
11
-0.9005824015748032
21
1.35004531496063
0
LINE
8
BLACK
6
CONTINUOUS
10
-0.9005824015748032
20
1.35004531496063
11
-0.8927582283464567
21
1.347014251968504
0
LINE
8
BLACK
6
CONTINUOUS
10
-0.8927582283464567
20
1.347014251968504
11
-0.8901574803149606
21
1.3465281102362205
0
LINE
8
BLACK
6
CONTINUOUS
10
-0.8901574803149606
20
1.3465281102362205
11
-0.8901574803149606
21
1.3588153937007874
0
LINE
8
BLACK
6
CONTINUOUS
10
-0.8901574803149606
20
1.3588153937007874
11
-0.890656062992126
21
1.3589213385826771
0
LINE
8
BLACK
6
CONTINUOUS
10
-0.890656062992126
20
1.3589213385826771
11
-0.8970472440944882
21
1.3617668503937008
0
LINE
8
BLACK
6
CONTINUOUS
10
-0.8970472440944882
20
1.3617668503937008
11
-0.902707125984252
21
1.3658790157480314
0
LINE
8
BLACK
6
CONTINUOUS
10
-0.902707125984252
20
1.3658790157480314
11
-0.9073883464566929
21
1.3710780708661416
0
LINE
8
BLACK
6
CONTINUOUS
10
-0.9073883464566929
20
1.3710780708661416
11
-0.9108863779527558
21
1.3771367716535432
0
LINE
8
BLACK
6
CONTINUOUS
10
-0.9108863779527558
20
1.3771367716535432
11
-0.9130482283464567
21
1.3837903543307086
0
LINE
8
BLACK
6
CONTINUOUS
10
-0.9130482283464567
20
1.3837903543307086
11
-0.9137795275590551
21
1.390748031496063
0
LINE
8
BLACK
6
CONTINUOUS
10
-0.9137795275590551
20
1.390748031496063
11
-0.9130482283464567
21
1.3977057086614173
0
LINE
8
BLACK
6
CONTINUOUS
10
-0.9130482283464567
20
1.3977057086614173
11
-0.9108863779527558
21
1.4043592913385827
0
LINE
8
BLACK
6
CONTINUOUS
10
-0.9108863779527558
20
1.4043592913385827
11
-0.9073883464566929
21
1.4104179921259843
0
LINE
8
BLACK
6
CONTINUOUS
10
-0.9073883464566929
20
1.4104179921259843
11
-0.902707125984252
21
1.4156170472440945
0
LINE
8
BLACK
6
CONTINUOUS
10
-0.902707125984252
20
1.4156170472440945
11
-0.8970472440944882
21
1.4197292125984251
0
LINE
8
BLACK
6
CONTINUOUS
10
-0.8970472440944882
20
1.4197292125984251
11
-0.890656062992126
21
1.4225747244094489
0
LINE
8
BLACK
6
CONTINUOUS
10
-0.890656062992126
20
1.4225747244094489
11
-0.8901574803149606
21
1.4226807086614173
0
LINE
8
BLACK
6
CONTINUOUS
10
-0.8901574803149606
20
1.4226807086614173
11
-0.8901574803149606
21
1.4349679921259841
0
LINE
8
BLACK
6
CONTINUOUS
10
-0.8901574803149606
20
1.4349679921259841
11
-0.8927582283464567
21
1.4344818110236219
0
LINE
8
BLACK
6
CONTINUOUS
10
-0.8927582283464567
20
1.4344818110236219
11
-0.8927584251968503
21
1.4344817716535432
0
LINE
8
BLACK
6
CONTINUOUS
10
-0.8927584251968503
20
1.4344817716535432
11
-0.9005822834645669
21
1.4314508267716535
0
LINE
8
BLACK
6
CONTINUOUS
10
-0.9005822834645669
20
1.4314508267716535
11
-0.9005826377952756
21
1.4314506692913385
0
LINE
8
BLACK
6
CONTINUOUS
10
-0.9005826377952756
20
1.4314506692913385
11
-0.9077164566929133
21
1.4270336220472442
0
LINE
8
BLACK
6
CONTINUOUS
10
-0.9077164566929133
20
1.4270336220472442
11
-0.9077165354330708
21
1.4270335433070866
0
LINE
8
BLACK
6
CONTINUOUS
10
-0.9077165354330708
20
1.4270335433070866
11
-0.9139173228346457
21
1.4213807874015747
0
LINE
8
BLACK
6
CONTINUOUS
10
-0.9139173228346457
20
1.4213807874015747
11
-0.918974094488189
21
1.4146845669291339
0
LINE
8
BLACK
6
CONTINUOUS
10
-0.918974094488189
20
1.4146845669291339
11
-0.9190927559055118
21
1.4144928740157481
0
LINE
8
BLACK
6
CONTINUOUS
10
-0.9190927559055118
20
1.4144928740157481
11
-0.9191815748031495
21
1.414547874015748
0
LINE
8
BLACK
6
CONTINUOUS
10
-0.9191815748031495
20
1.414547874015748
11
-0.9207550393700787
21
1.4128562598425196
0
LINE
8
BLACK
6
CONTINUOUS
10
-0.9207550393700787
20
1.4128562598425196
11
-0.9234200787401574
21
1.4121747637795274
0
LINE
8
BLACK
6
CONTINUOUS
10
-0.9234200787401574
20
1.4121747637795274
11
-0.9260304724409448
21
1.4130422834645668
0
LINE
8
BLACK
6
CONTINUOUS
10
-0.9260304724409448
20
1.4130422834645668
11
-0.9277574803149606
21
1.4151833858267717
0
LINE
8
BLACK
6
CONTINUOUS
10
-0.9277574803149606
20
1.4151833858267717
11
-0.9281299212598425
21
1.4170536220472441
0
LINE
8
BLACK
6
CONTINUOUS
10
-0.9281299212598425
20
1.4170536220472441
11
-0.9281299212598425
21
1.4730433070866142
0
LINE
8
BLACK
6
CONTINUOUS
10
-0.9281299212598425
20
1.4730433070866142
11
-0.9273549212598425
21
1.4756826377952756
0
LINE
8
BLACK
6
CONTINUOUS
10
-0.9273549212598425
20
1.4756826377952756
11
-0.9252760236220472
21
1.4774840157480316
0
LINE
8
BLACK
6
CONTINUOUS
10
-0.9252760236220472
20
1.4774840157480316
11
-0.9225532677165355
21
1.4778755118110236
0
LINE
8
BLACK
6
CONTINUOUS
10
-0.9225532677165355
20
1.4778755118110236
11
-0.9200510629921259
21
1.4767327952755904
0
LINE
8
BLACK
6
CONTINUOUS
10
-0.9200510629921259
20
1.4767327952755904
11
-0.918836653543307
21
1.4750485826771653
0
LINE
8
BLACK
6
CONTINUOUS
10
-0.918836653543307
20
1.4750485826771653
11
-0.9188229921259843
21
1.4750558661417323
0
LINE
8
BLACK
6
CONTINUOUS
10
-0.9188229921259843
20
1.4750558661417323
11
-0.9187688188976377
21
1.474954527559055
0
LINE
8
BLACK
6
CONTINUOUS
10
-0.9187688188976377
20
1.474954527559055
11
-0.918737716535433
21
1.4749113779527558
0
LINE
8
BLACK
6
CONTINUOUS
10
-0.918737716535433
20
1.4749113779527558
11
-0.9187100393700787
21
1.4748445669291339
0
LINE
8
BLACK
6
CONTINUOUS
10
-0.9187100393700787
20
1.4748445669291339
11
-0.9187099606299213
21
1.4748443700787401
0
LINE
8
BLACK
6
CONTINUOUS
10
-0.9187099606299213
20
1.4748443700787401
11
-0.9187099212598425
21
1.4748443307086614
0
LINE
8
BLACK
6
CONTINUOUS
10
-0.9187099212598425
20
1.4748443307086614
11
-0.9148694881889764
21
1.4676594488188976
0
LINE
8
BLACK
6
CONTINUOUS
10
-0.9148694881889764
20
1.4676594488188976
11
-0.9148694094488189
21
1.4676593700787401
0
LINE
8
BLACK
6
CONTINUOUS
10
-0.9148694094488189
20
1.4676593700787401
11
-0.909701220472441
21
1.4613618110236219
0
LINE
8
BLACK
6
CONTINUOUS
10
-0.909701220472441
20
1.4613618110236219
11
-0.9058972834645669
21
1.4582400787401575
0
LINE
8
BLACK
6
CONTINUOUS
10
-0.9058972834645669
20
1.4582400787401575
11
-0.9034035433070866
21
1.4561935039370077
0
LINE
8
BLACK
6
CONTINUOUS
10
-0.9034035433070866
20
1.4561935039370077
11
-0.8962186614173228
21
1.4523530708661416
0
LINE
8
BLACK
6
CONTINUOUS
10
-0.8962186614173228
20
1.4523530708661416
11
-0.8884225984251969
21
1.4499881889763779
0
LINE
8
BLACK
6
CONTINUOUS
10
-0.8884225984251969
20
1.4499881889763779
11
-0.8884226377952755
21
1.4499881889763779
0
LINE
8
BLACK
6
CONTINUOUS
10
-0.8884226377952755
20
1.4499881889763779
11
-0.8876957086614173
21
1.4499166141732283
0
LINE
8
BLACK
6
CONTINUOUS
10
-0.8876957086614173
20
1.4499166141732283
11
-0.8803149606299212
21
1.4491896456692912
0
LINE
8
BLACK
6
CONTINUOUS
10
-0.8803149606299212
20
1.4491896456692912
11
-0.8722073228346456
21
1.4499881889763779
0
LINE
8
BLACK
6
CONTINUOUS
10
-0.8722073228346456
20
1.4499881889763779
11
-0.8649277165354331
21
1.4521964566929133
0
LINE
8
BLACK
6
CONTINUOUS
10
-0.8649277165354331
20
1.4521964566929133
11
-0.8621772047244094
21
1.4522209448818897
0
LINE
8
BLACK
6
CONTINUOUS
10
-0.8621772047244094
20
1.4522209448818897
11
-0.8600587007874015
21
1.4509767322834646
0
LINE
8
BLACK
6
CONTINUOUS
10
-0.8600587007874015
20
1.4509767322834646
11
-0.8405459842519685
21
1.4314640157480314
0
LINE
8
BLACK
6
CONTINUOUS
10
-0.8405459842519685
20
1.4314640157480314
11
-0.8373993700787401
21
1.4296473228346456
0
LINE
8
BLACK
6
CONTINUOUS
10
-0.8373993700787401
20
1.4296473228346456
11
-0.8338897637795275
21
1.4287069291338583
0
LINE
8
BLACK
6
CONTINUOUS
10
-0.8338897637795275
20
1.4287069291338583
11
-0.8338896850393701
21
1.4287069291338583
0
LINE
8
BLACK
6
CONTINUOUS
10
-0.8338896850393701
20
1.4287069291338583
11
-0.8181889763779527
21
1.4287069291338583
0
LINE
8
BLACK
6
CONTINUOUS
10
-0.8181889763779527
20
1.4287069291338583
11
-0.8155496456692913
21
1.4279319291338581
0
LINE
8
BLACK
6
CONTINUOUS
10
-0.8155496456692913
20
1.4279319291338581
11
-0.8137482677165354
21
1.4258530314960629
0
LINE
8
BLACK
6
CONTINUOUS
10
-0.8137482677165354
20
1.4258530314960629
11
-0.8133567716535433
21
1.4231302755905511
0
LINE
8
BLACK
6
CONTINUOUS
10
-0.8133567716535433
20
1.4231302755905511
11
-0.8142931496062992
21
1.420883031496063
0
LINE
8
BLACK
6
CONTINUOUS
10
-0.8142931496062992
20
1.420883031496063
11
-0.8189739763779528
21
1.4146847244094487
0
LINE
8
BLACK
6
CONTINUOUS
10
-0.8189739763779528
20
1.4146847244094487
11
-0.8227138976377952
21
1.4071739763779527
0
LINE
8
BLACK
6
CONTINUOUS
10
-0.8227138976377952
20
1.4071739763779527
11
-0.822714094488189
21
1.4071734645669292
0
LINE
8
BLACK
6
CONTINUOUS
10
-0.822714094488189
20
1.4071734645669292
11
-0.824587125984252
21
1.4005905905511811
0
LINE
8
BLACK
6
CONTINUOUS
10
-0.824587125984252
20
1.4005905905511811
11
-0.8245870866141732
21
1.4005905511811023
0
LINE
8
BLACK
6
CONTINUOUS
10
-0.8245870866141732
20
1.4005905511811023
11
-0.812110905511811
21
1.4005905511811023
0
LINE
8
BLACK
6
CONTINUOUS
10
-0.812110905511811
20
1.4005905511811023
11
-0.8108863779527559
21
1.4043592913385827
0
LINE
8
BLACK
6
CONTINUOUS
10
-0.8108863779527559
20
1.4043592913385827
11
-0.8073883464566929
21
1.4104179921259843
0
LINE
8
BLACK
6
CONTINUOUS
10
-0.8073883464566929
20
1.4104179921259843
11
-0.802707125984252
21
1.4156170472440945
0
LINE
8
BLACK
6
CONTINUOUS
10
-0.802707125984252
20
1.4156170472440945
11
-0.7970472440944881
21
1.4197292125984251
0
LINE
8
BLACK
6
CONTINUOUS
10
-0.7970472440944881
20
1.4197292125984251
11
-0.790656062992126
21
1.4225747244094489
0
LINE
8
BLACK
6
CONTINUOUS
10
-0.790656062992126
20
1.4225747244094489
11
-0.7838129527559055
21
1.4240292913385826
0
LINE
8
BLACK
6
CONTINUOUS
10
-0.7838129527559055
20
1.4240292913385826
11
-0.776816968503937
21
1.4240292913385826
0
LINE
8
BLACK
6
CONTINUOUS
10
-0.776816968503937
20
1.4240292913385826
11
-0.7699738582677165
21
1.4225747244094489
0
LINE
8
BLACK
6
CONTINUOUS
10
-0.7699738582677165
20
1.4225747244094489
11
-0.7635826771653543
21
1.4197292125984251
0
LINE
8
BLACK
6
CONTINUOUS
10
-0.7635826771653543
20
1.4197292125984251
11
-0.7579227952755906
21
1.4156170472440945
0
LINE
8
BLACK
6
CONTINUOUS
10
-0.7579227952755906
20
1.4156170472440945
11
-0.7532415748031496
21
1.4104179921259843
0
LINE
8
BLACK
6
CONTINUOUS
10
-0.7532415748031496
20
1.4104179921259843
11
-0.7497435433070866
21
1.4043592913385827
0
LINE
8
BLACK
6
CONTINUOUS
10
-0.7497435433070866
20
1.4043592913385827
11
-0.7485190157480315
21
1.4005905511811023
0
LINE
8
BLACK
6
CONTINUOUS
10
-0.7485190157480315
20
1.4005905511811023
11
-0.7360428346456692
21
1.4005905511811023
0
LINE
8
BLACK
6
CONTINUOUS
10
-0.7360428346456692
20
1.4005905511811023
11
-0.7360428346456692
21
1.4005905905511811
0
LINE
8
BLACK
6
CONTINUOUS
10
-0.7360428346456692
20
1.4005905905511811
11
-0.7379158661417322
21
1.4071734645669292
0
LINE
8
BLACK
6
CONTINUOUS
10
-0.7379158661417322
20
1.4071734645669292
11
-0.737916062992126
21
1.4071739763779527
0
LINE
8
BLACK
6
CONTINUOUS
10
-0.737916062992126
20
1.4071739763779527
11
-0.7416559842519684
21
1.4146847244094487
0
LINE
8
BLACK
6
CONTINUOUS
10
-0.7416559842519684
20
1.4146847244094487
11
-0.7463367716535433
21
1.420883031496063
0
LINE
8
BLACK
6
CONTINUOUS
10
-0.7463367716535433
20
1.420883031496063
11
-0.7473088976377953
21
1.4234562992125983
0
LINE
8
BLACK
6
CONTINUOUS
10
-0.7473088976377953
20
1.4234562992125983
11
-0.7467354724409448
21
1.4261466535433072
0
LINE
8
BLACK
6
CONTINUOUS
10
-0.7467354724409448
20
1.4261466535433072
11
-0.7447985826771654
21
1.4280998818897637
0
LINE
8
BLACK
6
CONTINUOUS
10
-0.7447985826771654
20
1.4280998818897637
11
-0.7424409448818897
21
1.4287069291338583
0
LINE
8
BLACK
6
CONTINUOUS
10
-0.7424409448818897
20
1.4287069291338583
11
-0.7146929921259842
21
1.4287069291338583
0
LINE
8
BLACK
6
CONTINUOUS
10
-0.7146929921259842
20
1.4287069291338583
11
-0.7146929133858267
21
1.4287069291338583
0
LINE
8
BLACK
6
CONTINUOUS
10
-0.7146929133858267
20
1.4287069291338583
11
-0.7111833070866141
21
1.4296473228346456
0
LINE
8
BLACK
6
CONTINUOUS
10
-0.7111833070866141
20
1.4296473228346456
11
-0.7080366929133858
21
1.4314640157480314
0
LINE
8
BLACK
6
CONTINUOUS
10
-0.7080366929133858
20
1.4314640157480314
11
-0.633666811023622
21
1.5058338976377952
0
LINE
8
BLACK
6
CONTINUOUS
10
-0.633666811023622
20
1.5058338976377952
11
-0.6312525196850394
21
1.5071522047244095
0
LINE
8
BLACK
6
CONTINUOUS
10
-0.6312525196850394
20
1.5071522047244095
11
-0.6302148031496063
21
1.507263779527559
0
LINE
8
BLACK
6
CONTINUOUS
10
-0.6302148031496063
20
1.507263779527559
11
-0.518343188976378
21
1.507263779527559
0
LINE
8
BLACK
6
CONTINUOUS
10
-0.518343188976378
20
1.507263779527559
11
-0.5157038582677165
21
1.506488779527559
0
LINE
8
BLACK
6
CONTINUOUS
10
-0.5157038582677165
20
1.506488779527559
11
-0.5139024803149607
21
1.5044098818897638
0
LINE
8
BLACK
6
CONTINUOUS
10
-0.5139024803149607
20
1.5044098818897638
11
-0.5137352362204725
21
1.5039942519685039
0
LINE
8
BLACK
6
CONTINUOUS
10
-0.5137352362204725
20
1.5039942519685039
11
-0.5128263779527559
21
1.501396811023622
0
LINE
8
BLACK
6
CONTINUOUS
10
-0.5128263779527559
20
1.501396811023622
11
-0.5112296456692913
21
1.4988556692913386
0
LINE
8
BLACK
6
CONTINUOUS
10
-0.5112296456692913
20
1.4988556692913386
11
-0.509047874015748
21
1.4953833858267715
0
LINE
8
BLACK
6
CONTINUOUS
10
-0.509047874015748
20
1.4953833858267715
11
-0.5040260629921259
21
1.4903615748031496
0
LINE
8
BLACK
6
CONTINUOUS
10
-0.5040260629921259
20
1.4903615748031496
11
-0.4980126771653543
21
1.4865831102362204
0
LINE
8
BLACK
6
CONTINUOUS
10
-0.4980126771653543
20
1.4865831102362204
11
-0.4913092519685039
21
1.4842374803149605
0
LINE
8
BLACK
6
CONTINUOUS
10
-0.4913092519685039
20
1.4842374803149605
11
-0.4913090551181102
21
1.4842374409448817
0
LINE
8
BLACK
6
CONTINUOUS
10
-0.4913090551181102
20
1.4842374409448817
11
-0.4842521259842519
21
1.4834423228346456
0
LINE
8
BLACK
6
CONTINUOUS
10
-0.4842521259842519
20
1.4834423228346456
11
-0.484251968503937
21
1.4834423228346456
0
LINE
8
BLACK
6
CONTINUOUS
10
-0.484251968503937
20
1.4834423228346456
11
-0.484251811023622
21
1.4834423228346456
0
LINE
8
BLACK
6
CONTINUOUS
10
-0.484251811023622
20
1.4834423228346456
11
-0.4771949212598425
21
1.4842374409448817
0
LINE
8
BLACK
6
CONTINUOUS
10
-0.4771949212598425
20
1.4842374409448817
11
-0.4771948031496063
21
1.4842374803149605
0
LINE
8
BLACK
6
CONTINUOUS
10
-0.4771948031496063
20
1.4842374803149605
11
-0.4771946850393701
21
1.4842374803149605
0
LINE
8
BLACK
6
CONTINUOUS
10
-0.4771946850393701
20
1.4842374803149605
11
-0.4704912598425197
21
1.4865831102362204
0
LINE
8
BLACK
6
CONTINUOUS
10
-0.4704912598425197
20
1.4865831102362204
11
-0.464477874015748
21
1.4903615748031496
0
LINE
8
BLACK
6
CONTINUOUS
10
-0.464477874015748
20
1.4903615748031496
11
-0.459456062992126
21
1.4953833858267715
0
LINE
8
BLACK
6
CONTINUOUS
10
-0.459456062992126
20
1.4953833858267715
11
-0.4556775984251968
21
1.5013967716535432
0
LINE
8
BLACK
6
CONTINUOUS
10
-0.4556775984251968
20
1.5013967716535432
11
-0.453331968503937
21
1.5081001968503938
0
LINE
8
BLACK
6
CONTINUOUS
10
-0.453331968503937
20
1.5081001968503938
11
-0.4532922440944882
21
1.5084527952755906
0
LINE
8
BLACK
6
CONTINUOUS
10
-0.4532922440944882
20
1.5084527952755906
11
-0.452536811023622
21
1.5151573622047243
0
LINE
8
BLACK
6
CONTINUOUS
10
-0.452536811023622
20
1.5151573622047243
11
-0.452536811023622
21
1.5151576377952756
0
LINE
8
BLACK
6
CONTINUOUS
10
-0.452536811023622
20
1.5151576377952756
11
-0.4533319291338583
21
1.5222145669291338
0
LINE
8
BLACK
6
CONTINUOUS
10
-0.4533319291338583
20
1.5222145669291338
11
-0.453331968503937
21
1.5222147637795276
0
LINE
8
BLACK
6
CONTINUOUS
10
-0.453331968503937
20
1.5222147637795276
11
-0.4556776377952756
21
1.5289182677165354
0
LINE
8
BLACK
6
CONTINUOUS
10
-0.4556776377952756
20
1.5289182677165354
11
-0.4576632283464567
21
1.5320783070866142
0
LINE
8
BLACK
6
CONTINUOUS
10
-0.4576632283464567
20
1.5320783070866142
11
-0.4584112598425197
21
1.5347254330708662
0
LINE
8
BLACK
6
CONTINUOUS
10
-0.4584112598425197
20
1.5347254330708662
11
-0.4576093700787401
21
1.5373567322834645
0
LINE
8
BLACK
6
CONTINUOUS
10
-0.4576093700787401
20
1.5373567322834645
11
-0.4555122047244095
21
1.5391368110236221
0
LINE
8
BLACK
6
CONTINUOUS
10
-0.4555122047244095
20
1.5391368110236221
11
-0.4535296062992126
21
1.5395575196850393
0
LINE
8
BLACK
6
CONTINUOUS
10
-0.4535296062992126
20
1.5395575196850393
11
-0.4460946850393701
21
1.5395575196850393
0
LINE
8
BLACK
6
CONTINUOUS
10
-0.4460946850393701
20
1.5395575196850393
11
-0.4434553543307087
21
1.5387825196850393
0
LINE
8
BLACK
6
CONTINUOUS
10
-0.4434553543307087
20
1.5387825196850393
11
-0.4426426771653543
21
1.5381276377952755
0
LINE
8
BLACK
6
CONTINUOUS
10
-0.4426426771653543
20
1.5381276377952755
11
-0.4360860236220472
21
1.5315709842519685
0
LINE
8
BLACK
6
CONTINUOUS
10
-0.4360860236220472
20
1.5315709842519685
11
-0.4347677165354331
21
1.5291566929133857
0
LINE
8
BLACK
6
CONTINUOUS
10
-0.4347677165354331
20
1.5291566929133857
11
-0.4349300787401575
21
1.5265066141732284
0
LINE
8
BLACK
6
CONTINUOUS
10
-0.4349300787401575
20
1.5265066141732284
11
-0.4364318110236221
21
1.5222148818897638
0
LINE
8
BLACK
6
CONTINUOUS
10
-0.4364318110236221
20
1.5222148818897638
11
-0.4364318897637795
21
1.5222145669291338
0
LINE
8
BLACK
6
CONTINUOUS
10
-0.4364318897637795
20
1.5222145669291338
11
-0.437226968503937
21
1.5151576377952756
0
LINE
8
BLACK
6
CONTINUOUS
10
-0.437226968503937
20
1.5151576377952756
11
-0.437226968503937
21
1.5151573622047243
0
LINE
8
BLACK
6
CONTINUOUS
10
-0.437226968503937
20
1.5151573622047243
11
-0.4364318897637795
21
1.5081004330708661
0
LINE
8
BLACK
6
CONTINUOUS
10
-0.4364318897637795
20
1.5081004330708661
11
-0.4364318503937008
21
1.5081002362204725
0
LINE
8
BLACK
6
CONTINUOUS
10
-0.4364318503937008
20
1.5081002362204725
11
-0.4340861811023622
21
1.5013967322834645
0
LINE
8
BLACK
6
CONTINUOUS
10
-0.4340861811023622
20
1.5013967322834645
11
-0.4324894881889764
21
1.4988556299212599
0
LINE
8
BLACK
6
CONTINUOUS
10
-0.4324894881889764
20
1.4988556299212599
11
-0.430307716535433
21
1.4953833858267715
0
LINE
8
BLACK
6
CONTINUOUS
10
-0.430307716535433
20
1.4953833858267715
11
-0.425285905511811
21
1.4903615748031496
0
LINE
8
BLACK
6
CONTINUOUS
10
-0.425285905511811
20
1.4903615748031496
11
-0.4192725196850394
21
1.4865831102362204
0
LINE
8
BLACK
6
CONTINUOUS
10
-0.4192725196850394
20
1.4865831102362204
11
-0.412569094488189
21
1.4842374803149605
0
LINE
8
BLACK
6
CONTINUOUS
10
-0.412569094488189
20
1.4842374803149605
11
-0.4125688976377953
21
1.4842374409448817
0
LINE
8
BLACK
6
CONTINUOUS
10
-0.4125688976377953
20
1.4842374409448817
11
-0.405511968503937
21
1.4834423228346456
0
LINE
8
BLACK
6
CONTINUOUS
10
-0.405511968503937
20
1.4834423228346456
11
-0.405511811023622
21
1.4834423228346456
0
LINE
8
BLACK
6
CONTINUOUS
10
-0.405511811023622
20
1.4834423228346456
11
-0.4055116535433071
21
1.4834423228346456
0
LINE
8
BLACK
6
CONTINUOUS
10
-0.4055116535433071
20
1.4834423228346456
11
-0.3984547637795275
21
1.4842374409448817
0
LINE
8
BLACK
6
CONTINUOUS
10
-0.3984547637795275
20
1.4842374409448817
11
-0.3984546456692913
21
1.4842374803149605
0
LINE
8
BLACK
6
CONTINUOUS
10
-0.3984546456692913
20
1.4842374803149605
11
-0.3984545275590551
21
1.4842374803149605
0
LINE
8
BLACK
6
CONTINUOUS
10
-0.3984545275590551
20
1.4842374803149605
11
-0.3917511023622047
21
1.4865831102362204
0
LINE
8
BLACK
6
CONTINUOUS
10
-0.3917511023622047
20
1.4865831102362204
11
-0.385737716535433
21
1.4903615748031496
0
LINE
8
BLACK
6
CONTINUOUS
10
-0.385737716535433
20
1.4903615748031496
11
-0.380715905511811
21
1.4953833858267715
0
LINE
8
BLACK
6
CONTINUOUS
10
-0.380715905511811
20
1.4953833858267715
11
-0.3769374409448819
21
1.5013967716535432
0
LINE
8
BLACK
6
CONTINUOUS
10
-0.3769374409448819
20
1.5013967716535432
11
-0.374591811023622
21
1.5081001968503938
0
LINE
8
BLACK
6
CONTINUOUS
10
-0.374591811023622
20
1.5081001968503938
11
-0.3745520866141732
21
1.5084527952755906
0
LINE
8
BLACK
6
CONTINUOUS
10
-0.3745520866141732
20
1.5084527952755906
11
-0.3737966535433071
21
1.5151573622047243
0
LINE
8
BLACK
6
CONTINUOUS
10
-0.3737966535433071
20
1.5151573622047243
11
-0.3737966535433071
21
1.5151576377952756
0
LINE
8
BLACK
6
CONTINUOUS
10
-0.3737966535433071
20
1.5151576377952756
11
-0.3745917716535433
21
1.5222145669291338
0
LINE
8
BLACK
6
CONTINUOUS
10
-0.3745917716535433
20
1.5222145669291338
11
-0.374591811023622
21
1.5222147637795276
0
LINE
8
BLACK
6
CONTINUOUS
10
-0.374591811023622
20
1.5222147637795276
11
-0.3769374803149606
21
1.5289182677165354
0
LINE
8
BLACK
6
CONTINUOUS
10
-0.3769374803149606
20
1.5289182677165354
11
-0.3790664173228346
21
1.5323064173228347
0
LINE
8
BLACK
6
CONTINUOUS
10
-0.3790664173228346
20
1.5323064173228347
11
-0.380715905511811
21
1.5349315748031496
0
LINE
8
BLACK
6
CONTINUOUS
10
-0.380715905511811
20
1.5349315748031496
11
-0.385737716535433
21
1.5399533858267715
0
LINE
8
BLACK
6
CONTINUOUS
10
-0.385737716535433
20
1.5399533858267715
11
-0.391751062992126
21
1.5437318503937008
0
LINE
8
BLACK
6
CONTINUOUS
10
-0.391751062992126
20
1.5437318503937008
11
-0.3984545669291338
21
1.5460775196850394
0
LINE
8
BLACK
6
CONTINUOUS
10
-0.3984545669291338
20
1.5460775196850394
11
-0.3984547637795275
21
1.5460775590551181
0
LINE
8
BLACK
6
CONTINUOUS
10
-0.3984547637795275
20
1.5460775590551181
11
-0.4055116535433071
21
1.5468726377952755
0
LINE
8
BLACK
6
CONTINUOUS
10
-0.4055116535433071
20
1.5468726377952755
11
-0.4055119291338583
21
1.5468726377952755
0
LINE
8
BLACK
6
CONTINUOUS
10
-0.4055119291338583
20
1.5468726377952755
11
-0.4093282283464567
21
1.5464426771653543
0
LINE
8
BLACK
6
CONTINUOUS
10
-0.4093282283464567
20
1.5464426771653543
11
-0.4120377559055118
21
1.5469172834645668
0
LINE
8
BLACK
6
CONTINUOUS
10
-0.4120377559055118
20
1.5469172834645668
11
-0.4133268110236221
21
1.5478418503937008
0
LINE
8
BLACK
6
CONTINUOUS
10
-0.4133268110236221
20
1.5478418503937008
11
-0.421893188976378
21
1.5564082283464566
0
LINE
8
BLACK
6
CONTINUOUS
10
-0.421893188976378
20
1.5564082283464566
11
-0.4232114960629921
21
1.5588225196850394
0
LINE
8
BLACK
6
CONTINUOUS
10
-0.4232114960629921
20
1.5588225196850394
11
-0.4230152755905512
21
1.5615662992125985
0
LINE
8
BLACK
6
CONTINUOUS
10
-0.4230152755905512
20
1.5615662992125985
11
-0.4213667716535433
21
1.5637683858267717
0
LINE
8
BLACK
6
CONTINUOUS
10
-0.4213667716535433
20
1.5637683858267717
11
-0.4187894488188976
21
1.5647296850393699
0
LINE
8
BLACK
6
CONTINUOUS
10
-0.4187894488188976
20
1.5647296850393699
11
-0.416828779527559
21
1.5644681496062991
0
LINE
8
BLACK
6
CONTINUOUS
10
-0.416828779527559
20
1.5644681496062991
11
-0.4125694094488189
21
1.562977716535433
0
LINE
8
BLACK
6
CONTINUOUS
10
-0.4125694094488189
20
1.562977716535433
11
-0.4125691732283465
21
1.5629776771653543
0
LINE
8
BLACK
6
CONTINUOUS
10
-0.4125691732283465
20
1.5629776771653543
11
-0.412569094488189
21
1.5629776377952755
0
LINE
8
BLACK
6
CONTINUOUS
10
-0.412569094488189
20
1.5629776377952755
11
-0.4125690551181102
21
1.5629776377952755
0
LINE
8
BLACK
6
CONTINUOUS
10
-0.4125690551181102
20
1.5629776377952755
11
-0.4125688976377953
21
1.5629775984251968
0
LINE
8
BLACK
6
CONTINUOUS
10
-0.4125688976377953
20
1.5629775984251968
11
-0.405511968503937
21
1.5621824803149607
0
LINE
8
BLACK
6
CONTINUOUS
10
-0.405511968503937
20
1.5621824803149607
11
-0.405511811023622
21
1.5621824803149607
0
LINE
8
BLACK
6
CONTINUOUS
10
-0.405511811023622
20
1.5621824803149607
11
-0.4055116535433071
21
1.5621824803149607
0
LINE
8
BLACK
6
CONTINUOUS
10
-0.4055116535433071
20
1.5621824803149607
11
-0.3984547637795275
21
1.5629775984251968
0
LINE
8
BLACK
6
CONTINUOUS
10
-0.3984547637795275
20
1.5629775984251968
11
-0.3984546456692913
21
1.5629776377952755
0
LINE
8
BLACK
6
CONTINUOUS
10
-0.3984546456692913
20
1.5629776377952755
11
-0.3984545275590551
21
1.5629776377952755
0
LINE
8
BLACK
6
CONTINUOUS
10
-0.3984545275590551
20
1.5629776377952755
11
-0.3917511023622047
21
1.5653232677165354
0
LINE
8
BLACK
6
CONTINUOUS
10
-0.3917511023622047
20
1.5653232677165354
11
-0.385737716535433
21
1.5691017322834646
0
LINE
8
BLACK
6
CONTINUOUS
10
-0.385737716535433
20
1.5691017322834646
11
-0.380715905511811
21
1.5741235433070866
0
LINE
8
BLACK
6
CONTINUOUS
10
-0.380715905511811
20
1.5741235433070866
11
-0.3769374409448819
21
1.5801369291338583
0
LINE
8
BLACK
6
CONTINUOUS
10
-0.3769374409448819
20
1.5801369291338583
11
-0.374591811023622
21
1.5868403543307086
0
LINE
8
BLACK
6
CONTINUOUS
10
-0.374591811023622
20
1.5868403543307086
11
-0.3745917716535433
21
1.5868405905511811
0
LINE
8
BLACK
6
CONTINUOUS
10
-0.3745917716535433
20
1.5868405905511811
11
-0.3737966535433071
21
1.5938975196850393
0
LINE
8
BLACK
6
CONTINUOUS
10
-0.3737966535433071
20
1.5938975196850393
11
-0.3737966535433071
21
1.5938977952755906
0
LINE
8
BLACK
6
CONTINUOUS
10
-0.3737966535433071
20
1.5938977952755906
11
-0.3745917716535433
21
1.6009547244094489
0
LINE
8
BLACK
6
CONTINUOUS
10
-0.3745917716535433
20
1.6009547244094489
11
-0.374591811023622
21
1.6009549212598424
0
LINE
8
BLACK
6
CONTINUOUS
10
-0.374591811023622
20
1.6009549212598424
11
-0.3760935826771654
21
1.6052467716535432
0
LINE
8
BLACK
6
CONTINUOUS
10
-0.3760935826771654
20
1.6052467716535432
11
-0.3769374409448819
21
1.6076583464566929
0
LINE
8
BLACK
6
CONTINUOUS
10
-0.3769374409448819
20
1.6076583464566929
11
-0.3771887401574803
21
1.6080582677165354
0
LINE
8
BLACK
6
CONTINUOUS
10
-0.3771887401574803
20
1.6080582677165354
11
-0.3807159448818898
21
1.6136717716535434
0
LINE
8
BLACK
6
CONTINUOUS
10
-0.3807159448818898
20
1.6136717716535434
11
-0.385737716535433
21
1.6186935433070866
0
LINE
8
BLACK
6
CONTINUOUS
10
-0.385737716535433
20
1.6186935433070866
11
-0.391751062992126
21
1.6224720078740158
0
LINE
8
BLACK
6
CONTINUOUS
10
-0.391751062992126
20
1.6224720078740158
11
-0.3984545669291338
21
1.6248176771653542
0
LINE
8
BLACK
6
CONTINUOUS
10
-0.3984545669291338
20
1.6248176771653542
11
-0.3984547637795275
21
1.6248177165354329
0
LINE
8
BLACK
6
CONTINUOUS
10
-0.3984547637795275
20
1.6248177165354329
11
-0.4055116535433071
21
1.6256127952755905
0
LINE
8
BLACK
6
CONTINUOUS
10
-0.4055116535433071
20
1.6256127952755905
11
-0.4055119291338583
21
1.6256127952755905
0
LINE
8
BLACK
6
CONTINUOUS
10
-0.4055119291338583
20
1.6256127952755905
11
-0.4093282283464567
21
1.6251828346456691
0
LINE
8
BLACK
6
CONTINUOUS
10
-0.4093282283464567
20
1.6251828346456691
11
-0.4120377559055118
21
1.6256574409448818
0
LINE
8
BLACK
6
CONTINUOUS
10
-0.4120377559055118
20
1.6256574409448818
11
-0.4133268110236221
21
1.6265820078740156
0
LINE
8
BLACK
6
CONTINUOUS
10
-0.4133268110236221
20
1.6265820078740156
11
-0.421893188976378
21
1.6351483858267717
0
LINE
8
BLACK
6
CONTINUOUS
10
-0.421893188976378
20
1.6351483858267717
11
-0.4232114960629921
21
1.6375626771653542
0
LINE
8
BLACK
6
CONTINUOUS
10
-0.4232114960629921
20
1.6375626771653542
11
-0.4230152755905512
21
1.6403064566929133
0
LINE
8
BLACK
6
CONTINUOUS
10
-0.4230152755905512
20
1.6403064566929133
11
-0.4213667716535433
21
1.6425085433070865
0
LINE
8
BLACK
6
CONTINUOUS
10
-0.4213667716535433
20
1.6425085433070865
11
-0.4187894488188976
21
1.643469842519685
0
LINE
8
BLACK
6
CONTINUOUS
10
-0.4187894488188976
20
1.643469842519685
11
-0.416828779527559
21
1.6432083070866141
0
LINE
8
BLACK
6
CONTINUOUS
10
-0.416828779527559
20
1.6432083070866141
11
-0.4125694094488189
21
1.6417178740157481
0
LINE
8
BLACK
6
CONTINUOUS
10
-0.4125694094488189
20
1.6417178740157481
11
-0.4125691732283465
21
1.6417178346456693
0
LINE
8
BLACK
6
CONTINUOUS
10
-0.4125691732283465
20
1.6417178346456693
11
-0.412569094488189
21
1.6417177952755906
0
LINE
8
BLACK
6
CONTINUOUS
10
-0.412569094488189
20
1.6417177952755906
11
-0.4125690551181102
21
1.6417177952755906
0
LINE
8
BLACK
6
CONTINUOUS
10
-0.4125690551181102
20
1.6417177952755906
11
-0.4125688976377953
21
1.6417177559055118
0
LINE
8
BLACK
6
CONTINUOUS
10
-0.4125688976377953
20
1.6417177559055118
11
-0.405511968503937
21
1.6409226377952755
0
LINE
8
BLACK
6
CONTINUOUS
10
-0.405511968503937
20
1.6409226377952755
11
-0.405511811023622
21
1.6409226377952755
0
LINE
8
BLACK
6
CONTINUOUS
10
-0.405511811023622
20
1.6409226377952755
11
-0.4055116535433071
21
1.6409226377952755
0
LINE
8
BLACK
6
CONTINUOUS
10
-0.4055116535433071
20
1.6409226377952755
11
-0.3984547637795275
21
1.6417177559055118
0
LINE
8
BLACK
6
CONTINUOUS
10
-0.3984547637795275
20
1.6417177559055118
11
-0.3984546456692913
21
1.6417177952755906
0
LINE
8
BLACK
6
CONTINUOUS
10
-0.3984546456692913
20
1.6417177952755906
11
-0.3984545275590551
21
1.6417177952755906
0
LINE
8
BLACK
6
CONTINUOUS
10
-0.3984545275590551
20
1.6417177952755906
11
-0.3917511023622047
21
1.6440634251968504
0
LINE
8
BLACK
6
CONTINUOUS
10
-0.3917511023622047
20
1.6440634251968504
11
-0.385737716535433
21
1.6478418897637794
0
LINE
8
BLACK
6
CONTINUOUS
10
-0.385737716535433
20
1.6478418897637794
11
-0.380715905511811
21
1.6528637007874016
0
LINE
8
BLACK
6
CONTINUOUS
10
-0.380715905511811
20
1.6528637007874016
11
-0.3769374409448819
21
1.6588770866141731
0
LINE
8
BLACK
6
CONTINUOUS
10
-0.3769374409448819
20
1.6588770866141731
11
-0.374591811023622
21
1.6655805118110236
0
LINE
8
BLACK
6
CONTINUOUS
10
-0.374591811023622
20
1.6655805118110236
11
-0.3745538188976378
21
1.6659176771653543
0
LINE
8
BLACK
6
CONTINUOUS
10
-0.3745538188976378
20
1.6659176771653543
11
-0.3737966535433071
21
1.6726376771653544
0
LINE
8
BLACK
6
CONTINUOUS
10
-0.3737966535433071
20
1.6726376771653544
11
-0.3737966535433071
21
1.6726379527559054
0
LINE
8
BLACK
6
CONTINUOUS
10
-0.3737966535433071
20
1.6726379527559054
11
-0.3745917716535433
21
1.6796948818897637
0
LINE
8
BLACK
6
CONTINUOUS
10
-0.3745917716535433
20
1.6796948818897637
11
-0.374591811023622
21
1.6796950787401574
0
LINE
8
BLACK
6
CONTINUOUS
10
-0.374591811023622
20
1.6796950787401574
11
-0.3769374803149606
21
1.6863985826771652
0
LINE
8
BLACK
6
CONTINUOUS
10
-0.3769374803149606
20
1.6863985826771652
11
-0.3807159448818898
21
1.6924119291338582
0
LINE
8
BLACK
6
CONTINUOUS
10
-0.3807159448818898
20
1.6924119291338582
11
-0.385737716535433
21
1.6974337007874016
0
LINE
8
BLACK
6
CONTINUOUS
10
-0.385737716535433
20
1.6974337007874016
11
-0.391751062992126
21
1.7012121653543306
0
LINE
8
BLACK
6
CONTINUOUS
10
-0.391751062992126
20
1.7012121653543306
11
-0.3984545669291338
21
1.7035578346456692
0
LINE
8
BLACK
6
CONTINUOUS
10
-0.3984545669291338
20
1.7035578346456692
11
-0.3984547637795275
21
1.703557874015748
0
LINE
8
BLACK
6
CONTINUOUS
10
-0.3984547637795275
20
1.703557874015748
11
-0.4055116535433071
21
1.7043529527559054
0
LINE
8
BLACK
6
CONTINUOUS
10
-0.4055116535433071
20
1.7043529527559054
11
-0.4055119291338583
21
1.7043529527559054
0
LINE
8
BLACK
6
CONTINUOUS
10
-0.4055119291338583
20
1.7043529527559054
11
-0.4093282283464567
21
1.7039229921259842
0
LINE
8
BLACK
6
CONTINUOUS
10
-0.4093282283464567
20
1.7039229921259842
11
-0.4120377559055118
21
1.7043975984251969
0
LINE
8
BLACK
6
CONTINUOUS
10
-0.4120377559055118
20
1.7043975984251969
11
-0.4133268110236221
21
1.7053221653543307
0
LINE
8
BLACK
6
CONTINUOUS
10
-0.4133268110236221
20
1.7053221653543307
11
-0.421893188976378
21
1.7138885433070865
0
LINE
8
BLACK
6
CONTINUOUS
10
-0.421893188976378
20
1.7138885433070865
11
-0.4232114960629921
21
1.7163028346456692
0
LINE
8
BLACK
6
CONTINUOUS
10
-0.4232114960629921
20
1.7163028346456692
11
-0.4230152755905512
21
1.7190466141732283
0
LINE
8
BLACK
6
CONTINUOUS
10
-0.4230152755905512
20
1.7190466141732283
11
-0.4213667716535433
21
1.7212487007874016
0
LINE
8
BLACK
6
CONTINUOUS
10
-0.4213667716535433
20
1.7212487007874016
11
-0.4187894488188976
21
1.72221
0
LINE
8
BLACK
6
CONTINUOUS
10
-0.4187894488188976
20
1.72221
11
-0.416828779527559
21
1.7219484645669292
0
LINE
8
BLACK
6
CONTINUOUS
10
-0.416828779527559
20
1.7219484645669292
11
-0.4125694094488189
21
1.7204580314960629
0
LINE
8
BLACK
6
CONTINUOUS
10
-0.4125694094488189
20
1.7204580314960629
11
-0.4125691732283465
21
1.7204579921259842
0
LINE
8
BLACK
6
CONTINUOUS
10
-0.4125691732283465
20
1.7204579921259842
11
-0.412569094488189
21
1.7204579527559054
0
LINE
8
BLACK
6
CONTINUOUS
10
-0.412569094488189
20
1.7204579527559054
11
-0.4125690551181102
21
1.7204579527559054
0
LINE
8
BLACK
6
CONTINUOUS
10
-0.4125690551181102
20
1.7204579527559054
11
-0.4125688976377953
21
1.7204579133858267
0
LINE
8
BLACK
6
CONTINUOUS
10
-0.4125688976377953
20
1.7204579133858267
11
-0.405511968503937
21
1.7196627952755905
0
LINE
8
BLACK
6
CONTINUOUS
10
-0.405511968503937
20
1.7196627952755905
11
-0.405511811023622
21
1.7196627952755905
0
LINE
8
BLACK
6
CONTINUOUS
10
-0.405511811023622
20
1.7196627952755905
11
-0.4055116535433071
21
1.7196627952755905
0
LINE
8
BLACK
6
CONTINUOUS
10
-0.4055116535433071
20
1.7196627952755905
11
-0.3984547637795275
21
1.7204579133858267
0
LINE
8
BLACK
6
CONTINUOUS
10
-0.3984547637795275
20
1.7204579133858267
11
-0.3984546456692913
21
1.7204579527559054
0
LINE
8
BLACK
6
CONTINUOUS
10
-0.3984546456692913
20
1.7204579527559054
11
-0.3984545275590551
21
1.7204579527559054
0
LINE
8
BLACK
6
CONTINUOUS
10
-0.3984545275590551
20
1.7204579527559054
11
-0.3917511023622047
21
1.7228035826771653
0
LINE
8
BLACK
6
CONTINUOUS
10
-0.3917511023622047
20
1.7228035826771653
11
-0.385737716535433
21
1.7265820472440945
0
LINE
8
BLACK
6
CONTINUOUS
10
-0.385737716535433
20
1.7265820472440945
11
-0.380715905511811
21
1.7316038582677165
0
LINE
8
BLACK
6
CONTINUOUS
10
-0.380715905511811
20
1.7316038582677165
11
-0.3769374409448819
21
1.7376172440944881
0
LINE
8
BLACK
6
CONTINUOUS
10
-0.3769374409448819
20
1.7376172440944881
11
-0.374591811023622
21
1.7443206692913384
0
LINE
8
BLACK
6
CONTINUOUS
10
-0.374591811023622
20
1.7443206692913384
11
-0.3745917716535433
21
1.744320905511811
0
LINE
8
BLACK
6
CONTINUOUS
10
-0.3745917716535433
20
1.744320905511811
11
-0.3737966535433071
21
1.7513778346456692
0
LINE
8
BLACK
6
CONTINUOUS
10
-0.3737966535433071
20
1.7513778346456692
11
-0.3737966535433071
21
1.7513781102362205
0
LINE
8
BLACK
6
CONTINUOUS
10
-0.3737966535433071
20
1.7513781102362205
11
-0.3745917716535433
21
1.7584350393700787
0
LINE
8
BLACK
6
CONTINUOUS
10
-0.3745917716535433
20
1.7584350393700787
11
-0.374591811023622
21
1.7584352362204725
0
LINE
8
BLACK
6
CONTINUOUS
10
-0.374591811023622
20
1.7584352362204725
11
-0.3751000393700787
21
1.7598876771653542
0
LINE
8
BLACK
6
CONTINUOUS
10
-0.3751000393700787
20
1.7598876771653542
11
-0.3769374409448819
21
1.7651386614173228
0
LINE
8
BLACK
6
CONTINUOUS
10
-0.3769374409448819
20
1.7651386614173228
11
-0.380715905511811
21
1.7711520472440945
0
LINE
8
BLACK
6
CONTINUOUS
10
-0.380715905511811
20
1.7711520472440945
11
-0.385737716535433
21
1.7761738582677165
0
LINE
8
BLACK
6
CONTINUOUS
10
-0.385737716535433
20
1.7761738582677165
11
-0.3866272440944882
21
1.7767327952755905
0
LINE
8
BLACK
6
CONTINUOUS
10
-0.3866272440944882
20
1.7767327952755905
11
-0.391751062992126
21
1.7799523228346457
0
LINE
8
BLACK
6
CONTINUOUS
10
-0.391751062992126
20
1.7799523228346457
11
-0.3984545669291338
21
1.7822979921259843
0
LINE
8
BLACK
6
CONTINUOUS
10
-0.3984545669291338
20
1.7822979921259843
11
-0.3984547637795275
21
1.782298031496063
0
LINE
8
BLACK
6
CONTINUOUS
10
-0.3984547637795275
20
1.782298031496063
11
-0.4055116535433071
21
1.7830931102362204
0
LINE
8
BLACK
6
CONTINUOUS
10
-0.4055116535433071
20
1.7830931102362204
11
-0.4055119291338583
21
1.7830931102362204
0
LINE
8
BLACK
6
CONTINUOUS
10
-0.4055119291338583
20
1.7830931102362204
11
-0.4093282283464567
21
1.7826631496062992
0
LINE
8
BLACK
6
CONTINUOUS
10
-0.4093282283464567
20
1.7826631496062992
11
-0.4120377559055118
21
1.7831377559055117
0
LINE
8
BLACK
6
CONTINUOUS
10
-0.4120377559055118
20
1.7831377559055117
11
-0.4133268110236221
21
1.7840623228346457
0
LINE
8
BLACK
6
CONTINUOUS
10
-0.4133268110236221
20
1.7840623228346457
11
-0.421893188976378
21
1.7926287007874016
0
LINE
8
BLACK
6
CONTINUOUS
10
-0.421893188976378
20
1.7926287007874016
11
-0.4232114960629921
21
1.7950429921259843
0
LINE
8
BLACK
6
CONTINUOUS
10
-0.4232114960629921
20
1.7950429921259843
11
-0.4230152755905512
21
1.7977867716535432
0
LINE
8
BLACK
6
CONTINUOUS
10
-0.4230152755905512
20
1.7977867716535432
11
-0.4213667716535433
21
1.7999888582677166
0
LINE
8
BLACK
6
CONTINUOUS
10
-0.4213667716535433
20
1.7999888582677166
11
-0.4187894488188976
21
1.8009501574803148
0
LINE
8
BLACK
6
CONTINUOUS
10
-0.4187894488188976
20
1.8009501574803148
11
-0.416828779527559
21
1.800688622047244
0
LINE
8
BLACK
6
CONTINUOUS
10
-0.416828779527559
20
1.800688622047244
11
-0.4125694094488189
21
1.799198188976378
0
LINE
8
BLACK
6
CONTINUOUS
10
-0.4125694094488189
20
1.799198188976378
11
-0.4125691732283465
21
1.7991981496062992
0
LINE
8
BLACK
6
CONTINUOUS
10
-0.4125691732283465
20
1.7991981496062992
11
-0.412569094488189
21
1.7991981102362204
0
LINE
8
BLACK
6
CONTINUOUS
10
-0.412569094488189
20
1.7991981102362204
11
-0.4125690551181102
21
1.7991981102362204
0
LINE
8
BLACK
6
CONTINUOUS
10
-0.4125690551181102
20
1.7991981102362204
11
-0.4125688976377953
21
1.7991980708661417
0
LINE
8
BLACK
6
CONTINUOUS
10
-0.4125688976377953
20
1.7991980708661417
11
-0.405511968503937
21
1.7984029527559056
0
LINE
8
BLACK
6
CONTINUOUS
10
-0.405511968503937
20
1.7984029527559056
11
-0.405511811023622
21
1.7984029527559056
0
LINE
8
BLACK
6
CONTINUOUS
10
-0.405511811023622
20
1.7984029527559056
11
-0.4055116535433071
21
1.7984029527559056
0
LINE
8
BLACK
6
CONTINUOUS
10
-0.4055116535433071
20
1.7984029527559056
11
-0.3984547637795275
21
1.7991980708661417
0
LINE
8
BLACK
6
CONTINUOUS
10
-0.3984547637795275
20
1.7991980708661417
11
-0.3984546456692913
21
1.7991981102362204
0
LINE
8
BLACK
6
CONTINUOUS
10
-0.3984546456692913
20
1.7991981102362204
11
-0.3984545275590551
21
1.7991981102362204
0
LINE
8
BLACK
6
CONTINUOUS
10
-0.3984545275590551
20
1.7991981102362204
11
-0.3917511023622047
21
1.8015437401574803
0
LINE
8
BLACK
6
CONTINUOUS
10
-0.3917511023622047
20
1.8015437401574803
11
-0.3869870866141732
21
1.8045372047244095
0
LINE
8
BLACK
6
CONTINUOUS
10
-0.3869870866141732
20
1.8045372047244095
11
-0.38434
21
1.8052852362204723
0
LINE
8
BLACK
6
CONTINUOUS
10
-0.38434
20
1.8052852362204723
11
-0.3817087007874015
21
1.8044833858267717
0
LINE
8
BLACK
6
CONTINUOUS
10
-0.3817087007874015
20
1.8044833858267717
11
-0.3799285826771653
21
1.802386220472441
0
LINE
8
BLACK
6
CONTINUOUS
10
-0.3799285826771653
20
1.802386220472441
11
-0.379507874015748
21
1.8004035826771654
0
LINE
8
BLACK
6
CONTINUOUS
10
-0.379507874015748
20
1.8004035826771654
11
-0.379507874015748
21
1.7896121259842519
0
LINE
8
BLACK
6
CONTINUOUS
10
-0.379507874015748
20
1.7896121259842519
11
-0.3786345669291338
21
1.7863527559055117
0
LINE
8
BLACK
6
CONTINUOUS
10
-0.3786345669291338
20
1.7863527559055117
11
-0.3785533464566929
21
1.7862120866141731
0
LINE
8
BLACK
6
CONTINUOUS
10
-0.3785533464566929
20
1.7862120866141731
11
-0.3769474409448819
21
1.7834306299212599
0
LINE
8
BLACK
6
CONTINUOUS
10
-0.3769474409448819
20
1.7834306299212599
11
-0.3769473622047244
21
1.7834305511811024
0
LINE
8
BLACK
6
CONTINUOUS
10
-0.3769473622047244
20
1.7834305511811024
11
-0.3583729527559055
21
1.7648561417322834
0
LINE
8
BLACK
6
CONTINUOUS
10
-0.3583729527559055
20
1.7648561417322834
11
-0.3570546456692913
21
1.7624418503937007
0
LINE
8
BLACK
6
CONTINUOUS
10
-0.3570546456692913
20
1.7624418503937007
11
-0.3572170078740157
21
1.7597918110236219
0
LINE
8
BLACK
6
CONTINUOUS
10
-0.3572170078740157
20
1.7597918110236219
11
-0.3576916929133858
21
1.7584352362204725
0
LINE
8
BLACK
6
CONTINUOUS
10
-0.3576916929133858
20
1.7584352362204725
11
-0.3576916929133858
21
1.7584351968503937
0
LINE
8
BLACK
6
CONTINUOUS
10
-0.3576916929133858
20
1.7584351968503937
11
-0.3584868110236221
21
1.7513781102362205
0
LINE
8
BLACK
6
CONTINUOUS
10
-0.3584868110236221
20
1.7513781102362205
11
-0.3584868110236221
21
1.7513778346456692
0
LINE
8
BLACK
6
CONTINUOUS
10
-0.3584868110236221
20
1.7513778346456692
11
-0.3576917322834646
21
1.744320905511811
0
LINE
8
BLACK
6
CONTINUOUS
10
-0.3576917322834646
20
1.744320905511811
11
-0.3576916929133858
21
1.7443207086614172
0
LINE
8
BLACK
6
CONTINUOUS
10
-0.3576916929133858
20
1.7443207086614172
11
-0.3553460236220473
21
1.7376172047244094
0
LINE
8
BLACK
6
CONTINUOUS
10
-0.3553460236220473
20
1.7376172047244094
11
-0.3530445275590551
21
1.7339544094488188
0
LINE
8
BLACK
6
CONTINUOUS
10
-0.3530445275590551
20
1.7339544094488188
11
-0.3515675590551181
21
1.7316038582677165
0
LINE
8
BLACK
6
CONTINUOUS
10
-0.3515675590551181
20
1.7316038582677165
11
-0.3465457480314961
21
1.7265820472440945
0
LINE
8
BLACK
6
CONTINUOUS
10
-0.3465457480314961
20
1.7265820472440945
11
-0.3450154724409449
21
1.7256205118110235
0
LINE
8
BLACK
6
CONTINUOUS
10
-0.3450154724409449
20
1.7256205118110235
11
-0.3415797637795275
21
1.7234616929133857
0
LINE
8
BLACK
6
CONTINUOUS
10
-0.3415797637795275
20
1.7234616929133857
11
-0.3405323622047244
21
1.7228035826771653
0
LINE
8
BLACK
6
CONTINUOUS
10
-0.3405323622047244
20
1.7228035826771653
11
-0.3338291732283464
21
1.7204580314960629
0
LINE
8
BLACK
6
CONTINUOUS
10
-0.3338291732283464
20
1.7204580314960629
11
-0.333828937007874
21
1.7204579527559054
0
LINE
8
BLACK
6
CONTINUOUS
10
-0.333828937007874
20
1.7204579527559054
11
-0.3338287401574803
21
1.7204579133858267
0
LINE
8
BLACK
6
CONTINUOUS
10
-0.3338287401574803
20
1.7204579133858267
11
-0.326771811023622
21
1.7196627952755905
0
LINE
8
BLACK
6
CONTINUOUS
10
-0.326771811023622
20
1.7196627952755905
11
-0.3267716535433071
21
1.7196627952755905
0
LINE
8
BLACK
6
CONTINUOUS
10
-0.3267716535433071
20
1.7196627952755905
11
-0.3267714960629921
21
1.7196627952755905
0
LINE
8
BLACK
6
CONTINUOUS
10
-0.3267714960629921
20
1.7196627952755905
11
-0.3197146062992126
21
1.7204579133858267
0
LINE
8
BLACK
6
CONTINUOUS
10
-0.3197146062992126
20
1.7204579133858267
11
-0.3197144881889764
21
1.7204579527559054
0
LINE
8
BLACK
6
CONTINUOUS
10
-0.3197144881889764
20
1.7204579527559054
11
-0.3197143700787402
21
1.7204579527559054
0
LINE
8
BLACK
6
CONTINUOUS
10
-0.3197143700787402
20
1.7204579527559054
11
-0.3130109448818897
21
1.7228035826771653
0
LINE
8
BLACK
6
CONTINUOUS
10
-0.3130109448818897
20
1.7228035826771653
11
-0.3069975590551181
21
1.7265820472440945
0
LINE
8
BLACK
6
CONTINUOUS
10
-0.3069975590551181
20
1.7265820472440945
11
-0.3019757480314961
21
1.7316038582677165
0
LINE
8
BLACK
6
CONTINUOUS
10
-0.3019757480314961
20
1.7316038582677165
11
-0.2981972834645669
21
1.7376172440944881
0
LINE
8
BLACK
6
CONTINUOUS
10
-0.2981972834645669
20
1.7376172440944881
11
-0.2958516535433071
21
1.7443206692913384
0
LINE
8
BLACK
6
CONTINUOUS
10
-0.2958516535433071
20
1.7443206692913384
11
-0.2958516141732284
21
1.744320905511811
0
LINE
8
BLACK
6
CONTINUOUS
10
-0.2958516141732284
20
1.744320905511811
11
-0.2950564960629921
21
1.7513778346456692
0
LINE
8
BLACK
6
CONTINUOUS
10
-0.2950564960629921
20
1.7513778346456692
11
-0.2950564960629921
21
1.7513781102362205
0
LINE
8
BLACK
6
CONTINUOUS
10
-0.2950564960629921
20
1.7513781102362205
11
-0.2958516141732284
21
1.7584350393700787
0
LINE
8
BLACK
6
CONTINUOUS
10
-0.2958516141732284
20
1.7584350393700787
11
-0.2958516535433071
21
1.7584352362204725
0
LINE
8
BLACK
6
CONTINUOUS
10
-0.2958516535433071
20
1.7584352362204725
11
-0.2963598818897638
21
1.7598876771653542
0
LINE
8
BLACK
6
CONTINUOUS
10
-0.2963598818897638
20
1.7598876771653542
11
-0.2981972834645669
21
1.7651386614173228
0
LINE
8
BLACK
6
CONTINUOUS
10
-0.2981972834645669
20
1.7651386614173228
11
-0.3019757480314961
21
1.7711520472440945
0
LINE
8
BLACK
6
CONTINUOUS
10
-0.3019757480314961
20
1.7711520472440945
11
-0.3069975590551181
21
1.7761738582677165
0
LINE
8
BLACK
6
CONTINUOUS
10
-0.3069975590551181
20
1.7761738582677165
11
-0.3078870866141732
21
1.7767327952755905
0
LINE
8
BLACK
6
CONTINUOUS
10
-0.3078870866141732
20
1.7767327952755905
11
-0.313010905511811
21
1.7799523228346457
0
LINE
8
BLACK
6
CONTINUOUS
10
-0.313010905511811
20
1.7799523228346457
11
-0.3197144094488189
21
1.7822979921259843
0
LINE
8
BLACK
6
CONTINUOUS
10
-0.3197144094488189
20
1.7822979921259843
11
-0.3197146062992126
21
1.782298031496063
0
LINE
8
BLACK
6
CONTINUOUS
10
-0.3197146062992126
20
1.782298031496063
11
-0.3267714960629921
21
1.7830931102362204
0
LINE
8
BLACK
6
CONTINUOUS
10
-0.3267714960629921
20
1.7830931102362204
11
-0.326771811023622
21
1.7830931102362204
0
LINE
8
BLACK
6
CONTINUOUS
10
-0.326771811023622
20
1.7830931102362204
11
-0.3338288976377953
21
1.7822979921259843
0
LINE
8
BLACK
6
CONTINUOUS
10
-0.3338288976377953
20
1.7822979921259843
11
-0.333828937007874
21
1.7822979921259843
0
LINE
8
BLACK
6
CONTINUOUS
10
-0.333828937007874
20
1.7822979921259843
11
-0.3351855118110236
21
1.7818233070866141
0
LINE
8
BLACK
6
CONTINUOUS
10
-0.3351855118110236
20
1.7818233070866141
11
-0.3379327165354331
21
1.7816831102362205
0
LINE
8
BLACK
6
CONTINUOUS
10
-0.3379327165354331
20
1.7816831102362205
11
-0.340249842519685
21
1.7829792519685039
0
LINE
8
BLACK
6
CONTINUOUS
10
-0.340249842519685
20
1.7829792519685039
11
-0.3524480708661417
21
1.7951774803149605
0
LINE
8
BLACK
6
CONTINUOUS
10
-0.3524480708661417
20
1.7951774803149605
11
-0.3537663779527559
21
1.7975917716535432
0
LINE
8
BLACK
6
CONTINUOUS
10
-0.3537663779527559
20
1.7975917716535432
11
-0.3538779527559055
21
1.7986294881889764
0
LINE
8
BLACK
6
CONTINUOUS
10
-0.3538779527559055
20
1.7986294881889764
11
-0.3538779527559055
21
1.8010962598425198
0
LINE
8
BLACK
6
CONTINUOUS
10
-0.3538779527559055
20
1.8010962598425198
11
-0.3531029527559055
21
1.8037355905511812
0
LINE
8
BLACK
6
CONTINUOUS
10
-0.3531029527559055
20
1.8037355905511812
11
-0.3510240551181102
21
1.8055369685039369
0
LINE
8
BLACK
6
CONTINUOUS
10
-0.3510240551181102
20
1.8055369685039369
11
-0.3483012992125984
21
1.8059284645669291
0
LINE
8
BLACK
6
CONTINUOUS
10
-0.3483012992125984
20
1.8059284645669291
11
-0.3463988582677165
21
1.8052299212598424
0
LINE
8
BLACK
6
CONTINUOUS
10
-0.3463988582677165
20
1.8052299212598424
11
-0.3435103543307086
21
1.8034149606299212
0
LINE
8
BLACK
6
CONTINUOUS
10
-0.3435103543307086
20
1.8034149606299212
11
-0.3405324803149606
21
1.8015437795275591
0
LINE
8
BLACK
6
CONTINUOUS
10
-0.3405324803149606
20
1.8015437795275591
11
-0.333828937007874
21
1.7991981102362204
0
LINE
8
BLACK
6
CONTINUOUS
10
-0.333828937007874
20
1.7991981102362204
11
-0.3338287401574803
21
1.7991980708661417
0
LINE
8
BLACK
6
CONTINUOUS
10
-0.3338287401574803
20
1.7991980708661417
11
-0.326771811023622
21
1.7984029527559056
0
LINE
8
BLACK
6
CONTINUOUS
10
-0.326771811023622
20
1.7984029527559056
11
-0.3267716535433071
21
1.7984029527559056
0
LINE
8
BLACK
6
CONTINUOUS
10
-0.3267716535433071
20
1.7984029527559056
11
-0.3267714960629921
21
1.7984029527559056
0
LINE
8
BLACK
6
CONTINUOUS
10
-0.3267714960629921
20
1.7984029527559056
11
-0.3197146062992126
21
1.7991980708661417
0
LINE
8
BLACK
6
CONTINUOUS
10
-0.3197146062992126
20
1.7991980708661417
11
-0.3197144881889764
21
1.7991981102362204
0
LINE
8
BLACK
6
CONTINUOUS
10
-0.3197144881889764
20
1.7991981102362204
11
-0.3197143700787402
21
1.7991981102362204
0
LINE
8
BLACK
6
CONTINUOUS
10
-0.3197143700787402
20
1.7991981102362204
11
-0.3130109448818897
21
1.8015437401574803
0
LINE
8
BLACK
6
CONTINUOUS
10
-0.3130109448818897
20
1.8015437401574803
11
-0.3069975590551181
21
1.8053222047244095
0
LINE
8
BLACK
6
CONTINUOUS
10
-0.3069975590551181
20
1.8053222047244095
11
-0.3019757480314961
21
1.8103440157480315
0
LINE
8
BLACK
6
CONTINUOUS
10
-0.3019757480314961
20
1.8103440157480315
11
-0.2981972834645669
21
1.8163574015748032
0
LINE
8
BLACK
6
CONTINUOUS
10
-0.2981972834645669
20
1.8163574015748032
11
-0.2958516535433071
21
1.8230608267716535
0
LINE
8
BLACK
6
CONTINUOUS
10
-0.2958516535433071
20
1.8230608267716535
11
-0.2956985433070866
21
1.8244194881889764
0
LINE
8
BLACK
6
CONTINUOUS
10
-0.2956985433070866
20
1.8244194881889764
11
-0.2952755118110236
21
1.8281744094488188
0
LINE
8
BLACK
6
CONTINUOUS
10
-0.2952755118110236
20
1.8281744094488188
11
-0.2951954724409449
21
1.8288848425196851
0
LINE
8
BLACK
6
CONTINUOUS
10
-0.2951954724409449
20
1.8288848425196851
11
-0.2946853937007874
21
1.8300988188976377
0
LINE
8
BLACK
6
CONTINUOUS
10
-0.2946853937007874
20
1.8300988188976377
11
-0.2947023622047244
21
1.830131968503937
0
LINE
8
BLACK
6
CONTINUOUS
10
-0.2947023622047244
20
1.830131968503937
11
-0.2951406692913386
21
1.830988464566929
0
LINE
8
BLACK
6
CONTINUOUS
10
-0.2951406692913386
20
1.830988464566929
11
-0.2951954724409449
21
1.8313514960629922
0
LINE
8
BLACK
6
CONTINUOUS
10
-0.2951954724409449
20
1.8313514960629922
11
-0.2952131102362205
21
1.831507874015748
0
LINE
8
BLACK
6
CONTINUOUS
10
-0.2952131102362205
20
1.831507874015748
11
-0.295411968503937
21
1.8332727559055118
0
LINE
8
BLACK
6
CONTINUOUS
10
-0.295411968503937
20
1.8332727559055118
11
-0.2958516141732284
21
1.8371751968503938
0
LINE
8
BLACK
6
CONTINUOUS
10
-0.2958516141732284
20
1.8371751968503938
11
-0.2958516535433071
21
1.8371753937007873
0
LINE
8
BLACK
6
CONTINUOUS
10
-0.2958516535433071
20
1.8371753937007873
11
-0.2972446062992126
21
1.8411562598425197
0
LINE
8
BLACK
6
CONTINUOUS
10
-0.2972446062992126
20
1.8411562598425197
11
-0.2981972834645669
21
1.8438788188976378
0
LINE
8
BLACK
6
CONTINUOUS
10
-0.2981972834645669
20
1.8438788188976378
11
-0.2984485826771653
21
1.8442787401574803
0
LINE
8
BLACK
6
CONTINUOUS
10
-0.2984485826771653
20
1.8442787401574803
11
-0.3012166929133858
21
1.8486841732283463
0
LINE
8
BLACK
6
CONTINUOUS
10
-0.3012166929133858
20
1.8486841732283463
11
-0.3019757480314961
21
1.8498922047244095
0
LINE
8
BLACK
6
CONTINUOUS
10
-0.3019757480314961
20
1.8498922047244095
11
-0.3069975590551181
21
1.8549140157480315
0
LINE
8
BLACK
6
CONTINUOUS
10
-0.3069975590551181
20
1.8549140157480315
11
-0.3089068503937008
21
1.8561137007874016
0
LINE
8
BLACK
6
CONTINUOUS
10
-0.3089068503937008
20
1.8561137007874016
11
-0.313010905511811
21
1.8586924803149605
0
LINE
8
BLACK
6
CONTINUOUS
10
-0.313010905511811
20
1.8586924803149605
11
-0.3197144094488189
21
1.8610381496062991
0
LINE
8
BLACK
6
CONTINUOUS
10
-0.3197144094488189
20
1.8610381496062991
11
-0.3197146062992126
21
1.8610381889763778
0
LINE
8
BLACK
6
CONTINUOUS
10
-0.3197146062992126
20
1.8610381889763778
11
-0.3267714960629921
21
1.8618332677165355
0
LINE
8
BLACK
6
CONTINUOUS
10
-0.3267714960629921
20
1.8618332677165355
11
-0.326771811023622
21
1.8618332677165355
0
LINE
8
BLACK
6
CONTINUOUS
10
-0.326771811023622
20
1.8618332677165355
11
-0.3338287401574803
21
1.8610381889763778
0
LINE
8
BLACK
6
CONTINUOUS
10
-0.3338287401574803
20
1.8610381889763778
11
-0.333828937007874
21
1.8610381496062991
0
LINE
8
BLACK
6
CONTINUOUS
10
-0.333828937007874
20
1.8610381496062991
11
-0.3405324409448819
21
1.8586924803149605
0
LINE
8
BLACK
6
CONTINUOUS
10
-0.3405324409448819
20
1.8586924803149605
11
-0.3446364566929134
21
1.8561137007874016
0
LINE
8
BLACK
6
CONTINUOUS
10
-0.3446364566929134
20
1.8561137007874016
11
-0.3462805511811023
21
1.8550806299212599
0
LINE
8
BLACK
6
CONTINUOUS
10
-0.3462805511811023
20
1.8550806299212599
11
-0.3463987401574803
21
1.8550063779527559
0
LINE
8
BLACK
6
CONTINUOUS
10
-0.3463987401574803
20
1.8550063779527559
11
-0.3490458267716535
21
1.8542583464566929
0
LINE
8
BLACK
6
CONTINUOUS
10
-0.3490458267716535
20
1.8542583464566929
11
-0.3516771653543307
21
1.8550602362204724
0
LINE
8
BLACK
6
CONTINUOUS
10
-0.3516771653543307
20
1.8550602362204724
11
-0.3534572440944882
21
1.8571573622047244
0
LINE
8
BLACK
6
CONTINUOUS
10
-0.3534572440944882
20
1.8571573622047244
11
-0.3538779527559055
21
1.85914
0
LINE
8
BLACK
6
CONTINUOUS
10
-0.3538779527559055
20
1.85914
11
-0.3538779527559055
21
1.8798364173228346
0
LINE
8
BLACK
6
CONTINUOUS
10
-0.3538779527559055
20
1.8798364173228346
11
-0.3531029527559055
21
1.882475748031496
0
LINE
8
BLACK
6
CONTINUOUS
10
-0.3531029527559055
20
1.882475748031496
11
-0.3510240551181102
21
1.8842771259842519
0
LINE
8
BLACK
6
CONTINUOUS
10
-0.3510240551181102
20
1.8842771259842519
11
-0.3483012992125984
21
1.8846686220472439
0
LINE
8
BLACK
6
CONTINUOUS
10
-0.3483012992125984
20
1.8846686220472439
11
-0.3463988582677165
21
1.8839700787401574
0
LINE
8
BLACK
6
CONTINUOUS
10
-0.3463988582677165
20
1.8839700787401574
11
-0.3440206692913386
21
1.882475748031496
0
LINE
8
BLACK
6
CONTINUOUS
10
-0.3440206692913386
20
1.882475748031496
11
-0.3405324803149606
21
1.8802839370078739
0
LINE
8
BLACK
6
CONTINUOUS
10
-0.3405324803149606
20
1.8802839370078739
11
-0.333828937007874
21
1.8779382677165355
0
LINE
8
BLACK
6
CONTINUOUS
10
-0.333828937007874
20
1.8779382677165355
11
-0.3338287401574803
21
1.8779382283464567
0
LINE
8
BLACK
6
CONTINUOUS
10
-0.3338287401574803
20
1.8779382283464567
11
-0.326771811023622
21
1.8771431102362204
0
LINE
8
BLACK
6
CONTINUOUS
10
-0.326771811023622
20
1.8771431102362204
11
-0.3267716535433071
21
1.8771431102362204
0
LINE
8
BLACK
6
CONTINUOUS
10
-0.3267716535433071
20
1.8771431102362204
11
-0.3267714960629921
21
1.8771431102362204
0
LINE
8
BLACK
6
CONTINUOUS
10
-0.3267714960629921
20
1.8771431102362204
11
-0.3197146062992126
21
1.8779382283464567
0
LINE
8
BLACK
6
CONTINUOUS
10
-0.3197146062992126
20
1.8779382283464567
11
-0.3197144881889764
21
1.8779382677165355
0
LINE
8
BLACK
6
CONTINUOUS
10
-0.3197144881889764
20
1.8779382677165355
11
-0.3197143700787402
21
1.8779382677165355
0
LINE
8
BLACK
6
CONTINUOUS
10
-0.3197143700787402
20
1.8779382677165355
11
-0.3130109448818897
21
1.8802838976377951
0
LINE
8
BLACK
6
CONTINUOUS
10
-0.3130109448818897
20
1.8802838976377951
11
-0.3069975590551181
21
1.8840623622047243
0
LINE
8
BLACK
6
CONTINUOUS
10
-0.3069975590551181
20
1.8840623622047243
11
-0.3019757480314961
21
1.8890841732283463
0
LINE
8
BLACK
6
CONTINUOUS
10
-0.3019757480314961
20
1.8890841732283463
11
-0.2981972834645669
21
1.895097559055118
0
LINE
8
BLACK
6
CONTINUOUS
10
-0.2981972834645669
20
1.895097559055118
11
-0.2958516535433071
21
1.9018009842519685
0
LINE
8
BLACK
6
CONTINUOUS
10
-0.2958516535433071
20
1.9018009842519685
11
-0.2958516141732284
21
1.9018012204724408
0
LINE
8
BLACK
6
CONTINUOUS
10
-0.2958516141732284
20
1.9018012204724408
11
-0.2950564960629921
21
1.9088581496062991
0
LINE
8
BLACK
6
CONTINUOUS
10
-0.2950564960629921
20
1.9088581496062991
11
-0.2950564960629921
21
1.9088584251968503
0
LINE
8
BLACK
6
CONTINUOUS
10
-0.2950564960629921
20
1.9088584251968503
11
-0.2958516141732284
21
1.9159153543307086
0
LINE
8
BLACK
6
CONTINUOUS
10
-0.2958516141732284
20
1.9159153543307086
11
-0.2958516535433071
21
1.9159155511811023
0
LINE
8
BLACK
6
CONTINUOUS
10
-0.2958516535433071
20
1.9159155511811023
11
-0.2975372834645669
21
1.9207328346456694
0
LINE
8
BLACK
6
CONTINUOUS
10
-0.2975372834645669
20
1.9207328346456694
11
-0.2981972834645669
21
1.9226189763779526
0
LINE
8
BLACK
6
CONTINUOUS
10
-0.2981972834645669
20
1.9226189763779526
11
-0.3019757480314961
21
1.9286323622047243
0
LINE
8
BLACK
6
CONTINUOUS
10
-0.3019757480314961
20
1.9286323622047243
11
-0.3069975590551181
21
1.9336541732283463
0
LINE
8
BLACK
6
CONTINUOUS
10
-0.3069975590551181
20
1.9336541732283463
11
-0.3100074015748032
21
1.9355453937007874
0
LINE
8
BLACK
6
CONTINUOUS
10
-0.3100074015748032
20
1.9355453937007874
11
-0.313010905511811
21
1.9374326377952755
0
LINE
8
BLACK
6
CONTINUOUS
10
-0.313010905511811
20
1.9374326377952755
11
-0.3197144094488189
21
1.9397783070866141
0
LINE
8
BLACK
6
CONTINUOUS
10
-0.3197144094488189
20
1.9397783070866141
11
-0.3197146062992126
21
1.9397783464566929
0
LINE
8
BLACK
6
CONTINUOUS
10
-0.3197146062992126
20
1.9397783464566929
11
-0.3267714960629921
21
1.9405734251968503
0
LINE
8
BLACK
6
CONTINUOUS
10
-0.3267714960629921
20
1.9405734251968503
11
-0.326771811023622
21
1.9405734251968503
0
LINE
8
BLACK
6
CONTINUOUS
10
-0.326771811023622
20
1.9405734251968503
11
-0.3338287401574803
21
1.9397783464566929
0
LINE
8
BLACK
6
CONTINUOUS
10
-0.3338287401574803
20
1.9397783464566929
11
-0.333828937007874
21
1.9397783070866141
0
LINE
8
BLACK
6
CONTINUOUS
10
-0.333828937007874
20
1.9397783070866141
11
-0.3405324409448819
21
1.9374326377952755
0
LINE
8
BLACK
6
CONTINUOUS
10
-0.3405324409448819
20
1.9374326377952755
11
-0.3465457874015748
21
1.9336541732283463
0
LINE
8
BLACK
6
CONTINUOUS
10
-0.3465457874015748
20
1.9336541732283463
11
-0.3467600393700787
21
1.9334832677165354
0
LINE
8
BLACK
6
CONTINUOUS
10
-0.3467600393700787
20
1.9334832677165354
11
-0.3468038188976378
21
1.9335381889763779
0
LINE
8
BLACK
6
CONTINUOUS
10
-0.3468038188976378
20
1.9335381889763779
11
-0.3489055118110236
21
1.9323909448818897
0
LINE
8
BLACK
6
CONTINUOUS
10
-0.3489055118110236
20
1.9323909448818897
11
-0.3516492519685039
21
1.932587559055118
0
LINE
8
BLACK
6
CONTINUOUS
10
-0.3516492519685039
20
1.932587559055118
11
-0.3538511417322834
21
1.9342363779527558
0
LINE
8
BLACK
6
CONTINUOUS
10
-0.3538511417322834
20
1.9342363779527558
11
-0.3546580708661417
21
1.9358977952755905
0
LINE
8
BLACK
6
CONTINUOUS
10
-0.3546580708661417
20
1.9358977952755905
11
-0.3547512598425197
21
1.9362455905511811
0
LINE
8
BLACK
6
CONTINUOUS
10
-0.3547512598425197
20
1.9362455905511811
11
-0.3558472834645669
21
1.9381439763779527
0
LINE
8
BLACK
6
CONTINUOUS
10
-0.3558472834645669
20
1.9381439763779527
11
-0.3564383858267716
21
1.9391677952755906
0
LINE
8
BLACK
6
CONTINUOUS
10
-0.3564383858267716
20
1.9391677952755906
11
-0.3588243307086614
21
1.9415537401574803
0
LINE
8
BLACK
6
CONTINUOUS
10
-0.3588243307086614
20
1.9415537401574803
11
-0.3588243700787401
21
1.941553779527559
0
LINE
8
BLACK
6
CONTINUOUS
10
-0.3588243700787401
20
1.941553779527559
11
-0.3589948425196851
21
1.9417242519685038
0
LINE
8
BLACK
6
CONTINUOUS
10
-0.3589948425196851
20
1.9417242519685038
11
-0.3589952755905512
21
1.9417246456692914
0
LINE
8
BLACK
6
CONTINUOUS
10
-0.3589952755905512
20
1.9417246456692914
11
-0.4011470866141732
21
1.983876496062992
0
LINE
8
BLACK
6
CONTINUOUS
10
-0.4011470866141732
20
1.983876496062992
11
-0.401147125984252
21
1.9838765354330707
0
LINE
8
BLACK
6
CONTINUOUS
10
-0.401147125984252
20
1.9838765354330707
11
-0.4011471653543307
21
1.9838765748031495
0
LINE
8
BLACK
6
CONTINUOUS
10
-0.4011471653543307
20
1.9838765748031495
11
-0.4026082677165354
21
1.9847201574803148
0
LINE
8
BLACK
6
CONTINUOUS
10
-0.4026082677165354
20
1.9847201574803148
11
-0.4040692913385827
21
1.9855637007874016
0
LINE
8
BLACK
6
CONTINUOUS
10
-0.4040692913385827
20
1.9855637007874016
11
-0.4056989763779528
21
1.9860003543307085
0
LINE
8
BLACK
6
CONTINUOUS
10
-0.4056989763779528
20
1.9860003543307085
11
-0.4073286220472441
21
1.9864370078740157
0
LINE
8
BLACK
6
CONTINUOUS
10
-0.4073286220472441
20
1.9864370078740157
11
-0.5257324409448819
21
1.9864370078740157
0
LINE
8
BLACK
6
CONTINUOUS
10
-0.5257324409448819
20
1.9864370078740157
11
-0.5289916929133858
21
1.9855637007874016
0
LINE
8
BLACK
6
CONTINUOUS
10
-0.5289916929133858
20
1.9855637007874016
11
-0.528991968503937
21
1.9855635826771654
0
LINE
8
BLACK
6
CONTINUOUS
10
-0.528991968503937
20
1.9855635826771654
11
-0.5319136614173228
21
1.9838767716535433
0
LINE
8
BLACK
6
CONTINUOUS
10
-0.5319136614173228
20
1.9838767716535433
11
-0.5319139763779528
21
1.9838765354330707
0
LINE
8
BLACK
6
CONTINUOUS
10
-0.5319139763779528
20
1.9838765354330707
11
-0.5428842125984252
21
1.9729062598425195
0
LINE
8
BLACK
6
CONTINUOUS
10
-0.5428842125984252
20
1.9729062598425195
11
-0.5452985039370079
21
1.9715879527559055
0
LINE
8
BLACK
6
CONTINUOUS
10
-0.5452985039370079
20
1.9715879527559055
11
-0.5463362204724409
21
1.9714763779527558
0
LINE
8
BLACK
6
CONTINUOUS
10
-0.5463362204724409
20
1.9714763779527558
11
-0.7179591732283465
21
1.9714763779527558
0
LINE
8
BLACK
6
CONTINUOUS
10
-0.7179591732283465
20
1.9714763779527558
11
-0.7192224015748031
21
1.9716426771653544
0
LINE
8
BLACK
6
CONTINUOUS
10
-0.7192224015748031
20
1.9716426771653544
11
-0.7193364960629921
21
1.9716732283464566
0
LINE
8
BLACK
6
CONTINUOUS
10
-0.7193364960629921
20
1.9716732283464566
11
-0.7193365748031496
21
1.9716732283464566
0
LINE
8
BLACK
6
CONTINUOUS
10
-0.7193365748031496
20
1.9716732283464566
11
-0.7362994881889764
21
1.9716732283464566
0
LINE
8
BLACK
6
CONTINUOUS
10
-0.7362994881889764
20
1.9716732283464566
11
-0.7389388188976378
21
1.9724482283464566
0
LINE
8
BLACK
6
CONTINUOUS
10
-0.7389388188976378
20
1.9724482283464566
11
-0.7407401968503937
21
1.9745271259842518
0
LINE
8
BLACK
6
CONTINUOUS
10
-0.7407401968503937
20
1.9745271259842518
11
-0.7411316929133858
21
1.9772498818897637
0
LINE
8
BLACK
6
CONTINUOUS
10
-0.7411316929133858
20
1.9772498818897637
11
-0.7409711811023622
21
1.9779722440944882
0
LINE
8
BLACK
6
CONTINUOUS
10
-0.7409711811023622
20
1.9779722440944882
11
-0.7395551181102362
21
1.9826403937007873
0
LINE
8
BLACK
6
CONTINUOUS
10
-0.7395551181102362
20
1.9826403937007873
11
-0.7387565748031496
21
1.9907480314960631
0
LINE
8
BLACK
6
CONTINUOUS
10
-0.7387565748031496
20
1.9907480314960631
11
-0.7395551181102362
21
1.9988556692913386
0
LINE
8
BLACK
6
CONTINUOUS
10
-0.7395551181102362
20
1.9988556692913386
11
-0.74192
21
2.0066517322834647
0
LINE
8
BLACK
6
CONTINUOUS
10
-0.74192
20
2.0066517322834647
11
-0.7457604330708661
21
2.0138366141732282
0
LINE
8
BLACK
6
CONTINUOUS
10
-0.7457604330708661
20
2.0138366141732282
11
-0.7478070078740158
21
2.0163303543307087
0
LINE
8
BLACK
6
CONTINUOUS
10
-0.7478070078740158
20
2.0163303543307087
11
-0.7509287401574803
21
2.0201342913385827
0
LINE
8
BLACK
6
CONTINUOUS
10
-0.7509287401574803
20
2.0201342913385827
11
-0.7572262992125984
21
2.0253024803149606
0
LINE
8
BLACK
6
CONTINUOUS
10
-0.7572262992125984
20
2.0253024803149606
11
-0.7572262598425197
21
2.0253024803149606
0
LINE
8
BLACK
6
CONTINUOUS
10
-0.7572262598425197
20
2.0253024803149606
11
-0.7572263779527559
21
2.0253025590551181
0
LINE
8
BLACK
6
CONTINUOUS
10
-0.7572263779527559
20
2.0253025590551181
11
-0.7644112598425197
21
2.0291429921259843
0
LINE
8
BLACK
6
CONTINUOUS
10
-0.7644112598425197
20
2.0291429921259843
11
-0.7722073228346457
21
2.0315078740157482
0
LINE
8
BLACK
6
CONTINUOUS
10
-0.7722073228346457
20
2.0315078740157482
11
-0.7722074015748032
21
2.0315079133858269
0
LINE
8
BLACK
6
CONTINUOUS
10
-0.7722074015748032
20
2.0315079133858269
11
-0.7722073228346457
21
2.0315079133858269
0
LINE
8
BLACK
6
CONTINUOUS
10
-0.7722073228346457
20
2.0315079133858269
11
-0.7803149606299212
21
2.0323064173228347
0
LINE
8
BLACK
6
CONTINUOUS
10
-0.7803149606299212
20
2.0323064173228347
11
-0.788422559055118
21
2.0315079133858269
0
LINE
8
BLACK
6
CONTINUOUS
10
-0.788422559055118
20
2.0315079133858269
11
-0.796218779527559
21
2.0291429527559055
0
LINE
8
BLACK
6
CONTINUOUS
10
-0.796218779527559
20
2.0291429527559055
11
-0.8005551968503937
21
2.0268250787401576
0
LINE
8
BLACK
6
CONTINUOUS
10
-0.8005551968503937
20
2.0268250787401576
11
-0.8034035433070866
21
2.0253025590551181
0
LINE
8
BLACK
6
CONTINUOUS
10
-0.8034035433070866
20
2.0253025590551181
11
-0.803403622047244
21
2.0253025196850394
0
LINE
8
BLACK
6
CONTINUOUS
10
-0.803403622047244
20
2.0253025196850394
11
-0.8034036614173228
21
2.0253024803149606
0
LINE
8
BLACK
6
CONTINUOUS
10
-0.8034036614173228
20
2.0253024803149606
11
-0.809701220472441
21
2.0201342913385827
0
LINE
8
BLACK
6
CONTINUOUS
10
-0.809701220472441
20
2.0201342913385827
11
-0.8148694094488189
21
2.0138367322834645
0
LINE
8
BLACK
6
CONTINUOUS
10
-0.8148694094488189
20
2.0138367322834645
11
-0.8187098818897638
21
2.0066518503937005
0
LINE
8
BLACK
6
CONTINUOUS
10
-0.8187098818897638
20
2.0066518503937005
11
-0.821074842519685
21
1.9988556299212599
0
LINE
8
BLACK
6
CONTINUOUS
10
-0.821074842519685
20
1.9988556299212599
11
-0.8218733464566929
21
1.9907480314960631
0
LINE
8
BLACK
6
CONTINUOUS
10
-0.8218733464566929
20
1.9907480314960631
11
-0.821074842519685
21
1.9826404724409448
0
LINE
8
BLACK
6
CONTINUOUS
10
-0.821074842519685
20
1.9826404724409448
11
-0.8210748031496062
21
1.9826403937007873
0
LINE
8
BLACK
6
CONTINUOUS
10
-0.8210748031496062
20
1.9826403937007873
11
-0.8187099212598425
21
1.9748443307086614
0
LINE
8
BLACK
6
CONTINUOUS
10
-0.8187099212598425
20
1.9748443307086614
11
-0.8149906692913386
21
1.9678861417322835
0
LINE
8
BLACK
6
CONTINUOUS
10
-0.8149906692913386
20
1.9678861417322835
11
-0.8148694094488189
21
1.9676593307086614
0
LINE
8
BLACK
6
CONTINUOUS
10
-0.8148694094488189
20
1.9676593307086614
11
-0.8100105511811023
21
1.9617387795275589
0
LINE
8
BLACK
6
CONTINUOUS
10
-0.8100105511811023
20
1.9617387795275589
11
-0.8089352362204725
21
1.9592068897637795
0
LINE
8
BLACK
6
CONTINUOUS
10
-0.8089352362204725
20
1.9592068897637795
11
-0.8093994488188976
21
1.9564955511811024
0
LINE
8
BLACK
6
CONTINUOUS
10
-0.8093994488188976
20
1.9564955511811024
11
-0.8112558267716535
21
1.9544656299212597
0
LINE
8
BLACK
6
CONTINUOUS
10
-0.8112558267716535
20
1.9544656299212597
11
-0.8137842913385827
21
1.9537598425196849
0
LINE
8
BLACK
6
CONTINUOUS
10
-0.8137842913385827
20
1.9537598425196849
11
-0.8217896062992126
21
1.9537598425196849
0
LINE
8
BLACK
6
CONTINUOUS
10
-0.8217896062992126
20
1.9537598425196849
11
-0.824428937007874
21
1.9545348425196849
0
LINE
8
BLACK
6
CONTINUOUS
10
-0.824428937007874
20
1.9545348425196849
11
-0.8252416141732283
21
1.9551897244094487
0
LINE
8
BLACK
6
CONTINUOUS
10
-0.8252416141732283
20
1.9551897244094487
11
-0.8405436614173228
21
1.9704917716535433
0
LINE
8
BLACK
6
CONTINUOUS
10
-0.8405436614173228
20
1.9704917716535433
11
-0.841861968503937
21
1.972906062992126
0
LINE
8
BLACK
6
CONTINUOUS
10
-0.841861968503937
20
1.972906062992126
11
-0.8417633858267717
21
1.9753607480314961
0
LINE
8
BLACK
6
CONTINUOUS
10
-0.8417633858267717
20
1.9753607480314961
11
-0.8395551181102362
21
1.9826403937007873
0
LINE
8
BLACK
6
CONTINUOUS
10
-0.8395551181102362
20
1.9826403937007873
11
-0.8387565748031496
21
1.9907480314960631
0
LINE
8
BLACK
6
CONTINUOUS
10
-0.8387565748031496
20
1.9907480314960631
11
-0.8395551181102362
21
1.9988556692913386
0
LINE
8
BLACK
6
CONTINUOUS
10
-0.8395551181102362
20
1.9988556692913386
11
-0.84192
21
2.0066517322834647
0
LINE
8
BLACK
6
CONTINUOUS
10
-0.84192
20
2.0066517322834647
11
-0.8457604330708661
21
2.0138366141732282
0
LINE
8
BLACK
6
CONTINUOUS
10
-0.8457604330708661
20
2.0138366141732282
11
-0.8478070078740158
21
2.0163303543307087
0
LINE
8
BLACK
6
CONTINUOUS
10
-0.8478070078740158
20
2.0163303543307087
11
-0.8509287401574803
21
2.0201342913385827
0
LINE
8
BLACK
6
CONTINUOUS
10
-0.8509287401574803
20
2.0201342913385827
11
-0.8572262992125984
21
2.0253024803149606
0
LINE
8
BLACK
6
CONTINUOUS
10
-0.8572262992125984
20
2.0253024803149606
11
-0.8572262598425197
21
2.0253024803149606
0
LINE
8
BLACK
6
CONTINUOUS
10
-0.8572262598425197
20
2.0253024803149606
11
-0.8572263779527559
21
2.0253025590551181
0
LINE
8
BLACK
6
CONTINUOUS
10
-0.8572263779527559
20
2.0253025590551181
11
-0.8644112598425197
21
2.0291429921259843
0
LINE
8
BLACK
6
CONTINUOUS
10
-0.8644112598425197
20
2.0291429921259843
11
-0.8722073228346456
21
2.0315078740157482
0
LINE
8
BLACK
6
CONTINUOUS
10
-0.8722073228346456
20
2.0315078740157482
11
-0.8722074015748031
21
2.0315079133858269
0
LINE
8
BLACK
6
CONTINUOUS
10
-0.8722074015748031
20
2.0315079133858269
11
-0.8722073228346456
21
2.0315079133858269
0
LINE
8
BLACK
6
CONTINUOUS
10
-0.8722073228346456
20
2.0315079133858269
11
-0.8803149606299212
21
2.0323064173228347
0
LINE
8
BLACK
6
CONTINUOUS
10
-0.8803149606299212
20
2.0323064173228347
11
-0.8884225590551181
21
2.0315079133858269
0
LINE
8
BLACK
6
CONTINUOUS
10
-0.8884225590551181
20
2.0315079133858269
11
-0.896218779527559
21
2.0291429527559055
0
LINE
8
BLACK
6
CONTINUOUS
10
-0.896218779527559
20
2.0291429527559055
11
-0.9005551968503936
21
2.0268250787401576
0
LINE
8
BLACK
6
CONTINUOUS
10
-0.9005551968503936
20
2.0268250787401576
11
-0.9034035433070866
21
2.0253025590551181
0
LINE
8
BLACK
6
CONTINUOUS
10
-0.9034035433070866
20
2.0253025590551181
11
-0.9034036220472441
21
2.0253025196850394
0
LINE
8
BLACK
6
CONTINUOUS
10
-0.9034036220472441
20
2.0253025196850394
11
-0.9034036614173229
21
2.0253024803149606
0
LINE
8
BLACK
6
CONTINUOUS
10
-0.9034036614173229
20
2.0253024803149606
11
-0.909701220472441
21
2.0201342913385827
0
LINE
8
BLACK
6
CONTINUOUS
10
-0.909701220472441
20
2.0201342913385827
11
-0.9148694094488189
21
2.0138367322834645
0
LINE
8
BLACK
6
CONTINUOUS
10
-0.9148694094488189
20
2.0138367322834645
11
-0.9187100393700787
21
2.0066516141732285
0
LINE
8
BLACK
6
CONTINUOUS
10
-0.9187100393700787
20
2.0066516141732285
11
-0.9187377952755905
21
2.0065844881889765
0
LINE
8
BLACK
6
CONTINUOUS
10
-0.9187377952755905
20
2.0065844881889765
11
-0.9187617716535433
21
2.0065547637795276
0
LINE
8
BLACK
6
CONTINUOUS
10
-0.9187617716535433
20
2.0065547637795276
11
-0.9188229921259843
21
2.0064401968503938
0
LINE
8
BLACK
6
CONTINUOUS
10
-0.9188229921259843
20
2.0064401968503938
11
-0.9188447244094488
21
2.0064518110236218
0
LINE
8
BLACK
6
CONTINUOUS
10
-0.9188447244094488
20
2.0064518110236218
11
-0.9204638582677165
21
2.0044426771653541
0
LINE
8
BLACK
6
CONTINUOUS
10
-0.9204638582677165
20
2.0044426771653541
11
-0.9230738582677165
21
2.0035740157480313
0
LINE
8
BLACK
6
CONTINUOUS
10
-0.9230738582677165
20
2.0035740157480313
11
-0.9257391732283464
21
2.0042543307086613
0
LINE
8
BLACK
6
CONTINUOUS
10
-0.9257391732283464
20
2.0042543307086613
11
-0.9276135826771653
21
2.0062676771653543
0
LINE
8
BLACK
6
CONTINUOUS
10
-0.9276135826771653
20
2.0062676771653543
11
-0.9281299212598425
21
2.0084527952755904
0
LINE
8
BLACK
6
CONTINUOUS
10
-0.9281299212598425
20
2.0084527952755904
11
-0.9281299212598425
21
2.0644424803149608
0
LINE
8
BLACK
6
CONTINUOUS
10
-0.9281299212598425
20
2.0644424803149608
11
-0.9273549212598425
21
2.067081811023622
0
LINE
8
BLACK
6
CONTINUOUS
10
-0.9273549212598425
20
2.067081811023622
11
-0.9252760236220472
21
2.0688831889763777
0
LINE
8
BLACK
6
CONTINUOUS
10
-0.9252760236220472
20
2.0688831889763777
11
-0.9225532677165355
21
2.0692746850393702
0
LINE
8
BLACK
6
CONTINUOUS
10
-0.9225532677165355
20
2.0692746850393702
11
-0.9200510629921259
21
2.0681319685039368
0
LINE
8
BLACK
6
CONTINUOUS
10
-0.9200510629921259
20
2.0681319685039368
11
-0.9191491338582677
21
2.0669683070866141
0
LINE
8
BLACK
6
CONTINUOUS
10
-0.9191491338582677
20
2.0669683070866141
11
-0.9190927559055118
21
2.0670031889763778
0
LINE
8
BLACK
6
CONTINUOUS
10
-0.9190927559055118
20
2.0670031889763778
11
-0.918974094488189
21
2.0668115354330707
0
LINE
8
BLACK
6
CONTINUOUS
10
-0.918974094488189
20
2.0668115354330707
11
-0.9139173228346457
21
2.0601153149606297
0
LINE
8
BLACK
6
CONTINUOUS
10
-0.9139173228346457
20
2.0601153149606297
11
-0.9077165354330708
21
2.0544625590551182
0
LINE
8
BLACK
6
CONTINUOUS
10
-0.9077165354330708
20
2.0544625590551182
11
-0.9077164566929133
21
2.0544624803149607
0
LINE
8
BLACK
6
CONTINUOUS
10
-0.9077164566929133
20
2.0544624803149607
11
-0.9005826377952756
21
2.0500454330708662
0
LINE
8
BLACK
6
CONTINUOUS
10
-0.9005826377952756
20
2.0500454330708662
11
-0.9005824015748032
21
2.0500453149606299
0
LINE
8
BLACK
6
CONTINUOUS
10
-0.9005824015748032
20
2.0500453149606299
11
-0.8927582283464567
21
2.0470142519685037
0
LINE
8
BLACK
6
CONTINUOUS
10
-0.8927582283464567
20
2.0470142519685037
11
-0.8901574803149606
21
2.0465281102362205
0
LINE
8
BLACK
6
CONTINUOUS
10
-0.8901574803149606
20
2.0465281102362205
11
-0.8901574803149606
21
2.0588153937007871
0
LINE
8
BLACK
6
CONTINUOUS
10
-0.8901574803149606
20
2.0588153937007871
11
-0.890656062992126
21
2.0589213385826772
0
LINE
8
BLACK
6
CONTINUOUS
10
-0.890656062992126
20
2.0589213385826772
11
-0.8970472440944882
21
2.0617668503937008
0
LINE
8
BLACK
6
CONTINUOUS
10
-0.8970472440944882
20
2.0617668503937008
11
-0.902707125984252
21
2.0658790157480316
0
LINE
8
BLACK
6
CONTINUOUS
10
-0.902707125984252
20
2.0658790157480316
11
-0.9073883464566929
21
2.0710780708661418
0
LINE
8
BLACK
6
CONTINUOUS
10
-0.9073883464566929
20
2.0710780708661418
11
-0.9108863779527558
21
2.0771367716535432
0
LINE
8
BLACK
6
CONTINUOUS
10
-0.9108863779527558
20
2.0771367716535432
11
-0.9130482283464567
21
2.0837903543307088
0
LINE
8
BLACK
6
CONTINUOUS
10
-0.9130482283464567
20
2.0837903543307088
11
-0.9137795275590551
21
2.0907480314960631
0
LINE
8
BLACK
6
CONTINUOUS
10
-0.9137795275590551
20
2.0907480314960631
11
-0.9130482283464567
21
2.0977057086614175
0
LINE
8
BLACK
6
CONTINUOUS
10
-0.9130482283464567
20
2.0977057086614175
11
-0.9108863779527558
21
2.1043592913385827
0
LINE
8
BLACK
6
CONTINUOUS
10
-0.9108863779527558
20
2.1043592913385827
11
-0.9073883464566929
21
2.110417992125984
0
LINE
8
BLACK
6
CONTINUOUS
10
-0.9073883464566929
20
2.110417992125984
11
-0.902707125984252
21
2.1156170472440943
0
LINE
8
BLACK
6
CONTINUOUS
10
-0.902707125984252
20
2.1156170472440943
11
-0.8970472440944882
21
2.1197292125984251
0
LINE
8
BLACK
6
CONTINUOUS
10
-0.8970472440944882
20
2.1197292125984251
11
-0.890656062992126
21
2.1225747244094486
0
LINE
8
BLACK
6
CONTINUOUS
10
-0.890656062992126
20
2.1225747244094486
11
-0.8901574803149606
21
2.1226807086614174
0
LINE
8
BLACK
6
CONTINUOUS
10
-0.8901574803149606
20
2.1226807086614174
11
-0.8901574803149606
21
2.1349679921259841
0
LINE
8
BLACK
6
CONTINUOUS
10
-0.8901574803149606
20
2.1349679921259841
11
-0.8927582283464567
21
2.1344818110236221
0
LINE
8
BLACK
6
CONTINUOUS
10
-0.8927582283464567
20
2.1344818110236221
11
-0.8927584251968503
21
2.1344817716535434
0
LINE
8
BLACK
6
CONTINUOUS
10
-0.8927584251968503
20
2.1344817716535434
11
-0.9005822834645669
21
2.1314508267716534
0
LINE
8
BLACK
6
CONTINUOUS
10
-0.9005822834645669
20
2.1314508267716534
11
-0.9005826377952756
21
2.1314506692913384
0
LINE
8
BLACK
6
CONTINUOUS
10
-0.9005826377952756
20
2.1314506692913384
11
-0.9077164566929133
21
2.1270336220472439
0
LINE
8
BLACK
6
CONTINUOUS
10
-0.9077164566929133
20
2.1270336220472439
11
-0.9077165354330708
21
2.1270335433070864
0
LINE
8
BLACK
6
CONTINUOUS
10
-0.9077165354330708
20
2.1270335433070864
11
-0.9139173228346457
21
2.1213807874015749
0
LINE
8
BLACK
6
CONTINUOUS
10
-0.9139173228346457
20
2.1213807874015749
11
-0.918974094488189
21
2.1146845669291339
0
LINE
8
BLACK
6
CONTINUOUS
10
-0.918974094488189
20
2.1146845669291339
11
-0.9190927559055118
21
2.114492874015748
0
LINE
8
BLACK
6
CONTINUOUS
10
-0.9190927559055118
20
2.114492874015748
11
-0.9191815748031495
21
2.1145478740157482
0
LINE
8
BLACK
6
CONTINUOUS
10
-0.9191815748031495
20
2.1145478740157482
11
-0.9207550393700787
21
2.1128562598425198
0
LINE
8
BLACK
6
CONTINUOUS
10
-0.9207550393700787
20
2.1128562598425198
11
-0.9234200787401574
21
2.1121747637795276
0
LINE
8
BLACK
6
CONTINUOUS
10
-0.9234200787401574
20
2.1121747637795276
11
-0.9260304724409448
21
2.113042283464567
0
LINE
8
BLACK
6
CONTINUOUS
10
-0.9260304724409448
20
2.113042283464567
11
-0.9277574803149606
21
2.1151833858267715
0
LINE
8
BLACK
6
CONTINUOUS
10
-0.9277574803149606
20
2.1151833858267715
11
-0.9281299212598425
21
2.1170536220472442
0
LINE
8
BLACK
6
CONTINUOUS
10
-0.9281299212598425
20
2.1170536220472442
11
-0.9281299212598425
21
2.1730433070866142
0
LINE
8
BLACK
6
CONTINUOUS
10
-0.9281299212598425
20
2.1730433070866142
11
-0.9273549212598425
21
2.1756826377952754
0
LINE
8
BLACK
6
CONTINUOUS
10
-0.9273549212598425
20
2.1756826377952754
11
-0.9252760236220472
21
2.1774840157480315
0
LINE
8
BLACK
6
CONTINUOUS
10
-0.9252760236220472
20
2.1774840157480315
11
-0.9225532677165355
21
2.1778755118110236
0
LINE
8
BLACK
6
CONTINUOUS
10
-0.9225532677165355
20
2.1778755118110236
11
-0.9200510629921259
21
2.1767327952755906
0
LINE
8
BLACK
6
CONTINUOUS
10
-0.9200510629921259
20
2.1767327952755906
11
-0.918836653543307
21
2.1750485826771655
0
LINE
8
BLACK
6
CONTINUOUS
10
-0.918836653543307
20
2.1750485826771655
11
-0.9188229921259843
21
2.1750558661417321
0
LINE
8
BLACK
6
CONTINUOUS
10
-0.9188229921259843
20
2.1750558661417321
11
-0.9187688188976377
21
2.1749545275590552
0
LINE
8
BLACK
6
CONTINUOUS
10
-0.9187688188976377
20
2.1749545275590552
11
-0.918737716535433
21
2.174911377952756
0
LINE
8
BLACK
6
CONTINUOUS
10
-0.918737716535433
20
2.174911377952756
11
-0.9187100393700787
21
2.1748445669291336
0
LINE
8
BLACK
6
CONTINUOUS
10
-0.9187100393700787
20
2.1748445669291336
11
-0.9187099606299213
21
2.1748443700787403
0
LINE
8
BLACK
6
CONTINUOUS
10
-0.9187099606299213
20
2.1748443700787403
11
-0.9187099212598425
21
2.1748443307086616
0
LINE
8
BLACK
6
CONTINUOUS
10
-0.9187099212598425
20
2.1748443307086616
11
-0.9148694881889764
21
2.1676594488188976
0
LINE
8
BLACK
6
CONTINUOUS
10
-0.9148694881889764
20
2.1676594488188976
11
-0.9148230314960629
21
2.1676028346456691
0
LINE
8
BLACK
6
CONTINUOUS
10
-0.9148230314960629
20
2.1676028346456691
11
-0.909701220472441
21
2.1613618110236219
0
LINE
8
BLACK
6
CONTINUOUS
10
-0.909701220472441
20
2.1613618110236219
11
-0.9058972834645669
21
2.1582400787401572
0
LINE
8
BLACK
6
CONTINUOUS
10
-0.9058972834645669
20
2.1582400787401572
11
-0.9034035433070866
21
2.1561935039370077
0
LINE
8
BLACK
6
CONTINUOUS
10
-0.9034035433070866
20
2.1561935039370077
11
-0.8962186614173228
21
2.1523530708661416
0
LINE
8
BLACK
6
CONTINUOUS
10
-0.8962186614173228
20
2.1523530708661416
11
-0.8884225984251969
21
2.1499881889763781
0
LINE
8
BLACK
6
CONTINUOUS
10
-0.8884225984251969
20
2.1499881889763781
11
-0.8884226377952755
21
2.1499881889763781
0
LINE
8
BLACK
6
CONTINUOUS
10
-0.8884226377952755
20
2.1499881889763781
11
-0.8876957086614173
21
2.1499166141732284
0
LINE
8
BLACK
6
CONTINUOUS
10
-0.8876957086614173
20
2.1499166141732284
11
-0.8803149606299212
21
2.1491896456692912
0
LINE
8
BLACK
6
CONTINUOUS
10
-0.8803149606299212
20
2.1491896456692912
11
-0.8722073228346456
21
2.1499881889763781
0
LINE
8
BLACK
6
CONTINUOUS
10
-0.8722073228346456
20
2.1499881889763781
11
-0.8644112598425197
21
2.1523530708661416
0
LINE
8
BLACK
6
CONTINUOUS
10
-0.8644112598425197
20
2.1523530708661416
11
-0.8572263779527559
21
2.1561935039370077
0
LINE
8
BLACK
6
CONTINUOUS
10
-0.8572263779527559
20
2.1561935039370077
11
-0.8509287401574803
21
2.1613618110236219
0
LINE
8
BLACK
6
CONTINUOUS
10
-0.8509287401574803
20
2.1613618110236219
11
-0.8457604330708661
21
2.1676594488188976
0
LINE
8
BLACK
6
CONTINUOUS
10
-0.8457604330708661
20
2.1676594488188976
11
-0.8454233070866142
21
2.1682901968503936
0
LINE
8
BLACK
6
CONTINUOUS
10
-0.8454233070866142
20
2.1682901968503936
11
-0.8442788582677165
21
2.170431220472441
0
LINE
8
BLACK
6
CONTINUOUS
10
-0.8442788582677165
20
2.170431220472441
11
-0.8423512204724409
21
2.1723935826771652
0
LINE
8
BLACK
6
CONTINUOUS
10
-0.8423512204724409
20
2.1723935826771652
11
-0.8399734251968504
21
2.1730118110236218
0
LINE
8
BLACK
6
CONTINUOUS
10
-0.8399734251968504
20
2.1730118110236218
11
-0.8206564960629921
21
2.1730118110236218
0
LINE
8
BLACK
6
CONTINUOUS
10
-0.8206564960629921
20
2.1730118110236218
11
-0.8180171653543307
21
2.1722368110236219
0
LINE
8
BLACK
6
CONTINUOUS
10
-0.8180171653543307
20
2.1722368110236219
11
-0.816351062992126
21
2.170431220472441
0
LINE
8
BLACK
6
CONTINUOUS
10
-0.816351062992126
20
2.170431220472441
11
-0.8148696456692913
21
2.1676596850393701
0
LINE
8
BLACK
6
CONTINUOUS
10
-0.8148696456692913
20
2.1676596850393701
11
-0.8148694881889763
21
2.1676594488188976
0
LINE
8
BLACK
6
CONTINUOUS
10
-0.8148694881889763
20
2.1676594488188976
11
-0.809701220472441
21
2.1613618110236219
0
LINE
8
BLACK
6
CONTINUOUS
10
-0.809701220472441
20
2.1613618110236219
11
-0.8058972834645669
21
2.1582400787401572
0
LINE
8
BLACK
6
CONTINUOUS
10
-0.8058972834645669
20
2.1582400787401572
11
-0.8034035433070866
21
2.1561935039370077
0
LINE
8
BLACK
6
CONTINUOUS
10
-0.8034035433070866
20
2.1561935039370077
11
-0.7962186614173228
21
2.1523530708661416
0
LINE
8
BLACK
6
CONTINUOUS
10
-0.7962186614173228
20
2.1523530708661416
11
-0.7884225984251968
21
2.1499881889763781
0
LINE
8
BLACK
6
CONTINUOUS
10
-0.7884225984251968
20
2.1499881889763781
11
-0.7884226377952755
21
2.1499881889763781
0
LINE
8
BLACK
6
CONTINUOUS
10
-0.7884226377952755
20
2.1499881889763781
11
-0.7876957086614174
21
2.1499166141732284
0
LINE
8
BLACK
6
CONTINUOUS
10
-0.7876957086614174
20
2.1499166141732284
11
-0.7803149606299212
21
2.1491896456692912
0
LINE
8
BLACK
6
CONTINUOUS
10
-0.7803149606299212
20
2.1491896456692912
11
-0.7722073228346457
21
2.1499881889763781
0
LINE
8
BLACK
6
CONTINUOUS
10
-0.7722073228346457
20
2.1499881889763781
11
-0.7644112598425197
21
2.1523530708661416
0
LINE
8
BLACK
6
CONTINUOUS
10
-0.7644112598425197
20
2.1523530708661416
11
-0.7572263779527559
21
2.1561935039370077
0
LINE
8
BLACK
6
CONTINUOUS
10
-0.7572263779527559
20
2.1561935039370077
11
-0.7509287401574803
21
2.1613618110236219
0
LINE
8
BLACK
6
CONTINUOUS
10
-0.7509287401574803
20
2.1613618110236219
11
-0.7457604330708661
21
2.1676594488188976
0
LINE
8
BLACK
6
CONTINUOUS
10
-0.7457604330708661
20
2.1676594488188976
11
-0.7454233070866142
21
2.1682901968503936
0
LINE
8
BLACK
6
CONTINUOUS
10
-0.7454233070866142
20
2.1682901968503936
11
-0.7442788582677166
21
2.170431220472441
0
LINE
8
BLACK
6
CONTINUOUS
10
-0.7442788582677166
20
2.170431220472441
11
-0.742351220472441
21
2.1723935826771652
0
LINE
8
BLACK
6
CONTINUOUS
10
-0.742351220472441
20
2.1723935826771652
11
-0.7399734251968504
21
2.1730118110236218
0
LINE
8
BLACK
6
CONTINUOUS
10
-0.7399734251968504
20
2.1730118110236218
11
-0.6932269685039369
21
2.1730118110236218
0
LINE
8
BLACK
6
CONTINUOUS
10
-0.6932269685039369
20
2.1730118110236218
11
-0.6905876377952755
21
2.1722368110236219
0
LINE
8
BLACK
6
CONTINUOUS
10
-0.6905876377952755
20
2.1722368110236219
11
-0.6897749606299213
21
2.1715819291338581
0
LINE
8
BLACK
6
CONTINUOUS
10
-0.6897749606299213
20
2.1715819291338581
11
-0.6653865748031496
21
2.1471935433070866
0
LINE
8
BLACK
6
CONTINUOUS
10
-0.6653865748031496
20
2.1471935433070866
11
-0.6640682677165354
21
2.1447792519685041
0
LINE
8
BLACK
6
CONTINUOUS
10
-0.6640682677165354
20
2.1447792519685041
11
-0.6639566929133858
21
2.1437415354330707
0
LINE
8
BLACK
6
CONTINUOUS
10
-0.6639566929133858
20
2.1437415354330707
11
-0.6639566929133858
21
2.0675468897637796
0
LINE
8
BLACK
6
CONTINUOUS
10
-0.6639566929133858
20
2.0675468897637796
11
-0.6638016535433071
21
2.0669683070866141
0
LINE
8
BLACK
6
CONTINUOUS
10
-0.6638016535433071
20
2.0669683070866141
11
-0.6631573228346457
21
2.0645636220472441
0
LINE
8
BLACK
6
CONTINUOUS
10
-0.6631573228346457
20
2.0645636220472441
11
-0.6627479921259842
21
2.063035905511811
0
LINE
8
BLACK
6
CONTINUOUS
10
-0.6627479921259842
20
2.063035905511811
11
-0.6617814173228346
21
2.0613618110236218
0
LINE
8
BLACK
6
CONTINUOUS
10
-0.6617814173228346
20
2.0613618110236218
11
-0.6604129527559055
21
2.0589915748031498
0
LINE
8
BLACK
6
CONTINUOUS
10
-0.6604129527559055
20
2.0589915748031498
11
-0.6019926771653543
21
2.0005712992125986
0
LINE
8
BLACK
6
CONTINUOUS
10
-0.6019926771653543
20
2.0005712992125986
11
-0.5979483070866142
21
1.9982362598425196
0
LINE
8
BLACK
6
CONTINUOUS
10
-0.5979483070866142
20
1.9982362598425196
11
-0.5969952362204725
21
1.9979809448818897
0
LINE
8
BLACK
6
CONTINUOUS
10
-0.5969952362204725
20
1.9979809448818897
11
-0.5969951181102362
21
1.9979808661417322
0
LINE
8
BLACK
6
CONTINUOUS
10
-0.5969951181102362
20
1.9979808661417322
11
-0.5969950787401574
21
1.9979808661417322
0
LINE
8
BLACK
6
CONTINUOUS
10
-0.5969950787401574
20
1.9979808661417322
11
-0.5958091732283465
21
1.9976631102362203
0
LINE
8
BLACK
6
CONTINUOUS
10
-0.5958091732283465
20
1.9976631102362203
11
-0.5934373622047244
21
1.9970275590551181
0
LINE
8
BLACK
6
CONTINUOUS
10
-0.5934373622047244
20
1.9970275590551181
11
-0.1555891732283465
21
1.9970275590551181
0
LINE
8
BLACK
6
CONTINUOUS
10
-0.1555891732283465
20
1.9970275590551181
11
-0.152949842519685
21
1.9962525590551181
0
LINE
8
BLACK
6
CONTINUOUS
10
-0.152949842519685
20
1.9962525590551181
11
-0.1521371653543307
21
1.9955976771653543
0
LINE
8
BLACK
6
CONTINUOUS
10
-0.1521371653543307
20
1.9955976771653543
11
-0.1161739763779528
21
1.9596344881889762
0
LINE
8
BLACK
6
CONTINUOUS
10
-0.1161739763779528
20
1.9596344881889762
11
-0.1148556692913386
21
1.9572201968503937
0
LINE
8
BLACK
6
CONTINUOUS
10
-0.1148556692913386
20
1.9572201968503937
11
-0.114744094488189
21
1.9561824803149606
0
LINE
8
BLACK
6
CONTINUOUS
10
-0.114744094488189
20
1.9561824803149606
11
-0.114744094488189
21
1.7261010236220473
0
LINE
8
BLACK
6
CONTINUOUS
10
-0.114744094488189
20
1.7261010236220473
11
-0.115519094488189
21
1.7234616929133857
0
LINE
8
BLACK
6
CONTINUOUS
10
-0.115519094488189
20
1.7234616929133857
11
-0.1161739763779528
21
1.7226490157480314
0
LINE
8
BLACK
6
CONTINUOUS
10
-0.1161739763779528
20
1.7226490157480314
11
-0.1275832283464567
21
1.7112397244094488
0
LINE
8
BLACK
6
CONTINUOUS
10
-0.1275832283464567
20
1.7112397244094488
11
-0.1420012598425197
21
1.6968217322834644
0
LINE
8
BLACK
6
CONTINUOUS
10
-0.1420012598425197
20
1.6968217322834644
11
-0.1444155511811024
21
1.6955034251968504
0
LINE
8
BLACK
6
CONTINUOUS
10
-0.1444155511811024
20
1.6955034251968504
11
-0.1471593307086614
21
1.6956996456692912
0
LINE
8
BLACK
6
CONTINUOUS
10
-0.1471593307086614
20
1.6956996456692912
11
-0.1489052755905512
21
1.6968217322834644
0
LINE
8
BLACK
6
CONTINUOUS
10
-0.1489052755905512
20
1.6968217322834644
11
-0.1495172440944882
21
1.6974337007874016
0
LINE
8
BLACK
6
CONTINUOUS
10
-0.1495172440944882
20
1.6974337007874016
11
-0.1555305905511811
21
1.7012121653543306
0
LINE
8
BLACK
6
CONTINUOUS
10
-0.1555305905511811
20
1.7012121653543306
11
-0.162234094488189
21
1.7035578346456692
0
LINE
8
BLACK
6
CONTINUOUS
10
-0.162234094488189
20
1.7035578346456692
11
-0.1622342913385827
21
1.703557874015748
0
LINE
8
BLACK
6
CONTINUOUS
10
-0.1622342913385827
20
1.703557874015748
11
-0.1692911811023622
21
1.7043529527559054
0
LINE
8
BLACK
6
CONTINUOUS
10
-0.1692911811023622
20
1.7043529527559054
11
-0.1692914960629921
21
1.7043529527559054
0
LINE
8
BLACK
6
CONTINUOUS
10
-0.1692914960629921
20
1.7043529527559054
11
-0.1763484251968504
21
1.703557874015748
0
LINE
8
BLACK
6
CONTINUOUS
10
-0.1763484251968504
20
1.703557874015748
11
-0.1763486220472441
21
1.7035578346456692
0
LINE
8
BLACK
6
CONTINUOUS
10
-0.1763486220472441
20
1.7035578346456692
11
-0.183052125984252
21
1.7012121653543306
0
LINE
8
BLACK
6
CONTINUOUS
10
-0.183052125984252
20
1.7012121653543306
11
-0.1890654724409449
21
1.6974337007874016
0
LINE
8
BLACK
6
CONTINUOUS
10
-0.1890654724409449
20
1.6974337007874016
11
-0.1940872834645669
21
1.6924118897637794
0
LINE
8
BLACK
6
CONTINUOUS
10
-0.1940872834645669
20
1.6924118897637794
11
-0.1942466535433071
21
1.6922120078740157
0
LINE
8
BLACK
6
CONTINUOUS
10
-0.1942466535433071
20
1.6922120078740157
11
-0.1964981889763779
21
1.6906317322834645
0
LINE
8
BLACK
6
CONTINUOUS
10
-0.1964981889763779
20
1.6906317322834645
11
-0.1980633858267717
21
1.6903740157480314
0
LINE
8
BLACK
6
CONTINUOUS
10
-0.1980633858267717
20
1.6903740157480314
11
-0.2192594488188976
21
1.6903740157480314
0
LINE
8
BLACK
6
CONTINUOUS
10
-0.2192594488188976
20
1.6903740157480314
11
-0.221898779527559
21
1.6911490157480316
0
LINE
8
BLACK
6
CONTINUOUS
10
-0.221898779527559
20
1.6911490157480316
11
-0.2230761811023622
21
1.6922120078740157
0
LINE
8
BLACK
6
CONTINUOUS
10
-0.2230761811023622
20
1.6922120078740157
11
-0.2232355905511811
21
1.6924118897637794
0
LINE
8
BLACK
6
CONTINUOUS
10
-0.2232355905511811
20
1.6924118897637794
11
-0.2282574015748031
21
1.6974337007874016
0
LINE
8
BLACK
6
CONTINUOUS
10
-0.2282574015748031
20
1.6974337007874016
11
-0.2342707480314961
21
1.7012121653543306
0
LINE
8
BLACK
6
CONTINUOUS
10
-0.2342707480314961
20
1.7012121653543306
11
-0.2409742519685039
21
1.7035578346456692
0
LINE
8
BLACK
6
CONTINUOUS
10
-0.2409742519685039
20
1.7035578346456692
11
-0.2409744488188976
21
1.703557874015748
0
LINE
8
BLACK
6
CONTINUOUS
10
-0.2409744488188976
20
1.703557874015748
11
-0.2480313385826771
21
1.7043529527559054
0
LINE
8
BLACK
6
CONTINUOUS
10
-0.2480313385826771
20
1.7043529527559054
11
-0.2480316535433071
21
1.7043529527559054
0
LINE
8
BLACK
6
CONTINUOUS
10
-0.2480316535433071
20
1.7043529527559054
11
-0.2550885826771653
21
1.703557874015748
0
LINE
8
BLACK
6
CONTINUOUS
10
-0.2550885826771653
20
1.703557874015748
11
-0.255088779527559
21
1.7035578346456692
0
LINE
8
BLACK
6
CONTINUOUS
10
-0.255088779527559
20
1.7035578346456692
11
-0.2617922834645669
21
1.7012121653543306
0
LINE
8
BLACK
6
CONTINUOUS
10
-0.2617922834645669
20
1.7012121653543306
11
-0.2678056299212598
21
1.6974337007874016
0
LINE
8
BLACK
6
CONTINUOUS
10
-0.2678056299212598
20
1.6974337007874016
11
-0.2728274015748031
21
1.6924119291338582
0
LINE
8
BLACK
6
CONTINUOUS
10
-0.2728274015748031
20
1.6924119291338582
11
-0.2766058661417323
21
1.6863985826771652
0
LINE
8
BLACK
6
CONTINUOUS
10
-0.2766058661417323
20
1.6863985826771652
11
-0.2789515354330709
21
1.6796950787401574
0
LINE
8
BLACK
6
CONTINUOUS
10
-0.2789515354330709
20
1.6796950787401574
11
-0.2789515748031496
21
1.6796948818897637
0
LINE
8
BLACK
6
CONTINUOUS
10
-0.2789515748031496
20
1.6796948818897637
11
-0.2797466535433071
21
1.6726379527559054
0
LINE
8
BLACK
6
CONTINUOUS
10
-0.2797466535433071
20
1.6726379527559054
11
-0.2797466535433071
21
1.6726376771653544
0
LINE
8
BLACK
6
CONTINUOUS
10
-0.2797466535433071
20
1.6726376771653544
11
-0.2789515748031496
21
1.6655807480314959
0
LINE
8
BLACK
6
CONTINUOUS
10
-0.2789515748031496
20
1.6655807480314959
11
-0.2789515354330709
21
1.6655805511811024
0
LINE
8
BLACK
6
CONTINUOUS
10
-0.2789515354330709
20
1.6655805511811024
11
-0.2766058661417323
21
1.6588770472440943
0
LINE
8
BLACK
6
CONTINUOUS
10
-0.2766058661417323
20
1.6588770472440943
11
-0.2748674015748032
21
1.65611031496063
0
LINE
8
BLACK
6
CONTINUOUS
10
-0.2748674015748032
20
1.65611031496063
11
-0.2728274015748031
21
1.6528637007874016
0
LINE
8
BLACK
6
CONTINUOUS
10
-0.2728274015748031
20
1.6528637007874016
11
-0.2678055905511811
21
1.6478418897637794
0
LINE
8
BLACK
6
CONTINUOUS
10
-0.2678055905511811
20
1.6478418897637794
11
-0.2617922047244094
21
1.6440634251968504
0
LINE
8
BLACK
6
CONTINUOUS
10
-0.2617922047244094
20
1.6440634251968504
11
-0.2550890157480315
21
1.6417178740157481
0
LINE
8
BLACK
6
CONTINUOUS
10
-0.2550890157480315
20
1.6417178740157481
11
-0.255088779527559
21
1.6417177952755906
0
LINE
8
BLACK
6
CONTINUOUS
10
-0.255088779527559
20
1.6417177952755906
11
-0.2550885826771653
21
1.6417177559055118
0
LINE
8
BLACK
6
CONTINUOUS
10
-0.2550885826771653
20
1.6417177559055118
11
-0.2511861417322835
21
1.6412781102362204
0
LINE
8
BLACK
6
CONTINUOUS
10
-0.2511861417322835
20
1.6412781102362204
11
-0.2492648818897638
21
1.6410616141732284
0
LINE
8
BLACK
6
CONTINUOUS
10
-0.2492648818897638
20
1.6410616141732284
11
-0.248050905511811
21
1.6405515354330709
0
LINE
8
BLACK
6
CONTINUOUS
10
-0.248050905511811
20
1.6405515354330709
11
-0.2471612204724409
21
1.641006811023622
0
LINE
8
BLACK
6
CONTINUOUS
10
-0.2471612204724409
20
1.641006811023622
11
-0.2467985039370079
21
1.6410615748031496
0
LINE
8
BLACK
6
CONTINUOUS
10
-0.2467985039370079
20
1.6410615748031496
11
-0.2443015748031496
21
1.6413429133858268
0
LINE
8
BLACK
6
CONTINUOUS
10
-0.2443015748031496
20
1.6413429133858268
11
-0.2409744094488189
21
1.6417177559055118
0
LINE
8
BLACK
6
CONTINUOUS
10
-0.2409744094488189
20
1.6417177559055118
11
-0.2409742913385827
21
1.6417177952755906
0
LINE
8
BLACK
6
CONTINUOUS
10
-0.2409742913385827
20
1.6417177952755906
11
-0.2409742125984252
21
1.6417177952755906
0
LINE
8
BLACK
6
CONTINUOUS
10
-0.2409742125984252
20
1.6417177952755906
11
-0.2342707874015748
21
1.6440634251968504
0
LINE
8
BLACK
6
CONTINUOUS
10
-0.2342707874015748
20
1.6440634251968504
11
-0.2282574015748031
21
1.6478418897637794
0
LINE
8
BLACK
6
CONTINUOUS
10
-0.2282574015748031
20
1.6478418897637794
11
-0.2232355905511811
21
1.6528637007874016
0
LINE
8
BLACK
6
CONTINUOUS
10
-0.2232355905511811
20
1.6528637007874016
11
-0.2232355118110236
21
1.6528638976377952
0
LINE
8
BLACK
6
CONTINUOUS
10
-0.2232355118110236
20
1.6528638976377952
11
-0.2230761811023622
21
1.6530635826771654
0
LINE
8
BLACK
6
CONTINUOUS
10
-0.2230761811023622
20
1.6530635826771654
11
-0.2208246456692913
21
1.6546438582677165
0
LINE
8
BLACK
6
CONTINUOUS
10
-0.2208246456692913
20
1.6546438582677165
11
-0.2192594488188976
21
1.6549015748031495
0
LINE
8
BLACK
6
CONTINUOUS
10
-0.2192594488188976
20
1.6549015748031495
11
-0.1980633858267717
21
1.6549015748031495
0
LINE
8
BLACK
6
CONTINUOUS
10
-0.1980633858267717
20
1.6549015748031495
11
-0.1954240551181102
21
1.6541265748031495
0
LINE
8
BLACK
6
CONTINUOUS
10
-0.1954240551181102
20
1.6541265748031495
11
-0.1942466535433071
21
1.6530635826771654
0
LINE
8
BLACK
6
CONTINUOUS
10
-0.1942466535433071
20
1.6530635826771654
11
-0.1940872834645669
21
1.6528637401574804
0
LINE
8
BLACK
6
CONTINUOUS
10
-0.1940872834645669
20
1.6528637401574804
11
-0.1940872440944882
21
1.6528637007874016
0
LINE
8
BLACK
6
CONTINUOUS
10
-0.1940872440944882
20
1.6528637007874016
11
-0.1890654330708662
21
1.6478418897637794
0
LINE
8
BLACK
6
CONTINUOUS
10
-0.1890654330708662
20
1.6478418897637794
11
-0.1830520472440945
21
1.6440634251968504
0
LINE
8
BLACK
6
CONTINUOUS
10
-0.1830520472440945
20
1.6440634251968504
11
-0.1763488582677165
21
1.6417178740157481
0
LINE
8
BLACK
6
CONTINUOUS
10
-0.1763488582677165
20
1.6417178740157481
11
-0.1763486220472441
21
1.6417177952755906
0
LINE
8
BLACK
6
CONTINUOUS
10
-0.1763486220472441
20
1.6417177952755906
11
-0.1763484251968504
21
1.6417177559055118
0
LINE
8
BLACK
6
CONTINUOUS
10
-0.1763484251968504
20
1.6417177559055118
11
-0.1724459842519685
21
1.6412781102362204
0
LINE
8
BLACK
6
CONTINUOUS
10
-0.1724459842519685
20
1.6412781102362204
11
-0.1705247244094488
21
1.6410616141732284
0
LINE
8
BLACK
6
CONTINUOUS
10
-0.1705247244094488
20
1.6410616141732284
11
-0.1693107480314961
21
1.6405515354330709
0
LINE
8
BLACK
6
CONTINUOUS
10
-0.1693107480314961
20
1.6405515354330709
11
-0.168421062992126
21
1.641006811023622
0
LINE
8
BLACK
6
CONTINUOUS
10
-0.168421062992126
20
1.641006811023622
11
-0.1680583464566929
21
1.6410615748031496
0
LINE
8
BLACK
6
CONTINUOUS
10
-0.1680583464566929
20
1.6410615748031496
11
-0.1655614173228346
21
1.6413429133858268
0
LINE
8
BLACK
6
CONTINUOUS
10
-0.1655614173228346
20
1.6413429133858268
11
-0.1622342519685039
21
1.6417177559055118
0
LINE
8
BLACK
6
CONTINUOUS
10
-0.1622342519685039
20
1.6417177559055118
11
-0.1622341338582677
21
1.6417177952755906
0
LINE
8
BLACK
6
CONTINUOUS
10
-0.1622341338582677
20
1.6417177952755906
11
-0.1622340551181102
21
1.6417177952755906
0
LINE
8
BLACK
6
CONTINUOUS
10
-0.1622340551181102
20
1.6417177952755906
11
-0.1555306299212598
21
1.6440634251968504
0
LINE
8
BLACK
6
CONTINUOUS
10
-0.1555306299212598
20
1.6440634251968504
11
-0.1495172440944882
21
1.6478418897637794
0
LINE
8
BLACK
6
CONTINUOUS
10
-0.1495172440944882
20
1.6478418897637794
11
-0.1444954330708661
21
1.6528637007874016
0
LINE
8
BLACK
6
CONTINUOUS
10
-0.1444954330708661
20
1.6528637007874016
11
-0.1444953543307086
21
1.6528638976377952
0
LINE
8
BLACK
6
CONTINUOUS
10
-0.1444953543307086
20
1.6528638976377952
11
-0.1443360236220472
21
1.6530635826771654
0
LINE
8
BLACK
6
CONTINUOUS
10
-0.1443360236220472
20
1.6530635826771654
11
-0.1420844881889764
21
1.6546438582677165
0
LINE
8
BLACK
6
CONTINUOUS
10
-0.1420844881889764
20
1.6546438582677165
11
-0.1405192913385827
21
1.6549015748031495
0
LINE
8
BLACK
6
CONTINUOUS
10
-0.1405192913385827
20
1.6549015748031495
11
-0.1387674015748031
21
1.6549015748031495
0
LINE
8
BLACK
6
CONTINUOUS
10
-0.1387674015748031
20
1.6549015748031495
11
-0.1387673622047244
21
1.6549015748031495
0
LINE
8
BLACK
6
CONTINUOUS
10
-0.1387673622047244
20
1.6549015748031495
11
-0.1352097244094488
21
1.6558548818897638
0
LINE
8
BLACK
6
CONTINUOUS
10
-0.1352097244094488
20
1.6558548818897638
11
-0.1342564173228346
21
1.6561102755905512
0
LINE
8
BLACK
6
CONTINUOUS
10
-0.1342564173228346
20
1.6561102755905512
11
-0.1302120472440945
21
1.65844531496063
0
LINE
8
BLACK
6
CONTINUOUS
10
-0.1302120472440945
20
1.65844531496063
11
-0.1201449212598425
21
1.6685124409448819
0
LINE
8
BLACK
6
CONTINUOUS
10
-0.1201449212598425
20
1.6685124409448819
11
-0.1177306299212598
21
1.669830748031496
0
LINE
8
BLACK
6
CONTINUOUS
10
-0.1177306299212598
20
1.669830748031496
11
-0.1149868503937008
21
1.6696345275590552
0
LINE
8
BLACK
6
CONTINUOUS
10
-0.1149868503937008
20
1.6696345275590552
11
-0.113240905511811
21
1.6685124409448819
0
LINE
8
BLACK
6
CONTINUOUS
10
-0.113240905511811
20
1.6685124409448819
11
-0.1023944488188976
21
1.6576659842519685
0
LINE
8
BLACK
6
CONTINUOUS
10
-0.1023944488188976
20
1.6576659842519685
11
-0.1010761417322835
21
1.6552516929133858
0
LINE
8
BLACK
6
CONTINUOUS
10
-0.1010761417322835
20
1.6552516929133858
11
-0.1009645669291339
21
1.6542139763779526
0
LINE
8
BLACK
6
CONTINUOUS
10
-0.1009645669291339
20
1.6542139763779526
11
-0.1009645669291339
21
1.3193281889763779
0
LINE
8
BLACK
6
CONTINUOUS
10
-0.1009645669291339
20
1.3193281889763779
11
-0.1009645669291339
21
1.162389527559055
0
LINE
8
BLACK
6
CONTINUOUS
10
-0.1009645669291339
20
1.162389527559055
11
-0.1009645669291339
21
1.1450174803149606
0
LINE
8
BLACK
6
CONTINUOUS
10
-0.1009645669291339
20
1.1450174803149606
11
-0.1017395669291339
21
1.1423781496062992
0
LINE
8
BLACK
6
CONTINUOUS
10
-0.1017395669291339
20
1.1423781496062992
11
-0.1038184645669291
21
1.1405767716535433
0
LINE
8
BLACK
6
CONTINUOUS
10
-0.1038184645669291
20
1.1405767716535433
11
-0.1065412204724409
21
1.1401852755905511
0
LINE
8
BLACK
6
CONTINUOUS
10
-0.1065412204724409
20
1.1401852755905511
11
-0.1083279133858268
21
1.1408133070866142
0
LINE
8
BLACK
6
CONTINUOUS
10
-0.1083279133858268
20
1.1408133070866142
11
-0.109662874015748
21
1.1416012598425196
0
LINE
8
BLACK
6
CONTINUOUS
10
-0.109662874015748
20
1.1416012598425196
11
-0.1150092519685039
21
1.1434737795275591
0
LINE
8
BLACK
6
CONTINUOUS
10
-0.1150092519685039
20
1.1434737795275591
11
-0.118761811023622
21
1.1442114173228346
0
LINE
8
BLACK
6
CONTINUOUS
10
-0.118761811023622
20
1.1442114173228346
11
-0.1187621653543307
21
1.1442114566929134
0
LINE
8
BLACK
6
CONTINUOUS
10
-0.1187621653543307
20
1.1442114566929134
11
-0.1226458267716535
21
1.144585157480315
0
LINE
8
BLACK
6
CONTINUOUS
10
-0.1226458267716535
20
1.144585157480315
11
-0.127735157480315
21
1.1445736614173228
0
LINE
8
BLACK
6
CONTINUOUS
10
-0.127735157480315
20
1.1445736614173228
11
-0.1292925984251969
21
1.1450272047244094
0
LINE
8
BLACK
6
CONTINUOUS
10
-0.1292925984251969
20
1.1450272047244094
11
-0.1300410236220473
21
1.1445684645669292
0
LINE
8
BLACK
6
CONTINUOUS
10
-0.1300410236220473
20
1.1445684645669292
11
-0.1324973622047244
21
1.1445629133858268
0
LINE
8
BLACK
6
CONTINUOUS
10
-0.1324973622047244
20
1.1445629133858268
11
-0.1351384645669291
21
1.1453319685039369
0
LINE
8
BLACK
6
CONTINUOUS
10
-0.1351384645669291
20
1.1453319685039369
11
-0.1369445275590551
21
1.1474067716535432
0
LINE
8
BLACK
6
CONTINUOUS
10
-0.1369445275590551
20
1.1474067716535432
11
-0.137342125984252
21
1.1501286614173227
0
LINE
8
BLACK
6
CONTINUOUS
10
-0.137342125984252
20
1.1501286614173227
11
-0.1362819291338583
21
1.1525420866141731
0
LINE
8
BLACK
6
CONTINUOUS
10
-0.1362819291338583
20
1.1525420866141731
11
-0.1360690551181102
21
1.1528014566929135
0
LINE
8
BLACK
6
CONTINUOUS
10
-0.1360690551181102
20
1.1528014566929135
11
-0.1323766929133858
21
1.1597094881889765
0
LINE
8
BLACK
6
CONTINUOUS
10
-0.1323766929133858
20
1.1597094881889765
11
-0.1301029133858268
21
1.1672050787401576
0
LINE
8
BLACK
6
CONTINUOUS
10
-0.1301029133858268
20
1.1672050787401576
11
-0.1293351968503937
21
1.175
0
LINE
8
BLACK
6
CONTINUOUS
10
-0.1293351968503937
20
1.175
11
-0.1301029133858268
21
1.1827949606299213
0
LINE
8
BLACK
6
CONTINUOUS
10
-0.1301029133858268
20
1.1827949606299213
11
-0.1323767716535433
21
1.1902907874015747
0
LINE
8
BLACK
6
CONTINUOUS
10
-0.1323767716535433
20
1.1902907874015747
11
-0.1350604330708661
21
1.1953115748031495
0
LINE
8
BLACK
6
CONTINUOUS
10
-0.1350604330708661
20
1.1953115748031495
11
-0.1409362598425197
21
1.1894358267716536
0
LINE
8
BLACK
6
CONTINUOUS
10
-0.1409362598425197
20
1.1894358267716536
11
-0.1405596456692913
21
1.1888364566929133
0
LINE
8
BLACK
6
CONTINUOUS
10
-0.1405596456692913
20
1.1888364566929133
11
-0.1382011023622047
21
1.1820961417322835
0
LINE
8
BLACK
6
CONTINUOUS
10
-0.1382011023622047
20
1.1820961417322835
11
-0.1374015748031496
21
1.175
0
LINE
8
BLACK
6
CONTINUOUS
10
-0.1374015748031496
20
1.175
11
-0.1382011023622047
21
1.1679038582677166
0
LINE
8
BLACK
6
CONTINUOUS
10
-0.1382011023622047
20
1.1679038582677166
11
-0.1405596456692913
21
1.1611635433070866
0
LINE
8
BLACK
6
CONTINUOUS
10
-0.1405596456692913
20
1.1611635433070866
11
-0.1443588976377953
21
1.1551170472440944
0
LINE
8
BLACK
6
CONTINUOUS
10
-0.1443588976377953
20
1.1551170472440944
11
-0.1494083858267717
21
1.1500675590551181
0
LINE
8
BLACK
6
CONTINUOUS
10
-0.1494083858267717
20
1.1500675590551181
11
-0.1554548818897638
21
1.1462683070866142
0
LINE
8
BLACK
6
CONTINUOUS
10
-0.1554548818897638
20
1.1462683070866142
11
-0.1621951968503937
21
1.1439097637795275
0
LINE
8
BLACK
6
CONTINUOUS
10
-0.1621951968503937
20
1.1439097637795275
11
-0.1692913385826772
21
1.1431102362204724
0
LINE
8
BLACK
6
CONTINUOUS
10
-0.1692913385826772
20
1.1431102362204724
11
-0.1763874803149606
21
1.1439097637795275
0
LINE
8
BLACK
6
CONTINUOUS
10
-0.1763874803149606
20
1.1439097637795275
11
-0.1831277952755906
21
1.1462683070866142
0
LINE
8
BLACK
6
CONTINUOUS
10
-0.1831277952755906
20
1.1462683070866142
11
-0.1891742913385827
21
1.1500675590551181
0
LINE
8
BLACK
6
CONTINUOUS
10
-0.1891742913385827
20
1.1500675590551181
11
-0.194223779527559
21
1.1551170472440944
0
LINE
8
BLACK
6
CONTINUOUS
10
-0.194223779527559
20
1.1551170472440944
11
-0.198023031496063
21
1.1611635433070866
0
LINE
8
BLACK
6
CONTINUOUS
10
-0.198023031496063
20
1.1611635433070866
11
-0.2003815748031496
21
1.1679038582677166
0
LINE
8
BLACK
6
CONTINUOUS
10
-0.2003815748031496
20
1.1679038582677166
11
-0.2011811023622047
21
1.175
0
LINE
8
BLACK
6
CONTINUOUS
10
-0.2011811023622047
20
1.175
11
-0.2003815748031496
21
1.1820961417322835
0
LINE
8
BLACK
6
CONTINUOUS
10
-0.2003815748031496
20
1.1820961417322835
11
-0.198023031496063
21
1.1888364566929133
0
LINE
8
BLACK
6
CONTINUOUS
10
-0.198023031496063
20
1.1888364566929133
11
-0.1976464960629921
21
1.1894357480314961
0
LINE
8
BLACK
6
CONTINUOUS
10
-0.1976464960629921
20
1.1894357480314961
11
-0.2035222834645669
21
1.1953115354330708
0
LINE
8
BLACK
6
CONTINUOUS
10
-0.2035222834645669
20
1.1953115354330708
11
-0.2062060236220472
21
1.1902905511811024
0
LINE
8
BLACK
6
CONTINUOUS
10
-0.2062060236220472
20
1.1902905511811024
11
-0.2084798031496063
21
1.1827949606299213
0
LINE
8
BLACK
6
CONTINUOUS
10
-0.2084798031496063
20
1.1827949606299213
11
-0.2092475196850394
21
1.175
0
LINE
8
BLACK
6
CONTINUOUS
10
-0.2092475196850394
20
1.175
11
-0.2084798031496063
21
1.1672050787401576
0
LINE
8
BLACK
6
CONTINUOUS
10
-0.2084798031496063
20
1.1672050787401576
11
-0.2062060236220472
21
1.1597094881889765
0
LINE
8
BLACK
6
CONTINUOUS
10
-0.2062060236220472
20
1.1597094881889765
11
-0.2025136220472441
21
1.1528013779527559
0
LINE
8
BLACK
6
CONTINUOUS
10
-0.2025136220472441
20
1.1528013779527559
11
-0.2021647244094488
21
1.1523762992125983
0
LINE
8
BLACK
6
CONTINUOUS
10
-0.2021647244094488
20
1.1523762992125983
11
-0.2010893307086614
21
1.1498444488188977
0
LINE
8
BLACK
6
CONTINUOUS
10
-0.2010893307086614
20
1.1498444488188977
11
-0.2015535039370079
21
1.1471331102362206
0
LINE
8
BLACK
6
CONTINUOUS
10
-0.2015535039370079
20
1.1471331102362206
11
-0.203409842519685
21
1.1451031496062991
0
LINE
8
BLACK
6
CONTINUOUS
10
-0.203409842519685
20
1.1451031496062991
11
-0.2059273622047244
21
1.1443972834645668
0
LINE
8
BLACK
6
CONTINUOUS
10
-0.2059273622047244
20
1.1443972834645668
11
-0.2311051181102362
21
1.1443404724409449
0
LINE
8
BLACK
6
CONTINUOUS
10
-0.2311051181102362
20
1.1443404724409449
11
-0.233746220472441
21
1.145109527559055
0
LINE
8
BLACK
6
CONTINUOUS
10
-0.233746220472441
20
1.145109527559055
11
-0.2355522834645669
21
1.1471843307086613
0
LINE
8
BLACK
6
CONTINUOUS
10
-0.2355522834645669
20
1.1471843307086613
11
-0.2359498818897638
21
1.1499062204724408
0
LINE
8
BLACK
6
CONTINUOUS
10
-0.2359498818897638
20
1.1499062204724408
11
-0.2348897244094488
21
1.1523195669291337
0
LINE
8
BLACK
6
CONTINUOUS
10
-0.2348897244094488
20
1.1523195669291337
11
-0.2344943307086614
21
1.1528013779527559
0
LINE
8
BLACK
6
CONTINUOUS
10
-0.2344943307086614
20
1.1528013779527559
11
-0.2308018897637795
21
1.1597094881889765
0
LINE
8
BLACK
6
CONTINUOUS
10
-0.2308018897637795
20
1.1597094881889765
11
-0.2285281102362205
21
1.1672050787401576
0
LINE
8
BLACK
6
CONTINUOUS
10
-0.2285281102362205
20
1.1672050787401576
11
-0.2277603937007874
21
1.175
0
LINE
8
BLACK
6
CONTINUOUS
10
-0.2277603937007874
20
1.175
11
-0.2285281102362205
21
1.1827949606299213
0
LINE
8
BLACK
6
CONTINUOUS
10
-0.2285281102362205
20
1.1827949606299213
11
-0.230801968503937
21
1.1902907874015747
0
LINE
8
BLACK
6
CONTINUOUS
10
-0.230801968503937
20
1.1902907874015747
11
-0.2334856299212598
21
1.1953115748031495
0
LINE
8
BLACK
6
CONTINUOUS
10
-0.2334856299212598
20
1.1953115748031495
11
-0.2393614566929134
21
1.1894358267716536
0
LINE
8
BLACK
6
CONTINUOUS
10
-0.2393614566929134
20
1.1894358267716536
11
-0.238984842519685
21
1.1888364566929133
0
LINE
8
BLACK
6
CONTINUOUS
10
-0.238984842519685
20
1.1888364566929133
11
-0.2366262992125984
21
1.1820961417322835
0
LINE
8
BLACK
6
CONTINUOUS
10
-0.2366262992125984
20
1.1820961417322835
11
-0.2358267716535433
21
1.175
0
LINE
8
BLACK
6
CONTINUOUS
10
-0.2358267716535433
20
1.175
11
-0.2366262992125984
21
1.1679038582677166
0
LINE
8
BLACK
6
CONTINUOUS
10
-0.2366262992125984
20
1.1679038582677166
11
-0.238984842519685
21
1.1611635433070866
0
LINE
8
BLACK
6
CONTINUOUS
10
-0.238984842519685
20
1.1611635433070866
11
-0.242784094488189
21
1.1551170472440944
0
LINE
8
BLACK
6
CONTINUOUS
10
-0.242784094488189
20
1.1551170472440944
11
-0.2478335826771653
21
1.1500675590551181
0
LINE
8
BLACK
6
CONTINUOUS
10
-0.2478335826771653
20
1.1500675590551181
11
-0.2538800787401575
21
1.1462683070866142
0
LINE
8
BLACK
6
CONTINUOUS
10
-0.2538800787401575
20
1.1462683070866142
11
-0.2606203937007874
21
1.1439097637795275
0
LINE
8
BLACK
6
CONTINUOUS
10
-0.2606203937007874
20
1.1439097637795275
11
-0.2677165354330708
21
1.1431102362204724
0
LINE
8
BLACK
6
CONTINUOUS
10
-0.2677165354330708
20
1.1431102362204724
11
-0.2748126771653543
21
1.1439097637795275
0
LINE
8
BLACK
6
CONTINUOUS
10
-0.2748126771653543
20
1.1439097637795275
11
-0.2815529921259842
21
1.1462683070866142
0
LINE
8
BLACK
6
CONTINUOUS
10
-0.2815529921259842
20
1.1462683070866142
11
-0.2875994881889763
21
1.1500675590551181
0
LINE
8
BLACK
6
CONTINUOUS
10
-0.2875994881889763
20
1.1500675590551181
11
-0.2926489763779527
21
1.1551170472440944
0
LINE
8
BLACK
6
CONTINUOUS
10
-0.2926489763779527
20
1.1551170472440944
11
-0.2964482283464567
21
1.1611635433070866
0
LINE
8
BLACK
6
CONTINUOUS
10
-0.2964482283464567
20
1.1611635433070866
11
-0.2988067716535433
21
1.1679038582677166
0
LINE
8
BLACK
6
CONTINUOUS
10
-0.2988067716535433
20
1.1679038582677166
11
-0.2996062992125984
21
1.175
0
LINE
8
BLACK
6
CONTINUOUS
10
-0.2996062992125984
20
1.175
11
-0.2988067716535433
21
1.1820961417322835
0
LINE
8
BLACK
6
CONTINUOUS
10
-0.2988067716535433
20
1.1820961417322835
11
-0.2964482283464567
21
1.1888364566929133
0
LINE
8
BLACK
6
CONTINUOUS
10
-0.2964482283464567
20
1.1888364566929133
11
-0.2960716929133858
21
1.1894357480314961
0
LINE
8
BLACK
6
CONTINUOUS
10
-0.2960716929133858
20
1.1894357480314961
11
-0.3019474803149606
21
1.1953115354330708
0
LINE
8
BLACK
6
CONTINUOUS
10
-0.3019474803149606
20
1.1953115354330708
11
-0.304631220472441
21
1.1902905511811024
0
LINE
8
BLACK
6
CONTINUOUS
10
-0.304631220472441
20
1.1902905511811024
11
-0.306905
21
1.1827949606299213
0
LINE
8
BLACK
6
CONTINUOUS
10
-0.306905
20
1.1827949606299213
11
-0.307672716535433
21
1.175
0
LINE
8
BLACK
6
CONTINUOUS
10
-0.307672716535433
20
1.175
11
-0.306905
21
1.1672050787401576
0
LINE
8
BLACK
6
CONTINUOUS
10
-0.306905
20
1.1672050787401576
11
-0.304631220472441
21
1.1597094881889765
0
LINE
8
BLACK
6
CONTINUOUS
10
-0.304631220472441
20
1.1597094881889765
11
-0.3009388188976378
21
1.1528014173228347
0
LINE
8
BLACK
6
CONTINUOUS
10
-0.3009388188976378
20
1.1528014173228347
11
-0.3004079921259842
21
1.1521546062992125
0
LINE
8
BLACK
6
CONTINUOUS
10
-0.3004079921259842
20
1.1521546062992125
11
-0.2993326771653543
21
1.1496227165354331
0
LINE
8
BLACK
6
CONTINUOUS
10
-0.2993326771653543
20
1.1496227165354331
11
-0.2997968897637795
21
1.1469113779527558
0
LINE
8
BLACK
6
CONTINUOUS
10
-0.2997968897637795
20
1.1469113779527558
11
-0.3016532677165354
21
1.1448814566929133
0
LINE
8
BLACK
6
CONTINUOUS
10
-0.3016532677165354
20
1.1448814566929133
11
-0.3041707086614173
21
1.1441756692913385
0
LINE
8
BLACK
6
CONTINUOUS
10
-0.3041707086614173
20
1.1441756692913385
11
-0.3297128346456693
21
1.1441180708661418
0
LINE
8
BLACK
6
CONTINUOUS
10
-0.3297128346456693
20
1.1441180708661418
11
-0.332353937007874
21
1.1448871259842519
0
LINE
8
BLACK
6
CONTINUOUS
10
-0.332353937007874
20
1.1448871259842519
11
-0.33416
21
1.1469619291338582
0
LINE
8
BLACK
6
CONTINUOUS
10
-0.33416
20
1.1469619291338582
11
-0.3345575984251968
21
1.1496838188976377
0
LINE
8
BLACK
6
CONTINUOUS
10
-0.3345575984251968
20
1.1496838188976377
11
-0.3334974803149606
21
1.1520971259842518
0
LINE
8
BLACK
6
CONTINUOUS
10
-0.3334974803149606
20
1.1520971259842518
11
-0.3329195275590551
21
1.1528013779527559
0
LINE
8
BLACK
6
CONTINUOUS
10
-0.3329195275590551
20
1.1528013779527559
11
-0.3292270866141732
21
1.1597094881889765
0
LINE
8
BLACK
6
CONTINUOUS
10
-0.3292270866141732
20
1.1597094881889765
11
-0.3269533070866142
21
1.1672050787401576
0
LINE
8
BLACK
6
CONTINUOUS
10
-0.3269533070866142
20
1.1672050787401576
11
-0.3261855905511811
21
1.175
0
LINE
8
BLACK
6
CONTINUOUS
10
-0.3261855905511811
20
1.175
11
-0.3269533070866142
21
1.1827949606299213
0
LINE
8
BLACK
6
CONTINUOUS
10
-0.3269533070866142
20
1.1827949606299213
11
-0.3292271653543307
21
1.1902907874015747
0
LINE
8
BLACK
6
CONTINUOUS
10
-0.3292271653543307
20
1.1902907874015747
11
-0.3319108267716535
21
1.1953115748031495
0
LINE
8
BLACK
6
CONTINUOUS
10
-0.3319108267716535
20
1.1953115748031495
11
-0.3377866535433071
21
1.1894358267716536
0
LINE
8
BLACK
6
CONTINUOUS
10
-0.3377866535433071
20
1.1894358267716536
11
-0.3374100393700787
21
1.1888364566929133
0
LINE
8
BLACK
6
CONTINUOUS
10
-0.3374100393700787
20
1.1888364566929133
11
-0.3350514960629921
21
1.1820961417322835
0
LINE
8
BLACK
6
CONTINUOUS
10
-0.3350514960629921
20
1.1820961417322835
11
-0.334251968503937
21
1.175
0
LINE
8
BLACK
6
CONTINUOUS
10
-0.334251968503937
20
1.175
11
-0.3350514960629921
21
1.1679038582677166
0
LINE
8
BLACK
6
CONTINUOUS
10
-0.3350514960629921
20
1.1679038582677166
11
-0.3374100393700787
21
1.1611635433070866
0
LINE
8
BLACK
6
CONTINUOUS
10
-0.3374100393700787
20
1.1611635433070866
11
-0.3412092913385827
21
1.1551170472440944
0
LINE
8
BLACK
6
CONTINUOUS
10
-0.3412092913385827
20
1.1551170472440944
11
-0.3462587795275591
21
1.1500675590551181
0
LINE
8
BLACK
6
CONTINUOUS
10
-0.3462587795275591
20
1.1500675590551181
11
-0.3523052755905512
21
1.1462683070866142
0
LINE
8
BLACK
6
CONTINUOUS
10
-0.3523052755905512
20
1.1462683070866142
11
-0.3590455905511811
21
1.1439097637795275
0
LINE
8
BLACK
6
CONTINUOUS
10
-0.3590455905511811
20
1.1439097637795275
11
-0.3661417322834646
21
1.1431102362204724
0
LINE
8
BLACK
6
CONTINUOUS
10
-0.3661417322834646
20
1.1431102362204724
11
-0.373237874015748
21
1.1439097637795275
0
LINE
8
BLACK
6
CONTINUOUS
10
-0.373237874015748
20
1.1439097637795275
11
-0.3799781889763779
21
1.1462683070866142
0
LINE
8
BLACK
6
CONTINUOUS
10
-0.3799781889763779
20
1.1462683070866142
11
-0.3860246850393701
21
1.1500675590551181
0
LINE
8
BLACK
6
CONTINUOUS
10
-0.3860246850393701
20
1.1500675590551181
11
-0.3910741732283464
21
1.1551170472440944
0
LINE
8
BLACK
6
CONTINUOUS
10
-0.3910741732283464
20
1.1551170472440944
11
-0.3948734251968504
21
1.1611635433070866
0
LINE
8
BLACK
6
CONTINUOUS
10
-0.3948734251968504
20
1.1611635433070866
11
-0.397231968503937
21
1.1679038582677166
0
LINE
8
BLACK
6
CONTINUOUS
10
-0.397231968503937
20
1.1679038582677166
11
-0.3980314960629921
21
1.175
0
LINE
8
BLACK
6
CONTINUOUS
10
-0.3980314960629921
20
1.175
11
-0.397231968503937
21
1.1820961417322835
0
LINE
8
BLACK
6
CONTINUOUS
10
-0.397231968503937
20
1.1820961417322835
11
-0.3948734251968504
21
1.1888364566929133
0
LINE
8
BLACK
6
CONTINUOUS
10
-0.3948734251968504
20
1.1888364566929133
11
-0.3944968897637795
21
1.1894357480314961
0
LINE
8
BLACK
6
CONTINUOUS
10
-0.3944968897637795
20
1.1894357480314961
11
-0.4003726771653543
21
1.1953115354330708
0
LINE
8
BLACK
6
CONTINUOUS
10
-0.4003726771653543
20
1.1953115354330708
11
-0.4030564173228346
21
1.1902905511811024
0
LINE
8
BLACK
6
CONTINUOUS
10
-0.4030564173228346
20
1.1902905511811024
11
-0.4053301968503937
21
1.1827949606299213
0
LINE
8
BLACK
6
CONTINUOUS
10
-0.4053301968503937
20
1.1827949606299213
11
-0.4060979133858267
21
1.175
0
LINE
8
BLACK
6
CONTINUOUS
10
-0.4060979133858267
20
1.175
11
-0.4053301968503937
21
1.1672050787401576
0
LINE
8
BLACK
6
CONTINUOUS
10
-0.4053301968503937
20
1.1672050787401576
11
-0.4030564173228346
21
1.1597094881889765
0
LINE
8
BLACK
6
CONTINUOUS
10
-0.4030564173228346
20
1.1597094881889765
11
-0.3993640157480315
21
1.1528014173228347
0
LINE
8
BLACK
6
CONTINUOUS
10
-0.3993640157480315
20
1.1528014173228347
11
-0.3986512992125984
21
1.1519329527559055
0
LINE
8
BLACK
6
CONTINUOUS
10
-0.3986512992125984
20
1.1519329527559055
11
-0.3975760236220472
21
1.1494010236220473
0
LINE
8
BLACK
6
CONTINUOUS
10
-0.3975760236220472
20
1.1494010236220473
11
-0.3980402755905512
21
1.1466897244094487
0
LINE
8
BLACK
6
CONTINUOUS
10
-0.3980402755905512
20
1.1466897244094487
11
-0.3998966929133858
21
1.1446598031496062
0
LINE
8
BLACK
6
CONTINUOUS
10
-0.3998966929133858
20
1.1446598031496062
11
-0.4024140551181102
21
1.1439540551181102
0
LINE
8
BLACK
6
CONTINUOUS
10
-0.4024140551181102
20
1.1439540551181102
11
-0.4283205905511811
21
1.1438956299212599
0
LINE
8
BLACK
6
CONTINUOUS
10
-0.4283205905511811
20
1.1438956299212599
11
-0.4309616929133858
21
1.14466468503937
0
LINE
8
BLACK
6
CONTINUOUS
10
-0.4309616929133858
20
1.14466468503937
11
-0.4327677559055118
21
1.1467394881889763
0
LINE
8
BLACK
6
CONTINUOUS
10
-0.4327677559055118
20
1.1467394881889763
11
-0.4331653543307086
21
1.1494613779527558
0
LINE
8
BLACK
6
CONTINUOUS
10
-0.4331653543307086
20
1.1494613779527558
11
-0.4321052755905512
21
1.15187468503937
0
LINE
8
BLACK
6
CONTINUOUS
10
-0.4321052755905512
20
1.15187468503937
11
-0.4313446456692913
21
1.1528014960629922
0
LINE
8
BLACK
6
CONTINUOUS
10
-0.4313446456692913
20
1.1528014960629922
11
-0.4276522834645669
21
1.1597094881889765
0
LINE
8
BLACK
6
CONTINUOUS
10
-0.4276522834645669
20
1.1597094881889765
11
-0.4253785039370079
21
1.1672050787401576
0
LINE
8
BLACK
6
CONTINUOUS
10
-0.4253785039370079
20
1.1672050787401576
11
-0.4246107874015748
21
1.175
0
LINE
8
BLACK
6
CONTINUOUS
10
-0.4246107874015748
20
1.175
11
-0.4253785039370079
21
1.1827949606299213
0
LINE
8
BLACK
6
CONTINUOUS
10
-0.4253785039370079
20
1.1827949606299213
11
-0.4276523622047244
21
1.1902907874015747
0
LINE
8
BLACK
6
CONTINUOUS
10
-0.4276523622047244
20
1.1902907874015747
11
-0.4303360236220473
21
1.1953115748031495
0
LINE
8
BLACK
6
CONTINUOUS
10
-0.4303360236220473
20
1.1953115748031495
11
-0.4362118503937008
21
1.1894358267716536
0
LINE
8
BLACK
6
CONTINUOUS
10
-0.4362118503937008
20
1.1894358267716536
11
-0.4358352362204724
21
1.1888364566929133
0
LINE
8
BLACK
6
CONTINUOUS
10
-0.4358352362204724
20
1.1888364566929133
11
-0.4334766929133858
21
1.1820961417322835
0
LINE
8
BLACK
6
CONTINUOUS
10
-0.4334766929133858
20
1.1820961417322835
11
-0.4326771653543307
21
1.175
0
LINE
8
BLACK
6
CONTINUOUS
10
-0.4326771653543307
20
1.175
11
-0.4334766929133858
21
1.1679038582677166
0
LINE
8
BLACK
6
CONTINUOUS
10
-0.4334766929133858
20
1.1679038582677166
11
-0.4358352362204724
21
1.1611635433070866
0
LINE
8
BLACK
6
CONTINUOUS
10
-0.4358352362204724
20
1.1611635433070866
11
-0.4396344881889764
21
1.1551170472440944
0
LINE
8
BLACK
6
CONTINUOUS
10
-0.4396344881889764
20
1.1551170472440944
11
-0.4446839763779528
21
1.1500675590551181
0
LINE
8
BLACK
6
CONTINUOUS
10
-0.4446839763779528
20
1.1500675590551181
11
-0.4507304724409449
21
1.1462683070866142
0
LINE
8
BLACK
6
CONTINUOUS
10
-0.4507304724409449
20
1.1462683070866142
11
-0.4574707874015748
21
1.1439097637795275
0
LINE
8
BLACK
6
CONTINUOUS
10
-0.4574707874015748
20
1.1439097637795275
11
-0.4645669291338583
21
1.1431102362204724
0
LINE
8
BLACK
6
CONTINUOUS
10
-0.4645669291338583
20
1.1431102362204724
11
-0.4716630708661417
21
1.1439097637795275
0
LINE
8
BLACK
6
CONTINUOUS
10
-0.4716630708661417
20
1.1439097637795275
11
-0.4784033858267717
21
1.1462683070866142
0
LINE
8
BLACK
6
CONTINUOUS
10
-0.4784033858267717
20
1.1462683070866142
11
-0.4844498818897638
21
1.1500675590551181
0
LINE
8
BLACK
6
CONTINUOUS
10
-0.4844498818897638
20
1.1500675590551181
11
-0.4894993700787402
21
1.1551170472440944
0
LINE
8
BLACK
6
CONTINUOUS
10
-0.4894993700787402
20
1.1551170472440944
11
-0.4932986220472441
21
1.1611635433070866
0
LINE
8
BLACK
6
CONTINUOUS
10
-0.4932986220472441
20
1.1611635433070866
11
-0.4956571653543307
21
1.1679038582677166
0
LINE
8
BLACK
6
CONTINUOUS
10
-0.4956571653543307
20
1.1679038582677166
11
-0.4964566929133858
21
1.175
0
LINE
8
BLACK
6
CONTINUOUS
10
-0.4964566929133858
20
1.175
11
-0.4956571653543307
21
1.1820961417322835
0
LINE
8
BLACK
6
CONTINUOUS
10
-0.4956571653543307
20
1.1820961417322835
11
-0.4932986220472441
21
1.1888364566929133
0
LINE
8
BLACK
6
CONTINUOUS
10
-0.4932986220472441
20
1.1888364566929133
11
-0.4929220866141732
21
1.1894357480314961
0
LINE
8
BLACK
6
CONTINUOUS
10
-0.4929220866141732
20
1.1894357480314961
11
-0.498797874015748
21
1.1953115354330708
0
LINE
8
BLACK
6
CONTINUOUS
10
-0.498797874015748
20
1.1953115354330708
11
-0.5014816141732283
21
1.1902905511811024
0
LINE
8
BLACK
6
CONTINUOUS
10
-0.5014816141732283
20
1.1902905511811024
11
-0.5037553937007874
21
1.1827949606299213
0
LINE
8
BLACK
6
CONTINUOUS
10
-0.5037553937007874
20
1.1827949606299213
11
-0.5045231102362204
21
1.175
0
LINE
8
BLACK
6
CONTINUOUS
10
-0.5045231102362204
20
1.175
11
-0.5037553937007874
21
1.1672050787401576
0
LINE
8
BLACK
6
CONTINUOUS
10
-0.5037553937007874
20
1.1672050787401576
11
-0.5014816141732283
21
1.1597094881889765
0
LINE
8
BLACK
6
CONTINUOUS
10
-0.5014816141732283
20
1.1597094881889765
11
-0.4977892125984252
21
1.1528013779527559
0
LINE
8
BLACK
6
CONTINUOUS
10
-0.4977892125984252
20
1.1528013779527559
11
-0.4968946850393701
21
1.1517114566929134
0
LINE
8
BLACK
6
CONTINUOUS
10
-0.4968946850393701
20
1.1517114566929134
11
-0.4958193307086614
21
1.1491795669291338
0
LINE
8
BLACK
6
CONTINUOUS
10
-0.4958193307086614
20
1.1491795669291338
11
-0.4962835039370079
21
1.1464682677165354
0
LINE
8
BLACK
6
CONTINUOUS
10
-0.4962835039370079
20
1.1464682677165354
11
-0.4981398818897638
21
1.1444383070866142
0
LINE
8
BLACK
6
CONTINUOUS
10
-0.4981398818897638
20
1.1444383070866142
11
-0.5006573622047243
21
1.1437324803149607
0
LINE
8
BLACK
6
CONTINUOUS
10
-0.5006573622047243
20
1.1437324803149607
11
-0.5269283070866142
21
1.1436732283464566
0
LINE
8
BLACK
6
CONTINUOUS
10
-0.5269283070866142
20
1.1436732283464566
11
-0.5295694094488189
21
1.1444422834645669
0
LINE
8
BLACK
6
CONTINUOUS
10
-0.5295694094488189
20
1.1444422834645669
11
-0.5313754724409449
21
1.1465170866141732
0
LINE
8
BLACK
6
CONTINUOUS
10
-0.5313754724409449
20
1.1465170866141732
11
-0.5317730708661417
21
1.1492389763779527
0
LINE
8
BLACK
6
CONTINUOUS
10
-0.5317730708661417
20
1.1492389763779527
11
-0.5307129921259842
21
1.1516522440944881
0
LINE
8
BLACK
6
CONTINUOUS
10
-0.5307129921259842
20
1.1516522440944881
11
-0.5297698818897638
21
1.1528013779527559
0
LINE
8
BLACK
6
CONTINUOUS
10
-0.5297698818897638
20
1.1528013779527559
11
-0.5260774803149606
21
1.1597094881889765
0
LINE
8
BLACK
6
CONTINUOUS
10
-0.5260774803149606
20
1.1597094881889765
11
-0.5238037007874016
21
1.1672050787401576
0
LINE
8
BLACK
6
CONTINUOUS
10
-0.5238037007874016
20
1.1672050787401576
11
-0.5230359842519685
21
1.175
0
LINE
8
BLACK
6
CONTINUOUS
10
-0.5230359842519685
20
1.175
11
-0.5238037007874016
21
1.1827949606299213
0
LINE
8
BLACK
6
CONTINUOUS
10
-0.5238037007874016
20
1.1827949606299213
11
-0.5260775590551181
21
1.1902907874015747
0
LINE
8
BLACK
6
CONTINUOUS
10
-0.5260775590551181
20
1.1902907874015747
11
-0.5287612204724409
21
1.1953115748031495
0
LINE
8
BLACK
6
CONTINUOUS
10
-0.5287612204724409
20
1.1953115748031495
11
-0.5346370472440944
21
1.1894358267716536
0
LINE
8
BLACK
6
CONTINUOUS
10
-0.5346370472440944
20
1.1894358267716536
11
-0.5342604330708661
21
1.1888364566929133
0
LINE
8
BLACK
6
CONTINUOUS
10
-0.5342604330708661
20
1.1888364566929133
11
-0.5319018897637795
21
1.1820961417322835
0
LINE
8
BLACK
6
CONTINUOUS
10
-0.5319018897637795
20
1.1820961417322835
11
-0.5311023622047244
21
1.175
0
LINE
8
BLACK
6
CONTINUOUS
10
-0.5311023622047244
20
1.175
11
-0.5319018897637795
21
1.1679038582677166
0
LINE
8
BLACK
6
CONTINUOUS
10
-0.5319018897637795
20
1.1679038582677166
11
-0.5342604330708661
21
1.1611635433070866
0
LINE
8
BLACK
6
CONTINUOUS
10
-0.5342604330708661
20
1.1611635433070866
11
-0.5380596850393701
21
1.1551170472440944
0
LINE
8
BLACK
6
CONTINUOUS
10
-0.5380596850393701
20
1.1551170472440944
11
-0.5431091732283464
21
1.1500675590551181
0
LINE
8
BLACK
6
CONTINUOUS
10
-0.5431091732283464
20
1.1500675590551181
11
-0.5491556692913385
21
1.1462683070866142
0
LINE
8
BLACK
6
CONTINUOUS
10
-0.5491556692913385
20
1.1462683070866142
11
-0.5558959842519685
21
1.1439097637795275
0
LINE
8
BLACK
6
CONTINUOUS
10
-0.5558959842519685
20
1.1439097637795275
11
-0.562992125984252
21
1.1431102362204724
0
LINE
8
BLACK
6
CONTINUOUS
10
-0.562992125984252
20
1.1431102362204724
11
-0.5700882677165354
21
1.1439097637795275
0
LINE
8
BLACK
6
CONTINUOUS
10
-0.5700882677165354
20
1.1439097637795275
11
-0.5768285826771653
21
1.1462683070866142
0
LINE
8
BLACK
6
CONTINUOUS
10
-0.5768285826771653
20
1.1462683070866142
11
-0.5828750787401574
21
1.1500675590551181
0
LINE
8
BLACK
6
CONTINUOUS
10
-0.5828750787401574
20
1.1500675590551181
11
-0.5879245669291339
21
1.1551170472440944
0
LINE
8
BLACK
6
CONTINUOUS
10
-0.5879245669291339
20
1.1551170472440944
11
-0.5917238188976378
21
1.1611635433070866
0
LINE
8
BLACK
6
CONTINUOUS
10
-0.5917238188976378
20
1.1611635433070866
11
-0.5940823622047244
21
1.1679038582677166
0
LINE
8
BLACK
6
CONTINUOUS
10
-0.5940823622047244
20
1.1679038582677166
11
-0.5948818897637795
21
1.175
0
LINE
8
BLACK
6
CONTINUOUS
10
-0.5948818897637795
20
1.175
11
-0.5940823622047244
21
1.1820961417322835
0
LINE
8
BLACK
6
CONTINUOUS
10
-0.5940823622047244
20
1.1820961417322835
11
-0.5917238188976378
21
1.1888364566929133
0
LINE
8
BLACK
6
CONTINUOUS
10
-0.5917238188976378
20
1.1888364566929133
11
-0.5913472834645669
21
1.1894357480314961
0
LINE
8
BLACK
6
CONTINUOUS
10
-0.5913472834645669
20
1.1894357480314961
11
-0.5972230708661417
21
1.1953115354330708
0
LINE
8
BLACK
6
CONTINUOUS
10
-0.5972230708661417
20
1.1953115354330708
11
-0.5999068110236221
21
1.1902905511811024
0
LINE
8
BLACK
6
CONTINUOUS
10
-0.5999068110236221
20
1.1902905511811024
11
-0.6021805905511811
21
1.1827949606299213
0
LINE
8
BLACK
6
CONTINUOUS
10
-0.6021805905511811
20
1.1827949606299213
11
-0.6029483070866142
21
1.175
0
LINE
8
BLACK
6
CONTINUOUS
10
-0.6029483070866142
20
1.175
11
-0.6021805905511811
21
1.1672050787401576
0
LINE
8
BLACK
6
CONTINUOUS
10
-0.6021805905511811
20
1.1672050787401576
11
-0.5999068110236221
21
1.1597094881889765
0
LINE
8
BLACK
6
CONTINUOUS
10
-0.5999068110236221
20
1.1597094881889765
11
-0.5962144094488189
21
1.1528014173228347
0
LINE
8
BLACK
6
CONTINUOUS
10
-0.5962144094488189
20
1.1528014173228347
11
-0.5951379921259843
21
1.1514898031496064
0
LINE
8
BLACK
6
CONTINUOUS
10
-0.5951379921259843
20
1.1514898031496064
11
-0.5940626771653543
21
1.1489579133858268
0
LINE
8
BLACK
6
CONTINUOUS
10
-0.5940626771653543
20
1.1489579133858268
11
-0.5945268897637795
21
1.1462465748031496
0
LINE
8
BLACK
6
CONTINUOUS
10
-0.5945268897637795
20
1.1462465748031496
11
-0.5963832677165354
21
1.1442166535433071
0
LINE
8
BLACK
6
CONTINUOUS
10
-0.5963832677165354
20
1.1442166535433071
11
-0.5989007086614173
21
1.1435108661417324
0
LINE
8
BLACK
6
CONTINUOUS
10
-0.5989007086614173
20
1.1435108661417324
11
-0.6088521653543307
21
1.1434884251968505
0
LINE
8
BLACK
6
CONTINUOUS
10
-0.6088521653543307
20
1.1434884251968505
11
-0.6167996062992126
21
1.1434704724409448
0
LINE
8
BLACK
6
CONTINUOUS
10
-0.6167996062992126
20
1.1434704724409448
11
-0.6206593700787402
21
1.1430837007874015
0
LINE
8
BLACK
6
CONTINUOUS
10
-0.6206593700787402
20
1.1430837007874015
11
-0.6206595669291338
21
1.1430836614173228
0
LINE
8
BLACK
6
CONTINUOUS
10
-0.6206595669291338
20
1.1430836614173228
11
-0.6243882677165354
21
1.1423375984251969
0
LINE
8
BLACK
6
CONTINUOUS
10
-0.6243882677165354
20
1.1423375984251969
11
-0.6243888976377953
21
1.1423374409448819
0
LINE
8
BLACK
6
CONTINUOUS
10
-0.6243888976377953
20
1.1423374409448819
11
-0.6264304330708661
21
1.1418151181102363
0
LINE
8
BLACK
6
CONTINUOUS
10
-0.6264304330708661
20
1.1418151181102363
11
-0.6264306299212599
21
1.1418150393700788
0
LINE
8
BLACK
6
CONTINUOUS
10
-0.6264306299212599
20
1.1418150393700788
11
-0.6315401968503936
21
1.1393705118110236
0
LINE
8
BLACK
6
CONTINUOUS
10
-0.6315401968503936
20
1.1393705118110236
11
-0.6315405905511811
21
1.1393702755905513
0
LINE
8
BLACK
6
CONTINUOUS
10
-0.6315405905511811
20
1.1393702755905513
11
-0.6347209842519684
21
1.1372452362204724
0
LINE
8
BLACK
6
CONTINUOUS
10
-0.6347209842519684
20
1.1372452362204724
11
-0.6364263385826772
21
1.1359685826771653
0
LINE
8
BLACK
6
CONTINUOUS
10
-0.6364263385826772
20
1.1359685826771653
11
-0.6364264960629921
21
1.135968464566929
0
LINE
8
BLACK
6
CONTINUOUS
10
-0.6364264960629921
20
1.135968464566929
11
-0.6364265748031496
21
1.1359684251968503
0
LINE
8
BLACK
6
CONTINUOUS
10
-0.6364265748031496
20
1.1359684251968503
11
-0.6364266141732283
21
1.135968346456693
0
LINE
8
BLACK
6
CONTINUOUS
10
-0.6364266141732283
20
1.135968346456693
11
-0.6402116141732284
21
1.1317545669291338
0
LINE
8
BLACK
6
CONTINUOUS
10
-0.6402116141732284
20
1.1317545669291338
11
-0.640211811023622
21
1.1317543307086615
0
LINE
8
BLACK
6
CONTINUOUS
10
-0.640211811023622
20
1.1317543307086615
11
-0.6423367716535433
21
1.1285741338582678
0
LINE
8
BLACK
6
CONTINUOUS
10
-0.6423367716535433
20
1.1285741338582678
11
-0.6423368897637796
21
1.128573937007874
0
LINE
8
BLACK
6
CONTINUOUS
10
-0.6423368897637796
20
1.128573937007874
11
-0.6434237401574803
21
1.1267421653543306
0
LINE
8
BLACK
6
CONTINUOUS
10
-0.6434237401574803
20
1.1267421653543306
11
-0.643423779527559
21
1.1267420866141733
0
LINE
8
BLACK
6
CONTINUOUS
10
-0.643423779527559
20
1.1267420866141733
11
-0.6453084251968504
21
1.1213998818897637
0
LINE
8
BLACK
6
CONTINUOUS
10
-0.6453084251968504
20
1.1213998818897637
11
-0.6453084251968504
21
1.1213998425196849
0
LINE
8
BLACK
6
CONTINUOUS
10
-0.6453084251968504
20
1.1213998425196849
11
-0.6460546456692913
21
1.1176483858267716
0
LINE
8
BLACK
6
CONTINUOUS
10
-0.6460546456692913
20
1.1176483858267716
11
-0.6460546456692913
21
1.1176483464566929
0
LINE
8
BLACK
6
CONTINUOUS
10
-0.6460546456692913
20
1.1176483464566929
11
-0.6463616929133859
21
1.1145305511811023
0
LINE
8
BLACK
6
CONTINUOUS
10
-0.6463616929133859
20
1.1145305511811023
11
-0.6464299999999999
21
1.1138367322834646
0
LINE
8
BLACK
6
CONTINUOUS
10
-0.6464299999999999
20
1.1138367322834646
11
-0.6464370078740157
21
1.113765748031496
0
LINE
8
BLACK
6
CONTINUOUS
10
-0.6464370078740157
20
1.113765748031496
11
-0.6464370078740157
21
0.9043284251968504
0
LINE
8
BLACK
6
CONTINUOUS
10
-0.6464370078740157
20
0.9043284251968504
11
-0.6464366929133858
21
0.9042244094488189
0
LINE
8
BLACK
6
CONTINUOUS
10
-0.6464366929133858
20
0.9042244094488189
11
-0.6464359448818897
21
0.9040983070866142
0
LINE
8
BLACK
6
CONTINUOUS
10
-0.6464359448818897
20
0.9040983070866142
11
-0.6464359448818897
21
0.904097874015748
0
LINE
8
BLACK
6
CONTINUOUS
10
-0.6464359448818897
20
0.904097874015748
11
-0.6460053937007874
21
0.9000978346456693
0
LINE
8
BLACK
6
CONTINUOUS
10
-0.6460053937007874
20
0.9000978346456693
11
-0.6452138976377952
21
0.8963562204724409
0
LINE
8
BLACK
6
CONTINUOUS
10
-0.6452138976377952
20
0.8963562204724409
11
-0.644661968503937
21
0.8942982677165354
0
LINE
8
BLACK
6
CONTINUOUS
10
-0.644661968503937
20
0.8942982677165354
11
-0.6446619291338582
21
0.8942981889763779
0
LINE
8
BLACK
6
CONTINUOUS
10
-0.6446619291338582
20
0.8942981889763779
11
-0.6421555118110236
21
0.8892183464566928
0
LINE
8
BLACK
6
CONTINUOUS
10
-0.6421555118110236
20
0.8892183464566928
11
-0.6421554330708661
21
0.8892182677165354
0
LINE
8
BLACK
6
CONTINUOUS
10
-0.6421554330708661
20
0.8892182677165354
11
-0.6399929921259843
21
0.8860652362204724
0
LINE
8
BLACK
6
CONTINUOUS
10
-0.6399929921259843
20
0.8860652362204724
11
-0.6399916535433071
21
0.8860633858267717
0
LINE
8
BLACK
6
CONTINUOUS
10
-0.6399916535433071
20
0.8860633858267717
11
-0.6386946850393701
21
0.884373937007874
0
LINE
8
BLACK
6
CONTINUOUS
10
-0.6386946850393701
20
0.884373937007874
11
-0.6386946062992126
21
0.8843738582677165
0
LINE
8
BLACK
6
CONTINUOUS
10
-0.6386946062992126
20
0.8843738582677165
11
-0.6344349212598425
21
0.8806399212598425
0
LINE
8
BLACK
6
CONTINUOUS
10
-0.6344349212598425
20
0.8806399212598425
11
-0.6312290157480315
21
0.8785535826771653
0
LINE
8
BLACK
6
CONTINUOUS
10
-0.6312290157480315
20
0.8785535826771653
11
-0.6293838976377952
21
0.8774888582677165
0
LINE
8
BLACK
6
CONTINUOUS
10
-0.6293838976377952
20
0.8774888582677165
11
-0.6240195275590551
21
0.8756691732283465
0
LINE
8
BLACK
6
CONTINUOUS
10
-0.6240195275590551
20
0.8756691732283465
11
-0.620259251968504
21
0.8749684645669291
0
LINE
8
BLACK
6
CONTINUOUS
10
-0.620259251968504
20
0.8749684645669291
11
-0.6202587007874015
21
0.8749684251968504
0
LINE
8
BLACK
6
CONTINUOUS
10
-0.6202587007874015
20
0.8749684251968504
11
-0.6202585039370079
21
0.8749683858267716
0
LINE
8
BLACK
6
CONTINUOUS
10
-0.6202585039370079
20
0.8749683858267716
11
-0.6191580708661417
21
0.8748735039370078
0
LINE
8
BLACK
6
CONTINUOUS
10
-0.6191580708661417
20
0.8748735039370078
11
-0.6163722440944882
21
0.8746331496062992
0
LINE
8
BLACK
6
CONTINUOUS
10
-0.6163722440944882
20
0.8746331496062992
11
-0.5916993307086614
21
0.8749322440944882
0
LINE
8
BLACK
6
CONTINUOUS
10
-0.5916993307086614
20
0.8749322440944882
11
-0.5916993700787402
21
0.8749322834645669
0
LINE
8
BLACK
6
CONTINUOUS
10
-0.5916993700787402
20
0.8749322834645669
11
-0.5884591338582678
21
0.8749715354330708
0
LINE
8
BLACK
6
CONTINUOUS
10
-0.5884591338582678
20
0.8749715354330708
11
-0.5884590551181103
21
0.8749715748031496
0
LINE
8
BLACK
6
CONTINUOUS
10
-0.5884590551181103
20
0.8749715748031496
11
-0.5614830708661417
21
0.8752985039370078
0
LINE
8
BLACK
6
CONTINUOUS
10
-0.5614830708661417
20
0.8752985039370078
11
-0.5614238976377952
21
0.8752988188976377
0
LINE
8
BLACK
6
CONTINUOUS
10
-0.5614238976377952
20
0.8752988188976377
11
-0.168025
21
0.8752988188976377
0
LINE
8
BLACK
6
CONTINUOUS
10
-0.168025
20
0.8752988188976377
11
-0.1679658661417323
21
0.8752984645669292
0
LINE
8
BLACK
6
CONTINUOUS
10
-0.1679658661417323
20
0.8752984645669292
11
-0.1568218503937008
21
0.8751633858267717
0
LINE
8
BLACK
6
CONTINUOUS
10
-0.1568218503937008
20
0.8751633858267717
11
-0.1568218110236221
21
0.8751633858267717
0
LINE
8
BLACK
6
CONTINUOUS
10
-0.1568218110236221
20
0.8751633858267717
11
-0.1229387401574803
21
0.8747527165354331
0
LINE
8
BLACK
6
CONTINUOUS
10
-0.1229387401574803
20
0.8747527165354331
11
-0.1228162598425197
21
0.8747516141732283
0
LINE
8
BLACK
6
CONTINUOUS
10
-0.1228162598425197
20
0.8747516141732283
11
-0.1227568503937008
21
0.8747512598425197
0
LINE
8
BLACK
6
CONTINUOUS
10
-0.1227568503937008
20
0.8747512598425197
11
-0.1226975984251968
21
0.874750905511811
0
LINE
8
BLACK
6
CONTINUOUS
10
-0.1226975984251968
20
0.874750905511811
11
-0.1226975984251968
21
0.8747509448818898
0
LINE
8
BLACK
6
CONTINUOUS
10
-0.1226975984251968
20
0.8747509448818898
11
-0.1226974409448819
21
0.874750905511811
0
LINE
8
BLACK
6
CONTINUOUS
10
-0.1226974409448819
20
0.874750905511811
11
-0.1186961417322835
21
0.8751329527559055
0
LINE
8
BLACK
6
CONTINUOUS
10
-0.1186961417322835
20
0.8751329527559055
11
-0.1149446456692913
21
0.8758791732283464
0
LINE
8
BLACK
6
CONTINUOUS
10
-0.1149446456692913
20
0.8758791732283464
11
-0.1128805118110236
21
0.8764060236220472
0
LINE
8
BLACK
6
CONTINUOUS
10
-0.1128805118110236
20
0.8764060236220472
11
-0.1079533070866142
21
0.8787633464566929
0
LINE
8
BLACK
6
CONTINUOUS
10
-0.1079533070866142
20
0.8787633464566929
11
-0.105238031496063
21
0.8792033070866142
0
LINE
8
BLACK
6
CONTINUOUS
10
-0.105238031496063
20
0.8792033070866142
11
-0.1027158267716535
21
0.8781054330708661
0
LINE
8
BLACK
6
CONTINUOUS
10
-0.1027158267716535
20
0.8781054330708661
11
-0.1011875984251969
21
0.8758182283464566
0
LINE
8
BLACK
6
CONTINUOUS
10
-0.1011875984251969
20
0.8758182283464566
11
-0.1009645669291339
21
0.8743594881889764
0
LINE
8
BLACK
6
CONTINUOUS
10
-0.1009645669291339
20
0.8743594881889764
11
-0.1009645669291339
21
0.4288569291338583
0
LINE
8
BLACK
6
CONTINUOUS
10
-0.1009645669291339
20
0.4288569291338583
11
-0.1017395669291339
21
0.4262175984251969
0
LINE
8
BLACK
6
CONTINUOUS
10
-0.1017395669291339
20
0.4262175984251969
11
-0.1023944488188976
21
0.4254049212598425
0
LINE
8
BLACK
6
CONTINUOUS
10
-0.1023944488188976
20
0.4254049212598425
11
-0.1639481889763779
21
0.3638511417322834
0
LINE
8
BLACK
6
CONTINUOUS
10
-0.1639481889763779
20
0.3638511417322834
11
-0.1663624803149606
21
0.3625328346456693
0
LINE
8
BLACK
6
CONTINUOUS
10
-0.1663624803149606
20
0.3625328346456693
11
-0.1674001968503937
21
0.3624212598425197
0
LINE
8
BLACK
6
CONTINUOUS
10
-0.1674001968503937
20
0.3624212598425197
11
-0.1845042519685039
21
0.3624212598425197
0
LINE
8
BLACK
6
CONTINUOUS
10
-0.1845042519685039
20
0.3624212598425197
11
-0.1871435826771654
21
0.3631962598425197
0
LINE
8
BLACK
6
CONTINUOUS
10
-0.1871435826771654
20
0.3631962598425197
11
-0.1889449606299212
21
0.365275157480315
0
LINE
8
BLACK
6
CONTINUOUS
10
-0.1889449606299212
20
0.365275157480315
11
-0.1891121653543307
21
0.3656907086614173
0
LINE
8
BLACK
6
CONTINUOUS
10
-0.1891121653543307
20
0.3656907086614173
11
-0.1904572440944882
21
0.3695346062992126
0
LINE
8
BLACK
6
CONTINUOUS
10
-0.1904572440944882
20
0.3695346062992126
11
-0.1908939763779527
21
0.3707827559055118
0
LINE
8
BLACK
6
CONTINUOUS
10
-0.1908939763779527
20
0.3707827559055118
11
-0.1940688976377953
21
0.3750846456692913
0
LINE
8
BLACK
6
CONTINUOUS
10
-0.1940688976377953
20
0.3750846456692913
11
-0.1983707874015748
21
0.3782595669291339
0
LINE
8
BLACK
6
CONTINUOUS
10
-0.1983707874015748
20
0.3782595669291339
11
-0.1983708661417323
21
0.3782596062992126
0
LINE
8
BLACK
6
CONTINUOUS
10
-0.1983708661417323
20
0.3782596062992126
11
-0.2034173228346457
21
0.3800254724409449
0
LINE
8
BLACK
6
CONTINUOUS
10
-0.2034173228346457
20
0.3800254724409449
11
-0.2046153543307087
21
0.3801377952755906
0
LINE
8
BLACK
6
CONTINUOUS
10
-0.2046153543307087
20
0.3801377952755906
11
-0.2046155118110236
21
0.3801377952755906
0
LINE
8
BLACK
6
CONTINUOUS
10
-0.2046155118110236
20
0.3801377952755906
11
-0.2295577165354331
21
0.3801377952755906
0
LINE
8
BLACK
6
CONTINUOUS
10
-0.2295577165354331
20
0.3801377952755906
11
-0.229557874015748
21
0.3801377952755906
0
LINE
8
BLACK
6
CONTINUOUS
10
-0.229557874015748
20
0.3801377952755906
11
-0.230755905511811
21
0.3800254724409449
0
LINE
8
BLACK
6
CONTINUOUS
10
-0.230755905511811
20
0.3800254724409449
11
-0.2307559842519685
21
0.3800254724409449
0
LINE
8
BLACK
6
CONTINUOUS
10
-0.2307559842519685
20
0.3800254724409449
11
-0.2358024015748031
21
0.3782596062992126
0
LINE
8
BLACK
6
CONTINUOUS
10
-0.2358024015748031
20
0.3782596062992126
11
-0.2358024803149606
21
0.3782595669291339
0
LINE
8
BLACK
6
CONTINUOUS
10
-0.2358024803149606
20
0.3782595669291339
11
-0.2401043307086614
21
0.3750846456692913
0
LINE
8
BLACK
6
CONTINUOUS
10
-0.2401043307086614
20
0.3750846456692913
11
-0.2432792519685039
21
0.3707827952755905
0
LINE
8
BLACK
6
CONTINUOUS
10
-0.2432792519685039
20
0.3707827952755905
11
-0.2432792913385827
21
0.370782716535433
0
LINE
8
BLACK
6
CONTINUOUS
10
-0.2432792913385827
20
0.370782716535433
11
-0.245045157480315
21
0.3657362992125984
0
LINE
8
BLACK
6
CONTINUOUS
10
-0.245045157480315
20
0.3657362992125984
11
-0.245045157480315
21
0.3657362204724409
0
LINE
8
BLACK
6
CONTINUOUS
10
-0.245045157480315
20
0.3657362204724409
11
-0.2451574803149606
21
0.364538188976378
0
LINE
8
BLACK
6
CONTINUOUS
10
-0.2451574803149606
20
0.364538188976378
11
-0.2451574803149606
21
0.3248319291338583
0
LINE
8
BLACK
6
CONTINUOUS
10
-0.2451574803149606
20
0.3248319291338583
11
-0.245045157480315
21
0.3236338976377953
0
LINE
8
BLACK
6
CONTINUOUS
10
-0.245045157480315
20
0.3236338976377953
11
-0.245045157480315
21
0.3236338188976378
0
LINE
8
BLACK
6
CONTINUOUS
10
-0.245045157480315
20
0.3236338188976378
11
-0.2432792913385827
21
0.3185874015748031
0
LINE
8
BLACK
6
CONTINUOUS
10
-0.2432792913385827
20
0.3185874015748031
11
-0.2432792519685039
21
0.3185873228346456
0
LINE
8
BLACK
6
CONTINUOUS
10
-0.2432792519685039
20
0.3185873228346456
11
-0.2401043307086614
21
0.3142854330708661
0
LINE
8
BLACK
6
CONTINUOUS
10
-0.2401043307086614
20
0.3142854330708661
11
-0.2358024409448819
21
0.3111105118110236
0
LINE
8
BLACK
6
CONTINUOUS
10
-0.2358024409448819
20
0.3111105118110236
11
-0.2341202755905512
21
0.3105218897637795
0
LINE
8
BLACK
6
CONTINUOUS
10
-0.2341202755905512
20
0.3105218897637795
11
-0.2307559448818897
21
0.3093446456692913
0
LINE
8
BLACK
6
CONTINUOUS
10
-0.2307559448818897
20
0.3093446456692913
11
-0.229557874015748
21
0.3092322834645669
0
LINE
8
BLACK
6
CONTINUOUS
10
-0.229557874015748
20
0.3092322834645669
11
-0.2295577165354331
21
0.3092322834645669
0
LINE
8
BLACK
6
CONTINUOUS
10
-0.2295577165354331
20
0.3092322834645669
11
-0.2046153543307087
21
0.3092322834645669
0
LINE
8
BLACK
6
CONTINUOUS
10
-0.2046153543307087
20
0.3092322834645669
11
-0.2034173622047244
21
0.3093446456692913
0
LINE
8
BLACK
6
CONTINUOUS
10
-0.2034173622047244
20
0.3093446456692913
11
-0.2034172834645669
21
0.3093446456692913
0
LINE
8
BLACK
6
CONTINUOUS
10
-0.2034172834645669
20
0.3093446456692913
11
-0.200894094488189
21
0.3102275984251969
0
LINE
8
BLACK
6
CONTINUOUS
10
-0.200894094488189
20
0.3102275984251969
11
-0.1983707874015748
21
0.3111105118110236
0
LINE
8
BLACK
6
CONTINUOUS
10
-0.1983707874015748
20
0.3111105118110236
11
-0.1940688976377953
21
0.3142854330708661
0
LINE
8
BLACK
6
CONTINUOUS
10
-0.1940688976377953
20
0.3142854330708661
11
-0.1908939763779527
21
0.3185873228346456
0
LINE
8
BLACK
6
CONTINUOUS
10
-0.1908939763779527
20
0.3185873228346456
11
-0.1896801181102362
21
0.3220563385826772
0
LINE
8
BLACK
6
CONTINUOUS
10
-0.1896801181102362
20
0.3220563385826772
11
-0.1891121653543307
21
0.3236793700787401
0
LINE
8
BLACK
6
CONTINUOUS
10
-0.1891121653543307
20
0.3236793700787401
11
-0.187508937007874
21
0.3259146062992126
0
LINE
8
BLACK
6
CONTINUOUS
10
-0.187508937007874
20
0.3259146062992126
11
-0.1849517322834646
21
0.3269282677165354
0
LINE
8
BLACK
6
CONTINUOUS
10
-0.1849517322834646
20
0.3269282677165354
11
-0.1845042519685039
21
0.3269488188976378
0
LINE
8
BLACK
6
CONTINUOUS
10
-0.1845042519685039
20
0.3269488188976378
11
-0.1556965354330709
21
0.3269488188976378
0
LINE
8
BLACK
6
CONTINUOUS
10
-0.1556965354330709
20
0.3269488188976378
11
-0.1556964960629921
21
0.3269488188976378
0
LINE
8
BLACK
6
CONTINUOUS
10
-0.1556964960629921
20
0.3269488188976378
11
-0.1521388582677165
21
0.3279021259842519
0
LINE
8
BLACK
6
CONTINUOUS
10
-0.1521388582677165
20
0.3279021259842519
11
-0.1511855511811024
21
0.3281575196850394
0
LINE
8
BLACK
6
CONTINUOUS
10
-0.1511855511811024
20
0.3281575196850394
11
-0.1471411811023622
21
0.3304925590551181
0
LINE
8
BLACK
6
CONTINUOUS
10
-0.1471411811023622
20
0.3304925590551181
11
-0.0690358267716535
21
0.408597874015748
0
LINE
8
BLACK
6
CONTINUOUS
10
-0.0690358267716535
20
0.408597874015748
11
-0.0667008267716535
21
0.4126422440944882
0
LINE
8
BLACK
6
CONTINUOUS
10
-0.0667008267716535
20
0.4126422440944882
11
-0.0664454724409449
21
0.4135954724409449
0
LINE
8
BLACK
6
CONTINUOUS
10
-0.0664454724409449
20
0.4135954724409449
11
-0.0664454330708661
21
0.4135954724409449
0
LINE
8
BLACK
6
CONTINUOUS
10
-0.0664454330708661
20
0.4135954724409449
11
-0.0664454330708661
21
0.4135956299212598
0
LINE
8
BLACK
6
CONTINUOUS
10
-0.0664454330708661
20
0.4135956299212598
11
-0.065492125984252
21
0.4171531889763779
0
LINE
8
BLACK
6
CONTINUOUS
10
-0.065492125984252
20
0.4171531889763779
11
-0.065492125984252
21
1.6659176771653543
0
LINE
8
BLACK
6
CONTINUOUS
10
-0.065492125984252
20
1.6659176771653543
11
-0.0667008267716535
21
1.6704285826771652
0
LINE
8
BLACK
6
CONTINUOUS
10
-0.0667008267716535
20
1.6704285826771652
11
-0.066700905511811
21
1.6704287007874015
0
LINE
8
BLACK
6
CONTINUOUS
10
-0.066700905511811
20
1.6704287007874015
11
-0.066700905511811
21
1.670428779527559
0
LINE
8
BLACK
6
CONTINUOUS
10
-0.066700905511811
20
1.670428779527559
11
-0.0667009448818898
21
1.6704288188976377
0
LINE
8
BLACK
6
CONTINUOUS
10
-0.0667009448818898
20
1.6704288188976377
11
-0.0675576771653543
21
1.6719127165354331
0
LINE
8
BLACK
6
CONTINUOUS
10
-0.0675576771653543
20
1.6719127165354331
11
-0.0675577559055118
21
1.6719127952755906
0
LINE
8
BLACK
6
CONTINUOUS
10
-0.0675577559055118
20
1.6719127952755906
11
-0.0679763385826772
21
1.6726377952755904
0
LINE
8
BLACK
6
CONTINUOUS
10
-0.0679763385826772
20
1.6726377952755904
11
-0.0690358267716535
21
1.6744729527559055
0
LINE
8
BLACK
6
CONTINUOUS
10
-0.0690358267716535
20
1.6744729527559055
11
-0.0881581102362205
21
1.6935952362204725
0
LINE
8
BLACK
6
CONTINUOUS
10
-0.0881581102362205
20
1.6935952362204725
11
-0.0894764173228347
21
1.696009527559055
0
LINE
8
BLACK
6
CONTINUOUS
10
-0.0894764173228347
20
1.696009527559055
11
-0.0892801968503937
21
1.6987533070866141
0
LINE
8
BLACK
6
CONTINUOUS
10
-0.0892801968503937
20
1.6987533070866141
11
-0.0881582283464567
21
1.7004991732283463
0
LINE
8
BLACK
6
CONTINUOUS
10
-0.0881582283464567
20
1.7004991732283463
11
-0.0828153543307087
21
1.705841968503937
0
LINE
8
BLACK
6
CONTINUOUS
10
-0.0828153543307087
20
1.705841968503937
11
-0.0804803543307087
21
1.709886338582677
0
LINE
8
BLACK
6
CONTINUOUS
10
-0.0804803543307087
20
1.709886338582677
11
-0.0801177165354331
21
1.7112397244094488
0
LINE
8
BLACK
6
CONTINUOUS
10
-0.0801177165354331
20
1.7112397244094488
11
-0.0792716535433071
21
1.7143972834645669
0
LINE
8
BLACK
6
CONTINUOUS
10
-0.0792716535433071
20
1.7143972834645669
11
-0.0792716535433071
21
1.9678861811023622
0
LINE
8
BLACK
6
CONTINUOUS
10
-0.0792716535433071
20
1.9678861811023622
11
-0.0803505905511811
21
1.9719127559055118
0
LINE
8
BLACK
6
CONTINUOUS
10
-0.0803505905511811
20
1.9719127559055118
11
-0.0804803543307087
21
1.9723971259842519
0
LINE
8
BLACK
6
CONTINUOUS
10
-0.0804803543307087
20
1.9723971259842519
11
-0.0828153937007874
21
1.9764414960629921
0
LINE
8
BLACK
6
CONTINUOUS
10
-0.0828153937007874
20
1.9764414960629921
11
-0.135330157480315
21
2.0289562598425195
0
LINE
8
BLACK
6
CONTINUOUS
10
-0.135330157480315
20
2.0289562598425195
11
-0.1373523622047244
21
2.0301237795275591
0
LINE
8
BLACK
6
CONTINUOUS
10
-0.1373523622047244
20
2.0301237795275591
11
-0.1393744881889764
21
2.0312912992125982
0
LINE
8
BLACK
6
CONTINUOUS
10
-0.1393744881889764
20
2.0312912992125982
11
-0.1398511811023622
21
2.0314190157480314
0
LINE
8
BLACK
6
CONTINUOUS
10
-0.1398511811023622
20
2.0314190157480314
11
-0.1403278346456693
21
2.0315467322834646
0
LINE
8
BLACK
6
CONTINUOUS
10
-0.1403278346456693
20
2.0315467322834646
11
-0.1403279527559055
21
2.0315467716535434
0
LINE
8
BLACK
6
CONTINUOUS
10
-0.1403279527559055
20
2.0315467716535434
11
-0.143163031496063
21
2.0323064173228347
0
LINE
8
BLACK
6
CONTINUOUS
10
-0.143163031496063
20
2.0323064173228347
11
-0.1438854724409449
21
2.0324999999999998
0
LINE
8
BLACK
6
CONTINUOUS
10
-0.1438854724409449
20
2.0324999999999998
11
-0.1438855118110236
21
2.0324999999999998
0
LINE
8
BLACK
6
CONTINUOUS
10
-0.1438855118110236
20
2.0324999999999998
11
-0.1473462598425197
21
2.0324999999999998
0
LINE
8
BLACK
6
CONTINUOUS
10
-0.1473462598425197
20
2.0324999999999998
11
-0.5817336614173229
21
2.0324999999999998
0
LINE
8
BLACK
6
CONTINUOUS
10
-0.5817336614173229
20
2.0324999999999998
11
-0.5842142125984252
21
2.0332283858267717
0
LINE
8
BLACK
6
CONTINUOUS
10
-0.5842142125984252
20
2.0332283858267717
11
-0.5843729921259843
21
2.0332750000000002
0
LINE
8
BLACK
6
CONTINUOUS
10
-0.5843729921259843
20
2.0332750000000002
11
-0.5851856692913385
21
2.0339298818897635
0
LINE
8
BLACK
6
CONTINUOUS
10
-0.5851856692913385
20
2.0339298818897635
11
-0.5870038976377953
21
2.0357481102362205
0
LINE
8
BLACK
6
CONTINUOUS
10
-0.5870038976377953
20
2.0357481102362205
11
-0.6270543700787401
21
2.0757985826771654
0
LINE
8
BLACK
6
CONTINUOUS
10
-0.6270543700787401
20
2.0757985826771654
11
-0.6283726771653543
21
2.0782128740157479
0
LINE
8
BLACK
6
CONTINUOUS
10
-0.6283726771653543
20
2.0782128740157479
11
-0.6284842519685039
21
2.0792505905511809
0
LINE
8
BLACK
6
CONTINUOUS
10
-0.6284842519685039
20
2.0792505905511809
11
-0.6284842519685039
21
2.0887795275590553
0
LINE
8
BLACK
6
CONTINUOUS
10
-0.6284842519685039
20
2.0887795275590553
11
-0.6284842519685039
21
2.1554451574803148
0
LINE
8
BLACK
6
CONTINUOUS
10
-0.6284842519685039
20
2.1554451574803148
11
-0.6284842519685039
21
2.1554452362204723
0
LINE
8
BLACK
6
CONTINUOUS
10
-0.6284842519685039
20
2.1554452362204723
11
-0.6296929527559055
21
2.1599561417322835
0
LINE
8
BLACK
6
CONTINUOUS
10
-0.6296929527559055
20
2.1599561417322835
11
-0.6296929527559055
21
2.1599561811023622
0
LINE
8
BLACK
6
CONTINUOUS
10
-0.6296929527559055
20
2.1599561811023622
11
-0.6296929527559055
21
2.159956220472441
0
LINE
8
BLACK
6
CONTINUOUS
10
-0.6296929527559055
20
2.159956220472441
11
-0.632027874015748
21
2.164000433070866
0
LINE
8
BLACK
6
CONTINUOUS
10
-0.632027874015748
20
2.164000433070866
11
-0.632028031496063
21
2.1640006299212597
0
LINE
8
BLACK
6
CONTINUOUS
10
-0.632028031496063
20
2.1640006299212597
11
-0.6329797637795276
21
2.1649523622047244
0
LINE
8
BLACK
6
CONTINUOUS
10
-0.6329797637795276
20
2.1649523622047244
11
-0.6663142125984252
21
2.198286811023622
0
LINE
8
BLACK
6
CONTINUOUS
10
-0.6663142125984252
20
2.198286811023622
11
-0.6676325196850393
21
2.2007011023622045
0
LINE
8
BLACK
6
CONTINUOUS
10
-0.6676325196850393
20
2.2007011023622045
11
-0.6677440944881889
21
2.2017388188976379
0
LINE
8
BLACK
6
CONTINUOUS
10
-0.6677440944881889
20
2.2017388188976379
11
-0.6677440944881889
21
2.558619094488189
0
LINE
8
BLACK
6
CONTINUOUS
10
-0.6677440944881889
20
2.558619094488189
11
-0.6677440944881889
21
2.5586191732283465
0
LINE
8
BLACK
6
CONTINUOUS
10
-0.6677440944881889
20
2.5586191732283465
11
-0.6682723622047244
21
2.5605907086614175
0
LINE
8
BLACK
6
CONTINUOUS
10
-0.6682723622047244
20
2.5605907086614175
11
-0.6686157874015748
21
2.5618724803149604
0
LINE
8
BLACK
6
CONTINUOUS
10
-0.6686157874015748
20
2.5618724803149604
11
-0.6688185826771653
21
2.5626294094488187
0
LINE
8
BLACK
6
CONTINUOUS
10
-0.6688185826771653
20
2.5626294094488187
11
-0.6702895669291339
21
2.5651771653543305
0
LINE
8
BLACK
6
CONTINUOUS
10
-0.6702895669291339
20
2.5651771653543305
11
-0.6702896062992126
21
2.5651772047244092
0
LINE
8
BLACK
6
CONTINUOUS
10
-0.6702896062992126
20
2.5651772047244092
11
-0.6708944881889763
21
2.5662249212598423
0
LINE
8
BLACK
6
CONTINUOUS
10
-0.6708944881889763
20
2.5662249212598423
11
-0.6738301968503937
21
2.5691606299212597
0
LINE
8
BLACK
6
CONTINUOUS
10
-0.6738301968503937
20
2.5691606299212597
11
-0.6738302362204724
21
2.5691606692913385
0
LINE
8
BLACK
6
CONTINUOUS
10
-0.6738302362204724
20
2.5691606692913385
11
-0.6740007086614173
21
2.5693311417322833
0
LINE
8
BLACK
6
CONTINUOUS
10
-0.6740007086614173
20
2.5693311417322833
11
-0.6740011417322834
21
2.5693315354330708
0
LINE
8
BLACK
6
CONTINUOUS
10
-0.6740011417322834
20
2.5693315354330708
11
-0.7255545275590551
21
2.6208849606299212
0
LINE
8
BLACK
6
CONTINUOUS
10
-0.7255545275590551
20
2.6208849606299212
11
-0.7255545669291339
21
2.6208849999999999
0
LINE
8
BLACK
6
CONTINUOUS
10
-0.7255545669291339
20
2.6208849999999999
11
-0.7255546062992125
21
2.6208850393700787
0
LINE
8
BLACK
6
CONTINUOUS
10
-0.7255546062992125
20
2.6208850393700787
11
-0.7273523622047244
21
2.6219229921259841
0
LINE
8
BLACK
6
CONTINUOUS
10
-0.7273523622047244
20
2.6219229921259841
11
-0.7291500393700787
21
2.6229609055118108
0
LINE
8
BLACK
6
CONTINUOUS
10
-0.7291500393700787
20
2.6229609055118108
11
-0.7311552362204724
21
2.6234981889763778
0
LINE
8
BLACK
6
CONTINUOUS
10
-0.7311552362204724
20
2.6234981889763778
11
-0.7331603543307087
21
2.624035433070866
0
LINE
8
BLACK
6
CONTINUOUS
10
-0.7331603543307087
20
2.624035433070866
11
-0.8386900393700787
21
2.624035433070866
0
LINE
8
BLACK
6
CONTINUOUS
10
-0.8386900393700787
20
2.624035433070866
11
-0.8427002755905512
21
2.6229609055118108
0
LINE
8
BLACK
6
CONTINUOUS
10
-0.8427002755905512
20
2.6229609055118108
11
-0.8427003937007874
21
2.6229608661417321
0
LINE
8
BLACK
6
CONTINUOUS
10
-0.8427003937007874
20
2.6229608661417321
11
-0.8462958661417322
21
2.6208849999999999
0
LINE
8
BLACK
6
CONTINUOUS
10
-0.8462958661417322
20
2.6208849999999999
11
-0.8714361417322835
21
2.5957447244094487
0
LINE
8
BLACK
6
CONTINUOUS
10
-0.8714361417322835
20
2.5957447244094487
11
-0.8714362992125984
21
2.5957444881889762
0
LINE
8
BLACK
6
CONTINUOUS
10
-0.8714362992125984
20
2.5957444881889762
11
-0.873512125984252
21
2.5921491338582676
0
LINE
8
BLACK
6
CONTINUOUS
10
-0.873512125984252
20
2.5921491338582676
11
-0.8735120866141732
21
2.5921490944881889
0
LINE
8
BLACK
6
CONTINUOUS
10
-0.8735120866141732
20
2.5921490944881889
11
-0.8745866141732284
21
2.5881388582677163
0
LINE
8
BLACK
6
CONTINUOUS
10
-0.8745866141732284
20
2.5881388582677163
11
-0.8745866141732284
21
2.5801185039370078
0
LINE
8
BLACK
6
CONTINUOUS
10
-0.8745866141732284
20
2.5801185039370078
11
-0.8753616141732283
21
2.5774791732283462
0
LINE
8
BLACK
6
CONTINUOUS
10
-0.8753616141732283
20
2.5774791732283462
11
-0.8762714566929134
21
2.5764290944881889
0
LINE
8
BLACK
6
CONTINUOUS
10
-0.8762714566929134
20
2.5764290944881889
11
-0.8774058267716536
21
2.5754461417322836
0
LINE
8
BLACK
6
CONTINUOUS
10
-0.8774058267716536
20
2.5754461417322836
11
-0.8811122440944882
21
2.5711687007874016
0
LINE
8
BLACK
6
CONTINUOUS
10
-0.8811122440944882
20
2.5711687007874016
11
-0.8811126771653544
21
2.5711680708661415
0
LINE
8
BLACK
6
CONTINUOUS
10
-0.8811126771653544
20
2.5711680708661415
11
-0.8823574409448819
21
2.569231220472441
0
LINE
8
BLACK
6
CONTINUOUS
10
-0.8823574409448819
20
2.569231220472441
11
-0.8823577952755906
21
2.569230590551181
0
LINE
8
BLACK
6
CONTINUOUS
10
-0.8823577952755906
20
2.569230590551181
11
-0.884708937007874
21
2.5640822834645669
0
LINE
8
BLACK
6
CONTINUOUS
10
-0.884708937007874
20
2.5640822834645669
11
-0.8853577952755906
21
2.5618725196850392
0
LINE
8
BLACK
6
CONTINUOUS
10
-0.8853577952755906
20
2.5618725196850392
11
-0.8853578740157481
21
2.5618723228346458
0
LINE
8
BLACK
6
CONTINUOUS
10
-0.8853578740157481
20
2.5618723228346458
11
-0.8861633858267717
21
2.556269527559055
0
LINE
8
BLACK
6
CONTINUOUS
10
-0.8861633858267717
20
2.556269527559055
11
-0.8861633858267717
21
2.5539667716535432
0
LINE
8
BLACK
6
CONTINUOUS
10
-0.8861633858267717
20
2.5539667716535432
11
-0.8860929921259842
21
2.5534771653543307
0
LINE
8
BLACK
6
CONTINUOUS
10
-0.8860929921259842
20
2.5534771653543307
11
-0.8860433070866142
21
2.5527824015748033
0
LINE
8
BLACK
6
CONTINUOUS
10
-0.8860433070866142
20
2.5527824015748033
11
-0.8860433070866142
21
2.5377687795275592
0
LINE
8
BLACK
6
CONTINUOUS
10
-0.8860433070866142
20
2.5377687795275592
11
-0.8860929921259842
21
2.5370740551181101
0
LINE
8
BLACK
6
CONTINUOUS
10
-0.8860929921259842
20
2.5370740551181101
11
-0.8861633858267717
21
2.5365845275590551
0
LINE
8
BLACK
6
CONTINUOUS
10
-0.8861633858267717
20
2.5365845275590551
11
-0.8861633858267717
21
2.5342816929133858
0
LINE
8
BLACK
6
CONTINUOUS
10
-0.8861633858267717
20
2.5342816929133858
11
-0.8853578740157481
21
2.5286788976377954
0
LINE
8
BLACK
6
CONTINUOUS
10
-0.8853578740157481
20
2.5286788976377954
11
-0.8853577952755906
21
2.5286787007874016
0
LINE
8
BLACK
6
CONTINUOUS
10
-0.8853577952755906
20
2.5286787007874016
11
-0.884708937007874
21
2.5264689370078739
0
LINE
8
BLACK
6
CONTINUOUS
10
-0.884708937007874
20
2.5264689370078739
11
-0.8823577952755906
21
2.5213206299212598
0
LINE
8
BLACK
6
CONTINUOUS
10
-0.8823577952755906
20
2.5213206299212598
11
-0.8823574409448819
21
2.5213199999999998
0
LINE
8
BLACK
6
CONTINUOUS
10
-0.8823574409448819
20
2.5213199999999998
11
-0.8811126771653544
21
2.5193831496062993
0
LINE
8
BLACK
6
CONTINUOUS
10
-0.8811126771653544
20
2.5193831496062993
11
-0.8811122440944882
21
2.5193825196850392
0
LINE
8
BLACK
6
CONTINUOUS
10
-0.8811122440944882
20
2.5193825196850392
11
-0.8782705118110236
21
2.5161030314960628
0
LINE
8
BLACK
6
CONTINUOUS
10
-0.8782705118110236
20
2.5161030314960628
11
-0.8774057086614173
21
2.5151049606299214
0
LINE
8
BLACK
6
CONTINUOUS
10
-0.8774057086614173
20
2.5151049606299214
11
-0.8756653543307087
21
2.513596929133858
0
LINE
8
BLACK
6
CONTINUOUS
10
-0.8756653543307087
20
2.513596929133858
11
-0.8756653149606299
21
2.5135968897637793
0
LINE
8
BLACK
6
CONTINUOUS
10
-0.8756653149606299
20
2.5135968897637793
11
-0.8709035826771654
21
2.5105366929133859
0
LINE
8
BLACK
6
CONTINUOUS
10
-0.8709035826771654
20
2.5105366929133859
11
-0.8709035039370079
21
2.5105366929133859
0
LINE
8
BLACK
6
CONTINUOUS
10
-0.8709035039370079
20
2.5105366929133859
11
-0.8709033464566929
21
2.5105365748031496
0
LINE
8
BLACK
6
CONTINUOUS
10
-0.8709033464566929
20
2.5105365748031496
11
-0.8688086614173228
21
2.5095799606299214
0
LINE
8
BLACK
6
CONTINUOUS
10
-0.8688086614173228
20
2.5095799606299214
11
-0.8633773622047244
21
2.5079851968503935
0
LINE
8
BLACK
6
CONTINUOUS
10
-0.8633773622047244
20
2.5079851968503935
11
-0.8610979921259843
21
2.5076574803149607
0
LINE
8
BLACK
6
CONTINUOUS
10
-0.8610979921259843
20
2.5076574803149607
11
-0.861097874015748
21
2.5076574803149607
0
LINE
8
BLACK
6
CONTINUOUS
10
-0.861097874015748
20
2.5076574803149607
11
-0.8366140551181103
21
2.5076574803149607
0
LINE
8
BLACK
6
CONTINUOUS
10
-0.8366140551181103
20
2.5076574803149607
11
-0.8366140551181103
21
2.5076575196850395
0
LINE
8
BLACK
6
CONTINUOUS
10
-0.8366140551181103
20
2.5076575196850395
11
-0.8348138582677165
21
2.50786031496063
0
LINE
8
BLACK
6
CONTINUOUS
10
-0.8348138582677165
20
2.50786031496063
11
-0.8339829921259843
21
2.508260472440945
0
LINE
8
BLACK
6
CONTINUOUS
10
-0.8339829921259843
20
2.508260472440945
11
-0.8312688976377952
21
2.5087074803149605
0
LINE
8
BLACK
6
CONTINUOUS
10
-0.8312688976377952
20
2.5087074803149605
11
-0.8299963779527559
21
2.508372283464567
0
LINE
8
BLACK
6
CONTINUOUS
10
-0.8299963779527559
20
2.508372283464567
11
-0.8294072440944882
21
2.5081282283464565
0
LINE
8
BLACK
6
CONTINUOUS
10
-0.8294072440944882
20
2.5081282283464565
11
-0.8294582677165354
21
2.5080051574803148
0
LINE
8
BLACK
6
CONTINUOUS
10
-0.8294582677165354
20
2.5080051574803148
11
-0.8277269291338583
21
2.507099409448819
0
LINE
8
BLACK
6
CONTINUOUS
10
-0.8277269291338583
20
2.507099409448819
11
-0.8263658267716535
21
2.5047089370078739
0
LINE
8
BLACK
6
CONTINUOUS
10
-0.8263658267716535
20
2.5047089370078739
11
-0.8265131889763779
21
2.5019621259842517
0
LINE
8
BLACK
6
CONTINUOUS
10
-0.8265131889763779
20
2.5019621259842517
11
-0.8276648818897637
21
2.5001344488188977
0
LINE
8
BLACK
6
CONTINUOUS
10
-0.8276648818897637
20
2.5001344488188977
11
-0.8312711023622047
21
2.4965282677165352
0
LINE
8
BLACK
6
CONTINUOUS
10
-0.8312711023622047
20
2.4965282677165352
11
-0.8336852755905512
21
2.4952100000000002
0
LINE
8
BLACK
6
CONTINUOUS
10
-0.8336852755905512
20
2.4952100000000002
11
-0.834723031496063
21
2.4950984251968502
0
LINE
8
BLACK
6
CONTINUOUS
10
-0.834723031496063
20
2.4950984251968502
11
-0.8946184645669291
21
2.4950984251968502
0
LINE
8
BLACK
6
CONTINUOUS
10
-0.8946184645669291
20
2.4950984251968502
11
-0.8981761811023622
21
2.4941451574803151
0
LINE
8
BLACK
6
CONTINUOUS
10
-0.8981761811023622
20
2.4941451574803151
11
-0.8981762204724409
21
2.4941451968503938
0
LINE
8
BLACK
6
CONTINUOUS
10
-0.8981762204724409
20
2.4941451968503938
11
-0.8991293307086614
21
2.4938897637795274
0
LINE
8
BLACK
6
CONTINUOUS
10
-0.8991293307086614
20
2.4938897637795274
11
-0.8991296850393701
21
2.4938896062992124
0
LINE
8
BLACK
6
CONTINUOUS
10
-0.8991296850393701
20
2.4938896062992124
11
-0.9031735433070865
21
2.4915549212598425
0
LINE
8
BLACK
6
CONTINUOUS
10
-0.9031735433070865
20
2.4915549212598425
11
-0.9031738582677166
21
2.4915546850393699
0
LINE
8
BLACK
6
CONTINUOUS
10
-0.9031738582677166
20
2.4915546850393699
11
-0.9600585433070866
21
2.4346699606299214
0
LINE
8
BLACK
6
CONTINUOUS
10
-0.9600585433070866
20
2.4346699606299214
11
-0.9600587007874015
21
2.4346697244094488
0
LINE
8
BLACK
6
CONTINUOUS
10
-0.9600587007874015
20
2.4346697244094488
11
-0.9623936614173229
21
2.4306255118110234
0
LINE
8
BLACK
6
CONTINUOUS
10
-0.9623936614173229
20
2.4306255118110234
11
-0.9623937007874016
21
2.4306253149606301
0
LINE
8
BLACK
6
CONTINUOUS
10
-0.9623937007874016
20
2.4306253149606301
11
-0.9636023622047244
21
2.4261145275590552
0
LINE
8
BLACK
6
CONTINUOUS
10
-0.9636023622047244
20
2.4261145275590552
11
-0.9636023622047244
21
1.2161689763779526
0
LINE
8
BLACK
6
CONTINUOUS
10
-0.4080314960629921
20
0.4450295275590551
11
-0.408761968503937
21
0.441357125984252
0
LINE
8
BLACK
6
CONTINUOUS
10
-0.408761968503937
20
0.441357125984252
11
-0.4108422440944882
21
0.4382438188976378
0
LINE
8
BLACK
6
CONTINUOUS
10
-0.4108422440944882
20
0.4382438188976378
11
-0.4139555511811023
21
0.4361635433070866
0
LINE
8
BLACK
6
CONTINUOUS
10
-0.4139555511811023
20
0.4361635433070866
11
-0.4173818897637795
21
0.4354820472440945
0
LINE
8
BLACK
6
CONTINUOUS
10
-0.4173818897637795
20
0.4354820472440945
11
-0.4173818897637795
21
0.4236220472440945
0
LINE
8
BLACK
6
CONTINUOUS
10
-0.4173818897637795
20
0.4236220472440945
11
-0.4159520472440945
21
0.4236220472440945
0
LINE
8
BLACK
6
CONTINUOUS
10
-0.4159520472440945
20
0.4236220472440945
11
-0.4125118897637795
21
0.4240351968503937
0
LINE
8
BLACK
6
CONTINUOUS
10
-0.4125118897637795
20
0.4240351968503937
11
-0.4125118503937008
21
0.4240351968503937
0
LINE
8
BLACK
6
CONTINUOUS
10
-0.4125118503937008
20
0.4240351968503937
11
-0.4070372047244095
21
0.4261941338582677
0
LINE
8
BLACK
6
CONTINUOUS
10
-0.4070372047244095
20
0.4261941338582677
11
-0.4023482677165354
21
0.429749842519685
0
LINE
8
BLACK
6
CONTINUOUS
10
-0.4023482677165354
20
0.429749842519685
11
-0.3987925590551181
21
0.434438779527559
0
LINE
8
BLACK
6
CONTINUOUS
10
-0.3987925590551181
20
0.434438779527559
11
-0.3966336220472441
21
0.4399134251968504
0
LINE
8
BLACK
6
CONTINUOUS
10
-0.3966336220472441
20
0.4399134251968504
11
-0.3966336220472441
21
0.4399134645669291
0
LINE
8
BLACK
6
CONTINUOUS
10
-0.3966336220472441
20
0.4399134645669291
11
-0.3962204724409449
21
0.4433536220472441
0
LINE
8
BLACK
6
CONTINUOUS
10
-0.3962204724409449
20
0.4433536220472441
11
-0.3962204724409449
21
0.4531496062992126
0
LINE
8
BLACK
6
CONTINUOUS
10
-0.3962204724409449
20
0.4531496062992126
11
-0.4080314960629921
21
0.4531496062992126
0
LINE
8
BLACK
6
CONTINUOUS
10
-0.4080314960629921
20
0.4531496062992126
11
-0.4080314960629921
21
0.4450295275590551
0
LINE
8
BLACK
6
CONTINUOUS
10
-0.4582283464566929
20
0.4433536220472441
11
-0.4578152362204724
21
0.4399134645669291
0
LINE
8
BLACK
6
CONTINUOUS
10
-0.4578152362204724
20
0.4399134645669291
11
-0.4578152362204724
21
0.4399134251968504
0
LINE
8
BLACK
6
CONTINUOUS
10
-0.4578152362204724
20
0.4399134251968504
11
-0.4556562992125984
21
0.434438779527559
0
LINE
8
BLACK
6
CONTINUOUS
10
-0.4556562992125984
20
0.434438779527559
11
-0.4521005905511811
21
0.429749842519685
0
LINE
8
BLACK
6
CONTINUOUS
10
-0.4521005905511811
20
0.429749842519685
11
-0.4474116535433071
21
0.4261941338582677
0
LINE
8
BLACK
6
CONTINUOUS
10
-0.4474116535433071
20
0.4261941338582677
11
-0.441936968503937
21
0.4240351968503937
0
LINE
8
BLACK
6
CONTINUOUS
10
-0.441936968503937
20
0.4240351968503937
11
-0.4384967716535433
21
0.4236220472440945
0
LINE
8
BLACK
6
CONTINUOUS
10
-0.4384967716535433
20
0.4236220472440945
11
-0.4370669291338583
21
0.4236220472440945
0
LINE
8
BLACK
6
CONTINUOUS
10
-0.4370669291338583
20
0.4236220472440945
11
-0.4370669291338583
21
0.4354820472440945
0
LINE
8
BLACK
6
CONTINUOUS
10
-0.4370669291338583
20
0.4354820472440945
11
-0.4404932677165354
21
0.4361635433070866
0
LINE
8
BLACK
6
CONTINUOUS
10
-0.4404932677165354
20
0.4361635433070866
11
-0.4436065748031496
21
0.4382438188976378
0
LINE
8
BLACK
6
CONTINUOUS
10
-0.4436065748031496
20
0.4382438188976378
11
-0.4456868503937008
21
0.441357125984252
0
LINE
8
BLACK
6
CONTINUOUS
10
-0.4456868503937008
20
0.441357125984252
11
-0.4464173228346456
21
0.4450295275590551
0
LINE
8
BLACK
6
CONTINUOUS
10
-0.4464173228346456
20
0.4450295275590551
11
-0.4464173228346456
21
0.4531496062992126
0
LINE
8
BLACK
6
CONTINUOUS
10
-0.4464173228346456
20
0.4531496062992126
11
-0.4582283464566929
21
0.4531496062992126
0
LINE
8
BLACK
6
CONTINUOUS
10
-0.4582283464566929
20
0.4531496062992126
11
-0.4582283464566929
21
0.4433536220472441
0
LINE
8
BLACK
6
CONTINUOUS
10
-0.4173818897637795
20
0.4905022440944882
11
-0.4139555511811023
21
0.4898207086614173
0
LINE
8
BLACK
6
CONTINUOUS
10
-0.4139555511811023
20
0.4898207086614173
11
-0.4108422440944882
21
0.4877404330708661
0
LINE
8
BLACK
6
CONTINUOUS
10
-0.4108422440944882
20
0.4877404330708661
11
-0.408761968503937
21
0.4846271259842519
0
LINE
8
BLACK
6
CONTINUOUS
10
-0.408761968503937
20
0.4846271259842519
11
-0.4080314960629921
21
0.4809547244094488
0
LINE
8
BLACK
6
CONTINUOUS
10
-0.4080314960629921
20
0.4809547244094488
11
-0.4080314960629921
21
0.4728346456692913
0
LINE
8
BLACK
6
CONTINUOUS
10
-0.4080314960629921
20
0.4728346456692913
11
-0.3962204724409449
21
0.4728346456692913
0
LINE
8
BLACK
6
CONTINUOUS
10
-0.3962204724409449
20
0.4728346456692913
11
-0.3962204724409449
21
0.4826306692913386
0
LINE
8
BLACK
6
CONTINUOUS
10
-0.3962204724409449
20
0.4826306692913386
11
-0.3962722440944882
21
0.4830617716535433
0
LINE
8
BLACK
6
CONTINUOUS
10
-0.3962722440944882
20
0.4830617716535433
11
-0.3966336220472441
21
0.4860708267716535
0
LINE
8
BLACK
6
CONTINUOUS
10
-0.3966336220472441
20
0.4860708267716535
11
-0.3966336220472441
21
0.4860708661417323
0
LINE
8
BLACK
6
CONTINUOUS
10
-0.3966336220472441
20
0.4860708661417323
11
-0.3987925590551181
21
0.4915455118110236
0
LINE
8
BLACK
6
CONTINUOUS
10
-0.3987925590551181
20
0.4915455118110236
11
-0.4023482677165354
21
0.4962344488188976
0
LINE
8
BLACK
6
CONTINUOUS
10
-0.4023482677165354
20
0.4962344488188976
11
-0.4070372047244095
21
0.499790157480315
0
LINE
8
BLACK
6
CONTINUOUS
10
-0.4070372047244095
20
0.499790157480315
11
-0.4125118897637795
21
0.5019490944881889
0
LINE
8
BLACK
6
CONTINUOUS
10
-0.4125118897637795
20
0.5019490944881889
11
-0.4159520472440945
21
0.5023622047244094
0
LINE
8
BLACK
6
CONTINUOUS
10
-0.4159520472440945
20
0.5023622047244094
11
-0.4173818897637795
21
0.5023622047244094
0
LINE
8
BLACK
6
CONTINUOUS
10
-0.4173818897637795
20
0.5023622047244094
11
-0.4173818897637795
21
0.4905022440944882
0
LINE
8
BLACK
6
CONTINUOUS
10
-0.380492125984252
20
0.4429225196850394
11
-0.3803813779527559
21
0.4417413779527559
0
LINE
8
BLACK
6
CONTINUOUS
10
-0.3803813779527559
20
0.4417413779527559
11
-0.3803812992125984
21
0.441740905511811
0
LINE
8
BLACK
6
CONTINUOUS
10
-0.3803812992125984
20
0.441740905511811
11
-0.37864
21
0.4367646456692914
0
LINE
8
BLACK
6
CONTINUOUS
10
-0.37864
20
0.4367646456692914
11
-0.3786399606299212
21
0.4367645669291338
0
LINE
8
BLACK
6
CONTINUOUS
10
-0.3786399606299212
20
0.4367645669291338
11
-0.375509094488189
21
0.4325224409448819
0
LINE
8
BLACK
6
CONTINUOUS
10
-0.375509094488189
20
0.4325224409448819
11
-0.371266968503937
21
0.4293915748031496
0
LINE
8
BLACK
6
CONTINUOUS
10
-0.371266968503937
20
0.4293915748031496
11
-0.3712668897637795
21
0.4293915354330708
0
LINE
8
BLACK
6
CONTINUOUS
10
-0.3712668897637795
20
0.4293915354330708
11
-0.3662906299212598
21
0.4276502362204724
0
LINE
8
BLACK
6
CONTINUOUS
10
-0.3662906299212598
20
0.4276502362204724
11
-0.3662904724409449
21
0.4276502362204724
0
LINE
8
BLACK
6
CONTINUOUS
10
-0.3662904724409449
20
0.4276502362204724
11
-0.3662903149606299
21
0.4276501574803149
0
LINE
8
BLACK
6
CONTINUOUS
10
-0.3662903149606299
20
0.4276501574803149
11
-0.3656995669291339
21
0.4275947637795275
0
LINE
8
BLACK
6
CONTINUOUS
10
-0.3656995669291339
20
0.4275947637795275
11
-0.3651089763779528
21
0.4275393700787402
0
LINE
8
BLACK
6
CONTINUOUS
10
-0.3651089763779528
20
0.4275393700787402
11
-0.3651088188976378
21
0.4275393700787402
0
LINE
8
BLACK
6
CONTINUOUS
10
-0.3651088188976378
20
0.4275393700787402
11
-0.3417020472440945
21
0.4275393700787402
0
LINE
8
BLACK
6
CONTINUOUS
10
-0.3417020472440945
20
0.4275393700787402
11
-0.341177125984252
21
0.4275886220472441
0
LINE
8
BLACK
6
CONTINUOUS
10
-0.341177125984252
20
0.4275886220472441
11
-0.3405207086614173
21
0.4276501574803149
0
LINE
8
BLACK
6
CONTINUOUS
10
-0.3405207086614173
20
0.4276501574803149
11
-0.3405205511811024
21
0.4276502362204724
0
LINE
8
BLACK
6
CONTINUOUS
10
-0.3405205511811024
20
0.4276502362204724
11
-0.3405204330708662
21
0.4276502362204724
0
LINE
8
BLACK
6
CONTINUOUS
10
-0.3405204330708662
20
0.4276502362204724
11
-0.337071968503937
21
0.4288569291338583
0
LINE
8
BLACK
6
CONTINUOUS
10
-0.337071968503937
20
0.4288569291338583
11
-0.3355441338582677
21
0.4293915354330708
0
LINE
8
BLACK
6
CONTINUOUS
10
-0.3355441338582677
20
0.4293915354330708
11
-0.331301968503937
21
0.4325224409448819
0
LINE
8
BLACK
6
CONTINUOUS
10
-0.331301968503937
20
0.4325224409448819
11
-0.328171062992126
21
0.4367646062992126
0
LINE
8
BLACK
6
CONTINUOUS
10
-0.328171062992126
20
0.4367646062992126
11
-0.3264296850393701
21
0.4417411811023622
0
LINE
8
BLACK
6
CONTINUOUS
10
-0.3264296850393701
20
0.4417411811023622
11
-0.3263555511811024
21
0.4425318503937008
0
LINE
8
BLACK
6
CONTINUOUS
10
-0.3263555511811024
20
0.4425318503937008
11
-0.3253375984251968
21
0.4450872047244094
0
LINE
8
BLACK
6
CONTINUOUS
10
-0.3253375984251968
20
0.4450872047244094
11
-0.3230996456692913
21
0.4466866535433071
0
LINE
8
BLACK
6
CONTINUOUS
10
-0.3230996456692913
20
0.4466866535433071
11
-0.3203522047244095
21
0.4468222834645669
0
LINE
8
BLACK
6
CONTINUOUS
10
-0.3203522047244095
20
0.4468222834645669
11
-0.3179675984251968
21
0.4454509842519685
0
LINE
8
BLACK
6
CONTINUOUS
10
-0.3179675984251968
20
0.4454509842519685
11
-0.3168870866141732
21
0.4436884645669291
0
LINE
8
BLACK
6
CONTINUOUS
10
-0.3168870866141732
20
0.4436884645669291
11
-0.3152427952755906
21
0.4389894488188976
0
LINE
8
BLACK
6
CONTINUOUS
10
-0.3152427952755906
20
0.4389894488188976
11
-0.3151296456692914
21
0.438666062992126
0
LINE
8
BLACK
6
CONTINUOUS
10
-0.3151296456692914
20
0.438666062992126
11
-0.3119547244094488
21
0.4343641732283465
0
LINE
8
BLACK
6
CONTINUOUS
10
-0.3119547244094488
20
0.4343641732283465
11
-0.3076528346456693
21
0.4311892519685039
0
LINE
8
BLACK
6
CONTINUOUS
10
-0.3076528346456693
20
0.4311892519685039
11
-0.3059706692913386
21
0.4306006299212599
0
LINE
8
BLACK
6
CONTINUOUS
10
-0.3059706692913386
20
0.4306006299212599
11
-0.3026063385826772
21
0.4294233858267716
0
LINE
8
BLACK
6
CONTINUOUS
10
-0.3026063385826772
20
0.4294233858267716
11
-0.3014082677165354
21
0.4293110236220473
0
LINE
8
BLACK
6
CONTINUOUS
10
-0.3014082677165354
20
0.4293110236220473
11
-0.3014081102362204
21
0.4293110236220473
0
LINE
8
BLACK
6
CONTINUOUS
10
-0.3014081102362204
20
0.4293110236220473
11
-0.276465748031496
21
0.4293110236220473
0
LINE
8
BLACK
6
CONTINUOUS
10
-0.276465748031496
20
0.4293110236220473
11
-0.2752677559055118
21
0.4294233858267716
0
LINE
8
BLACK
6
CONTINUOUS
10
-0.2752677559055118
20
0.4294233858267716
11
-0.2752676771653543
21
0.4294233858267716
0
LINE
8
BLACK
6
CONTINUOUS
10
-0.2752676771653543
20
0.4294233858267716
11
-0.2727444881889764
21
0.4303063385826771
0
LINE
8
BLACK
6
CONTINUOUS
10
-0.2727444881889764
20
0.4303063385826771
11
-0.2702211811023622
21
0.4311892519685039
0
LINE
8
BLACK
6
CONTINUOUS
10
-0.2702211811023622
20
0.4311892519685039
11
-0.2659192913385827
21
0.4343641732283465
0
LINE
8
BLACK
6
CONTINUOUS
10
-0.2659192913385827
20
0.4343641732283465
11
-0.2627443700787401
21
0.438666062992126
0
LINE
8
BLACK
6
CONTINUOUS
10
-0.2627443700787401
20
0.438666062992126
11
-0.2616682677165355
21
0.4417413779527559
0
LINE
8
BLACK
6
CONTINUOUS
10
-0.2616682677165355
20
0.4417413779527559
11
-0.2609785039370079
21
0.4437125590551181
0
LINE
8
BLACK
6
CONTINUOUS
10
-0.2609785039370079
20
0.4437125590551181
11
-0.2609785039370079
21
0.4437126377952756
0
LINE
8
BLACK
6
CONTINUOUS
10
-0.2609785039370079
20
0.4437126377952756
11
-0.2608661417322835
21
0.4449106692913385
0
LINE
8
BLACK
6
CONTINUOUS
10
-0.2608661417322835
20
0.4449106692913385
11
-0.2608661417322835
21
0.4846169291338582
0
LINE
8
BLACK
6
CONTINUOUS
10
-0.2608661417322835
20
0.4846169291338582
11
-0.2609785039370079
21
0.4858149606299212
0
LINE
8
BLACK
6
CONTINUOUS
10
-0.2609785039370079
20
0.4858149606299212
11
-0.2609785039370079
21
0.4858150393700787
0
LINE
8
BLACK
6
CONTINUOUS
10
-0.2609785039370079
20
0.4858150393700787
11
-0.2627443700787401
21
0.4908614566929134
0
LINE
8
BLACK
6
CONTINUOUS
10
-0.2627443700787401
20
0.4908614566929134
11
-0.2627444094488189
21
0.4908615354330709
0
LINE
8
BLACK
6
CONTINUOUS
10
-0.2627444094488189
20
0.4908615354330709
11
-0.2632492125984252
21
0.4915455118110236
0
LINE
8
BLACK
6
CONTINUOUS
10
-0.2632492125984252
20
0.4915455118110236
11
-0.2659192913385827
21
0.4951633858267717
0
LINE
8
BLACK
6
CONTINUOUS
10
-0.2659192913385827
20
0.4951633858267717
11
-0.2702211811023622
21
0.4983383070866141
0
LINE
8
BLACK
6
CONTINUOUS
10
-0.2702211811023622
20
0.4983383070866141
11
-0.2702212598425197
21
0.4983383464566929
0
LINE
8
BLACK
6
CONTINUOUS
10
-0.2702212598425197
20
0.4983383464566929
11
-0.2752677165354331
21
0.5001042125984252
0
LINE
8
BLACK
6
CONTINUOUS
10
-0.2752677165354331
20
0.5001042125984252
11
-0.276465748031496
21
0.5002165354330709
0
LINE
8
BLACK
6
CONTINUOUS
10
-0.276465748031496
20
0.5002165354330709
11
-0.276465905511811
21
0.5002165354330709
0
LINE
8
BLACK
6
CONTINUOUS
10
-0.276465905511811
20
0.5002165354330709
11
-0.3014081102362204
21
0.5002165354330709
0
LINE
8
BLACK
6
CONTINUOUS
10
-0.3014081102362204
20
0.5002165354330709
11
-0.3014082677165354
21
0.5002165354330709
0
LINE
8
BLACK
6
CONTINUOUS
10
-0.3014082677165354
20
0.5002165354330709
11
-0.3026062992125984
21
0.5001042125984252
0
LINE
8
BLACK
6
CONTINUOUS
10
-0.3026062992125984
20
0.5001042125984252
11
-0.3026063779527559
21
0.5001042125984252
0
LINE
8
BLACK
6
CONTINUOUS
10
-0.3026063779527559
20
0.5001042125984252
11
-0.3076527952755905
21
0.4983383464566929
0
LINE
8
BLACK
6
CONTINUOUS
10
-0.3076527952755905
20
0.4983383464566929
11
-0.307652874015748
21
0.4983383070866141
0
LINE
8
BLACK
6
CONTINUOUS
10
-0.307652874015748
20
0.4983383070866141
11
-0.3119547244094488
21
0.4951633858267717
0
LINE
8
BLACK
6
CONTINUOUS
10
-0.3119547244094488
20
0.4951633858267717
11
-0.3151296456692914
21
0.4908615354330709
0
LINE
8
BLACK
6
CONTINUOUS
10
-0.3151296456692914
20
0.4908615354330709
11
-0.3151296850393701
21
0.4908614566929134
0
LINE
8
BLACK
6
CONTINUOUS
10
-0.3151296850393701
20
0.4908614566929134
11
-0.3168955511811024
21
0.4858150393700787
0
LINE
8
BLACK
6
CONTINUOUS
10
-0.3168955511811024
20
0.4858150393700787
11
-0.3168955511811024
21
0.4858149606299212
0
LINE
8
BLACK
6
CONTINUOUS
10
-0.3168955511811024
20
0.4858149606299212
11
-0.3169401181102362
21
0.4853394488188976
0
LINE
8
BLACK
6
CONTINUOUS
10
-0.3169401181102362
20
0.4853394488188976
11
-0.3179581496062992
21
0.4827840157480315
0
LINE
8
BLACK
6
CONTINUOUS
10
-0.3179581496062992
20
0.4827840157480315
11
-0.3201961417322834
21
0.4811846062992126
0
LINE
8
BLACK
6
CONTINUOUS
10
-0.3201961417322834
20
0.4811846062992126
11
-0.3229435826771653
21
0.4810490551181102
0
LINE
8
BLACK
6
CONTINUOUS
10
-0.3229435826771653
20
0.4810490551181102
11
-0.3253281496062992
21
0.4824203937007874
0
LINE
8
BLACK
6
CONTINUOUS
10
-0.3253281496062992
20
0.4824203937007874
11
-0.3264085826771653
21
0.484182874015748
0
LINE
8
BLACK
6
CONTINUOUS
10
-0.3264085826771653
20
0.484182874015748
11
-0.328171062992126
21
0.4892196456692913
0
LINE
8
BLACK
6
CONTINUOUS
10
-0.328171062992126
20
0.4892196456692913
11
-0.3281711023622047
21
0.4892197244094488
0
LINE
8
BLACK
6
CONTINUOUS
10
-0.3281711023622047
20
0.4892197244094488
11
-0.331301968503937
21
0.4934618503937008
0
LINE
8
BLACK
6
CONTINUOUS
10
-0.331301968503937
20
0.4934618503937008
11
-0.3355440944881889
21
0.4965927165354331
0
LINE
8
BLACK
6
CONTINUOUS
10
-0.3355440944881889
20
0.4965927165354331
11
-0.3355441732283465
21
0.4965927559055118
0
LINE
8
BLACK
6
CONTINUOUS
10
-0.3355441732283465
20
0.4965927559055118
11
-0.3405204330708662
21
0.4983340551181102
0
LINE
8
BLACK
6
CONTINUOUS
10
-0.3405204330708662
20
0.4983340551181102
11
-0.340520905511811
21
0.4983341338582677
0
LINE
8
BLACK
6
CONTINUOUS
10
-0.340520905511811
20
0.4983341338582677
11
-0.3417020472440945
21
0.4984448818897638
0
LINE
8
BLACK
6
CONTINUOUS
10
-0.3417020472440945
20
0.4984448818897638
11
-0.3417022047244094
21
0.4984448818897638
0
LINE
8
BLACK
6
CONTINUOUS
10
-0.3417022047244094
20
0.4984448818897638
11
-0.3651088188976378
21
0.4984448818897638
0
LINE
8
BLACK
6
CONTINUOUS
10
-0.3651088188976378
20
0.4984448818897638
11
-0.3651089763779528
21
0.4984448818897638
0
LINE
8
BLACK
6
CONTINUOUS
10
-0.3651089763779528
20
0.4984448818897638
11
-0.366290157480315
21
0.4983341338582677
0
LINE
8
BLACK
6
CONTINUOUS
10
-0.366290157480315
20
0.4983341338582677
11
-0.3662906299212598
21
0.4983340551181102
0
LINE
8
BLACK
6
CONTINUOUS
10
-0.3662906299212598
20
0.4983340551181102
11
-0.3712668897637795
21
0.4965927559055118
0
LINE
8
BLACK
6
CONTINUOUS
10
-0.3712668897637795
20
0.4965927559055118
11
-0.371266968503937
21
0.4965927165354331
0
LINE
8
BLACK
6
CONTINUOUS
10
-0.371266968503937
20
0.4965927165354331
11
-0.375509094488189
21
0.4934618503937008
0
LINE
8
BLACK
6
CONTINUOUS
10
-0.375509094488189
20
0.4934618503937008
11
-0.3786399606299212
21
0.4892197244094488
0
LINE
8
BLACK
6
CONTINUOUS
10
-0.3786399606299212
20
0.4892197244094488
11
-0.37864
21
0.4892196456692913
0
LINE
8
BLACK
6
CONTINUOUS
10
-0.37864
20
0.4892196456692913
11
-0.3803812992125984
21
0.4842433858267716
0
LINE
8
BLACK
6
CONTINUOUS
10
-0.3803812992125984
20
0.4842433858267716
11
-0.3803813779527559
21
0.4842429133858268
0
LINE
8
BLACK
6
CONTINUOUS
10
-0.3803813779527559
20
0.4842429133858268
11
-0.380492125984252
21
0.4830617716535433
0
LINE
8
BLACK
6
CONTINUOUS
10
-0.380492125984252
20
0.4830617716535433
11
-0.380492125984252
21
0.4429225196850394
0
LINE
8
BLACK
6
CONTINUOUS
10
-0.2451574803149606
20
0.4449106692913385
11
-0.245045157480315
21
0.4437126377952756
0
LINE
8
BLACK
6
CONTINUOUS
10
-0.245045157480315
20
0.4437126377952756
11
-0.245045157480315
21
0.4437125590551181
0
LINE
8
BLACK
6
CONTINUOUS
10
-0.245045157480315
20
0.4437125590551181
11
-0.2433783858267717
21
0.4389493700787401
0
LINE
8
BLACK
6
CONTINUOUS
10
-0.2433783858267717
20
0.4389493700787401
11
-0.2432792519685039
21
0.438666062992126
0
LINE
8
BLACK
6
CONTINUOUS
10
-0.2432792519685039
20
0.438666062992126
11
-0.2401043307086614
21
0.4343641732283465
0
LINE
8
BLACK
6
CONTINUOUS
10
-0.2401043307086614
20
0.4343641732283465
11
-0.2358024409448819
21
0.4311892519685039
0
LINE
8
BLACK
6
CONTINUOUS
10
-0.2358024409448819
20
0.4311892519685039
11
-0.2341202755905512
21
0.4306006299212599
0
LINE
8
BLACK
6
CONTINUOUS
10
-0.2341202755905512
20
0.4306006299212599
11
-0.2307559448818897
21
0.4294233858267716
0
LINE
8
BLACK
6
CONTINUOUS
10
-0.2307559448818897
20
0.4294233858267716
11
-0.229557874015748
21
0.4293110236220473
0
LINE
8
BLACK
6
CONTINUOUS
10
-0.229557874015748
20
0.4293110236220473
11
-0.2295577165354331
21
0.4293110236220473
0
LINE
8
BLACK
6
CONTINUOUS
10
-0.2295577165354331
20
0.4293110236220473
11
-0.2046153543307087
21
0.4293110236220473
0
LINE
8
BLACK
6
CONTINUOUS
10
-0.2046153543307087
20
0.4293110236220473
11
-0.2034173622047244
21
0.4294233858267716
0
LINE
8
BLACK
6
CONTINUOUS
10
-0.2034173622047244
20
0.4294233858267716
11
-0.2034172834645669
21
0.4294233858267716
0
LINE
8
BLACK
6
CONTINUOUS
10
-0.2034172834645669
20
0.4294233858267716
11
-0.200894094488189
21
0.4303063385826771
0
LINE
8
BLACK
6
CONTINUOUS
10
-0.200894094488189
20
0.4303063385826771
11
-0.1983707874015748
21
0.4311892519685039
0
LINE
8
BLACK
6
CONTINUOUS
10
-0.1983707874015748
20
0.4311892519685039
11
-0.1940688976377953
21
0.4343641732283465
0
LINE
8
BLACK
6
CONTINUOUS
10
-0.1940688976377953
20
0.4343641732283465
11
-0.1908939763779527
21
0.438666062992126
0
LINE
8
BLACK
6
CONTINUOUS
10
-0.1908939763779527
20
0.438666062992126
11
-0.190893937007874
21
0.4386661811023622
0
LINE
8
BLACK
6
CONTINUOUS
10
-0.190893937007874
20
0.4386661811023622
11
-0.1907230708661417
21
0.4389894488188976
0
LINE
8
BLACK
6
CONTINUOUS
10
-0.1907230708661417
20
0.4389894488188976
11
-0.1906471653543307
21
0.4389493700787401
0
LINE
8
BLACK
6
CONTINUOUS
10
-0.1906471653543307
20
0.4389493700787401
11
-0.1893327559055118
21
0.4407824015748031
0
LINE
8
BLACK
6
CONTINUOUS
10
-0.1893327559055118
20
0.4407824015748031
11
-0.1875909842519685
21
0.4416507086614173
0
LINE
8
BLACK
6
CONTINUOUS
10
-0.1875909842519685
20
0.4416507086614173
11
-0.1872934251968504
21
0.4417305118110236
0
LINE
8
BLACK
6
CONTINUOUS
10
-0.1872934251968504
20
0.4417305118110236
11
-0.1872928346456693
21
0.4417305511811023
0
LINE
8
BLACK
6
CONTINUOUS
10
-0.1872928346456693
20
0.4417305511811023
11
-0.1815416929133858
21
0.4441127559055118
0
LINE
8
BLACK
6
CONTINUOUS
10
-0.1815416929133858
20
0.4441127559055118
11
-0.1766030708661417
21
0.4479022834645669
0
LINE
8
BLACK
6
CONTINUOUS
10
-0.1766030708661417
20
0.4479022834645669
11
-0.1728135433070866
21
0.452840905511811
0
LINE
8
BLACK
6
CONTINUOUS
10
-0.1728135433070866
20
0.452840905511811
11
-0.1704313385826772
21
0.4585920472440945
0
LINE
8
BLACK
6
CONTINUOUS
10
-0.1704313385826772
20
0.4585920472440945
11
-0.1696188188976378
21
0.464763779527559
0
LINE
8
BLACK
6
CONTINUOUS
10
-0.1696188188976378
20
0.464763779527559
11
-0.1704313385826772
21
0.4709355118110236
0
LINE
8
BLACK
6
CONTINUOUS
10
-0.1704313385826772
20
0.4709355118110236
11
-0.1728135433070866
21
0.4766866535433071
0
LINE
8
BLACK
6
CONTINUOUS
10
-0.1728135433070866
20
0.4766866535433071
11
-0.1766030708661417
21
0.4816252755905512
0
LINE
8
BLACK
6
CONTINUOUS
10
-0.1766030708661417
20
0.4816252755905512
11
-0.1815416929133858
21
0.4854148031496063
0
LINE
8
BLACK
6
CONTINUOUS
10
-0.1815416929133858
20
0.4854148031496063
11
-0.1815417716535433
21
0.485414842519685
0
LINE
8
BLACK
6
CONTINUOUS
10
-0.1815417716535433
20
0.485414842519685
11
-0.1872929921259842
21
0.4877970866141732
0
LINE
8
BLACK
6
CONTINUOUS
10
-0.1872929921259842
20
0.4877970866141732
11
-0.1875912992125984
21
0.4878770078740157
0
LINE
8
BLACK
6
CONTINUOUS
10
-0.1875912992125984
20
0.4878770078740157
11
-0.1899400393700787
21
0.4893088188976378
0
LINE
8
BLACK
6
CONTINUOUS
10
-0.1899400393700787
20
0.4893088188976378
11
-0.1906844488188976
21
0.4905585826771653
0
LINE
8
BLACK
6
CONTINUOUS
10
-0.1906844488188976
20
0.4905585826771653
11
-0.1907230708661417
21
0.4905381496062992
0
LINE
8
BLACK
6
CONTINUOUS
10
-0.1907230708661417
20
0.4905381496062992
11
-0.1908939763779527
21
0.4908615354330709
0
LINE
8
BLACK
6
CONTINUOUS
10
-0.1908939763779527
20
0.4908615354330709
11
-0.1922422047244094
21
0.4926882677165354
0
LINE
8
BLACK
6
CONTINUOUS
10
-0.1922422047244094
20
0.4926882677165354
11
-0.1940688976377953
21
0.4951633858267717
0
LINE
8
BLACK
6
CONTINUOUS
10
-0.1940688976377953
20
0.4951633858267717
11
-0.1983707874015748
21
0.4983383070866141
0
LINE
8
BLACK
6
CONTINUOUS
10
-0.1983707874015748
20
0.4983383070866141
11
-0.1983708661417323
21
0.4983383464566929
0
LINE
8
BLACK
6
CONTINUOUS
10
-0.1983708661417323
20
0.4983383464566929
11
-0.2034173228346457
21
0.5001042125984252
0
LINE
8
BLACK
6
CONTINUOUS
10
-0.2034173228346457
20
0.5001042125984252
11
-0.2046153543307087
21
0.5002165354330709
0
LINE
8
BLACK
6
CONTINUOUS
10
-0.2046153543307087
20
0.5002165354330709
11
-0.2046155118110236
21
0.5002165354330709
0
LINE
8
BLACK
6
CONTINUOUS
10
-0.2046155118110236
20
0.5002165354330709
11
-0.2295577165354331
21
0.5002165354330709
0
LINE
8
BLACK
6
CONTINUOUS
10
-0.2295577165354331
20
0.5002165354330709
11
-0.229557874015748
21
0.5002165354330709
0
LINE
8
BLACK
6
CONTINUOUS
10
-0.229557874015748
20
0.5002165354330709
11
-0.230755905511811
21
0.5001042125984252
0
LINE
8
BLACK
6
CONTINUOUS
10
-0.230755905511811
20
0.5001042125984252
11
-0.2307559842519685
21
0.5001042125984252
0
LINE
8
BLACK
6
CONTINUOUS
10
-0.2307559842519685
20
0.5001042125984252
11
-0.2358024015748031
21
0.4983383464566929
0
LINE
8
BLACK
6
CONTINUOUS
10
-0.2358024015748031
20
0.4983383464566929
11
-0.2358024803149606
21
0.4983383070866141
0
LINE
8
BLACK
6
CONTINUOUS
10
-0.2358024803149606
20
0.4983383070866141
11
-0.2401043307086614
21
0.4951633858267717
0
LINE
8
BLACK
6
CONTINUOUS
10
-0.2401043307086614
20
0.4951633858267717
11
-0.2432792519685039
21
0.4908615354330709
0
LINE
8
BLACK
6
CONTINUOUS
10
-0.2432792519685039
20
0.4908615354330709
11
-0.2432792913385827
21
0.4908614566929134
0
LINE
8
BLACK
6
CONTINUOUS
10
-0.2432792913385827
20
0.4908614566929134
11
-0.245045157480315
21
0.4858150393700787
0
LINE
8
BLACK
6
CONTINUOUS
10
-0.245045157480315
20
0.4858150393700787
11
-0.245045157480315
21
0.4858149606299212
0
LINE
8
BLACK
6
CONTINUOUS
10
-0.245045157480315
20
0.4858149606299212
11
-0.2451574803149606
21
0.4846169291338582
0
LINE
8
BLACK
6
CONTINUOUS
10
-0.2451574803149606
20
0.4846169291338582
11
-0.2451574803149606
21
0.4449106692913385
0
LINE
8
BLACK
6
CONTINUOUS
10
-0.441936968503937
20
0.5019490944881889
11
-0.4419370078740157
21
0.5019490944881889
0
LINE
8
BLACK
6
CONTINUOUS
10
-0.4419370078740157
20
0.5019490944881889
11
-0.4474116535433071
21
0.499790157480315
0
LINE
8
BLACK
6
CONTINUOUS
10
-0.4474116535433071
20
0.499790157480315
11
-0.4521005905511811
21
0.4962344488188976
0
LINE
8
BLACK
6
CONTINUOUS
10
-0.4521005905511811
20
0.4962344488188976
11
-0.4556562992125984
21
0.4915455118110236
0
LINE
8
BLACK
6
CONTINUOUS
10
-0.4556562992125984
20
0.4915455118110236
11
-0.4578152362204724
21
0.4860708661417323
0
LINE
8
BLACK
6
CONTINUOUS
10
-0.4578152362204724
20
0.4860708661417323
11
-0.4578152362204724
21
0.4860708267716535
0
LINE
8
BLACK
6
CONTINUOUS
10
-0.4578152362204724
20
0.4860708267716535
11
-0.4582283464566929
21
0.4826306692913386
0
LINE
8
BLACK
6
CONTINUOUS
10
-0.4582283464566929
20
0.4826306692913386
11
-0.4582283464566929
21
0.4728346456692913
0
LINE
8
BLACK
6
CONTINUOUS
10
-0.4582283464566929
20
0.4728346456692913
11
-0.4464173228346456
21
0.4728346456692913
0
LINE
8
BLACK
6
CONTINUOUS
10
-0.4464173228346456
20
0.4728346456692913
11
-0.4464173228346456
21
0.4809547244094488
0
LINE
8
BLACK
6
CONTINUOUS
10
-0.4464173228346456
20
0.4809547244094488
11
-0.4456868503937008
21
0.4846271259842519
0
LINE
8
BLACK
6
CONTINUOUS
10
-0.4456868503937008
20
0.4846271259842519
11
-0.4436065748031496
21
0.4877404330708661
0
LINE
8
BLACK
6
CONTINUOUS
10
-0.4436065748031496
20
0.4877404330708661
11
-0.4404932677165354
21
0.4898207086614173
0
LINE
8
BLACK
6
CONTINUOUS
10
-0.4404932677165354
20
0.4898207086614173
11
-0.4370669291338583
21
0.4905022440944882
0
LINE
8
BLACK
6
CONTINUOUS
10
-0.4370669291338583
20
0.4905022440944882
11
-0.4370669291338583
21
0.5023622047244094
0
LINE
8
BLACK
6
CONTINUOUS
10
-0.4370669291338583
20
0.5023622047244094
11
-0.4384967716535433
21
0.5023622047244094
0
LINE
8
BLACK
6
CONTINUOUS
10
-0.4384967716535433
20
0.5023622047244094
11
-0.441936968503937
21
0.5019490944881889
0
LINE
8
BLACK
6
CONTINUOUS
10
-0.9245870866141732
20
0.9809055118110236
11
-0.922714094488189
21
0.9743226377952756
0
LINE
8
BLACK
6
CONTINUOUS
10
-0.922714094488189
20
0.9743226377952756
11
-0.9227138976377952
21
0.9743221259842519
0
LINE
8
BLACK
6
CONTINUOUS
10
-0.9227138976377952
20
0.9743221259842519
11
-0.9189739763779528
21
0.9668113779527558
0
LINE
8
BLACK
6
CONTINUOUS
10
-0.9189739763779528
20
0.9668113779527558
11
-0.9139173228346457
21
0.9601153149606299
0
LINE
8
BLACK
6
CONTINUOUS
10
-0.9139173228346457
20
0.9601153149606299
11
-0.9077165354330708
21
0.9544625590551181
0
LINE
8
BLACK
6
CONTINUOUS
10
-0.9077165354330708
20
0.9544625590551181
11
-0.9077164566929133
21
0.9544624803149606
0
LINE
8
BLACK
6
CONTINUOUS
10
-0.9077164566929133
20
0.9544624803149606
11
-0.9005826377952756
21
0.9500454330708661
0
LINE
8
BLACK
6
CONTINUOUS
10
-0.9005826377952756
20
0.9500454330708661
11
-0.9005824015748032
21
0.9500453149606299
0
LINE
8
BLACK
6
CONTINUOUS
10
-0.9005824015748032
20
0.9500453149606299
11
-0.8927582283464567
21
0.9470142519685039
0
LINE
8
BLACK
6
CONTINUOUS
10
-0.8927582283464567
20
0.9470142519685039
11
-0.8901574803149606
21
0.9465281102362204
0
LINE
8
BLACK
6
CONTINUOUS
10
-0.8901574803149606
20
0.9465281102362204
11
-0.8901574803149606
21
0.9588153937007874
0
LINE
8
BLACK
6
CONTINUOUS
10
-0.8901574803149606
20
0.9588153937007874
11
-0.890656062992126
21
0.9589213385826771
0
LINE
8
BLACK
6
CONTINUOUS
10
-0.890656062992126
20
0.9589213385826771
11
-0.8970472440944882
21
0.9617668503937008
0
LINE
8
BLACK
6
CONTINUOUS
10
-0.8970472440944882
20
0.9617668503937008
11
-0.902707125984252
21
0.9658790157480315
0
LINE
8
BLACK
6
CONTINUOUS
10
-0.902707125984252
20
0.9658790157480315
11
-0.9073883464566929
21
0.9710780708661417
0
LINE
8
BLACK
6
CONTINUOUS
10
-0.9073883464566929
20
0.9710780708661417
11
-0.9108863779527558
21
0.9771367716535433
0
LINE
8
BLACK
6
CONTINUOUS
10
-0.9108863779527558
20
0.9771367716535433
11
-0.912110905511811
21
0.9809055118110236
0
LINE
8
BLACK
6
CONTINUOUS
10
-0.912110905511811
20
0.9809055118110236
11
-0.9245870866141732
21
0.9809055118110236
0
LINE
8
BLACK
6
CONTINUOUS
10
-0.8245870866141732
20
0.9809055118110236
11
-0.822714094488189
21
0.9743226377952756
0
LINE
8
BLACK
6
CONTINUOUS
10
-0.822714094488189
20
0.9743226377952756
11
-0.8227138976377952
21
0.9743221259842519
0
LINE
8
BLACK
6
CONTINUOUS
10
-0.8227138976377952
20
0.9743221259842519
11
-0.8189739763779528
21
0.9668113779527558
0
LINE
8
BLACK
6
CONTINUOUS
10
-0.8189739763779528
20
0.9668113779527558
11
-0.8139173228346457
21
0.9601153149606299
0
LINE
8
BLACK
6
CONTINUOUS
10
-0.8139173228346457
20
0.9601153149606299
11
-0.8077165354330709
21
0.9544625590551181
0
LINE
8
BLACK
6
CONTINUOUS
10
-0.8077165354330709
20
0.9544625590551181
11
-0.8077164566929134
21
0.9544624803149606
0
LINE
8
BLACK
6
CONTINUOUS
10
-0.8077164566929134
20
0.9544624803149606
11
-0.8005826377952756
21
0.9500454330708661
0
LINE
8
BLACK
6
CONTINUOUS
10
-0.8005826377952756
20
0.9500454330708661
11
-0.8005824015748031
21
0.9500453149606299
0
LINE
8
BLACK
6
CONTINUOUS
10
-0.8005824015748031
20
0.9500453149606299
11
-0.7927582283464567
21
0.9470142519685039
0
LINE
8
BLACK
6
CONTINUOUS
10
-0.7927582283464567
20
0.9470142519685039
11
-0.7901574803149606
21
0.9465281102362204
0
LINE
8
BLACK
6
CONTINUOUS
10
-0.7901574803149606
20
0.9465281102362204
11
-0.7901574803149606
21
0.9588153937007874
0
LINE
8
BLACK
6
CONTINUOUS
10
-0.7901574803149606
20
0.9588153937007874
11
-0.790656062992126
21
0.9589213385826771
0
LINE
8
BLACK
6
CONTINUOUS
10
-0.790656062992126
20
0.9589213385826771
11
-0.7970472440944881
21
0.9617668503937008
0
LINE
8
BLACK
6
CONTINUOUS
10
-0.7970472440944881
20
0.9617668503937008
11
-0.802707125984252
21
0.9658790157480315
0
LINE
8
BLACK
6
CONTINUOUS
10
-0.802707125984252
20
0.9658790157480315
11
-0.8073883464566929
21
0.9710780708661417
0
LINE
8
BLACK
6
CONTINUOUS
10
-0.8073883464566929
20
0.9710780708661417
11
-0.8108863779527559
21
0.9771367716535433
0
LINE
8
BLACK
6
CONTINUOUS
10
-0.8108863779527559
20
0.9771367716535433
11
-0.812110905511811
21
0.9809055118110236
0
LINE
8
BLACK
6
CONTINUOUS
10
-0.812110905511811
20
0.9809055118110236
11
-0.8245870866141732
21
0.9809055118110236
0
LINE
8
BLACK
6
CONTINUOUS
10
-0.8497435433070866
20
0.9771367716535433
11
-0.8532415748031495
21
0.9710780708661417
0
LINE
8
BLACK
6
CONTINUOUS
10
-0.8532415748031495
20
0.9710780708661417
11
-0.8579227952755906
21
0.9658790157480315
0
LINE
8
BLACK
6
CONTINUOUS
10
-0.8579227952755906
20
0.9658790157480315
11
-0.8635826771653543
21
0.9617668503937008
0
LINE
8
BLACK
6
CONTINUOUS
10
-0.8635826771653543
20
0.9617668503937008
11
-0.8699738582677166
21
0.9589213385826771
0
LINE
8
BLACK
6
CONTINUOUS
10
-0.8699738582677166
20
0.9589213385826771
11
-0.8704724409448819
21
0.9588153937007874
0
LINE
8
BLACK
6
CONTINUOUS
10
-0.8704724409448819
20
0.9588153937007874
11
-0.8704724409448819
21
0.9465281496062992
0
LINE
8
BLACK
6
CONTINUOUS
10
-0.8704724409448819
20
0.9465281496062992
11
-0.8678717322834646
21
0.9470142519685039
0
LINE
8
BLACK
6
CONTINUOUS
10
-0.8678717322834646
20
0.9470142519685039
11
-0.8600475590551181
21
0.9500453149606299
0
LINE
8
BLACK
6
CONTINUOUS
10
-0.8600475590551181
20
0.9500453149606299
11
-0.8600473228346457
21
0.9500454330708661
0
LINE
8
BLACK
6
CONTINUOUS
10
-0.8600473228346457
20
0.9500454330708661
11
-0.8529135039370078
21
0.9544624803149606
0
LINE
8
BLACK
6
CONTINUOUS
10
-0.8529135039370078
20
0.9544624803149606
11
-0.8529134251968504
21
0.9544625590551181
0
LINE
8
BLACK
6
CONTINUOUS
10
-0.8529134251968504
20
0.9544625590551181
11
-0.8467126377952756
21
0.9601153149606299
0
LINE
8
BLACK
6
CONTINUOUS
10
-0.8467126377952756
20
0.9601153149606299
11
-0.8416559842519685
21
0.9668113779527558
0
LINE
8
BLACK
6
CONTINUOUS
10
-0.8416559842519685
20
0.9668113779527558
11
-0.837916062992126
21
0.9743221259842519
0
LINE
8
BLACK
6
CONTINUOUS
10
-0.837916062992126
20
0.9743221259842519
11
-0.8379158661417323
21
0.9743226377952756
0
LINE
8
BLACK
6
CONTINUOUS
10
-0.8379158661417323
20
0.9743226377952756
11
-0.8360428346456693
21
0.9809055118110236
0
LINE
8
BLACK
6
CONTINUOUS
10
-0.8360428346456693
20
0.9809055118110236
11
-0.8485190157480315
21
0.9809055118110236
0
LINE
8
BLACK
6
CONTINUOUS
10
-0.8485190157480315
20
0.9809055118110236
11
-0.8497435433070866
21
0.9771367716535433
0
LINE
8
BLACK
6
CONTINUOUS
10
-0.7497435433070866
20
0.9771367716535433
11
-0.7532415748031496
21
0.9710780708661417
0
LINE
8
BLACK
6
CONTINUOUS
10
-0.7532415748031496
20
0.9710780708661417
11
-0.7579227952755906
21
0.9658790157480315
0
LINE
8
BLACK
6
CONTINUOUS
10
-0.7579227952755906
20
0.9658790157480315
11
-0.7635826771653543
21
0.9617668503937008
0
LINE
8
BLACK
6
CONTINUOUS
10
-0.7635826771653543
20
0.9617668503937008
11
-0.7699738582677165
21
0.9589213385826771
0
LINE
8
BLACK
6
CONTINUOUS
10
-0.7699738582677165
20
0.9589213385826771
11
-0.7704724409448819
21
0.9588153937007874
0
LINE
8
BLACK
6
CONTINUOUS
10
-0.7704724409448819
20
0.9588153937007874
11
-0.7704724409448819
21
0.9465281496062992
0
LINE
8
BLACK
6
CONTINUOUS
10
-0.7704724409448819
20
0.9465281496062992
11
-0.7678717322834645
21
0.9470142519685039
0
LINE
8
BLACK
6
CONTINUOUS
10
-0.7678717322834645
20
0.9470142519685039
11
-0.7600475590551181
21
0.9500453149606299
0
LINE
8
BLACK
6
CONTINUOUS
10
-0.7600475590551181
20
0.9500453149606299
11
-0.7600473228346456
21
0.9500454330708661
0
LINE
8
BLACK
6
CONTINUOUS
10
-0.7600473228346456
20
0.9500454330708661
11
-0.7529135039370078
21
0.9544624803149606
0
LINE
8
BLACK
6
CONTINUOUS
10
-0.7529135039370078
20
0.9544624803149606
11
-0.7529134251968503
21
0.9544625590551181
0
LINE
8
BLACK
6
CONTINUOUS
10
-0.7529134251968503
20
0.9544625590551181
11
-0.7467126377952755
21
0.9601153149606299
0
LINE
8
BLACK
6
CONTINUOUS
10
-0.7467126377952755
20
0.9601153149606299
11
-0.7416559842519684
21
0.9668113779527558
0
LINE
8
BLACK
6
CONTINUOUS
10
-0.7416559842519684
20
0.9668113779527558
11
-0.737916062992126
21
0.9743221259842519
0
LINE
8
BLACK
6
CONTINUOUS
10
-0.737916062992126
20
0.9743221259842519
11
-0.7379158661417322
21
0.9743226377952756
0
LINE
8
BLACK
6
CONTINUOUS
10
-0.7379158661417322
20
0.9743226377952756
11
-0.7360428346456692
21
0.9809055118110236
0
LINE
8
BLACK
6
CONTINUOUS
10
-0.7360428346456692
20
0.9809055118110236
11
-0.7485190157480315
21
0.9809055118110236
0
LINE
8
BLACK
6
CONTINUOUS
10
-0.7485190157480315
20
0.9809055118110236
11
-0.7497435433070866
21
0.9771367716535433
0
LINE
8
BLACK
6
CONTINUOUS
10
-0.7704724409448819
20
1.0226807086614174
11
-0.7699738582677165
21
1.0225747244094487
0
LINE
8
BLACK
6
CONTINUOUS
10
-0.7699738582677165
20
1.0225747244094487
11
-0.7635826771653543
21
1.0197292125984252
0
LINE
8
BLACK
6
CONTINUOUS
10
-0.7635826771653543
20
1.0197292125984252
11
-0.7579227952755906
21
1.0156170472440944
0
LINE
8
BLACK
6
CONTINUOUS
10
-0.7579227952755906
20
1.0156170472440944
11
-0.7532415748031496
21
1.0104179921259842
0
LINE
8
BLACK
6
CONTINUOUS
10
-0.7532415748031496
20
1.0104179921259842
11
-0.7497435433070866
21
1.0043592913385826
0
LINE
8
BLACK
6
CONTINUOUS
10
-0.7497435433070866
20
1.0043592913385826
11
-0.7485190157480315
21
1.0005905511811024
0
LINE
8
BLACK
6
CONTINUOUS
10
-0.7485190157480315
20
1.0005905511811024
11
-0.7360428346456692
21
1.0005905511811024
0
LINE
8
BLACK
6
CONTINUOUS
10
-0.7360428346456692
20
1.0005905511811024
11
-0.7360428346456692
21
1.0005905905511812
0
LINE
8
BLACK
6
CONTINUOUS
10
-0.7360428346456692
20
1.0005905905511812
11
-0.7379158661417322
21
1.007173464566929
0
LINE
8
BLACK
6
CONTINUOUS
10
-0.7379158661417322
20
1.007173464566929
11
-0.737916062992126
21
1.0071739763779528
0
LINE
8
BLACK
6
CONTINUOUS
10
-0.737916062992126
20
1.0071739763779528
11
-0.7416559842519684
21
1.0146847244094488
0
LINE
8
BLACK
6
CONTINUOUS
10
-0.7416559842519684
20
1.0146847244094488
11
-0.7467126377952755
21
1.0213807874015748
0
LINE
8
BLACK
6
CONTINUOUS
10
-0.7467126377952755
20
1.0213807874015748
11
-0.7529134251968503
21
1.0270335433070865
0
LINE
8
BLACK
6
CONTINUOUS
10
-0.7529134251968503
20
1.0270335433070865
11
-0.7529135039370078
21
1.027033622047244
0
LINE
8
BLACK
6
CONTINUOUS
10
-0.7529135039370078
20
1.027033622047244
11
-0.7600473228346456
21
1.0314506692913386
0
LINE
8
BLACK
6
CONTINUOUS
10
-0.7600473228346456
20
1.0314506692913386
11
-0.7600476771653543
21
1.0314508267716536
0
LINE
8
BLACK
6
CONTINUOUS
10
-0.7600476771653543
20
1.0314508267716536
11
-0.7678715354330709
21
1.0344817716535433
0
LINE
8
BLACK
6
CONTINUOUS
10
-0.7678715354330709
20
1.0344817716535433
11
-0.7678717322834645
21
1.034481811023622
0
LINE
8
BLACK
6
CONTINUOUS
10
-0.7678717322834645
20
1.034481811023622
11
-0.7704724409448819
21
1.0349679921259842
0
LINE
8
BLACK
6
CONTINUOUS
10
-0.7704724409448819
20
1.0349679921259842
11
-0.7704724409448819
21
1.0226807086614174
0
LINE
8
BLACK
6
CONTINUOUS
10
-0.8379158661417323
20
1.007173464566929
11
-0.837916062992126
21
1.0071739763779528
0
LINE
8
BLACK
6
CONTINUOUS
10
-0.837916062992126
20
1.0071739763779528
11
-0.8416559842519685
21
1.0146847244094488
0
LINE
8
BLACK
6
CONTINUOUS
10
-0.8416559842519685
20
1.0146847244094488
11
-0.8467126377952756
21
1.0213807874015748
0
LINE
8
BLACK
6
CONTINUOUS
10
-0.8467126377952756
20
1.0213807874015748
11
-0.8529134251968504
21
1.0270335433070865
0
LINE
8
BLACK
6
CONTINUOUS
10
-0.8529134251968504
20
1.0270335433070865
11
-0.8529135039370078
21
1.027033622047244
0
LINE
8
BLACK
6
CONTINUOUS
10
-0.8529135039370078
20
1.027033622047244
11
-0.8600473228346457
21
1.0314506692913386
0
LINE
8
BLACK
6
CONTINUOUS
10
-0.8600473228346457
20
1.0314506692913386
11
-0.8600476771653544
21
1.0314508267716536
0
LINE
8
BLACK
6
CONTINUOUS
10
-0.8600476771653544
20
1.0314508267716536
11
-0.8678715354330708
21
1.0344817716535433
0
LINE
8
BLACK
6
CONTINUOUS
10
-0.8678715354330708
20
1.0344817716535433
11
-0.8678717322834646
21
1.034481811023622
0
LINE
8
BLACK
6
CONTINUOUS
10
-0.8678717322834646
20
1.034481811023622
11
-0.8704724409448819
21
1.0349679921259842
0
LINE
8
BLACK
6
CONTINUOUS
10
-0.8704724409448819
20
1.0349679921259842
11
-0.8704724409448819
21
1.0226807086614174
0
LINE
8
BLACK
6
CONTINUOUS
10
-0.8704724409448819
20
1.0226807086614174
11
-0.8699738582677166
21
1.0225747244094487
0
LINE
8
BLACK
6
CONTINUOUS
10
-0.8699738582677166
20
1.0225747244094487
11
-0.8635826771653543
21
1.0197292125984252
0
LINE
8
BLACK
6
CONTINUOUS
10
-0.8635826771653543
20
1.0197292125984252
11
-0.8579227952755906
21
1.0156170472440944
0
LINE
8
BLACK
6
CONTINUOUS
10
-0.8579227952755906
20
1.0156170472440944
11
-0.8532415748031495
21
1.0104179921259842
0
LINE
8
BLACK
6
CONTINUOUS
10
-0.8532415748031495
20
1.0104179921259842
11
-0.8497435433070866
21
1.0043592913385826
0
LINE
8
BLACK
6
CONTINUOUS
10
-0.8497435433070866
20
1.0043592913385826
11
-0.8485190157480315
21
1.0005905511811024
0
LINE
8
BLACK
6
CONTINUOUS
10
-0.8485190157480315
20
1.0005905511811024
11
-0.8360428346456693
21
1.0005905511811024
0
LINE
8
BLACK
6
CONTINUOUS
10
-0.8360428346456693
20
1.0005905511811024
11
-0.8360428346456693
21
1.0005905905511812
0
LINE
8
BLACK
6
CONTINUOUS
10
-0.8360428346456693
20
1.0005905905511812
11
-0.8379158661417323
21
1.007173464566929
0
LINE
8
BLACK
6
CONTINUOUS
10
-0.921074842519685
20
1.0826404724409449
11
-0.9210748031496063
21
1.0826403937007874
0
LINE
8
BLACK
6
CONTINUOUS
10
-0.9210748031496063
20
1.0826403937007874
11
-0.9187099212598425
21
1.0748443307086615
0
LINE
8
BLACK
6
CONTINUOUS
10
-0.9187099212598425
20
1.0748443307086615
11
-0.9148694881889764
21
1.0676594488188975
0
LINE
8
BLACK
6
CONTINUOUS
10
-0.9148694881889764
20
1.0676594488188975
11
-0.9148694094488189
21
1.0676593700787402
0
LINE
8
BLACK
6
CONTINUOUS
10
-0.9148694094488189
20
1.0676593700787402
11
-0.909701220472441
21
1.061361811023622
0
LINE
8
BLACK
6
CONTINUOUS
10
-0.909701220472441
20
1.061361811023622
11
-0.9058972834645669
21
1.0582400787401574
0
LINE
8
BLACK
6
CONTINUOUS
10
-0.9058972834645669
20
1.0582400787401574
11
-0.9034035433070866
21
1.0561935039370078
0
LINE
8
BLACK
6
CONTINUOUS
10
-0.9034035433070866
20
1.0561935039370078
11
-0.8962186614173228
21
1.0523530708661417
0
LINE
8
BLACK
6
CONTINUOUS
10
-0.8962186614173228
20
1.0523530708661417
11
-0.8884225984251969
21
1.049988188976378
0
LINE
8
BLACK
6
CONTINUOUS
10
-0.8884225984251969
20
1.049988188976378
11
-0.8884226377952755
21
1.049988188976378
0
LINE
8
BLACK
6
CONTINUOUS
10
-0.8884226377952755
20
1.049988188976378
11
-0.8876957086614173
21
1.0499166141732283
0
LINE
8
BLACK
6
CONTINUOUS
10
-0.8876957086614173
20
1.0499166141732283
11
-0.8803149606299212
21
1.0491896456692913
0
LINE
8
BLACK
6
CONTINUOUS
10
-0.8803149606299212
20
1.0491896456692913
11
-0.8722073228346456
21
1.049988188976378
0
LINE
8
BLACK
6
CONTINUOUS
10
-0.8722073228346456
20
1.049988188976378
11
-0.8644112598425197
21
1.0523530708661417
0
LINE
8
BLACK
6
CONTINUOUS
10
-0.8644112598425197
20
1.0523530708661417
11
-0.8572263779527559
21
1.0561935039370078
0
LINE
8
BLACK
6
CONTINUOUS
10
-0.8572263779527559
20
1.0561935039370078
11
-0.8509287401574803
21
1.061361811023622
0
LINE
8
BLACK
6
CONTINUOUS
10
-0.8509287401574803
20
1.061361811023622
11
-0.8457604330708661
21
1.0676594488188975
0
LINE
8
BLACK
6
CONTINUOUS
10
-0.8457604330708661
20
1.0676594488188975
11
-0.84192
21
1.0748443307086615
0
LINE
8
BLACK
6
CONTINUOUS
10
-0.84192
20
1.0748443307086615
11
-0.8395551181102362
21
1.0826403937007874
0
LINE
8
BLACK
6
CONTINUOUS
10
-0.8395551181102362
20
1.0826403937007874
11
-0.8387565748031496
21
1.0907480314960629
0
LINE
8
BLACK
6
CONTINUOUS
10
-0.8387565748031496
20
1.0907480314960629
11
-0.8395551181102362
21
1.0988556692913385
0
LINE
8
BLACK
6
CONTINUOUS
10
-0.8395551181102362
20
1.0988556692913385
11
-0.84192
21
1.1066517322834646
0
LINE
8
BLACK
6
CONTINUOUS
10
-0.84192
20
1.1066517322834646
11
-0.8457604330708661
21
1.1138366141732283
0
LINE
8
BLACK
6
CONTINUOUS
10
-0.8457604330708661
20
1.1138366141732283
11
-0.8488886614173228
21
1.1176483858267716
0
LINE
8
BLACK
6
CONTINUOUS
10
-0.8488886614173228
20
1.1176483858267716
11
-0.8509287401574803
21
1.1201342913385826
0
LINE
8
BLACK
6
CONTINUOUS
10
-0.8509287401574803
20
1.1201342913385826
11
-0.8556704330708661
21
1.1240256299212599
0
LINE
8
BLACK
6
CONTINUOUS
10
-0.8556704330708661
20
1.1240256299212599
11
-0.8572263779527559
21
1.125302559055118
0
LINE
8
BLACK
6
CONTINUOUS
10
-0.8572263779527559
20
1.125302559055118
11
-0.8644112598425197
21
1.1291429921259841
0
LINE
8
BLACK
6
CONTINUOUS
10
-0.8644112598425197
20
1.1291429921259841
11
-0.8722073228346456
21
1.131507874015748
0
LINE
8
BLACK
6
CONTINUOUS
10
-0.8722073228346456
20
1.131507874015748
11
-0.8722074015748031
21
1.1315079133858268
0
LINE
8
BLACK
6
CONTINUOUS
10
-0.8722074015748031
20
1.1315079133858268
11
-0.8722073228346456
21
1.1315079133858268
0
LINE
8
BLACK
6
CONTINUOUS
10
-0.8722073228346456
20
1.1315079133858268
11
-0.8803149606299212
21
1.1323064173228345
0
LINE
8
BLACK
6
CONTINUOUS
10
-0.8803149606299212
20
1.1323064173228345
11
-0.8884225590551181
21
1.1315079133858268
0
LINE
8
BLACK
6
CONTINUOUS
10
-0.8884225590551181
20
1.1315079133858268
11
-0.8947973622047244
21
1.1295741338582677
0
LINE
8
BLACK
6
CONTINUOUS
10
-0.8947973622047244
20
1.1295741338582677
11
-0.8960622440944882
21
1.1291904330708662
0
LINE
8
BLACK
6
CONTINUOUS
10
-0.8960622440944882
20
1.1291904330708662
11
-0.896218779527559
21
1.1291429527559056
0
LINE
8
BLACK
6
CONTINUOUS
10
-0.896218779527559
20
1.1291429527559056
11
-0.9005551968503936
21
1.1268250787401575
0
LINE
8
BLACK
6
CONTINUOUS
10
-0.9005551968503936
20
1.1268250787401575
11
-0.9034035433070866
21
1.125302559055118
0
LINE
8
BLACK
6
CONTINUOUS
10
-0.9034035433070866
20
1.125302559055118
11
-0.9034036220472441
21
1.1253025196850392
0
LINE
8
BLACK
6
CONTINUOUS
10
-0.9034036220472441
20
1.1253025196850392
11
-0.9034036614173229
21
1.1253024803149605
0
LINE
8
BLACK
6
CONTINUOUS
10
-0.9034036614173229
20
1.1253024803149605
11
-0.909701220472441
21
1.1201342913385826
0
LINE
8
BLACK
6
CONTINUOUS
10
-0.909701220472441
20
1.1201342913385826
11
-0.9148694094488189
21
1.1138367322834646
0
LINE
8
BLACK
6
CONTINUOUS
10
-0.9148694094488189
20
1.1138367322834646
11
-0.9187098818897638
21
1.1066518503937008
0
LINE
8
BLACK
6
CONTINUOUS
10
-0.9187098818897638
20
1.1066518503937008
11
-0.921074842519685
21
1.0988556299212597
0
LINE
8
BLACK
6
CONTINUOUS
10
-0.921074842519685
20
1.0988556299212597
11
-0.9218733464566929
21
1.0907480314960629
0
LINE
8
BLACK
6
CONTINUOUS
10
-0.9218733464566929
20
1.0907480314960629
11
-0.921074842519685
21
1.0826404724409449
0
LINE
8
BLACK
6
CONTINUOUS
10
-0.821074842519685
20
1.0826404724409449
11
-0.8210748031496062
21
1.0826403937007874
0
LINE
8
BLACK
6
CONTINUOUS
10
-0.8210748031496062
20
1.0826403937007874
11
-0.8187099212598425
21
1.0748443307086615
0
LINE
8
BLACK
6
CONTINUOUS
10
-0.8187099212598425
20
1.0748443307086615
11
-0.8148694881889763
21
1.0676594488188975
0
LINE
8
BLACK
6
CONTINUOUS
10
-0.8148694881889763
20
1.0676594488188975
11
-0.8148694094488189
21
1.0676593700787402
0
LINE
8
BLACK
6
CONTINUOUS
10
-0.8148694094488189
20
1.0676593700787402
11
-0.809701220472441
21
1.061361811023622
0
LINE
8
BLACK
6
CONTINUOUS
10
-0.809701220472441
20
1.061361811023622
11
-0.8058972834645669
21
1.0582400787401574
0
LINE
8
BLACK
6
CONTINUOUS
10
-0.8058972834645669
20
1.0582400787401574
11
-0.8034035433070866
21
1.0561935039370078
0
LINE
8
BLACK
6
CONTINUOUS
10
-0.8034035433070866
20
1.0561935039370078
11
-0.7962186614173228
21
1.0523530708661417
0
LINE
8
BLACK
6
CONTINUOUS
10
-0.7962186614173228
20
1.0523530708661417
11
-0.7884225984251968
21
1.049988188976378
0
LINE
8
BLACK
6
CONTINUOUS
10
-0.7884225984251968
20
1.049988188976378
11
-0.7884226377952755
21
1.049988188976378
0
LINE
8
BLACK
6
CONTINUOUS
10
-0.7884226377952755
20
1.049988188976378
11
-0.7876957086614174
21
1.0499166141732283
0
LINE
8
BLACK
6
CONTINUOUS
10
-0.7876957086614174
20
1.0499166141732283
11
-0.7803149606299212
21
1.0491896456692913
0
LINE
8
BLACK
6
CONTINUOUS
10
-0.7803149606299212
20
1.0491896456692913
11
-0.7722073228346457
21
1.049988188976378
0
LINE
8
BLACK
6
CONTINUOUS
10
-0.7722073228346457
20
1.049988188976378
11
-0.7644112598425197
21
1.0523530708661417
0
LINE
8
BLACK
6
CONTINUOUS
10
-0.7644112598425197
20
1.0523530708661417
11
-0.7572263779527559
21
1.0561935039370078
0
LINE
8
BLACK
6
CONTINUOUS
10
-0.7572263779527559
20
1.0561935039370078
11
-0.7509287401574803
21
1.061361811023622
0
LINE
8
BLACK
6
CONTINUOUS
10
-0.7509287401574803
20
1.061361811023622
11
-0.7457604330708661
21
1.0676594488188975
0
LINE
8
BLACK
6
CONTINUOUS
10
-0.7457604330708661
20
1.0676594488188975
11
-0.74192
21
1.0748443307086615
0
LINE
8
BLACK
6
CONTINUOUS
10
-0.74192
20
1.0748443307086615
11
-0.7395551181102362
21
1.0826403937007874
0
LINE
8
BLACK
6
CONTINUOUS
10
-0.7395551181102362
20
1.0826403937007874
11
-0.7387565748031496
21
1.0907480314960629
0
LINE
8
BLACK
6
CONTINUOUS
10
-0.7387565748031496
20
1.0907480314960629
11
-0.7395551181102362
21
1.0988556692913385
0
LINE
8
BLACK
6
CONTINUOUS
10
-0.7395551181102362
20
1.0988556692913385
11
-0.74192
21
1.1066517322834646
0
LINE
8
BLACK
6
CONTINUOUS
10
-0.74192
20
1.1066517322834646
11
-0.7457604330708661
21
1.1138366141732283
0
LINE
8
BLACK
6
CONTINUOUS
10
-0.7457604330708661
20
1.1138366141732283
11
-0.7488886614173228
21
1.1176483858267716
0
LINE
8
BLACK
6
CONTINUOUS
10
-0.7488886614173228
20
1.1176483858267716
11
-0.7509287401574803
21
1.1201342913385826
0
LINE
8
BLACK
6
CONTINUOUS
10
-0.7509287401574803
20
1.1201342913385826
11
-0.7556704330708661
21
1.1240256299212599
0
LINE
8
BLACK
6
CONTINUOUS
10
-0.7556704330708661
20
1.1240256299212599
11
-0.7572263779527559
21
1.125302559055118
0
LINE
8
BLACK
6
CONTINUOUS
10
-0.7572263779527559
20
1.125302559055118
11
-0.7644112598425197
21
1.1291429921259841
0
LINE
8
BLACK
6
CONTINUOUS
10
-0.7644112598425197
20
1.1291429921259841
11
-0.7722073228346457
21
1.131507874015748
0
LINE
8
BLACK
6
CONTINUOUS
10
-0.7722073228346457
20
1.131507874015748
11
-0.7722074015748032
21
1.1315079133858268
0
LINE
8
BLACK
6
CONTINUOUS
10
-0.7722074015748032
20
1.1315079133858268
11
-0.7722073228346457
21
1.1315079133858268
0
LINE
8
BLACK
6
CONTINUOUS
10
-0.7722073228346457
20
1.1315079133858268
11
-0.7803149606299212
21
1.1323064173228345
0
LINE
8
BLACK
6
CONTINUOUS
10
-0.7803149606299212
20
1.1323064173228345
11
-0.788422559055118
21
1.1315079133858268
0
LINE
8
BLACK
6
CONTINUOUS
10
-0.788422559055118
20
1.1315079133858268
11
-0.7947973622047244
21
1.1295741338582677
0
LINE
8
BLACK
6
CONTINUOUS
10
-0.7947973622047244
20
1.1295741338582677
11
-0.7960622440944882
21
1.1291904330708662
0
LINE
8
BLACK
6
CONTINUOUS
10
-0.7960622440944882
20
1.1291904330708662
11
-0.796218779527559
21
1.1291429527559056
0
LINE
8
BLACK
6
CONTINUOUS
10
-0.796218779527559
20
1.1291429527559056
11
-0.8005551968503937
21
1.1268250787401575
0
LINE
8
BLACK
6
CONTINUOUS
10
-0.8005551968503937
20
1.1268250787401575
11
-0.8034035433070866
21
1.125302559055118
0
LINE
8
BLACK
6
CONTINUOUS
10
-0.8034035433070866
20
1.125302559055118
11
-0.803403622047244
21
1.1253025196850392
0
LINE
8
BLACK
6
CONTINUOUS
10
-0.803403622047244
20
1.1253025196850392
11
-0.8034036614173228
21
1.1253024803149605
0
LINE
8
BLACK
6
CONTINUOUS
10
-0.8034036614173228
20
1.1253024803149605
11
-0.809701220472441
21
1.1201342913385826
0
LINE
8
BLACK
6
CONTINUOUS
10
-0.809701220472441
20
1.1201342913385826
11
-0.8148694094488189
21
1.1138367322834646
0
LINE
8
BLACK
6
CONTINUOUS
10
-0.8148694094488189
20
1.1138367322834646
11
-0.8187098818897638
21
1.1066518503937008
0
LINE
8
BLACK
6
CONTINUOUS
10
-0.8187098818897638
20
1.1066518503937008
11
-0.821074842519685
21
1.0988556299212597
0
LINE
8
BLACK
6
CONTINUOUS
10
-0.821074842519685
20
1.0988556299212597
11
-0.8218733464566929
21
1.0907480314960629
0
LINE
8
BLACK
6
CONTINUOUS
10
-0.8218733464566929
20
1.0907480314960629
11
-0.821074842519685
21
1.0826404724409449
0
LINE
8
BLACK
6
CONTINUOUS
10
-0.5707870866141732
20
1.2141884645669292
11
-0.5782826771653543
21
1.2119146850393701
0
LINE
8
BLACK
6
CONTINUOUS
10
-0.5782826771653543
20
1.2119146850393701
11
-0.5833036614173228
21
1.2092309448818896
0
LINE
8
BLACK
6
CONTINUOUS
10
-0.5833036614173228
20
1.2092309448818896
11
-0.577427874015748
21
1.203355157480315
0
LINE
8
BLACK
6
CONTINUOUS
10
-0.577427874015748
20
1.203355157480315
11
-0.5768285826771653
21
1.2037316929133859
0
LINE
8
BLACK
6
CONTINUOUS
10
-0.5768285826771653
20
1.2037316929133859
11
-0.5700882677165354
21
1.2060902362204724
0
LINE
8
BLACK
6
CONTINUOUS
10
-0.5700882677165354
20
1.2060902362204724
11
-0.562992125984252
21
1.2068897637795275
0
LINE
8
BLACK
6
CONTINUOUS
10
-0.562992125984252
20
1.2068897637795275
11
-0.5558959842519685
21
1.2060902362204724
0
LINE
8
BLACK
6
CONTINUOUS
10
-0.5558959842519685
20
1.2060902362204724
11
-0.5491556692913385
21
1.2037316929133859
0
LINE
8
BLACK
6
CONTINUOUS
10
-0.5491556692913385
20
1.2037316929133859
11
-0.5485564566929134
21
1.2033551968503937
0
LINE
8
BLACK
6
CONTINUOUS
10
-0.5485564566929134
20
1.2033551968503937
11
-0.5426806692913386
21
1.2092309448818896
0
LINE
8
BLACK
6
CONTINUOUS
10
-0.5426806692913386
20
1.2092309448818896
11
-0.5426806692913386
21
1.2092309842519684
0
LINE
8
BLACK
6
CONTINUOUS
10
-0.5426806692913386
20
1.2092309842519684
11
-0.5477013385826771
21
1.2119146062992125
0
LINE
8
BLACK
6
CONTINUOUS
10
-0.5477013385826771
20
1.2119146062992125
11
-0.5551972047244095
21
1.2141884645669292
0
LINE
8
BLACK
6
CONTINUOUS
10
-0.5551972047244095
20
1.2141884645669292
11
-0.562992125984252
21
1.2149561811023621
0
LINE
8
BLACK
6
CONTINUOUS
10
-0.562992125984252
20
1.2149561811023621
11
-0.5707870866141732
21
1.2141884645669292
0
LINE
8
BLACK
6
CONTINUOUS
10
-0.4723618897637795
20
1.2141884645669292
11
-0.4798574803149606
21
1.2119146850393701
0
LINE
8
BLACK
6
CONTINUOUS
10
-0.4798574803149606
20
1.2119146850393701
11
-0.4848784645669291
21
1.2092309448818896
0
LINE
8
BLACK
6
CONTINUOUS
10
-0.4848784645669291
20
1.2092309448818896
11
-0.4790026771653543
21
1.203355157480315
0
LINE
8
BLACK
6
CONTINUOUS
10
-0.4790026771653543
20
1.203355157480315
11
-0.4784033858267717
21
1.2037316929133859
0
LINE
8
BLACK
6
CONTINUOUS
10
-0.4784033858267717
20
1.2037316929133859
11
-0.4716630708661417
21
1.2060902362204724
0
LINE
8
BLACK
6
CONTINUOUS
10
-0.4716630708661417
20
1.2060902362204724
11
-0.4645669291338583
21
1.2068897637795275
0
LINE
8
BLACK
6
CONTINUOUS
10
-0.4645669291338583
20
1.2068897637795275
11
-0.4574707874015748
21
1.2060902362204724
0
LINE
8
BLACK
6
CONTINUOUS
10
-0.4574707874015748
20
1.2060902362204724
11
-0.4507304724409449
21
1.2037316929133859
0
LINE
8
BLACK
6
CONTINUOUS
10
-0.4507304724409449
20
1.2037316929133859
11
-0.4501312598425197
21
1.2033551968503937
0
LINE
8
BLACK
6
CONTINUOUS
10
-0.4501312598425197
20
1.2033551968503937
11
-0.4442554724409449
21
1.2092309448818896
0
LINE
8
BLACK
6
CONTINUOUS
10
-0.4442554724409449
20
1.2092309448818896
11
-0.4442554724409449
21
1.2092309842519684
0
LINE
8
BLACK
6
CONTINUOUS
10
-0.4442554724409449
20
1.2092309842519684
11
-0.4492761417322835
21
1.2119146062992125
0
LINE
8
BLACK
6
CONTINUOUS
10
-0.4492761417322835
20
1.2119146062992125
11
-0.4567720078740157
21
1.2141884645669292
0
LINE
8
BLACK
6
CONTINUOUS
10
-0.4567720078740157
20
1.2141884645669292
11
-0.4645669291338583
21
1.2149561811023621
0
LINE
8
BLACK
6
CONTINUOUS
10
-0.4645669291338583
20
1.2149561811023621
11
-0.4723618897637795
21
1.2141884645669292
0
LINE
8
BLACK
6
CONTINUOUS
10
-0.3739366929133858
20
1.2141884645669292
11
-0.3814322834645669
21
1.2119146850393701
0
LINE
8
BLACK
6
CONTINUOUS
10
-0.3814322834645669
20
1.2119146850393701
11
-0.3864532677165354
21
1.2092309448818896
0
LINE
8
BLACK
6
CONTINUOUS
10
-0.3864532677165354
20
1.2092309448818896
11
-0.3805774803149606
21
1.203355157480315
0
LINE
8
BLACK
6
CONTINUOUS
10
-0.3805774803149606
20
1.203355157480315
11
-0.3799781889763779
21
1.2037316929133859
0
LINE
8
BLACK
6
CONTINUOUS
10
-0.3799781889763779
20
1.2037316929133859
11
-0.373237874015748
21
1.2060902362204724
0
LINE
8
BLACK
6
CONTINUOUS
10
-0.373237874015748
20
1.2060902362204724
11
-0.3661417322834646
21
1.2068897637795275
0
LINE
8
BLACK
6
CONTINUOUS
10
-0.3661417322834646
20
1.2068897637795275
11
-0.3590455905511811
21
1.2060902362204724
0
LINE
8
BLACK
6
CONTINUOUS
10
-0.3590455905511811
20
1.2060902362204724
11
-0.3523052755905512
21
1.2037316929133859
0
LINE
8
BLACK
6
CONTINUOUS
10
-0.3523052755905512
20
1.2037316929133859
11
-0.351706062992126
21
1.2033551968503937
0
LINE
8
BLACK
6
CONTINUOUS
10
-0.351706062992126
20
1.2033551968503937
11
-0.3458302755905512
21
1.2092309448818896
0
LINE
8
BLACK
6
CONTINUOUS
10
-0.3458302755905512
20
1.2092309448818896
11
-0.3458302755905512
21
1.2092309842519684
0
LINE
8
BLACK
6
CONTINUOUS
10
-0.3458302755905512
20
1.2092309842519684
11
-0.3508509448818898
21
1.2119146062992125
0
LINE
8
BLACK
6
CONTINUOUS
10
-0.3508509448818898
20
1.2119146062992125
11
-0.358346811023622
21
1.2141884645669292
0
LINE
8
BLACK
6
CONTINUOUS
10
-0.358346811023622
20
1.2141884645669292
11
-0.3661417322834646
21
1.2149561811023621
0
LINE
8
BLACK
6
CONTINUOUS
10
-0.3661417322834646
20
1.2149561811023621
11
-0.3739366929133858
21
1.2141884645669292
0
LINE
8
BLACK
6
CONTINUOUS
10
-0.2755114960629921
20
1.2141884645669292
11
-0.2830070866141732
21
1.2119146850393701
0
LINE
8
BLACK
6
CONTINUOUS
10
-0.2830070866141732
20
1.2119146850393701
11
-0.2880280708661417
21
1.2092309448818896
0
LINE
8
BLACK
6
CONTINUOUS
10
-0.2880280708661417
20
1.2092309448818896
11
-0.2821522834645669
21
1.203355157480315
0
LINE
8
BLACK
6
CONTINUOUS
10
-0.2821522834645669
20
1.203355157480315
11
-0.2815529921259842
21
1.2037316929133859
0
LINE
8
BLACK
6
CONTINUOUS
10
-0.2815529921259842
20
1.2037316929133859
11
-0.2748126771653543
21
1.2060902362204724
0
LINE
8
BLACK
6
CONTINUOUS
10
-0.2748126771653543
20
1.2060902362204724
11
-0.2677165354330708
21
1.2068897637795275
0
LINE
8
BLACK
6
CONTINUOUS
10
-0.2677165354330708
20
1.2068897637795275
11
-0.2606203937007874
21
1.2060902362204724
0
LINE
8
BLACK
6
CONTINUOUS
10
-0.2606203937007874
20
1.2060902362204724
11
-0.2538800787401575
21
1.2037316929133859
0
LINE
8
BLACK
6
CONTINUOUS
10
-0.2538800787401575
20
1.2037316929133859
11
-0.2532808661417323
21
1.2033551968503937
0
LINE
8
BLACK
6
CONTINUOUS
10
-0.2532808661417323
20
1.2033551968503937
11
-0.2474050787401575
21
1.2092309448818896
0
LINE
8
BLACK
6
CONTINUOUS
10
-0.2474050787401575
20
1.2092309448818896
11
-0.2474050787401575
21
1.2092309842519684
0
LINE
8
BLACK
6
CONTINUOUS
10
-0.2474050787401575
20
1.2092309842519684
11
-0.252425748031496
21
1.2119146062992125
0
LINE
8
BLACK
6
CONTINUOUS
10
-0.252425748031496
20
1.2119146062992125
11
-0.2599216141732283
21
1.2141884645669292
0
LINE
8
BLACK
6
CONTINUOUS
10
-0.2599216141732283
20
1.2141884645669292
11
-0.2677165354330708
21
1.2149561811023621
0
LINE
8
BLACK
6
CONTINUOUS
10
-0.2677165354330708
20
1.2149561811023621
11
-0.2755114960629921
21
1.2141884645669292
0
LINE
8
BLACK
6
CONTINUOUS
10
-0.1770862992125984
20
1.2141884645669292
11
-0.1845818897637795
21
1.2119146850393701
0
LINE
8
BLACK
6
CONTINUOUS
10
-0.1845818897637795
20
1.2119146850393701
11
-0.189602874015748
21
1.2092309448818896
0
LINE
8
BLACK
6
CONTINUOUS
10
-0.189602874015748
20
1.2092309448818896
11
-0.1837270866141732
21
1.203355157480315
0
LINE
8
BLACK
6
CONTINUOUS
10
-0.1837270866141732
20
1.203355157480315
11
-0.1831277952755906
21
1.2037316929133859
0
LINE
8
BLACK
6
CONTINUOUS
10
-0.1831277952755906
20
1.2037316929133859
11
-0.1763874803149606
21
1.2060902362204724
0
LINE
8
BLACK
6
CONTINUOUS
10
-0.1763874803149606
20
1.2060902362204724
11
-0.1692913385826772
21
1.2068897637795275
0
LINE
8
BLACK
6
CONTINUOUS
10
-0.1692913385826772
20
1.2068897637795275
11
-0.1621951968503937
21
1.2060902362204724
0
LINE
8
BLACK
6
CONTINUOUS
10
-0.1621951968503937
20
1.2060902362204724
11
-0.1554548818897638
21
1.2037316929133859
0
LINE
8
BLACK
6
CONTINUOUS
10
-0.1554548818897638
20
1.2037316929133859
11
-0.1548556692913386
21
1.2033551968503937
0
LINE
8
BLACK
6
CONTINUOUS
10
-0.1548556692913386
20
1.2033551968503937
11
-0.1489798818897638
21
1.2092309448818896
0
LINE
8
BLACK
6
CONTINUOUS
10
-0.1489798818897638
20
1.2092309448818896
11
-0.1489798818897638
21
1.2092309842519684
0
LINE
8
BLACK
6
CONTINUOUS
10
-0.1489798818897638
20
1.2092309842519684
11
-0.1540005511811024
21
1.2119146062992125
0
LINE
8
BLACK
6
CONTINUOUS
10
-0.1540005511811024
20
1.2119146062992125
11
-0.1614964173228347
21
1.2141884645669292
0
LINE
8
BLACK
6
CONTINUOUS
10
-0.1614964173228347
20
1.2141884645669292
11
-0.1692913385826772
21
1.2149561811023621
0
LINE
8
BLACK
6
CONTINUOUS
10
-0.1692913385826772
20
1.2149561811023621
11
-0.1770862992125984
21
1.2141884645669292
0
LINE
8
BLACK
6
CONTINUOUS
10
-0.5491556692913385
20
1.2643785433070867
11
-0.5558959842519685
21
1.2620199999999999
0
LINE
8
BLACK
6
CONTINUOUS
10
-0.5558959842519685
20
1.2620199999999999
11
-0.562992125984252
21
1.2612204724409448
0
LINE
8
BLACK
6
CONTINUOUS
10
-0.562992125984252
20
1.2612204724409448
11
-0.5700882677165354
21
1.2620199999999999
0
LINE
8
BLACK
6
CONTINUOUS
10
-0.5700882677165354
20
1.2620199999999999
11
-0.5768285826771653
21
1.2643785433070867
0
LINE
8
BLACK
6
CONTINUOUS
10
-0.5768285826771653
20
1.2643785433070867
11
-0.5774279133858268
21
1.2647551181102361
0
LINE
8
BLACK
6
CONTINUOUS
10
-0.5774279133858268
20
1.2647551181102361
11
-0.5833037007874016
21
1.2588793307086614
0
LINE
8
BLACK
6
CONTINUOUS
10
-0.5833037007874016
20
1.2588793307086614
11
-0.5782829133858267
21
1.2561956692913385
0
LINE
8
BLACK
6
CONTINUOUS
10
-0.5782829133858267
20
1.2561956692913385
11
-0.5707870866141732
21
1.2539218110236221
0
LINE
8
BLACK
6
CONTINUOUS
10
-0.5707870866141732
20
1.2539218110236221
11
-0.562992125984252
21
1.2531540944881889
0
LINE
8
BLACK
6
CONTINUOUS
10
-0.562992125984252
20
1.2531540944881889
11
-0.5551972047244095
21
1.2539218110236221
0
LINE
8
BLACK
6
CONTINUOUS
10
-0.5551972047244095
20
1.2539218110236221
11
-0.5477014566929134
21
1.2561956299212598
0
LINE
8
BLACK
6
CONTINUOUS
10
-0.5477014566929134
20
1.2561956299212598
11
-0.5426806299212599
21
1.2588793700787402
0
LINE
8
BLACK
6
CONTINUOUS
10
-0.5426806299212599
20
1.2588793700787402
11
-0.5485563779527559
21
1.2647551181102361
0
LINE
8
BLACK
6
CONTINUOUS
10
-0.5485563779527559
20
1.2647551181102361
11
-0.5491556692913385
21
1.2643785433070867
0
LINE
8
BLACK
6
CONTINUOUS
10
-0.4507304724409449
20
1.2643785433070867
11
-0.4574707874015748
21
1.2620199999999999
0
LINE
8
BLACK
6
CONTINUOUS
10
-0.4574707874015748
20
1.2620199999999999
11
-0.4645669291338583
21
1.2612204724409448
0
LINE
8
BLACK
6
CONTINUOUS
10
-0.4645669291338583
20
1.2612204724409448
11
-0.4716630708661417
21
1.2620199999999999
0
LINE
8
BLACK
6
CONTINUOUS
10
-0.4716630708661417
20
1.2620199999999999
11
-0.4784033858267717
21
1.2643785433070867
0
LINE
8
BLACK
6
CONTINUOUS
10
-0.4784033858267717
20
1.2643785433070867
11
-0.4790027165354331
21
1.2647551181102361
0
LINE
8
BLACK
6
CONTINUOUS
10
-0.4790027165354331
20
1.2647551181102361
11
-0.4848785039370079
21
1.2588793307086614
0
LINE
8
BLACK
6
CONTINUOUS
10
-0.4848785039370079
20
1.2588793307086614
11
-0.4798577165354331
21
1.2561956692913385
0
LINE
8
BLACK
6
CONTINUOUS
10
-0.4798577165354331
20
1.2561956692913385
11
-0.4723618897637795
21
1.2539218110236221
0
LINE
8
BLACK
6
CONTINUOUS
10
-0.4723618897637795
20
1.2539218110236221
11
-0.4645669291338583
21
1.2531540944881889
0
LINE
8
BLACK
6
CONTINUOUS
10
-0.4645669291338583
20
1.2531540944881889
11
-0.4567720078740157
21
1.2539218110236221
0
LINE
8
BLACK
6
CONTINUOUS
10
-0.4567720078740157
20
1.2539218110236221
11
-0.4492762598425197
21
1.2561956299212598
0
LINE
8
BLACK
6
CONTINUOUS
10
-0.4492762598425197
20
1.2561956299212598
11
-0.4442554330708661
21
1.2588793700787402
0
LINE
8
BLACK
6
CONTINUOUS
10
-0.4442554330708661
20
1.2588793700787402
11
-0.4501311811023622
21
1.2647551181102361
0
LINE
8
BLACK
6
CONTINUOUS
10
-0.4501311811023622
20
1.2647551181102361
11
-0.4507304724409449
21
1.2643785433070867
0
LINE
8
BLACK
6
CONTINUOUS
10
-0.3523052755905512
20
1.2643785433070867
11
-0.3590455905511811
21
1.2620199999999999
0
LINE
8
BLACK
6
CONTINUOUS
10
-0.3590455905511811
20
1.2620199999999999
11
-0.3661417322834646
21
1.2612204724409448
0
LINE
8
BLACK
6
CONTINUOUS
10
-0.3661417322834646
20
1.2612204724409448
11
-0.373237874015748
21
1.2620199999999999
0
LINE
8
BLACK
6
CONTINUOUS
10
-0.373237874015748
20
1.2620199999999999
11
-0.3799781889763779
21
1.2643785433070867
0
LINE
8
BLACK
6
CONTINUOUS
10
-0.3799781889763779
20
1.2643785433070867
11
-0.3805775196850393
21
1.2647551181102361
0
LINE
8
BLACK
6
CONTINUOUS
10
-0.3805775196850393
20
1.2647551181102361
11
-0.3864533070866142
21
1.2588793307086614
0
LINE
8
BLACK
6
CONTINUOUS
10
-0.3864533070866142
20
1.2588793307086614
11
-0.3814325196850394
21
1.2561956692913385
0
LINE
8
BLACK
6
CONTINUOUS
10
-0.3814325196850394
20
1.2561956692913385
11
-0.3739366929133858
21
1.2539218110236221
0
LINE
8
BLACK
6
CONTINUOUS
10
-0.3739366929133858
20
1.2539218110236221
11
-0.3661417322834646
21
1.2531540944881889
0
LINE
8
BLACK
6
CONTINUOUS
10
-0.3661417322834646
20
1.2531540944881889
11
-0.358346811023622
21
1.2539218110236221
0
LINE
8
BLACK
6
CONTINUOUS
10
-0.358346811023622
20
1.2539218110236221
11
-0.350851062992126
21
1.2561956299212598
0
LINE
8
BLACK
6
CONTINUOUS
10
-0.350851062992126
20
1.2561956299212598
11
-0.3458302362204724
21
1.2588793700787402
0
LINE
8
BLACK
6
CONTINUOUS
10
-0.3458302362204724
20
1.2588793700787402
11
-0.3517059842519685
21
1.2647551181102361
0
LINE
8
BLACK
6
CONTINUOUS
10
-0.3517059842519685
20
1.2647551181102361
11
-0.3523052755905512
21
1.2643785433070867
0
LINE
8
BLACK
6
CONTINUOUS
10
-0.2538800787401575
20
1.2643785433070867
11
-0.2606203937007874
21
1.2620199999999999
0
LINE
8
BLACK
6
CONTINUOUS
10
-0.2606203937007874
20
1.2620199999999999
11
-0.2677165354330708
21
1.2612204724409448
0
LINE
8
BLACK
6
CONTINUOUS
10
-0.2677165354330708
20
1.2612204724409448
11
-0.2748126771653543
21
1.2620199999999999
0
LINE
8
BLACK
6
CONTINUOUS
10
-0.2748126771653543
20
1.2620199999999999
11
-0.2815529921259842
21
1.2643785433070867
0
LINE
8
BLACK
6
CONTINUOUS
10
-0.2815529921259842
20
1.2643785433070867
11
-0.2821523228346456
21
1.2647551181102361
0
LINE
8
BLACK
6
CONTINUOUS
10
-0.2821523228346456
20
1.2647551181102361
11
-0.2880281102362205
21
1.2588793307086614
0
LINE
8
BLACK
6
CONTINUOUS
10
-0.2880281102362205
20
1.2588793307086614
11
-0.2830073228346456
21
1.2561956692913385
0
LINE
8
BLACK
6
CONTINUOUS
10
-0.2830073228346456
20
1.2561956692913385
11
-0.2755114960629921
21
1.2539218110236221
0
LINE
8
BLACK
6
CONTINUOUS
10
-0.2755114960629921
20
1.2539218110236221
11
-0.2677165354330708
21
1.2531540944881889
0
LINE
8
BLACK
6
CONTINUOUS
10
-0.2677165354330708
20
1.2531540944881889
11
-0.2599216141732283
21
1.2539218110236221
0
LINE
8
BLACK
6
CONTINUOUS
10
-0.2599216141732283
20
1.2539218110236221
11
-0.2524258661417323
21
1.2561956299212598
0
LINE
8
BLACK
6
CONTINUOUS
10
-0.2524258661417323
20
1.2561956299212598
11
-0.2474050393700787
21
1.2588793700787402
0
LINE
8
BLACK
6
CONTINUOUS
10
-0.2474050393700787
20
1.2588793700787402
11
-0.2532807874015748
21
1.2647551181102361
0
LINE
8
BLACK
6
CONTINUOUS
10
-0.2532807874015748
20
1.2647551181102361
11
-0.2538800787401575
21
1.2643785433070867
0
LINE
8
BLACK
6
CONTINUOUS
10
-0.1554548818897638
20
1.2643785433070867
11
-0.1621951968503937
21
1.2620199999999999
0
LINE
8
BLACK
6
CONTINUOUS
10
-0.1621951968503937
20
1.2620199999999999
11
-0.1692913385826772
21
1.2612204724409448
0
LINE
8
BLACK
6
CONTINUOUS
10
-0.1692913385826772
20
1.2612204724409448
11
-0.1763874803149606
21
1.2620199999999999
0
LINE
8
BLACK
6
CONTINUOUS
10
-0.1763874803149606
20
1.2620199999999999
11
-0.1831277952755906
21
1.2643785433070867
0
LINE
8
BLACK
6
CONTINUOUS
10
-0.1831277952755906
20
1.2643785433070867
11
-0.183727125984252
21
1.2647551181102361
0
LINE
8
BLACK
6
CONTINUOUS
10
-0.183727125984252
20
1.2647551181102361
11
-0.1896029133858268
21
1.2588793307086614
0
LINE
8
BLACK
6
CONTINUOUS
10
-0.1896029133858268
20
1.2588793307086614
11
-0.184582125984252
21
1.2561956692913385
0
LINE
8
BLACK
6
CONTINUOUS
10
-0.184582125984252
20
1.2561956692913385
11
-0.1770862992125984
21
1.2539218110236221
0
LINE
8
BLACK
6
CONTINUOUS
10
-0.1770862992125984
20
1.2539218110236221
11
-0.1692913385826772
21
1.2531540944881889
0
LINE
8
BLACK
6
CONTINUOUS
10
-0.1692913385826772
20
1.2531540944881889
11
-0.1614964173228347
21
1.2539218110236221
0
LINE
8
BLACK
6
CONTINUOUS
10
-0.1614964173228347
20
1.2539218110236221
11
-0.1540006692913386
21
1.2561956299212598
0
LINE
8
BLACK
6
CONTINUOUS
10
-0.1540006692913386
20
1.2561956299212598
11
-0.148979842519685
21
1.2588793700787402
0
LINE
8
BLACK
6
CONTINUOUS
10
-0.148979842519685
20
1.2588793700787402
11
-0.1548555905511811
21
1.2647551181102361
0
LINE
8
BLACK
6
CONTINUOUS
10
-0.1548555905511811
20
1.2647551181102361
11
-0.1554548818897638
21
1.2643785433070867
0
LINE
8
BLACK
6
CONTINUOUS
10
-0.1409362598425197
20
1.3075460629921261
11
-0.1405596456692913
21
1.3069466929133857
0
LINE
8
BLACK
6
CONTINUOUS
10
-0.1405596456692913
20
1.3069466929133857
11
-0.1382011023622047
21
1.300206377952756
0
LINE
8
BLACK
6
CONTINUOUS
10
-0.1382011023622047
20
1.300206377952756
11
-0.1374015748031496
21
1.2931102362204725
0
LINE
8
BLACK
6
CONTINUOUS
10
-0.1374015748031496
20
1.2931102362204725
11
-0.1382011023622047
21
1.286014094488189
0
LINE
8
BLACK
6
CONTINUOUS
10
-0.1382011023622047
20
1.286014094488189
11
-0.1405596456692913
21
1.2792737795275591
0
LINE
8
BLACK
6
CONTINUOUS
10
-0.1405596456692913
20
1.2792737795275591
11
-0.1409362204724409
21
1.2786745275590552
0
LINE
8
BLACK
6
CONTINUOUS
10
-0.1409362204724409
20
1.2786745275590552
11
-0.1350604330708661
21
1.2727987401574803
0
LINE
8
BLACK
6
CONTINUOUS
10
-0.1350604330708661
20
1.2727987401574803
11
-0.1323767322834646
21
1.2778195669291339
0
LINE
8
BLACK
6
CONTINUOUS
10
-0.1323767322834646
20
1.2778195669291339
11
-0.1301029133858268
21
1.2853153149606298
0
LINE
8
BLACK
6
CONTINUOUS
10
-0.1301029133858268
20
1.2853153149606298
11
-0.1293351968503937
21
1.2931102362204725
0
LINE
8
BLACK
6
CONTINUOUS
10
-0.1293351968503937
20
1.2931102362204725
11
-0.1301029133858268
21
1.3009051968503937
0
LINE
8
BLACK
6
CONTINUOUS
10
-0.1301029133858268
20
1.3009051968503937
11
-0.1323767716535433
21
1.3084010236220471
0
LINE
8
BLACK
6
CONTINUOUS
10
-0.1323767716535433
20
1.3084010236220471
11
-0.1350604330708661
21
1.313421811023622
0
LINE
8
BLACK
6
CONTINUOUS
10
-0.1350604330708661
20
1.313421811023622
11
-0.1409362598425197
21
1.3075460629921261
0
LINE
8
BLACK
6
CONTINUOUS
10
-0.5346370472440944
20
1.3075460629921261
11
-0.5342604330708661
21
1.3069466929133857
0
LINE
8
BLACK
6
CONTINUOUS
10
-0.5342604330708661
20
1.3069466929133857
11
-0.5319018897637795
21
1.300206377952756
0
LINE
8
BLACK
6
CONTINUOUS
10
-0.5319018897637795
20
1.300206377952756
11
-0.5311023622047244
21
1.2931102362204725
0
LINE
8
BLACK
6
CONTINUOUS
10
-0.5311023622047244
20
1.2931102362204725
11
-0.5319018897637795
21
1.286014094488189
0
LINE
8
BLACK
6
CONTINUOUS
10
-0.5319018897637795
20
1.286014094488189
11
-0.5342604330708661
21
1.2792737795275591
0
LINE
8
BLACK
6
CONTINUOUS
10
-0.5342604330708661
20
1.2792737795275591
11
-0.5346370078740157
21
1.2786745275590552
0
LINE
8
BLACK
6
CONTINUOUS
10
-0.5346370078740157
20
1.2786745275590552
11
-0.5287612598425196
21
1.272798779527559
0
LINE
8
BLACK
6
CONTINUOUS
10
-0.5287612598425196
20
1.272798779527559
11
-0.5260775196850394
21
1.2778195669291339
0
LINE
8
BLACK
6
CONTINUOUS
10
-0.5260775196850394
20
1.2778195669291339
11
-0.5238037007874016
21
1.2853153149606298
0
LINE
8
BLACK
6
CONTINUOUS
10
-0.5238037007874016
20
1.2853153149606298
11
-0.5230359842519685
21
1.2931102362204725
0
LINE
8
BLACK
6
CONTINUOUS
10
-0.5230359842519685
20
1.2931102362204725
11
-0.5238037007874016
21
1.3009051968503937
0
LINE
8
BLACK
6
CONTINUOUS
10
-0.5238037007874016
20
1.3009051968503937
11
-0.5260775590551181
21
1.3084010236220471
0
LINE
8
BLACK
6
CONTINUOUS
10
-0.5260775590551181
20
1.3084010236220471
11
-0.5287612204724409
21
1.313421811023622
0
LINE
8
BLACK
6
CONTINUOUS
10
-0.5287612204724409
20
1.313421811023622
11
-0.5346370472440944
21
1.3075460629921261
0
LINE
8
BLACK
6
CONTINUOUS
10
-0.4362118503937008
20
1.3075460629921261
11
-0.4358352362204724
21
1.3069466929133857
0
LINE
8
BLACK
6
CONTINUOUS
10
-0.4358352362204724
20
1.3069466929133857
11
-0.4334766929133858
21
1.300206377952756
0
LINE
8
BLACK
6
CONTINUOUS
10
-0.4334766929133858
20
1.300206377952756
11
-0.4326771653543307
21
1.2931102362204725
0
LINE
8
BLACK
6
CONTINUOUS
10
-0.4326771653543307
20
1.2931102362204725
11
-0.4334766929133858
21
1.286014094488189
0
LINE
8
BLACK
6
CONTINUOUS
10
-0.4334766929133858
20
1.286014094488189
11
-0.4358352362204724
21
1.2792737795275591
0
LINE
8
BLACK
6
CONTINUOUS
10
-0.4358352362204724
20
1.2792737795275591
11
-0.4362118110236221
21
1.2786745275590552
0
LINE
8
BLACK
6
CONTINUOUS
10
-0.4362118110236221
20
1.2786745275590552
11
-0.430336062992126
21
1.272798779527559
0
LINE
8
BLACK
6
CONTINUOUS
10
-0.430336062992126
20
1.272798779527559
11
-0.4276523228346457
21
1.2778195669291339
0
LINE
8
BLACK
6
CONTINUOUS
10
-0.4276523228346457
20
1.2778195669291339
11
-0.4253785039370079
21
1.2853153149606298
0
LINE
8
BLACK
6
CONTINUOUS
10
-0.4253785039370079
20
1.2853153149606298
11
-0.4246107874015748
21
1.2931102362204725
0
LINE
8
BLACK
6
CONTINUOUS
10
-0.4246107874015748
20
1.2931102362204725
11
-0.4253785039370079
21
1.3009051968503937
0
LINE
8
BLACK
6
CONTINUOUS
10
-0.4253785039370079
20
1.3009051968503937
11
-0.4276523622047244
21
1.3084010236220471
0
LINE
8
BLACK
6
CONTINUOUS
10
-0.4276523622047244
20
1.3084010236220471
11
-0.4303360236220473
21
1.313421811023622
0
LINE
8
BLACK
6
CONTINUOUS
10
-0.4303360236220473
20
1.313421811023622
11
-0.4362118503937008
21
1.3075460629921261
0
LINE
8
BLACK
6
CONTINUOUS
10
-0.3377866535433071
20
1.3075460629921261
11
-0.3374100393700787
21
1.3069466929133857
0
LINE
8
BLACK
6
CONTINUOUS
10
-0.3374100393700787
20
1.3069466929133857
11
-0.3350514960629921
21
1.300206377952756
0
LINE
8
BLACK
6
CONTINUOUS
10
-0.3350514960629921
20
1.300206377952756
11
-0.334251968503937
21
1.2931102362204725
0
LINE
8
BLACK
6
CONTINUOUS
10
-0.334251968503937
20
1.2931102362204725
11
-0.3350514960629921
21
1.286014094488189
0
LINE
8
BLACK
6
CONTINUOUS
10
-0.3350514960629921
20
1.286014094488189
11
-0.3374100393700787
21
1.2792737795275591
0
LINE
8
BLACK
6
CONTINUOUS
10
-0.3374100393700787
20
1.2792737795275591
11
-0.3377866141732284
21
1.2786745275590552
0
LINE
8
BLACK
6
CONTINUOUS
10
-0.3377866141732284
20
1.2786745275590552
11
-0.3319108661417323
21
1.272798779527559
0
LINE
8
BLACK
6
CONTINUOUS
10
-0.3319108661417323
20
1.272798779527559
11
-0.329227125984252
21
1.2778195669291339
0
LINE
8
BLACK
6
CONTINUOUS
10
-0.329227125984252
20
1.2778195669291339
11
-0.3269533070866142
21
1.2853153149606298
0
LINE
8
BLACK
6
CONTINUOUS
10
-0.3269533070866142
20
1.2853153149606298
11
-0.3261855905511811
21
1.2931102362204725
0
LINE
8
BLACK
6
CONTINUOUS
10
-0.3261855905511811
20
1.2931102362204725
11
-0.3269533070866142
21
1.3009051968503937
0
LINE
8
BLACK
6
CONTINUOUS
10
-0.3269533070866142
20
1.3009051968503937
11
-0.3292271653543307
21
1.3084010236220471
0
LINE
8
BLACK
6
CONTINUOUS
10
-0.3292271653543307
20
1.3084010236220471
11
-0.3319108267716535
21
1.313421811023622
0
LINE
8
BLACK
6
CONTINUOUS
10
-0.3319108267716535
20
1.313421811023622
11
-0.3377866535433071
21
1.3075460629921261
0
LINE
8
BLACK
6
CONTINUOUS
10
-0.2393614566929134
20
1.3075460629921261
11
-0.238984842519685
21
1.3069466929133857
0
LINE
8
BLACK
6
CONTINUOUS
10
-0.238984842519685
20
1.3069466929133857
11
-0.2366262992125984
21
1.300206377952756
0
LINE
8
BLACK
6
CONTINUOUS
10
-0.2366262992125984
20
1.300206377952756
11
-0.2358267716535433
21
1.2931102362204725
0
LINE
8
BLACK
6
CONTINUOUS
10
-0.2358267716535433
20
1.2931102362204725
11
-0.2366262992125984
21
1.286014094488189
0
LINE
8
BLACK
6
CONTINUOUS
10
-0.2366262992125984
20
1.286014094488189
11
-0.238984842519685
21
1.2792737795275591
0
LINE
8
BLACK
6
CONTINUOUS
10
-0.238984842519685
20
1.2792737795275591
11
-0.2393614173228346
21
1.2786745275590552
0
LINE
8
BLACK
6
CONTINUOUS
10
-0.2393614173228346
20
1.2786745275590552
11
-0.2334856692913386
21
1.272798779527559
0
LINE
8
BLACK
6
CONTINUOUS
10
-0.2334856692913386
20
1.272798779527559
11
-0.2308019291338583
21
1.2778195669291339
0
LINE
8
BLACK
6
CONTINUOUS
10
-0.2308019291338583
20
1.2778195669291339
11
-0.2285281102362205
21
1.2853153149606298
0
LINE
8
BLACK
6
CONTINUOUS
10
-0.2285281102362205
20
1.2853153149606298
11
-0.2277603937007874
21
1.2931102362204725
0
LINE
8
BLACK
6
CONTINUOUS
10
-0.2277603937007874
20
1.2931102362204725
11
-0.2285281102362205
21
1.3009051968503937
0
LINE
8
BLACK
6
CONTINUOUS
10
-0.2285281102362205
20
1.3009051968503937
11
-0.230801968503937
21
1.3084010236220471
0
LINE
8
BLACK
6
CONTINUOUS
10
-0.230801968503937
20
1.3084010236220471
11
-0.2334856299212598
21
1.313421811023622
0
LINE
8
BLACK
6
CONTINUOUS
10
-0.2334856299212598
20
1.313421811023622
11
-0.2393614566929134
21
1.3075460629921261
0
LINE
8
BLACK
6
CONTINUOUS
10
-0.5707870866141732
20
1.3322987007874016
11
-0.5782826771653543
21
1.3300249212598425
0
LINE
8
BLACK
6
CONTINUOUS
10
-0.5782826771653543
20
1.3300249212598425
11
-0.5833036614173228
21
1.3273411811023621
0
LINE
8
BLACK
6
CONTINUOUS
10
-0.5833036614173228
20
1.3273411811023621
11
-0.577427874015748
21
1.3214653937007874
0
LINE
8
BLACK
6
CONTINUOUS
10
-0.577427874015748
20
1.3214653937007874
11
-0.5768285826771653
21
1.3218419291338583
0
LINE
8
BLACK
6
CONTINUOUS
10
-0.5768285826771653
20
1.3218419291338583
11
-0.5700882677165354
21
1.3242004724409449
0
LINE
8
BLACK
6
CONTINUOUS
10
-0.5700882677165354
20
1.3242004724409449
11
-0.562992125984252
21
1.325
0
LINE
8
BLACK
6
CONTINUOUS
10
-0.562992125984252
20
1.325
11
-0.5558959842519685
21
1.3242004724409449
0
LINE
8
BLACK
6
CONTINUOUS
10
-0.5558959842519685
20
1.3242004724409449
11
-0.5491556692913385
21
1.3218419291338583
0
LINE
8
BLACK
6
CONTINUOUS
10
-0.5491556692913385
20
1.3218419291338583
11
-0.5485564566929134
21
1.3214654330708662
0
LINE
8
BLACK
6
CONTINUOUS
10
-0.5485564566929134
20
1.3214654330708662
11
-0.5426806692913386
21
1.3273411811023621
0
LINE
8
BLACK
6
CONTINUOUS
10
-0.5426806692913386
20
1.3273411811023621
11
-0.5426806692913386
21
1.3273412204724409
0
LINE
8
BLACK
6
CONTINUOUS
10
-0.5426806692913386
20
1.3273412204724409
11
-0.5477013385826771
21
1.330024842519685
0
LINE
8
BLACK
6
CONTINUOUS
10
-0.5477013385826771
20
1.330024842519685
11
-0.5551972047244095
21
1.3322987007874016
0
LINE
8
BLACK
6
CONTINUOUS
10
-0.5551972047244095
20
1.3322987007874016
11
-0.562992125984252
21
1.3330664173228346
0
LINE
8
BLACK
6
CONTINUOUS
10
-0.562992125984252
20
1.3330664173228346
11
-0.5707870866141732
21
1.3322987007874016
0
LINE
8
BLACK
6
CONTINUOUS
10
-0.4723618897637795
20
1.3322987007874016
11
-0.4798574803149606
21
1.3300249212598425
0
LINE
8
BLACK
6
CONTINUOUS
10
-0.4798574803149606
20
1.3300249212598425
11
-0.4848784645669291
21
1.3273411811023621
0
LINE
8
BLACK
6
CONTINUOUS
10
-0.4848784645669291
20
1.3273411811023621
11
-0.4790026771653543
21
1.3214653937007874
0
LINE
8
BLACK
6
CONTINUOUS
10
-0.4790026771653543
20
1.3214653937007874
11
-0.4784033858267717
21
1.3218419291338583
0
LINE
8
BLACK
6
CONTINUOUS
10
-0.4784033858267717
20
1.3218419291338583
11
-0.4716630708661417
21
1.3242004724409449
0
LINE
8
BLACK
6
CONTINUOUS
10
-0.4716630708661417
20
1.3242004724409449
11
-0.4645669291338583
21
1.325
0
LINE
8
BLACK
6
CONTINUOUS
10
-0.4645669291338583
20
1.325
11
-0.4574707874015748
21
1.3242004724409449
0
LINE
8
BLACK
6
CONTINUOUS
10
-0.4574707874015748
20
1.3242004724409449
11
-0.4507304724409449
21
1.3218419291338583
0
LINE
8
BLACK
6
CONTINUOUS
10
-0.4507304724409449
20
1.3218419291338583
11
-0.4501312598425197
21
1.3214654330708662
0
LINE
8
BLACK
6
CONTINUOUS
10
-0.4501312598425197
20
1.3214654330708662
11
-0.4442554724409449
21
1.3273411811023621
0
LINE
8
BLACK
6
CONTINUOUS
10
-0.4442554724409449
20
1.3273411811023621
11
-0.4442554724409449
21
1.3273412204724409
0
LINE
8
BLACK
6
CONTINUOUS
10
-0.4442554724409449
20
1.3273412204724409
11
-0.4492761417322835
21
1.330024842519685
0
LINE
8
BLACK
6
CONTINUOUS
10
-0.4492761417322835
20
1.330024842519685
11
-0.4567720078740157
21
1.3322987007874016
0
LINE
8
BLACK
6
CONTINUOUS
10
-0.4567720078740157
20
1.3322987007874016
11
-0.4645669291338583
21
1.3330664173228346
0
LINE
8
BLACK
6
CONTINUOUS
10
-0.4645669291338583
20
1.3330664173228346
11
-0.4723618897637795
21
1.3322987007874016
0
LINE
8
BLACK
6
CONTINUOUS
10
-0.3739366929133858
20
1.3322987007874016
11
-0.3814322834645669
21
1.3300249212598425
0
LINE
8
BLACK
6
CONTINUOUS
10
-0.3814322834645669
20
1.3300249212598425
11
-0.3864532677165354
21
1.3273411811023621
0
LINE
8
BLACK
6
CONTINUOUS
10
-0.3864532677165354
20
1.3273411811023621
11
-0.3805774803149606
21
1.3214653937007874
0
LINE
8
BLACK
6
CONTINUOUS
10
-0.3805774803149606
20
1.3214653937007874
11
-0.3799781889763779
21
1.3218419291338583
0
LINE
8
BLACK
6
CONTINUOUS
10
-0.3799781889763779
20
1.3218419291338583
11
-0.373237874015748
21
1.3242004724409449
0
LINE
8
BLACK
6
CONTINUOUS
10
-0.373237874015748
20
1.3242004724409449
11
-0.3661417322834646
21
1.325
0
LINE
8
BLACK
6
CONTINUOUS
10
-0.3661417322834646
20
1.325
11
-0.3590455905511811
21
1.3242004724409449
0
LINE
8
BLACK
6
CONTINUOUS
10
-0.3590455905511811
20
1.3242004724409449
11
-0.3523052755905512
21
1.3218419291338583
0
LINE
8
BLACK
6
CONTINUOUS
10
-0.3523052755905512
20
1.3218419291338583
11
-0.351706062992126
21
1.3214654330708662
0
LINE
8
BLACK
6
CONTINUOUS
10
-0.351706062992126
20
1.3214654330708662
11
-0.3458302755905512
21
1.3273411811023621
0
LINE
8
BLACK
6
CONTINUOUS
10
-0.3458302755905512
20
1.3273411811023621
11
-0.3458302755905512
21
1.3273412204724409
0
LINE
8
BLACK
6
CONTINUOUS
10
-0.3458302755905512
20
1.3273412204724409
11
-0.3508509448818898
21
1.330024842519685
0
LINE
8
BLACK
6
CONTINUOUS
10
-0.3508509448818898
20
1.330024842519685
11
-0.358346811023622
21
1.3322987007874016
0
LINE
8
BLACK
6
CONTINUOUS
10
-0.358346811023622
20
1.3322987007874016
11
-0.3661417322834646
21
1.3330664173228346
0
LINE
8
BLACK
6
CONTINUOUS
10
-0.3661417322834646
20
1.3330664173228346
11
-0.3739366929133858
21
1.3322987007874016
0
LINE
8
BLACK
6
CONTINUOUS
10
-0.2755114960629921
20
1.3322987007874016
11
-0.2830070866141732
21
1.3300249212598425
0
LINE
8
BLACK
6
CONTINUOUS
10
-0.2830070866141732
20
1.3300249212598425
11
-0.2880280708661417
21
1.3273411811023621
0
LINE
8
BLACK
6
CONTINUOUS
10
-0.2880280708661417
20
1.3273411811023621
11
-0.2821522834645669
21
1.3214653937007874
0
LINE
8
BLACK
6
CONTINUOUS
10
-0.2821522834645669
20
1.3214653937007874
11
-0.2815529921259842
21
1.3218419291338583
0
LINE
8
BLACK
6
CONTINUOUS
10
-0.2815529921259842
20
1.3218419291338583
11
-0.2748126771653543
21
1.3242004724409449
0
LINE
8
BLACK
6
CONTINUOUS
10
-0.2748126771653543
20
1.3242004724409449
11
-0.2677165354330708
21
1.325
0
LINE
8
BLACK
6
CONTINUOUS
10
-0.2677165354330708
20
1.325
11
-0.2606203937007874
21
1.3242004724409449
0
LINE
8
BLACK
6
CONTINUOUS
10
-0.2606203937007874
20
1.3242004724409449
11
-0.2538800787401575
21
1.3218419291338583
0
LINE
8
BLACK
6
CONTINUOUS
10
-0.2538800787401575
20
1.3218419291338583
11
-0.2532808661417323
21
1.3214654330708662
0
LINE
8
BLACK
6
CONTINUOUS
10
-0.2532808661417323
20
1.3214654330708662
11
-0.2474050787401575
21
1.3273411811023621
0
LINE
8
BLACK
6
CONTINUOUS
10
-0.2474050787401575
20
1.3273411811023621
11
-0.2474050787401575
21
1.3273412204724409
0
LINE
8
BLACK
6
CONTINUOUS
10
-0.2474050787401575
20
1.3273412204724409
11
-0.252425748031496
21
1.330024842519685
0
LINE
8
BLACK
6
CONTINUOUS
10
-0.252425748031496
20
1.330024842519685
11
-0.2599216141732283
21
1.3322987007874016
0
LINE
8
BLACK
6
CONTINUOUS
10
-0.2599216141732283
20
1.3322987007874016
11
-0.2677165354330708
21
1.3330664173228346
0
LINE
8
BLACK
6
CONTINUOUS
10
-0.2677165354330708
20
1.3330664173228346
11
-0.2755114960629921
21
1.3322987007874016
0
LINE
8
BLACK
6
CONTINUOUS
10
-0.1770862992125984
20
1.3322987007874016
11
-0.1845818897637795
21
1.3300249212598425
0
LINE
8
BLACK
6
CONTINUOUS
10
-0.1845818897637795
20
1.3300249212598425
11
-0.189602874015748
21
1.3273411811023621
0
LINE
8
BLACK
6
CONTINUOUS
10
-0.189602874015748
20
1.3273411811023621
11
-0.1837270866141732
21
1.3214653937007874
0
LINE
8
BLACK
6
CONTINUOUS
10
-0.1837270866141732
20
1.3214653937007874
11
-0.1831277952755906
21
1.3218419291338583
0
LINE
8
BLACK
6
CONTINUOUS
10
-0.1831277952755906
20
1.3218419291338583
11
-0.1763874803149606
21
1.3242004724409449
0
LINE
8
BLACK
6
CONTINUOUS
10
-0.1763874803149606
20
1.3242004724409449
11
-0.1692913385826772
21
1.325
0
LINE
8
BLACK
6
CONTINUOUS
10
-0.1692913385826772
20
1.325
11
-0.1621951968503937
21
1.3242004724409449
0
LINE
8
BLACK
6
CONTINUOUS
10
-0.1621951968503937
20
1.3242004724409449
11
-0.1554548818897638
21
1.3218419291338583
0
LINE
8
BLACK
6
CONTINUOUS
10
-0.1554548818897638
20
1.3218419291338583
11
-0.1548556692913386
21
1.3214654330708662
0
LINE
8
BLACK
6
CONTINUOUS
10
-0.1548556692913386
20
1.3214654330708662
11
-0.1489798818897638
21
1.3273411811023621
0
LINE
8
BLACK
6
CONTINUOUS
10
-0.1489798818897638
20
1.3273411811023621
11
-0.1489798818897638
21
1.3273412204724409
0
LINE
8
BLACK
6
CONTINUOUS
10
-0.1489798818897638
20
1.3273412204724409
11
-0.1540005511811024
21
1.330024842519685
0
LINE
8
BLACK
6
CONTINUOUS
10
-0.1540005511811024
20
1.330024842519685
11
-0.1614964173228347
21
1.3322987007874016
0
LINE
8
BLACK
6
CONTINUOUS
10
-0.1614964173228347
20
1.3322987007874016
11
-0.1692913385826772
21
1.3330664173228346
0
LINE
8
BLACK
6
CONTINUOUS
10
-0.1692913385826772
20
1.3330664173228346
11
-0.1770862992125984
21
1.3322987007874016
0
LINE
8
BLACK
6
CONTINUOUS
10
-0.8245870866141732
20
1.3809055118110236
11
-0.822714094488189
21
1.3743226377952755
0
LINE
8
BLACK
6
CONTINUOUS
10
-0.822714094488189
20
1.3743226377952755
11
-0.8227138976377952
21
1.374322125984252
0
LINE
8
BLACK
6
CONTINUOUS
10
-0.8227138976377952
20
1.374322125984252
11
-0.8189739763779528
21
1.366811377952756
0
LINE
8
BLACK
6
CONTINUOUS
10
-0.8189739763779528
20
1.366811377952756
11
-0.8139173228346457
21
1.36011531496063
0
LINE
8
BLACK
6
CONTINUOUS
10
-0.8139173228346457
20
1.36011531496063
11
-0.8077165354330709
21
1.354462559055118
0
LINE
8
BLACK
6
CONTINUOUS
10
-0.8077165354330709
20
1.354462559055118
11
-0.8077164566929134
21
1.3544624803149605
0
LINE
8
BLACK
6
CONTINUOUS
10
-0.8077164566929134
20
1.3544624803149605
11
-0.8005826377952756
21
1.3500454330708662
0
LINE
8
BLACK
6
CONTINUOUS
10
-0.8005826377952756
20
1.3500454330708662
11
-0.8005824015748031
21
1.35004531496063
0
LINE
8
BLACK
6
CONTINUOUS
10
-0.8005824015748031
20
1.35004531496063
11
-0.7927582283464567
21
1.347014251968504
0
LINE
8
BLACK
6
CONTINUOUS
10
-0.7927582283464567
20
1.347014251968504
11
-0.7901574803149606
21
1.3465281102362205
0
LINE
8
BLACK
6
CONTINUOUS
10
-0.7901574803149606
20
1.3465281102362205
11
-0.7901574803149606
21
1.3588153937007874
0
LINE
8
BLACK
6
CONTINUOUS
10
-0.7901574803149606
20
1.3588153937007874
11
-0.790656062992126
21
1.3589213385826771
0
LINE
8
BLACK
6
CONTINUOUS
10
-0.790656062992126
20
1.3589213385826771
11
-0.7970472440944881
21
1.3617668503937008
0
LINE
8
BLACK
6
CONTINUOUS
10
-0.7970472440944881
20
1.3617668503937008
11
-0.802707125984252
21
1.3658790157480314
0
LINE
8
BLACK
6
CONTINUOUS
10
-0.802707125984252
20
1.3658790157480314
11
-0.8073883464566929
21
1.3710780708661416
0
LINE
8
BLACK
6
CONTINUOUS
10
-0.8073883464566929
20
1.3710780708661416
11
-0.8108863779527559
21
1.3771367716535432
0
LINE
8
BLACK
6
CONTINUOUS
10
-0.8108863779527559
20
1.3771367716535432
11
-0.812110905511811
21
1.3809055118110236
0
LINE
8
BLACK
6
CONTINUOUS
10
-0.812110905511811
20
1.3809055118110236
11
-0.8245870866141732
21
1.3809055118110236
0
LINE
8
BLACK
6
CONTINUOUS
10
-0.8497435433070866
20
1.3771367716535432
11
-0.8532415748031495
21
1.3710780708661416
0
LINE
8
BLACK
6
CONTINUOUS
10
-0.8532415748031495
20
1.3710780708661416
11
-0.8579227952755906
21
1.3658790157480314
0
LINE
8
BLACK
6
CONTINUOUS
10
-0.8579227952755906
20
1.3658790157480314
11
-0.8635826771653543
21
1.3617668503937008
0
LINE
8
BLACK
6
CONTINUOUS
10
-0.8635826771653543
20
1.3617668503937008
11
-0.8699738582677166
21
1.3589213385826771
0
LINE
8
BLACK
6
CONTINUOUS
10
-0.8699738582677166
20
1.3589213385826771
11
-0.8704724409448819
21
1.3588153937007874
0
LINE
8
BLACK
6
CONTINUOUS
10
-0.8704724409448819
20
1.3588153937007874
11
-0.8704724409448819
21
1.3465281496062991
0
LINE
8
BLACK
6
CONTINUOUS
10
-0.8704724409448819
20
1.3465281496062991
11
-0.8678717322834646
21
1.347014251968504
0
LINE
8
BLACK
6
CONTINUOUS
10
-0.8678717322834646
20
1.347014251968504
11
-0.8600475590551181
21
1.35004531496063
0
LINE
8
BLACK
6
CONTINUOUS
10
-0.8600475590551181
20
1.35004531496063
11
-0.8600473228346457
21
1.3500454330708662
0
LINE
8
BLACK
6
CONTINUOUS
10
-0.8600473228346457
20
1.3500454330708662
11
-0.8529135039370078
21
1.3544624803149605
0
LINE
8
BLACK
6
CONTINUOUS
10
-0.8529135039370078
20
1.3544624803149605
11
-0.8529134251968504
21
1.354462559055118
0
LINE
8
BLACK
6
CONTINUOUS
10
-0.8529134251968504
20
1.354462559055118
11
-0.8467126377952756
21
1.36011531496063
0
LINE
8
BLACK
6
CONTINUOUS
10
-0.8467126377952756
20
1.36011531496063
11
-0.8416559842519685
21
1.366811377952756
0
LINE
8
BLACK
6
CONTINUOUS
10
-0.8416559842519685
20
1.366811377952756
11
-0.837916062992126
21
1.374322125984252
0
LINE
8
BLACK
6
CONTINUOUS
10
-0.837916062992126
20
1.374322125984252
11
-0.8379158661417323
21
1.3743226377952755
0
LINE
8
BLACK
6
CONTINUOUS
10
-0.8379158661417323
20
1.3743226377952755
11
-0.8360428346456693
21
1.3809055118110236
0
LINE
8
BLACK
6
CONTINUOUS
10
-0.8360428346456693
20
1.3809055118110236
11
-0.8485190157480315
21
1.3809055118110236
0
LINE
8
BLACK
6
CONTINUOUS
10
-0.8485190157480315
20
1.3809055118110236
11
-0.8497435433070866
21
1.3771367716535432
0
LINE
8
BLACK
6
CONTINUOUS
10
-0.7497435433070866
20
1.3771367716535432
11
-0.7532415748031496
21
1.3710780708661416
0
LINE
8
BLACK
6
CONTINUOUS
10
-0.7532415748031496
20
1.3710780708661416
11
-0.7579227952755906
21
1.3658790157480314
0
LINE
8
BLACK
6
CONTINUOUS
10
-0.7579227952755906
20
1.3658790157480314
11
-0.7635826771653543
21
1.3617668503937008
0
LINE
8
BLACK
6
CONTINUOUS
10
-0.7635826771653543
20
1.3617668503937008
11
-0.7699738582677165
21
1.3589213385826771
0
LINE
8
BLACK
6
CONTINUOUS
10
-0.7699738582677165
20
1.3589213385826771
11
-0.7704724409448819
21
1.3588153937007874
0
LINE
8
BLACK
6
CONTINUOUS
10
-0.7704724409448819
20
1.3588153937007874
11
-0.7704724409448819
21
1.3465281496062991
0
LINE
8
BLACK
6
CONTINUOUS
10
-0.7704724409448819
20
1.3465281496062991
11
-0.7678717322834645
21
1.347014251968504
0
LINE
8
BLACK
6
CONTINUOUS
10
-0.7678717322834645
20
1.347014251968504
11
-0.7600475590551181
21
1.35004531496063
0
LINE
8
BLACK
6
CONTINUOUS
10
-0.7600475590551181
20
1.35004531496063
11
-0.7600473228346456
21
1.3500454330708662
0
LINE
8
BLACK
6
CONTINUOUS
10
-0.7600473228346456
20
1.3500454330708662
11
-0.7529135039370078
21
1.3544624803149605
0
LINE
8
BLACK
6
CONTINUOUS
10
-0.7529135039370078
20
1.3544624803149605
11
-0.7529134251968503
21
1.354462559055118
0
LINE
8
BLACK
6
CONTINUOUS
10
-0.7529134251968503
20
1.354462559055118
11
-0.7467126377952755
21
1.36011531496063
0
LINE
8
BLACK
6
CONTINUOUS
10
-0.7467126377952755
20
1.36011531496063
11
-0.7416559842519684
21
1.366811377952756
0
LINE
8
BLACK
6
CONTINUOUS
10
-0.7416559842519684
20
1.366811377952756
11
-0.737916062992126
21
1.374322125984252
0
LINE
8
BLACK
6
CONTINUOUS
10
-0.737916062992126
20
1.374322125984252
11
-0.7379158661417322
21
1.3743226377952755
0
LINE
8
BLACK
6
CONTINUOUS
10
-0.7379158661417322
20
1.3743226377952755
11
-0.7360428346456692
21
1.3809055118110236
0
LINE
8
BLACK
6
CONTINUOUS
10
-0.7360428346456692
20
1.3809055118110236
11
-0.7485190157480315
21
1.3809055118110236
0
LINE
8
BLACK
6
CONTINUOUS
10
-0.7485190157480315
20
1.3809055118110236
11
-0.7497435433070866
21
1.3771367716535432
0
LINE
8
BLACK
6
CONTINUOUS
10
-0.8704724409448819
20
1.4226807086614173
11
-0.8699738582677166
21
1.4225747244094489
0
LINE
8
BLACK
6
CONTINUOUS
10
-0.8699738582677166
20
1.4225747244094489
11
-0.8635826771653543
21
1.4197292125984251
0
LINE
8
BLACK
6
CONTINUOUS
10
-0.8635826771653543
20
1.4197292125984251
11
-0.8579227952755906
21
1.4156170472440945
0
LINE
8
BLACK
6
CONTINUOUS
10
-0.8579227952755906
20
1.4156170472440945
11
-0.8532415748031495
21
1.4104179921259843
0
LINE
8
BLACK
6
CONTINUOUS
10
-0.8532415748031495
20
1.4104179921259843
11
-0.8497435433070866
21
1.4043592913385827
0
LINE
8
BLACK
6
CONTINUOUS
10
-0.8497435433070866
20
1.4043592913385827
11
-0.8485190157480315
21
1.4005905511811023
0
LINE
8
BLACK
6
CONTINUOUS
10
-0.8485190157480315
20
1.4005905511811023
11
-0.8360428346456693
21
1.4005905511811023
0
LINE
8
BLACK
6
CONTINUOUS
10
-0.8360428346456693
20
1.4005905511811023
11
-0.8360428346456693
21
1.4005905905511811
0
LINE
8
BLACK
6
CONTINUOUS
10
-0.8360428346456693
20
1.4005905905511811
11
-0.8379158661417323
21
1.4071734645669292
0
LINE
8
BLACK
6
CONTINUOUS
10
-0.8379158661417323
20
1.4071734645669292
11
-0.837916062992126
21
1.4071739763779527
0
LINE
8
BLACK
6
CONTINUOUS
10
-0.837916062992126
20
1.4071739763779527
11
-0.8416559842519685
21
1.4146847244094487
0
LINE
8
BLACK
6
CONTINUOUS
10
-0.8416559842519685
20
1.4146847244094487
11
-0.8467126377952756
21
1.4213807874015747
0
LINE
8
BLACK
6
CONTINUOUS
10
-0.8467126377952756
20
1.4213807874015747
11
-0.8529134251968504
21
1.4270335433070866
0
LINE
8
BLACK
6
CONTINUOUS
10
-0.8529134251968504
20
1.4270335433070866
11
-0.8529135039370078
21
1.4270336220472442
0
LINE
8
BLACK
6
CONTINUOUS
10
-0.8529135039370078
20
1.4270336220472442
11
-0.8600473228346457
21
1.4314506692913385
0
LINE
8
BLACK
6
CONTINUOUS
10
-0.8600473228346457
20
1.4314506692913385
11
-0.8600476771653544
21
1.4314508267716535
0
LINE
8
BLACK
6
CONTINUOUS
10
-0.8600476771653544
20
1.4314508267716535
11
-0.8678715354330708
21
1.4344817716535432
0
LINE
8
BLACK
6
CONTINUOUS
10
-0.8678715354330708
20
1.4344817716535432
11
-0.8678717322834646
21
1.4344818110236219
0
LINE
8
BLACK
6
CONTINUOUS
10
-0.8678717322834646
20
1.4344818110236219
11
-0.8704724409448819
21
1.4349679921259841
0
LINE
8
BLACK
6
CONTINUOUS
10
-0.8704724409448819
20
1.4349679921259841
11
-0.8704724409448819
21
1.4226807086614173
0
LINE
8
BLACK
6
CONTINUOUS
10
-0.3584868110236221
20
1.5151573622047243
11
-0.3576917322834646
21
1.5081004330708661
0
LINE
8
BLACK
6
CONTINUOUS
10
-0.3576917322834646
20
1.5081004330708661
11
-0.3576916929133858
21
1.5081002362204725
0
LINE
8
BLACK
6
CONTINUOUS
10
-0.3576916929133858
20
1.5081002362204725
11
-0.3553460236220473
21
1.5013967322834645
0
LINE
8
BLACK
6
CONTINUOUS
10
-0.3553460236220473
20
1.5013967322834645
11
-0.3537493307086614
21
1.4988556299212599
0
LINE
8
BLACK
6
CONTINUOUS
10
-0.3537493307086614
20
1.4988556299212599
11
-0.3515675590551181
21
1.4953833858267715
0
LINE
8
BLACK
6
CONTINUOUS
10
-0.3515675590551181
20
1.4953833858267715
11
-0.3465457480314961
21
1.4903615748031496
0
LINE
8
BLACK
6
CONTINUOUS
10
-0.3465457480314961
20
1.4903615748031496
11
-0.3405323622047244
21
1.4865831102362204
0
LINE
8
BLACK
6
CONTINUOUS
10
-0.3405323622047244
20
1.4865831102362204
11
-0.333828937007874
21
1.4842374803149605
0
LINE
8
BLACK
6
CONTINUOUS
10
-0.333828937007874
20
1.4842374803149605
11
-0.3338287401574803
21
1.4842374409448817
0
LINE
8
BLACK
6
CONTINUOUS
10
-0.3338287401574803
20
1.4842374409448817
11
-0.326771811023622
21
1.4834423228346456
0
LINE
8
BLACK
6
CONTINUOUS
10
-0.326771811023622
20
1.4834423228346456
11
-0.3267716535433071
21
1.4834423228346456
0
LINE
8
BLACK
6
CONTINUOUS
10
-0.3267716535433071
20
1.4834423228346456
11
-0.3267714960629921
21
1.4834423228346456
0
LINE
8
BLACK
6
CONTINUOUS
10
-0.3267714960629921
20
1.4834423228346456
11
-0.3197146062992126
21
1.4842374409448817
0
LINE
8
BLACK
6
CONTINUOUS
10
-0.3197146062992126
20
1.4842374409448817
11
-0.3197144881889764
21
1.4842374803149605
0
LINE
8
BLACK
6
CONTINUOUS
10
-0.3197144881889764
20
1.4842374803149605
11
-0.3197143700787402
21
1.4842374803149605
0
LINE
8
BLACK
6
CONTINUOUS
10
-0.3197143700787402
20
1.4842374803149605
11
-0.3130109448818897
21
1.4865831102362204
0
LINE
8
BLACK
6
CONTINUOUS
10
-0.3130109448818897
20
1.4865831102362204
11
-0.3069975590551181
21
1.4903615748031496
0
LINE
8
BLACK
6
CONTINUOUS
10
-0.3069975590551181
20
1.4903615748031496
11
-0.3019757480314961
21
1.4953833858267715
0
LINE
8
BLACK
6
CONTINUOUS
10
-0.3019757480314961
20
1.4953833858267715
11
-0.2981972834645669
21
1.5013967716535432
0
LINE
8
BLACK
6
CONTINUOUS
10
-0.2981972834645669
20
1.5013967716535432
11
-0.2958516535433071
21
1.5081001968503938
0
LINE
8
BLACK
6
CONTINUOUS
10
-0.2958516535433071
20
1.5081001968503938
11
-0.2958119291338583
21
1.5084527952755906
0
LINE
8
BLACK
6
CONTINUOUS
10
-0.2958119291338583
20
1.5084527952755906
11
-0.2950564960629921
21
1.5151573622047243
0
LINE
8
BLACK
6
CONTINUOUS
10
-0.2950564960629921
20
1.5151573622047243
11
-0.2950564960629921
21
1.5151576377952756
0
LINE
8
BLACK
6
CONTINUOUS
10
-0.2950564960629921
20
1.5151576377952756
11
-0.2958516141732284
21
1.5222145669291338
0
LINE
8
BLACK
6
CONTINUOUS
10
-0.2958516141732284
20
1.5222145669291338
11
-0.2958516535433071
21
1.5222147637795276
0
LINE
8
BLACK
6
CONTINUOUS
10
-0.2958516535433071
20
1.5222147637795276
11
-0.2981973228346457
21
1.5289182677165354
0
LINE
8
BLACK
6
CONTINUOUS
10
-0.2981973228346457
20
1.5289182677165354
11
-0.3003262598425197
21
1.5323064173228347
0
LINE
8
BLACK
6
CONTINUOUS
10
-0.3003262598425197
20
1.5323064173228347
11
-0.3019757480314961
21
1.5349315748031496
0
LINE
8
BLACK
6
CONTINUOUS
10
-0.3019757480314961
20
1.5349315748031496
11
-0.3069975590551181
21
1.5399533858267715
0
LINE
8
BLACK
6
CONTINUOUS
10
-0.3069975590551181
20
1.5399533858267715
11
-0.313010905511811
21
1.5437318503937008
0
LINE
8
BLACK
6
CONTINUOUS
10
-0.313010905511811
20
1.5437318503937008
11
-0.3197144094488189
21
1.5460775196850394
0
LINE
8
BLACK
6
CONTINUOUS
10
-0.3197144094488189
20
1.5460775196850394
11
-0.3197146062992126
21
1.5460775590551181
0
LINE
8
BLACK
6
CONTINUOUS
10
-0.3197146062992126
20
1.5460775590551181
11
-0.3267714960629921
21
1.5468726377952755
0
LINE
8
BLACK
6
CONTINUOUS
10
-0.3267714960629921
20
1.5468726377952755
11
-0.326771811023622
21
1.5468726377952755
0
LINE
8
BLACK
6
CONTINUOUS
10
-0.326771811023622
20
1.5468726377952755
11
-0.3338287401574803
21
1.5460775590551181
0
LINE
8
BLACK
6
CONTINUOUS
10
-0.3338287401574803
20
1.5460775590551181
11
-0.333828937007874
21
1.5460775196850394
0
LINE
8
BLACK
6
CONTINUOUS
10
-0.333828937007874
20
1.5460775196850394
11
-0.3405324409448819
21
1.5437318503937008
0
LINE
8
BLACK
6
CONTINUOUS
10
-0.3405324409448819
20
1.5437318503937008
11
-0.3465457874015748
21
1.5399533858267715
0
LINE
8
BLACK
6
CONTINUOUS
10
-0.3465457874015748
20
1.5399533858267715
11
-0.3515675590551181
21
1.5349316141732283
0
LINE
8
BLACK
6
CONTINUOUS
10
-0.3515675590551181
20
1.5349316141732283
11
-0.3553460236220473
21
1.5289182677165354
0
LINE
8
BLACK
6
CONTINUOUS
10
-0.3553460236220473
20
1.5289182677165354
11
-0.3576916929133858
21
1.5222147637795276
0
LINE
8
BLACK
6
CONTINUOUS
10
-0.3576916929133858
20
1.5222147637795276
11
-0.3576917322834646
21
1.5222145669291338
0
LINE
8
BLACK
6
CONTINUOUS
10
-0.3576917322834646
20
1.5222145669291338
11
-0.3584868110236221
21
1.5151576377952756
0
LINE
8
BLACK
6
CONTINUOUS
10
-0.3584868110236221
20
1.5151576377952756
11
-0.3584868110236221
21
1.5151573622047243
0
LINE
8
BLACK
6
CONTINUOUS
10
-0.2797466535433071
20
1.5151573622047243
11
-0.2789515748031496
21
1.5081004330708661
0
LINE
8
BLACK
6
CONTINUOUS
10
-0.2789515748031496
20
1.5081004330708661
11
-0.2789515354330709
21
1.5081002362204725
0
LINE
8
BLACK
6
CONTINUOUS
10
-0.2789515354330709
20
1.5081002362204725
11
-0.2766058661417323
21
1.5013967322834645
0
LINE
8
BLACK
6
CONTINUOUS
10
-0.2766058661417323
20
1.5013967322834645
11
-0.2750091732283464
21
1.4988556299212599
0
LINE
8
BLACK
6
CONTINUOUS
10
-0.2750091732283464
20
1.4988556299212599
11
-0.2728274015748031
21
1.4953833858267715
0
LINE
8
BLACK
6
CONTINUOUS
10
-0.2728274015748031
20
1.4953833858267715
11
-0.2678055905511811
21
1.4903615748031496
0
LINE
8
BLACK
6
CONTINUOUS
10
-0.2678055905511811
20
1.4903615748031496
11
-0.2617922047244094
21
1.4865831102362204
0
LINE
8
BLACK
6
CONTINUOUS
10
-0.2617922047244094
20
1.4865831102362204
11
-0.255088779527559
21
1.4842374803149605
0
LINE
8
BLACK
6
CONTINUOUS
10
-0.255088779527559
20
1.4842374803149605
11
-0.2550885826771653
21
1.4842374409448817
0
LINE
8
BLACK
6
CONTINUOUS
10
-0.2550885826771653
20
1.4842374409448817
11
-0.2480316535433071
21
1.4834423228346456
0
LINE
8
BLACK
6
CONTINUOUS
10
-0.2480316535433071
20
1.4834423228346456
11
-0.2480314960629921
21
1.4834423228346456
0
LINE
8
BLACK
6
CONTINUOUS
10
-0.2480314960629921
20
1.4834423228346456
11
-0.2480313385826771
21
1.4834423228346456
0
LINE
8
BLACK
6
CONTINUOUS
10
-0.2480313385826771
20
1.4834423228346456
11
-0.2409744488188976
21
1.4842374409448817
0
LINE
8
BLACK
6
CONTINUOUS
10
-0.2409744488188976
20
1.4842374409448817
11
-0.2409743307086614
21
1.4842374803149605
0
LINE
8
BLACK
6
CONTINUOUS
10
-0.2409743307086614
20
1.4842374803149605
11
-0.2409742125984252
21
1.4842374803149605
0
LINE
8
BLACK
6
CONTINUOUS
10
-0.2409742125984252
20
1.4842374803149605
11
-0.2342707874015748
21
1.4865831102362204
0
LINE
8
BLACK
6
CONTINUOUS
10
-0.2342707874015748
20
1.4865831102362204
11
-0.2282574015748031
21
1.4903615748031496
0
LINE
8
BLACK
6
CONTINUOUS
10
-0.2282574015748031
20
1.4903615748031496
11
-0.2232355905511811
21
1.4953833858267715
0
LINE
8
BLACK
6
CONTINUOUS
10
-0.2232355905511811
20
1.4953833858267715
11
-0.219457125984252
21
1.5013967716535432
0
LINE
8
BLACK
6
CONTINUOUS
10
-0.219457125984252
20
1.5013967716535432
11
-0.2171114960629921
21
1.5081001968503938
0
LINE
8
BLACK
6
CONTINUOUS
10
-0.2171114960629921
20
1.5081001968503938
11
-0.2170717716535433
21
1.5084527952755906
0
LINE
8
BLACK
6
CONTINUOUS
10
-0.2170717716535433
20
1.5084527952755906
11
-0.2163163385826772
21
1.5151573622047243
0
LINE
8
BLACK
6
CONTINUOUS
10
-0.2163163385826772
20
1.5151573622047243
11
-0.2163163385826772
21
1.5151576377952756
0
LINE
8
BLACK
6
CONTINUOUS
10
-0.2163163385826772
20
1.5151576377952756
11
-0.2171114566929134
21
1.5222145669291338
0
LINE
8
BLACK
6
CONTINUOUS
10
-0.2171114566929134
20
1.5222145669291338
11
-0.2171114960629921
21
1.5222147637795276
0
LINE
8
BLACK
6
CONTINUOUS
10
-0.2171114960629921
20
1.5222147637795276
11
-0.2194571653543307
21
1.5289182677165354
0
LINE
8
BLACK
6
CONTINUOUS
10
-0.2194571653543307
20
1.5289182677165354
11
-0.2215861023622047
21
1.5323064173228347
0
LINE
8
BLACK
6
CONTINUOUS
10
-0.2215861023622047
20
1.5323064173228347
11
-0.2232355905511811
21
1.5349315748031496
0
LINE
8
BLACK
6
CONTINUOUS
10
-0.2232355905511811
20
1.5349315748031496
11
-0.2282574015748031
21
1.5399533858267715
0
LINE
8
BLACK
6
CONTINUOUS
10
-0.2282574015748031
20
1.5399533858267715
11
-0.2342707480314961
21
1.5437318503937008
0
LINE
8
BLACK
6
CONTINUOUS
10
-0.2342707480314961
20
1.5437318503937008
11
-0.2409742519685039
21
1.5460775196850394
0
LINE
8
BLACK
6
CONTINUOUS
10
-0.2409742519685039
20
1.5460775196850394
11
-0.2409744488188976
21
1.5460775590551181
0
LINE
8
BLACK
6
CONTINUOUS
10
-0.2409744488188976
20
1.5460775590551181
11
-0.2467981496062992
21
1.5467337007874016
0
LINE
8
BLACK
6
CONTINUOUS
10
-0.2467981496062992
20
1.5467337007874016
11
-0.2480121653543307
21
1.5472438188976378
0
LINE
8
BLACK
6
CONTINUOUS
10
-0.2480121653543307
20
1.5472438188976378
11
-0.248901811023622
21
1.5467885039370077
0
LINE
8
BLACK
6
CONTINUOUS
10
-0.248901811023622
20
1.5467885039370077
11
-0.249264842519685
21
1.5467337007874016
0
LINE
8
BLACK
6
CONTINUOUS
10
-0.249264842519685
20
1.5467337007874016
11
-0.2550886220472441
21
1.5460775590551181
0
LINE
8
BLACK
6
CONTINUOUS
10
-0.2550886220472441
20
1.5460775590551181
11
-0.255088779527559
21
1.5460775196850394
0
LINE
8
BLACK
6
CONTINUOUS
10
-0.255088779527559
20
1.5460775196850394
11
-0.2617922834645669
21
1.5437318503937008
0
LINE
8
BLACK
6
CONTINUOUS
10
-0.2617922834645669
20
1.5437318503937008
11
-0.2678056299212598
21
1.5399533858267715
0
LINE
8
BLACK
6
CONTINUOUS
10
-0.2678056299212598
20
1.5399533858267715
11
-0.2728274015748031
21
1.5349316141732283
0
LINE
8
BLACK
6
CONTINUOUS
10
-0.2728274015748031
20
1.5349316141732283
11
-0.2766058661417323
21
1.5289182677165354
0
LINE
8
BLACK
6
CONTINUOUS
10
-0.2766058661417323
20
1.5289182677165354
11
-0.2789515354330709
21
1.5222147637795276
0
LINE
8
BLACK
6
CONTINUOUS
10
-0.2789515354330709
20
1.5222147637795276
11
-0.2789515748031496
21
1.5222145669291338
0
LINE
8
BLACK
6
CONTINUOUS
10
-0.2789515748031496
20
1.5222145669291338
11
-0.2797466535433071
21
1.5151576377952756
0
LINE
8
BLACK
6
CONTINUOUS
10
-0.2797466535433071
20
1.5151576377952756
11
-0.2797466535433071
21
1.5151573622047243
0
LINE
8
BLACK
6
CONTINUOUS
10
-0.2010064960629921
20
1.5151573622047243
11
-0.2002114173228347
21
1.5081004330708661
0
LINE
8
BLACK
6
CONTINUOUS
10
-0.2002114173228347
20
1.5081004330708661
11
-0.2002113779527559
21
1.5081002362204725
0
LINE
8
BLACK
6
CONTINUOUS
10
-0.2002113779527559
20
1.5081002362204725
11
-0.1978657086614173
21
1.5013967322834645
0
LINE
8
BLACK
6
CONTINUOUS
10
-0.1978657086614173
20
1.5013967322834645
11
-0.1962690157480315
21
1.4988556299212599
0
LINE
8
BLACK
6
CONTINUOUS
10
-0.1962690157480315
20
1.4988556299212599
11
-0.1940872440944882
21
1.4953833858267715
0
LINE
8
BLACK
6
CONTINUOUS
10
-0.1940872440944882
20
1.4953833858267715
11
-0.1890654330708662
21
1.4903615748031496
0
LINE
8
BLACK
6
CONTINUOUS
10
-0.1890654330708662
20
1.4903615748031496
11
-0.1830520472440945
21
1.4865831102362204
0
LINE
8
BLACK
6
CONTINUOUS
10
-0.1830520472440945
20
1.4865831102362204
11
-0.1763486220472441
21
1.4842374803149605
0
LINE
8
BLACK
6
CONTINUOUS
10
-0.1763486220472441
20
1.4842374803149605
11
-0.1763484251968504
21
1.4842374409448817
0
LINE
8
BLACK
6
CONTINUOUS
10
-0.1763484251968504
20
1.4842374409448817
11
-0.1692914960629921
21
1.4834423228346456
0
LINE
8
BLACK
6
CONTINUOUS
10
-0.1692914960629921
20
1.4834423228346456
11
-0.1692913385826772
21
1.4834423228346456
0
LINE
8
BLACK
6
CONTINUOUS
10
-0.1692913385826772
20
1.4834423228346456
11
-0.1692911811023622
21
1.4834423228346456
0
LINE
8
BLACK
6
CONTINUOUS
10
-0.1692911811023622
20
1.4834423228346456
11
-0.1622342913385827
21
1.4842374409448817
0
LINE
8
BLACK
6
CONTINUOUS
10
-0.1622342913385827
20
1.4842374409448817
11
-0.1622341732283465
21
1.4842374803149605
0
LINE
8
BLACK
6
CONTINUOUS
10
-0.1622341732283465
20
1.4842374803149605
11
-0.1622340551181102
21
1.4842374803149605
0
LINE
8
BLACK
6
CONTINUOUS
10
-0.1622340551181102
20
1.4842374803149605
11
-0.1555306299212598
21
1.4865831102362204
0
LINE
8
BLACK
6
CONTINUOUS
10
-0.1555306299212598
20
1.4865831102362204
11
-0.1495172440944882
21
1.4903615748031496
0
LINE
8
BLACK
6
CONTINUOUS
10
-0.1495172440944882
20
1.4903615748031496
11
-0.1444954330708661
21
1.4953833858267715
0
LINE
8
BLACK
6
CONTINUOUS
10
-0.1444954330708661
20
1.4953833858267715
11
-0.140716968503937
21
1.5013967716535432
0
LINE
8
BLACK
6
CONTINUOUS
10
-0.140716968503937
20
1.5013967716535432
11
-0.1383713385826772
21
1.5081001968503938
0
LINE
8
BLACK
6
CONTINUOUS
10
-0.1383713385826772
20
1.5081001968503938
11
-0.1383316141732283
21
1.5084527952755906
0
LINE
8
BLACK
6
CONTINUOUS
10
-0.1383316141732283
20
1.5084527952755906
11
-0.1375761811023622
21
1.5151573622047243
0
LINE
8
BLACK
6
CONTINUOUS
10
-0.1375761811023622
20
1.5151573622047243
11
-0.1375761811023622
21
1.5151576377952756
0
LINE
8
BLACK
6
CONTINUOUS
10
-0.1375761811023622
20
1.5151576377952756
11
-0.1383712992125984
21
1.5222145669291338
0
LINE
8
BLACK
6
CONTINUOUS
10
-0.1383712992125984
20
1.5222145669291338
11
-0.1383713385826772
21
1.5222147637795276
0
LINE
8
BLACK
6
CONTINUOUS
10
-0.1383713385826772
20
1.5222147637795276
11
-0.1407170078740158
21
1.5289182677165354
0
LINE
8
BLACK
6
CONTINUOUS
10
-0.1407170078740158
20
1.5289182677165354
11
-0.1428459448818898
21
1.5323064173228347
0
LINE
8
BLACK
6
CONTINUOUS
10
-0.1428459448818898
20
1.5323064173228347
11
-0.1444954330708661
21
1.5349315748031496
0
LINE
8
BLACK
6
CONTINUOUS
10
-0.1444954330708661
20
1.5349315748031496
11
-0.1495172440944882
21
1.5399533858267715
0
LINE
8
BLACK
6
CONTINUOUS
10
-0.1495172440944882
20
1.5399533858267715
11
-0.1555305905511811
21
1.5437318503937008
0
LINE
8
BLACK
6
CONTINUOUS
10
-0.1555305905511811
20
1.5437318503937008
11
-0.162234094488189
21
1.5460775196850394
0
LINE
8
BLACK
6
CONTINUOUS
10
-0.162234094488189
20
1.5460775196850394
11
-0.1622342913385827
21
1.5460775590551181
0
LINE
8
BLACK
6
CONTINUOUS
10
-0.1622342913385827
20
1.5460775590551181
11
-0.1680579921259842
21
1.5467337007874016
0
LINE
8
BLACK
6
CONTINUOUS
10
-0.1680579921259842
20
1.5467337007874016
11
-0.1692720078740158
21
1.5472438188976378
0
LINE
8
BLACK
6
CONTINUOUS
10
-0.1692720078740158
20
1.5472438188976378
11
-0.1701616535433071
21
1.5467885039370077
0
LINE
8
BLACK
6
CONTINUOUS
10
-0.1701616535433071
20
1.5467885039370077
11
-0.1705246850393701
21
1.5467337007874016
0
LINE
8
BLACK
6
CONTINUOUS
10
-0.1705246850393701
20
1.5467337007874016
11
-0.1763484645669291
21
1.5460775590551181
0
LINE
8
BLACK
6
CONTINUOUS
10
-0.1763484645669291
20
1.5460775590551181
11
-0.1763486220472441
21
1.5460775196850394
0
LINE
8
BLACK
6
CONTINUOUS
10
-0.1763486220472441
20
1.5460775196850394
11
-0.183052125984252
21
1.5437318503937008
0
LINE
8
BLACK
6
CONTINUOUS
10
-0.183052125984252
20
1.5437318503937008
11
-0.1890654724409449
21
1.5399533858267715
0
LINE
8
BLACK
6
CONTINUOUS
10
-0.1890654724409449
20
1.5399533858267715
11
-0.1940872440944882
21
1.5349316141732283
0
LINE
8
BLACK
6
CONTINUOUS
10
-0.1940872440944882
20
1.5349316141732283
11
-0.1978657086614173
21
1.5289182677165354
0
LINE
8
BLACK
6
CONTINUOUS
10
-0.1978657086614173
20
1.5289182677165354
11
-0.2002113779527559
21
1.5222147637795276
0
LINE
8
BLACK
6
CONTINUOUS
10
-0.2002113779527559
20
1.5222147637795276
11
-0.2002114173228347
21
1.5222145669291338
0
LINE
8
BLACK
6
CONTINUOUS
10
-0.2002114173228347
20
1.5222145669291338
11
-0.2010064960629921
21
1.5151576377952756
0
LINE
8
BLACK
6
CONTINUOUS
10
-0.2010064960629921
20
1.5151576377952756
11
-0.2010064960629921
21
1.5151573622047243
0
LINE
8
BLACK
6
CONTINUOUS
10
-0.238956968503937
20
1.5699700393700786
11
-0.2449468897637795
21
1.5684936614173228
0
LINE
8
BLACK
6
CONTINUOUS
10
-0.2449468897637795
20
1.5684936614173228
11
-0.2511161023622047
21
1.5684936614173228
0
LINE
8
BLACK
6
CONTINUOUS
10
-0.2511161023622047
20
1.5684936614173228
11
-0.2571060236220473
21
1.5699700393700786
0
LINE
8
BLACK
6
CONTINUOUS
10
-0.2571060236220473
20
1.5699700393700786
11
-0.2577183464566929
21
1.5702914173228346
0
LINE
8
BLACK
6
CONTINUOUS
10
-0.2577183464566929
20
1.5702914173228346
11
-0.2665975590551181
21
1.5614122047244094
0
LINE
8
BLACK
6
CONTINUOUS
10
-0.2665975590551181
20
1.5614122047244094
11
-0.2624138582677165
21
1.5591759448818898
0
LINE
8
BLACK
6
CONTINUOUS
10
-0.2624138582677165
20
1.5591759448818898
11
-0.2553634251968504
21
1.5570372047244094
0
LINE
8
BLACK
6
CONTINUOUS
10
-0.2553634251968504
20
1.5570372047244094
11
-0.2493329527559055
21
1.5564432677165354
0
LINE
8
BLACK
6
CONTINUOUS
10
-0.2493329527559055
20
1.5564432677165354
11
-0.2480453543307087
21
1.5559233464566928
0
LINE
8
BLACK
6
CONTINUOUS
10
-0.2480453543307087
20
1.5559233464566928
11
-0.2470938582677165
21
1.5563935433070866
0
LINE
8
BLACK
6
CONTINUOUS
10
-0.2470938582677165
20
1.5563935433070866
11
-0.2467300787401575
21
1.5564432677165354
0
LINE
8
BLACK
6
CONTINUOUS
10
-0.2467300787401575
20
1.5564432677165354
11
-0.2406996062992126
21
1.5570372047244094
0
LINE
8
BLACK
6
CONTINUOUS
10
-0.2406996062992126
20
1.5570372047244094
11
-0.2336491732283464
21
1.5591759448818898
0
LINE
8
BLACK
6
CONTINUOUS
10
-0.2336491732283464
20
1.5591759448818898
11
-0.2294654724409449
21
1.5614122047244094
0
LINE
8
BLACK
6
CONTINUOUS
10
-0.2294654724409449
20
1.5614122047244094
11
-0.2294654724409449
21
1.5614122440944882
0
LINE
8
BLACK
6
CONTINUOUS
10
-0.2294654724409449
20
1.5614122440944882
11
-0.2383446456692913
21
1.5702914173228346
0
LINE
8
BLACK
6
CONTINUOUS
10
-0.2383446456692913
20
1.5702914173228346
11
-0.238956968503937
21
1.5699700393700786
0
LINE
8
BLACK
6
CONTINUOUS
10
-0.160216811023622
20
1.5699700393700786
11
-0.1662067322834646
21
1.5684936614173228
0
LINE
8
BLACK
6
CONTINUOUS
10
-0.1662067322834646
20
1.5684936614173228
11
-0.1723759448818898
21
1.5684936614173228
0
LINE
8
BLACK
6
CONTINUOUS
10
-0.1723759448818898
20
1.5684936614173228
11
-0.1783658661417323
21
1.5699700393700786
0
LINE
8
BLACK
6
CONTINUOUS
10
-0.1783658661417323
20
1.5699700393700786
11
-0.178978188976378
21
1.5702914173228346
0
LINE
8
BLACK
6
CONTINUOUS
10
-0.178978188976378
20
1.5702914173228346
11
-0.1878574015748032
21
1.5614122047244094
0
LINE
8
BLACK
6
CONTINUOUS
10
-0.1878574015748032
20
1.5614122047244094
11
-0.1836737007874016
21
1.5591759448818898
0
LINE
8
BLACK
6
CONTINUOUS
10
-0.1836737007874016
20
1.5591759448818898
11
-0.1766232677165354
21
1.5570372047244094
0
LINE
8
BLACK
6
CONTINUOUS
10
-0.1766232677165354
20
1.5570372047244094
11
-0.1705927952755905
21
1.5564432677165354
0
LINE
8
BLACK
6
CONTINUOUS
10
-0.1705927952755905
20
1.5564432677165354
11
-0.1693051968503937
21
1.5559233464566928
0
LINE
8
BLACK
6
CONTINUOUS
10
-0.1693051968503937
20
1.5559233464566928
11
-0.1683537007874016
21
1.5563935433070866
0
LINE
8
BLACK
6
CONTINUOUS
10
-0.1683537007874016
20
1.5563935433070866
11
-0.1679899212598425
21
1.5564432677165354
0
LINE
8
BLACK
6
CONTINUOUS
10
-0.1679899212598425
20
1.5564432677165354
11
-0.1619594488188976
21
1.5570372047244094
0
LINE
8
BLACK
6
CONTINUOUS
10
-0.1619594488188976
20
1.5570372047244094
11
-0.1549090157480315
21
1.5591759448818898
0
LINE
8
BLACK
6
CONTINUOUS
10
-0.1549090157480315
20
1.5591759448818898
11
-0.1507253149606299
21
1.5614122047244094
0
LINE
8
BLACK
6
CONTINUOUS
10
-0.1507253149606299
20
1.5614122047244094
11
-0.1507253149606299
21
1.5614122440944882
0
LINE
8
BLACK
6
CONTINUOUS
10
-0.1507253149606299
20
1.5614122440944882
11
-0.1596044881889764
21
1.5702914173228346
0
LINE
8
BLACK
6
CONTINUOUS
10
-0.1596044881889764
20
1.5702914173228346
11
-0.160216811023622
21
1.5699700393700786
0
LINE
8
BLACK
6
CONTINUOUS
10
-0.3584868110236221
20
1.5938975196850393
11
-0.3576917322834646
21
1.5868405905511811
0
LINE
8
BLACK
6
CONTINUOUS
10
-0.3576917322834646
20
1.5868405905511811
11
-0.3576916929133858
21
1.5868403937007873
0
LINE
8
BLACK
6
CONTINUOUS
10
-0.3576916929133858
20
1.5868403937007873
11
-0.3553460236220473
21
1.5801368897637795
0
LINE
8
BLACK
6
CONTINUOUS
10
-0.3553460236220473
20
1.5801368897637795
11
-0.3518890157480315
21
1.574635157480315
0
LINE
8
BLACK
6
CONTINUOUS
10
-0.3518890157480315
20
1.574635157480315
11
-0.3515675590551181
21
1.5741235433070866
0
LINE
8
BLACK
6
CONTINUOUS
10
-0.3515675590551181
20
1.5741235433070866
11
-0.3465457480314961
21
1.5691017322834646
0
LINE
8
BLACK
6
CONTINUOUS
10
-0.3465457480314961
20
1.5691017322834646
11
-0.3435188582677166
21
1.5671998031496062
0
LINE
8
BLACK
6
CONTINUOUS
10
-0.3435188582677166
20
1.5671998031496062
11
-0.3406275590551181
21
1.5653830708661416
0
LINE
8
BLACK
6
CONTINUOUS
10
-0.3406275590551181
20
1.5653830708661416
11
-0.3405323622047244
21
1.5653232677165354
0
LINE
8
BLACK
6
CONTINUOUS
10
-0.3405323622047244
20
1.5653232677165354
11
-0.3338291732283464
21
1.562977716535433
0
LINE
8
BLACK
6
CONTINUOUS
10
-0.3338291732283464
20
1.562977716535433
11
-0.333828937007874
21
1.5629776377952755
0
LINE
8
BLACK
6
CONTINUOUS
10
-0.333828937007874
20
1.5629776377952755
11
-0.3338287401574803
21
1.5629775984251968
0
LINE
8
BLACK
6
CONTINUOUS
10
-0.3338287401574803
20
1.5629775984251968
11
-0.326771811023622
21
1.5621824803149607
0
LINE
8
BLACK
6
CONTINUOUS
10
-0.326771811023622
20
1.5621824803149607
11
-0.3267716535433071
21
1.5621824803149607
0
LINE
8
BLACK
6
CONTINUOUS
10
-0.3267716535433071
20
1.5621824803149607
11
-0.3267714960629921
21
1.5621824803149607
0
LINE
8
BLACK
6
CONTINUOUS
10
-0.3267714960629921
20
1.5621824803149607
11
-0.3197146062992126
21
1.5629775984251968
0
LINE
8
BLACK
6
CONTINUOUS
10
-0.3197146062992126
20
1.5629775984251968
11
-0.3197144881889764
21
1.5629776377952755
0
LINE
8
BLACK
6
CONTINUOUS
10
-0.3197144881889764
20
1.5629776377952755
11
-0.3197143700787402
21
1.5629776377952755
0
LINE
8
BLACK
6
CONTINUOUS
10
-0.3197143700787402
20
1.5629776377952755
11
-0.3130109448818897
21
1.5653232677165354
0
LINE
8
BLACK
6
CONTINUOUS
10
-0.3130109448818897
20
1.5653232677165354
11
-0.3069975590551181
21
1.5691017322834646
0
LINE
8
BLACK
6
CONTINUOUS
10
-0.3069975590551181
20
1.5691017322834646
11
-0.3019757480314961
21
1.5741235433070866
0
LINE
8
BLACK
6
CONTINUOUS
10
-0.3019757480314961
20
1.5741235433070866
11
-0.2981972834645669
21
1.5801369291338583
0
LINE
8
BLACK
6
CONTINUOUS
10
-0.2981972834645669
20
1.5801369291338583
11
-0.2958516535433071
21
1.5868403543307086
0
LINE
8
BLACK
6
CONTINUOUS
10
-0.2958516535433071
20
1.5868403543307086
11
-0.2956985433070866
21
1.5881990157480315
0
LINE
8
BLACK
6
CONTINUOUS
10
-0.2956985433070866
20
1.5881990157480315
11
-0.2952755118110236
21
1.5919539370078739
0
LINE
8
BLACK
6
CONTINUOUS
10
-0.2952755118110236
20
1.5919539370078739
11
-0.2951954724409449
21
1.5926643700787402
0
LINE
8
BLACK
6
CONTINUOUS
10
-0.2951954724409449
20
1.5926643700787402
11
-0.2946853937007874
21
1.5938783464566928
0
LINE
8
BLACK
6
CONTINUOUS
10
-0.2946853937007874
20
1.5938783464566928
11
-0.2947023622047244
21
1.5939114960629921
0
LINE
8
BLACK
6
CONTINUOUS
10
-0.2947023622047244
20
1.5939114960629921
11
-0.2951406692913386
21
1.5947679921259843
0
LINE
8
BLACK
6
CONTINUOUS
10
-0.2951406692913386
20
1.5947679921259843
11
-0.2951954724409449
21
1.5951310236220473
0
LINE
8
BLACK
6
CONTINUOUS
10
-0.2951954724409449
20
1.5951310236220473
11
-0.2958516141732284
21
1.6009547244094489
0
LINE
8
BLACK
6
CONTINUOUS
10
-0.2958516141732284
20
1.6009547244094489
11
-0.2958516535433071
21
1.6009549212598424
0
LINE
8
BLACK
6
CONTINUOUS
10
-0.2958516535433071
20
1.6009549212598424
11
-0.2973534251968504
21
1.6052467716535432
0
LINE
8
BLACK
6
CONTINUOUS
10
-0.2973534251968504
20
1.6052467716535432
11
-0.2981972834645669
21
1.6076583464566929
0
LINE
8
BLACK
6
CONTINUOUS
10
-0.2981972834645669
20
1.6076583464566929
11
-0.2984485826771653
21
1.6080582677165354
0
LINE
8
BLACK
6
CONTINUOUS
10
-0.2984485826771653
20
1.6080582677165354
11
-0.3019757874015748
21
1.6136717716535434
0
LINE
8
BLACK
6
CONTINUOUS
10
-0.3019757874015748
20
1.6136717716535434
11
-0.3069975590551181
21
1.6186935433070866
0
LINE
8
BLACK
6
CONTINUOUS
10
-0.3069975590551181
20
1.6186935433070866
11
-0.313010905511811
21
1.6224720078740158
0
LINE
8
BLACK
6
CONTINUOUS
10
-0.313010905511811
20
1.6224720078740158
11
-0.3197144094488189
21
1.6248176771653542
0
LINE
8
BLACK
6
CONTINUOUS
10
-0.3197144094488189
20
1.6248176771653542
11
-0.3197146062992126
21
1.6248177165354329
0
LINE
8
BLACK
6
CONTINUOUS
10
-0.3197146062992126
20
1.6248177165354329
11
-0.3267714960629921
21
1.6256127952755905
0
LINE
8
BLACK
6
CONTINUOUS
10
-0.3267714960629921
20
1.6256127952755905
11
-0.326771811023622
21
1.6256127952755905
0
LINE
8
BLACK
6
CONTINUOUS
10
-0.326771811023622
20
1.6256127952755905
11
-0.3338287401574803
21
1.6248177165354329
0
LINE
8
BLACK
6
CONTINUOUS
10
-0.3338287401574803
20
1.6248177165354329
11
-0.333828937007874
21
1.6248176771653542
0
LINE
8
BLACK
6
CONTINUOUS
10
-0.333828937007874
20
1.6248176771653542
11
-0.3405324409448819
21
1.6224720078740158
0
LINE
8
BLACK
6
CONTINUOUS
10
-0.3405324409448819
20
1.6224720078740158
11
-0.3465457874015748
21
1.6186935433070866
0
LINE
8
BLACK
6
CONTINUOUS
10
-0.3465457874015748
20
1.6186935433070866
11
-0.3515675590551181
21
1.6136717716535434
0
LINE
8
BLACK
6
CONTINUOUS
10
-0.3515675590551181
20
1.6136717716535434
11
-0.3553460236220473
21
1.6076584251968504
0
LINE
8
BLACK
6
CONTINUOUS
10
-0.3553460236220473
20
1.6076584251968504
11
-0.3576916929133858
21
1.6009549212598424
0
LINE
8
BLACK
6
CONTINUOUS
10
-0.3576916929133858
20
1.6009549212598424
11
-0.3576917322834646
21
1.6009547244094489
0
LINE
8
BLACK
6
CONTINUOUS
10
-0.3576917322834646
20
1.6009547244094489
11
-0.3584868110236221
21
1.5938977952755906
0
LINE
8
BLACK
6
CONTINUOUS
10
-0.3584868110236221
20
1.5938977952755906
11
-0.3584868110236221
21
1.5938975196850393
0
LINE
8
BLACK
6
CONTINUOUS
10
-0.2040132283464567
20
1.6082796456692914
11
-0.2041048818897638
21
1.6080582677165354
0
LINE
8
BLACK
6
CONTINUOUS
10
-0.2041048818897638
20
1.6080582677165354
11
-0.2041682283464567
21
1.6080845275590552
0
LINE
8
BLACK
6
CONTINUOUS
10
-0.2041682283464567
20
1.6080845275590552
11
-0.2054976377952756
21
1.6060560236220471
0
LINE
8
BLACK
6
CONTINUOUS
10
-0.2054976377952756
20
1.6060560236220471
11
-0.2080099606299212
21
1.6049357874015748
0
LINE
8
BLACK
6
CONTINUOUS
10
-0.2080099606299212
20
1.6049357874015748
11
-0.2107291338582677
21
1.605351653543307
0
LINE
8
BLACK
6
CONTINUOUS
10
-0.2107291338582677
20
1.605351653543307
11
-0.212791811023622
21
1.6071715748031496
0
LINE
8
BLACK
6
CONTINUOUS
10
-0.212791811023622
20
1.6071715748031496
11
-0.2132001968503937
21
1.6080658267716534
0
LINE
8
BLACK
6
CONTINUOUS
10
-0.2132001968503937
20
1.6080658267716534
11
-0.2132179921259842
21
1.6080584251968504
0
LINE
8
BLACK
6
CONTINUOUS
10
-0.2132179921259842
20
1.6080584251968504
11
-0.2133096456692913
21
1.6082796456692914
0
LINE
8
BLACK
6
CONTINUOUS
10
-0.2133096456692913
20
1.6082796456692914
11
-0.215546062992126
21
1.6124637007874016
0
LINE
8
BLACK
6
CONTINUOUS
10
-0.215546062992126
20
1.6124637007874016
11
-0.2245053543307086
21
1.6035044488188976
0
LINE
8
BLACK
6
CONTINUOUS
10
-0.2245053543307086
20
1.6035044488188976
11
-0.2231845669291339
21
1.6000218503937007
0
LINE
8
BLACK
6
CONTINUOUS
10
-0.2231845669291339
20
1.6000218503937007
11
-0.2224409448818898
21
1.5938976377952756
0
LINE
8
BLACK
6
CONTINUOUS
10
-0.2224409448818898
20
1.5938976377952756
11
-0.2231845669291339
21
1.5877734251968503
0
LINE
8
BLACK
6
CONTINUOUS
10
-0.2231845669291339
20
1.5877734251968503
11
-0.2245053543307086
21
1.5842908661417323
0
LINE
8
BLACK
6
CONTINUOUS
10
-0.2245053543307086
20
1.5842908661417323
11
-0.2155461023622047
21
1.5753316141732283
0
LINE
8
BLACK
6
CONTINUOUS
10
-0.2155461023622047
20
1.5753316141732283
11
-0.215546062992126
21
1.5753316141732283
0
LINE
8
BLACK
6
CONTINUOUS
10
-0.215546062992126
20
1.5753316141732283
11
-0.2133096456692913
21
1.5795156692913386
0
LINE
8
BLACK
6
CONTINUOUS
10
-0.2133096456692913
20
1.5795156692913386
11
-0.2132179921259842
21
1.5797368503937008
0
LINE
8
BLACK
6
CONTINUOUS
10
-0.2132179921259842
20
1.5797368503937008
11
-0.2131546850393701
21
1.5797106299212598
0
LINE
8
BLACK
6
CONTINUOUS
10
-0.2131546850393701
20
1.5797106299212598
11
-0.2118254724409449
21
1.5817390551181103
0
LINE
8
BLACK
6
CONTINUOUS
10
-0.2118254724409449
20
1.5817390551181103
11
-0.2093132283464567
21
1.5828594881889764
0
LINE
8
BLACK
6
CONTINUOUS
10
-0.2093132283464567
20
1.5828594881889764
11
-0.2065940157480315
21
1.5824438188976377
0
LINE
8
BLACK
6
CONTINUOUS
10
-0.2065940157480315
20
1.5824438188976377
11
-0.2045312204724409
21
1.5806240551181101
0
LINE
8
BLACK
6
CONTINUOUS
10
-0.2045312204724409
20
1.5806240551181101
11
-0.2041226771653543
21
1.5797294881889763
0
LINE
8
BLACK
6
CONTINUOUS
10
-0.2041226771653543
20
1.5797294881889763
11
-0.204104842519685
21
1.5797368503937008
0
LINE
8
BLACK
6
CONTINUOUS
10
-0.204104842519685
20
1.5797368503937008
11
-0.2040131496062992
21
1.5795154724409448
0
LINE
8
BLACK
6
CONTINUOUS
10
-0.2040131496062992
20
1.5795154724409448
11
-0.2017768503937008
21
1.5753316141732283
0
LINE
8
BLACK
6
CONTINUOUS
10
-0.2017768503937008
20
1.5753316141732283
11
-0.201776811023622
21
1.5753316141732283
0
LINE
8
BLACK
6
CONTINUOUS
10
-0.201776811023622
20
1.5753316141732283
11
-0.1928175196850394
21
1.5842909448818898
0
LINE
8
BLACK
6
CONTINUOUS
10
-0.1928175196850394
20
1.5842909448818898
11
-0.1941382677165354
21
1.5877734251968503
0
LINE
8
BLACK
6
CONTINUOUS
10
-0.1941382677165354
20
1.5877734251968503
11
-0.1948818897637795
21
1.5938976377952756
0
LINE
8
BLACK
6
CONTINUOUS
10
-0.1948818897637795
20
1.5938976377952756
11
-0.1941382677165354
21
1.6000218503937007
0
LINE
8
BLACK
6
CONTINUOUS
10
-0.1941382677165354
20
1.6000218503937007
11
-0.1928175196850394
21
1.6035044094488189
0
LINE
8
BLACK
6
CONTINUOUS
10
-0.1928175196850394
20
1.6035044094488189
11
-0.201776811023622
21
1.6124637007874016
0
LINE
8
BLACK
6
CONTINUOUS
10
-0.201776811023622
20
1.6124637007874016
11
-0.2040132283464567
21
1.6082796456692914
0
LINE
8
BLACK
6
CONTINUOUS
10
-0.1457651968503937
20
1.6035044488188976
11
-0.1444444094488189
21
1.6000218503937007
0
LINE
8
BLACK
6
CONTINUOUS
10
-0.1444444094488189
20
1.6000218503937007
11
-0.1437007874015748
21
1.5938976377952756
0
LINE
8
BLACK
6
CONTINUOUS
10
-0.1437007874015748
20
1.5938976377952756
11
-0.1444444094488189
21
1.5877734251968503
0
LINE
8
BLACK
6
CONTINUOUS
10
-0.1444444094488189
20
1.5877734251968503
11
-0.1457651968503937
21
1.5842908661417323
0
LINE
8
BLACK
6
CONTINUOUS
10
-0.1457651968503937
20
1.5842908661417323
11
-0.1368059448818898
21
1.5753316141732283
0
LINE
8
BLACK
6
CONTINUOUS
10
-0.1368059448818898
20
1.5753316141732283
11
-0.136805905511811
21
1.5753316141732283
0
LINE
8
BLACK
6
CONTINUOUS
10
-0.136805905511811
20
1.5753316141732283
11
-0.1345696456692913
21
1.5795153149606298
0
LINE
8
BLACK
6
CONTINUOUS
10
-0.1345696456692913
20
1.5795153149606298
11
-0.132430905511811
21
1.5865657480314961
0
LINE
8
BLACK
6
CONTINUOUS
10
-0.132430905511811
20
1.5865657480314961
11
-0.1317088188976378
21
1.5938976377952756
0
LINE
8
BLACK
6
CONTINUOUS
10
-0.1317088188976378
20
1.5938976377952756
11
-0.132430905511811
21
1.6012295669291339
0
LINE
8
BLACK
6
CONTINUOUS
10
-0.132430905511811
20
1.6012295669291339
11
-0.1345696456692913
21
1.6082799999999999
0
LINE
8
BLACK
6
CONTINUOUS
10
-0.1345696456692913
20
1.6082799999999999
11
-0.136805905511811
21
1.6124637007874016
0
LINE
8
BLACK
6
CONTINUOUS
10
-0.136805905511811
20
1.6124637007874016
11
-0.1457651968503937
21
1.6035044488188976
0
LINE
8
BLACK
6
CONTINUOUS
10
-0.2489691338582677
20
1.6314017716535432
11
-0.2493329527559055
21
1.6313520472440945
0
LINE
8
BLACK
6
CONTINUOUS
10
-0.2493329527559055
20
1.6313520472440945
11
-0.2553634251968504
21
1.6307581102362205
0
LINE
8
BLACK
6
CONTINUOUS
10
-0.2553634251968504
20
1.6307581102362205
11
-0.2624137007874016
21
1.6286194094488189
0
LINE
8
BLACK
6
CONTINUOUS
10
-0.2624137007874016
20
1.6286194094488189
11
-0.2665975590551181
21
1.6263831102362205
0
LINE
8
BLACK
6
CONTINUOUS
10
-0.2665975590551181
20
1.6263831102362205
11
-0.2577183464566929
21
1.6175038976377953
0
LINE
8
BLACK
6
CONTINUOUS
10
-0.2577183464566929
20
1.6175038976377953
11
-0.2571060236220473
21
1.6178252362204724
0
LINE
8
BLACK
6
CONTINUOUS
10
-0.2571060236220473
20
1.6178252362204724
11
-0.2511161023622047
21
1.6193016141732284
0
LINE
8
BLACK
6
CONTINUOUS
10
-0.2511161023622047
20
1.6193016141732284
11
-0.2449468897637795
21
1.6193016141732284
0
LINE
8
BLACK
6
CONTINUOUS
10
-0.2449468897637795
20
1.6193016141732284
11
-0.238956968503937
21
1.6178252362204724
0
LINE
8
BLACK
6
CONTINUOUS
10
-0.238956968503937
20
1.6178252362204724
11
-0.2383446850393701
21
1.6175038976377953
0
LINE
8
BLACK
6
CONTINUOUS
10
-0.2383446850393701
20
1.6175038976377953
11
-0.2294654724409449
21
1.6263831102362205
0
LINE
8
BLACK
6
CONTINUOUS
10
-0.2294654724409449
20
1.6263831102362205
11
-0.2294654724409449
21
1.6263831496062993
0
LINE
8
BLACK
6
CONTINUOUS
10
-0.2294654724409449
20
1.6263831496062993
11
-0.233649094488189
21
1.6286193307086614
0
LINE
8
BLACK
6
CONTINUOUS
10
-0.233649094488189
20
1.6286193307086614
11
-0.2406996062992126
21
1.6307581102362205
0
LINE
8
BLACK
6
CONTINUOUS
10
-0.2406996062992126
20
1.6307581102362205
11
-0.2467300787401575
21
1.6313520472440945
0
LINE
8
BLACK
6
CONTINUOUS
10
-0.2467300787401575
20
1.6313520472440945
11
-0.2480177165354331
21
1.6318720078740157
0
LINE
8
BLACK
6
CONTINUOUS
10
-0.2480177165354331
20
1.6318720078740157
11
-0.2489691338582677
21
1.6314017716535432
0
LINE
8
BLACK
6
CONTINUOUS
10
-0.1702289763779528
20
1.6314017716535432
11
-0.1705927952755905
21
1.6313520472440945
0
LINE
8
BLACK
6
CONTINUOUS
10
-0.1705927952755905
20
1.6313520472440945
11
-0.1766232677165354
21
1.6307581102362205
0
LINE
8
BLACK
6
CONTINUOUS
10
-0.1766232677165354
20
1.6307581102362205
11
-0.1836735433070866
21
1.6286194094488189
0
LINE
8
BLACK
6
CONTINUOUS
10
-0.1836735433070866
20
1.6286194094488189
11
-0.1878574015748032
21
1.6263831102362205
0
LINE
8
BLACK
6
CONTINUOUS
10
-0.1878574015748032
20
1.6263831102362205
11
-0.178978188976378
21
1.6175038976377953
0
LINE
8
BLACK
6
CONTINUOUS
10
-0.178978188976378
20
1.6175038976377953
11
-0.1783658661417323
21
1.6178252362204724
0
LINE
8
BLACK
6
CONTINUOUS
10
-0.1783658661417323
20
1.6178252362204724
11
-0.1723759448818898
21
1.6193016141732284
0
LINE
8
BLACK
6
CONTINUOUS
10
-0.1723759448818898
20
1.6193016141732284
11
-0.1662067322834646
21
1.6193016141732284
0
LINE
8
BLACK
6
CONTINUOUS
10
-0.1662067322834646
20
1.6193016141732284
11
-0.160216811023622
21
1.6178252362204724
0
LINE
8
BLACK
6
CONTINUOUS
10
-0.160216811023622
20
1.6178252362204724
11
-0.1596045275590551
21
1.6175038976377953
0
LINE
8
BLACK
6
CONTINUOUS
10
-0.1596045275590551
20
1.6175038976377953
11
-0.1507253149606299
21
1.6263831102362205
0
LINE
8
BLACK
6
CONTINUOUS
10
-0.1507253149606299
20
1.6263831102362205
11
-0.1507253149606299
21
1.6263831496062993
0
LINE
8
BLACK
6
CONTINUOUS
10
-0.1507253149606299
20
1.6263831496062993
11
-0.154908937007874
21
1.6286193307086614
0
LINE
8
BLACK
6
CONTINUOUS
10
-0.154908937007874
20
1.6286193307086614
11
-0.1619594488188976
21
1.6307581102362205
0
LINE
8
BLACK
6
CONTINUOUS
10
-0.1619594488188976
20
1.6307581102362205
11
-0.1679899212598425
21
1.6313520472440945
0
LINE
8
BLACK
6
CONTINUOUS
10
-0.1679899212598425
20
1.6313520472440945
11
-0.1692775590551181
21
1.6318720078740157
0
LINE
8
BLACK
6
CONTINUOUS
10
-0.1692775590551181
20
1.6318720078740157
11
-0.1702289763779528
21
1.6314017716535432
0
LINE
8
BLACK
6
CONTINUOUS
10
-0.3584868110236221
20
1.6726376771653544
11
-0.3576917322834646
21
1.6655807480314959
0
LINE
8
BLACK
6
CONTINUOUS
10
-0.3576917322834646
20
1.6655807480314959
11
-0.3576916929133858
21
1.6655805511811024
0
LINE
8
BLACK
6
CONTINUOUS
10
-0.3576916929133858
20
1.6655805511811024
11
-0.3553460236220473
21
1.6588770472440943
0
LINE
8
BLACK
6
CONTINUOUS
10
-0.3553460236220473
20
1.6588770472440943
11
-0.3536075590551181
21
1.65611031496063
0
LINE
8
BLACK
6
CONTINUOUS
10
-0.3536075590551181
20
1.65611031496063
11
-0.3515675590551181
21
1.6528637007874016
0
LINE
8
BLACK
6
CONTINUOUS
10
-0.3515675590551181
20
1.6528637007874016
11
-0.3465457480314961
21
1.6478418897637794
0
LINE
8
BLACK
6
CONTINUOUS
10
-0.3465457480314961
20
1.6478418897637794
11
-0.3405323622047244
21
1.6440634251968504
0
LINE
8
BLACK
6
CONTINUOUS
10
-0.3405323622047244
20
1.6440634251968504
11
-0.3338291732283464
21
1.6417178740157481
0
LINE
8
BLACK
6
CONTINUOUS
10
-0.3338291732283464
20
1.6417178740157481
11
-0.333828937007874
21
1.6417177952755906
0
LINE
8
BLACK
6
CONTINUOUS
10
-0.333828937007874
20
1.6417177952755906
11
-0.3338287401574803
21
1.6417177559055118
0
LINE
8
BLACK
6
CONTINUOUS
10
-0.3338287401574803
20
1.6417177559055118
11
-0.326771811023622
21
1.6409226377952755
0
LINE
8
BLACK
6
CONTINUOUS
10
-0.326771811023622
20
1.6409226377952755
11
-0.3267716535433071
21
1.6409226377952755
0
LINE
8
BLACK
6
CONTINUOUS
10
-0.3267716535433071
20
1.6409226377952755
11
-0.3267714960629921
21
1.6409226377952755
0
LINE
8
BLACK
6
CONTINUOUS
10
-0.3267714960629921
20
1.6409226377952755
11
-0.3197146062992126
21
1.6417177559055118
0
LINE
8
BLACK
6
CONTINUOUS
10
-0.3197146062992126
20
1.6417177559055118
11
-0.3197144881889764
21
1.6417177952755906
0
LINE
8
BLACK
6
CONTINUOUS
10
-0.3197144881889764
20
1.6417177952755906
11
-0.3197143700787402
21
1.6417177952755906
0
LINE
8
BLACK
6
CONTINUOUS
10
-0.3197143700787402
20
1.6417177952755906
11
-0.3130109448818897
21
1.6440634251968504
0
LINE
8
BLACK
6
CONTINUOUS
10
-0.3130109448818897
20
1.6440634251968504
11
-0.3069975590551181
21
1.6478418897637794
0
LINE
8
BLACK
6
CONTINUOUS
10
-0.3069975590551181
20
1.6478418897637794
11
-0.3019757480314961
21
1.6528637007874016
0
LINE
8
BLACK
6
CONTINUOUS
10
-0.3019757480314961
20
1.6528637007874016
11
-0.2981972834645669
21
1.6588770866141731
0
LINE
8
BLACK
6
CONTINUOUS
10
-0.2981972834645669
20
1.6588770866141731
11
-0.2958516535433071
21
1.6655805118110236
0
LINE
8
BLACK
6
CONTINUOUS
10
-0.2958516535433071
20
1.6655805118110236
11
-0.2958136614173228
21
1.6659176771653543
0
LINE
8
BLACK
6
CONTINUOUS
10
-0.2958136614173228
20
1.6659176771653543
11
-0.2950564960629921
21
1.6726376771653544
0
LINE
8
BLACK
6
CONTINUOUS
10
-0.2950564960629921
20
1.6726376771653544
11
-0.2950564960629921
21
1.6726379527559054
0
LINE
8
BLACK
6
CONTINUOUS
10
-0.2950564960629921
20
1.6726379527559054
11
-0.2958516141732284
21
1.6796948818897637
0
LINE
8
BLACK
6
CONTINUOUS
10
-0.2958516141732284
20
1.6796948818897637
11
-0.2958516535433071
21
1.6796950787401574
0
LINE
8
BLACK
6
CONTINUOUS
10
-0.2958516535433071
20
1.6796950787401574
11
-0.2981973228346457
21
1.6863985826771652
0
LINE
8
BLACK
6
CONTINUOUS
10
-0.2981973228346457
20
1.6863985826771652
11
-0.3019757874015748
21
1.6924119291338582
0
LINE
8
BLACK
6
CONTINUOUS
10
-0.3019757874015748
20
1.6924119291338582
11
-0.3069975590551181
21
1.6974337007874016
0
LINE
8
BLACK
6
CONTINUOUS
10
-0.3069975590551181
20
1.6974337007874016
11
-0.313010905511811
21
1.7012121653543306
0
LINE
8
BLACK
6
CONTINUOUS
10
-0.313010905511811
20
1.7012121653543306
11
-0.3197144094488189
21
1.7035578346456692
0
LINE
8
BLACK
6
CONTINUOUS
10
-0.3197144094488189
20
1.7035578346456692
11
-0.3197146062992126
21
1.703557874015748
0
LINE
8
BLACK
6
CONTINUOUS
10
-0.3197146062992126
20
1.703557874015748
11
-0.3267714960629921
21
1.7043529527559054
0
LINE
8
BLACK
6
CONTINUOUS
10
-0.3267714960629921
20
1.7043529527559054
11
-0.326771811023622
21
1.7043529527559054
0
LINE
8
BLACK
6
CONTINUOUS
10
-0.326771811023622
20
1.7043529527559054
11
-0.3338287401574803
21
1.703557874015748
0
LINE
8
BLACK
6
CONTINUOUS
10
-0.3338287401574803
20
1.703557874015748
11
-0.333828937007874
21
1.7035578346456692
0
LINE
8
BLACK
6
CONTINUOUS
10
-0.333828937007874
20
1.7035578346456692
11
-0.3405324409448819
21
1.7012121653543306
0
LINE
8
BLACK
6
CONTINUOUS
10
-0.3405324409448819
20
1.7012121653543306
11
-0.3465457874015748
21
1.6974337007874016
0
LINE
8
BLACK
6
CONTINUOUS
10
-0.3465457874015748
20
1.6974337007874016
11
-0.3515675590551181
21
1.6924119291338582
0
LINE
8
BLACK
6
CONTINUOUS
10
-0.3515675590551181
20
1.6924119291338582
11
-0.3553460236220473
21
1.6863985826771652
0
LINE
8
BLACK
6
CONTINUOUS
10
-0.3553460236220473
20
1.6863985826771652
11
-0.3576916929133858
21
1.6796950787401574
0
LINE
8
BLACK
6
CONTINUOUS
10
-0.3576916929133858
20
1.6796950787401574
11
-0.3576917322834646
21
1.6796948818897637
0
LINE
8
BLACK
6
CONTINUOUS
10
-0.3576917322834646
20
1.6796948818897637
11
-0.3584868110236221
21
1.6726379527559054
0
LINE
8
BLACK
6
CONTINUOUS
10
-0.3584868110236221
20
1.6726379527559054
11
-0.3584868110236221
21
1.6726376771653544
0
LINE
8
BLACK
6
CONTINUOUS
10
-0.2797466535433071
20
1.7513778346456692
11
-0.2789515748031496
21
1.744320905511811
0
LINE
8
BLACK
6
CONTINUOUS
10
-0.2789515748031496
20
1.744320905511811
11
-0.2789515354330709
21
1.7443207086614172
0
LINE
8
BLACK
6
CONTINUOUS
10
-0.2789515354330709
20
1.7443207086614172
11
-0.2766058661417323
21
1.7376172047244094
0
LINE
8
BLACK
6
CONTINUOUS
10
-0.2766058661417323
20
1.7376172047244094
11
-0.2743043700787401
21
1.7339544094488188
0
LINE
8
BLACK
6
CONTINUOUS
10
-0.2743043700787401
20
1.7339544094488188
11
-0.2728274015748031
21
1.7316038582677165
0
LINE
8
BLACK
6
CONTINUOUS
10
-0.2728274015748031
20
1.7316038582677165
11
-0.2678055905511811
21
1.7265820472440945
0
LINE
8
BLACK
6
CONTINUOUS
10
-0.2678055905511811
20
1.7265820472440945
11
-0.2662753149606299
21
1.7256205118110235
0
LINE
8
BLACK
6
CONTINUOUS
10
-0.2662753149606299
20
1.7256205118110235
11
-0.2628396062992126
21
1.7234616929133857
0
LINE
8
BLACK
6
CONTINUOUS
10
-0.2628396062992126
20
1.7234616929133857
11
-0.2617922047244094
21
1.7228035826771653
0
LINE
8
BLACK
6
CONTINUOUS
10
-0.2617922047244094
20
1.7228035826771653
11
-0.2550890157480315
21
1.7204580314960629
0
LINE
8
BLACK
6
CONTINUOUS
10
-0.2550890157480315
20
1.7204580314960629
11
-0.255088779527559
21
1.7204579527559054
0
LINE
8
BLACK
6
CONTINUOUS
10
-0.255088779527559
20
1.7204579527559054
11
-0.2550885826771653
21
1.7204579133858267
0
LINE
8
BLACK
6
CONTINUOUS
10
-0.2550885826771653
20
1.7204579133858267
11
-0.2480316535433071
21
1.7196627952755905
0
LINE
8
BLACK
6
CONTINUOUS
10
-0.2480316535433071
20
1.7196627952755905
11
-0.2480314960629921
21
1.7196627952755905
0
LINE
8
BLACK
6
CONTINUOUS
10
-0.2480314960629921
20
1.7196627952755905
11
-0.2480313385826771
21
1.7196627952755905
0
LINE
8
BLACK
6
CONTINUOUS
10
-0.2480313385826771
20
1.7196627952755905
11
-0.2409744488188976
21
1.7204579133858267
0
LINE
8
BLACK
6
CONTINUOUS
10
-0.2409744488188976
20
1.7204579133858267
11
-0.2409743307086614
21
1.7204579527559054
0
LINE
8
BLACK
6
CONTINUOUS
10
-0.2409743307086614
20
1.7204579527559054
11
-0.2409742125984252
21
1.7204579527559054
0
LINE
8
BLACK
6
CONTINUOUS
10
-0.2409742125984252
20
1.7204579527559054
11
-0.2342707874015748
21
1.7228035826771653
0
LINE
8
BLACK
6
CONTINUOUS
10
-0.2342707874015748
20
1.7228035826771653
11
-0.2282574015748031
21
1.7265820472440945
0
LINE
8
BLACK
6
CONTINUOUS
10
-0.2282574015748031
20
1.7265820472440945
11
-0.2232355905511811
21
1.7316038582677165
0
LINE
8
BLACK
6
CONTINUOUS
10
-0.2232355905511811
20
1.7316038582677165
11
-0.219457125984252
21
1.7376172440944881
0
LINE
8
BLACK
6
CONTINUOUS
10
-0.219457125984252
20
1.7376172440944881
11
-0.2171114960629921
21
1.7443206692913384
0
LINE
8
BLACK
6
CONTINUOUS
10
-0.2171114960629921
20
1.7443206692913384
11
-0.2171114566929134
21
1.744320905511811
0
LINE
8
BLACK
6
CONTINUOUS
10
-0.2171114566929134
20
1.744320905511811
11
-0.2163163385826772
21
1.7513778346456692
0
LINE
8
BLACK
6
CONTINUOUS
10
-0.2163163385826772
20
1.7513778346456692
11
-0.2163163385826772
21
1.7513781102362205
0
LINE
8
BLACK
6
CONTINUOUS
10
-0.2163163385826772
20
1.7513781102362205
11
-0.2171114566929134
21
1.7584350393700787
0
LINE
8
BLACK
6
CONTINUOUS
10
-0.2171114566929134
20
1.7584350393700787
11
-0.2171114960629921
21
1.7584352362204725
0
LINE
8
BLACK
6
CONTINUOUS
10
-0.2171114960629921
20
1.7584352362204725
11
-0.2176197244094488
21
1.7598876771653542
0
LINE
8
BLACK
6
CONTINUOUS
10
-0.2176197244094488
20
1.7598876771653542
11
-0.219457125984252
21
1.7651386614173228
0
LINE
8
BLACK
6
CONTINUOUS
10
-0.219457125984252
20
1.7651386614173228
11
-0.2232355905511811
21
1.7711520472440945
0
LINE
8
BLACK
6
CONTINUOUS
10
-0.2232355905511811
20
1.7711520472440945
11
-0.2282574015748031
21
1.7761738582677165
0
LINE
8
BLACK
6
CONTINUOUS
10
-0.2282574015748031
20
1.7761738582677165
11
-0.2291469291338583
21
1.7767327952755905
0
LINE
8
BLACK
6
CONTINUOUS
10
-0.2291469291338583
20
1.7767327952755905
11
-0.2342707480314961
21
1.7799523228346457
0
LINE
8
BLACK
6
CONTINUOUS
10
-0.2342707480314961
20
1.7799523228346457
11
-0.2409742519685039
21
1.7822979921259843
0
LINE
8
BLACK
6
CONTINUOUS
10
-0.2409742519685039
20
1.7822979921259843
11
-0.2409744488188976
21
1.782298031496063
0
LINE
8
BLACK
6
CONTINUOUS
10
-0.2409744488188976
20
1.782298031496063
11
-0.2467981496062992
21
1.7829541732283465
0
LINE
8
BLACK
6
CONTINUOUS
10
-0.2467981496062992
20
1.7829541732283465
11
-0.2480121653543307
21
1.7834642913385825
0
LINE
8
BLACK
6
CONTINUOUS
10
-0.2480121653543307
20
1.7834642913385825
11
-0.248901811023622
21
1.7830089763779526
0
LINE
8
BLACK
6
CONTINUOUS
10
-0.248901811023622
20
1.7830089763779526
11
-0.249264842519685
21
1.7829541732283465
0
LINE
8
BLACK
6
CONTINUOUS
10
-0.249264842519685
20
1.7829541732283465
11
-0.2550886220472441
21
1.782298031496063
0
LINE
8
BLACK
6
CONTINUOUS
10
-0.2550886220472441
20
1.782298031496063
11
-0.255088779527559
21
1.7822979921259843
0
LINE
8
BLACK
6
CONTINUOUS
10
-0.255088779527559
20
1.7822979921259843
11
-0.2617922834645669
21
1.7799523228346457
0
LINE
8
BLACK
6
CONTINUOUS
10
-0.2617922834645669
20
1.7799523228346457
11
-0.2678056299212598
21
1.7761738582677165
0
LINE
8
BLACK
6
CONTINUOUS
10
-0.2678056299212598
20
1.7761738582677165
11
-0.2728274015748031
21
1.7711520866141732
0
LINE
8
BLACK
6
CONTINUOUS
10
-0.2728274015748031
20
1.7711520866141732
11
-0.2766058661417323
21
1.7651387401574803
0
LINE
8
BLACK
6
CONTINUOUS
10
-0.2766058661417323
20
1.7651387401574803
11
-0.2789515354330709
21
1.7584352362204725
0
LINE
8
BLACK
6
CONTINUOUS
10
-0.2789515354330709
20
1.7584352362204725
11
-0.2789515748031496
21
1.7584350393700787
0
LINE
8
BLACK
6
CONTINUOUS
10
-0.2789515748031496
20
1.7584350393700787
11
-0.2797466535433071
21
1.7513781102362205
0
LINE
8
BLACK
6
CONTINUOUS
10
-0.2797466535433071
20
1.7513781102362205
11
-0.2797466535433071
21
1.7513778346456692
0
LINE
8
BLACK
6
CONTINUOUS
10
-0.2010064960629921
20
1.7513778346456692
11
-0.2002114173228347
21
1.744320905511811
0
LINE
8
BLACK
6
CONTINUOUS
10
-0.2002114173228347
20
1.744320905511811
11
-0.2002113779527559
21
1.7443207086614172
0
LINE
8
BLACK
6
CONTINUOUS
10
-0.2002113779527559
20
1.7443207086614172
11
-0.1978657086614173
21
1.7376172047244094
0
LINE
8
BLACK
6
CONTINUOUS
10
-0.1978657086614173
20
1.7376172047244094
11
-0.1955642125984252
21
1.7339544094488188
0
LINE
8
BLACK
6
CONTINUOUS
10
-0.1955642125984252
20
1.7339544094488188
11
-0.1940872440944882
21
1.7316038582677165
0
LINE
8
BLACK
6
CONTINUOUS
10
-0.1940872440944882
20
1.7316038582677165
11
-0.1890654330708662
21
1.7265820472440945
0
LINE
8
BLACK
6
CONTINUOUS
10
-0.1890654330708662
20
1.7265820472440945
11
-0.187535157480315
21
1.7256205118110235
0
LINE
8
BLACK
6
CONTINUOUS
10
-0.187535157480315
20
1.7256205118110235
11
-0.1840994488188976
21
1.7234616929133857
0
LINE
8
BLACK
6
CONTINUOUS
10
-0.1840994488188976
20
1.7234616929133857
11
-0.1830520472440945
21
1.7228035826771653
0
LINE
8
BLACK
6
CONTINUOUS
10
-0.1830520472440945
20
1.7228035826771653
11
-0.1763488582677165
21
1.7204580314960629
0
LINE
8
BLACK
6
CONTINUOUS
10
-0.1763488582677165
20
1.7204580314960629
11
-0.1763486220472441
21
1.7204579527559054
0
LINE
8
BLACK
6
CONTINUOUS
10
-0.1763486220472441
20
1.7204579527559054
11
-0.1763484251968504
21
1.7204579133858267
0
LINE
8
BLACK
6
CONTINUOUS
10
-0.1763484251968504
20
1.7204579133858267
11
-0.1692914960629921
21
1.7196627952755905
0
LINE
8
BLACK
6
CONTINUOUS
10
-0.1692914960629921
20
1.7196627952755905
11
-0.1692913385826772
21
1.7196627952755905
0
LINE
8
BLACK
6
CONTINUOUS
10
-0.1692913385826772
20
1.7196627952755905
11
-0.1692911811023622
21
1.7196627952755905
0
LINE
8
BLACK
6
CONTINUOUS
10
-0.1692911811023622
20
1.7196627952755905
11
-0.1622342913385827
21
1.7204579133858267
0
LINE
8
BLACK
6
CONTINUOUS
10
-0.1622342913385827
20
1.7204579133858267
11
-0.1622341732283465
21
1.7204579527559054
0
LINE
8
BLACK
6
CONTINUOUS
10
-0.1622341732283465
20
1.7204579527559054
11
-0.1622340551181102
21
1.7204579527559054
0
LINE
8
BLACK
6
CONTINUOUS
10
-0.1622340551181102
20
1.7204579527559054
11
-0.1555306299212598
21
1.7228035826771653
0
LINE
8
BLACK
6
CONTINUOUS
10
-0.1555306299212598
20
1.7228035826771653
11
-0.1495172440944882
21
1.7265820472440945
0
LINE
8
BLACK
6
CONTINUOUS
10
-0.1495172440944882
20
1.7265820472440945
11
-0.1444954330708661
21
1.7316038582677165
0
LINE
8
BLACK
6
CONTINUOUS
10
-0.1444954330708661
20
1.7316038582677165
11
-0.140716968503937
21
1.7376172440944881
0
LINE
8
BLACK
6
CONTINUOUS
10
-0.140716968503937
20
1.7376172440944881
11
-0.1383713385826772
21
1.7443206692913384
0
LINE
8
BLACK
6
CONTINUOUS
10
-0.1383713385826772
20
1.7443206692913384
11
-0.1383712992125984
21
1.744320905511811
0
LINE
8
BLACK
6
CONTINUOUS
10
-0.1383712992125984
20
1.744320905511811
11
-0.1375761811023622
21
1.7513778346456692
0
LINE
8
BLACK
6
CONTINUOUS
10
-0.1375761811023622
20
1.7513778346456692
11
-0.1375761811023622
21
1.7513781102362205
0
LINE
8
BLACK
6
CONTINUOUS
10
-0.1375761811023622
20
1.7513781102362205
11
-0.1383712992125984
21
1.7584350393700787
0
LINE
8
BLACK
6
CONTINUOUS
10
-0.1383712992125984
20
1.7584350393700787
11
-0.1383713385826772
21
1.7584352362204725
0
LINE
8
BLACK
6
CONTINUOUS
10
-0.1383713385826772
20
1.7584352362204725
11
-0.1388795669291339
21
1.7598876771653542
0
LINE
8
BLACK
6
CONTINUOUS
10
-0.1388795669291339
20
1.7598876771653542
11
-0.140716968503937
21
1.7651386614173228
0
LINE
8
BLACK
6
CONTINUOUS
10
-0.140716968503937
20
1.7651386614173228
11
-0.1444954330708661
21
1.7711520472440945
0
LINE
8
BLACK
6
CONTINUOUS
10
-0.1444954330708661
20
1.7711520472440945
11
-0.1495172440944882
21
1.7761738582677165
0
LINE
8
BLACK
6
CONTINUOUS
10
-0.1495172440944882
20
1.7761738582677165
11
-0.1504067716535433
21
1.7767327952755905
0
LINE
8
BLACK
6
CONTINUOUS
10
-0.1504067716535433
20
1.7767327952755905
11
-0.1555305905511811
21
1.7799523228346457
0
LINE
8
BLACK
6
CONTINUOUS
10
-0.1555305905511811
20
1.7799523228346457
11
-0.162234094488189
21
1.7822979921259843
0
LINE
8
BLACK
6
CONTINUOUS
10
-0.162234094488189
20
1.7822979921259843
11
-0.1622342913385827
21
1.782298031496063
0
LINE
8
BLACK
6
CONTINUOUS
10
-0.1622342913385827
20
1.782298031496063
11
-0.1680579921259842
21
1.7829541732283465
0
LINE
8
BLACK
6
CONTINUOUS
10
-0.1680579921259842
20
1.7829541732283465
11
-0.1692720078740158
21
1.7834642913385825
0
LINE
8
BLACK
6
CONTINUOUS
10
-0.1692720078740158
20
1.7834642913385825
11
-0.1701616535433071
21
1.7830089763779526
0
LINE
8
BLACK
6
CONTINUOUS
10
-0.1701616535433071
20
1.7830089763779526
11
-0.1705246850393701
21
1.7829541732283465
0
LINE
8
BLACK
6
CONTINUOUS
10
-0.1705246850393701
20
1.7829541732283465
11
-0.1763484645669291
21
1.782298031496063
0
LINE
8
BLACK
6
CONTINUOUS
10
-0.1763484645669291
20
1.782298031496063
11
-0.1763486220472441
21
1.7822979921259843
0
LINE
8
BLACK
6
CONTINUOUS
10
-0.1763486220472441
20
1.7822979921259843
11
-0.183052125984252
21
1.7799523228346457
0
LINE
8
BLACK
6
CONTINUOUS
10
-0.183052125984252
20
1.7799523228346457
11
-0.1890654724409449
21
1.7761738582677165
0
LINE
8
BLACK
6
CONTINUOUS
10
-0.1890654724409449
20
1.7761738582677165
11
-0.1940872440944882
21
1.7711520866141732
0
LINE
8
BLACK
6
CONTINUOUS
10
-0.1940872440944882
20
1.7711520866141732
11
-0.1978657086614173
21
1.7651387401574803
0
LINE
8
BLACK
6
CONTINUOUS
10
-0.1978657086614173
20
1.7651387401574803
11
-0.2002113779527559
21
1.7584352362204725
0
LINE
8
BLACK
6
CONTINUOUS
10
-0.2002113779527559
20
1.7584352362204725
11
-0.2002114173228347
21
1.7584350393700787
0
LINE
8
BLACK
6
CONTINUOUS
10
-0.2002114173228347
20
1.7584350393700787
11
-0.2010064960629921
21
1.7513781102362205
0
LINE
8
BLACK
6
CONTINUOUS
10
-0.2010064960629921
20
1.7513781102362205
11
-0.2010064960629921
21
1.7513778346456692
0
LINE
8
BLACK
6
CONTINUOUS
10
-0.238956968503937
20
1.8061905118110235
11
-0.2449468897637795
21
1.8047141338582677
0
LINE
8
BLACK
6
CONTINUOUS
10
-0.2449468897637795
20
1.8047141338582677
11
-0.2511161023622047
21
1.8047141338582677
0
LINE
8
BLACK
6
CONTINUOUS
10
-0.2511161023622047
20
1.8047141338582677
11
-0.2571060236220473
21
1.8061905118110235
0
LINE
8
BLACK
6
CONTINUOUS
10
-0.2571060236220473
20
1.8061905118110235
11
-0.2577183464566929
21
1.8065118897637795
0
LINE
8
BLACK
6
CONTINUOUS
10
-0.2577183464566929
20
1.8065118897637795
11
-0.2665975590551181
21
1.7976326771653544
0
LINE
8
BLACK
6
CONTINUOUS
10
-0.2665975590551181
20
1.7976326771653544
11
-0.2624138582677165
21
1.7953964173228345
0
LINE
8
BLACK
6
CONTINUOUS
10
-0.2624138582677165
20
1.7953964173228345
11
-0.2553634251968504
21
1.7932576771653543
0
LINE
8
BLACK
6
CONTINUOUS
10
-0.2553634251968504
20
1.7932576771653543
11
-0.2493329527559055
21
1.7926637401574803
0
LINE
8
BLACK
6
CONTINUOUS
10
-0.2493329527559055
20
1.7926637401574803
11
-0.2480453543307087
21
1.7921438188976377
0
LINE
8
BLACK
6
CONTINUOUS
10
-0.2480453543307087
20
1.7921438188976377
11
-0.2470938582677165
21
1.7926140157480315
0
LINE
8
BLACK
6
CONTINUOUS
10
-0.2470938582677165
20
1.7926140157480315
11
-0.2467300787401575
21
1.7926637401574803
0
LINE
8
BLACK
6
CONTINUOUS
10
-0.2467300787401575
20
1.7926637401574803
11
-0.2406996062992126
21
1.7932576771653543
0
LINE
8
BLACK
6
CONTINUOUS
10
-0.2406996062992126
20
1.7932576771653543
11
-0.2336491732283464
21
1.7953964173228345
0
LINE
8
BLACK
6
CONTINUOUS
10
-0.2336491732283464
20
1.7953964173228345
11
-0.2294654724409449
21
1.7976326771653544
0
LINE
8
BLACK
6
CONTINUOUS
10
-0.2294654724409449
20
1.7976326771653544
11
-0.2294654724409449
21
1.7976327165354331
0
LINE
8
BLACK
6
CONTINUOUS
10
-0.2294654724409449
20
1.7976327165354331
11
-0.2383446456692913
21
1.8065118897637795
0
LINE
8
BLACK
6
CONTINUOUS
10
-0.2383446456692913
20
1.8065118897637795
11
-0.238956968503937
21
1.8061905118110235
0
LINE
8
BLACK
6
CONTINUOUS
10
-0.160216811023622
20
1.8061905118110235
11
-0.1662067322834646
21
1.8047141338582677
0
LINE
8
BLACK
6
CONTINUOUS
10
-0.1662067322834646
20
1.8047141338582677
11
-0.1723759448818898
21
1.8047141338582677
0
LINE
8
BLACK
6
CONTINUOUS
10
-0.1723759448818898
20
1.8047141338582677
11
-0.1783658661417323
21
1.8061905118110235
0
LINE
8
BLACK
6
CONTINUOUS
10
-0.1783658661417323
20
1.8061905118110235
11
-0.178978188976378
21
1.8065118897637795
0
LINE
8
BLACK
6
CONTINUOUS
10
-0.178978188976378
20
1.8065118897637795
11
-0.1878574015748032
21
1.7976326771653544
0
LINE
8
BLACK
6
CONTINUOUS
10
-0.1878574015748032
20
1.7976326771653544
11
-0.1836737007874016
21
1.7953964173228345
0
LINE
8
BLACK
6
CONTINUOUS
10
-0.1836737007874016
20
1.7953964173228345
11
-0.1766232677165354
21
1.7932576771653543
0
LINE
8
BLACK
6
CONTINUOUS
10
-0.1766232677165354
20
1.7932576771653543
11
-0.1705927952755905
21
1.7926637401574803
0
LINE
8
BLACK
6
CONTINUOUS
10
-0.1705927952755905
20
1.7926637401574803
11
-0.1693051968503937
21
1.7921438188976377
0
LINE
8
BLACK
6
CONTINUOUS
10
-0.1693051968503937
20
1.7921438188976377
11
-0.1683537007874016
21
1.7926140157480315
0
LINE
8
BLACK
6
CONTINUOUS
10
-0.1683537007874016
20
1.7926140157480315
11
-0.1679899212598425
21
1.7926637401574803
0
LINE
8
BLACK
6
CONTINUOUS
10
-0.1679899212598425
20
1.7926637401574803
11
-0.1619594488188976
21
1.7932576771653543
0
LINE
8
BLACK
6
CONTINUOUS
10
-0.1619594488188976
20
1.7932576771653543
11
-0.1549090157480315
21
1.7953964173228345
0
LINE
8
BLACK
6
CONTINUOUS
10
-0.1549090157480315
20
1.7953964173228345
11
-0.1507253149606299
21
1.7976326771653544
0
LINE
8
BLACK
6
CONTINUOUS
10
-0.1507253149606299
20
1.7976326771653544
11
-0.1507253149606299
21
1.7976327165354331
0
LINE
8
BLACK
6
CONTINUOUS
10
-0.1507253149606299
20
1.7976327165354331
11
-0.1596044881889764
21
1.8065118897637795
0
LINE
8
BLACK
6
CONTINUOUS
10
-0.1596044881889764
20
1.8065118897637795
11
-0.160216811023622
21
1.8061905118110235
0
LINE
8
BLACK
6
CONTINUOUS
10
-0.2040132283464567
20
1.8445001181102363
11
-0.2041048818897638
21
1.8442787401574803
0
LINE
8
BLACK
6
CONTINUOUS
10
-0.2041048818897638
20
1.8442787401574803
11
-0.2041682283464567
21
1.8443049999999999
0
LINE
8
BLACK
6
CONTINUOUS
10
-0.2041682283464567
20
1.8443049999999999
11
-0.2054976377952756
21
1.842276496062992
0
LINE
8
BLACK
6
CONTINUOUS
10
-0.2054976377952756
20
1.842276496062992
11
-0.2080099606299212
21
1.8411562598425197
0
LINE
8
BLACK
6
CONTINUOUS
10
-0.2080099606299212
20
1.8411562598425197
11
-0.2107291338582677
21
1.8415721259842519
0
LINE
8
BLACK
6
CONTINUOUS
10
-0.2107291338582677
20
1.8415721259842519
11
-0.212791811023622
21
1.8433920472440946
0
LINE
8
BLACK
6
CONTINUOUS
10
-0.212791811023622
20
1.8433920472440946
11
-0.2132001968503937
21
1.8442862992125983
0
LINE
8
BLACK
6
CONTINUOUS
10
-0.2132001968503937
20
1.8442862992125983
11
-0.2132179921259842
21
1.8442788976377953
0
LINE
8
BLACK
6
CONTINUOUS
10
-0.2132179921259842
20
1.8442788976377953
11
-0.2133096456692913
21
1.8445001181102363
0
LINE
8
BLACK
6
CONTINUOUS
10
-0.2133096456692913
20
1.8445001181102363
11
-0.215546062992126
21
1.8486841732283463
0
LINE
8
BLACK
6
CONTINUOUS
10
-0.215546062992126
20
1.8486841732283463
11
-0.2245053543307086
21
1.8397249212598425
0
LINE
8
BLACK
6
CONTINUOUS
10
-0.2245053543307086
20
1.8397249212598425
11
-0.2231845669291339
21
1.8362423228346456
0
LINE
8
BLACK
6
CONTINUOUS
10
-0.2231845669291339
20
1.8362423228346456
11
-0.2224409448818898
21
1.8301181102362205
0
LINE
8
BLACK
6
CONTINUOUS
10
-0.2224409448818898
20
1.8301181102362205
11
-0.2231845669291339
21
1.8239938976377952
0
LINE
8
BLACK
6
CONTINUOUS
10
-0.2231845669291339
20
1.8239938976377952
11
-0.2245053543307086
21
1.8205113385826772
0
LINE
8
BLACK
6
CONTINUOUS
10
-0.2245053543307086
20
1.8205113385826772
11
-0.2155461023622047
21
1.8115520866141732
0
LINE
8
BLACK
6
CONTINUOUS
10
-0.2155461023622047
20
1.8115520866141732
11
-0.215546062992126
21
1.8115520866141732
0
LINE
8
BLACK
6
CONTINUOUS
10
-0.215546062992126
20
1.8115520866141732
11
-0.2133096456692913
21
1.8157361417322835
0
LINE
8
BLACK
6
CONTINUOUS
10
-0.2133096456692913
20
1.8157361417322835
11
-0.2132179921259842
21
1.8159573228346457
0
LINE
8
BLACK
6
CONTINUOUS
10
-0.2132179921259842
20
1.8159573228346457
11
-0.2131546850393701
21
1.8159311023622047
0
LINE
8
BLACK
6
CONTINUOUS
10
-0.2131546850393701
20
1.8159311023622047
11
-0.2118254724409449
21
1.817959527559055
0
LINE
8
BLACK
6
CONTINUOUS
10
-0.2118254724409449
20
1.817959527559055
11
-0.2093132283464567
21
1.8190799606299213
0
LINE
8
BLACK
6
CONTINUOUS
10
-0.2093132283464567
20
1.8190799606299213
11
-0.2065940157480315
21
1.8186642913385827
0
LINE
8
BLACK
6
CONTINUOUS
10
-0.2065940157480315
20
1.8186642913385827
11
-0.2045312204724409
21
1.816844527559055
0
LINE
8
BLACK
6
CONTINUOUS
10
-0.2045312204724409
20
1.816844527559055
11
-0.2041226771653543
21
1.8159499606299212
0
LINE
8
BLACK
6
CONTINUOUS
10
-0.2041226771653543
20
1.8159499606299212
11
-0.204104842519685
21
1.8159573228346457
0
LINE
8
BLACK
6
CONTINUOUS
10
-0.204104842519685
20
1.8159573228346457
11
-0.2040131496062992
21
1.8157359448818897
0
LINE
8
BLACK
6
CONTINUOUS
10
-0.2040131496062992
20
1.8157359448818897
11
-0.2017768503937008
21
1.8115520866141732
0
LINE
8
BLACK
6
CONTINUOUS
10
-0.2017768503937008
20
1.8115520866141732
11
-0.201776811023622
21
1.8115520866141732
0
LINE
8
BLACK
6
CONTINUOUS
10
-0.201776811023622
20
1.8115520866141732
11
-0.1928175196850394
21
1.8205114173228345
0
LINE
8
BLACK
6
CONTINUOUS
10
-0.1928175196850394
20
1.8205114173228345
11
-0.1941382677165354
21
1.8239938976377952
0
LINE
8
BLACK
6
CONTINUOUS
10
-0.1941382677165354
20
1.8239938976377952
11
-0.1948818897637795
21
1.8301181102362205
0
LINE
8
BLACK
6
CONTINUOUS
10
-0.1948818897637795
20
1.8301181102362205
11
-0.1941382677165354
21
1.8362423228346456
0
LINE
8
BLACK
6
CONTINUOUS
10
-0.1941382677165354
20
1.8362423228346456
11
-0.1928175196850394
21
1.8397248818897638
0
LINE
8
BLACK
6
CONTINUOUS
10
-0.1928175196850394
20
1.8397248818897638
11
-0.201776811023622
21
1.8486841732283463
0
LINE
8
BLACK
6
CONTINUOUS
10
-0.201776811023622
20
1.8486841732283463
11
-0.2040132283464567
21
1.8445001181102363
0
LINE
8
BLACK
6
CONTINUOUS
10
-0.1457651968503937
20
1.8397249212598425
11
-0.1444444094488189
21
1.8362423228346456
0
LINE
8
BLACK
6
CONTINUOUS
10
-0.1444444094488189
20
1.8362423228346456
11
-0.1437007874015748
21
1.8301181102362205
0
LINE
8
BLACK
6
CONTINUOUS
10
-0.1437007874015748
20
1.8301181102362205
11
-0.1444444094488189
21
1.8239938976377952
0
LINE
8
BLACK
6
CONTINUOUS
10
-0.1444444094488189
20
1.8239938976377952
11
-0.1457651968503937
21
1.8205113385826772
0
LINE
8
BLACK
6
CONTINUOUS
10
-0.1457651968503937
20
1.8205113385826772
11
-0.1368059448818898
21
1.8115520866141732
0
LINE
8
BLACK
6
CONTINUOUS
10
-0.1368059448818898
20
1.8115520866141732
11
-0.136805905511811
21
1.8115520866141732
0
LINE
8
BLACK
6
CONTINUOUS
10
-0.136805905511811
20
1.8115520866141732
11
-0.1345696456692913
21
1.8157357874015747
0
LINE
8
BLACK
6
CONTINUOUS
10
-0.1345696456692913
20
1.8157357874015747
11
-0.132430905511811
21
1.822786220472441
0
LINE
8
BLACK
6
CONTINUOUS
10
-0.132430905511811
20
1.822786220472441
11
-0.1317088188976378
21
1.8301181102362205
0
LINE
8
BLACK
6
CONTINUOUS
10
-0.1317088188976378
20
1.8301181102362205
11
-0.132430905511811
21
1.8374500393700788
0
LINE
8
BLACK
6
CONTINUOUS
10
-0.132430905511811
20
1.8374500393700788
11
-0.1345696456692913
21
1.8445004724409448
0
LINE
8
BLACK
6
CONTINUOUS
10
-0.1345696456692913
20
1.8445004724409448
11
-0.136805905511811
21
1.8486841732283463
0
LINE
8
BLACK
6
CONTINUOUS
10
-0.136805905511811
20
1.8486841732283463
11
-0.1457651968503937
21
1.8397249212598425
0
LINE
8
BLACK
6
CONTINUOUS
10
-0.2489691338582677
20
1.8676222440944881
11
-0.2493329527559055
21
1.8675725196850392
0
LINE
8
BLACK
6
CONTINUOUS
10
-0.2493329527559055
20
1.8675725196850392
11
-0.2553634251968504
21
1.8669785826771652
0
LINE
8
BLACK
6
CONTINUOUS
10
-0.2553634251968504
20
1.8669785826771652
11
-0.2624137007874016
21
1.8648398818897638
0
LINE
8
BLACK
6
CONTINUOUS
10
-0.2624137007874016
20
1.8648398818897638
11
-0.2665975590551181
21
1.8626035826771654
0
LINE
8
BLACK
6
CONTINUOUS
10
-0.2665975590551181
20
1.8626035826771654
11
-0.2577183464566929
21
1.85372437007874
0
LINE
8
BLACK
6
CONTINUOUS
10
-0.2577183464566929
20
1.85372437007874
11
-0.2571060236220473
21
1.8540457086614173
0
LINE
8
BLACK
6
CONTINUOUS
10
-0.2571060236220473
20
1.8540457086614173
11
-0.2511161023622047
21
1.8555220866141733
0
LINE
8
BLACK
6
CONTINUOUS
10
-0.2511161023622047
20
1.8555220866141733
11
-0.2449468897637795
21
1.8555220866141733
0
LINE
8
BLACK
6
CONTINUOUS
10
-0.2449468897637795
20
1.8555220866141733
11
-0.238956968503937
21
1.8540457086614173
0
LINE
8
BLACK
6
CONTINUOUS
10
-0.238956968503937
20
1.8540457086614173
11
-0.2383446850393701
21
1.85372437007874
0
LINE
8
BLACK
6
CONTINUOUS
10
-0.2383446850393701
20
1.85372437007874
11
-0.2294654724409449
21
1.8626035826771654
0
LINE
8
BLACK
6
CONTINUOUS
10
-0.2294654724409449
20
1.8626035826771654
11
-0.2294654724409449
21
1.8626036220472439
0
LINE
8
BLACK
6
CONTINUOUS
10
-0.2294654724409449
20
1.8626036220472439
11
-0.233649094488189
21
1.8648398031496063
0
LINE
8
BLACK
6
CONTINUOUS
10
-0.233649094488189
20
1.8648398031496063
11
-0.2406996062992126
21
1.8669785826771652
0
LINE
8
BLACK
6
CONTINUOUS
10
-0.2406996062992126
20
1.8669785826771652
11
-0.2467300787401575
21
1.8675725196850392
0
LINE
8
BLACK
6
CONTINUOUS
10
-0.2467300787401575
20
1.8675725196850392
11
-0.2480177165354331
21
1.8680924803149606
0
LINE
8
BLACK
6
CONTINUOUS
10
-0.2480177165354331
20
1.8680924803149606
11
-0.2489691338582677
21
1.8676222440944881
0
LINE
8
BLACK
6
CONTINUOUS
10
-0.1702289763779528
20
1.8676222440944881
11
-0.1705927952755905
21
1.8675725196850392
0
LINE
8
BLACK
6
CONTINUOUS
10
-0.1705927952755905
20
1.8675725196850392
11
-0.1766232677165354
21
1.8669785826771652
0
LINE
8
BLACK
6
CONTINUOUS
10
-0.1766232677165354
20
1.8669785826771652
11
-0.1836735433070866
21
1.8648398818897638
0
LINE
8
BLACK
6
CONTINUOUS
10
-0.1836735433070866
20
1.8648398818897638
11
-0.1878574015748032
21
1.8626035826771654
0
LINE
8
BLACK
6
CONTINUOUS
10
-0.1878574015748032
20
1.8626035826771654
11
-0.178978188976378
21
1.85372437007874
0
LINE
8
BLACK
6
CONTINUOUS
10
-0.178978188976378
20
1.85372437007874
11
-0.1783658661417323
21
1.8540457086614173
0
LINE
8
BLACK
6
CONTINUOUS
10
-0.1783658661417323
20
1.8540457086614173
11
-0.1723759448818898
21
1.8555220866141733
0
LINE
8
BLACK
6
CONTINUOUS
10
-0.1723759448818898
20
1.8555220866141733
11
-0.1662067322834646
21
1.8555220866141733
0
LINE
8
BLACK
6
CONTINUOUS
10
-0.1662067322834646
20
1.8555220866141733
11
-0.160216811023622
21
1.8540457086614173
0
LINE
8
BLACK
6
CONTINUOUS
10
-0.160216811023622
20
1.8540457086614173
11
-0.1596045275590551
21
1.85372437007874
0
LINE
8
BLACK
6
CONTINUOUS
10
-0.1596045275590551
20
1.85372437007874
11
-0.1507253149606299
21
1.8626035826771654
0
LINE
8
BLACK
6
CONTINUOUS
10
-0.1507253149606299
20
1.8626035826771654
11
-0.1507253149606299
21
1.8626036220472439
0
LINE
8
BLACK
6
CONTINUOUS
10
-0.1507253149606299
20
1.8626036220472439
11
-0.154908937007874
21
1.8648398031496063
0
LINE
8
BLACK
6
CONTINUOUS
10
-0.154908937007874
20
1.8648398031496063
11
-0.1619594488188976
21
1.8669785826771652
0
LINE
8
BLACK
6
CONTINUOUS
10
-0.1619594488188976
20
1.8669785826771652
11
-0.1679899212598425
21
1.8675725196850392
0
LINE
8
BLACK
6
CONTINUOUS
10
-0.1679899212598425
20
1.8675725196850392
11
-0.1692775590551181
21
1.8680924803149606
0
LINE
8
BLACK
6
CONTINUOUS
10
-0.1692775590551181
20
1.8680924803149606
11
-0.1702289763779528
21
1.8676222440944881
0
LINE
8
BLACK
6
CONTINUOUS
10
-0.2797466535433071
20
1.9088581496062991
11
-0.2789515748031496
21
1.9018012204724408
0
LINE
8
BLACK
6
CONTINUOUS
10
-0.2789515748031496
20
1.9018012204724408
11
-0.2789515354330709
21
1.9018010236220473
0
LINE
8
BLACK
6
CONTINUOUS
10
-0.2789515354330709
20
1.9018010236220473
11
-0.2766058661417323
21
1.8950975196850393
0
LINE
8
BLACK
6
CONTINUOUS
10
-0.2766058661417323
20
1.8950975196850393
11
-0.273872874015748
21
1.890748031496063
0
LINE
8
BLACK
6
CONTINUOUS
10
-0.273872874015748
20
1.890748031496063
11
-0.2728274015748031
21
1.8890841732283463
0
LINE
8
BLACK
6
CONTINUOUS
10
-0.2728274015748031
20
1.8890841732283463
11
-0.2678055905511811
21
1.8840623622047243
0
LINE
8
BLACK
6
CONTINUOUS
10
-0.2678055905511811
20
1.8840623622047243
11
-0.2652805118110236
21
1.882475748031496
0
LINE
8
BLACK
6
CONTINUOUS
10
-0.2652805118110236
20
1.882475748031496
11
-0.2623277559055118
21
1.8806203937007873
0
LINE
8
BLACK
6
CONTINUOUS
10
-0.2623277559055118
20
1.8806203937007873
11
-0.2617922047244094
21
1.8802838976377951
0
LINE
8
BLACK
6
CONTINUOUS
10
-0.2617922047244094
20
1.8802838976377951
11
-0.2585338188976378
21
1.8791437401574802
0
LINE
8
BLACK
6
CONTINUOUS
10
-0.2585338188976378
20
1.8791437401574802
11
-0.255088779527559
21
1.8779382677165355
0
LINE
8
BLACK
6
CONTINUOUS
10
-0.255088779527559
20
1.8779382677165355
11
-0.2550885826771653
21
1.8779382283464567
0
LINE
8
BLACK
6
CONTINUOUS
10
-0.2550885826771653
20
1.8779382283464567
11
-0.2511861417322835
21
1.8774985826771653
0
LINE
8
BLACK
6
CONTINUOUS
10
-0.2511861417322835
20
1.8774985826771653
11
-0.2492648818897638
21
1.8772820866141733
0
LINE
8
BLACK
6
CONTINUOUS
10
-0.2492648818897638
20
1.8772820866141733
11
-0.248050905511811
21
1.8767720078740158
0
LINE
8
BLACK
6
CONTINUOUS
10
-0.248050905511811
20
1.8767720078740158
11
-0.2471612204724409
21
1.8772272834645669
0
LINE
8
BLACK
6
CONTINUOUS
10
-0.2471612204724409
20
1.8772272834645669
11
-0.2467985039370079
21
1.8772820472440945
0
LINE
8
BLACK
6
CONTINUOUS
10
-0.2467985039370079
20
1.8772820472440945
11
-0.2443015748031496
21
1.8775633858267715
0
LINE
8
BLACK
6
CONTINUOUS
10
-0.2443015748031496
20
1.8775633858267715
11
-0.2409744094488189
21
1.8779382283464567
0
LINE
8
BLACK
6
CONTINUOUS
10
-0.2409744094488189
20
1.8779382283464567
11
-0.2409742913385827
21
1.8779382677165355
0
LINE
8
BLACK
6
CONTINUOUS
10
-0.2409742913385827
20
1.8779382677165355
11
-0.2409742125984252
21
1.8779382677165355
0
LINE
8
BLACK
6
CONTINUOUS
10
-0.2409742125984252
20
1.8779382677165355
11
-0.2342707874015748
21
1.8802838976377951
0
LINE
8
BLACK
6
CONTINUOUS
10
-0.2342707874015748
20
1.8802838976377951
11
-0.2282574015748031
21
1.8840623622047243
0
LINE
8
BLACK
6
CONTINUOUS
10
-0.2282574015748031
20
1.8840623622047243
11
-0.2232355905511811
21
1.8890841732283463
0
LINE
8
BLACK
6
CONTINUOUS
10
-0.2232355905511811
20
1.8890841732283463
11
-0.219457125984252
21
1.895097559055118
0
LINE
8
BLACK
6
CONTINUOUS
10
-0.219457125984252
20
1.895097559055118
11
-0.2171114960629921
21
1.9018009842519685
0
LINE
8
BLACK
6
CONTINUOUS
10
-0.2171114960629921
20
1.9018009842519685
11
-0.2171114566929134
21
1.9018012204724408
0
LINE
8
BLACK
6
CONTINUOUS
10
-0.2171114566929134
20
1.9018012204724408
11
-0.2163163385826772
21
1.9088581496062991
0
LINE
8
BLACK
6
CONTINUOUS
10
-0.2163163385826772
20
1.9088581496062991
11
-0.2163163385826772
21
1.9088584251968503
0
LINE
8
BLACK
6
CONTINUOUS
10
-0.2163163385826772
20
1.9088584251968503
11
-0.2171114566929134
21
1.9159153543307086
0
LINE
8
BLACK
6
CONTINUOUS
10
-0.2171114566929134
20
1.9159153543307086
11
-0.2171114960629921
21
1.9159155511811023
0
LINE
8
BLACK
6
CONTINUOUS
10
-0.2171114960629921
20
1.9159155511811023
11
-0.218797125984252
21
1.9207328346456694
0
LINE
8
BLACK
6
CONTINUOUS
10
-0.218797125984252
20
1.9207328346456694
11
-0.219457125984252
21
1.9226189763779526
0
LINE
8
BLACK
6
CONTINUOUS
10
-0.219457125984252
20
1.9226189763779526
11
-0.2232355905511811
21
1.9286323622047243
0
LINE
8
BLACK
6
CONTINUOUS
10
-0.2232355905511811
20
1.9286323622047243
11
-0.2282574015748031
21
1.9336541732283463
0
LINE
8
BLACK
6
CONTINUOUS
10
-0.2282574015748031
20
1.9336541732283463
11
-0.2312672440944882
21
1.9355453937007874
0
LINE
8
BLACK
6
CONTINUOUS
10
-0.2312672440944882
20
1.9355453937007874
11
-0.2342707480314961
21
1.9374326377952755
0
LINE
8
BLACK
6
CONTINUOUS
10
-0.2342707480314961
20
1.9374326377952755
11
-0.2409742519685039
21
1.9397783070866141
0
LINE
8
BLACK
6
CONTINUOUS
10
-0.2409742519685039
20
1.9397783070866141
11
-0.2409744488188976
21
1.9397783464566929
0
LINE
8
BLACK
6
CONTINUOUS
10
-0.2409744488188976
20
1.9397783464566929
11
-0.2480313385826771
21
1.9405734251968503
0
LINE
8
BLACK
6
CONTINUOUS
10
-0.2480313385826771
20
1.9405734251968503
11
-0.2480316535433071
21
1.9405734251968503
0
LINE
8
BLACK
6
CONTINUOUS
10
-0.2480316535433071
20
1.9405734251968503
11
-0.2550885826771653
21
1.9397783464566929
0
LINE
8
BLACK
6
CONTINUOUS
10
-0.2550885826771653
20
1.9397783464566929
11
-0.255088779527559
21
1.9397783070866141
0
LINE
8
BLACK
6
CONTINUOUS
10
-0.255088779527559
20
1.9397783070866141
11
-0.2617922834645669
21
1.9374326377952755
0
LINE
8
BLACK
6
CONTINUOUS
10
-0.2617922834645669
20
1.9374326377952755
11
-0.2678056299212598
21
1.9336541732283463
0
LINE
8
BLACK
6
CONTINUOUS
10
-0.2678056299212598
20
1.9336541732283463
11
-0.2728274015748031
21
1.9286324015748031
0
LINE
8
BLACK
6
CONTINUOUS
10
-0.2728274015748031
20
1.9286324015748031
11
-0.2766058661417323
21
1.9226190551181102
0
LINE
8
BLACK
6
CONTINUOUS
10
-0.2766058661417323
20
1.9226190551181102
11
-0.2789515354330709
21
1.9159155511811023
0
LINE
8
BLACK
6
CONTINUOUS
10
-0.2789515354330709
20
1.9159155511811023
11
-0.2789515748031496
21
1.9159153543307086
0
LINE
8
BLACK
6
CONTINUOUS
10
-0.2789515748031496
20
1.9159153543307086
11
-0.2797466535433071
21
1.9088584251968503
0
LINE
8
BLACK
6
CONTINUOUS
10
-0.2797466535433071
20
1.9088584251968503
11
-0.2797466535433071
21
1.9088581496062991
0
LINE
8
BLACK
6
CONTINUOUS
10
-0.2010064960629921
20
1.9088581496062991
11
-0.2002114173228347
21
1.9018012204724408
0
LINE
8
BLACK
6
CONTINUOUS
10
-0.2002114173228347
20
1.9018012204724408
11
-0.2002113779527559
21
1.9018010236220473
0
LINE
8
BLACK
6
CONTINUOUS
10
-0.2002113779527559
20
1.9018010236220473
11
-0.1978657086614173
21
1.8950975196850393
0
LINE
8
BLACK
6
CONTINUOUS
10
-0.1978657086614173
20
1.8950975196850393
11
-0.1951327165354331
21
1.890748031496063
0
LINE
8
BLACK
6
CONTINUOUS
10
-0.1951327165354331
20
1.890748031496063
11
-0.1940872440944882
21
1.8890841732283463
0
LINE
8
BLACK
6
CONTINUOUS
10
-0.1940872440944882
20
1.8890841732283463
11
-0.1890654330708662
21
1.8840623622047243
0
LINE
8
BLACK
6
CONTINUOUS
10
-0.1890654330708662
20
1.8840623622047243
11
-0.1865403543307086
21
1.882475748031496
0
LINE
8
BLACK
6
CONTINUOUS
10
-0.1865403543307086
20
1.882475748031496
11
-0.1835875984251968
21
1.8806203937007873
0
LINE
8
BLACK
6
CONTINUOUS
10
-0.1835875984251968
20
1.8806203937007873
11
-0.1830520472440945
21
1.8802838976377951
0
LINE
8
BLACK
6
CONTINUOUS
10
-0.1830520472440945
20
1.8802838976377951
11
-0.1797936614173228
21
1.8791437401574802
0
LINE
8
BLACK
6
CONTINUOUS
10
-0.1797936614173228
20
1.8791437401574802
11
-0.1763486220472441
21
1.8779382677165355
0
LINE
8
BLACK
6
CONTINUOUS
10
-0.1763486220472441
20
1.8779382677165355
11
-0.1763484251968504
21
1.8779382283464567
0
LINE
8
BLACK
6
CONTINUOUS
10
-0.1763484251968504
20
1.8779382283464567
11
-0.1724459842519685
21
1.8774985826771653
0
LINE
8
BLACK
6
CONTINUOUS
10
-0.1724459842519685
20
1.8774985826771653
11
-0.1705247244094488
21
1.8772820866141733
0
LINE
8
BLACK
6
CONTINUOUS
10
-0.1705247244094488
20
1.8772820866141733
11
-0.1693107480314961
21
1.8767720078740158
0
LINE
8
BLACK
6
CONTINUOUS
10
-0.1693107480314961
20
1.8767720078740158
11
-0.168421062992126
21
1.8772272834645669
0
LINE
8
BLACK
6
CONTINUOUS
10
-0.168421062992126
20
1.8772272834645669
11
-0.1680583464566929
21
1.8772820472440945
0
LINE
8
BLACK
6
CONTINUOUS
10
-0.1680583464566929
20
1.8772820472440945
11
-0.1655614173228346
21
1.8775633858267715
0
LINE
8
BLACK
6
CONTINUOUS
10
-0.1655614173228346
20
1.8775633858267715
11
-0.1622342519685039
21
1.8779382283464567
0
LINE
8
BLACK
6
CONTINUOUS
10
-0.1622342519685039
20
1.8779382283464567
11
-0.1622341338582677
21
1.8779382677165355
0
LINE
8
BLACK
6
CONTINUOUS
10
-0.1622341338582677
20
1.8779382677165355
11
-0.1622340551181102
21
1.8779382677165355
0
LINE
8
BLACK
6
CONTINUOUS
10
-0.1622340551181102
20
1.8779382677165355
11
-0.1555306299212598
21
1.8802838976377951
0
LINE
8
BLACK
6
CONTINUOUS
10
-0.1555306299212598
20
1.8802838976377951
11
-0.1495172440944882
21
1.8840623622047243
0
LINE
8
BLACK
6
CONTINUOUS
10
-0.1495172440944882
20
1.8840623622047243
11
-0.1444954330708661
21
1.8890841732283463
0
LINE
8
BLACK
6
CONTINUOUS
10
-0.1444954330708661
20
1.8890841732283463
11
-0.140716968503937
21
1.895097559055118
0
LINE
8
BLACK
6
CONTINUOUS
10
-0.140716968503937
20
1.895097559055118
11
-0.1383713385826772
21
1.9018009842519685
0
LINE
8
BLACK
6
CONTINUOUS
10
-0.1383713385826772
20
1.9018009842519685
11
-0.1383712992125984
21
1.9018012204724408
0
LINE
8
BLACK
6
CONTINUOUS
10
-0.1383712992125984
20
1.9018012204724408
11
-0.1375761811023622
21
1.9088581496062991
0
LINE
8
BLACK
6
CONTINUOUS
10
-0.1375761811023622
20
1.9088581496062991
11
-0.1375761811023622
21
1.9088584251968503
0
LINE
8
BLACK
6
CONTINUOUS
10
-0.1375761811023622
20
1.9088584251968503
11
-0.1383712992125984
21
1.9159153543307086
0
LINE
8
BLACK
6
CONTINUOUS
10
-0.1383712992125984
20
1.9159153543307086
11
-0.1383713385826772
21
1.9159155511811023
0
LINE
8
BLACK
6
CONTINUOUS
10
-0.1383713385826772
20
1.9159155511811023
11
-0.140056968503937
21
1.9207328346456694
0
LINE
8
BLACK
6
CONTINUOUS
10
-0.140056968503937
20
1.9207328346456694
11
-0.140716968503937
21
1.9226189763779526
0
LINE
8
BLACK
6
CONTINUOUS
10
-0.140716968503937
20
1.9226189763779526
11
-0.1444954330708661
21
1.9286323622047243
0
LINE
8
BLACK
6
CONTINUOUS
10
-0.1444954330708661
20
1.9286323622047243
11
-0.1495172440944882
21
1.9336541732283463
0
LINE
8
BLACK
6
CONTINUOUS
10
-0.1495172440944882
20
1.9336541732283463
11
-0.1525270866141732
21
1.9355453937007874
0
LINE
8
BLACK
6
CONTINUOUS
10
-0.1525270866141732
20
1.9355453937007874
11
-0.1555305905511811
21
1.9374326377952755
0
LINE
8
BLACK
6
CONTINUOUS
10
-0.1555305905511811
20
1.9374326377952755
11
-0.162234094488189
21
1.9397783070866141
0
LINE
8
BLACK
6
CONTINUOUS
10
-0.162234094488189
20
1.9397783070866141
11
-0.1622342913385827
21
1.9397783464566929
0
LINE
8
BLACK
6
CONTINUOUS
10
-0.1622342913385827
20
1.9397783464566929
11
-0.1692911811023622
21
1.9405734251968503
0
LINE
8
BLACK
6
CONTINUOUS
10
-0.1692911811023622
20
1.9405734251968503
11
-0.1692914960629921
21
1.9405734251968503
0
LINE
8
BLACK
6
CONTINUOUS
10
-0.1692914960629921
20
1.9405734251968503
11
-0.1763484251968504
21
1.9397783464566929
0
LINE
8
BLACK
6
CONTINUOUS
10
-0.1763484251968504
20
1.9397783464566929
11
-0.1763486220472441
21
1.9397783070866141
0
LINE
8
BLACK
6
CONTINUOUS
10
-0.1763486220472441
20
1.9397783070866141
11
-0.183052125984252
21
1.9374326377952755
0
LINE
8
BLACK
6
CONTINUOUS
10
-0.183052125984252
20
1.9374326377952755
11
-0.1890654724409449
21
1.9336541732283463
0
LINE
8
BLACK
6
CONTINUOUS
10
-0.1890654724409449
20
1.9336541732283463
11
-0.1940872440944882
21
1.9286324015748031
0
LINE
8
BLACK
6
CONTINUOUS
10
-0.1940872440944882
20
1.9286324015748031
11
-0.1978657086614173
21
1.9226190551181102
0
LINE
8
BLACK
6
CONTINUOUS
10
-0.1978657086614173
20
1.9226190551181102
11
-0.2002113779527559
21
1.9159155511811023
0
LINE
8
BLACK
6
CONTINUOUS
10
-0.2002113779527559
20
1.9159155511811023
11
-0.2002114173228347
21
1.9159153543307086
0
LINE
8
BLACK
6
CONTINUOUS
10
-0.2002114173228347
20
1.9159153543307086
11
-0.2010064960629921
21
1.9088584251968503
0
LINE
8
BLACK
6
CONTINUOUS
10
-0.2010064960629921
20
1.9088584251968503
11
-0.2010064960629921
21
1.9088581496062991
0
LINE
8
BLACK
6
CONTINUOUS
10
-0.8497435433070866
20
2.0771367716535432
11
-0.8532415748031495
21
2.0710780708661418
0
LINE
8
BLACK
6
CONTINUOUS
10
-0.8532415748031495
20
2.0710780708661418
11
-0.8579227952755906
21
2.0658790157480316
0
LINE
8
BLACK
6
CONTINUOUS
10
-0.8579227952755906
20
2.0658790157480316
11
-0.8635826771653543
21
2.0617668503937008
0
LINE
8
BLACK
6
CONTINUOUS
10
-0.8635826771653543
20
2.0617668503937008
11
-0.8699738582677166
21
2.0589213385826772
0
LINE
8
BLACK
6
CONTINUOUS
10
-0.8699738582677166
20
2.0589213385826772
11
-0.8704724409448819
21
2.0588153937007871
0
LINE
8
BLACK
6
CONTINUOUS
10
-0.8704724409448819
20
2.0588153937007871
11
-0.8704724409448819
21
2.0465281496062993
0
LINE
8
BLACK
6
CONTINUOUS
10
-0.8704724409448819
20
2.0465281496062993
11
-0.8678717322834646
21
2.0470142519685037
0
LINE
8
BLACK
6
CONTINUOUS
10
-0.8678717322834646
20
2.0470142519685037
11
-0.8600475590551181
21
2.0500453149606299
0
LINE
8
BLACK
6
CONTINUOUS
10
-0.8600475590551181
20
2.0500453149606299
11
-0.8600473228346457
21
2.0500454330708662
0
LINE
8
BLACK
6
CONTINUOUS
10
-0.8600473228346457
20
2.0500454330708662
11
-0.8529135039370078
21
2.0544624803149607
0
LINE
8
BLACK
6
CONTINUOUS
10
-0.8529135039370078
20
2.0544624803149607
11
-0.8529134251968504
21
2.0544625590551182
0
LINE
8
BLACK
6
CONTINUOUS
10
-0.8529134251968504
20
2.0544625590551182
11
-0.8467126377952756
21
2.0601153149606297
0
LINE
8
BLACK
6
CONTINUOUS
10
-0.8467126377952756
20
2.0601153149606297
11
-0.8416559842519685
21
2.0668113779527557
0
LINE
8
BLACK
6
CONTINUOUS
10
-0.8416559842519685
20
2.0668113779527557
11
-0.837916062992126
21
2.0743221259842519
0
LINE
8
BLACK
6
CONTINUOUS
10
-0.837916062992126
20
2.0743221259842519
11
-0.8379158661417323
21
2.0743226377952757
0
LINE
8
BLACK
6
CONTINUOUS
10
-0.8379158661417323
20
2.0743226377952757
11
-0.8360428346456693
21
2.0809055118110238
0
LINE
8
BLACK
6
CONTINUOUS
10
-0.8360428346456693
20
2.0809055118110238
11
-0.8485190157480315
21
2.0809055118110238
0
LINE
8
BLACK
6
CONTINUOUS
10
-0.8485190157480315
20
2.0809055118110238
11
-0.8497435433070866
21
2.0771367716535432
0
LINE
8
BLACK
6
CONTINUOUS
10
-0.5491556692913385
20
2.0600478346456694
11
-0.5558959842519685
21
2.0576892913385825
0
LINE
8
BLACK
6
CONTINUOUS
10
-0.5558959842519685
20
2.0576892913385825
11
-0.562992125984252
21
2.0568897637795276
0
LINE
8
BLACK
6
CONTINUOUS
10
-0.562992125984252
20
2.0568897637795276
11
-0.5700882677165354
21
2.0576892913385825
0
LINE
8
BLACK
6
CONTINUOUS
10
-0.5700882677165354
20
2.0576892913385825
11
-0.5768285826771653
21
2.0600478346456694
0
LINE
8
BLACK
6
CONTINUOUS
10
-0.5768285826771653
20
2.0600478346456694
11
-0.5774279133858268
21
2.0604244094488187
0
LINE
8
BLACK
6
CONTINUOUS
10
-0.5774279133858268
20
2.0604244094488187
11
-0.5833037007874016
21
2.054548622047244
0
LINE
8
BLACK
6
CONTINUOUS
10
-0.5833037007874016
20
2.054548622047244
11
-0.5782829133858267
21
2.0518649606299211
0
LINE
8
BLACK
6
CONTINUOUS
10
-0.5782829133858267
20
2.0518649606299211
11
-0.5707870866141732
21
2.0495911023622049
0
LINE
8
BLACK
6
CONTINUOUS
10
-0.5707870866141732
20
2.0495911023622049
11
-0.562992125984252
21
2.0488233858267715
0
LINE
8
BLACK
6
CONTINUOUS
10
-0.562992125984252
20
2.0488233858267715
11
-0.5551972047244095
21
2.0495911023622049
0
LINE
8
BLACK
6
CONTINUOUS
10
-0.5551972047244095
20
2.0495911023622049
11
-0.5477014566929134
21
2.0518649212598423
0
LINE
8
BLACK
6
CONTINUOUS
10
-0.5477014566929134
20
2.0518649212598423
11
-0.5426806299212599
21
2.0545486614173227
0
LINE
8
BLACK
6
CONTINUOUS
10
-0.5426806299212599
20
2.0545486614173227
11
-0.5485563779527559
21
2.0604244094488187
0
LINE
8
BLACK
6
CONTINUOUS
10
-0.5485563779527559
20
2.0604244094488187
11
-0.5491556692913385
21
2.0600478346456694
0
LINE
8
BLACK
6
CONTINUOUS
10
-0.4507304724409449
20
2.0600478346456694
11
-0.4574707874015748
21
2.0576892913385825
0
LINE
8
BLACK
6
CONTINUOUS
10
-0.4574707874015748
20
2.0576892913385825
11
-0.4645669291338583
21
2.0568897637795276
0
LINE
8
BLACK
6
CONTINUOUS
10
-0.4645669291338583
20
2.0568897637795276
11
-0.4716630708661417
21
2.0576892913385825
0
LINE
8
BLACK
6
CONTINUOUS
10
-0.4716630708661417
20
2.0576892913385825
11
-0.4784033858267717
21
2.0600478346456694
0
LINE
8
BLACK
6
CONTINUOUS
10
-0.4784033858267717
20
2.0600478346456694
11
-0.4790027165354331
21
2.0604244094488187
0
LINE
8
BLACK
6
CONTINUOUS
10
-0.4790027165354331
20
2.0604244094488187
11
-0.4848785039370079
21
2.054548622047244
0
LINE
8
BLACK
6
CONTINUOUS
10
-0.4848785039370079
20
2.054548622047244
11
-0.4798577165354331
21
2.0518649606299211
0
LINE
8
BLACK
6
CONTINUOUS
10
-0.4798577165354331
20
2.0518649606299211
11
-0.4723618897637795
21
2.0495911023622049
0
LINE
8
BLACK
6
CONTINUOUS
10
-0.4723618897637795
20
2.0495911023622049
11
-0.4645669291338583
21
2.0488233858267715
0
LINE
8
BLACK
6
CONTINUOUS
10
-0.4645669291338583
20
2.0488233858267715
11
-0.4567720078740157
21
2.0495911023622049
0
LINE
8
BLACK
6
CONTINUOUS
10
-0.4567720078740157
20
2.0495911023622049
11
-0.4492762598425197
21
2.0518649212598423
0
LINE
8
BLACK
6
CONTINUOUS
10
-0.4492762598425197
20
2.0518649212598423
11
-0.4442554330708661
21
2.0545486614173227
0
LINE
8
BLACK
6
CONTINUOUS
10
-0.4442554330708661
20
2.0545486614173227
11
-0.4501311811023622
21
2.0604244094488187
0
LINE
8
BLACK
6
CONTINUOUS
10
-0.4501311811023622
20
2.0604244094488187
11
-0.4507304724409449
21
2.0600478346456694
0
LINE
8
BLACK
6
CONTINUOUS
10
-0.3523052755905512
20
2.0600478346456694
11
-0.3590455905511811
21
2.0576892913385825
0
LINE
8
BLACK
6
CONTINUOUS
10
-0.3590455905511811
20
2.0576892913385825
11
-0.3661417322834646
21
2.0568897637795276
0
LINE
8
BLACK
6
CONTINUOUS
10
-0.3661417322834646
20
2.0568897637795276
11
-0.373237874015748
21
2.0576892913385825
0
LINE
8
BLACK
6
CONTINUOUS
10
-0.373237874015748
20
2.0576892913385825
11
-0.3799781889763779
21
2.0600478346456694
0
LINE
8
BLACK
6
CONTINUOUS
10
-0.3799781889763779
20
2.0600478346456694
11
-0.3805775196850393
21
2.0604244094488187
0
LINE
8
BLACK
6
CONTINUOUS
10
-0.3805775196850393
20
2.0604244094488187
11
-0.3864533070866142
21
2.054548622047244
0
LINE
8
BLACK
6
CONTINUOUS
10
-0.3864533070866142
20
2.054548622047244
11
-0.3814325196850394
21
2.0518649606299211
0
LINE
8
BLACK
6
CONTINUOUS
10
-0.3814325196850394
20
2.0518649606299211
11
-0.3739366929133858
21
2.0495911023622049
0
LINE
8
BLACK
6
CONTINUOUS
10
-0.3739366929133858
20
2.0495911023622049
11
-0.3661417322834646
21
2.0488233858267715
0
LINE
8
BLACK
6
CONTINUOUS
10
-0.3661417322834646
20
2.0488233858267715
11
-0.358346811023622
21
2.0495911023622049
0
LINE
8
BLACK
6
CONTINUOUS
10
-0.358346811023622
20
2.0495911023622049
11
-0.350851062992126
21
2.0518649212598423
0
LINE
8
BLACK
6
CONTINUOUS
10
-0.350851062992126
20
2.0518649212598423
11
-0.3458302362204724
21
2.0545486614173227
0
LINE
8
BLACK
6
CONTINUOUS
10
-0.3458302362204724
20
2.0545486614173227
11
-0.3517059842519685
21
2.0604244094488187
0
LINE
8
BLACK
6
CONTINUOUS
10
-0.3517059842519685
20
2.0604244094488187
11
-0.3523052755905512
21
2.0600478346456694
0
LINE
8
BLACK
6
CONTINUOUS
10
-0.2538800787401575
20
2.0600478346456694
11
-0.2606203937007874
21
2.0576892913385825
0
LINE
8
BLACK
6
CONTINUOUS
10
-0.2606203937007874
20
2.0576892913385825
11
-0.2677165354330708
21
2.0568897637795276
0
LINE
8
BLACK
6
CONTINUOUS
10
-0.2677165354330708
20
2.0568897637795276
11
-0.2748126771653543
21
2.0576892913385825
0
LINE
8
BLACK
6
CONTINUOUS
10
-0.2748126771653543
20
2.0576892913385825
11
-0.2815529921259842
21
2.0600478346456694
0
LINE
8
BLACK
6
CONTINUOUS
10
-0.2815529921259842
20
2.0600478346456694
11
-0.2821523228346456
21
2.0604244094488187
0
LINE
8
BLACK
6
CONTINUOUS
10
-0.2821523228346456
20
2.0604244094488187
11
-0.2880281102362205
21
2.054548622047244
0
LINE
8
BLACK
6
CONTINUOUS
10
-0.2880281102362205
20
2.054548622047244
11
-0.2830073228346456
21
2.0518649606299211
0
LINE
8
BLACK
6
CONTINUOUS
10
-0.2830073228346456
20
2.0518649606299211
11
-0.2755114960629921
21
2.0495911023622049
0
LINE
8
BLACK
6
CONTINUOUS
10
-0.2755114960629921
20
2.0495911023622049
11
-0.2677165354330708
21
2.0488233858267715
0
LINE
8
BLACK
6
CONTINUOUS
10
-0.2677165354330708
20
2.0488233858267715
11
-0.2599216141732283
21
2.0495911023622049
0
LINE
8
BLACK
6
CONTINUOUS
10
-0.2599216141732283
20
2.0495911023622049
11
-0.2524258661417323
21
2.0518649212598423
0
LINE
8
BLACK
6
CONTINUOUS
10
-0.2524258661417323
20
2.0518649212598423
11
-0.2474050393700787
21
2.0545486614173227
0
LINE
8
BLACK
6
CONTINUOUS
10
-0.2474050393700787
20
2.0545486614173227
11
-0.2532807874015748
21
2.0604244094488187
0
LINE
8
BLACK
6
CONTINUOUS
10
-0.2532807874015748
20
2.0604244094488187
11
-0.2538800787401575
21
2.0600478346456694
0
LINE
8
BLACK
6
CONTINUOUS
10
-0.1554548818897638
20
2.0600478346456694
11
-0.1621951968503937
21
2.0576892913385825
0
LINE
8
BLACK
6
CONTINUOUS
10
-0.1621951968503937
20
2.0576892913385825
11
-0.1692913385826772
21
2.0568897637795276
0
LINE
8
BLACK
6
CONTINUOUS
10
-0.1692913385826772
20
2.0568897637795276
11
-0.1763874803149606
21
2.0576892913385825
0
LINE
8
BLACK
6
CONTINUOUS
10
-0.1763874803149606
20
2.0576892913385825
11
-0.1831277952755906
21
2.0600478346456694
0
LINE
8
BLACK
6
CONTINUOUS
10
-0.1831277952755906
20
2.0600478346456694
11
-0.183727125984252
21
2.0604244094488187
0
LINE
8
BLACK
6
CONTINUOUS
10
-0.183727125984252
20
2.0604244094488187
11
-0.1896029133858268
21
2.054548622047244
0
LINE
8
BLACK
6
CONTINUOUS
10
-0.1896029133858268
20
2.054548622047244
11
-0.184582125984252
21
2.0518649606299211
0
LINE
8
BLACK
6
CONTINUOUS
10
-0.184582125984252
20
2.0518649606299211
11
-0.1770862992125984
21
2.0495911023622049
0
LINE
8
BLACK
6
CONTINUOUS
10
-0.1770862992125984
20
2.0495911023622049
11
-0.1692913385826772
21
2.0488233858267715
0
LINE
8
BLACK
6
CONTINUOUS
10
-0.1692913385826772
20
2.0488233858267715
11
-0.1614964173228347
21
2.0495911023622049
0
LINE
8
BLACK
6
CONTINUOUS
10
-0.1614964173228347
20
2.0495911023622049
11
-0.1540006692913386
21
2.0518649212598423
0
LINE
8
BLACK
6
CONTINUOUS
10
-0.1540006692913386
20
2.0518649212598423
11
-0.148979842519685
21
2.0545486614173227
0
LINE
8
BLACK
6
CONTINUOUS
10
-0.148979842519685
20
2.0545486614173227
11
-0.1548555905511811
21
2.0604244094488187
0
LINE
8
BLACK
6
CONTINUOUS
10
-0.1548555905511811
20
2.0604244094488187
11
-0.1554548818897638
21
2.0600478346456694
0
LINE
8
BLACK
6
CONTINUOUS
10
-0.788422559055118
20
2.1315079133858266
11
-0.796218779527559
21
2.1291429527559056
0
LINE
8
BLACK
6
CONTINUOUS
10
-0.796218779527559
20
2.1291429527559056
11
-0.800165
21
2.1270336220472439
0
LINE
8
BLACK
6
CONTINUOUS
10
-0.800165
20
2.1270336220472439
11
-0.8034035433070866
21
2.1253025590551182
0
LINE
8
BLACK
6
CONTINUOUS
10
-0.8034035433070866
20
2.1253025590551182
11
-0.803403622047244
21
2.1253025196850395
0
LINE
8
BLACK
6
CONTINUOUS
10
-0.803403622047244
20
2.1253025196850395
11
-0.8034036614173228
21
2.1253024803149607
0
LINE
8
BLACK
6
CONTINUOUS
10
-0.8034036614173228
20
2.1253024803149607
11
-0.809701220472441
21
2.1201342913385828
0
LINE
8
BLACK
6
CONTINUOUS
10
-0.809701220472441
20
2.1201342913385828
11
-0.8148694094488189
21
2.1138367322834646
0
LINE
8
BLACK
6
CONTINUOUS
10
-0.8148694094488189
20
2.1138367322834646
11
-0.8187098818897638
21
2.1066518503937006
0
LINE
8
BLACK
6
CONTINUOUS
10
-0.8187098818897638
20
2.1066518503937006
11
-0.821074842519685
21
2.09885562992126
0
LINE
8
BLACK
6
CONTINUOUS
10
-0.821074842519685
20
2.09885562992126
11
-0.8218733464566929
21
2.0907480314960631
0
LINE
8
BLACK
6
CONTINUOUS
10
-0.8218733464566929
20
2.0907480314960631
11
-0.821074842519685
21
2.0826404724409446
0
LINE
8
BLACK
6
CONTINUOUS
10
-0.821074842519685
20
2.0826404724409446
11
-0.8200465354330708
21
2.0792505905511809
0
LINE
8
BLACK
6
CONTINUOUS
10
-0.8200465354330708
20
2.0792505905511809
11
-0.8187099212598425
21
2.0748443307086615
0
LINE
8
BLACK
6
CONTINUOUS
10
-0.8187099212598425
20
2.0748443307086615
11
-0.8148694881889763
21
2.0676594488188975
0
LINE
8
BLACK
6
CONTINUOUS
10
-0.8148694881889763
20
2.0676594488188975
11
-0.8143954330708661
21
2.067081811023622
0
LINE
8
BLACK
6
CONTINUOUS
10
-0.8143954330708661
20
2.067081811023622
11
-0.809701220472441
21
2.0613618110236218
0
LINE
8
BLACK
6
CONTINUOUS
10
-0.809701220472441
20
2.0613618110236218
11
-0.8058972834645669
21
2.0582400787401576
0
LINE
8
BLACK
6
CONTINUOUS
10
-0.8058972834645669
20
2.0582400787401576
11
-0.8034035433070866
21
2.0561935039370076
0
LINE
8
BLACK
6
CONTINUOUS
10
-0.8034035433070866
20
2.0561935039370076
11
-0.7962186614173228
21
2.0523530708661415
0
LINE
8
BLACK
6
CONTINUOUS
10
-0.7962186614173228
20
2.0523530708661415
11
-0.7884225984251968
21
2.049988188976378
0
LINE
8
BLACK
6
CONTINUOUS
10
-0.7884225984251968
20
2.049988188976378
11
-0.7884226377952755
21
2.049988188976378
0
LINE
8
BLACK
6
CONTINUOUS
10
-0.7884226377952755
20
2.049988188976378
11
-0.7876957086614174
21
2.0499166141732283
0
LINE
8
BLACK
6
CONTINUOUS
10
-0.7876957086614174
20
2.0499166141732283
11
-0.7803149606299212
21
2.0491896456692911
0
LINE
8
BLACK
6
CONTINUOUS
10
-0.7803149606299212
20
2.0491896456692911
11
-0.7722073228346457
21
2.049988188976378
0
LINE
8
BLACK
6
CONTINUOUS
10
-0.7722073228346457
20
2.049988188976378
11
-0.7644112598425197
21
2.0523530708661415
0
LINE
8
BLACK
6
CONTINUOUS
10
-0.7644112598425197
20
2.0523530708661415
11
-0.7572263779527559
21
2.0561935039370076
0
LINE
8
BLACK
6
CONTINUOUS
10
-0.7572263779527559
20
2.0561935039370076
11
-0.7509287401574803
21
2.0613618110236218
0
LINE
8
BLACK
6
CONTINUOUS
10
-0.7509287401574803
20
2.0613618110236218
11
-0.7457604330708661
21
2.0676594488188975
0
LINE
8
BLACK
6
CONTINUOUS
10
-0.7457604330708661
20
2.0676594488188975
11
-0.74192
21
2.0748443307086615
0
LINE
8
BLACK
6
CONTINUOUS
10
-0.74192
20
2.0748443307086615
11
-0.7395551181102362
21
2.0826403937007876
0
LINE
8
BLACK
6
CONTINUOUS
10
-0.7395551181102362
20
2.0826403937007876
11
-0.7387565748031496
21
2.0907480314960631
0
LINE
8
BLACK
6
CONTINUOUS
10
-0.7387565748031496
20
2.0907480314960631
11
-0.7395551181102362
21
2.0988556692913387
0
LINE
8
BLACK
6
CONTINUOUS
10
-0.7395551181102362
20
2.0988556692913387
11
-0.74192
21
2.1066517322834644
0
LINE
8
BLACK
6
CONTINUOUS
10
-0.74192
20
2.1066517322834644
11
-0.7457604330708661
21
2.1138366141732283
0
LINE
8
BLACK
6
CONTINUOUS
10
-0.7457604330708661
20
2.1138366141732283
11
-0.7484005511811024
21
2.1170536220472442
0
LINE
8
BLACK
6
CONTINUOUS
10
-0.7484005511811024
20
2.1170536220472442
11
-0.7509287401574803
21
2.1201342913385828
0
LINE
8
BLACK
6
CONTINUOUS
10
-0.7509287401574803
20
2.1201342913385828
11
-0.7572262992125984
21
2.1253024803149607
0
LINE
8
BLACK
6
CONTINUOUS
10
-0.7572262992125984
20
2.1253024803149607
11
-0.7572262598425197
21
2.1253024803149607
0
LINE
8
BLACK
6
CONTINUOUS
10
-0.7572262598425197
20
2.1253024803149607
11
-0.7572263779527559
21
2.1253025590551182
0
LINE
8
BLACK
6
CONTINUOUS
10
-0.7572263779527559
20
2.1253025590551182
11
-0.7644112598425197
21
2.1291429921259843
0
LINE
8
BLACK
6
CONTINUOUS
10
-0.7644112598425197
20
2.1291429921259843
11
-0.7722073228346457
21
2.1315078740157478
0
LINE
8
BLACK
6
CONTINUOUS
10
-0.7722073228346457
20
2.1315078740157478
11
-0.7722074015748032
21
2.1315079133858266
0
LINE
8
BLACK
6
CONTINUOUS
10
-0.7722074015748032
20
2.1315079133858266
11
-0.7722073228346457
21
2.1315079133858266
0
LINE
8
BLACK
6
CONTINUOUS
10
-0.7722073228346457
20
2.1315079133858266
11
-0.7803149606299212
21
2.1323064173228348
0
LINE
8
BLACK
6
CONTINUOUS
10
-0.7803149606299212
20
2.1323064173228348
11
-0.788422559055118
21
2.1315079133858266
0
LINE
8
BLACK
6
CONTINUOUS
10
-0.1409362598425197
20
2.1032153543307088
11
-0.1405596456692913
21
2.1026159842519685
0
LINE
8
BLACK
6
CONTINUOUS
10
-0.1405596456692913
20
2.1026159842519685
11
-0.1382011023622047
21
2.0958756692913387
0
LINE
8
BLACK
6
CONTINUOUS
10
-0.1382011023622047
20
2.0958756692913387
11
-0.1374015748031496
21
2.0887795275590553
0
LINE
8
BLACK
6
CONTINUOUS
10
-0.1374015748031496
20
2.0887795275590553
11
-0.1382011023622047
21
2.0816833858267718
0
LINE
8
BLACK
6
CONTINUOUS
10
-0.1382011023622047
20
2.0816833858267718
11
-0.1405596456692913
21
2.0749430708661416
0
LINE
8
BLACK
6
CONTINUOUS
10
-0.1405596456692913
20
2.0749430708661416
11
-0.1409362204724409
21
2.074343818897638
0
LINE
8
BLACK
6
CONTINUOUS
10
-0.1409362204724409
20
2.074343818897638
11
-0.1350604330708661
21
2.0684680314960628
0
LINE
8
BLACK
6
CONTINUOUS
10
-0.1350604330708661
20
2.0684680314960628
11
-0.1323767322834646
21
2.0734888582677167
0
LINE
8
BLACK
6
CONTINUOUS
10
-0.1323767322834646
20
2.0734888582677167
11
-0.1301029133858268
21
2.0809846062992126
0
LINE
8
BLACK
6
CONTINUOUS
10
-0.1301029133858268
20
2.0809846062992126
11
-0.1293351968503937
21
2.0887795275590553
0
LINE
8
BLACK
6
CONTINUOUS
10
-0.1293351968503937
20
2.0887795275590553
11
-0.1301029133858268
21
2.0965744881889763
0
LINE
8
BLACK
6
CONTINUOUS
10
-0.1301029133858268
20
2.0965744881889763
11
-0.1323767716535433
21
2.1040703149606297
0
LINE
8
BLACK
6
CONTINUOUS
10
-0.1323767716535433
20
2.1040703149606297
11
-0.1350604330708661
21
2.1090911023622048
0
LINE
8
BLACK
6
CONTINUOUS
10
-0.1350604330708661
20
2.1090911023622048
11
-0.1409362598425197
21
2.1032153543307088
0
LINE
8
BLACK
6
CONTINUOUS
10
-0.5346370472440944
20
2.1032153543307088
11
-0.5342604330708661
21
2.1026159842519685
0
LINE
8
BLACK
6
CONTINUOUS
10
-0.5342604330708661
20
2.1026159842519685
11
-0.5319018897637795
21
2.0958756692913387
0
LINE
8
BLACK
6
CONTINUOUS
10
-0.5319018897637795
20
2.0958756692913387
11
-0.5311023622047244
21
2.0887795275590553
0
LINE
8
BLACK
6
CONTINUOUS
10
-0.5311023622047244
20
2.0887795275590553
11
-0.5319018897637795
21
2.0816833858267718
0
LINE
8
BLACK
6
CONTINUOUS
10
-0.5319018897637795
20
2.0816833858267718
11
-0.5342604330708661
21
2.0749430708661416
0
LINE
8
BLACK
6
CONTINUOUS
10
-0.5342604330708661
20
2.0749430708661416
11
-0.5346370078740157
21
2.074343818897638
0
LINE
8
BLACK
6
CONTINUOUS
10
-0.5346370078740157
20
2.074343818897638
11
-0.5287612598425196
21
2.0684680708661416
0
LINE
8
BLACK
6
CONTINUOUS
10
-0.5287612598425196
20
2.0684680708661416
11
-0.5260775196850394
21
2.0734888582677167
0
LINE
8
BLACK
6
CONTINUOUS
10
-0.5260775196850394
20
2.0734888582677167
11
-0.5238037007874016
21
2.0809846062992126
0
LINE
8
BLACK
6
CONTINUOUS
10
-0.5238037007874016
20
2.0809846062992126
11
-0.5230359842519685
21
2.0887795275590553
0
LINE
8
BLACK
6
CONTINUOUS
10
-0.5230359842519685
20
2.0887795275590553
11
-0.5238037007874016
21
2.0965744881889763
0
LINE
8
BLACK
6
CONTINUOUS
10
-0.5238037007874016
20
2.0965744881889763
11
-0.5260775590551181
21
2.1040703149606297
0
LINE
8
BLACK
6
CONTINUOUS
10
-0.5260775590551181
20
2.1040703149606297
11
-0.5287612204724409
21
2.1090911023622048
0
LINE
8
BLACK
6
CONTINUOUS
10
-0.5287612204724409
20
2.1090911023622048
11
-0.5346370472440944
21
2.1032153543307088
0
LINE
8
BLACK
6
CONTINUOUS
10
-0.4362118503937008
20
2.1032153543307088
11
-0.4358352362204724
21
2.1026159842519685
0
LINE
8
BLACK
6
CONTINUOUS
10
-0.4358352362204724
20
2.1026159842519685
11
-0.4334766929133858
21
2.0958756692913387
0
LINE
8
BLACK
6
CONTINUOUS
10
-0.4334766929133858
20
2.0958756692913387
11
-0.4326771653543307
21
2.0887795275590553
0
LINE
8
BLACK
6
CONTINUOUS
10
-0.4326771653543307
20
2.0887795275590553
11
-0.4334766929133858
21
2.0816833858267718
0
LINE
8
BLACK
6
CONTINUOUS
10
-0.4334766929133858
20
2.0816833858267718
11
-0.4358352362204724
21
2.0749430708661416
0
LINE
8
BLACK
6
CONTINUOUS
10
-0.4358352362204724
20
2.0749430708661416
11
-0.4362118110236221
21
2.074343818897638
0
LINE
8
BLACK
6
CONTINUOUS
10
-0.4362118110236221
20
2.074343818897638
11
-0.430336062992126
21
2.0684680708661416
0
LINE
8
BLACK
6
CONTINUOUS
10
-0.430336062992126
20
2.0684680708661416
11
-0.4276523228346457
21
2.0734888582677167
0
LINE
8
BLACK
6
CONTINUOUS
10
-0.4276523228346457
20
2.0734888582677167
11
-0.4253785039370079
21
2.0809846062992126
0
LINE
8
BLACK
6
CONTINUOUS
10
-0.4253785039370079
20
2.0809846062992126
11
-0.4246107874015748
21
2.0887795275590553
0
LINE
8
BLACK
6
CONTINUOUS
10
-0.4246107874015748
20
2.0887795275590553
11
-0.4253785039370079
21
2.0965744881889763
0
LINE
8
BLACK
6
CONTINUOUS
10
-0.4253785039370079
20
2.0965744881889763
11
-0.4276523622047244
21
2.1040703149606297
0
LINE
8
BLACK
6
CONTINUOUS
10
-0.4276523622047244
20
2.1040703149606297
11
-0.4303360236220473
21
2.1090911023622048
0
LINE
8
BLACK
6
CONTINUOUS
10
-0.4303360236220473
20
2.1090911023622048
11
-0.4362118503937008
21
2.1032153543307088
0
LINE
8
BLACK
6
CONTINUOUS
10
-0.3377866535433071
20
2.1032153543307088
11
-0.3374100393700787
21
2.1026159842519685
0
LINE
8
BLACK
6
CONTINUOUS
10
-0.3374100393700787
20
2.1026159842519685
11
-0.3350514960629921
21
2.0958756692913387
0
LINE
8
BLACK
6
CONTINUOUS
10
-0.3350514960629921
20
2.0958756692913387
11
-0.334251968503937
21
2.0887795275590553
0
LINE
8
BLACK
6
CONTINUOUS
10
-0.334251968503937
20
2.0887795275590553
11
-0.3350514960629921
21
2.0816833858267718
0
LINE
8
BLACK
6
CONTINUOUS
10
-0.3350514960629921
20
2.0816833858267718
11
-0.3374100393700787
21
2.0749430708661416
0
LINE
8
BLACK
6
CONTINUOUS
10
-0.3374100393700787
20
2.0749430708661416
11
-0.3377866141732284
21
2.074343818897638
0
LINE
8
BLACK
6
CONTINUOUS
10
-0.3377866141732284
20
2.074343818897638
11
-0.3319108661417323
21
2.0684680708661416
0
LINE
8
BLACK
6
CONTINUOUS
10
-0.3319108661417323
20
2.0684680708661416
11
-0.329227125984252
21
2.0734888582677167
0
LINE
8
BLACK
6
CONTINUOUS
10
-0.329227125984252
20
2.0734888582677167
11
-0.3269533070866142
21
2.0809846062992126
0
LINE
8
BLACK
6
CONTINUOUS
10
-0.3269533070866142
20
2.0809846062992126
11
-0.3261855905511811
21
2.0887795275590553
0
LINE
8
BLACK
6
CONTINUOUS
10
-0.3261855905511811
20
2.0887795275590553
11
-0.3269533070866142
21
2.0965744881889763
0
LINE
8
BLACK
6
CONTINUOUS
10
-0.3269533070866142
20
2.0965744881889763
11
-0.3292271653543307
21
2.1040703149606297
0
LINE
8
BLACK
6
CONTINUOUS
10
-0.3292271653543307
20
2.1040703149606297
11
-0.3319108267716535
21
2.1090911023622048
0
LINE
8
BLACK
6
CONTINUOUS
10
-0.3319108267716535
20
2.1090911023622048
11
-0.3377866535433071
21
2.1032153543307088
0
LINE
8
BLACK
6
CONTINUOUS
10
-0.2393614566929134
20
2.1032153543307088
11
-0.238984842519685
21
2.1026159842519685
0
LINE
8
BLACK
6
CONTINUOUS
10
-0.238984842519685
20
2.1026159842519685
11
-0.2366262992125984
21
2.0958756692913387
0
LINE
8
BLACK
6
CONTINUOUS
10
-0.2366262992125984
20
2.0958756692913387
11
-0.2358267716535433
21
2.0887795275590553
0
LINE
8
BLACK
6
CONTINUOUS
10
-0.2358267716535433
20
2.0887795275590553
11
-0.2366262992125984
21
2.0816833858267718
0
LINE
8
BLACK
6
CONTINUOUS
10
-0.2366262992125984
20
2.0816833858267718
11
-0.238984842519685
21
2.0749430708661416
0
LINE
8
BLACK
6
CONTINUOUS
10
-0.238984842519685
20
2.0749430708661416
11
-0.2393614173228346
21
2.074343818897638
0
LINE
8
BLACK
6
CONTINUOUS
10
-0.2393614173228346
20
2.074343818897638
11
-0.2334856692913386
21
2.0684680708661416
0
LINE
8
BLACK
6
CONTINUOUS
10
-0.2334856692913386
20
2.0684680708661416
11
-0.2308019291338583
21
2.0734888582677167
0
LINE
8
BLACK
6
CONTINUOUS
10
-0.2308019291338583
20
2.0734888582677167
11
-0.2285281102362205
21
2.0809846062992126
0
LINE
8
BLACK
6
CONTINUOUS
10
-0.2285281102362205
20
2.0809846062992126
11
-0.2277603937007874
21
2.0887795275590553
0
LINE
8
BLACK
6
CONTINUOUS
10
-0.2277603937007874
20
2.0887795275590553
11
-0.2285281102362205
21
2.0965744881889763
0
LINE
8
BLACK
6
CONTINUOUS
10
-0.2285281102362205
20
2.0965744881889763
11
-0.230801968503937
21
2.1040703149606297
0
LINE
8
BLACK
6
CONTINUOUS
10
-0.230801968503937
20
2.1040703149606297
11
-0.2334856299212598
21
2.1090911023622048
0
LINE
8
BLACK
6
CONTINUOUS
10
-0.2334856299212598
20
2.1090911023622048
11
-0.2393614566929134
21
2.1032153543307088
0
LINE
8
BLACK
6
CONTINUOUS
10
-0.8704724409448819
20
2.1226807086614174
11
-0.8699738582677166
21
2.1225747244094486
0
LINE
8
BLACK
6
CONTINUOUS
10
-0.8699738582677166
20
2.1225747244094486
11
-0.8635826771653543
21
2.1197292125984251
0
LINE
8
BLACK
6
CONTINUOUS
10
-0.8635826771653543
20
2.1197292125984251
11
-0.8579227952755906
21
2.1156170472440943
0
LINE
8
BLACK
6
CONTINUOUS
10
-0.8579227952755906
20
2.1156170472440943
11
-0.8532415748031495
21
2.110417992125984
0
LINE
8
BLACK
6
CONTINUOUS
10
-0.8532415748031495
20
2.110417992125984
11
-0.8497435433070866
21
2.1043592913385827
0
LINE
8
BLACK
6
CONTINUOUS
10
-0.8497435433070866
20
2.1043592913385827
11
-0.8485190157480315
21
2.1005905511811025
0
LINE
8
BLACK
6
CONTINUOUS
10
-0.8485190157480315
20
2.1005905511811025
11
-0.8360428346456693
21
2.1005905511811025
0
LINE
8
BLACK
6
CONTINUOUS
10
-0.8360428346456693
20
2.1005905511811025
11
-0.8360428346456693
21
2.1005905905511812
0
LINE
8
BLACK
6
CONTINUOUS
10
-0.8360428346456693
20
2.1005905905511812
11
-0.8379158661417323
21
2.1071734645669289
0
LINE
8
BLACK
6
CONTINUOUS
10
-0.8379158661417323
20
2.1071734645669289
11
-0.837916062992126
21
2.1071739763779527
0
LINE
8
BLACK
6
CONTINUOUS
10
-0.837916062992126
20
2.1071739763779527
11
-0.8416559842519685
21
2.1146847244094489
0
LINE
8
BLACK
6
CONTINUOUS
10
-0.8416559842519685
20
2.1146847244094489
11
-0.8467126377952756
21
2.1213807874015749
0
LINE
8
BLACK
6
CONTINUOUS
10
-0.8467126377952756
20
2.1213807874015749
11
-0.8529134251968504
21
2.1270335433070864
0
LINE
8
BLACK
6
CONTINUOUS
10
-0.8529134251968504
20
2.1270335433070864
11
-0.8529135039370078
21
2.1270336220472439
0
LINE
8
BLACK
6
CONTINUOUS
10
-0.8529135039370078
20
2.1270336220472439
11
-0.8600473228346457
21
2.1314506692913384
0
LINE
8
BLACK
6
CONTINUOUS
10
-0.8600473228346457
20
2.1314506692913384
11
-0.8600476771653544
21
2.1314508267716534
0
LINE
8
BLACK
6
CONTINUOUS
10
-0.8600476771653544
20
2.1314508267716534
11
-0.8678715354330708
21
2.1344817716535434
0
LINE
8
BLACK
6
CONTINUOUS
10
-0.8678715354330708
20
2.1344817716535434
11
-0.8678717322834646
21
2.1344818110236221
0
LINE
8
BLACK
6
CONTINUOUS
10
-0.8678717322834646
20
2.1344818110236221
11
-0.8704724409448819
21
2.1349679921259841
0
LINE
8
BLACK
6
CONTINUOUS
10
-0.8704724409448819
20
2.1349679921259841
11
-0.8704724409448819
21
2.1226807086614174
0
LINE
8
BLACK
6
CONTINUOUS
10
-0.5707870866141732
20
2.1279679921259844
11
-0.5782826771653543
21
2.1256942125984253
0
LINE
8
BLACK
6
CONTINUOUS
10
-0.5782826771653543
20
2.1256942125984253
11
-0.5833036614173228
21
2.1230104724409449
0
LINE
8
BLACK
6
CONTINUOUS
10
-0.5833036614173228
20
2.1230104724409449
11
-0.577427874015748
21
2.1171346850393702
0
LINE
8
BLACK
6
CONTINUOUS
10
-0.577427874015748
20
2.1171346850393702
11
-0.5768285826771653
21
2.1175112204724411
0
LINE
8
BLACK
6
CONTINUOUS
10
-0.5768285826771653
20
2.1175112204724411
11
-0.5700882677165354
21
2.1198697637795276
0
LINE
8
BLACK
6
CONTINUOUS
10
-0.5700882677165354
20
2.1198697637795276
11
-0.562992125984252
21
2.1206692913385825
0
LINE
8
BLACK
6
CONTINUOUS
10
-0.562992125984252
20
2.1206692913385825
11
-0.5558959842519685
21
2.1198697637795276
0
LINE
8
BLACK
6
CONTINUOUS
10
-0.5558959842519685
20
2.1198697637795276
11
-0.5491556692913385
21
2.1175112204724411
0
LINE
8
BLACK
6
CONTINUOUS
10
-0.5491556692913385
20
2.1175112204724411
11
-0.5485564566929134
21
2.1171347244094489
0
LINE
8
BLACK
6
CONTINUOUS
10
-0.5485564566929134
20
2.1171347244094489
11
-0.5426806692913386
21
2.1230104724409449
0
LINE
8
BLACK
6
CONTINUOUS
10
-0.5426806692913386
20
2.1230104724409449
11
-0.5426806692913386
21
2.1230105118110236
0
LINE
8
BLACK
6
CONTINUOUS
10
-0.5426806692913386
20
2.1230105118110236
11
-0.5477013385826771
21
2.1256941338582678
0
LINE
8
BLACK
6
CONTINUOUS
10
-0.5477013385826771
20
2.1256941338582678
11
-0.5551972047244095
21
2.1279679921259844
0
LINE
8
BLACK
6
CONTINUOUS
10
-0.5551972047244095
20
2.1279679921259844
11
-0.562992125984252
21
2.1287357086614174
0
LINE
8
BLACK
6
CONTINUOUS
10
-0.562992125984252
20
2.1287357086614174
11
-0.5707870866141732
21
2.1279679921259844
0
LINE
8
BLACK
6
CONTINUOUS
10
-0.4723618897637795
20
2.1279679921259844
11
-0.4798574803149606
21
2.1256942125984253
0
LINE
8
BLACK
6
CONTINUOUS
10
-0.4798574803149606
20
2.1256942125984253
11
-0.4848784645669291
21
2.1230104724409449
0
LINE
8
BLACK
6
CONTINUOUS
10
-0.4848784645669291
20
2.1230104724409449
11
-0.4790026771653543
21
2.1171346850393702
0
LINE
8
BLACK
6
CONTINUOUS
10
-0.4790026771653543
20
2.1171346850393702
11
-0.4784033858267717
21
2.1175112204724411
0
LINE
8
BLACK
6
CONTINUOUS
10
-0.4784033858267717
20
2.1175112204724411
11
-0.4716630708661417
21
2.1198697637795276
0
LINE
8
BLACK
6
CONTINUOUS
10
-0.4716630708661417
20
2.1198697637795276
11
-0.4645669291338583
21
2.1206692913385825
0
LINE
8
BLACK
6
CONTINUOUS
10
-0.4645669291338583
20
2.1206692913385825
11
-0.4574707874015748
21
2.1198697637795276
0
LINE
8
BLACK
6
CONTINUOUS
10
-0.4574707874015748
20
2.1198697637795276
11
-0.4507304724409449
21
2.1175112204724411
0
LINE
8
BLACK
6
CONTINUOUS
10
-0.4507304724409449
20
2.1175112204724411
11
-0.4501312598425197
21
2.1171347244094489
0
LINE
8
BLACK
6
CONTINUOUS
10
-0.4501312598425197
20
2.1171347244094489
11
-0.4442554724409449
21
2.1230104724409449
0
LINE
8
BLACK
6
CONTINUOUS
10
-0.4442554724409449
20
2.1230104724409449
11
-0.4442554724409449
21
2.1230105118110236
0
LINE
8
BLACK
6
CONTINUOUS
10
-0.4442554724409449
20
2.1230105118110236
11
-0.4492761417322835
21
2.1256941338582678
0
LINE
8
BLACK
6
CONTINUOUS
10
-0.4492761417322835
20
2.1256941338582678
11
-0.4567720078740157
21
2.1279679921259844
0
LINE
8
BLACK
6
CONTINUOUS
10
-0.4567720078740157
20
2.1279679921259844
11
-0.4645669291338583
21
2.1287357086614174
0
LINE
8
BLACK
6
CONTINUOUS
10
-0.4645669291338583
20
2.1287357086614174
11
-0.4723618897637795
21
2.1279679921259844
0
LINE
8
BLACK
6
CONTINUOUS
10
-0.3739366929133858
20
2.1279679921259844
11
-0.3814322834645669
21
2.1256942125984253
0
LINE
8
BLACK
6
CONTINUOUS
10
-0.3814322834645669
20
2.1256942125984253
11
-0.3864532677165354
21
2.1230104724409449
0
LINE
8
BLACK
6
CONTINUOUS
10
-0.3864532677165354
20
2.1230104724409449
11
-0.3805774803149606
21
2.1171346850393702
0
LINE
8
BLACK
6
CONTINUOUS
10
-0.3805774803149606
20
2.1171346850393702
11
-0.3799781889763779
21
2.1175112204724411
0
LINE
8
BLACK
6
CONTINUOUS
10
-0.3799781889763779
20
2.1175112204724411
11
-0.373237874015748
21
2.1198697637795276
0
LINE
8
BLACK
6
CONTINUOUS
10
-0.373237874015748
20
2.1198697637795276
11
-0.3661417322834646
21
2.1206692913385825
0
LINE
8
BLACK
6
CONTINUOUS
10
-0.3661417322834646
20
2.1206692913385825
11
-0.3590455905511811
21
2.1198697637795276
0
LINE
8
BLACK
6
CONTINUOUS
10
-0.3590455905511811
20
2.1198697637795276
11
-0.3523052755905512
21
2.1175112204724411
0
LINE
8
BLACK
6
CONTINUOUS
10
-0.3523052755905512
20
2.1175112204724411
11
-0.351706062992126
21
2.1171347244094489
0
LINE
8
BLACK
6
CONTINUOUS
10
-0.351706062992126
20
2.1171347244094489
11
-0.3458302755905512
21
2.1230104724409449
0
LINE
8
BLACK
6
CONTINUOUS
10
-0.3458302755905512
20
2.1230104724409449
11
-0.3458302755905512
21
2.1230105118110236
0
LINE
8
BLACK
6
CONTINUOUS
10
-0.3458302755905512
20
2.1230105118110236
11
-0.3508509448818898
21
2.1256941338582678
0
LINE
8
BLACK
6
CONTINUOUS
10
-0.3508509448818898
20
2.1256941338582678
11
-0.358346811023622
21
2.1279679921259844
0
LINE
8
BLACK
6
CONTINUOUS
10
-0.358346811023622
20
2.1279679921259844
11
-0.3661417322834646
21
2.1287357086614174
0
LINE
8
BLACK
6
CONTINUOUS
10
-0.3661417322834646
20
2.1287357086614174
11
-0.3739366929133858
21
2.1279679921259844
0
LINE
8
BLACK
6
CONTINUOUS
10
-0.2755114960629921
20
2.1279679921259844
11
-0.2830070866141732
21
2.1256942125984253
0
LINE
8
BLACK
6
CONTINUOUS
10
-0.2830070866141732
20
2.1256942125984253
11
-0.2880280708661417
21
2.1230104724409449
0
LINE
8
BLACK
6
CONTINUOUS
10
-0.2880280708661417
20
2.1230104724409449
11
-0.2821522834645669
21
2.1171346850393702
0
LINE
8
BLACK
6
CONTINUOUS
10
-0.2821522834645669
20
2.1171346850393702
11
-0.2815529921259842
21
2.1175112204724411
0
LINE
8
BLACK
6
CONTINUOUS
10
-0.2815529921259842
20
2.1175112204724411
11
-0.2748126771653543
21
2.1198697637795276
0
LINE
8
BLACK
6
CONTINUOUS
10
-0.2748126771653543
20
2.1198697637795276
11
-0.2677165354330708
21
2.1206692913385825
0
LINE
8
BLACK
6
CONTINUOUS
10
-0.2677165354330708
20
2.1206692913385825
11
-0.2606203937007874
21
2.1198697637795276
0
LINE
8
BLACK
6
CONTINUOUS
10
-0.2606203937007874
20
2.1198697637795276
11
-0.2538800787401575
21
2.1175112204724411
0
LINE
8
BLACK
6
CONTINUOUS
10
-0.2538800787401575
20
2.1175112204724411
11
-0.2532808661417323
21
2.1171347244094489
0
LINE
8
BLACK
6
CONTINUOUS
10
-0.2532808661417323
20
2.1171347244094489
11
-0.2474050787401575
21
2.1230104724409449
0
LINE
8
BLACK
6
CONTINUOUS
10
-0.2474050787401575
20
2.1230104724409449
11
-0.2474050787401575
21
2.1230105118110236
0
LINE
8
BLACK
6
CONTINUOUS
10
-0.2474050787401575
20
2.1230105118110236
11
-0.252425748031496
21
2.1256941338582678
0
LINE
8
BLACK
6
CONTINUOUS
10
-0.252425748031496
20
2.1256941338582678
11
-0.2599216141732283
21
2.1279679921259844
0
LINE
8
BLACK
6
CONTINUOUS
10
-0.2599216141732283
20
2.1279679921259844
11
-0.2677165354330708
21
2.1287357086614174
0
LINE
8
BLACK
6
CONTINUOUS
10
-0.2677165354330708
20
2.1287357086614174
11
-0.2755114960629921
21
2.1279679921259844
0
LINE
8
BLACK
6
CONTINUOUS
10
-0.1770862992125984
20
2.1279679921259844
11
-0.1845818897637795
21
2.1256942125984253
0
LINE
8
BLACK
6
CONTINUOUS
10
-0.1845818897637795
20
2.1256942125984253
11
-0.189602874015748
21
2.1230104724409449
0
LINE
8
BLACK
6
CONTINUOUS
10
-0.189602874015748
20
2.1230104724409449
11
-0.1837270866141732
21
2.1171346850393702
0
LINE
8
BLACK
6
CONTINUOUS
10
-0.1837270866141732
20
2.1171346850393702
11
-0.1831277952755906
21
2.1175112204724411
0
LINE
8
BLACK
6
CONTINUOUS
10
-0.1831277952755906
20
2.1175112204724411
11
-0.1763874803149606
21
2.1198697637795276
0
LINE
8
BLACK
6
CONTINUOUS
10
-0.1763874803149606
20
2.1198697637795276
11
-0.1692913385826772
21
2.1206692913385825
0
LINE
8
BLACK
6
CONTINUOUS
10
-0.1692913385826772
20
2.1206692913385825
11
-0.1621951968503937
21
2.1198697637795276
0
LINE
8
BLACK
6
CONTINUOUS
10
-0.1621951968503937
20
2.1198697637795276
11
-0.1554548818897638
21
2.1175112204724411
0
LINE
8
BLACK
6
CONTINUOUS
10
-0.1554548818897638
20
2.1175112204724411
11
-0.1548556692913386
21
2.1171347244094489
0
LINE
8
BLACK
6
CONTINUOUS
10
-0.1548556692913386
20
2.1171347244094489
11
-0.1489798818897638
21
2.1230104724409449
0
LINE
8
BLACK
6
CONTINUOUS
10
-0.1489798818897638
20
2.1230104724409449
11
-0.1489798818897638
21
2.1230105118110236
0
LINE
8
BLACK
6
CONTINUOUS
10
-0.1489798818897638
20
2.1230105118110236
11
-0.1540005511811024
21
2.1256941338582678
0
LINE
8
BLACK
6
CONTINUOUS
10
-0.1540005511811024
20
2.1256941338582678
11
-0.1614964173228347
21
2.1279679921259844
0
LINE
8
BLACK
6
CONTINUOUS
10
-0.1614964173228347
20
2.1279679921259844
11
-0.1692913385826772
21
2.1287357086614174
0
LINE
8
BLACK
6
CONTINUOUS
10
-0.1692913385826772
20
2.1287357086614174
11
-0.1770862992125984
21
2.1279679921259844
0
LINE
8
BLACK
6
CONTINUOUS
10
-0.5491556692913385
20
2.1781580708661417
11
-0.5558959842519685
21
2.1757995275590551
0
LINE
8
BLACK
6
CONTINUOUS
10
-0.5558959842519685
20
2.1757995275590551
11
-0.562992125984252
21
2.1749999999999998
0
LINE
8
BLACK
6
CONTINUOUS
10
-0.562992125984252
20
2.1749999999999998
11
-0.5700882677165354
21
2.1757995275590551
0
LINE
8
BLACK
6
CONTINUOUS
10
-0.5700882677165354
20
2.1757995275590551
11
-0.5768285826771653
21
2.1781580708661417
0
LINE
8
BLACK
6
CONTINUOUS
10
-0.5768285826771653
20
2.1781580708661417
11
-0.5774279133858268
21
2.1785346456692913
0
LINE
8
BLACK
6
CONTINUOUS
10
-0.5774279133858268
20
2.1785346456692913
11
-0.5833037007874016
21
2.1726588582677167
0
LINE
8
BLACK
6
CONTINUOUS
10
-0.5833037007874016
20
2.1726588582677167
11
-0.5782829133858267
21
2.1699751968503938
0
LINE
8
BLACK
6
CONTINUOUS
10
-0.5782829133858267
20
2.1699751968503938
11
-0.5707870866141732
21
2.1677013385826771
0
LINE
8
BLACK
6
CONTINUOUS
10
-0.5707870866141732
20
2.1677013385826771
11
-0.562992125984252
21
2.1669336220472442
0
LINE
8
BLACK
6
CONTINUOUS
10
-0.562992125984252
20
2.1669336220472442
11
-0.5551972047244095
21
2.1677013385826771
0
LINE
8
BLACK
6
CONTINUOUS
10
-0.5551972047244095
20
2.1677013385826771
11
-0.5477014566929134
21
2.169975157480315
0
LINE
8
BLACK
6
CONTINUOUS
10
-0.5477014566929134
20
2.169975157480315
11
-0.5426806299212599
21
2.1726588976377954
0
LINE
8
BLACK
6
CONTINUOUS
10
-0.5426806299212599
20
2.1726588976377954
11
-0.5485563779527559
21
2.1785346456692913
0
LINE
8
BLACK
6
CONTINUOUS
10
-0.5485563779527559
20
2.1785346456692913
11
-0.5491556692913385
21
2.1781580708661417
0
LINE
8
BLACK
6
CONTINUOUS
10
-0.4507304724409449
20
2.1781580708661417
11
-0.4574707874015748
21
2.1757995275590551
0
LINE
8
BLACK
6
CONTINUOUS
10
-0.4574707874015748
20
2.1757995275590551
11
-0.4645669291338583
21
2.1749999999999998
0
LINE
8
BLACK
6
CONTINUOUS
10
-0.4645669291338583
20
2.1749999999999998
11
-0.4716630708661417
21
2.1757995275590551
0
LINE
8
BLACK
6
CONTINUOUS
10
-0.4716630708661417
20
2.1757995275590551
11
-0.4784033858267717
21
2.1781580708661417
0
LINE
8
BLACK
6
CONTINUOUS
10
-0.4784033858267717
20
2.1781580708661417
11
-0.4790027165354331
21
2.1785346456692913
0
LINE
8
BLACK
6
CONTINUOUS
10
-0.4790027165354331
20
2.1785346456692913
11
-0.4848785039370079
21
2.1726588582677167
0
LINE
8
BLACK
6
CONTINUOUS
10
-0.4848785039370079
20
2.1726588582677167
11
-0.4798577165354331
21
2.1699751968503938
0
LINE
8
BLACK
6
CONTINUOUS
10
-0.4798577165354331
20
2.1699751968503938
11
-0.4723618897637795
21
2.1677013385826771
0
LINE
8
BLACK
6
CONTINUOUS
10
-0.4723618897637795
20
2.1677013385826771
11
-0.4645669291338583
21
2.1669336220472442
0
LINE
8
BLACK
6
CONTINUOUS
10
-0.4645669291338583
20
2.1669336220472442
11
-0.4567720078740157
21
2.1677013385826771
0
LINE
8
BLACK
6
CONTINUOUS
10
-0.4567720078740157
20
2.1677013385826771
11
-0.4492762598425197
21
2.169975157480315
0
LINE
8
BLACK
6
CONTINUOUS
10
-0.4492762598425197
20
2.169975157480315
11
-0.4442554330708661
21
2.1726588976377954
0
LINE
8
BLACK
6
CONTINUOUS
10
-0.4442554330708661
20
2.1726588976377954
11
-0.4501311811023622
21
2.1785346456692913
0
LINE
8
BLACK
6
CONTINUOUS
10
-0.4501311811023622
20
2.1785346456692913
11
-0.4507304724409449
21
2.1781580708661417
0
LINE
8
BLACK
6
CONTINUOUS
10
-0.3523052755905512
20
2.1781580708661417
11
-0.3590455905511811
21
2.1757995275590551
0
LINE
8
BLACK
6
CONTINUOUS
10
-0.3590455905511811
20
2.1757995275590551
11
-0.3661417322834646
21
2.1749999999999998
0
LINE
8
BLACK
6
CONTINUOUS
10
-0.3661417322834646
20
2.1749999999999998
11
-0.373237874015748
21
2.1757995275590551
0
LINE
8
BLACK
6
CONTINUOUS
10
-0.373237874015748
20
2.1757995275590551
11
-0.3799781889763779
21
2.1781580708661417
0
LINE
8
BLACK
6
CONTINUOUS
10
-0.3799781889763779
20
2.1781580708661417
11
-0.3805775196850393
21
2.1785346456692913
0
LINE
8
BLACK
6
CONTINUOUS
10
-0.3805775196850393
20
2.1785346456692913
11
-0.3864533070866142
21
2.1726588582677167
0
LINE
8
BLACK
6
CONTINUOUS
10
-0.3864533070866142
20
2.1726588582677167
11
-0.3814325196850394
21
2.1699751968503938
0
LINE
8
BLACK
6
CONTINUOUS
10
-0.3814325196850394
20
2.1699751968503938
11
-0.3739366929133858
21
2.1677013385826771
0
LINE
8
BLACK
6
CONTINUOUS
10
-0.3739366929133858
20
2.1677013385826771
11
-0.3661417322834646
21
2.1669336220472442
0
LINE
8
BLACK
6
CONTINUOUS
10
-0.3661417322834646
20
2.1669336220472442
11
-0.358346811023622
21
2.1677013385826771
0
LINE
8
BLACK
6
CONTINUOUS
10
-0.358346811023622
20
2.1677013385826771
11
-0.350851062992126
21
2.169975157480315
0
LINE
8
BLACK
6
CONTINUOUS
10
-0.350851062992126
20
2.169975157480315
11
-0.3458302362204724
21
2.1726588976377954
0
LINE
8
BLACK
6
CONTINUOUS
10
-0.3458302362204724
20
2.1726588976377954
11
-0.3517059842519685
21
2.1785346456692913
0
LINE
8
BLACK
6
CONTINUOUS
10
-0.3517059842519685
20
2.1785346456692913
11
-0.3523052755905512
21
2.1781580708661417
0
LINE
8
BLACK
6
CONTINUOUS
10
-0.2538800787401575
20
2.1781580708661417
11
-0.2606203937007874
21
2.1757995275590551
0
LINE
8
BLACK
6
CONTINUOUS
10
-0.2606203937007874
20
2.1757995275590551
11
-0.2677165354330708
21
2.1749999999999998
0
LINE
8
BLACK
6
CONTINUOUS
10
-0.2677165354330708
20
2.1749999999999998
11
-0.2748126771653543
21
2.1757995275590551
0
LINE
8
BLACK
6
CONTINUOUS
10
-0.2748126771653543
20
2.1757995275590551
11
-0.2815529921259842
21
2.1781580708661417
0
LINE
8
BLACK
6
CONTINUOUS
10
-0.2815529921259842
20
2.1781580708661417
11
-0.2821523228346456
21
2.1785346456692913
0
LINE
8
BLACK
6
CONTINUOUS
10
-0.2821523228346456
20
2.1785346456692913
11
-0.2880281102362205
21
2.1726588582677167
0
LINE
8
BLACK
6
CONTINUOUS
10
-0.2880281102362205
20
2.1726588582677167
11
-0.2830073228346456
21
2.1699751968503938
0
LINE
8
BLACK
6
CONTINUOUS
10
-0.2830073228346456
20
2.1699751968503938
11
-0.2755114960629921
21
2.1677013385826771
0
LINE
8
BLACK
6
CONTINUOUS
10
-0.2755114960629921
20
2.1677013385826771
11
-0.2677165354330708
21
2.1669336220472442
0
LINE
8
BLACK
6
CONTINUOUS
10
-0.2677165354330708
20
2.1669336220472442
11
-0.2599216141732283
21
2.1677013385826771
0
LINE
8
BLACK
6
CONTINUOUS
10
-0.2599216141732283
20
2.1677013385826771
11
-0.2524258661417323
21
2.169975157480315
0
LINE
8
BLACK
6
CONTINUOUS
10
-0.2524258661417323
20
2.169975157480315
11
-0.2474050393700787
21
2.1726588976377954
0
LINE
8
BLACK
6
CONTINUOUS
10
-0.2474050393700787
20
2.1726588976377954
11
-0.2532807874015748
21
2.1785346456692913
0
LINE
8
BLACK
6
CONTINUOUS
10
-0.2532807874015748
20
2.1785346456692913
11
-0.2538800787401575
21
2.1781580708661417
0
LINE
8
BLACK
6
CONTINUOUS
10
-0.1554548818897638
20
2.1781580708661417
11
-0.1621951968503937
21
2.1757995275590551
0
LINE
8
BLACK
6
CONTINUOUS
10
-0.1621951968503937
20
2.1757995275590551
11
-0.1692913385826772
21
2.1749999999999998
0
LINE
8
BLACK
6
CONTINUOUS
10
-0.1692913385826772
20
2.1749999999999998
11
-0.1763874803149606
21
2.1757995275590551
0
LINE
8
BLACK
6
CONTINUOUS
10
-0.1763874803149606
20
2.1757995275590551
11
-0.1831277952755906
21
2.1781580708661417
0
LINE
8
BLACK
6
CONTINUOUS
10
-0.1831277952755906
20
2.1781580708661417
11
-0.183727125984252
21
2.1785346456692913
0
LINE
8
BLACK
6
CONTINUOUS
10
-0.183727125984252
20
2.1785346456692913
11
-0.1896029133858268
21
2.1726588582677167
0
LINE
8
BLACK
6
CONTINUOUS
10
-0.1896029133858268
20
2.1726588582677167
11
-0.184582125984252
21
2.1699751968503938
0
LINE
8
BLACK
6
CONTINUOUS
10
-0.184582125984252
20
2.1699751968503938
11
-0.1770862992125984
21
2.1677013385826771
0
LINE
8
BLACK
6
CONTINUOUS
10
-0.1770862992125984
20
2.1677013385826771
11
-0.1692913385826772
21
2.1669336220472442
0
LINE
8
BLACK
6
CONTINUOUS
10
-0.1692913385826772
20
2.1669336220472442
11
-0.1614964173228347
21
2.1677013385826771
0
LINE
8
BLACK
6
CONTINUOUS
10
-0.1614964173228347
20
2.1677013385826771
11
-0.1540006692913386
21
2.169975157480315
0
LINE
8
BLACK
6
CONTINUOUS
10
-0.1540006692913386
20
2.169975157480315
11
-0.148979842519685
21
2.1726588976377954
0
LINE
8
BLACK
6
CONTINUOUS
10
-0.148979842519685
20
2.1726588976377954
11
-0.1548555905511811
21
2.1785346456692913
0
LINE
8
BLACK
6
CONTINUOUS
10
-0.1548555905511811
20
2.1785346456692913
11
-0.1554548818897638
21
2.1781580708661417
0
LINE
8
BLACK
6
CONTINUOUS
10
-0.1409362598425197
20
2.2213255905511811
11
-0.1405596456692913
21
2.2207262204724407
0
LINE
8
BLACK
6
CONTINUOUS
10
-0.1405596456692913
20
2.2207262204724407
11
-0.1382011023622047
21
2.213985905511811
0
LINE
8
BLACK
6
CONTINUOUS
10
-0.1382011023622047
20
2.213985905511811
11
-0.1374015748031496
21
2.2068897637795275
0
LINE
8
BLACK
6
CONTINUOUS
10
-0.1374015748031496
20
2.2068897637795275
11
-0.1382011023622047
21
2.199793622047244
0
LINE
8
BLACK
6
CONTINUOUS
10
-0.1382011023622047
20
2.199793622047244
11
-0.1405596456692913
21
2.1930533070866143
0
LINE
8
BLACK
6
CONTINUOUS
10
-0.1405596456692913
20
2.1930533070866143
11
-0.1409362204724409
21
2.1924540551181102
0
LINE
8
BLACK
6
CONTINUOUS
10
-0.1409362204724409
20
2.1924540551181102
11
-0.1350604330708661
21
2.1865782677165355
0
LINE
8
BLACK
6
CONTINUOUS
10
-0.1350604330708661
20
2.1865782677165355
11
-0.1323767322834646
21
2.1915990944881889
0
LINE
8
BLACK
6
CONTINUOUS
10
-0.1323767322834646
20
2.1915990944881889
11
-0.1301029133858268
21
2.1990948425196848
0
LINE
8
BLACK
6
CONTINUOUS
10
-0.1301029133858268
20
2.1990948425196848
11
-0.1293351968503937
21
2.2068897637795275
0
LINE
8
BLACK
6
CONTINUOUS
10
-0.1293351968503937
20
2.2068897637795275
11
-0.1301029133858268
21
2.214684724409449
0
LINE
8
BLACK
6
CONTINUOUS
10
-0.1301029133858268
20
2.214684724409449
11
-0.1323767716535433
21
2.2221805511811024
0
LINE
8
BLACK
6
CONTINUOUS
10
-0.1323767716535433
20
2.2221805511811024
11
-0.1350604330708661
21
2.227201338582677
0
LINE
8
BLACK
6
CONTINUOUS
10
-0.1350604330708661
20
2.227201338582677
11
-0.1409362598425197
21
2.2213255905511811
0
LINE
8
BLACK
6
CONTINUOUS
10
-0.5999068110236221
20
2.2221803149606298
11
-0.6021805905511811
21
2.214684724409449
0
LINE
8
BLACK
6
CONTINUOUS
10
-0.6021805905511811
20
2.214684724409449
11
-0.6029483070866142
21
2.2068897637795275
0
LINE
8
BLACK
6
CONTINUOUS
10
-0.6029483070866142
20
2.2068897637795275
11
-0.6021805905511811
21
2.1990948425196848
0
LINE
8
BLACK
6
CONTINUOUS
10
-0.6021805905511811
20
2.1990948425196848
11
-0.5999067322834646
21
2.1915989763779526
0
LINE
8
BLACK
6
CONTINUOUS
10
-0.5999067322834646
20
2.1915989763779526
11
-0.5972231102362204
21
2.1865783070866143
0
LINE
8
BLACK
6
CONTINUOUS
10
-0.5972231102362204
20
2.1865783070866143
11
-0.5972230708661417
21
2.1865783070866143
0
LINE
8
BLACK
6
CONTINUOUS
10
-0.5972230708661417
20
2.1865783070866143
11
-0.5913473228346456
21
2.192454094488189
0
LINE
8
BLACK
6
CONTINUOUS
10
-0.5913473228346456
20
2.192454094488189
11
-0.5917238188976378
21
2.1930533070866143
0
LINE
8
BLACK
6
CONTINUOUS
10
-0.5917238188976378
20
2.1930533070866143
11
-0.5940823622047244
21
2.199793622047244
0
LINE
8
BLACK
6
CONTINUOUS
10
-0.5940823622047244
20
2.199793622047244
11
-0.5948818897637795
21
2.2068897637795275
0
LINE
8
BLACK
6
CONTINUOUS
10
-0.5948818897637795
20
2.2068897637795275
11
-0.5940823622047244
21
2.213985905511811
0
LINE
8
BLACK
6
CONTINUOUS
10
-0.5940823622047244
20
2.213985905511811
11
-0.5917238188976378
21
2.2207262204724407
0
LINE
8
BLACK
6
CONTINUOUS
10
-0.5917238188976378
20
2.2207262204724407
11
-0.5913472834645669
21
2.2213255118110236
0
LINE
8
BLACK
6
CONTINUOUS
10
-0.5913472834645669
20
2.2213255118110236
11
-0.5972230708661417
21
2.2272012992125982
0
LINE
8
BLACK
6
CONTINUOUS
10
-0.5972230708661417
20
2.2272012992125982
11
-0.5999068110236221
21
2.2221803149606298
0
LINE
8
BLACK
6
CONTINUOUS
10
-0.5346370472440944
20
2.2213255905511811
11
-0.5342604330708661
21
2.2207262204724407
0
LINE
8
BLACK
6
CONTINUOUS
10
-0.5342604330708661
20
2.2207262204724407
11
-0.5319018897637795
21
2.213985905511811
0
LINE
8
BLACK
6
CONTINUOUS
10
-0.5319018897637795
20
2.213985905511811
11
-0.5311023622047244
21
2.2068897637795275
0
LINE
8
BLACK
6
CONTINUOUS
10
-0.5311023622047244
20
2.2068897637795275
11
-0.5319018897637795
21
2.199793622047244
0
LINE
8
BLACK
6
CONTINUOUS
10
-0.5319018897637795
20
2.199793622047244
11
-0.5342604330708661
21
2.1930533070866143
0
LINE
8
BLACK
6
CONTINUOUS
10
-0.5342604330708661
20
2.1930533070866143
11
-0.5346370078740157
21
2.1924540551181102
0
LINE
8
BLACK
6
CONTINUOUS
10
-0.5346370078740157
20
2.1924540551181102
11
-0.5287612598425196
21
2.1865783070866143
0
LINE
8
BLACK
6
CONTINUOUS
10
-0.5287612598425196
20
2.1865783070866143
11
-0.5260775196850394
21
2.1915990944881889
0
LINE
8
BLACK
6
CONTINUOUS
10
-0.5260775196850394
20
2.1915990944881889
11
-0.5238037007874016
21
2.1990948425196848
0
LINE
8
BLACK
6
CONTINUOUS
10
-0.5238037007874016
20
2.1990948425196848
11
-0.5230359842519685
21
2.2068897637795275
0
LINE
8
BLACK
6
CONTINUOUS
10
-0.5230359842519685
20
2.2068897637795275
11
-0.5238037007874016
21
2.214684724409449
0
LINE
8
BLACK
6
CONTINUOUS
10
-0.5238037007874016
20
2.214684724409449
11
-0.5260775590551181
21
2.2221805511811024
0
LINE
8
BLACK
6
CONTINUOUS
10
-0.5260775590551181
20
2.2221805511811024
11
-0.5287612204724409
21
2.227201338582677
0
LINE
8
BLACK
6
CONTINUOUS
10
-0.5287612204724409
20
2.227201338582677
11
-0.5346370472440944
21
2.2213255905511811
0
LINE
8
BLACK
6
CONTINUOUS
10
-0.5014816141732283
20
2.2221803149606298
11
-0.5037553937007874
21
2.214684724409449
0
LINE
8
BLACK
6
CONTINUOUS
10
-0.5037553937007874
20
2.214684724409449
11
-0.5045231102362204
21
2.2068897637795275
0
LINE
8
BLACK
6
CONTINUOUS
10
-0.5045231102362204
20
2.2068897637795275
11
-0.5037553937007874
21
2.1990948425196848
0
LINE
8
BLACK
6
CONTINUOUS
10
-0.5037553937007874
20
2.1990948425196848
11
-0.5014815354330708
21
2.1915989763779526
0
LINE
8
BLACK
6
CONTINUOUS
10
-0.5014815354330708
20
2.1915989763779526
11
-0.4987979133858267
21
2.1865783070866143
0
LINE
8
BLACK
6
CONTINUOUS
10
-0.4987979133858267
20
2.1865783070866143
11
-0.498797874015748
21
2.1865783070866143
0
LINE
8
BLACK
6
CONTINUOUS
10
-0.498797874015748
20
2.1865783070866143
11
-0.4929221259842519
21
2.192454094488189
0
LINE
8
BLACK
6
CONTINUOUS
10
-0.4929221259842519
20
2.192454094488189
11
-0.4932986220472441
21
2.1930533070866143
0
LINE
8
BLACK
6
CONTINUOUS
10
-0.4932986220472441
20
2.1930533070866143
11
-0.4956571653543307
21
2.199793622047244
0
LINE
8
BLACK
6
CONTINUOUS
10
-0.4956571653543307
20
2.199793622047244
11
-0.4964566929133858
21
2.2068897637795275
0
LINE
8
BLACK
6
CONTINUOUS
10
-0.4964566929133858
20
2.2068897637795275
11
-0.4956571653543307
21
2.213985905511811
0
LINE
8
BLACK
6
CONTINUOUS
10
-0.4956571653543307
20
2.213985905511811
11
-0.4932986220472441
21
2.2207262204724407
0
LINE
8
BLACK
6
CONTINUOUS
10
-0.4932986220472441
20
2.2207262204724407
11
-0.4929220866141732
21
2.2213255118110236
0
LINE
8
BLACK
6
CONTINUOUS
10
-0.4929220866141732
20
2.2213255118110236
11
-0.498797874015748
21
2.2272012992125982
0
LINE
8
BLACK
6
CONTINUOUS
10
-0.498797874015748
20
2.2272012992125982
11
-0.5014816141732283
21
2.2221803149606298
0
LINE
8
BLACK
6
CONTINUOUS
10
-0.4362118503937008
20
2.2213255905511811
11
-0.4358352362204724
21
2.2207262204724407
0
LINE
8
BLACK
6
CONTINUOUS
10
-0.4358352362204724
20
2.2207262204724407
11
-0.4334766929133858
21
2.213985905511811
0
LINE
8
BLACK
6
CONTINUOUS
10
-0.4334766929133858
20
2.213985905511811
11
-0.4326771653543307
21
2.2068897637795275
0
LINE
8
BLACK
6
CONTINUOUS
10
-0.4326771653543307
20
2.2068897637795275
11
-0.4334766929133858
21
2.199793622047244
0
LINE
8
BLACK
6
CONTINUOUS
10
-0.4334766929133858
20
2.199793622047244
11
-0.4358352362204724
21
2.1930533070866143
0
LINE
8
BLACK
6
CONTINUOUS
10
-0.4358352362204724
20
2.1930533070866143
11
-0.4362118110236221
21
2.1924540551181102
0
LINE
8
BLACK
6
CONTINUOUS
10
-0.4362118110236221
20
2.1924540551181102
11
-0.430336062992126
21
2.1865783070866143
0
LINE
8
BLACK
6
CONTINUOUS
10
-0.430336062992126
20
2.1865783070866143
11
-0.4276523228346457
21
2.1915990944881889
0
LINE
8
BLACK
6
CONTINUOUS
10
-0.4276523228346457
20
2.1915990944881889
11
-0.4253785039370079
21
2.1990948425196848
0
LINE
8
BLACK
6
CONTINUOUS
10
-0.4253785039370079
20
2.1990948425196848
11
-0.4246107874015748
21
2.2068897637795275
0
LINE
8
BLACK
6
CONTINUOUS
10
-0.4246107874015748
20
2.2068897637795275
11
-0.4253785039370079
21
2.214684724409449
0
LINE
8
BLACK
6
CONTINUOUS
10
-0.4253785039370079
20
2.214684724409449
11
-0.4276523622047244
21
2.2221805511811024
0
LINE
8
BLACK
6
CONTINUOUS
10
-0.4276523622047244
20
2.2221805511811024
11
-0.4303360236220473
21
2.227201338582677
0
LINE
8
BLACK
6
CONTINUOUS
10
-0.4303360236220473
20
2.227201338582677
11
-0.4362118503937008
21
2.2213255905511811
0
LINE
8
BLACK
6
CONTINUOUS
10
-0.4030564173228346
20
2.2221803149606298
11
-0.4053301968503937
21
2.214684724409449
0
LINE
8
BLACK
6
CONTINUOUS
10
-0.4053301968503937
20
2.214684724409449
11
-0.4060979133858267
21
2.2068897637795275
0
LINE
8
BLACK
6
CONTINUOUS
10
-0.4060979133858267
20
2.2068897637795275
11
-0.4053301968503937
21
2.1990948425196848
0
LINE
8
BLACK
6
CONTINUOUS
10
-0.4053301968503937
20
2.1990948425196848
11
-0.4030563385826771
21
2.1915989763779526
0
LINE
8
BLACK
6
CONTINUOUS
10
-0.4030563385826771
20
2.1915989763779526
11
-0.400372716535433
21
2.1865783070866143
0
LINE
8
BLACK
6
CONTINUOUS
10
-0.400372716535433
20
2.1865783070866143
11
-0.4003726771653543
21
2.1865783070866143
0
LINE
8
BLACK
6
CONTINUOUS
10
-0.4003726771653543
20
2.1865783070866143
11
-0.3944969291338583
21
2.192454094488189
0
LINE
8
BLACK
6
CONTINUOUS
10
-0.3944969291338583
20
2.192454094488189
11
-0.3948734251968504
21
2.1930533070866143
0
LINE
8
BLACK
6
CONTINUOUS
10
-0.3948734251968504
20
2.1930533070866143
11
-0.397231968503937
21
2.199793622047244
0
LINE
8
BLACK
6
CONTINUOUS
10
-0.397231968503937
20
2.199793622047244
11
-0.3980314960629921
21
2.2068897637795275
0
LINE
8
BLACK
6
CONTINUOUS
10
-0.3980314960629921
20
2.2068897637795275
11
-0.397231968503937
21
2.213985905511811
0
LINE
8
BLACK
6
CONTINUOUS
10
-0.397231968503937
20
2.213985905511811
11
-0.3948734251968504
21
2.2207262204724407
0
LINE
8
BLACK
6
CONTINUOUS
10
-0.3948734251968504
20
2.2207262204724407
11
-0.3944968897637795
21
2.2213255118110236
0
LINE
8
BLACK
6
CONTINUOUS
10
-0.3944968897637795
20
2.2213255118110236
11
-0.4003726771653543
21
2.2272012992125982
0
LINE
8
BLACK
6
CONTINUOUS
10
-0.4003726771653543
20
2.2272012992125982
11
-0.4030564173228346
21
2.2221803149606298
0
LINE
8
BLACK
6
CONTINUOUS
10
-0.3377866535433071
20
2.2213255905511811
11
-0.3374100393700787
21
2.2207262204724407
0
LINE
8
BLACK
6
CONTINUOUS
10
-0.3374100393700787
20
2.2207262204724407
11
-0.3350514960629921
21
2.213985905511811
0
LINE
8
BLACK
6
CONTINUOUS
10
-0.3350514960629921
20
2.213985905511811
11
-0.334251968503937
21
2.2068897637795275
0
LINE
8
BLACK
6
CONTINUOUS
10
-0.334251968503937
20
2.2068897637795275
11
-0.3350514960629921
21
2.199793622047244
0
LINE
8
BLACK
6
CONTINUOUS
10
-0.3350514960629921
20
2.199793622047244
11
-0.3374100393700787
21
2.1930533070866143
0
LINE
8
BLACK
6
CONTINUOUS
10
-0.3374100393700787
20
2.1930533070866143
11
-0.3377866141732284
21
2.1924540551181102
0
LINE
8
BLACK
6
CONTINUOUS
10
-0.3377866141732284
20
2.1924540551181102
11
-0.3319108661417323
21
2.1865783070866143
0
LINE
8
BLACK
6
CONTINUOUS
10
-0.3319108661417323
20
2.1865783070866143
11
-0.329227125984252
21
2.1915990944881889
0
LINE
8
BLACK
6
CONTINUOUS
10
-0.329227125984252
20
2.1915990944881889
11
-0.3269533070866142
21
2.1990948425196848
0
LINE
8
BLACK
6
CONTINUOUS
10
-0.3269533070866142
20
2.1990948425196848
11
-0.3261855905511811
21
2.2068897637795275
0
LINE
8
BLACK
6
CONTINUOUS
10
-0.3261855905511811
20
2.2068897637795275
11
-0.3269533070866142
21
2.214684724409449
0
LINE
8
BLACK
6
CONTINUOUS
10
-0.3269533070866142
20
2.214684724409449
11
-0.3292271653543307
21
2.2221805511811024
0
LINE
8
BLACK
6
CONTINUOUS
10
-0.3292271653543307
20
2.2221805511811024
11
-0.3319108267716535
21
2.227201338582677
0
LINE
8
BLACK
6
CONTINUOUS
10
-0.3319108267716535
20
2.227201338582677
11
-0.3377866535433071
21
2.2213255905511811
0
LINE
8
BLACK
6
CONTINUOUS
10
-0.304631220472441
20
2.2221803149606298
11
-0.306905
21
2.214684724409449
0
LINE
8
BLACK
6
CONTINUOUS
10
-0.306905
20
2.214684724409449
11
-0.307672716535433
21
2.2068897637795275
0
LINE
8
BLACK
6
CONTINUOUS
10
-0.307672716535433
20
2.2068897637795275
11
-0.306905
21
2.1990948425196848
0
LINE
8
BLACK
6
CONTINUOUS
10
-0.306905
20
2.1990948425196848
11
-0.3046311417322835
21
2.1915989763779526
0
LINE
8
BLACK
6
CONTINUOUS
10
-0.3046311417322835
20
2.1915989763779526
11
-0.3019475196850394
21
2.1865783070866143
0
LINE
8
BLACK
6
CONTINUOUS
10
-0.3019475196850394
20
2.1865783070866143
11
-0.3019474803149606
21
2.1865783070866143
0
LINE
8
BLACK
6
CONTINUOUS
10
-0.3019474803149606
20
2.1865783070866143
11
-0.2960717322834646
21
2.192454094488189
0
LINE
8
BLACK
6
CONTINUOUS
10
-0.2960717322834646
20
2.192454094488189
11
-0.2964482283464567
21
2.1930533070866143
0
LINE
8
BLACK
6
CONTINUOUS
10
-0.2964482283464567
20
2.1930533070866143
11
-0.2988067716535433
21
2.199793622047244
0
LINE
8
BLACK
6
CONTINUOUS
10
-0.2988067716535433
20
2.199793622047244
11
-0.2996062992125984
21
2.2068897637795275
0
LINE
8
BLACK
6
CONTINUOUS
10
-0.2996062992125984
20
2.2068897637795275
11
-0.2988067716535433
21
2.213985905511811
0
LINE
8
BLACK
6
CONTINUOUS
10
-0.2988067716535433
20
2.213985905511811
11
-0.2964482283464567
21
2.2207262204724407
0
LINE
8
BLACK
6
CONTINUOUS
10
-0.2964482283464567
20
2.2207262204724407
11
-0.2960716929133858
21
2.2213255118110236
0
LINE
8
BLACK
6
CONTINUOUS
10
-0.2960716929133858
20
2.2213255118110236
11
-0.3019474803149606
21
2.2272012992125982
0
LINE
8
BLACK
6
CONTINUOUS
10
-0.3019474803149606
20
2.2272012992125982
11
-0.304631220472441
21
2.2221803149606298
0
LINE
8
BLACK
6
CONTINUOUS
10
-0.2393614566929134
20
2.2213255905511811
11
-0.238984842519685
21
2.2207262204724407
0
LINE
8
BLACK
6
CONTINUOUS
10
-0.238984842519685
20
2.2207262204724407
11
-0.2366262992125984
21
2.213985905511811
0
LINE
8
BLACK
6
CONTINUOUS
10
-0.2366262992125984
20
2.213985905511811
11
-0.2358267716535433
21
2.2068897637795275
0
LINE
8
BLACK
6
CONTINUOUS
10
-0.2358267716535433
20
2.2068897637795275
11
-0.2366262992125984
21
2.199793622047244
0
LINE
8
BLACK
6
CONTINUOUS
10
-0.2366262992125984
20
2.199793622047244
11
-0.238984842519685
21
2.1930533070866143
0
LINE
8
BLACK
6
CONTINUOUS
10
-0.238984842519685
20
2.1930533070866143
11
-0.2393614173228346
21
2.1924540551181102
0
LINE
8
BLACK
6
CONTINUOUS
10
-0.2393614173228346
20
2.1924540551181102
11
-0.2334856692913386
21
2.1865783070866143
0
LINE
8
BLACK
6
CONTINUOUS
10
-0.2334856692913386
20
2.1865783070866143
11
-0.2308019291338583
21
2.1915990944881889
0
LINE
8
BLACK
6
CONTINUOUS
10
-0.2308019291338583
20
2.1915990944881889
11
-0.2285281102362205
21
2.1990948425196848
0
LINE
8
BLACK
6
CONTINUOUS
10
-0.2285281102362205
20
2.1990948425196848
11
-0.2277603937007874
21
2.2068897637795275
0
LINE
8
BLACK
6
CONTINUOUS
10
-0.2277603937007874
20
2.2068897637795275
11
-0.2285281102362205
21
2.214684724409449
0
LINE
8
BLACK
6
CONTINUOUS
10
-0.2285281102362205
20
2.214684724409449
11
-0.230801968503937
21
2.2221805511811024
0
LINE
8
BLACK
6
CONTINUOUS
10
-0.230801968503937
20
2.2221805511811024
11
-0.2334856299212598
21
2.227201338582677
0
LINE
8
BLACK
6
CONTINUOUS
10
-0.2334856299212598
20
2.227201338582677
11
-0.2393614566929134
21
2.2213255905511811
0
LINE
8
BLACK
6
CONTINUOUS
10
-0.2062060236220472
20
2.2221803149606298
11
-0.2084798031496063
21
2.214684724409449
0
LINE
8
BLACK
6
CONTINUOUS
10
-0.2084798031496063
20
2.214684724409449
11
-0.2092475196850394
21
2.2068897637795275
0
LINE
8
BLACK
6
CONTINUOUS
10
-0.2092475196850394
20
2.2068897637795275
11
-0.2084798031496063
21
2.1990948425196848
0
LINE
8
BLACK
6
CONTINUOUS
10
-0.2084798031496063
20
2.1990948425196848
11
-0.2062059448818898
21
2.1915989763779526
0
LINE
8
BLACK
6
CONTINUOUS
10
-0.2062059448818898
20
2.1915989763779526
11
-0.2035223228346457
21
2.1865783070866143
0
LINE
8
BLACK
6
CONTINUOUS
10
-0.2035223228346457
20
2.1865783070866143
11
-0.2035222834645669
21
2.1865783070866143
0
LINE
8
BLACK
6
CONTINUOUS
10
-0.2035222834645669
20
2.1865783070866143
11
-0.1976465354330709
21
2.192454094488189
0
LINE
8
BLACK
6
CONTINUOUS
10
-0.1976465354330709
20
2.192454094488189
11
-0.198023031496063
21
2.1930533070866143
0
LINE
8
BLACK
6
CONTINUOUS
10
-0.198023031496063
20
2.1930533070866143
11
-0.2003815748031496
21
2.199793622047244
0
LINE
8
BLACK
6
CONTINUOUS
10
-0.2003815748031496
20
2.199793622047244
11
-0.2011811023622047
21
2.2068897637795275
0
LINE
8
BLACK
6
CONTINUOUS
10
-0.2011811023622047
20
2.2068897637795275
11
-0.2003815748031496
21
2.213985905511811
0
LINE
8
BLACK
6
CONTINUOUS
10
-0.2003815748031496
20
2.213985905511811
11
-0.198023031496063
21
2.2207262204724407
0
LINE
8
BLACK
6
CONTINUOUS
10
-0.198023031496063
20
2.2207262204724407
11
-0.1976464960629921
21
2.2213255118110236
0
LINE
8
BLACK
6
CONTINUOUS
10
-0.1976464960629921
20
2.2213255118110236
11
-0.2035222834645669
21
2.2272012992125982
0
LINE
8
BLACK
6
CONTINUOUS
10
-0.2035222834645669
20
2.2272012992125982
11
-0.2062060236220472
21
2.2221803149606298
0
LINE
8
BLACK
6
CONTINUOUS
10
-0.6187681102362205
20
2.5116341732283463
11
-0.622627874015748
21
2.5112474015748032
0
LINE
8
BLACK
6
CONTINUOUS
10
-0.622627874015748
20
2.5112474015748032
11
-0.6226280708661417
21
2.5112473622047244
0
LINE
8
BLACK
6
CONTINUOUS
10
-0.6226280708661417
20
2.5112473622047244
11
-0.6263567716535433
21
2.5105012992125983
0
LINE
8
BLACK
6
CONTINUOUS
10
-0.6263567716535433
20
2.5105012992125983
11
-0.6263574015748031
21
2.5105011417322833
0
LINE
8
BLACK
6
CONTINUOUS
10
-0.6263574015748031
20
2.5105011417322833
11
-0.628398937007874
21
2.5099788188976375
0
LINE
8
BLACK
6
CONTINUOUS
10
-0.628398937007874
20
2.5099788188976375
11
-0.6283991338582677
21
2.5099787401574805
0
LINE
8
BLACK
6
CONTINUOUS
10
-0.6283991338582677
20
2.5099787401574805
11
-0.6335087007874015
21
2.5075342125984252
0
LINE
8
BLACK
6
CONTINUOUS
10
-0.6335087007874015
20
2.5075342125984252
11
-0.6335090944881889
21
2.5075339763779527
0
LINE
8
BLACK
6
CONTINUOUS
10
-0.6335090944881889
20
2.5075339763779527
11
-0.6366894881889764
21
2.505408937007874
0
LINE
8
BLACK
6
CONTINUOUS
10
-0.6366894881889764
20
2.505408937007874
11
-0.638394842519685
21
2.5041322834645667
0
LINE
8
BLACK
6
CONTINUOUS
10
-0.638394842519685
20
2.5041322834645667
11
-0.6383949999999999
21
2.5041321653543305
0
LINE
8
BLACK
6
CONTINUOUS
10
-0.6383949999999999
20
2.5041321653543305
11
-0.6383950787401574
21
2.5041321259842517
0
LINE
8
BLACK
6
CONTINUOUS
10
-0.6383950787401574
20
2.5041321259842517
11
-0.6383951181102362
21
2.5041320472440942
0
LINE
8
BLACK
6
CONTINUOUS
10
-0.6383951181102362
20
2.5041320472440942
11
-0.6421801181102362
21
2.4999182677165352
0
LINE
8
BLACK
6
CONTINUOUS
10
-0.6421801181102362
20
2.4999182677165352
11
-0.6421803149606299
21
2.4999180314960627
0
LINE
8
BLACK
6
CONTINUOUS
10
-0.6421803149606299
20
2.4999180314960627
11
-0.6443052755905512
21
2.4967378346456695
0
LINE
8
BLACK
6
CONTINUOUS
10
-0.6443052755905512
20
2.4967378346456695
11
-0.6443053937007874
21
2.4967376377952757
0
LINE
8
BLACK
6
CONTINUOUS
10
-0.6443053937007874
20
2.4967376377952757
11
-0.6453922440944881
21
2.4949058661417323
0
LINE
8
BLACK
6
CONTINUOUS
10
-0.6453922440944881
20
2.4949058661417323
11
-0.6453922834645669
21
2.4949057874015748
0
LINE
8
BLACK
6
CONTINUOUS
10
-0.6453922834645669
20
2.4949057874015748
11
-0.6472768897637795
21
2.4895636220472439
0
LINE
8
BLACK
6
CONTINUOUS
10
-0.6472768897637795
20
2.4895636220472439
11
-0.6480231496062991
21
2.4858120866141733
0
LINE
8
BLACK
6
CONTINUOUS
10
-0.6480231496062991
20
2.4858120866141733
11
-0.6480231496062991
21
2.4858120472440945
0
LINE
8
BLACK
6
CONTINUOUS
10
-0.6480231496062991
20
2.4858120472440945
11
-0.6484055118110236
21
2.4819294488188977
0
LINE
8
BLACK
6
CONTINUOUS
10
-0.6484055118110236
20
2.4819294488188977
11
-0.6484055118110236
21
2.2724921259842521
0
LINE
8
BLACK
6
CONTINUOUS
10
-0.6484055118110236
20
2.2724921259842521
11
-0.6484051968503937
21
2.2723881102362204
0
LINE
8
BLACK
6
CONTINUOUS
10
-0.6484051968503937
20
2.2723881102362204
11
-0.6484044488188976
21
2.2722620078740157
0
LINE
8
BLACK
6
CONTINUOUS
10
-0.6484044488188976
20
2.2722620078740157
11
-0.6484044488188976
21
2.2722615748031494
0
LINE
8
BLACK
6
CONTINUOUS
10
-0.6484044488188976
20
2.2722615748031494
11
-0.6479738976377952
21
2.2682615354330706
0
LINE
8
BLACK
6
CONTINUOUS
10
-0.6479738976377952
20
2.2682615354330706
11
-0.6471824015748031
21
2.2645199212598426
0
LINE
8
BLACK
6
CONTINUOUS
10
-0.6471824015748031
20
2.2645199212598426
11
-0.6466304724409448
21
2.2624619685039371
0
LINE
8
BLACK
6
CONTINUOUS
10
-0.6466304724409448
20
2.2624619685039371
11
-0.6466304330708661
21
2.2624618897637796
0
LINE
8
BLACK
6
CONTINUOUS
10
-0.6466304330708661
20
2.2624618897637796
11
-0.6441240157480315
21
2.2573820472440946
0
LINE
8
BLACK
6
CONTINUOUS
10
-0.6441240157480315
20
2.2573820472440946
11
-0.644123937007874
21
2.2573819685039371
0
LINE
8
BLACK
6
CONTINUOUS
10
-0.644123937007874
20
2.2573819685039371
11
-0.6419614960629921
21
2.2542289370078739
0
LINE
8
BLACK
6
CONTINUOUS
10
-0.6419614960629921
20
2.2542289370078739
11
-0.641960157480315
21
2.2542270866141734
0
LINE
8
BLACK
6
CONTINUOUS
10
-0.641960157480315
20
2.2542270866141734
11
-0.640663188976378
21
2.2525376377952755
0
LINE
8
BLACK
6
CONTINUOUS
10
-0.640663188976378
20
2.2525376377952755
11
-0.6406631102362205
21
2.252537559055118
0
LINE
8
BLACK
6
CONTINUOUS
10
-0.6406631102362205
20
2.252537559055118
11
-0.6364034251968503
21
2.248803622047244
0
LINE
8
BLACK
6
CONTINUOUS
10
-0.6364034251968503
20
2.248803622047244
11
-0.6331975196850393
21
2.2467172834645668
0
LINE
8
BLACK
6
CONTINUOUS
10
-0.6331975196850393
20
2.2467172834645668
11
-0.6313524015748031
21
2.245652559055118
0
LINE
8
BLACK
6
CONTINUOUS
10
-0.6313524015748031
20
2.245652559055118
11
-0.625988031496063
21
2.243832874015748
0
LINE
8
BLACK
6
CONTINUOUS
10
-0.625988031496063
20
2.243832874015748
11
-0.6222277559055118
21
2.2431321653543308
0
LINE
8
BLACK
6
CONTINUOUS
10
-0.6222277559055118
20
2.2431321653543308
11
-0.6222272047244094
21
2.243132125984252
0
LINE
8
BLACK
6
CONTINUOUS
10
-0.6222272047244094
20
2.243132125984252
11
-0.6222270078740157
21
2.2431320866141733
0
LINE
8
BLACK
6
CONTINUOUS
10
-0.6222270078740157
20
2.2431320866141733
11
-0.6211265748031496
21
2.2430372047244096
0
LINE
8
BLACK
6
CONTINUOUS
10
-0.6211265748031496
20
2.2430372047244096
11
-0.6183407480314961
21
2.2427968503937006
0
LINE
8
BLACK
6
CONTINUOUS
10
-0.6183407480314961
20
2.2427968503937006
11
-0.6123627952755906
21
2.2428693307086616
0
LINE
8
BLACK
6
CONTINUOUS
10
-0.6123627952755906
20
2.2428693307086616
11
-0.6123627559055118
21
2.2428693307086616
0
LINE
8
BLACK
6
CONTINUOUS
10
-0.6123627559055118
20
2.2428693307086616
11
-0.5931093700787401
21
2.2431026771653544
0
LINE
8
BLACK
6
CONTINUOUS
10
-0.5931093700787401
20
2.2431026771653544
11
-0.5917661417322835
21
2.243164409448819
0
LINE
8
BLACK
6
CONTINUOUS
10
-0.5917661417322835
20
2.243164409448819
11
-0.5904465354330709
21
2.2432698031496061
0
LINE
8
BLACK
6
CONTINUOUS
10
-0.5904465354330709
20
2.2432698031496061
11
-0.5889344094488189
21
2.2435947244094487
0
LINE
8
BLACK
6
CONTINUOUS
10
-0.5889344094488189
20
2.2435947244094487
11
-0.5861912204724409
21
2.2433915748031494
0
LINE
8
BLACK
6
CONTINUOUS
10
-0.5861912204724409
20
2.2433915748031494
11
-0.5844567716535433
21
2.2422738188976377
0
LINE
8
BLACK
6
CONTINUOUS
10
-0.5844567716535433
20
2.2422738188976377
11
-0.577427874015748
21
2.2352449212598424
0
LINE
8
BLACK
6
CONTINUOUS
10
-0.577427874015748
20
2.2352449212598424
11
-0.5768285826771653
21
2.2356214566929133
0
LINE
8
BLACK
6
CONTINUOUS
10
-0.5768285826771653
20
2.2356214566929133
11
-0.5700882677165354
21
2.2379799999999999
0
LINE
8
BLACK
6
CONTINUOUS
10
-0.5700882677165354
20
2.2379799999999999
11
-0.562992125984252
21
2.2387795275590552
0
LINE
8
BLACK
6
CONTINUOUS
10
-0.562992125984252
20
2.2387795275590552
11
-0.5558959842519685
21
2.2379799999999999
0
LINE
8
BLACK
6
CONTINUOUS
10
-0.5558959842519685
20
2.2379799999999999
11
-0.5491556692913385
21
2.2356214566929133
0
LINE
8
BLACK
6
CONTINUOUS
10
-0.5491556692913385
20
2.2356214566929133
11
-0.5485564566929134
21
2.2352449606299212
0
LINE
8
BLACK
6
CONTINUOUS
10
-0.5485564566929134
20
2.2352449606299212
11
-0.5412022047244094
21
2.2425991732283466
0
LINE
8
BLACK
6
CONTINUOUS
10
-0.5412022047244094
20
2.2425991732283466
11
-0.5387879133858268
21
2.2439174803149604
0
LINE
8
BLACK
6
CONTINUOUS
10
-0.5387879133858268
20
2.2439174803149604
11
-0.5367978346456693
21
2.2439352362204725
0
LINE
8
BLACK
6
CONTINUOUS
10
-0.5367978346456693
20
2.2439352362204725
11
-0.5363437795275591
21
2.2438449212598424
0
LINE
8
BLACK
6
CONTINUOUS
10
-0.5363437795275591
20
2.2438449212598424
11
-0.5363435826771653
21
2.2438449212598424
0
LINE
8
BLACK
6
CONTINUOUS
10
-0.5363435826771653
20
2.2438449212598424
11
-0.5363434645669292
21
2.2438448818897636
0
LINE
8
BLACK
6
CONTINUOUS
10
-0.5363434645669292
20
2.2438448818897636
11
-0.5343307086614173
21
2.2436466535433071
0
LINE
8
BLACK
6
CONTINUOUS
10
-0.5343307086614173
20
2.2436466535433071
11
-0.5324611811023622
21
2.2434625196850395
0
LINE
8
BLACK
6
CONTINUOUS
10
-0.5324611811023622
20
2.2434625196850395
11
-0.5324611023622047
21
2.2434625196850395
0
LINE
8
BLACK
6
CONTINUOUS
10
-0.5324611023622047
20
2.2434625196850395
11
-0.4950979921259843
21
2.2434625196850395
0
LINE
8
BLACK
6
CONTINUOUS
10
-0.4950979921259843
20
2.2434625196850395
11
-0.4950979133858268
21
2.2434625196850395
0
LINE
8
BLACK
6
CONTINUOUS
10
-0.4950979133858268
20
2.2434625196850395
11
-0.4936338976377952
21
2.2435164566929133
0
LINE
8
BLACK
6
CONTINUOUS
10
-0.4936338976377952
20
2.2435164566929133
11
-0.4921954724409449
21
2.243622559055118
0
LINE
8
BLACK
6
CONTINUOUS
10
-0.4921954724409449
20
2.243622559055118
11
-0.4908122047244095
21
2.2439153937007874
0
LINE
8
BLACK
6
CONTINUOUS
10
-0.4908122047244095
20
2.2439153937007874
11
-0.4880696062992126
21
2.2437038582677165
0
LINE
8
BLACK
6
CONTINUOUS
10
-0.4880696062992126
20
2.2437038582677165
11
-0.4863491338582677
21
2.2425913779527558
0
LINE
8
BLACK
6
CONTINUOUS
10
-0.4863491338582677
20
2.2425913779527558
11
-0.4790026771653543
21
2.2352449212598424
0
LINE
8
BLACK
6
CONTINUOUS
10
-0.4790026771653543
20
2.2352449212598424
11
-0.4784033858267717
21
2.2356214566929133
0
LINE
8
BLACK
6
CONTINUOUS
10
-0.4784033858267717
20
2.2356214566929133
11
-0.4716630708661417
21
2.2379799999999999
0
LINE
8
BLACK
6
CONTINUOUS
10
-0.4716630708661417
20
2.2379799999999999
11
-0.4645669291338583
21
2.2387795275590552
0
LINE
8
BLACK
6
CONTINUOUS
10
-0.4645669291338583
20
2.2387795275590552
11
-0.4574707874015748
21
2.2379799999999999
0
LINE
8
BLACK
6
CONTINUOUS
10
-0.4574707874015748
20
2.2379799999999999
11
-0.4507304724409449
21
2.2356214566929133
0
LINE
8
BLACK
6
CONTINUOUS
10
-0.4507304724409449
20
2.2356214566929133
11
-0.4501312598425197
21
2.2352449606299212
0
LINE
8
BLACK
6
CONTINUOUS
10
-0.4501312598425197
20
2.2352449606299212
11
-0.4427770078740157
21
2.2425991732283466
0
LINE
8
BLACK
6
CONTINUOUS
10
-0.4427770078740157
20
2.2425991732283466
11
-0.4403627165354331
21
2.2439174803149604
0
LINE
8
BLACK
6
CONTINUOUS
10
-0.4403627165354331
20
2.2439174803149604
11
-0.4383726377952756
21
2.2439352362204725
0
LINE
8
BLACK
6
CONTINUOUS
10
-0.4383726377952756
20
2.2439352362204725
11
-0.4379185826771653
21
2.2438449212598424
0
LINE
8
BLACK
6
CONTINUOUS
10
-0.4379185826771653
20
2.2438449212598424
11
-0.4379183858267716
21
2.2438449212598424
0
LINE
8
BLACK
6
CONTINUOUS
10
-0.4379183858267716
20
2.2438449212598424
11
-0.4379182677165354
21
2.2438448818897636
0
LINE
8
BLACK
6
CONTINUOUS
10
-0.4379182677165354
20
2.2438448818897636
11
-0.4359055118110236
21
2.2436466535433071
0
LINE
8
BLACK
6
CONTINUOUS
10
-0.4359055118110236
20
2.2436466535433071
11
-0.4340359842519685
21
2.2434625196850395
0
LINE
8
BLACK
6
CONTINUOUS
10
-0.4340359842519685
20
2.2434625196850395
11
-0.434035905511811
21
2.2434625196850395
0
LINE
8
BLACK
6
CONTINUOUS
10
-0.434035905511811
20
2.2434625196850395
11
-0.3966727952755905
21
2.2434625196850395
0
LINE
8
BLACK
6
CONTINUOUS
10
-0.3966727952755905
20
2.2434625196850395
11
-0.3966727165354331
21
2.2434625196850395
0
LINE
8
BLACK
6
CONTINUOUS
10
-0.3966727165354331
20
2.2434625196850395
11
-0.3952087007874016
21
2.2435164566929133
0
LINE
8
BLACK
6
CONTINUOUS
10
-0.3952087007874016
20
2.2435164566929133
11
-0.3937702755905512
21
2.243622559055118
0
LINE
8
BLACK
6
CONTINUOUS
10
-0.3937702755905512
20
2.243622559055118
11
-0.3923870078740158
21
2.2439153937007874
0
LINE
8
BLACK
6
CONTINUOUS
10
-0.3923870078740158
20
2.2439153937007874
11
-0.3896444094488189
21
2.2437038582677165
0
LINE
8
BLACK
6
CONTINUOUS
10
-0.3896444094488189
20
2.2437038582677165
11
-0.387923937007874
21
2.2425913779527558
0
LINE
8
BLACK
6
CONTINUOUS
10
-0.387923937007874
20
2.2425913779527558
11
-0.3805774803149606
21
2.2352449212598424
0
LINE
8
BLACK
6
CONTINUOUS
10
-0.3805774803149606
20
2.2352449212598424
11
-0.3799781889763779
21
2.2356214566929133
0
LINE
8
BLACK
6
CONTINUOUS
10
-0.3799781889763779
20
2.2356214566929133
11
-0.373237874015748
21
2.2379799999999999
0
LINE
8
BLACK
6
CONTINUOUS
10
-0.373237874015748
20
2.2379799999999999
11
-0.3661417322834646
21
2.2387795275590552
0
LINE
8
BLACK
6
CONTINUOUS
10
-0.3661417322834646
20
2.2387795275590552
11
-0.3590455905511811
21
2.2379799999999999
0
LINE
8
BLACK
6
CONTINUOUS
10
-0.3590455905511811
20
2.2379799999999999
11
-0.3523052755905512
21
2.2356214566929133
0
LINE
8
BLACK
6
CONTINUOUS
10
-0.3523052755905512
20
2.2356214566929133
11
-0.351706062992126
21
2.2352449606299212
0
LINE
8
BLACK
6
CONTINUOUS
10
-0.351706062992126
20
2.2352449606299212
11
-0.3443518110236221
21
2.2425991732283466
0
LINE
8
BLACK
6
CONTINUOUS
10
-0.3443518110236221
20
2.2425991732283466
11
-0.3419375196850394
21
2.2439174803149604
0
LINE
8
BLACK
6
CONTINUOUS
10
-0.3419375196850394
20
2.2439174803149604
11
-0.3399474409448819
21
2.2439352362204725
0
LINE
8
BLACK
6
CONTINUOUS
10
-0.3399474409448819
20
2.2439352362204725
11
-0.3394933858267716
21
2.2438449212598424
0
LINE
8
BLACK
6
CONTINUOUS
10
-0.3394933858267716
20
2.2438449212598424
11
-0.3394931889763779
21
2.2438449212598424
0
LINE
8
BLACK
6
CONTINUOUS
10
-0.3394931889763779
20
2.2438449212598424
11
-0.3394930708661417
21
2.2438448818897636
0
LINE
8
BLACK
6
CONTINUOUS
10
-0.3394930708661417
20
2.2438448818897636
11
-0.3374803149606299
21
2.2436466535433071
0
LINE
8
BLACK
6
CONTINUOUS
10
-0.3374803149606299
20
2.2436466535433071
11
-0.3356107874015748
21
2.2434625196850395
0
LINE
8
BLACK
6
CONTINUOUS
10
-0.3356107874015748
20
2.2434625196850395
11
-0.3356107086614173
21
2.2434625196850395
0
LINE
8
BLACK
6
CONTINUOUS
10
-0.3356107086614173
20
2.2434625196850395
11
-0.2982475984251968
21
2.2434625196850395
0
LINE
8
BLACK
6
CONTINUOUS
10
-0.2982475984251968
20
2.2434625196850395
11
-0.2982475196850394
21
2.2434625196850395
0
LINE
8
BLACK
6
CONTINUOUS
10
-0.2982475196850394
20
2.2434625196850395
11
-0.2967835039370079
21
2.2435164566929133
0
LINE
8
BLACK
6
CONTINUOUS
10
-0.2967835039370079
20
2.2435164566929133
11
-0.2953450787401575
21
2.243622559055118
0
LINE
8
BLACK
6
CONTINUOUS
10
-0.2953450787401575
20
2.243622559055118
11
-0.2939618110236221
21
2.2439153937007874
0
LINE
8
BLACK
6
CONTINUOUS
10
-0.2939618110236221
20
2.2439153937007874
11
-0.2912192125984252
21
2.2437038582677165
0
LINE
8
BLACK
6
CONTINUOUS
10
-0.2912192125984252
20
2.2437038582677165
11
-0.2894987401574803
21
2.2425913779527558
0
LINE
8
BLACK
6
CONTINUOUS
10
-0.2894987401574803
20
2.2425913779527558
11
-0.2821522834645669
21
2.2352449212598424
0
LINE
8
BLACK
6
CONTINUOUS
10
-0.2821522834645669
20
2.2352449212598424
11
-0.2815529921259842
21
2.2356214566929133
0
LINE
8
BLACK
6
CONTINUOUS
10
-0.2815529921259842
20
2.2356214566929133
11
-0.2748126771653543
21
2.2379799999999999
0
LINE
8
BLACK
6
CONTINUOUS
10
-0.2748126771653543
20
2.2379799999999999
11
-0.2677165354330708
21
2.2387795275590552
0
LINE
8
BLACK
6
CONTINUOUS
10
-0.2677165354330708
20
2.2387795275590552
11
-0.2606203937007874
21
2.2379799999999999
0
LINE
8
BLACK
6
CONTINUOUS
10
-0.2606203937007874
20
2.2379799999999999
11
-0.2538800787401575
21
2.2356214566929133
0
LINE
8
BLACK
6
CONTINUOUS
10
-0.2538800787401575
20
2.2356214566929133
11
-0.2532808661417323
21
2.2352449606299212
0
LINE
8
BLACK
6
CONTINUOUS
10
-0.2532808661417323
20
2.2352449606299212
11
-0.2459266141732283
21
2.2425991732283466
0
LINE
8
BLACK
6
CONTINUOUS
10
-0.2459266141732283
20
2.2425991732283466
11
-0.2435123228346457
21
2.2439174803149604
0
LINE
8
BLACK
6
CONTINUOUS
10
-0.2435123228346457
20
2.2439174803149604
11
-0.2415222440944882
21
2.2439352362204725
0
LINE
8
BLACK
6
CONTINUOUS
10
-0.2415222440944882
20
2.2439352362204725
11
-0.2410681889763779
21
2.2438449212598424
0
LINE
8
BLACK
6
CONTINUOUS
10
-0.2410681889763779
20
2.2438449212598424
11
-0.2410679921259843
21
2.2438449212598424
0
LINE
8
BLACK
6
CONTINUOUS
10
-0.2410679921259843
20
2.2438449212598424
11
-0.241067874015748
21
2.2438448818897636
0
LINE
8
BLACK
6
CONTINUOUS
10
-0.241067874015748
20
2.2438448818897636
11
-0.2390551181102362
21
2.2436466535433071
0
LINE
8
BLACK
6
CONTINUOUS
10
-0.2390551181102362
20
2.2436466535433071
11
-0.2371855905511811
21
2.2434625196850395
0
LINE
8
BLACK
6
CONTINUOUS
10
-0.2371855905511811
20
2.2434625196850395
11
-0.2371855118110236
21
2.2434625196850395
0
LINE
8
BLACK
6
CONTINUOUS
10
-0.2371855118110236
20
2.2434625196850395
11
-0.1998224015748031
21
2.2434625196850395
0
LINE
8
BLACK
6
CONTINUOUS
10
-0.1998224015748031
20
2.2434625196850395
11
-0.1998223228346457
21
2.2434625196850395
0
LINE
8
BLACK
6
CONTINUOUS
10
-0.1998223228346457
20
2.2434625196850395
11
-0.1983583070866142
21
2.2435164566929133
0
LINE
8
BLACK
6
CONTINUOUS
10
-0.1983583070866142
20
2.2435164566929133
11
-0.1969198818897638
21
2.243622559055118
0
LINE
8
BLACK
6
CONTINUOUS
10
-0.1969198818897638
20
2.243622559055118
11
-0.1955366141732283
21
2.2439153937007874
0
LINE
8
BLACK
6
CONTINUOUS
10
-0.1955366141732283
20
2.2439153937007874
11
-0.1927940157480315
21
2.2437038582677165
0
LINE
8
BLACK
6
CONTINUOUS
10
-0.1927940157480315
20
2.2437038582677165
11
-0.1910735433070866
21
2.2425913779527558
0
LINE
8
BLACK
6
CONTINUOUS
10
-0.1910735433070866
20
2.2425913779527558
11
-0.1837270866141732
21
2.2352449212598424
0
LINE
8
BLACK
6
CONTINUOUS
10
-0.1837270866141732
20
2.2352449212598424
11
-0.1831277952755906
21
2.2356214566929133
0
LINE
8
BLACK
6
CONTINUOUS
10
-0.1831277952755906
20
2.2356214566929133
11
-0.1763874803149606
21
2.2379799999999999
0
LINE
8
BLACK
6
CONTINUOUS
10
-0.1763874803149606
20
2.2379799999999999
11
-0.1692913385826772
21
2.2387795275590552
0
LINE
8
BLACK
6
CONTINUOUS
10
-0.1692913385826772
20
2.2387795275590552
11
-0.1621951968503937
21
2.2379799999999999
0
LINE
8
BLACK
6
CONTINUOUS
10
-0.1621951968503937
20
2.2379799999999999
11
-0.1554548818897638
21
2.2356214566929133
0
LINE
8
BLACK
6
CONTINUOUS
10
-0.1554548818897638
20
2.2356214566929133
11
-0.1548556692913386
21
2.2352449606299212
0
LINE
8
BLACK
6
CONTINUOUS
10
-0.1548556692913386
20
2.2352449606299212
11
-0.1478379133858268
21
2.2422626771653542
0
LINE
8
BLACK
6
CONTINUOUS
10
-0.1478379133858268
20
2.2422626771653542
11
-0.1454236220472441
21
2.2435809842519685
0
LINE
8
BLACK
6
CONTINUOUS
10
-0.1454236220472441
20
2.2435809842519685
11
-0.1433755511811023
21
2.2435868503937009
0
LINE
8
BLACK
6
CONTINUOUS
10
-0.1433755511811023
20
2.2435868503937009
11
-0.1432064173228347
21
2.2435511023622046
0
LINE
8
BLACK
6
CONTINUOUS
10
-0.1432064173228347
20
2.2435511023622046
11
-0.1430538976377953
21
2.2435188188976376
0
LINE
8
BLACK
6
CONTINUOUS
10
-0.1430538976377953
20
2.2435188188976376
11
-0.1401241732283464
21
2.24319437007874
0
LINE
8
BLACK
6
CONTINUOUS
10
-0.1401241732283464
20
2.24319437007874
11
-0.1391765354330709
21
2.2430894094488187
0
LINE
8
BLACK
6
CONTINUOUS
10
-0.1391765354330709
20
2.2430894094488187
11
-0.1391764960629921
21
2.2430894094488187
0
LINE
8
BLACK
6
CONTINUOUS
10
-0.1391764960629921
20
2.2430894094488187
11
-0.1391761417322835
21
2.24308937007874
0
LINE
8
BLACK
6
CONTINUOUS
10
-0.1391761417322835
20
2.24308937007874
11
-0.1186518503937008
21
2.242840590551181
0
LINE
8
BLACK
6
CONTINUOUS
10
-0.1186518503937008
20
2.242840590551181
11
-0.1150450787401575
21
2.2427968503937006
0
LINE
8
BLACK
6
CONTINUOUS
10
-0.1150450787401575
20
2.2427968503937006
11
-0.1149225590551181
21
2.242795748031496
0
LINE
8
BLACK
6
CONTINUOUS
10
-0.1149225590551181
20
2.242795748031496
11
-0.1148631496062992
21
2.2427953937007872
0
LINE
8
BLACK
6
CONTINUOUS
10
-0.1148631496062992
20
2.2427953937007872
11
-0.1148038976377953
21
2.2427950393700788
0
LINE
8
BLACK
6
CONTINUOUS
10
-0.1148038976377953
20
2.2427950393700788
11
-0.1148038976377953
21
2.2427950787401576
0
LINE
8
BLACK
6
CONTINUOUS
10
-0.1148038976377953
20
2.2427950787401576
11
-0.1148037401574803
21
2.2427950393700788
0
LINE
8
BLACK
6
CONTINUOUS
10
-0.1148037401574803
20
2.2427950393700788
11
-0.1108024409448819
21
2.2431770866141734
0
LINE
8
BLACK
6
CONTINUOUS
10
-0.1108024409448819
20
2.2431770866141734
11
-0.1070509448818898
21
2.243923307086614
0
LINE
8
BLACK
6
CONTINUOUS
10
-0.1070509448818898
20
2.243923307086614
11
-0.104986811023622
21
2.2444501574803151
0
LINE
8
BLACK
6
CONTINUOUS
10
-0.104986811023622
20
2.2444501574803151
11
-0.0998769291338583
21
2.2468948425196849
0
LINE
8
BLACK
6
CONTINUOUS
10
-0.0998769291338583
20
2.2468948425196849
11
-0.0966965354330709
21
2.2490198818897635
0
LINE
8
BLACK
6
CONTINUOUS
10
-0.0966965354330709
20
2.2490198818897635
11
-0.0949908267716535
21
2.2502967716535434
0
LINE
8
BLACK
6
CONTINUOUS
10
-0.0949908267716535
20
2.2502967716535434
11
-0.0912055118110236
21
2.2545109055118111
0
LINE
8
BLACK
6
CONTINUOUS
10
-0.0912055118110236
20
2.2545109055118111
11
-0.0890804724409449
21
2.2576912992125986
0
LINE
8
BLACK
6
CONTINUOUS
10
-0.0890804724409449
20
2.2576912992125986
11
-0.0879934645669291
21
2.2595233858267716
0
LINE
8
BLACK
6
CONTINUOUS
10
-0.0879934645669291
20
2.2595233858267716
11
-0.086108937007874
21
2.2648653149606299
0
LINE
8
BLACK
6
CONTINUOUS
10
-0.086108937007874
20
2.2648653149606299
11
-0.0853627165354331
21
2.2686168110236218
0
LINE
8
BLACK
6
CONTINUOUS
10
-0.0853627165354331
20
2.2686168110236218
11
-0.0849803149606299
21
2.2724994094488187
0
LINE
8
BLACK
6
CONTINUOUS
10
-0.0849803149606299
20
2.2724994094488187
11
-0.0849803149606299
21
2.4830664173228345
0
LINE
8
BLACK
6
CONTINUOUS
10
-0.0849803149606299
20
2.4830664173228345
11
-0.0849803543307087
21
2.483101811023622
0
LINE
8
BLACK
6
CONTINUOUS
10
-0.0849803543307087
20
2.483101811023622
11
-0.0849803937007874
21
2.4831239370078739
0
LINE
8
BLACK
6
CONTINUOUS
10
-0.0849803937007874
20
2.4831239370078739
11
-0.0853715748031496
21
2.4870151968503937
0
LINE
8
BLACK
6
CONTINUOUS
10
-0.0853715748031496
20
2.4870151968503937
11
-0.0853716141732283
21
2.4870152755905512
0
LINE
8
BLACK
6
CONTINUOUS
10
-0.0853716141732283
20
2.4870152755905512
11
-0.0853716535433071
21
2.4870157480314958
0
LINE
8
BLACK
6
CONTINUOUS
10
-0.0853716535433071
20
2.4870157480314958
11
-0.0861261811023622
21
2.4907646850393701
0
LINE
8
BLACK
6
CONTINUOUS
10
-0.0861261811023622
20
2.4907646850393701
11
-0.086636062992126
21
2.4927437401574801
0
LINE
8
BLACK
6
CONTINUOUS
10
-0.086636062992126
20
2.4927437401574801
11
-0.0866577559055118
21
2.4928279921259842
0
LINE
8
BLACK
6
CONTINUOUS
10
-0.0866577559055118
20
2.4928279921259842
11
-0.0891140157480315
21
2.4979323228346457
0
LINE
8
BLACK
6
CONTINUOUS
10
-0.0891140157480315
20
2.4979323228346457
11
-0.0912462204724409
21
2.501107874015748
0
LINE
8
BLACK
6
CONTINUOUS
10
-0.0912462204724409
20
2.501107874015748
11
-0.091246968503937
21
2.5011088582677163
0
LINE
8
BLACK
6
CONTINUOUS
10
-0.091246968503937
20
2.5011088582677163
11
-0.0912472047244094
21
2.5011092125984251
0
LINE
8
BLACK
6
CONTINUOUS
10
-0.0912472047244094
20
2.5011092125984251
11
-0.092526811023622
21
2.502810590551181
0
LINE
8
BLACK
6
CONTINUOUS
10
-0.092526811023622
20
2.502810590551181
11
-0.0954327952755906
21
2.5054090551181103
0
LINE
8
BLACK
6
CONTINUOUS
10
-0.0954327952755906
20
2.5054090551181103
11
-0.0967494488188976
21
2.5065863779527557
0
LINE
8
BLACK
6
CONTINUOUS
10
-0.0967494488188976
20
2.5065863779527557
11
-0.0967495669291339
21
2.5065864566929132
0
LINE
8
BLACK
6
CONTINUOUS
10
-0.0967495669291339
20
2.5065864566929132
11
-0.0967496850393701
21
2.5065865748031495
0
LINE
8
BLACK
6
CONTINUOUS
10
-0.0967496850393701
20
2.5065865748031495
11
-0.0999342519685039
21
2.5087040157480316
0
LINE
8
BLACK
6
CONTINUOUS
10
-0.0999342519685039
20
2.5087040157480316
11
-0.0999352755905512
21
2.5087046850393699
0
LINE
8
BLACK
6
CONTINUOUS
10
-0.0999352755905512
20
2.5087046850393699
11
-0.1017692519685039
21
2.5097872047244092
0
LINE
8
BLACK
6
CONTINUOUS
10
-0.1017692519685039
20
2.5097872047244092
11
-0.107114842519685
21
2.5116594881889762
0
LINE
8
BLACK
6
CONTINUOUS
10
-0.107114842519685
20
2.5116594881889762
11
-0.1071156692913386
21
2.5116597244094487
0
LINE
8
BLACK
6
CONTINUOUS
10
-0.1071156692913386
20
2.5116597244094487
11
-0.1108674409448819
21
2.5123972440944882
0
LINE
8
BLACK
6
CONTINUOUS
10
-0.1108674409448819
20
2.5123972440944882
11
-0.1108682283464567
21
2.5123973622047244
0
LINE
8
BLACK
6
CONTINUOUS
10
-0.1108682283464567
20
2.5123973622047244
11
-0.1122535433070866
21
2.5125306692913387
0
LINE
8
BLACK
6
CONTINUOUS
10
-0.1122535433070866
20
2.5125306692913387
11
-0.1147518897637795
21
2.512771062992126
0
LINE
8
BLACK
6
CONTINUOUS
10
-0.1147518897637795
20
2.512771062992126
11
-0.1147520472440945
21
2.512771062992126
0
LINE
8
BLACK
6
CONTINUOUS
10
-0.1147520472440945
20
2.512771062992126
11
-0.1147524409448819
21
2.5127711023622048
0
LINE
8
BLACK
6
CONTINUOUS
10
-0.1147524409448819
20
2.5127711023622048
11
-0.6187681102362205
21
2.5116341732283463
0
LINE
8
BLACK
6
CONTINUOUS
10
-0.8039244881889763
20
2.6832676771653543
11
-0.8031120078740157
21
2.6770960629921259
0
LINE
8
BLACK
6
CONTINUOUS
10
-0.8031120078740157
20
2.6770960629921259
11
-0.803111968503937
21
2.6770959842519684
0
LINE
8
BLACK
6
CONTINUOUS
10
-0.803111968503937
20
2.6770959842519684
11
-0.8010946062992126
21
2.6722255905511809
0
LINE
8
BLACK
6
CONTINUOUS
10
-0.8010946062992126
20
2.6722255905511809
11
-0.8007297637795275
21
2.6713448425196851
0
LINE
8
BLACK
6
CONTINUOUS
10
-0.8007297637795275
20
2.6713448425196851
11
-0.7969402362204724
21
2.666406220472441
0
LINE
8
BLACK
6
CONTINUOUS
10
-0.7969402362204724
20
2.666406220472441
11
-0.7920016141732283
21
2.6626166929133857
0
LINE
8
BLACK
6
CONTINUOUS
10
-0.7920016141732283
20
2.6626166929133857
11
-0.7862504724409448
21
2.6602344881889763
0
LINE
8
BLACK
6
CONTINUOUS
10
-0.7862504724409448
20
2.6602344881889763
11
-0.7831646062992126
21
2.6598282283464565
0
LINE
8
BLACK
6
CONTINUOUS
10
-0.7831646062992126
20
2.6598282283464565
11
-0.780078779527559
21
2.6594219685039371
0
LINE
8
BLACK
6
CONTINUOUS
10
-0.780078779527559
20
2.6594219685039371
11
-0.7800787401574802
21
2.6594219685039371
0
LINE
8
BLACK
6
CONTINUOUS
10
-0.7800787401574802
20
2.6594219685039371
11
-0.7800787007874016
21
2.6594219685039371
0
LINE
8
BLACK
6
CONTINUOUS
10
-0.7800787007874016
20
2.6594219685039371
11
-0.7780214960629921
21
2.6596928346456692
0
LINE
8
BLACK
6
CONTINUOUS
10
-0.7780214960629921
20
2.6596928346456692
11
-0.7739070078740158
21
2.6602344881889763
0
LINE
8
BLACK
6
CONTINUOUS
10
-0.7739070078740158
20
2.6602344881889763
11
-0.7681558661417323
21
2.6626166929133857
0
LINE
8
BLACK
6
CONTINUOUS
10
-0.7681558661417323
20
2.6626166929133857
11
-0.7632172440944882
21
2.666406220472441
0
LINE
8
BLACK
6
CONTINUOUS
10
-0.7632172440944882
20
2.666406220472441
11
-0.762333031496063
21
2.667558622047244
0
LINE
8
BLACK
6
CONTINUOUS
10
-0.762333031496063
20
2.667558622047244
11
-0.7601114960629921
21
2.6691806692913387
0
LINE
8
BLACK
6
CONTINUOUS
10
-0.7601114960629921
20
2.6691806692913387
11
-0.75846
21
2.6694685039370079
0
LINE
8
BLACK
6
CONTINUOUS
10
-0.75846
20
2.6694685039370079
11
-0.668025905511811
21
2.6694685039370079
0
LINE
8
BLACK
6
CONTINUOUS
10
-0.668025905511811
20
2.6694685039370079
11
-0.6680258267716536
21
2.6694685039370079
0
LINE
8
BLACK
6
CONTINUOUS
10
-0.6680258267716536
20
2.6694685039370079
11
-0.664516220472441
21
2.6704088976377953
0
LINE
8
BLACK
6
CONTINUOUS
10
-0.664516220472441
20
2.6704088976377953
11
-0.6613696062992126
21
2.6722255905511809
0
LINE
8
BLACK
6
CONTINUOUS
10
-0.6613696062992126
20
2.6722255905511809
11
-0.452958188976378
21
2.8806370866141733
0
LINE
8
BLACK
6
CONTINUOUS
10
-0.452958188976378
20
2.8806370866141733
11
-0.4505438976377953
21
2.8819553543307084
0
LINE
8
BLACK
6
CONTINUOUS
10
-0.4505438976377953
20
2.8819553543307084
11
-0.4495061811023622
21
2.8820669291338583
0
LINE
8
BLACK
6
CONTINUOUS
10
-0.4495061811023622
20
2.8820669291338583
11
-0.4297550787401574
21
2.8820669291338583
0
LINE
8
BLACK
6
CONTINUOUS
10
-0.4297550787401574
20
2.8820669291338583
11
-0.427115748031496
21
2.8812919291338583
0
LINE
8
BLACK
6
CONTINUOUS
10
-0.427115748031496
20
2.8812919291338583
11
-0.4253143700787401
21
2.8792130314960631
0
LINE
8
BLACK
6
CONTINUOUS
10
-0.4253143700787401
20
2.8792130314960631
11
-0.4250709842519685
21
2.8785605118110236
0
LINE
8
BLACK
6
CONTINUOUS
10
-0.4250709842519685
20
2.8785605118110236
11
-0.4246302755905512
21
2.8770597244094489
0
LINE
8
BLACK
6
CONTINUOUS
10
-0.4246302755905512
20
2.8770597244094489
11
-0.4246302362204724
21
2.8770596062992126
0
LINE
8
BLACK
6
CONTINUOUS
10
-0.4246302362204724
20
2.8770596062992126
11
-0.4222790551181102
21
2.8719111811023623
0
LINE
8
BLACK
6
CONTINUOUS
10
-0.4222790551181102
20
2.8719111811023623
11
-0.4222787007874015
21
2.8719105511811023
0
LINE
8
BLACK
6
CONTINUOUS
10
-0.4222787007874015
20
2.8719105511811023
11
-0.421033937007874
21
2.8699737007874013
0
LINE
8
BLACK
6
CONTINUOUS
10
-0.421033937007874
20
2.8699737007874013
11
-0.4210335039370079
21
2.8699730708661417
0
LINE
8
BLACK
6
CONTINUOUS
10
-0.4210335039370079
20
2.8699730708661417
11
-0.4181917716535433
21
2.8666935826771653
0
LINE
8
BLACK
6
CONTINUOUS
10
-0.4181917716535433
20
2.8666935826771653
11
-0.417326968503937
21
2.8656955118110234
0
LINE
8
BLACK
6
CONTINUOUS
10
-0.417326968503937
20
2.8656955118110234
11
-0.4155866141732283
21
2.8641874803149605
0
LINE
8
BLACK
6
CONTINUOUS
10
-0.4155866141732283
20
2.8641874803149605
11
-0.4155865748031496
21
2.8641874409448818
0
LINE
8
BLACK
6
CONTINUOUS
10
-0.4155865748031496
20
2.8641874409448818
11
-0.410824842519685
21
2.8611272440944879
0
LINE
8
BLACK
6
CONTINUOUS
10
-0.410824842519685
20
2.8611272440944879
11
-0.4108247637795275
21
2.8611272440944879
0
LINE
8
BLACK
6
CONTINUOUS
10
-0.4108247637795275
20
2.8611272440944879
11
-0.4108246062992126
21
2.8611271259842521
0
LINE
8
BLACK
6
CONTINUOUS
10
-0.4108246062992126
20
2.8611271259842521
11
-0.4087299212598425
21
2.8601705118110234
0
LINE
8
BLACK
6
CONTINUOUS
10
-0.4087299212598425
20
2.8601705118110234
11
-0.4032986220472441
21
2.8585757480314959
0
LINE
8
BLACK
6
CONTINUOUS
10
-0.4032986220472441
20
2.8585757480314959
11
-0.4010192519685039
21
2.8582480314960628
0
LINE
8
BLACK
6
CONTINUOUS
10
-0.4010192519685039
20
2.8582480314960628
11
-0.4010191338582677
21
2.8582480314960628
0
LINE
8
BLACK
6
CONTINUOUS
10
-0.4010191338582677
20
2.8582480314960628
11
-0.3785038188976378
21
2.8582480314960628
0
LINE
8
BLACK
6
CONTINUOUS
10
-0.3785038188976378
20
2.8582480314960628
11
-0.3785038188976378
21
2.8582480708661415
0
LINE
8
BLACK
6
CONTINUOUS
10
-0.3785038188976378
20
2.8582480708661415
11
-0.3767036220472441
21
2.858450866141732
0
LINE
8
BLACK
6
CONTINUOUS
10
-0.3767036220472441
20
2.858450866141732
11
-0.3734595669291338
21
2.8600131496062993
0
LINE
8
BLACK
6
CONTINUOUS
10
-0.3734595669291338
20
2.8600131496062993
11
-0.3712146062992126
21
2.8628282283464568
0
LINE
8
BLACK
6
CONTINUOUS
10
-0.3712146062992126
20
2.8628282283464568
11
-0.3704133858267716
21
2.8663385826771655
0
LINE
8
BLACK
6
CONTINUOUS
10
-0.3704133858267716
20
2.8663385826771655
11
-0.3704133858267716
21
2.8836878740157479
0
LINE
8
BLACK
6
CONTINUOUS
10
-0.3704133858267716
20
2.8836878740157479
11
-0.3703637007874016
21
2.8843826377952757
0
LINE
8
BLACK
6
CONTINUOUS
10
-0.3703637007874016
20
2.8843826377952757
11
-0.3702933070866142
21
2.8848722047244095
0
LINE
8
BLACK
6
CONTINUOUS
10
-0.3702933070866142
20
2.8848722047244095
11
-0.3702933070866142
21
2.887175
0
LINE
8
BLACK
6
CONTINUOUS
10
-0.3702933070866142
20
2.887175
11
-0.3703637401574803
21
2.8876646456692914
0
LINE
8
BLACK
6
CONTINUOUS
10
-0.3703637401574803
20
2.8876646456692914
11
-0.3704133858267716
21
2.8883593307086612
0
LINE
8
BLACK
6
CONTINUOUS
10
-0.3704133858267716
20
2.8883593307086612
11
-0.3704133858267716
21
2.9033729527559053
0
LINE
8
BLACK
6
CONTINUOUS
10
-0.3704133858267716
20
2.9033729527559053
11
-0.3703637007874016
21
2.9040677165354332
0
LINE
8
BLACK
6
CONTINUOUS
10
-0.3703637007874016
20
2.9040677165354332
11
-0.3702933070866142
21
2.904557283464567
0
LINE
8
BLACK
6
CONTINUOUS
10
-0.3702933070866142
20
2.904557283464567
11
-0.3702933070866142
21
2.9068600787401575
0
LINE
8
BLACK
6
CONTINUOUS
10
-0.3702933070866142
20
2.9068600787401575
11
-0.3703637007874016
21
2.9073497244094488
0
LINE
8
BLACK
6
CONTINUOUS
10
-0.3703637007874016
20
2.9073497244094488
11
-0.3704133858267716
21
2.9080444488188975
0
LINE
8
BLACK
6
CONTINUOUS
10
-0.3704133858267716
20
2.9080444488188975
11
-0.3704133858267716
21
2.9253938188976378
0
LINE
8
BLACK
6
CONTINUOUS
10
-0.3704133858267716
20
2.9253938188976378
11
-0.3704134251968504
21
2.9253938976377953
0
LINE
8
BLACK
6
CONTINUOUS
10
-0.3704134251968504
20
2.9253938976377953
11
-0.3704858661417323
21
2.9260367716535431
0
LINE
8
BLACK
6
CONTINUOUS
10
-0.3704858661417323
20
2.9260367716535431
11
-0.3706162204724409
21
2.9271940157480314
0
LINE
8
BLACK
6
CONTINUOUS
10
-0.3706162204724409
20
2.9271940157480314
11
-0.3707851968503937
21
2.9275448818897636
0
LINE
8
BLACK
6
CONTINUOUS
10
-0.3707851968503937
20
2.9275448818897636
11
-0.3721785039370079
21
2.9304380708661415
0
LINE
8
BLACK
6
CONTINUOUS
10
-0.3721785039370079
20
2.9304380708661415
11
-0.3749935826771654
21
2.932683031496063
0
LINE
8
BLACK
6
CONTINUOUS
10
-0.3749935826771654
20
2.932683031496063
11
-0.378503779527559
21
2.9334842519685038
0
LINE
8
BLACK
6
CONTINUOUS
10
-0.378503779527559
20
2.9334842519685038
11
-0.378503937007874
21
2.9334842519685038
0
LINE
8
BLACK
6
CONTINUOUS
10
-0.378503937007874
20
2.9334842519685038
11
-0.4010192519685039
21
2.9334842519685038
0
LINE
8
BLACK
6
CONTINUOUS
10
-0.4010192519685039
20
2.9334842519685038
11
-0.4010193307086614
21
2.9334842519685038
0
LINE
8
BLACK
6
CONTINUOUS
10
-0.4010193307086614
20
2.9334842519685038
11
-0.4032983464566929
21
2.9331566141732281
0
LINE
8
BLACK
6
CONTINUOUS
10
-0.4032983464566929
20
2.9331566141732281
11
-0.4032988188976378
21
2.9331564960629919
0
LINE
8
BLACK
6
CONTINUOUS
10
-0.4032988188976378
20
2.9331564960629919
11
-0.4087299212598425
21
2.9315617716535431
0
LINE
8
BLACK
6
CONTINUOUS
10
-0.4087299212598425
20
2.9315617716535431
11
-0.4108246062992126
21
2.9306051574803149
0
LINE
8
BLACK
6
CONTINUOUS
10
-0.4108246062992126
20
2.9306051574803149
11
-0.410824842519685
21
2.9306050787401574
0
LINE
8
BLACK
6
CONTINUOUS
10
-0.410824842519685
20
2.9306050787401574
11
-0.4155865748031496
21
2.9275448818897636
0
LINE
8
BLACK
6
CONTINUOUS
10
-0.4155865748031496
20
2.9275448818897636
11
-0.4155866141732283
21
2.9275448425196848
0
LINE
8
BLACK
6
CONTINUOUS
10
-0.4155866141732283
20
2.9275448425196848
11
-0.4173270866141732
21
2.9260366535433069
0
LINE
8
BLACK
6
CONTINUOUS
10
-0.4173270866141732
20
2.9260366535433069
11
-0.4210335039370079
21
2.9217592519685041
0
LINE
8
BLACK
6
CONTINUOUS
10
-0.4210335039370079
20
2.9217592519685041
11
-0.421033937007874
21
2.921758622047244
0
LINE
8
BLACK
6
CONTINUOUS
10
-0.421033937007874
20
2.921758622047244
11
-0.4222787007874015
21
2.9198217716535431
0
LINE
8
BLACK
6
CONTINUOUS
10
-0.4222787007874015
20
2.9198217716535431
11
-0.4222790551181102
21
2.9198211417322835
0
LINE
8
BLACK
6
CONTINUOUS
10
-0.4222790551181102
20
2.9198211417322835
11
-0.4246302362204724
21
2.9146727165354331
0
LINE
8
BLACK
6
CONTINUOUS
10
-0.4246302362204724
20
2.9146727165354331
11
-0.4246302755905512
21
2.9146725984251969
0
LINE
8
BLACK
6
CONTINUOUS
10
-0.4246302755905512
20
2.9146725984251969
11
-0.4250709842519685
21
2.9131717716535435
0
LINE
8
BLACK
6
CONTINUOUS
10
-0.4250709842519685
20
2.9131717716535435
11
-0.4265581889763779
21
2.9108576771653545
0
LINE
8
BLACK
6
CONTINUOUS
10
-0.4265581889763779
20
2.9108576771653545
11
-0.4290603937007874
21
2.9097150393700786
0
LINE
8
BLACK
6
CONTINUOUS
10
-0.4290603937007874
20
2.9097150393700786
11
-0.4297550787401574
21
2.9096653543307087
0
LINE
8
BLACK
6
CONTINUOUS
10
-0.4297550787401574
20
2.9096653543307087
11
-0.4590607874015748
21
2.9096653543307087
0
LINE
8
BLACK
6
CONTINUOUS
10
-0.4590607874015748
20
2.9096653543307087
11
-0.4625703937007874
21
2.9087249606299213
0
LINE
8
BLACK
6
CONTINUOUS
10
-0.4625703937007874
20
2.9087249606299213
11
-0.4625704330708661
21
2.9087249606299213
0
LINE
8
BLACK
6
CONTINUOUS
10
-0.4625704330708661
20
2.9087249606299213
11
-0.4625705118110236
21
2.9087249212598425
0
LINE
8
BLACK
6
CONTINUOUS
10
-0.4625705118110236
20
2.9087249212598425
11
-0.4625706299212599
21
2.9087248818897637
0
LINE
8
BLACK
6
CONTINUOUS
10
-0.4625706299212599
20
2.9087248818897637
11
-0.4657167716535433
21
2.9069084251968502
0
LINE
8
BLACK
6
CONTINUOUS
10
-0.4657167716535433
20
2.9069084251968502
11
-0.465717125984252
21
2.906908149606299
0
LINE
8
BLACK
6
CONTINUOUS
10
-0.465717125984252
20
2.906908149606299
11
-0.6741284645669291
21
2.698496811023622
0
LINE
8
BLACK
6
CONTINUOUS
10
-0.6741284645669291
20
2.698496811023622
11
-0.6765427559055118
21
2.6971785039370078
0
LINE
8
BLACK
6
CONTINUOUS
10
-0.6765427559055118
20
2.6971785039370078
11
-0.6775804724409449
21
2.6970669291338583
0
LINE
8
BLACK
6
CONTINUOUS
10
-0.6775804724409449
20
2.6970669291338583
11
-0.75846
21
2.6970669291338583
0
LINE
8
BLACK
6
CONTINUOUS
10
-0.75846
20
2.6970669291338583
11
-0.7610993307086614
21
2.6978419291338582
0
LINE
8
BLACK
6
CONTINUOUS
10
-0.7610993307086614
20
2.6978419291338582
11
-0.7623329921259843
21
2.6989768110236221
0
LINE
8
BLACK
6
CONTINUOUS
10
-0.7623329921259843
20
2.6989768110236221
11
-0.7632172440944882
21
2.7001292125984251
0
LINE
8
BLACK
6
CONTINUOUS
10
-0.7632172440944882
20
2.7001292125984251
11
-0.7681558661417323
21
2.7039187401574805
0
LINE
8
BLACK
6
CONTINUOUS
10
-0.7681558661417323
20
2.7039187401574805
11
-0.7718329921259842
21
2.7054418503937008
0
LINE
8
BLACK
6
CONTINUOUS
10
-0.7718329921259842
20
2.7054418503937008
11
-0.7739070078740158
21
2.7063009448818898
0
LINE
8
BLACK
6
CONTINUOUS
10
-0.7739070078740158
20
2.7063009448818898
11
-0.7739070866141732
21
2.7063009842519685
0
LINE
8
BLACK
6
CONTINUOUS
10
-0.7739070866141732
20
2.7063009842519685
11
-0.7800787007874016
21
2.707113464566929
0
LINE
8
BLACK
6
CONTINUOUS
10
-0.7800787007874016
20
2.707113464566929
11
-0.780078779527559
21
2.707113464566929
0
LINE
8
BLACK
6
CONTINUOUS
10
-0.780078779527559
20
2.707113464566929
11
-0.7862504330708662
21
2.7063009842519685
0
LINE
8
BLACK
6
CONTINUOUS
10
-0.7862504330708662
20
2.7063009842519685
11
-0.7862505118110236
21
2.7063009448818898
0
LINE
8
BLACK
6
CONTINUOUS
10
-0.7862505118110236
20
2.7063009448818898
11
-0.7920015748031496
21
2.7039187795275592
0
LINE
8
BLACK
6
CONTINUOUS
10
-0.7920015748031496
20
2.7039187795275592
11
-0.7969402362204724
21
2.7001292125984251
0
LINE
8
BLACK
6
CONTINUOUS
10
-0.7969402362204724
20
2.7001292125984251
11
-0.8007298031496063
21
2.6951905511811023
0
LINE
8
BLACK
6
CONTINUOUS
10
-0.8007298031496063
20
2.6951905511811023
11
-0.803111968503937
21
2.6894394881889765
0
LINE
8
BLACK
6
CONTINUOUS
10
-0.803111968503937
20
2.6894394881889765
11
-0.8031120078740157
21
2.689439409448819
0
LINE
8
BLACK
6
CONTINUOUS
10
-0.8031120078740157
20
2.689439409448819
11
-0.8039244881889763
21
2.6832677952755906
0
LINE
8
BLACK
6
CONTINUOUS
10
-0.8039244881889763
20
2.6832677952755906
11
-0.8039244881889763
21
2.6832676771653543
0
LINE
8
BLACK
6
CONTINUOUS
10
-0.4492322834645669
20
0.0839668897637795
11
-0.4482501574803149
21
0.0765072834645669
0
LINE
8
BLACK
6
CONTINUOUS
10
-0.4482501574803149
20
0.0765072834645669
11
-0.4480530708661417
21
0.0750103149606299
0
LINE
8
BLACK
6
CONTINUOUS
10
-0.4480530708661417
20
0.0750103149606299
11
-0.448053031496063
21
0.0750102362204724
0
LINE
8
BLACK
6
CONTINUOUS
10
-0.448053031496063
20
0.0750102362204724
11
-0.4457148818897638
21
0.0662839763779528
0
LINE
8
BLACK
6
CONTINUOUS
10
-0.4457148818897638
20
0.0662839763779528
11
-0.442257874015748
21
0.0579379527559055
0
LINE
8
BLACK
6
CONTINUOUS
10
-0.442257874015748
20
0.0579379527559055
11
-0.4422575984251969
21
0.0579374015748031
0
LINE
8
BLACK
6
CONTINUOUS
10
-0.4422575984251969
20
0.0579374015748031
11
-0.4377404724409449
21
0.0501135039370079
0
LINE
8
BLACK
6
CONTINUOUS
10
-0.4377404724409449
20
0.0501135039370079
11
-0.432240905511811
21
0.0429464173228346
0
LINE
8
BLACK
6
CONTINUOUS
10
-0.432240905511811
20
0.0429464173228346
11
-0.4322405905511811
21
0.042946062992126
0
LINE
8
BLACK
6
CONTINUOUS
10
-0.4322405905511811
20
0.042946062992126
11
-0.4258531496062992
21
0.0365586220472441
0
LINE
8
BLACK
6
CONTINUOUS
10
-0.4258531496062992
20
0.0365586220472441
11
-0.4258528346456693
21
0.0365583464566929
0
LINE
8
BLACK
6
CONTINUOUS
10
-0.4258528346456693
20
0.0365583464566929
11
-0.4186857480314961
21
0.0310587795275591
0
LINE
8
BLACK
6
CONTINUOUS
10
-0.4186857480314961
20
0.0310587795275591
11
-0.4186856299212598
21
0.0310587401574803
0
LINE
8
BLACK
6
CONTINUOUS
10
-0.4186856299212598
20
0.0310587401574803
11
-0.4186855118110236
21
0.0310586220472441
0
LINE
8
BLACK
6
CONTINUOUS
10
-0.4186855118110236
20
0.0310586220472441
11
-0.4108617322834646
21
0.0265415748031496
0
LINE
8
BLACK
6
CONTINUOUS
10
-0.4108617322834646
20
0.0265415748031496
11
-0.4108615354330709
21
0.0265414960629921
0
LINE
8
BLACK
6
CONTINUOUS
10
-0.4108615354330709
20
0.0265414960629921
11
-0.4108612992125984
21
0.0265413779527559
0
LINE
8
BLACK
6
CONTINUOUS
10
-0.4108612992125984
20
0.0265413779527559
11
-0.4072645669291339
21
0.0250515748031496
0
LINE
8
BLACK
6
CONTINUOUS
10
-0.4072645669291339
20
0.0250515748031496
11
-0.4025152362204724
21
0.0230843307086614
0
LINE
8
BLACK
6
CONTINUOUS
10
-0.4025152362204724
20
0.0230843307086614
11
-0.3937888976377953
21
0.0207461417322835
0
LINE
8
BLACK
6
CONTINUOUS
10
-0.3937888976377953
20
0.0207461417322835
11
-0.3848320472440945
21
0.0195669291338583
0
LINE
8
BLACK
6
CONTINUOUS
10
-0.3848320472440945
20
0.0195669291338583
11
-0.3848317716535433
21
0.0195669291338583
0
LINE
8
BLACK
6
CONTINUOUS
10
-0.3848317716535433
20
0.0195669291338583
11
-0.3757981496062992
21
0.0195669291338583
0
LINE
8
BLACK
6
CONTINUOUS
10
-0.3757981496062992
20
0.0195669291338583
11
-0.375797874015748
21
0.0195669291338583
0
LINE
8
BLACK
6
CONTINUOUS
10
-0.375797874015748
20
0.0195669291338583
11
-0.3668410236220472
21
0.0207461417322835
0
LINE
8
BLACK
6
CONTINUOUS
10
-0.3668410236220472
20
0.0207461417322835
11
-0.3581146850393701
21
0.0230843307086614
0
LINE
8
BLACK
6
CONTINUOUS
10
-0.3581146850393701
20
0.0230843307086614
11
-0.349768188976378
21
0.0265415748031496
0
LINE
8
BLACK
6
CONTINUOUS
10
-0.349768188976378
20
0.0265415748031496
11
-0.3419444094488189
21
0.0310586220472441
0
LINE
8
BLACK
6
CONTINUOUS
10
-0.3419444094488189
20
0.0310586220472441
11
-0.334777125984252
21
0.0365583070866142
0
LINE
8
BLACK
6
CONTINUOUS
10
-0.334777125984252
20
0.0365583070866142
11
-0.334776968503937
21
0.0365585039370079
0
LINE
8
BLACK
6
CONTINUOUS
10
-0.334776968503937
20
0.0365585039370079
11
-0.3347767716535433
21
0.0365586220472441
0
LINE
8
BLACK
6
CONTINUOUS
10
-0.3347767716535433
20
0.0365586220472441
11
-0.3283893307086614
21
0.042946062992126
0
LINE
8
BLACK
6
CONTINUOUS
10
-0.3283893307086614
20
0.042946062992126
11
-0.3283892125984252
21
0.0429462598425197
0
LINE
8
BLACK
6
CONTINUOUS
10
-0.3283892125984252
20
0.0429462598425197
11
-0.3283890157480315
21
0.0429464173228346
0
LINE
8
BLACK
6
CONTINUOUS
10
-0.3283890157480315
20
0.0429464173228346
11
-0.3228893307086614
21
0.0501137007874016
0
LINE
8
BLACK
6
CONTINUOUS
10
-0.3228893307086614
20
0.0501137007874016
11
-0.3183722834645669
21
0.0579374803149606
0
LINE
8
BLACK
6
CONTINUOUS
10
-0.3183722834645669
20
0.0579374803149606
11
-0.3149150393700788
21
0.0662839763779528
0
LINE
8
BLACK
6
CONTINUOUS
10
-0.3149150393700788
20
0.0662839763779528
11
-0.3125768503937008
21
0.0750103149606299
0
LINE
8
BLACK
6
CONTINUOUS
10
-0.3125768503937008
20
0.0750103149606299
11
-0.3113976377952756
21
0.0839671653543307
0
LINE
8
BLACK
6
CONTINUOUS
10
-0.3113976377952756
20
0.0839671653543307
11
-0.3113976377952756
21
0.0930013385826772
0
LINE
8
BLACK
6
CONTINUOUS
10
-0.3113976377952756
20
0.0930013385826772
11
-0.3125768503937008
21
0.101958188976378
0
LINE
8
BLACK
6
CONTINUOUS
10
-0.3125768503937008
20
0.101958188976378
11
-0.3149150393700788
21
0.1106845275590551
0
LINE
8
BLACK
6
CONTINUOUS
10
-0.3149150393700788
20
0.1106845275590551
11
-0.3183722834645669
21
0.1190310236220472
0
LINE
8
BLACK
6
CONTINUOUS
10
-0.3183722834645669
20
0.1190310236220472
11
-0.3228893307086614
21
0.1268548031496063
0
LINE
8
BLACK
6
CONTINUOUS
10
-0.3228893307086614
20
0.1268548031496063
11
-0.3228894488188976
21
0.1268549212598425
0
LINE
8
BLACK
6
CONTINUOUS
10
-0.3228894488188976
20
0.1268549212598425
11
-0.3228894881889764
21
0.1268550393700787
0
LINE
8
BLACK
6
CONTINUOUS
10
-0.3228894881889764
20
0.1268550393700787
11
-0.3283890551181102
21
0.134022125984252
0
LINE
8
BLACK
6
CONTINUOUS
10
-0.3283890551181102
20
0.134022125984252
11
-0.3283893307086614
21
0.1340224409448819
0
LINE
8
BLACK
6
CONTINUOUS
10
-0.3283893307086614
20
0.1340224409448819
11
-0.3347767716535433
21
0.1404098818897638
0
LINE
8
BLACK
6
CONTINUOUS
10
-0.3347767716535433
20
0.1404098818897638
11
-0.334777125984252
21
0.1404101968503937
0
LINE
8
BLACK
6
CONTINUOUS
10
-0.334777125984252
20
0.1404101968503937
11
-0.3419442125984252
21
0.1459097637795276
0
LINE
8
BLACK
6
CONTINUOUS
10
-0.3419442125984252
20
0.1459097637795276
11
-0.3497681102362205
21
0.1504268897637795
0
LINE
8
BLACK
6
CONTINUOUS
10
-0.3497681102362205
20
0.1504268897637795
11
-0.3497686614173228
21
0.1504271653543307
0
LINE
8
BLACK
6
CONTINUOUS
10
-0.3497686614173228
20
0.1504271653543307
11
-0.3581146850393701
21
0.1538841732283465
0
LINE
8
BLACK
6
CONTINUOUS
10
-0.3581146850393701
20
0.1538841732283465
11
-0.3668410236220472
21
0.1562223622047244
0
LINE
8
BLACK
6
CONTINUOUS
10
-0.3668410236220472
20
0.1562223622047244
11
-0.3683379921259842
21
0.1564194488188976
0
LINE
8
BLACK
6
CONTINUOUS
10
-0.3683379921259842
20
0.1564194488188976
11
-0.3757975984251968
21
0.1574015748031496
0
LINE
8
BLACK
6
CONTINUOUS
10
-0.3757975984251968
20
0.1574015748031496
11
-0.375797874015748
21
0.1574015748031496
0
LINE
8
BLACK
6
CONTINUOUS
10
-0.375797874015748
20
0.1574015748031496
11
-0.3848320472440945
21
0.1574015748031496
0
LINE
8
BLACK
6
CONTINUOUS
10
-0.3848320472440945
20
0.1574015748031496
11
-0.3848323622047244
21
0.1574015748031496
0
LINE
8
BLACK
6
CONTINUOUS
10
-0.3848323622047244
20
0.1574015748031496
11
-0.3933576771653543
21
0.1562791732283464
0
LINE
8
BLACK
6
CONTINUOUS
10
-0.3933576771653543
20
0.1562791732283464
11
-0.3937888976377953
21
0.1562223622047244
0
LINE
8
BLACK
6
CONTINUOUS
10
-0.3937888976377953
20
0.1562223622047244
11
-0.3974773228346457
21
0.155234094488189
0
LINE
8
BLACK
6
CONTINUOUS
10
-0.3974773228346457
20
0.155234094488189
11
-0.4025152755905512
21
0.1538841732283465
0
LINE
8
BLACK
6
CONTINUOUS
10
-0.4025152755905512
20
0.1538841732283465
11
-0.4108612992125984
21
0.1504271653543307
0
LINE
8
BLACK
6
CONTINUOUS
10
-0.4108612992125984
20
0.1504271653543307
11
-0.4108618503937008
21
0.1504268897637795
0
LINE
8
BLACK
6
CONTINUOUS
10
-0.4108618503937008
20
0.1504268897637795
11
-0.4186857480314961
21
0.1459097637795276
0
LINE
8
BLACK
6
CONTINUOUS
10
-0.4186857480314961
20
0.1459097637795276
11
-0.4258528346456693
21
0.1404101968503937
0
LINE
8
BLACK
6
CONTINUOUS
10
-0.4258528346456693
20
0.1404101968503937
11
-0.432240905511811
21
0.134022125984252
0
LINE
8
BLACK
6
CONTINUOUS
10
-0.432240905511811
20
0.134022125984252
11
-0.4377404724409449
21
0.1268550393700787
0
LINE
8
BLACK
6
CONTINUOUS
10
-0.4377404724409449
20
0.1268550393700787
11
-0.4422575984251969
21
0.1190311417322835
0
LINE
8
BLACK
6
CONTINUOUS
10
-0.4422575984251969
20
0.1190311417322835
11
-0.442257874015748
21
0.1190305905511811
0
LINE
8
BLACK
6
CONTINUOUS
10
-0.442257874015748
20
0.1190305905511811
11
-0.4457148818897638
21
0.1106845669291339
0
LINE
8
BLACK
6
CONTINUOUS
10
-0.4457148818897638
20
0.1106845669291339
11
-0.448053031496063
21
0.1019583070866142
0
LINE
8
BLACK
6
CONTINUOUS
10
-0.448053031496063
20
0.1019583070866142
11
-0.4480531102362205
21
0.101957874015748
0
LINE
8
BLACK
6
CONTINUOUS
10
-0.4480531102362205
20
0.101957874015748
11
-0.4492322834645669
21
0.0930016535433071
0
LINE
8
BLACK
6
CONTINUOUS
10
-0.4492322834645669
20
0.0930016535433071
11
-0.4492322834645669
21
0.0839668897637795
0
LINE
8
BLACK
6
CONTINUOUS
10
-0.4578152362204724
20
0.3202284251968504
11
-0.4578152362204724
21
0.3202283858267717
0
LINE
8
BLACK
6
CONTINUOUS
10
-0.4578152362204724
20
0.3202283858267717
11
-0.4556562992125984
21
0.3147537401574803
0
LINE
8
BLACK
6
CONTINUOUS
10
-0.4556562992125984
20
0.3147537401574803
11
-0.4521005905511811
21
0.3100648031496063
0
LINE
8
BLACK
6
CONTINUOUS
10
-0.4521005905511811
20
0.3100648031496063
11
-0.4474116535433071
21
0.306509094488189
0
LINE
8
BLACK
6
CONTINUOUS
10
-0.4474116535433071
20
0.306509094488189
11
-0.441936968503937
21
0.304350157480315
0
LINE
8
BLACK
6
CONTINUOUS
10
-0.441936968503937
20
0.304350157480315
11
-0.4384967716535433
21
0.3039370078740157
0
LINE
8
BLACK
6
CONTINUOUS
10
-0.4384967716535433
20
0.3039370078740157
11
-0.4370669291338583
21
0.3039370078740157
0
LINE
8
BLACK
6
CONTINUOUS
10
-0.4370669291338583
20
0.3039370078740157
11
-0.4370669291338583
21
0.3157970078740158
0
LINE
8
BLACK
6
CONTINUOUS
10
-0.4370669291338583
20
0.3157970078740158
11
-0.4404932677165354
21
0.3164785039370079
0
LINE
8
BLACK
6
CONTINUOUS
10
-0.4404932677165354
20
0.3164785039370079
11
-0.4436065748031496
21
0.3185587795275591
0
LINE
8
BLACK
6
CONTINUOUS
10
-0.4436065748031496
20
0.3185587795275591
11
-0.4456868503937008
21
0.3216720866141732
0
LINE
8
BLACK
6
CONTINUOUS
10
-0.4456868503937008
20
0.3216720866141732
11
-0.4464173228346456
21
0.3253444881889764
0
LINE
8
BLACK
6
CONTINUOUS
10
-0.4464173228346456
20
0.3253444881889764
11
-0.4464173228346456
21
0.3334645669291338
0
LINE
8
BLACK
6
CONTINUOUS
10
-0.4464173228346456
20
0.3334645669291338
11
-0.4582283464566929
21
0.3334645669291338
0
LINE
8
BLACK
6
CONTINUOUS
10
-0.4582283464566929
20
0.3334645669291338
11
-0.4582283464566929
21
0.3236685826771654
0
LINE
8
BLACK
6
CONTINUOUS
10
-0.4582283464566929
20
0.3236685826771654
11
-0.4578152362204724
21
0.3202284251968504
0
LINE
8
BLACK
6
CONTINUOUS
10
-0.4582283464566929
20
0.3531496062992126
11
-0.4464173228346456
21
0.3531496062992126
0
LINE
8
BLACK
6
CONTINUOUS
10
-0.4464173228346456
20
0.3531496062992126
11
-0.4464173228346456
21
0.3612696850393701
0
LINE
8
BLACK
6
CONTINUOUS
10
-0.4464173228346456
20
0.3612696850393701
11
-0.4456868503937008
21
0.3649420866141732
0
LINE
8
BLACK
6
CONTINUOUS
10
-0.4456868503937008
20
0.3649420866141732
11
-0.4436065748031496
21
0.3680553937007874
0
LINE
8
BLACK
6
CONTINUOUS
10
-0.4436065748031496
20
0.3680553937007874
11
-0.4404932677165354
21
0.3701356692913386
0
LINE
8
BLACK
6
CONTINUOUS
10
-0.4404932677165354
20
0.3701356692913386
11
-0.4370669291338583
21
0.3708172047244094
0
LINE
8
BLACK
6
CONTINUOUS
10
-0.4370669291338583
20
0.3708172047244094
11
-0.4370669291338583
21
0.3826771653543307
0
LINE
8
BLACK
6
CONTINUOUS
10
-0.4370669291338583
20
0.3826771653543307
11
-0.4384967716535433
21
0.3826771653543307
0
LINE
8
BLACK
6
CONTINUOUS
10
-0.4384967716535433
20
0.3826771653543307
11
-0.441936968503937
21
0.3822640551181102
0
LINE
8
BLACK
6
CONTINUOUS
10
-0.441936968503937
20
0.3822640551181102
11
-0.4419370078740157
21
0.3822640551181102
0
LINE
8
BLACK
6
CONTINUOUS
10
-0.4419370078740157
20
0.3822640551181102
11
-0.4474116535433071
21
0.3801051181102362
0
LINE
8
BLACK
6
CONTINUOUS
10
-0.4474116535433071
20
0.3801051181102362
11
-0.4521005905511811
21
0.3765494094488189
0
LINE
8
BLACK
6
CONTINUOUS
10
-0.4521005905511811
20
0.3765494094488189
11
-0.4556562992125984
21
0.3718604724409449
0
LINE
8
BLACK
6
CONTINUOUS
10
-0.4556562992125984
20
0.3718604724409449
11
-0.4578152362204724
21
0.3663858267716535
0
LINE
8
BLACK
6
CONTINUOUS
10
-0.4578152362204724
20
0.3663858267716535
11
-0.4578152362204724
21
0.3663857874015748
0
LINE
8
BLACK
6
CONTINUOUS
10
-0.4578152362204724
20
0.3663857874015748
11
-0.4582283464566929
21
0.3629456299212598
0
LINE
8
BLACK
6
CONTINUOUS
10
-0.4582283464566929
20
0.3629456299212598
11
-0.4582283464566929
21
0.3531496062992126
0
LINE
8
BLACK
6
CONTINUOUS
10
-0.438996062992126
20
0.7371540157480315
11
-0.4377495669291339
21
0.7276856299212598
0
LINE
8
BLACK
6
CONTINUOUS
10
-0.4377495669291339
20
0.7276856299212598
11
-0.4352776771653543
21
0.7184604724409449
0
LINE
8
BLACK
6
CONTINUOUS
10
-0.4352776771653543
20
0.7184604724409449
11
-0.4316231102362205
21
0.7096375984251968
0
LINE
8
BLACK
6
CONTINUOUS
10
-0.4316231102362205
20
0.7096375984251968
11
-0.4316229921259843
21
0.7096373228346456
0
LINE
8
BLACK
6
CONTINUOUS
10
-0.4316229921259843
20
0.7096373228346456
11
-0.426847874015748
21
0.7013665748031496
0
LINE
8
BLACK
6
CONTINUOUS
10
-0.426847874015748
20
0.7013665748031496
11
-0.4268477952755905
21
0.7013664566929134
0
LINE
8
BLACK
6
CONTINUOUS
10
-0.4268477952755905
20
0.7013664566929134
11
-0.4268477559055118
21
0.7013664173228347
0
LINE
8
BLACK
6
CONTINUOUS
10
-0.4268477559055118
20
0.7013664173228347
11
-0.4210341338582677
21
0.6937899212598425
0
LINE
8
BLACK
6
CONTINUOUS
10
-0.4210341338582677
20
0.6937899212598425
11
-0.4210338976377953
21
0.6937896456692914
0
LINE
8
BLACK
6
CONTINUOUS
10
-0.4210338976377953
20
0.6937896456692914
11
-0.4142812598425197
21
0.6870370078740158
0
LINE
8
BLACK
6
CONTINUOUS
10
-0.4142812598425197
20
0.6870370078740158
11
-0.4142810236220472
21
0.687036811023622
0
LINE
8
BLACK
6
CONTINUOUS
10
-0.4142810236220472
20
0.687036811023622
11
-0.4067042913385827
21
0.6812229921259843
0
LINE
8
BLACK
6
CONTINUOUS
10
-0.4067042913385827
20
0.6812229921259843
11
-0.3984335433070866
21
0.676447874015748
0
LINE
8
BLACK
6
CONTINUOUS
10
-0.3984335433070866
20
0.676447874015748
11
-0.3896102362204724
21
0.6727931496062992
0
LINE
8
BLACK
6
CONTINUOUS
10
-0.3896102362204724
20
0.6727931496062992
11
-0.3803853937007874
21
0.6703213385826772
0
LINE
8
BLACK
6
CONTINUOUS
10
-0.3803853937007874
20
0.6703213385826772
11
-0.3732840157480315
21
0.6693864566929134
0
LINE
8
BLACK
6
CONTINUOUS
10
-0.3732840157480315
20
0.6693864566929134
11
-0.3709168897637795
21
0.6690748031496063
0
LINE
8
BLACK
6
CONTINUOUS
10
-0.3709168897637795
20
0.6690748031496063
11
-0.3709168503937008
21
0.6690748031496063
0
LINE
8
BLACK
6
CONTINUOUS
10
-0.3709168503937008
20
0.6690748031496063
11
-0.3613665748031496
21
0.6690748031496063
0
LINE
8
BLACK
6
CONTINUOUS
10
-0.3613665748031496
20
0.6690748031496063
11
-0.3594729133858268
21
0.6693241338582677
0
LINE
8
BLACK
6
CONTINUOUS
10
-0.3594729133858268
20
0.6693241338582677
11
-0.3518980708661417
21
0.6703213385826772
0
LINE
8
BLACK
6
CONTINUOUS
10
-0.3518980708661417
20
0.6703213385826772
11
-0.3426732283464567
21
0.6727931496062992
0
LINE
8
BLACK
6
CONTINUOUS
10
-0.3426732283464567
20
0.6727931496062992
11
-0.3338499212598425
21
0.676447874015748
0
LINE
8
BLACK
6
CONTINUOUS
10
-0.3338499212598425
20
0.676447874015748
11
-0.3255791732283465
21
0.6812229921259843
0
LINE
8
BLACK
6
CONTINUOUS
10
-0.3255791732283465
20
0.6812229921259843
11
-0.3180024409448819
21
0.687036811023622
0
LINE
8
BLACK
6
CONTINUOUS
10
-0.3180024409448819
20
0.687036811023622
11
-0.3112494094488189
21
0.693789842519685
0
LINE
8
BLACK
6
CONTINUOUS
10
-0.3112494094488189
20
0.693789842519685
11
-0.3054355905511811
21
0.7013665748031496
0
LINE
8
BLACK
6
CONTINUOUS
10
-0.3054355905511811
20
0.7013665748031496
11
-0.3006604724409448
21
0.7096373228346456
0
LINE
8
BLACK
6
CONTINUOUS
10
-0.3006604724409448
20
0.7096373228346456
11
-0.297005748031496
21
0.7184606299212598
0
LINE
8
BLACK
6
CONTINUOUS
10
-0.297005748031496
20
0.7184606299212598
11
-0.294533937007874
21
0.7276854724409448
0
LINE
8
BLACK
6
CONTINUOUS
10
-0.294533937007874
20
0.7276854724409448
11
-0.2932874015748032
21
0.7371540157480315
0
LINE
8
BLACK
6
CONTINUOUS
10
-0.2932874015748032
20
0.7371540157480315
11
-0.2932874015748032
21
0.7467042519685039
0
LINE
8
BLACK
6
CONTINUOUS
10
-0.2932874015748032
20
0.7467042519685039
11
-0.294533937007874
21
0.7561727952755906
0
LINE
8
BLACK
6
CONTINUOUS
10
-0.294533937007874
20
0.7561727952755906
11
-0.297005748031496
21
0.7653976377952756
0
LINE
8
BLACK
6
CONTINUOUS
10
-0.297005748031496
20
0.7653976377952756
11
-0.3006604724409448
21
0.7742209448818897
0
LINE
8
BLACK
6
CONTINUOUS
10
-0.3006604724409448
20
0.7742209448818897
11
-0.3054355905511811
21
0.7824916929133858
0
LINE
8
BLACK
6
CONTINUOUS
10
-0.3054355905511811
20
0.7824916929133858
11
-0.3112494094488189
21
0.7900684251968504
0
LINE
8
BLACK
6
CONTINUOUS
10
-0.3112494094488189
20
0.7900684251968504
11
-0.3112496062992126
21
0.7900686614173228
0
LINE
8
BLACK
6
CONTINUOUS
10
-0.3112496062992126
20
0.7900686614173228
11
-0.3180022440944882
21
0.7968212992125984
0
LINE
8
BLACK
6
CONTINUOUS
10
-0.3180022440944882
20
0.7968212992125984
11
-0.3180025196850393
21
0.7968215354330709
0
LINE
8
BLACK
6
CONTINUOUS
10
-0.3180025196850393
20
0.7968215354330709
11
-0.3255790157480315
21
0.8026351574803149
0
LINE
8
BLACK
6
CONTINUOUS
10
-0.3255790157480315
20
0.8026351574803149
11
-0.3255790551181102
21
0.8026351968503936
0
LINE
8
BLACK
6
CONTINUOUS
10
-0.3255790551181102
20
0.8026351968503936
11
-0.3255791732283465
21
0.8026352755905511
0
LINE
8
BLACK
6
CONTINUOUS
10
-0.3255791732283465
20
0.8026352755905511
11
-0.3338499212598425
21
0.8074103937007874
0
LINE
8
BLACK
6
CONTINUOUS
10
-0.3338499212598425
20
0.8074103937007874
11
-0.3338501968503937
21
0.8074105118110236
0
LINE
8
BLACK
6
CONTINUOUS
10
-0.3338501968503937
20
0.8074105118110236
11
-0.3426730708661417
21
0.8110650787401574
0
LINE
8
BLACK
6
CONTINUOUS
10
-0.3426730708661417
20
0.8110650787401574
11
-0.3518982283464567
21
0.813536968503937
0
LINE
8
BLACK
6
CONTINUOUS
10
-0.3518982283464567
20
0.813536968503937
11
-0.3613665748031496
21
0.8147834645669291
0
LINE
8
BLACK
6
CONTINUOUS
10
-0.3613665748031496
20
0.8147834645669291
11
-0.3613666141732284
21
0.8147834645669291
0
LINE
8
BLACK
6
CONTINUOUS
10
-0.3613666141732284
20
0.8147834645669291
11
-0.3709168503937008
21
0.8147834645669291
0
LINE
8
BLACK
6
CONTINUOUS
10
-0.3709168503937008
20
0.8147834645669291
11
-0.3709168897637795
21
0.8147834645669291
0
LINE
8
BLACK
6
CONTINUOUS
10
-0.3709168897637795
20
0.8147834645669291
11
-0.3803852755905512
21
0.813536968503937
0
LINE
8
BLACK
6
CONTINUOUS
10
-0.3803852755905512
20
0.813536968503937
11
-0.3896104330708661
21
0.8110650787401574
0
LINE
8
BLACK
6
CONTINUOUS
10
-0.3896104330708661
20
0.8110650787401574
11
-0.3984333070866142
21
0.8074105118110236
0
LINE
8
BLACK
6
CONTINUOUS
10
-0.3984333070866142
20
0.8074105118110236
11
-0.3984336614173228
21
0.8074103543307086
0
LINE
8
BLACK
6
CONTINUOUS
10
-0.3984336614173228
20
0.8074103543307086
11
-0.4067044881889764
21
0.8026351574803149
0
LINE
8
BLACK
6
CONTINUOUS
10
-0.4067044881889764
20
0.8026351574803149
11
-0.4142809842519685
21
0.7968215354330709
0
LINE
8
BLACK
6
CONTINUOUS
10
-0.4142809842519685
20
0.7968215354330709
11
-0.4142812598425197
21
0.7968212992125984
0
LINE
8
BLACK
6
CONTINUOUS
10
-0.4142812598425197
20
0.7968212992125984
11
-0.4210338976377953
21
0.7900686614173228
0
LINE
8
BLACK
6
CONTINUOUS
10
-0.4210338976377953
20
0.7900686614173228
11
-0.4210341338582677
21
0.7900683858267716
0
LINE
8
BLACK
6
CONTINUOUS
10
-0.4210341338582677
20
0.7900683858267716
11
-0.4268477559055118
21
0.7824918897637795
0
LINE
8
BLACK
6
CONTINUOUS
10
-0.4268477559055118
20
0.7824918897637795
11
-0.4316229527559055
21
0.774221062992126
0
LINE
8
BLACK
6
CONTINUOUS
10
-0.4316229527559055
20
0.774221062992126
11
-0.4316231102362205
21
0.7742207086614173
0
LINE
8
BLACK
6
CONTINUOUS
10
-0.4316231102362205
20
0.7742207086614173
11
-0.4352776771653543
21
0.7653978346456692
0
LINE
8
BLACK
6
CONTINUOUS
10
-0.4352776771653543
20
0.7653978346456692
11
-0.4377495669291339
21
0.7561726771653543
0
LINE
8
BLACK
6
CONTINUOUS
10
-0.4377495669291339
20
0.7561726771653543
11
-0.438996062992126
21
0.7467042913385826
0
LINE
8
BLACK
6
CONTINUOUS
10
-0.438996062992126
20
0.7467042913385826
11
-0.438996062992126
21
0.7371540157480315
0
LINE
8
BLACK
6
CONTINUOUS
10
-0.9245870866141732
20
1.0005905511811024
11
-0.912110905511811
21
1.0005905511811024
0
LINE
8
BLACK
6
CONTINUOUS
10
-0.912110905511811
20
1.0005905511811024
11
-0.9108863779527558
21
1.0043592913385826
0
LINE
8
BLACK
6
CONTINUOUS
10
-0.9108863779527558
20
1.0043592913385826
11
-0.9073883464566929
21
1.0104179921259842
0
LINE
8
BLACK
6
CONTINUOUS
10
-0.9073883464566929
20
1.0104179921259842
11
-0.902707125984252
21
1.0156170472440944
0
LINE
8
BLACK
6
CONTINUOUS
10
-0.902707125984252
20
1.0156170472440944
11
-0.8970472440944882
21
1.0197292125984252
0
LINE
8
BLACK
6
CONTINUOUS
10
-0.8970472440944882
20
1.0197292125984252
11
-0.890656062992126
21
1.0225747244094487
0
LINE
8
BLACK
6
CONTINUOUS
10
-0.890656062992126
20
1.0225747244094487
11
-0.8901574803149606
21
1.0226807086614174
0
LINE
8
BLACK
6
CONTINUOUS
10
-0.8901574803149606
20
1.0226807086614174
11
-0.8901574803149606
21
1.0349679921259842
0
LINE
8
BLACK
6
CONTINUOUS
10
-0.8901574803149606
20
1.0349679921259842
11
-0.8927582283464567
21
1.034481811023622
0
LINE
8
BLACK
6
CONTINUOUS
10
-0.8927582283464567
20
1.034481811023622
11
-0.8927584251968503
21
1.0344817716535433
0
LINE
8
BLACK
6
CONTINUOUS
10
-0.8927584251968503
20
1.0344817716535433
11
-0.9005822834645669
21
1.0314508267716536
0
LINE
8
BLACK
6
CONTINUOUS
10
-0.9005822834645669
20
1.0314508267716536
11
-0.9005826377952756
21
1.0314506692913386
0
LINE
8
BLACK
6
CONTINUOUS
10
-0.9005826377952756
20
1.0314506692913386
11
-0.9077164566929133
21
1.027033622047244
0
LINE
8
BLACK
6
CONTINUOUS
10
-0.9077164566929133
20
1.027033622047244
11
-0.9077165354330708
21
1.0270335433070865
0
LINE
8
BLACK
6
CONTINUOUS
10
-0.9077165354330708
20
1.0270335433070865
11
-0.9139173228346457
21
1.0213807874015748
0
LINE
8
BLACK
6
CONTINUOUS
10
-0.9139173228346457
20
1.0213807874015748
11
-0.9189739763779528
21
1.0146847244094488
0
LINE
8
BLACK
6
CONTINUOUS
10
-0.9189739763779528
20
1.0146847244094488
11
-0.9227138976377952
21
1.0071739763779528
0
LINE
8
BLACK
6
CONTINUOUS
10
-0.9227138976377952
20
1.0071739763779528
11
-0.922714094488189
21
1.007173464566929
0
LINE
8
BLACK
6
CONTINUOUS
10
-0.922714094488189
20
1.007173464566929
11
-0.924587125984252
21
1.0005905905511812
0
LINE
8
BLACK
6
CONTINUOUS
10
-0.924587125984252
20
1.0005905905511812
11
-0.9245870866141732
21
1.0005905511811024
0
LINE
8
BLACK
6
CONTINUOUS
10
-0.8245870866141732
20
1.0005905511811024
11
-0.812110905511811
21
1.0005905511811024
0
LINE
8
BLACK
6
CONTINUOUS
10
-0.812110905511811
20
1.0005905511811024
11
-0.8108863779527559
21
1.0043592913385826
0
LINE
8
BLACK
6
CONTINUOUS
10
-0.8108863779527559
20
1.0043592913385826
11
-0.8073883464566929
21
1.0104179921259842
0
LINE
8
BLACK
6
CONTINUOUS
10
-0.8073883464566929
20
1.0104179921259842
11
-0.802707125984252
21
1.0156170472440944
0
LINE
8
BLACK
6
CONTINUOUS
10
-0.802707125984252
20
1.0156170472440944
11
-0.7970472440944881
21
1.0197292125984252
0
LINE
8
BLACK
6
CONTINUOUS
10
-0.7970472440944881
20
1.0197292125984252
11
-0.790656062992126
21
1.0225747244094487
0
LINE
8
BLACK
6
CONTINUOUS
10
-0.790656062992126
20
1.0225747244094487
11
-0.7901574803149606
21
1.0226807086614174
0
LINE
8
BLACK
6
CONTINUOUS
10
-0.7901574803149606
20
1.0226807086614174
11
-0.7901574803149606
21
1.0349679921259842
0
LINE
8
BLACK
6
CONTINUOUS
10
-0.7901574803149606
20
1.0349679921259842
11
-0.7927582283464567
21
1.034481811023622
0
LINE
8
BLACK
6
CONTINUOUS
10
-0.7927582283464567
20
1.034481811023622
11
-0.7927584251968504
21
1.0344817716535433
0
LINE
8
BLACK
6
CONTINUOUS
10
-0.7927584251968504
20
1.0344817716535433
11
-0.8005822834645669
21
1.0314508267716536
0
LINE
8
BLACK
6
CONTINUOUS
10
-0.8005822834645669
20
1.0314508267716536
11
-0.8005826377952756
21
1.0314506692913386
0
LINE
8
BLACK
6
CONTINUOUS
10
-0.8005826377952756
20
1.0314506692913386
11
-0.8077164566929134
21
1.027033622047244
0
LINE
8
BLACK
6
CONTINUOUS
10
-0.8077164566929134
20
1.027033622047244
11
-0.8077165354330709
21
1.0270335433070865
0
LINE
8
BLACK
6
CONTINUOUS
10
-0.8077165354330709
20
1.0270335433070865
11
-0.8139173228346457
21
1.0213807874015748
0
LINE
8
BLACK
6
CONTINUOUS
10
-0.8139173228346457
20
1.0213807874015748
11
-0.8189739763779528
21
1.0146847244094488
0
LINE
8
BLACK
6
CONTINUOUS
10
-0.8189739763779528
20
1.0146847244094488
11
-0.8227138976377952
21
1.0071739763779528
0
LINE
8
BLACK
6
CONTINUOUS
10
-0.8227138976377952
20
1.0071739763779528
11
-0.822714094488189
21
1.007173464566929
0
LINE
8
BLACK
6
CONTINUOUS
10
-0.822714094488189
20
1.007173464566929
11
-0.824587125984252
21
1.0005905905511812
0
LINE
8
BLACK
6
CONTINUOUS
10
-0.824587125984252
20
1.0005905905511812
11
-0.8245870866141732
21
1.0005905511811024
0
LINE
8
BLACK
6
CONTINUOUS
10
-0.6021805905511811
20
1.2853153149606298
11
-0.5999067322834646
21
1.2778194488188976
0
LINE
8
BLACK
6
CONTINUOUS
10
-0.5999067322834646
20
1.2778194488188976
11
-0.5972231102362204
21
1.272798779527559
0
LINE
8
BLACK
6
CONTINUOUS
10
-0.5972231102362204
20
1.272798779527559
11
-0.5972230708661417
21
1.272798779527559
0
LINE
8
BLACK
6
CONTINUOUS
10
-0.5972230708661417
20
1.272798779527559
11
-0.5913473228346456
21
1.2786745669291337
0
LINE
8
BLACK
6
CONTINUOUS
10
-0.5913473228346456
20
1.2786745669291337
11
-0.5917238188976378
21
1.2792737795275591
0
LINE
8
BLACK
6
CONTINUOUS
10
-0.5917238188976378
20
1.2792737795275591
11
-0.5940823622047244
21
1.286014094488189
0
LINE
8
BLACK
6
CONTINUOUS
10
-0.5940823622047244
20
1.286014094488189
11
-0.5948818897637795
21
1.2931102362204725
0
LINE
8
BLACK
6
CONTINUOUS
10
-0.5948818897637795
20
1.2931102362204725
11
-0.5940823622047244
21
1.300206377952756
0
LINE
8
BLACK
6
CONTINUOUS
10
-0.5940823622047244
20
1.300206377952756
11
-0.5917238188976378
21
1.3069466929133857
0
LINE
8
BLACK
6
CONTINUOUS
10
-0.5917238188976378
20
1.3069466929133857
11
-0.5913472834645669
21
1.3075459842519686
0
LINE
8
BLACK
6
CONTINUOUS
10
-0.5913472834645669
20
1.3075459842519686
11
-0.5972230708661417
21
1.3134217716535432
0
LINE
8
BLACK
6
CONTINUOUS
10
-0.5972230708661417
20
1.3134217716535432
11
-0.5999068110236221
21
1.3084007874015748
0
LINE
8
BLACK
6
CONTINUOUS
10
-0.5999068110236221
20
1.3084007874015748
11
-0.6021805905511811
21
1.3009051968503937
0
LINE
8
BLACK
6
CONTINUOUS
10
-0.6021805905511811
20
1.3009051968503937
11
-0.6029483070866142
21
1.2931102362204725
0
LINE
8
BLACK
6
CONTINUOUS
10
-0.6029483070866142
20
1.2931102362204725
11
-0.6021805905511811
21
1.2853153149606298
0
LINE
8
BLACK
6
CONTINUOUS
10
-0.5037553937007874
20
1.2853153149606298
11
-0.5014815354330708
21
1.2778194488188976
0
LINE
8
BLACK
6
CONTINUOUS
10
-0.5014815354330708
20
1.2778194488188976
11
-0.4987979133858267
21
1.272798779527559
0
LINE
8
BLACK
6
CONTINUOUS
10
-0.4987979133858267
20
1.272798779527559
11
-0.498797874015748
21
1.272798779527559
0
LINE
8
BLACK
6
CONTINUOUS
10
-0.498797874015748
20
1.272798779527559
11
-0.4929221259842519
21
1.2786745669291337
0
LINE
8
BLACK
6
CONTINUOUS
10
-0.4929221259842519
20
1.2786745669291337
11
-0.4932986220472441
21
1.2792737795275591
0
LINE
8
BLACK
6
CONTINUOUS
10
-0.4932986220472441
20
1.2792737795275591
11
-0.4956571653543307
21
1.286014094488189
0
LINE
8
BLACK
6
CONTINUOUS
10
-0.4956571653543307
20
1.286014094488189
11
-0.4964566929133858
21
1.2931102362204725
0
LINE
8
BLACK
6
CONTINUOUS
10
-0.4964566929133858
20
1.2931102362204725
11
-0.4956571653543307
21
1.300206377952756
0
LINE
8
BLACK
6
CONTINUOUS
10
-0.4956571653543307
20
1.300206377952756
11
-0.4932986220472441
21
1.3069466929133857
0
LINE
8
BLACK
6
CONTINUOUS
10
-0.4932986220472441
20
1.3069466929133857
11
-0.4929220866141732
21
1.3075459842519686
0
LINE
8
BLACK
6
CONTINUOUS
10
-0.4929220866141732
20
1.3075459842519686
11
-0.498797874015748
21
1.3134217716535432
0
LINE
8
BLACK
6
CONTINUOUS
10
-0.498797874015748
20
1.3134217716535432
11
-0.5014816141732283
21
1.3084007874015748
0
LINE
8
BLACK
6
CONTINUOUS
10
-0.5014816141732283
20
1.3084007874015748
11
-0.5037553937007874
21
1.3009051968503937
0
LINE
8
BLACK
6
CONTINUOUS
10
-0.5037553937007874
20
1.3009051968503937
11
-0.5045231102362204
21
1.2931102362204725
0
LINE
8
BLACK
6
CONTINUOUS
10
-0.5045231102362204
20
1.2931102362204725
11
-0.5037553937007874
21
1.2853153149606298
0
LINE
8
BLACK
6
CONTINUOUS
10
-0.4053301968503937
20
1.2853153149606298
11
-0.4030563385826771
21
1.2778194488188976
0
LINE
8
BLACK
6
CONTINUOUS
10
-0.4030563385826771
20
1.2778194488188976
11
-0.400372716535433
21
1.272798779527559
0
LINE
8
BLACK
6
CONTINUOUS
10
-0.400372716535433
20
1.272798779527559
11
-0.4003726771653543
21
1.272798779527559
0
LINE
8
BLACK
6
CONTINUOUS
10
-0.4003726771653543
20
1.272798779527559
11
-0.3944969291338583
21
1.2786745669291337
0
LINE
8
BLACK
6
CONTINUOUS
10
-0.3944969291338583
20
1.2786745669291337
11
-0.3948734251968504
21
1.2792737795275591
0
LINE
8
BLACK
6
CONTINUOUS
10
-0.3948734251968504
20
1.2792737795275591
11
-0.397231968503937
21
1.286014094488189
0
LINE
8
BLACK
6
CONTINUOUS
10
-0.397231968503937
20
1.286014094488189
11
-0.3980314960629921
21
1.2931102362204725
0
LINE
8
BLACK
6
CONTINUOUS
10
-0.3980314960629921
20
1.2931102362204725
11
-0.397231968503937
21
1.300206377952756
0
LINE
8
BLACK
6
CONTINUOUS
10
-0.397231968503937
20
1.300206377952756
11
-0.3948734251968504
21
1.3069466929133857
0
LINE
8
BLACK
6
CONTINUOUS
10
-0.3948734251968504
20
1.3069466929133857
11
-0.3944968897637795
21
1.3075459842519686
0
LINE
8
BLACK
6
CONTINUOUS
10
-0.3944968897637795
20
1.3075459842519686
11
-0.4003726771653543
21
1.3134217716535432
0
LINE
8
BLACK
6
CONTINUOUS
10
-0.4003726771653543
20
1.3134217716535432
11
-0.4030564173228346
21
1.3084007874015748
0
LINE
8
BLACK
6
CONTINUOUS
10
-0.4030564173228346
20
1.3084007874015748
11
-0.4053301968503937
21
1.3009051968503937
0
LINE
8
BLACK
6
CONTINUOUS
10
-0.4053301968503937
20
1.3009051968503937
11
-0.4060979133858267
21
1.2931102362204725
0
LINE
8
BLACK
6
CONTINUOUS
10
-0.4060979133858267
20
1.2931102362204725
11
-0.4053301968503937
21
1.2853153149606298
0
LINE
8
BLACK
6
CONTINUOUS
10
-0.306905
20
1.2853153149606298
11
-0.3046311417322835
21
1.2778194488188976
0
LINE
8
BLACK
6
CONTINUOUS
10
-0.3046311417322835
20
1.2778194488188976
11
-0.3019475196850394
21
1.272798779527559
0
LINE
8
BLACK
6
CONTINUOUS
10
-0.3019475196850394
20
1.272798779527559
11
-0.3019474803149606
21
1.272798779527559
0
LINE
8
BLACK
6
CONTINUOUS
10
-0.3019474803149606
20
1.272798779527559
11
-0.2960717322834646
21
1.2786745669291337
0
LINE
8
BLACK
6
CONTINUOUS
10
-0.2960717322834646
20
1.2786745669291337
11
-0.2964482283464567
21
1.2792737795275591
0
LINE
8
BLACK
6
CONTINUOUS
10
-0.2964482283464567
20
1.2792737795275591
11
-0.2988067716535433
21
1.286014094488189
0
LINE
8
BLACK
6
CONTINUOUS
10
-0.2988067716535433
20
1.286014094488189
11
-0.2996062992125984
21
1.2931102362204725
0
LINE
8
BLACK
6
CONTINUOUS
10
-0.2996062992125984
20
1.2931102362204725
11
-0.2988067716535433
21
1.300206377952756
0
LINE
8
BLACK
6
CONTINUOUS
10
-0.2988067716535433
20
1.300206377952756
11
-0.2964482283464567
21
1.3069466929133857
0
LINE
8
BLACK
6
CONTINUOUS
10
-0.2964482283464567
20
1.3069466929133857
11
-0.2960716929133858
21
1.3075459842519686
0
LINE
8
BLACK
6
CONTINUOUS
10
-0.2960716929133858
20
1.3075459842519686
11
-0.3019474803149606
21
1.3134217716535432
0
LINE
8
BLACK
6
CONTINUOUS
10
-0.3019474803149606
20
1.3134217716535432
11
-0.304631220472441
21
1.3084007874015748
0
LINE
8
BLACK
6
CONTINUOUS
10
-0.304631220472441
20
1.3084007874015748
11
-0.306905
21
1.3009051968503937
0
LINE
8
BLACK
6
CONTINUOUS
10
-0.306905
20
1.3009051968503937
11
-0.307672716535433
21
1.2931102362204725
0
LINE
8
BLACK
6
CONTINUOUS
10
-0.307672716535433
20
1.2931102362204725
11
-0.306905
21
1.2853153149606298
0
LINE
8
BLACK
6
CONTINUOUS
10
-0.2084798031496063
20
1.2853153149606298
11
-0.2062059448818898
21
1.2778194488188976
0
LINE
8
BLACK
6
CONTINUOUS
10
-0.2062059448818898
20
1.2778194488188976
11
-0.2035223228346457
21
1.272798779527559
0
LINE
8
BLACK
6
CONTINUOUS
10
-0.2035223228346457
20
1.272798779527559
11
-0.2035222834645669
21
1.272798779527559
0
LINE
8
BLACK
6
CONTINUOUS
10
-0.2035222834645669
20
1.272798779527559
11
-0.1976465354330709
21
1.2786745669291337
0
LINE
8
BLACK
6
CONTINUOUS
10
-0.1976465354330709
20
1.2786745669291337
11
-0.198023031496063
21
1.2792737795275591
0
LINE
8
BLACK
6
CONTINUOUS
10
-0.198023031496063
20
1.2792737795275591
11
-0.2003815748031496
21
1.286014094488189
0
LINE
8
BLACK
6
CONTINUOUS
10
-0.2003815748031496
20
1.286014094488189
11
-0.2011811023622047
21
1.2931102362204725
0
LINE
8
BLACK
6
CONTINUOUS
10
-0.2011811023622047
20
1.2931102362204725
11
-0.2003815748031496
21
1.300206377952756
0
LINE
8
BLACK
6
CONTINUOUS
10
-0.2003815748031496
20
1.300206377952756
11
-0.198023031496063
21
1.3069466929133857
0
LINE
8
BLACK
6
CONTINUOUS
10
-0.198023031496063
20
1.3069466929133857
11
-0.1976464960629921
21
1.3075459842519686
0
LINE
8
BLACK
6
CONTINUOUS
10
-0.1976464960629921
20
1.3075459842519686
11
-0.2035222834645669
21
1.3134217716535432
0
LINE
8
BLACK
6
CONTINUOUS
10
-0.2035222834645669
20
1.3134217716535432
11
-0.2062060236220472
21
1.3084007874015748
0
LINE
8
BLACK
6
CONTINUOUS
10
-0.2062060236220472
20
1.3084007874015748
11
-0.2084798031496063
21
1.3009051968503937
0
LINE
8
BLACK
6
CONTINUOUS
10
-0.2084798031496063
20
1.3009051968503937
11
-0.2092475196850394
21
1.2931102362204725
0
LINE
8
BLACK
6
CONTINUOUS
10
-0.2092475196850394
20
1.2931102362204725
11
-0.2084798031496063
21
1.2853153149606298
0
LINE
8
BLACK
6
CONTINUOUS
10
-0.2855356299212599
20
1.5929600393700787
11
-0.285485905511811
21
1.5925962204724409
0
LINE
8
BLACK
6
CONTINUOUS
10
-0.285485905511811
20
1.5925962204724409
11
-0.284891968503937
21
1.5865657480314961
0
LINE
8
BLACK
6
CONTINUOUS
10
-0.284891968503937
20
1.5865657480314961
11
-0.282753188976378
21
1.5795152362204723
0
LINE
8
BLACK
6
CONTINUOUS
10
-0.282753188976378
20
1.5795152362204723
11
-0.2805170078740157
21
1.5753316141732283
0
LINE
8
BLACK
6
CONTINUOUS
10
-0.2805170078740157
20
1.5753316141732283
11
-0.280516968503937
21
1.5753316141732283
0
LINE
8
BLACK
6
CONTINUOUS
10
-0.280516968503937
20
1.5753316141732283
11
-0.2715576771653543
21
1.5842909448818898
0
LINE
8
BLACK
6
CONTINUOUS
10
-0.2715576771653543
20
1.5842909448818898
11
-0.2728784251968504
21
1.5877734251968503
0
LINE
8
BLACK
6
CONTINUOUS
10
-0.2728784251968504
20
1.5877734251968503
11
-0.2736220472440945
21
1.5938976377952756
0
LINE
8
BLACK
6
CONTINUOUS
10
-0.2736220472440945
20
1.5938976377952756
11
-0.2728784251968504
21
1.6000218503937007
0
LINE
8
BLACK
6
CONTINUOUS
10
-0.2728784251968504
20
1.6000218503937007
11
-0.2715576771653543
21
1.6035044094488189
0
LINE
8
BLACK
6
CONTINUOUS
10
-0.2715576771653543
20
1.6035044094488189
11
-0.280516968503937
21
1.6124637007874016
0
LINE
8
BLACK
6
CONTINUOUS
10
-0.280516968503937
20
1.6124637007874016
11
-0.2827532677165354
21
1.6082798425196849
0
LINE
8
BLACK
6
CONTINUOUS
10
-0.2827532677165354
20
1.6082798425196849
11
-0.284891968503937
21
1.6012295669291339
0
LINE
8
BLACK
6
CONTINUOUS
10
-0.284891968503937
20
1.6012295669291339
11
-0.285485905511811
21
1.5951990944881889
0
LINE
8
BLACK
6
CONTINUOUS
10
-0.285485905511811
20
1.5951990944881889
11
-0.2860058661417323
21
1.5939114960629921
0
LINE
8
BLACK
6
CONTINUOUS
10
-0.2860058661417323
20
1.5939114960629921
11
-0.2855356299212599
21
1.5929600393700787
0
LINE
8
BLACK
6
CONTINUOUS
10
-0.2855356299212599
20
1.8291805118110236
11
-0.285485905511811
21
1.8288166929133858
0
LINE
8
BLACK
6
CONTINUOUS
10
-0.285485905511811
20
1.8288166929133858
11
-0.284891968503937
21
1.822786220472441
0
LINE
8
BLACK
6
CONTINUOUS
10
-0.284891968503937
20
1.822786220472441
11
-0.282753188976378
21
1.8157357086614172
0
LINE
8
BLACK
6
CONTINUOUS
10
-0.282753188976378
20
1.8157357086614172
11
-0.2805170078740157
21
1.8115520866141732
0
LINE
8
BLACK
6
CONTINUOUS
10
-0.2805170078740157
20
1.8115520866141732
11
-0.280516968503937
21
1.8115520866141732
0
LINE
8
BLACK
6
CONTINUOUS
10
-0.280516968503937
20
1.8115520866141732
11
-0.2715576771653543
21
1.8205114173228345
0
LINE
8
BLACK
6
CONTINUOUS
10
-0.2715576771653543
20
1.8205114173228345
11
-0.2728784251968504
21
1.8239938976377952
0
LINE
8
BLACK
6
CONTINUOUS
10
-0.2728784251968504
20
1.8239938976377952
11
-0.2736220472440945
21
1.8301181102362205
0
LINE
8
BLACK
6
CONTINUOUS
10
-0.2736220472440945
20
1.8301181102362205
11
-0.2728784251968504
21
1.8362423228346456
0
LINE
8
BLACK
6
CONTINUOUS
10
-0.2728784251968504
20
1.8362423228346456
11
-0.2715576771653543
21
1.8397248818897638
0
LINE
8
BLACK
6
CONTINUOUS
10
-0.2715576771653543
20
1.8397248818897638
11
-0.280516968503937
21
1.8486841732283463
0
LINE
8
BLACK
6
CONTINUOUS
10
-0.280516968503937
20
1.8486841732283463
11
-0.2827532677165354
21
1.8445003149606298
0
LINE
8
BLACK
6
CONTINUOUS
10
-0.2827532677165354
20
1.8445003149606298
11
-0.284891968503937
21
1.8374500393700788
0
LINE
8
BLACK
6
CONTINUOUS
10
-0.284891968503937
20
1.8374500393700788
11
-0.285485905511811
21
1.8314195669291338
0
LINE
8
BLACK
6
CONTINUOUS
10
-0.285485905511811
20
1.8314195669291338
11
-0.2860058661417323
21
1.830131968503937
0
LINE
8
BLACK
6
CONTINUOUS
10
-0.2860058661417323
20
1.830131968503937
11
-0.2855356299212599
21
1.8291805118110236
0
LINE
8
BLACK
6
CONTINUOUS
10
-0.6021805905511811
20
2.0809846062992126
11
-0.5999067322834646
21
2.0734887401574804
0
LINE
8
BLACK
6
CONTINUOUS
10
-0.5999067322834646
20
2.0734887401574804
11
-0.5972231102362204
21
2.0684680708661416
0
LINE
8
BLACK
6
CONTINUOUS
10
-0.5972231102362204
20
2.0684680708661416
11
-0.5972230708661417
21
2.0684680708661416
0
LINE
8
BLACK
6
CONTINUOUS
10
-0.5972230708661417
20
2.0684680708661416
11
-0.5913473228346456
21
2.0743438582677163
0
LINE
8
BLACK
6
CONTINUOUS
10
-0.5913473228346456
20
2.0743438582677163
11
-0.5917238188976378
21
2.0749430708661416
0
LINE
8
BLACK
6
CONTINUOUS
10
-0.5917238188976378
20
2.0749430708661416
11
-0.5940823622047244
21
2.0816833858267718
0
LINE
8
BLACK
6
CONTINUOUS
10
-0.5940823622047244
20
2.0816833858267718
11
-0.5948818897637795
21
2.0887795275590553
0
LINE
8
BLACK
6
CONTINUOUS
10
-0.5948818897637795
20
2.0887795275590553
11
-0.5940823622047244
21
2.0958756692913387
0
LINE
8
BLACK
6
CONTINUOUS
10
-0.5940823622047244
20
2.0958756692913387
11
-0.5917238188976378
21
2.1026159842519685
0
LINE
8
BLACK
6
CONTINUOUS
10
-0.5917238188976378
20
2.1026159842519685
11
-0.5913472834645669
21
2.1032152755905513
0
LINE
8
BLACK
6
CONTINUOUS
10
-0.5913472834645669
20
2.1032152755905513
11
-0.5972230708661417
21
2.109091062992126
0
LINE
8
BLACK
6
CONTINUOUS
10
-0.5972230708661417
20
2.109091062992126
11
-0.5999068110236221
21
2.1040700787401576
0
LINE
8
BLACK
6
CONTINUOUS
10
-0.5999068110236221
20
2.1040700787401576
11
-0.6021805905511811
21
2.0965744881889763
0
LINE
8
BLACK
6
CONTINUOUS
10
-0.6021805905511811
20
2.0965744881889763
11
-0.6029483070866142
21
2.0887795275590553
0
LINE
8
BLACK
6
CONTINUOUS
10
-0.6029483070866142
20
2.0887795275590553
11
-0.6021805905511811
21
2.0809846062992126
0
LINE
8
BLACK
6
CONTINUOUS
10
-0.5037553937007874
20
2.0809846062992126
11
-0.5014815354330708
21
2.0734887401574804
0
LINE
8
BLACK
6
CONTINUOUS
10
-0.5014815354330708
20
2.0734887401574804
11
-0.4987979133858267
21
2.0684680708661416
0
LINE
8
BLACK
6
CONTINUOUS
10
-0.4987979133858267
20
2.0684680708661416
11
-0.498797874015748
21
2.0684680708661416
0
LINE
8
BLACK
6
CONTINUOUS
10
-0.498797874015748
20
2.0684680708661416
11
-0.4929221259842519
21
2.0743438582677163
0
LINE
8
BLACK
6
CONTINUOUS
10
-0.4929221259842519
20
2.0743438582677163
11
-0.4932986220472441
21
2.0749430708661416
0
LINE
8
BLACK
6
CONTINUOUS
10
-0.4932986220472441
20
2.0749430708661416
11
-0.4956571653543307
21
2.0816833858267718
0
LINE
8
BLACK
6
CONTINUOUS
10
-0.4956571653543307
20
2.0816833858267718
11
-0.4964566929133858
21
2.0887795275590553
0
LINE
8
BLACK
6
CONTINUOUS
10
-0.4964566929133858
20
2.0887795275590553
11
-0.4956571653543307
21
2.0958756692913387
0
LINE
8
BLACK
6
CONTINUOUS
10
-0.4956571653543307
20
2.0958756692913387
11
-0.4932986220472441
21
2.1026159842519685
0
LINE
8
BLACK
6
CONTINUOUS
10
-0.4932986220472441
20
2.1026159842519685
11
-0.4929220866141732
21
2.1032152755905513
0
LINE
8
BLACK
6
CONTINUOUS
10
-0.4929220866141732
20
2.1032152755905513
11
-0.498797874015748
21
2.109091062992126
0
LINE
8
BLACK
6
CONTINUOUS
10
-0.498797874015748
20
2.109091062992126
11
-0.5014816141732283
21
2.1040700787401576
0
LINE
8
BLACK
6
CONTINUOUS
10
-0.5014816141732283
20
2.1040700787401576
11
-0.5037553937007874
21
2.0965744881889763
0
LINE
8
BLACK
6
CONTINUOUS
10
-0.5037553937007874
20
2.0965744881889763
11
-0.5045231102362204
21
2.0887795275590553
0
LINE
8
BLACK
6
CONTINUOUS
10
-0.5045231102362204
20
2.0887795275590553
11
-0.5037553937007874
21
2.0809846062992126
0
LINE
8
BLACK
6
CONTINUOUS
10
-0.4053301968503937
20
2.0809846062992126
11
-0.4030563385826771
21
2.0734887401574804
0
LINE
8
BLACK
6
CONTINUOUS
10
-0.4030563385826771
20
2.0734887401574804
11
-0.400372716535433
21
2.0684680708661416
0
LINE
8
BLACK
6
CONTINUOUS
10
-0.400372716535433
20
2.0684680708661416
11
-0.4003726771653543
21
2.0684680708661416
0
LINE
8
BLACK
6
CONTINUOUS
10
-0.4003726771653543
20
2.0684680708661416
11
-0.3944969291338583
21
2.0743438582677163
0
LINE
8
BLACK
6
CONTINUOUS
10
-0.3944969291338583
20
2.0743438582677163
11
-0.3948734251968504
21
2.0749430708661416
0
LINE
8
BLACK
6
CONTINUOUS
10
-0.3948734251968504
20
2.0749430708661416
11
-0.397231968503937
21
2.0816833858267718
0
LINE
8
BLACK
6
CONTINUOUS
10
-0.397231968503937
20
2.0816833858267718
11
-0.3980314960629921
21
2.0887795275590553
0
LINE
8
BLACK
6
CONTINUOUS
10
-0.3980314960629921
20
2.0887795275590553
11
-0.397231968503937
21
2.0958756692913387
0
LINE
8
BLACK
6
CONTINUOUS
10
-0.397231968503937
20
2.0958756692913387
11
-0.3948734251968504
21
2.1026159842519685
0
LINE
8
BLACK
6
CONTINUOUS
10
-0.3948734251968504
20
2.1026159842519685
11
-0.3944968897637795
21
2.1032152755905513
0
LINE
8
BLACK
6
CONTINUOUS
10
-0.3944968897637795
20
2.1032152755905513
11
-0.4003726771653543
21
2.109091062992126
0
LINE
8
BLACK
6
CONTINUOUS
10
-0.4003726771653543
20
2.109091062992126
11
-0.4030564173228346
21
2.1040700787401576
0
LINE
8
BLACK
6
CONTINUOUS
10
-0.4030564173228346
20
2.1040700787401576
11
-0.4053301968503937
21
2.0965744881889763
0
LINE
8
BLACK
6
CONTINUOUS
10
-0.4053301968503937
20
2.0965744881889763
11
-0.4060979133858267
21
2.0887795275590553
0
LINE
8
BLACK
6
CONTINUOUS
10
-0.4060979133858267
20
2.0887795275590553
11
-0.4053301968503937
21
2.0809846062992126
0
LINE
8
BLACK
6
CONTINUOUS
10
-0.306905
20
2.0809846062992126
11
-0.3046311417322835
21
2.0734887401574804
0
LINE
8
BLACK
6
CONTINUOUS
10
-0.3046311417322835
20
2.0734887401574804
11
-0.3019475196850394
21
2.0684680708661416
0
LINE
8
BLACK
6
CONTINUOUS
10
-0.3019475196850394
20
2.0684680708661416
11
-0.3019474803149606
21
2.0684680708661416
0
LINE
8
BLACK
6
CONTINUOUS
10
-0.3019474803149606
20
2.0684680708661416
11
-0.2960717322834646
21
2.0743438582677163
0
LINE
8
BLACK
6
CONTINUOUS
10
-0.2960717322834646
20
2.0743438582677163
11
-0.2964482283464567
21
2.0749430708661416
0
LINE
8
BLACK
6
CONTINUOUS
10
-0.2964482283464567
20
2.0749430708661416
11
-0.2988067716535433
21
2.0816833858267718
0
LINE
8
BLACK
6
CONTINUOUS
10
-0.2988067716535433
20
2.0816833858267718
11
-0.2996062992125984
21
2.0887795275590553
0
LINE
8
BLACK
6
CONTINUOUS
10
-0.2996062992125984
20
2.0887795275590553
11
-0.2988067716535433
21
2.0958756692913387
0
LINE
8
BLACK
6
CONTINUOUS
10
-0.2988067716535433
20
2.0958756692913387
11
-0.2964482283464567
21
2.1026159842519685
0
LINE
8
BLACK
6
CONTINUOUS
10
-0.2964482283464567
20
2.1026159842519685
11
-0.2960716929133858
21
2.1032152755905513
0
LINE
8
BLACK
6
CONTINUOUS
10
-0.2960716929133858
20
2.1032152755905513
11
-0.3019474803149606
21
2.109091062992126
0
LINE
8
BLACK
6
CONTINUOUS
10
-0.3019474803149606
20
2.109091062992126
11
-0.304631220472441
21
2.1040700787401576
0
LINE
8
BLACK
6
CONTINUOUS
10
-0.304631220472441
20
2.1040700787401576
11
-0.306905
21
2.0965744881889763
0
LINE
8
BLACK
6
CONTINUOUS
10
-0.306905
20
2.0965744881889763
11
-0.307672716535433
21
2.0887795275590553
0
LINE
8
BLACK
6
CONTINUOUS
10
-0.307672716535433
20
2.0887795275590553
11
-0.306905
21
2.0809846062992126
0
LINE
8
BLACK
6
CONTINUOUS
10
-0.2084798031496063
20
2.0809846062992126
11
-0.2062059448818898
21
2.0734887401574804
0
LINE
8
BLACK
6
CONTINUOUS
10
-0.2062059448818898
20
2.0734887401574804
11
-0.2035223228346457
21
2.0684680708661416
0
LINE
8
BLACK
6
CONTINUOUS
10
-0.2035223228346457
20
2.0684680708661416
11
-0.2035222834645669
21
2.0684680708661416
0
LINE
8
BLACK
6
CONTINUOUS
10
-0.2035222834645669
20
2.0684680708661416
11
-0.1976465354330709
21
2.0743438582677163
0
LINE
8
BLACK
6
CONTINUOUS
10
-0.1976465354330709
20
2.0743438582677163
11
-0.198023031496063
21
2.0749430708661416
0
LINE
8
BLACK
6
CONTINUOUS
10
-0.198023031496063
20
2.0749430708661416
11
-0.2003815748031496
21
2.0816833858267718
0
LINE
8
BLACK
6
CONTINUOUS
10
-0.2003815748031496
20
2.0816833858267718
11
-0.2011811023622047
21
2.0887795275590553
0
LINE
8
BLACK
6
CONTINUOUS
10
-0.2011811023622047
20
2.0887795275590553
11
-0.2003815748031496
21
2.0958756692913387
0
LINE
8
BLACK
6
CONTINUOUS
10
-0.2003815748031496
20
2.0958756692913387
11
-0.198023031496063
21
2.1026159842519685
0
LINE
8
BLACK
6
CONTINUOUS
10
-0.198023031496063
20
2.1026159842519685
11
-0.1976464960629921
21
2.1032152755905513
0
LINE
8
BLACK
6
CONTINUOUS
10
-0.1976464960629921
20
2.1032152755905513
11
-0.2035222834645669
21
2.109091062992126
0
LINE
8
BLACK
6
CONTINUOUS
10
-0.2035222834645669
20
2.109091062992126
11
-0.2062060236220472
21
2.1040700787401576
0
LINE
8
BLACK
6
CONTINUOUS
10
-0.2062060236220472
20
2.1040700787401576
11
-0.2084798031496063
21
2.0965744881889763
0
LINE
8
BLACK
6
CONTINUOUS
10
-0.2084798031496063
20
2.0965744881889763
11
-0.2092475196850394
21
2.0887795275590553
0
LINE
8
BLACK
6
CONTINUOUS
10
-0.2092475196850394
20
2.0887795275590553
11
-0.2084798031496063
21
2.0809846062992126
0
LINE
8
BLACK
6
CONTINUOUS
10
-0.438996062992126
20
2.6447357480314961
11
-0.438996062992126
21
2.6351855118110237
0
LINE
8
BLACK
6
CONTINUOUS
10
-0.438996062992126
20
2.6351855118110237
11
-0.4377495275590551
21
2.6257169685039368
0
LINE
8
BLACK
6
CONTINUOUS
10
-0.4377495275590551
20
2.6257169685039368
11
-0.4370110236220472
21
2.6229609055118108
0
LINE
8
BLACK
6
CONTINUOUS
10
-0.4370110236220472
20
2.6229609055118108
11
-0.4352776771653543
21
2.6164919685039369
0
LINE
8
BLACK
6
CONTINUOUS
10
-0.4352776771653543
20
2.6164919685039369
11
-0.4316231102362205
21
2.6076690944881888
0
LINE
8
BLACK
6
CONTINUOUS
10
-0.4316231102362205
20
2.6076690944881888
11
-0.4316229921259843
21
2.6076688188976376
0
LINE
8
BLACK
6
CONTINUOUS
10
-0.4316229921259843
20
2.6076688188976376
11
-0.426847874015748
21
2.5993980708661417
0
LINE
8
BLACK
6
CONTINUOUS
10
-0.426847874015748
20
2.5993980708661417
11
-0.4268477952755905
21
2.5993979527559055
0
LINE
8
BLACK
6
CONTINUOUS
10
-0.4268477952755905
20
2.5993979527559055
11
-0.4268477559055118
21
2.5993979133858267
0
LINE
8
BLACK
6
CONTINUOUS
10
-0.4268477559055118
20
2.5993979133858267
11
-0.4210341338582677
21
2.5918214173228344
0
LINE
8
BLACK
6
CONTINUOUS
10
-0.4210341338582677
20
2.5918214173228344
11
-0.4210338976377953
21
2.5918211417322836
0
LINE
8
BLACK
6
CONTINUOUS
10
-0.4210338976377953
20
2.5918211417322836
11
-0.4142812598425197
21
2.5850685039370078
0
LINE
8
BLACK
6
CONTINUOUS
10
-0.4142812598425197
20
2.5850685039370078
11
-0.4142809842519685
21
2.5850682677165353
0
LINE
8
BLACK
6
CONTINUOUS
10
-0.4142809842519685
20
2.5850682677165353
11
-0.4104028346456693
21
2.5820924803149605
0
LINE
8
BLACK
6
CONTINUOUS
10
-0.4104028346456693
20
2.5820924803149605
11
-0.4067042913385827
21
2.5792544881889765
0
LINE
8
BLACK
6
CONTINUOUS
10
-0.4067042913385827
20
2.5792544881889765
11
-0.3984335433070866
21
2.5744793700787403
0
LINE
8
BLACK
6
CONTINUOUS
10
-0.3984335433070866
20
2.5744793700787403
11
-0.3896102362204724
21
2.5708246456692914
0
LINE
8
BLACK
6
CONTINUOUS
10
-0.3896102362204724
20
2.5708246456692914
11
-0.3803853937007874
21
2.5683528346456694
0
LINE
8
BLACK
6
CONTINUOUS
10
-0.3803853937007874
20
2.5683528346456694
11
-0.3740885826771653
21
2.5675238582677165
0
LINE
8
BLACK
6
CONTINUOUS
10
-0.3740885826771653
20
2.5675238582677165
11
-0.3709168897637795
21
2.5671062992125986
0
LINE
8
BLACK
6
CONTINUOUS
10
-0.3709168897637795
20
2.5671062992125986
11
-0.3709168503937008
21
2.5671062992125986
0
LINE
8
BLACK
6
CONTINUOUS
10
-0.3709168503937008
20
2.5671062992125986
11
-0.3613665748031496
21
2.5671062992125986
0
LINE
8
BLACK
6
CONTINUOUS
10
-0.3613665748031496
20
2.5671062992125986
11
-0.3594729133858268
21
2.5673556299212597
0
LINE
8
BLACK
6
CONTINUOUS
10
-0.3594729133858268
20
2.5673556299212597
11
-0.3518980708661417
21
2.5683528346456694
0
LINE
8
BLACK
6
CONTINUOUS
10
-0.3518980708661417
20
2.5683528346456694
11
-0.3426732283464567
21
2.5708246456692914
0
LINE
8
BLACK
6
CONTINUOUS
10
-0.3426732283464567
20
2.5708246456692914
11
-0.3338499212598425
21
2.5744793700787403
0
LINE
8
BLACK
6
CONTINUOUS
10
-0.3338499212598425
20
2.5744793700787403
11
-0.3255791732283465
21
2.5792544881889765
0
LINE
8
BLACK
6
CONTINUOUS
10
-0.3255791732283465
20
2.5792544881889765
11
-0.3180024409448819
21
2.5850683070866141
0
LINE
8
BLACK
6
CONTINUOUS
10
-0.3180024409448819
20
2.5850683070866141
11
-0.3112494094488189
21
2.5918213385826769
0
LINE
8
BLACK
6
CONTINUOUS
10
-0.3112494094488189
20
2.5918213385826769
11
-0.3054355905511811
21
2.5993980708661417
0
LINE
8
BLACK
6
CONTINUOUS
10
-0.3054355905511811
20
2.5993980708661417
11
-0.3006604724409448
21
2.6076688188976376
0
LINE
8
BLACK
6
CONTINUOUS
10
-0.3006604724409448
20
2.6076688188976376
11
-0.297005748031496
21
2.616492125984252
0
LINE
8
BLACK
6
CONTINUOUS
10
-0.297005748031496
20
2.616492125984252
11
-0.294533937007874
21
2.6257169685039368
0
LINE
8
BLACK
6
CONTINUOUS
10
-0.294533937007874
20
2.6257169685039368
11
-0.2932874015748032
21
2.6351855118110237
0
LINE
8
BLACK
6
CONTINUOUS
10
-0.2932874015748032
20
2.6351855118110237
11
-0.2932874015748032
21
2.6447357480314961
0
LINE
8
BLACK
6
CONTINUOUS
10
-0.2932874015748032
20
2.6447357480314961
11
-0.294533937007874
21
2.6542042913385826
0
LINE
8
BLACK
6
CONTINUOUS
10
-0.294533937007874
20
2.6542042913385826
11
-0.297005748031496
21
2.6634291338582678
0
LINE
8
BLACK
6
CONTINUOUS
10
-0.297005748031496
20
2.6634291338582678
11
-0.3006604724409448
21
2.6722524409448818
0
LINE
8
BLACK
6
CONTINUOUS
10
-0.3006604724409448
20
2.6722524409448818
11
-0.3054355905511811
21
2.6805231889763781
0
LINE
8
BLACK
6
CONTINUOUS
10
-0.3054355905511811
20
2.6805231889763781
11
-0.3112494094488189
21
2.6880999212598424
0
LINE
8
BLACK
6
CONTINUOUS
10
-0.3112494094488189
20
2.6880999212598424
11
-0.3112496062992126
21
2.6881001574803149
0
LINE
8
BLACK
6
CONTINUOUS
10
-0.3112496062992126
20
2.6881001574803149
11
-0.3180022440944882
21
2.6948527952755903
0
LINE
8
BLACK
6
CONTINUOUS
10
-0.3180022440944882
20
2.6948527952755903
11
-0.3180025196850393
21
2.6948530314960628
0
LINE
8
BLACK
6
CONTINUOUS
10
-0.3180025196850393
20
2.6948530314960628
11
-0.3255790157480315
21
2.700666653543307
0
LINE
8
BLACK
6
CONTINUOUS
10
-0.3255790157480315
20
2.700666653543307
11
-0.3255790551181102
21
2.7006666929133858
0
LINE
8
BLACK
6
CONTINUOUS
10
-0.3255790551181102
20
2.7006666929133858
11
-0.3255791732283465
21
2.7006667716535433
0
LINE
8
BLACK
6
CONTINUOUS
10
-0.3255791732283465
20
2.7006667716535433
11
-0.3338499212598425
21
2.7054418897637795
0
LINE
8
BLACK
6
CONTINUOUS
10
-0.3338499212598425
20
2.7054418897637795
11
-0.3359238582677165
21
2.7063009448818898
0
LINE
8
BLACK
6
CONTINUOUS
10
-0.3359238582677165
20
2.7063009448818898
11
-0.3426730708661417
21
2.7090965748031497
0
LINE
8
BLACK
6
CONTINUOUS
10
-0.3426730708661417
20
2.7090965748031497
11
-0.3518982283464567
21
2.7115684645669291
0
LINE
8
BLACK
6
CONTINUOUS
10
-0.3518982283464567
20
2.7115684645669291
11
-0.3613665748031496
21
2.7128149606299212
0
LINE
8
BLACK
6
CONTINUOUS
10
-0.3613665748031496
20
2.7128149606299212
11
-0.3613666141732284
21
2.7128149606299212
0
LINE
8
BLACK
6
CONTINUOUS
10
-0.3613666141732284
20
2.7128149606299212
11
-0.3709168503937008
21
2.7128149606299212
0
LINE
8
BLACK
6
CONTINUOUS
10
-0.3709168503937008
20
2.7128149606299212
11
-0.3709168897637795
21
2.7128149606299212
0
LINE
8
BLACK
6
CONTINUOUS
10
-0.3709168897637795
20
2.7128149606299212
11
-0.3803852755905512
21
2.7115684645669291
0
LINE
8
BLACK
6
CONTINUOUS
10
-0.3803852755905512
20
2.7115684645669291
11
-0.3896104330708661
21
2.7090965748031497
0
LINE
8
BLACK
6
CONTINUOUS
10
-0.3896104330708661
20
2.7090965748031497
11
-0.3984333070866142
21
2.7054420078740158
0
LINE
8
BLACK
6
CONTINUOUS
10
-0.3984333070866142
20
2.7054420078740158
11
-0.3984336614173228
21
2.7054418503937008
0
LINE
8
BLACK
6
CONTINUOUS
10
-0.3984336614173228
20
2.7054418503937008
11
-0.4067044881889764
21
2.700666653543307
0
LINE
8
BLACK
6
CONTINUOUS
10
-0.4067044881889764
20
2.700666653543307
11
-0.4142809842519685
21
2.6948530314960628
0
LINE
8
BLACK
6
CONTINUOUS
10
-0.4142809842519685
20
2.6948530314960628
11
-0.4142812598425197
21
2.6948527952755903
0
LINE
8
BLACK
6
CONTINUOUS
10
-0.4142812598425197
20
2.6948527952755903
11
-0.4210338976377953
21
2.6881001574803149
0
LINE
8
BLACK
6
CONTINUOUS
10
-0.4210338976377953
20
2.6881001574803149
11
-0.4210341338582677
21
2.6880998818897637
0
LINE
8
BLACK
6
CONTINUOUS
10
-0.4210341338582677
20
2.6880998818897637
11
-0.4268477559055118
21
2.6805233858267714
0
LINE
8
BLACK
6
CONTINUOUS
10
-0.4268477559055118
20
2.6805233858267714
11
-0.4316229527559055
21
2.672252559055118
0
LINE
8
BLACK
6
CONTINUOUS
10
-0.4316229527559055
20
2.672252559055118
11
-0.4316231102362205
21
2.6722522047244093
0
LINE
8
BLACK
6
CONTINUOUS
10
-0.4316231102362205
20
2.6722522047244093
11
-0.4352776771653543
21
2.6634293307086612
0
LINE
8
BLACK
6
CONTINUOUS
10
-0.4352776771653543
20
2.6634293307086612
11
-0.4377495669291339
21
2.6542041732283463
0
LINE
8
BLACK
6
CONTINUOUS
10
-0.4377495669291339
20
2.6542041732283463
11
-0.438996062992126
21
2.6447357874015749
0
LINE
8
BLACK
6
CONTINUOUS
10
-0.438996062992126
20
2.6447357874015749
11
-0.438996062992126
21
2.6447357480314961
0
LINE
8
BLACK
6
CONTINUOUS
10
-0.4492322834645669
20
3.2839668897637795
11
-0.4482501574803149
21
3.276507283464567
0
LINE
8
BLACK
6
CONTINUOUS
10
-0.4482501574803149
20
3.276507283464567
11
-0.4480530708661417
21
3.27501031496063
0
LINE
8
BLACK
6
CONTINUOUS
10
-0.4480530708661417
20
3.27501031496063
11
-0.448053031496063
21
3.2750102362204725
0
LINE
8
BLACK
6
CONTINUOUS
10
-0.448053031496063
20
3.2750102362204725
11
-0.4457148818897638
21
3.2662839763779528
0
LINE
8
BLACK
6
CONTINUOUS
10
-0.4457148818897638
20
3.2662839763779528
11
-0.442257874015748
21
3.2579379527559054
0
LINE
8
BLACK
6
CONTINUOUS
10
-0.442257874015748
20
3.2579379527559054
11
-0.4422575984251969
21
3.2579374015748033
0
LINE
8
BLACK
6
CONTINUOUS
10
-0.4422575984251969
20
3.2579374015748033
11
-0.4377404724409449
21
3.2501135039370079
0
LINE
8
BLACK
6
CONTINUOUS
10
-0.4377404724409449
20
3.2501135039370079
11
-0.432240905511811
21
3.2429464173228344
0
LINE
8
BLACK
6
CONTINUOUS
10
-0.432240905511811
20
3.2429464173228344
11
-0.4322405905511811
21
3.2429460629921261
0
LINE
8
BLACK
6
CONTINUOUS
10
-0.4322405905511811
20
3.2429460629921261
11
-0.4258531496062992
21
3.236558622047244
0
LINE
8
BLACK
6
CONTINUOUS
10
-0.4258531496062992
20
3.236558622047244
11
-0.4258528346456693
21
3.2365583464566927
0
LINE
8
BLACK
6
CONTINUOUS
10
-0.4258528346456693
20
3.2365583464566927
11
-0.4186857480314961
21
3.2310587795275589
0
LINE
8
BLACK
6
CONTINUOUS
10
-0.4186857480314961
20
3.2310587795275589
11
-0.4186856299212598
21
3.2310587401574802
0
LINE
8
BLACK
6
CONTINUOUS
10
-0.4186856299212598
20
3.2310587401574802
11
-0.4186855118110236
21
3.2310586220472439
0
LINE
8
BLACK
6
CONTINUOUS
10
-0.4186855118110236
20
3.2310586220472439
11
-0.4108617322834646
21
3.2265415748031496
0
LINE
8
BLACK
6
CONTINUOUS
10
-0.4108617322834646
20
3.2265415748031496
11
-0.4108615354330709
21
3.2265414960629921
0
LINE
8
BLACK
6
CONTINUOUS
10
-0.4108615354330709
20
3.2265414960629921
11
-0.4108612992125984
21
3.2265413779527559
0
LINE
8
BLACK
6
CONTINUOUS
10
-0.4108612992125984
20
3.2265413779527559
11
-0.4072645669291339
21
3.2250515748031496
0
LINE
8
BLACK
6
CONTINUOUS
10
-0.4072645669291339
20
3.2250515748031496
11
-0.4025152362204724
21
3.2230843307086614
0
LINE
8
BLACK
6
CONTINUOUS
10
-0.4025152362204724
20
3.2230843307086614
11
-0.3937888976377953
21
3.2207461417322834
0
LINE
8
BLACK
6
CONTINUOUS
10
-0.3937888976377953
20
3.2207461417322834
11
-0.3848320472440945
21
3.2195669291338582
0
LINE
8
BLACK
6
CONTINUOUS
10
-0.3848320472440945
20
3.2195669291338582
11
-0.3848317716535433
21
3.2195669291338582
0
LINE
8
BLACK
6
CONTINUOUS
10
-0.3848317716535433
20
3.2195669291338582
11
-0.3757981496062992
21
3.2195669291338582
0
LINE
8
BLACK
6
CONTINUOUS
10
-0.3757981496062992
20
3.2195669291338582
11
-0.375797874015748
21
3.2195669291338582
0
LINE
8
BLACK
6
CONTINUOUS
10
-0.375797874015748
20
3.2195669291338582
11
-0.3668410236220472
21
3.2207461417322834
0
LINE
8
BLACK
6
CONTINUOUS
10
-0.3668410236220472
20
3.2207461417322834
11
-0.3581146850393701
21
3.2230843307086614
0
LINE
8
BLACK
6
CONTINUOUS
10
-0.3581146850393701
20
3.2230843307086614
11
-0.349768188976378
21
3.2265415748031496
0
LINE
8
BLACK
6
CONTINUOUS
10
-0.349768188976378
20
3.2265415748031496
11
-0.3419444094488189
21
3.2310586220472439
0
LINE
8
BLACK
6
CONTINUOUS
10
-0.3419444094488189
20
3.2310586220472439
11
-0.334777125984252
21
3.236558307086614
0
LINE
8
BLACK
6
CONTINUOUS
10
-0.334777125984252
20
3.236558307086614
11
-0.334776968503937
21
3.2365585039370077
0
LINE
8
BLACK
6
CONTINUOUS
10
-0.334776968503937
20
3.2365585039370077
11
-0.3347767716535433
21
3.236558622047244
0
LINE
8
BLACK
6
CONTINUOUS
10
-0.3347767716535433
20
3.236558622047244
11
-0.3283893307086614
21
3.2429460629921261
0
LINE
8
BLACK
6
CONTINUOUS
10
-0.3283893307086614
20
3.2429460629921261
11
-0.3283892125984252
21
3.2429462598425198
0
LINE
8
BLACK
6
CONTINUOUS
10
-0.3283892125984252
20
3.2429462598425198
11
-0.3283890157480315
21
3.2429464173228344
0
LINE
8
BLACK
6
CONTINUOUS
10
-0.3283890157480315
20
3.2429464173228344
11
-0.3228893307086614
21
3.2501137007874017
0
LINE
8
BLACK
6
CONTINUOUS
10
-0.3228893307086614
20
3.2501137007874017
11
-0.3183722834645669
21
3.2579374803149608
0
LINE
8
BLACK
6
CONTINUOUS
10
-0.3183722834645669
20
3.2579374803149608
11
-0.3149150393700788
21
3.2662839763779528
0
LINE
8
BLACK
6
CONTINUOUS
10
-0.3149150393700788
20
3.2662839763779528
11
-0.3125768503937008
21
3.27501031496063
0
LINE
8
BLACK
6
CONTINUOUS
10
-0.3125768503937008
20
3.27501031496063
11
-0.3113976377952756
21
3.2839671653543308
0
LINE
8
BLACK
6
CONTINUOUS
10
-0.3113976377952756
20
3.2839671653543308
11
-0.3113976377952756
21
3.2930013385826773
0
LINE
8
BLACK
6
CONTINUOUS
10
-0.3113976377952756
20
3.2930013385826773
11
-0.3125768503937008
21
3.3019581889763781
0
LINE
8
BLACK
6
CONTINUOUS
10
-0.3125768503937008
20
3.3019581889763781
11
-0.3149150393700788
21
3.3106845275590548
0
LINE
8
BLACK
6
CONTINUOUS
10
-0.3149150393700788
20
3.3106845275590548
11
-0.3183722834645669
21
3.3190310236220473
0
LINE
8
BLACK
6
CONTINUOUS
10
-0.3183722834645669
20
3.3190310236220473
11
-0.3228893307086614
21
3.3268548031496064
0
LINE
8
BLACK
6
CONTINUOUS
10
-0.3228893307086614
20
3.3268548031496064
11
-0.3228894488188976
21
3.3268549212598426
0
LINE
8
BLACK
6
CONTINUOUS
10
-0.3228894488188976
20
3.3268549212598426
11
-0.3228894881889764
21
3.3268550393700789
0
LINE
8
BLACK
6
CONTINUOUS
10
-0.3228894881889764
20
3.3268550393700789
11
-0.3283890551181102
21
3.334022125984252
0
LINE
8
BLACK
6
CONTINUOUS
10
-0.3283890551181102
20
3.334022125984252
11
-0.3283893307086614
21
3.334022440944882
0
LINE
8
BLACK
6
CONTINUOUS
10
-0.3283893307086614
20
3.334022440944882
11
-0.3347767716535433
21
3.3404098818897636
0
LINE
8
BLACK
6
CONTINUOUS
10
-0.3347767716535433
20
3.3404098818897636
11
-0.334777125984252
21
3.3404101968503936
0
LINE
8
BLACK
6
CONTINUOUS
10
-0.334777125984252
20
3.3404101968503936
11
-0.3419442125984252
21
3.3459097637795274
0
LINE
8
BLACK
6
CONTINUOUS
10
-0.3419442125984252
20
3.3459097637795274
11
-0.3497681102362205
21
3.3504268897637797
0
LINE
8
BLACK
6
CONTINUOUS
10
-0.3497681102362205
20
3.3504268897637797
11
-0.3497686614173228
21
3.3504271653543305
0
LINE
8
BLACK
6
CONTINUOUS
10
-0.3497686614173228
20
3.3504271653543305
11
-0.3581146850393701
21
3.3538841732283462
0
LINE
8
BLACK
6
CONTINUOUS
10
-0.3581146850393701
20
3.3538841732283462
11
-0.3668410236220472
21
3.3562223622047243
0
LINE
8
BLACK
6
CONTINUOUS
10
-0.3668410236220472
20
3.3562223622047243
11
-0.3683379921259842
21
3.3564194488188974
0
LINE
8
BLACK
6
CONTINUOUS
10
-0.3683379921259842
20
3.3564194488188974
11
-0.3757975984251968
21
3.3574015748031494
0
LINE
8
BLACK
6
CONTINUOUS
10
-0.3757975984251968
20
3.3574015748031494
11
-0.375797874015748
21
3.3574015748031494
0
LINE
8
BLACK
6
CONTINUOUS
10
-0.375797874015748
20
3.3574015748031494
11
-0.3848320472440945
21
3.3574015748031494
0
LINE
8
BLACK
6
CONTINUOUS
10
-0.3848320472440945
20
3.3574015748031494
11
-0.3848323622047244
21
3.3574015748031494
0
LINE
8
BLACK
6
CONTINUOUS
10
-0.3848323622047244
20
3.3574015748031494
11
-0.3933576771653543
21
3.3562791732283466
0
LINE
8
BLACK
6
CONTINUOUS
10
-0.3933576771653543
20
3.3562791732283466
11
-0.3937888976377953
21
3.3562223622047243
0
LINE
8
BLACK
6
CONTINUOUS
10
-0.3937888976377953
20
3.3562223622047243
11
-0.3974773228346457
21
3.3552340944881891
0
LINE
8
BLACK
6
CONTINUOUS
10
-0.3974773228346457
20
3.3552340944881891
11
-0.4025152755905512
21
3.3538841732283462
0
LINE
8
BLACK
6
CONTINUOUS
10
-0.4025152755905512
20
3.3538841732283462
11
-0.4108612992125984
21
3.3504271653543305
0
LINE
8
BLACK
6
CONTINUOUS
10
-0.4108612992125984
20
3.3504271653543305
11
-0.4108618503937008
21
3.3504268897637797
0
LINE
8
BLACK
6
CONTINUOUS
10
-0.4108618503937008
20
3.3504268897637797
11
-0.4186857480314961
21
3.3459097637795274
0
LINE
8
BLACK
6
CONTINUOUS
10
-0.4186857480314961
20
3.3459097637795274
11
-0.4258528346456693
21
3.3404101968503936
0
LINE
8
BLACK
6
CONTINUOUS
10
-0.4258528346456693
20
3.3404101968503936
11
-0.432240905511811
21
3.334022125984252
0
LINE
8
BLACK
6
CONTINUOUS
10
-0.432240905511811
20
3.334022125984252
11
-0.4377404724409449
21
3.3268550393700789
0
LINE
8
BLACK
6
CONTINUOUS
10
-0.4377404724409449
20
3.3268550393700789
11
-0.4422575984251969
21
3.3190311417322835
0
LINE
8
BLACK
6
CONTINUOUS
10
-0.4422575984251969
20
3.3190311417322835
11
-0.442257874015748
21
3.319030590551181
0
LINE
8
BLACK
6
CONTINUOUS
10
-0.442257874015748
20
3.319030590551181
11
-0.4457148818897638
21
3.3106845669291336
0
LINE
8
BLACK
6
CONTINUOUS
10
-0.4457148818897638
20
3.3106845669291336
11
-0.448053031496063
21
3.3019583070866143
0
LINE
8
BLACK
6
CONTINUOUS
10
-0.448053031496063
20
3.3019583070866143
11
-0.4480531102362205
21
3.301957874015748
0
LINE
8
BLACK
6
CONTINUOUS
10
-0.4480531102362205
20
3.301957874015748
11
-0.4492322834645669
21
3.2930016535433069
0
LINE
8
BLACK
6
CONTINUOUS
10
-0.4492322834645669
20
3.2930016535433069
11
-0.4492322834645669
21
3.2839668897637795
0
CIRCLE
8
BLACK
10
-0.3803149606299213
20
3.2884842519685038
40
0.0068897637795276
0
CIRCLE
8
BLACK
10
-0.3661417322834646
20
0.7419291338582678
40
0.0068897637795276
0
CIRCLE
8
BLACK
10
-0.3661417322834646
20
2.6399606299212599
40
0.0068897637795276
0
CIRCLE
8
BLACK
10
-0.1692913385826772
20
1.5151574803149606
40
0.0068897637795276
0
CIRCLE
8
BLACK
10
-0.1692913385826772
20
1.5938976377952756
40
0.0068897637795276
0
CIRCLE
8
BLACK
10
-0.1692913385826772
20
1.6726377952755904
40
0.0068897637795276
0
CIRCLE
8
BLACK
10
-0.1692913385826772
20
1.7513779527559055
40
0.0068897637795276
0
CIRCLE
8
BLACK
10
-0.1692913385826772
20
1.8301181102362205
40
0.0068897637795276
0
CIRCLE
8
BLACK
10
-0.1692913385826772
20
1.9088582677165353
40
0.0068897637795276
0
CIRCLE
8
BLACK
10
-0.2480314960629921
20
1.5151574803149606
40
0.0068897637795276
0
CIRCLE
8
BLACK
10
-0.2480314960629921
20
1.5938976377952756
40
0.0068897637795276
0
CIRCLE
8
BLACK
10
-0.2480314960629921
20
1.6726377952755904
40
0.0068897637795276
0
CIRCLE
8
BLACK
10
-0.2480314960629921
20
1.7513779527559055
40
0.0068897637795276
0
CIRCLE
8
BLACK
10
-0.2480314960629921
20
1.8301181102362205
40
0.0068897637795276
0
CIRCLE
8
BLACK
10
-0.2480314960629921
20
1.9088582677165353
40
0.0068897637795276
0
CIRCLE
8
BLACK
10
-0.3267716535433071
20
1.5151574803149606
40
0.0068897637795276
0
CIRCLE
8
BLACK
10
-0.3267716535433071
20
1.5938976377952756
40
0.0068897637795276
0
CIRCLE
8
BLACK
10
-0.3267716535433071
20
1.6726377952755904
40
0.0068897637795276
0
CIRCLE
8
BLACK
10
-0.3267716535433071
20
1.7513779527559055
40
0.0068897637795276
0
CIRCLE
8
BLACK
10
-0.3267716535433071
20
1.8301181102362205
40
0.0068897637795276
0
CIRCLE
8
BLACK
10
-0.3267716535433071
20
1.9088582677165353
40
0.0068897637795276
0
CIRCLE
8
BLACK
10
-0.405511811023622
20
1.5151574803149606
40
0.0068897637795276
0
CIRCLE
8
BLACK
10
-0.405511811023622
20
1.5938976377952756
40
0.0068897637795276
0
CIRCLE
8
BLACK
10
-0.405511811023622
20
1.6726377952755904
40
0.0068897637795276
0
CIRCLE
8
BLACK
10
-0.405511811023622
20
1.7513779527559055
40
0.0068897637795276
0
CIRCLE
8
BLACK
10
-0.405511811023622
20
1.8301181102362205
40
0.0068897637795276
0
CIRCLE
8
BLACK
10
-0.405511811023622
20
1.9088582677165353
40
0.0068897637795276
0
CIRCLE
8
BLACK
10
-0.484251968503937
20
1.5151574803149606
40
0.0068897637795276
0
CIRCLE
8
BLACK
10
-0.484251968503937
20
1.5938976377952756
40
0.0068897637795276
0
CIRCLE
8
BLACK
10
-0.484251968503937
20
1.6726377952755904
40
0.0068897637795276
0
CIRCLE
8
BLACK
10
-0.484251968503937
20
1.7513779527559055
40
0.0068897637795276
0
CIRCLE
8
BLACK
10
-0.484251968503937
20
1.8301181102362205
40
0.0068897637795276
0
CIRCLE
8
BLACK
10
-0.484251968503937
20
1.9088582677165353
40
0.0068897637795276
0
CIRCLE
8
BLACK
10
-0.562992125984252
20
0.9584645669291338
40
0.0068897637795276
0
CIRCLE
8
BLACK
10
-0.4645669291338583
20
0.9584645669291338
40
0.0068897637795276
0
CIRCLE
8
BLACK
10
-0.3661417322834646
20
0.9584645669291338
40
0.0068897637795276
0
CIRCLE
8
BLACK
10
-0.2677165354330708
20
0.9584645669291338
40
0.0068897637795276
0
CIRCLE
8
BLACK
10
-0.1692913385826772
20
0.9584645669291338
40
0.0068897637795276
0
CIRCLE
8
BLACK
10
-0.562992125984252
20
1.0765748031496063
40
0.0068897637795276
0
CIRCLE
8
BLACK
10
-0.4645669291338583
20
1.0765748031496063
40
0.0068897637795276
0
CIRCLE
8
BLACK
10
-0.3661417322834646
20
1.0765748031496063
40
0.0068897637795276
0
CIRCLE
8
BLACK
10
-0.2677165354330708
20
1.0765748031496063
40
0.0068897637795276
0
CIRCLE
8
BLACK
10
-0.1692913385826772
20
1.0765748031496063
40
0.0068897637795276
0
CIRCLE
8
BLACK
10
-0.562992125984252
20
1.175
40
0.0068897637795276
0
CIRCLE
8
BLACK
10
-0.4645669291338583
20
1.175
40
0.0068897637795276
0
CIRCLE
8
BLACK
10
-0.3661417322834646
20
1.175
40
0.0068897637795276
0
CIRCLE
8
BLACK
10
-0.2677165354330708
20
1.175
40
0.0068897637795276
0
CIRCLE
8
BLACK
10
-0.1692913385826772
20
1.175
40
0.0068897637795276
0
CIRCLE
8
BLACK
10
-0.562992125984252
20
1.2931102362204725
40
0.0068897637795276
0
CIRCLE
8
BLACK
10
-0.4645669291338583
20
1.2931102362204725
40
0.0068897637795276
0
CIRCLE
8
BLACK
10
-0.3661417322834646
20
1.2931102362204725
40
0.0068897637795276
0
CIRCLE
8
BLACK
10
-0.2677165354330708
20
1.2931102362204725
40
0.0068897637795276
0
CIRCLE
8
BLACK
10
-0.1692913385826772
20
1.2931102362204725
40
0.0068897637795276
0
CIRCLE
8
BLACK
10
-0.562992125984252
20
2.0887795275590553
40
0.0068897637795276
0
CIRCLE
8
BLACK
10
-0.4645669291338583
20
2.0887795275590553
40
0.0068897637795276
0
CIRCLE
8
BLACK
10
-0.3661417322834646
20
2.0887795275590553
40
0.0068897637795276
0
CIRCLE
8
BLACK
10
-0.2677165354330708
20
2.0887795275590553
40
0.0068897637795276
0
CIRCLE
8
BLACK
10
-0.1692913385826772
20
2.0887795275590553
40
0.0068897637795276
0
CIRCLE
8
BLACK
10
-0.562992125984252
20
2.2068897637795275
40
0.0068897637795276
0
CIRCLE
8
BLACK
10
-0.4645669291338583
20
2.2068897637795275
40
0.0068897637795276
0
CIRCLE
8
BLACK
10
-0.3661417322834646
20
2.2068897637795275
40
0.0068897637795276
0
CIRCLE
8
BLACK
10
-0.2677165354330708
20
2.2068897637795275
40
0.0068897637795276
0
CIRCLE
8
BLACK
10
-0.1692913385826772
20
2.2068897637795275
40
0.0068897637795276
0
CIRCLE
8
BLACK
10
-0.562992125984252
20
2.305314960629921
40
0.0068897637795276
0
CIRCLE
8
BLACK
10
-0.4645669291338583
20
2.305314960629921
40
0.0068897637795276
0
CIRCLE
8
BLACK
10
-0.3661417322834646
20
2.305314960629921
40
0.0068897637795276
0
CIRCLE
8
BLACK
10
-0.2677165354330708
20
2.305314960629921
40
0.0068897637795276
0
CIRCLE
8
BLACK
10
-0.1692913385826772
20
2.305314960629921
40
0.0068897637795276
0
CIRCLE
8
BLACK
10
-0.562992125984252
20
2.4234251968503937
40
0.0068897637795276
0
CIRCLE
8
BLACK
10
-0.4645669291338583
20
2.4234251968503937
40
0.0068897637795276
0
CIRCLE
8
BLACK
10
-0.3661417322834646
20
2.4234251968503937
40
0.0068897637795276
0
CIRCLE
8
BLACK
10
-0.2677165354330708
20
2.4234251968503937
40
0.0068897637795276
0
CIRCLE
8
BLACK
10
-0.1692913385826772
20
2.4234251968503937
40
0.0068897637795276
0
CIRCLE
8
BLACK
10
-0.7803149606299212
20
2.8884842519685039
40
0.0068897637795276
0
CIRCLE
8
BLACK
10
-0.3803149606299213
20
0.0884842519685039
40
0.0068897637795276
0
CIRCLE
8
BLACK
10
-0.7803149606299212
20
0.4884842519685039
40
0.0068897637795276
0
CIRCLE
8
BLACK
10
-0.8803149606299212
20
2.390748031496063
40
0.0068897637795276
0
CIRCLE
8
BLACK
10
-0.7803149606299212
20
2.390748031496063
40
0.0068897637795276
0
CIRCLE
8
BLACK
10
-0.8803149606299212
20
2.2907480314960629
40
0.0068897637795276
0
CIRCLE
8
BLACK
10
-0.7803149606299212
20
2.2907480314960629
40
0.0068897637795276
0
CIRCLE
8
BLACK
10
-0.8803149606299212
20
2.1907480314960628
40
0.0068897637795276
0
CIRCLE
8
BLACK
10
-0.7803149606299212
20
2.1907480314960628
40
0.0068897637795276
0
CIRCLE
8
BLACK
10
-0.8803149606299212
20
2.0907480314960631
40
0.0068897637795276
0
CIRCLE
8
BLACK
10
-0.7803149606299212
20
2.0907480314960631
40
0.0068897637795276
0
CIRCLE
8
BLACK
10
-0.8803149606299212
20
1.9907480314960631
40
0.0068897637795276
0
CIRCLE
8
BLACK
10
-0.7803149606299212
20
1.9907480314960631
40
0.0068897637795276
0
CIRCLE
8
BLACK
10
-0.8803149606299212
20
1.890748031496063
40
0.0068897637795276
0
CIRCLE
8
BLACK
10
-0.7803149606299212
20
1.890748031496063
40
0.0068897637795276
0
CIRCLE
8
BLACK
10
-0.8803149606299212
20
1.7907480314960629
40
0.0068897637795276
0
CIRCLE
8
BLACK
10
-0.7803149606299212
20
1.7907480314960629
40
0.0068897637795276
0
CIRCLE
8
BLACK
10
-0.8803149606299212
20
1.690748031496063
40
0.0068897637795276
0
CIRCLE
8
BLACK
10
-0.7803149606299212
20
1.690748031496063
40
0.0068897637795276
0
CIRCLE
8
BLACK
10
-0.8803149606299212
20
1.5907480314960629
40
0.0068897637795276
0
CIRCLE
8
BLACK
10
-0.7803149606299212
20
1.5907480314960629
40
0.0068897637795276
0
CIRCLE
8
BLACK
10
-0.8803149606299212
20
1.4907480314960631
40
0.0068897637795276
0
CIRCLE
8
BLACK
10
-0.7803149606299212
20
1.4907480314960631
40
0.0068897637795276
0
CIRCLE
8
BLACK
10
-0.8803149606299212
20
1.390748031496063
40
0.0068897637795276
0
CIRCLE
8
BLACK
10
-0.7803149606299212
20
1.390748031496063
40
0.0068897637795276
0
CIRCLE
8
BLACK
10
-0.8803149606299212
20
1.2907480314960629
40
0.0068897637795276
0
CIRCLE
8
BLACK
10
-0.7803149606299212
20
1.2907480314960629
40
0.0068897637795276
0
CIRCLE
8
BLACK
10
-0.8803149606299212
20
1.190748031496063
40
0.0068897637795276
0
CIRCLE
8
BLACK
10
-0.7803149606299212
20
1.190748031496063
40
0.0068897637795276
0
CIRCLE
8
BLACK
10
-0.8803149606299212
20
1.0907480314960629
40
0.0068897637795276
0
CIRCLE
8
BLACK
10
-0.7803149606299212
20
1.0907480314960629
40
0.0068897637795276
0
CIRCLE
8
BLACK
10
-0.8803149606299212
20
0.9907480314960629
40
0.0068897637795276
0
CIRCLE
8
BLACK
10
-0.7803149606299212
20
0.9907480314960629
40
0.0068897637795276
0
CIRCLE
8
BLACK
10
-0.7263779527559054
20
2.5442913385826773
40
0.0078740157480315
0
CIRCLE
8
BLACK
10
-0.1934645669291339
20
0.464763779527559
40
0.0078740157480315
0
CIRCLE
8
BLACK
10
-0.7800787401574802
20
2.6832677165354331
40
0.0078740157480315
  0
ENDSEC
  0
EOF
